# Shape: [800, 20]
-6.4325980842e-02
-7.4293351173e-01
9.2109465599e-01
-1.6358234882e+00
-9.6521425247e-01
-4.9740046263e-01
-9.1218066216e-01
-5.2058219910e-01
2.2995827720e-02
-5.2430915833e-01
-1.4866002798e+00
-1.4134390354e+00
-1.1791303754e-01
-2.0630664825e+00
-2.5892376900e+00
-9.4656437635e-01
-1.7620289326e+00
-2.0519685745e-01
1.6009256840e+00
-5.8722215891e-01
2.4020783603e-02
-4.0129289031e-01
-1.3029892743e-01
-3.4398013353e-01
-4.6857789159e-01
-3.3007841110e+00
-3.1019744277e-01
2.5143155456e-01
1.6690914333e-01
-3.9359781146e-01
-1.8609727919e-01
8.4825921059e-01
1.0382490605e-01
-2.3410996795e-01
-2.6392717361e+00
-1.5007801354e-01
-8.4203624725e-01
8.3439147472e-01
2.5035314560e+00
-3.0586242676e-01
-2.6666882634e-01
-1.1958154440e+00
1.3221678138e-01
1.0153092146e+00
-4.3278113008e-01
2.5505936146e-01
8.8791477680e-01
-1.6185247898e+00
8.5365837812e-01
8.7848879397e-02
3.4794887900e-01
1.8049293756e-01
-1.9750180244e+00
-1.4083391428e+00
-3.1367170159e-03
-3.1027629972e-01
5.6527119875e-01
-1.1916351318e-01
-2.6921281815e+00
-5.5706924200e-01
-2.7924719453e-01
-5.1086020470e-01
1.0905165225e-01
1.3559404612e+00
2.0358641446e-01
2.8705510497e-01
1.4568519592e+00
-1.0048074722e+00
7.3979139328e-01
4.8893932253e-02
2.7204683423e-01
-1.4629516602e+00
-1.8699282408e+00
-2.2163054943e+00
1.9184453785e-01
8.9198388159e-02
5.5317568779e-01
2.3877610266e-01
-1.9736708403e+00
-7.3508596420e-01
-2.7843654156e-01
-1.6151320934e-01
2.9190117121e-01
1.3603837490e+00
2.9480472207e-01
4.4982445240e-01
8.3359527588e-01
-4.6328079700e-01
4.1133031249e-01
5.9497848153e-02
-3.0073942617e-02
-9.7256243229e-01
-2.1257786751e+00
-2.0753166080e-01
6.2944501638e-02
-2.8400900960e-01
1.8312405050e-01
-1.2034341097e+00
-2.0689105988e+00
-8.0497866869e-01
9.4906136394e-02
-2.5705966353e-01
-2.5794243813e-01
4.5752650499e-01
-2.3514436185e-01
-8.3504182100e-01
-2.5694212317e-01
-1.4810364246e+00
3.2946252823e-01
-4.5426541567e-01
9.9811166525e-01
-2.9572591186e-01
1.8496109545e-01
-2.5488758087e+00
-2.9645237327e-01
2.5112871081e-02
-1.3718959093e+00
5.6689429283e-01
3.3541467786e-01
2.1499946713e-01
-4.8930156231e-01
3.2219678164e-01
-3.2671725750e-01
4.0741911530e-01
1.8680995703e-01
-2.3515675962e-01
1.0648841858e+00
-2.7371868491e-01
2.3060923815e-01
3.4921565652e-01
-5.1716428995e-01
-1.3217344880e-01
1.2076520920e-01
-1.8369209766e+00
-5.3830462694e-01
-6.0121867806e-02
-1.4282855988e+00
1.0013488680e-01
1.3290429115e+00
-1.7502509058e-01
-3.8028785586e-01
-4.7203677893e-01
-7.9403525591e-01
-1.7989757061e+00
-1.9254305363e+00
-1.2482806444e+00
-6.2192177773e-01
1.9314007461e-01
-4.6449047327e-01
-5.8317911625e-01
4.9298095703e-01
-8.4620791674e-01
-1.9895015657e-01
-1.1829093695e+00
-3.6662420630e-01
-9.9147671461e-01
-1.2546008825e+00
-5.6447589397e-01
9.0914672613e-01
-1.4842355251e+00
-3.5565204918e-02
-1.4409903288e+00
-1.7913814783e+00
9.1215384007e-01
-1.9168090820e+00
-2.8565788269e-01
-7.7204161882e-01
-7.0639365911e-01
1.5135063231e-01
-1.2089102268e+00
1.1973037720e+00
3.8419348001e-01
-5.8151322603e-01
-1.5420917273e+00
1.5405538678e-01
-4.2711928487e-01
-1.1060856581e+00
2.6177504659e-01
5.9022003412e-01
3.7607997656e-01
-2.9717397690e-01
-1.3153479099e+00
-1.4483525753e+00
1.7385536432e+00
-1.3412412405e+00
-1.1329909563e+00
9.0140944719e-01
-1.5660693645e+00
1.7458441854e-01
4.4795356691e-02
5.8430337906e-01
8.0066847801e-01
-3.1963241100e-01
-4.6730208397e-01
1.0974530131e-02
-1.9148709774e+00
-1.6253390908e-01
-1.4451082945e+00
-1.4320769310e+00
2.7892628312e-01
-4.8846033216e-01
1.4972007275e-01
2.7927640826e-02
4.0995833278e-01
8.8253043592e-02
-4.4968152046e-01
3.3600923419e-01
-6.1534935236e-01
-2.8989967704e-01
-1.8611629307e-01
3.7482520938e-01
1.7915485799e-01
1.4461132884e-01
-1.0129179955e+00
-4.0215703845e-01
4.4600373507e-01
-3.7387597561e-01
-3.1584918499e-01
-1.9941969216e-01
5.1050448418e-01
1.1876800098e-02
-6.5813821554e-01
-1.0430306196e+00
1.4563465118e-01
1.0255654901e-01
5.4926264286e-01
8.5476957262e-02
-4.7582387924e+00
5.3951269388e-01
-1.5143072605e+00
4.2995822430e-01
-3.8410899043e-01
-1.2301734090e-01
-6.7988634109e-01
2.9760513455e-02
-1.6219426394e+00
1.7871358991e-01
6.1594871804e-03
-1.1675581932e+00
5.0499778986e-01
-9.9239520729e-02
-7.6875007153e-01
1.9687394798e-01
3.9055716991e-01
6.5032899380e-01
-6.3242815435e-02
-7.8105157614e-01
6.3427078724e-01
-1.0982783884e-01
2.4460288882e-01
-1.2261270285e+00
-9.2451855540e-02
4.6232929826e-01
1.6914872825e-01
-2.0988555253e-01
-1.5560865402e+00
3.7716066837e-01
-8.5719674826e-01
-1.7639501393e-01
-4.5136432648e+00
-3.5729494691e-01
5.1232111454e-01
3.7696834654e-02
8.7452328205e-01
6.9055801630e-01
-1.0644721985e-01
-6.3450837135e-01
4.8326653242e-01
-1.5162320435e-01
-1.3990103006e+00
-2.2795650959e+00
4.8720878363e-01
4.5415997505e-01
1.3053843379e-01
-4.2137032747e-01
-4.4758996367e-01
6.0152035952e-01
-7.1845096350e-01
5.4384171963e-01
-5.1591587067e-01
-3.0703830719e-01
3.5205599666e-01
-7.2440457344e-01
9.3725544214e-01
-1.8808983266e-01
-1.7838695645e-01
-1.6885951161e-01
-1.2611829042e+00
6.5176373720e-01
-5.2507072687e-01
1.1871349812e+00
-3.4438691139e+00
-3.1875131130e+00
-2.5767865777e-01
-1.5331003070e-01
4.8819917440e-01
5.7984346151e-01
1.9514511824e+00
-8.8502788544e-01
-3.5481175780e-01
-1.0832642317e+00
-1.4797541499e-01
-5.8842077851e-02
6.4021855593e-01
1.2668819427e+00
2.8606820107e-01
8.2493430376e-01
-2.2451427579e-01
3.5683915019e-01
1.3990470767e-01
2.3328687996e-02
-6.7941540480e-01
3.5195779800e-01
1.3876771927e-01
3.9976054430e-01
5.0367993116e-01
-7.6481026411e-01
1.0642528534e-01
3.8791641593e-01
-3.7184828520e-01
1.5166519582e-01
-6.7348855734e-01
-5.5959790945e-01
8.9409607649e-01
7.9189068079e-01
-2.8809243441e-01
4.8070073128e-01
-1.5495471954e+00
2.2086228430e-01
-5.6201255322e-01
6.2560576200e-01
-2.3355375230e-01
-2.8747007847e+00
-2.9299819469e+00
-4.1603028774e-01
4.0558984876e-01
1.4937520027e-01
3.6240905523e-01
5.4115706682e-01
-2.9835161567e-01
-6.9055366516e-01
-3.8374631405e+00
6.0477614403e-01
5.0993251801e-01
4.0358814597e-01
4.2246419191e-01
1.0527770221e-01
6.3847422600e-01
-5.5253487825e-01
2.6415613294e-01
-2.3734545708e+00
-9.8720777035e-01
3.3342814445e-01
6.3418823481e-01
-5.2796077728e-01
-1.8625887632e+00
1.5374116600e-01
-1.1345178634e-01
7.5766557455e-01
-1.8402613401e+00
2.2880227771e-03
8.2908071578e-02
-5.3278321028e-01
-8.9228069782e-01
2.3781202734e-02
-1.0188050568e-01
1.7975592613e-01
6.8379126489e-02
1.0604318976e-01
-1.5629419088e+00
2.7029264718e-02
-2.8019893169e-01
2.3339043558e-01
-6.6864907742e-01
9.0787373483e-03
-2.1818707883e-01
-6.7100721598e-01
4.9252370000e-01
8.2551306486e-01
1.8938926980e-02
-7.3603498936e-01
-2.7680358291e-01
1.1241370812e-02
6.7253345251e-01
6.1323291063e-01
-9.3977820873e-01
6.0043311119e-01
-1.2528190017e-01
-6.6333174706e-02
-4.1921380162e-01
6.6828452051e-02
7.4396617711e-02
3.3137279749e-01
-1.4524276555e-01
-3.6426994205e-01
3.6162015796e-01
-8.8043141365e-01
4.6772536635e-01
-2.8179471847e-03
-2.9306489229e-01
-6.0625958443e-01
-3.4012882710e+00
-4.9490854144e-01
1.2110148668e+00
7.6168864965e-01
3.2515812665e-02
1.0301696062e+00
1.8252396584e-01
-2.4854035676e-01
-1.2677602470e-01
-1.1777220964e+00
1.6370770335e-01
6.5206778049e-01
6.1325299740e-01
-2.1778471470e+00
-2.2953214645e+00
1.6931857169e-01
6.1160214245e-02
-1.3115422428e-01
1.2891317904e-01
-2.2770337760e-01
-9.8146703094e-03
4.5367300510e-01
6.9149494171e-01
5.2268743515e-01
-3.9843171835e-02
-7.9556131363e-01
-7.5007505715e-02
4.8652097583e-01
4.8100444674e-01
-1.2521547079e+00
-1.2043923140e+00
-3.8769817352e-01
-1.4280114174e+00
-2.9888650775e-01
3.1677687168e-01
4.4518834352e-01
-2.7534730434e+00
1.0420373678e+00
-3.7790038586e+00
-1.0549726337e-01
-9.2054486275e-01
-3.3022195101e-01
8.5141277313e-01
3.4209614992e-01
-1.0184869915e-01
6.4790272713e-01
-1.5232703090e-01
6.5958470106e-01
-2.9347622395e-01
6.0887515545e-02
-2.2795695066e-01
-8.9718252420e-02
-2.1631340683e-01
2.6073854417e-02
-1.1720097065e+00
5.5424195528e-01
-2.4451925755e+00
-2.6574036106e-02
-1.7871037126e-01
-1.1482059956e+00
-1.4219218493e+00
8.7878394127e-01
9.0257865191e-01
7.5127208233e-01
2.5395363569e-01
-6.8107336760e-01
6.0344797373e-01
-3.1582784653e+00
-5.7932745665e-02
-1.0425652266e+00
-1.0875312090e+00
7.2842234373e-01
8.9026015997e-01
-4.6122364998e+00
-2.5349739939e-02
2.6748406887e-01
5.6236851215e-01
-4.7363644838e-01
-2.0393517017e+00
-1.9987902641e+00
-8.4403127432e-01
7.8974765539e-01
7.0354342461e-01
1.0665838718e+00
-7.4496328831e-01
-5.1246249676e-01
7.2399222851e-01
-2.7266466618e+00
1.0004512221e-01
-4.4577825069e-01
-9.3816846609e-01
8.2947051525e-01
1.2492080927e+00
-3.2265524864e+00
5.6420874596e-01
3.0922639370e-01
8.2741332054e-01
5.9579658508e-01
-2.7902848721e+00
-1.2507089972e-01
-1.0693664551e+00
7.8495609760e-01
-1.1680436134e+00
-4.5754127204e-02
-7.5285154581e-01
-6.1772651970e-03
-5.6278425455e-01
-1.0328792334e+00
5.7800970972e-02
1.0519063473e+00
2.9077810049e-01
1.8612504005e-01
8.6099815369e-01
1.6489577293e-01
2.4992245436e-01
-7.7827417850e-01
8.6084491014e-01
1.5964958072e-01
-1.6573756933e-01
-1.7161488533e-01
4.8812651075e-03
-1.1948853731e-01
-1.9571158290e-01
-4.2661371827e-01
1.3023234904e-01
-3.0074319243e-01
-7.2822010517e-01
-1.0378195047e+00
1.6901028156e-01
-3.0202063918e-01
8.8761329651e-02
2.3375463486e-01
2.7496802807e-01
2.8853285313e-01
4.1472178698e-01
-1.0045642965e-02
4.5268312097e-01
-3.1932044774e-02
-2.6936426759e-01
-2.5163030624e-01
-1.6505163908e-01
-1.3716930524e-02
-1.5150808096e+00
8.8322919607e-01
-1.2120970488e+00
-5.3359601647e-02
-3.8910415769e-01
1.1902365834e-01
6.7498490214e-02
-1.6025140882e-01
1.5131244063e-01
1.5016865730e-01
1.0830783844e+00
4.9801948667e-01
3.1119474769e-01
-1.6516818106e-01
4.5335584879e-01
5.8508813381e-03
3.8111686707e-02
-3.6409571767e-01
6.5972858667e-01
6.5788370371e-01
3.1226870418e-01
8.0843257904e-01
-5.7784801722e-01
5.0328552723e-01
2.8872966766e-01
-1.0304360390e+00
-1.4677215815e+00
-1.6805343628e+00
6.5256960690e-02
4.3627569079e-01
1.1532520056e+00
-2.1309025288e+00
-4.8455634117e+00
1.5847662091e-01
-6.9443213940e-01
2.0979161561e-01
4.6844470501e-01
-2.4458711147e+00
7.8007543087e-01
4.1386699677e-01
-1.9236541986e+00
2.0704030991e-01
-2.2052717209e-01
-1.5138607025e+00
6.5967404842e-01
-2.5775161386e-01
2.3612321913e-01
-1.8770673275e+00
-2.0709679127e+00
6.8581640720e-01
5.2259129286e-01
2.3267273605e-01
9.1527175903e-01
3.4675031900e-01
9.3465876579e-01
5.9379305691e-02
-1.2099881172e+00
-2.5435004234e+00
4.2673069239e-01
1.3992151618e-01
-7.9269832373e-01
1.9163808823e+00
-1.5481386185e+00
-6.4324122667e-01
3.0497038364e-01
-1.6545385122e+00
-1.0967367887e+00
-3.5089545250e+00
-2.0984508991e+00
3.3007583022e-01
1.4544100761e+00
9.4408267736e-01
6.7137050629e-01
3.1382553279e-02
2.6979985833e-01
1.2245664597e+00
-2.5993411541e+00
-2.9621064663e+00
8.6886209249e-01
5.0578993559e-01
-1.8190293312e+00
5.5724769831e-01
-4.9510720372e-01
-1.0765205622e+00
4.5077764988e-01
-1.7280735970e+00
3.8976350427e-01
-4.0251746178e+00
-2.4659476280e+00
8.4576475620e-01
4.3537726998e-01
1.5059403181e+00
8.3013308048e-01
1.2192267925e-01
7.2067141533e-01
-1.3644954562e-01
-1.4540320635e+00
-1.2231037766e-01
1.4613275230e-01
-1.8714816868e-01
6.9282311201e-01
1.0553380847e-01
2.4645829201e-01
1.8293347955e-01
-4.0223601460e-01
-3.2479286194e-01
-7.2036325932e-01
-7.8880184889e-01
-8.9496630430e-01
5.9741698205e-02
6.3281035423e-01
5.2245312929e-01
1.4373613894e-01
-3.3297535777e-01
-6.5906874835e-02
7.3496049643e-01
-8.3093935251e-01
-5.9885275364e-01
4.2007735372e-01
1.9167089462e-01
-5.2493745089e-01
2.4202685058e-01
-8.7552607059e-01
2.8121507168e-01
3.6031368375e-01
-5.1889932156e-01
-5.3849071264e-01
1.6002599895e-01
7.8758113086e-02
1.0789186507e-01
-8.7241846323e-01
-3.3929809928e-01
6.0482907295e-01
-8.6913782358e-01
7.1197623014e-01
2.5525736809e-01
-1.8483455479e-01
-1.6141526699e+00
6.3704270124e-01
5.7560014725e-01
2.6009958982e-01
4.8785042763e-01
-2.4231489003e-01
-8.2078176737e-01
2.0123212039e-01
-1.1047961712e+00
-1.0506069660e-01
-3.3197939396e+00
-2.7962129116e+00
6.8065363169e-01
-1.0847973824e+00
1.0346965790e+00
8.8708859682e-01
-7.0178377628e-01
9.0706533194e-01
-1.8959863484e-01
-4.3052288890e-01
-2.2402589321e+00
8.0699998140e-01
5.3092431277e-02
3.8807123899e-01
1.2272176743e+00
-2.3991334438e+00
-7.1348643303e-01
3.0172798038e-01
-8.2344427705e-02
-1.2002859116e+00
-3.5159544945e+00
-2.9106793404e+00
1.4876222610e-01
8.3176201582e-01
5.2719157934e-01
4.8366683722e-01
-1.6964657307e+00
5.0982564688e-01
-8.5579007864e-01
-2.3686663806e-01
-4.2574870586e-01
-9.8781961203e-01
-6.8243049085e-02
3.2532837242e-02
5.0260645151e-01
-2.4377615750e-01
-1.6408884525e-01
9.8330639303e-02
-9.9062517285e-02
-4.5937013626e-01
-3.7353327870e-01
-3.3521893620e-01
4.5375910401e-01
6.1547207832e-01
-7.8694760799e-02
1.2587028742e-01
6.0856056213e-01
1.4341038465e-01
2.3012053221e-02
-2.9775276184e+00
-7.6783932745e-02
2.6958355308e-01
-4.2934608459e-01
-9.8506224155e-01
6.1094135046e-01
-1.1486563683e+00
-3.6929094791e-01
-2.7423611283e-01
3.3518937230e-01
-5.2764678001e-01
-1.4978265762e+00
-9.8423808813e-01
-4.2763259262e-02
5.1680320501e-01
4.5010122657e-01
4.6723404527e-01
-1.7136013508e+00
1.5547980368e-01
4.5361685753e-01
2.0747876167e-01
-2.3982965946e+00
9.0162181854e-01
2.7894240618e-01
-8.0752915144e-01
7.0901298523e-01
-1.0101425648e+00
-3.2226908207e+00
4.6627840400e-01
4.3790099025e-01
-6.0305517912e-01
-3.1245825291e+00
-4.1920289993e+00
5.3121125698e-01
-1.1889210939e+00
-4.8278355598e+00
6.2909126282e-01
-3.3712584972e+00
1.0197093487e+00
-2.9026007652e+00
3.3102580905e-01
-2.6312589645e-01
-2.8058579192e-03
-1.4019080997e-01
1.4160420001e-01
3.2419699430e-01
3.6977153271e-02
2.4984507263e-01
-6.0805279016e-01
2.5196436048e-01
-5.3776174784e-01
1.5920723975e-01
4.5617228746e-01
-5.2344208956e-01
-5.6117272377e-01
-9.6910464764e-01
5.0412949175e-02
-4.4607441872e-02
-1.4290264249e-01
-5.1605319977e-01
2.4411921203e-01
-7.7230818570e-02
4.9793216586e-01
9.9692367017e-02
-5.4513907433e-01
2.7114507556e-01
2.5327917933e-01
-1.8377318978e-01
-5.4849755764e-01
3.6464405060e-01
-4.8214040697e-02
-4.0318616666e-03
-2.4794808030e-01
9.0155877173e-02
-1.0287338495e+00
3.6097061634e-01
3.9054429531e-01
-1.1089116335e+00
2.6642486453e-01
1.7637459934e-01
2.9812806845e-01
-4.2450323701e-01
-6.4082264900e-01
-6.4704084396e-01
5.2075260878e-01
3.8925728202e-01
2.7267932892e-01
6.8296688795e-01
-9.4632476568e-01
2.8850856423e-01
-5.0941252708e-01
2.4644015729e-01
-3.1330659986e-01
-7.6903843880e-01
-5.8941012621e-01
1.6491515934e-01
-7.0417976379e-01
6.6469363868e-02
-9.9360352755e-01
8.3402973413e-01
-1.1468993127e-01
-7.2084742785e-01
-1.1015882343e-01
-6.5998055041e-02
8.9563262463e-01
4.4154214859e-01
2.5555232167e-01
5.7194006443e-01
-1.1229209900e+00
6.6824769974e-01
-8.3123147488e-01
1.5567961335e-01
-1.5253710747e-01
-1.9938682020e-01
-1.4075678587e-01
-4.5885524154e-01
-3.6733388901e-02
8.4170885384e-02
-6.9241631031e-01
-1.2416885048e-01
3.5958230495e-01
-1.2271319628e+00
5.2105385065e-01
4.5436730981e-01
-2.5472204685e+00
2.5876027346e-01
-1.3839422464e+00
3.5550716519e-01
3.8808459044e-01
-4.7568526864e-01
-5.6783717871e-01
-2.4360916615e+00
-5.7619911432e-01
4.5364171267e-01
-5.6418299675e-01
2.4257208407e-01
3.1431251764e-01
-2.9403734207e-01
3.2350319624e-01
-8.2462632656e-01
-1.5067257881e+00
-2.1565494537e+00
3.8317778707e-01
7.3766195774e-01
-1.3166238070e+00
5.7588022947e-01
-4.6805799007e-01
-1.8051390648e+00
1.0048776865e+00
-1.8051946163e+00
-8.3939951658e-01
-7.1113409996e+00
-1.6326442957e+00
4.5656681061e-01
-3.3715909719e-01
-7.3199972510e-02
3.6006414890e-01
7.3095136881e-01
5.4226624966e-01
-3.4404739738e-02
-1.2083228827e+00
6.6858254373e-02
2.5816479325e-01
3.2532930374e-02
6.2347538769e-02
4.6096506715e-01
-4.3725317717e-01
-6.5190738440e-01
1.2822033465e-01
-5.4124319553e-01
-1.3330927491e-01
-9.1029232740e-01
8.0390745401e-01
-3.7163725495e-01
-2.0480655134e-01
-1.6267699003e+00
-1.7984709144e-01
-4.6799555421e-01
5.2564620972e-02
-6.5224152803e-01
-1.6658194363e-01
-5.3419244289e-01
1.5911433101e-01
7.6456576586e-02
7.0347738266e-01
3.5078588128e-01
-2.4032641947e-01
1.8717761338e-01
-3.0900588632e-01
4.3892968446e-02
1.6351101920e-02
-1.4129549265e-01
-1.3616461307e-02
-2.2307604551e-01
2.1530668437e-01
-5.6216162443e-01
4.1745090485e-01
-4.3157494068e-01
1.5600375831e-01
3.5273206234e-01
-6.9492824376e-02
-2.4508390427e+00
8.7240314484e-01
1.2313854694e-01
-1.6607596874e+00
4.1592001915e-01
-1.1384626627e+00
-5.8741154671e+00
9.1658002138e-01
-2.0200479031e-01
-3.6880373955e-01
-3.4547493458e+00
-4.5497479439e+00
1.7930424213e-01
-1.4963649511e+00
5.6225502491e-01
3.0428764224e-01
-1.0259084702e+00
7.9335016012e-01
1.4397516251e+00
-1.0137751698e-01
-6.2367117405e-01
1.5804164112e-01
3.0098649859e-01
-8.5755145550e-01
3.3313012123e-01
-1.0830553621e-01
8.7170225382e-01
-2.1445033550e+00
7.4844640493e-01
-1.2759934179e-02
9.8614394665e-01
1.0083450079e+00
4.0275481343e-01
-8.6640131474e-01
-1.5056788921e+00
3.8751581311e-01
-3.8029601574e+00
5.0377094746e-01
4.9486547709e-01
6.1622244120e-01
-1.8586263061e-01
2.1832886338e-01
1.7525127530e-01
4.9039235711e-01
3.7460291386e-01
-4.5249265432e-01
-1.3874431849e+00
3.9510950446e-01
-2.0460879803e-01
-8.9221739769e-01
2.6846688986e-01
-3.5323607922e+00
1.2991538644e-01
-5.9878152609e-01
-8.4275346994e-01
-1.2466938235e-02
4.8163477331e-02
6.8107086420e-01
-1.8357468843e+00
-6.2759619951e-01
-6.1637961864e-01
1.6489741206e-01
3.9828309417e-01
-1.5808340907e-01
2.7399614453e-01
-3.4980550408e-01
3.4779635072e-01
-2.7146115303e+00
2.4333399534e-01
-6.9396775961e-01
6.5934067965e-01
1.4761654139e+00
4.8453569412e-01
-2.1816613674e+00
-1.5228344202e+00
2.7527007461e-01
-3.5416448116e+00
7.1581524611e-01
3.3209082484e-01
4.2552632093e-01
-7.1765774488e-01
2.8724288940e-01
4.0971702337e-01
3.4287434816e-01
2.7323368192e-01
-2.8467813134e-01
5.6094413996e-01
-2.9025244713e+00
4.3932223320e-01
-7.7744774520e-02
8.0125409365e-01
8.8726979494e-01
4.9433836341e-01
-1.6222417355e+00
-1.3314716816e+00
2.3155739903e-01
-2.5189211369e+00
3.4776353836e-01
6.0576444864e-01
3.0191656947e-01
-1.8608723581e-01
3.9166893810e-02
-1.2341791391e+00
4.6942055225e-01
4.2081970721e-02
3.7137302756e-01
1.8425840139e-01
-3.3979755640e-01
-3.0622255802e-01
3.0715677142e-01
-1.0338598490e+00
-8.6279529333e-01
-3.6862105131e-02
1.5633223951e-01
2.8736078739e-01
6.9859787822e-02
8.4335245192e-02
-6.0296714306e-01
6.8346619606e-02
-2.4797068909e-03
-1.0830950737e+00
4.2913755774e-01
6.8141430616e-01
2.0581190288e-01
3.5737636685e-01
-3.8272055984e-01
7.3975878954e-01
-4.6594319344e+00
7.0454233885e-01
-1.8389172852e-01
1.1399772167e+00
9.1390156746e-01
3.6614996195e-01
-2.4375815392e+00
-1.7819725275e+00
3.8268131018e-01
-2.4367756844e+00
3.2178828120e-01
7.0316225290e-01
3.8065770268e-01
-3.4247609973e-01
-7.0285938680e-02
4.6710762382e-01
-9.4589293003e-01
3.8937282562e-01
1.5364582837e-01
-1.8255721033e-01
4.5490884781e-01
2.4569810927e-01
-6.1885493994e-01
1.7579093575e-01
2.2155646980e-01
1.3093741238e-01
-1.5011590719e-01
-1.7938244343e+00
-1.5592390299e-01
-2.9549616575e-01
5.3019547462e-01
-2.3980393410e+00
-1.0334024578e-01
-1.4194408059e-01
-6.8894821405e-01
4.3533638120e-01
4.9953061342e-01
2.6978388429e-01
-9.8973673582e-01
-4.8150930554e-02
-5.1922029257e-01
5.1642470062e-02
-6.1308377981e-01
7.0000249147e-01
5.8333992958e-01
-7.5737798214e-01
-4.2031469941e-01
-3.1068584323e-01
-5.1125955582e-01
3.8548558950e-01
-6.0619091988e-01
3.8314771652e-01
-6.7634031177e-02
-1.3931777477e+00
2.6602292061e-01
3.1698986888e-01
-5.5136480331e+00
-8.8814690709e-02
-3.2307422161e-01
4.8390948772e-01
3.6487889290e-01
5.4782277346e-01
-1.7517222166e+00
6.3033252954e-01
1.1113448143e+00
2.8335213661e-01
-1.8741360903e+00
-5.1638989449e+00
1.9183033705e-01
-1.9714788198e+00
5.6905215979e-01
2.9251797125e-02
4.9937412143e-01
-5.8791648597e-02
1.5558676422e-01
-4.1968059540e-01
6.9648742676e-02
4.2888671160e-01
2.8718420863e-01
-1.6845016181e-01
1.3067428768e-01
-2.2535830736e-01
-4.6896323562e-01
-6.3803148270e-01
3.3611950278e-01
-1.3287526369e-01
1.1444850266e-01
-8.7404951453e-02
-5.3625978529e-02
2.2956728935e-01
-6.6993713379e-01
-1.7187026143e-01
-8.2884663343e-01
-3.3002644777e-01
7.8689306974e-02
5.2978705615e-02
5.5788463354e-01
-8.4208086133e-02
-9.3483924866e-02
2.8748446703e-01
6.5776705742e-02
-1.0574703217e+00
-4.0527844429e-01
-1.1051921844e+00
1.8509404361e-01
-4.2449638247e-02
4.7278976440e-01
-1.0857759416e-01
-1.3264527917e-01
2.6900681853e-01
3.8158874959e-02
3.2204353809e-01
-1.1527702212e-01
-3.2255008817e-01
7.7129268646e-01
-1.9164415598e+00
4.9787044525e-02
3.0461749434e-01
-1.6922144219e-02
4.8857614398e-02
4.7686651349e-01
-1.1666944027e+00
1.8073961139e-02
4.3194401264e-01
8.9116281271e-01
-5.9256511927e-01
9.7433187068e-02
-1.2067266703e+00
6.3275015354e-01
-1.4499315023e+00
-8.8075643778e-01
-1.2235403061e+00
3.7562888861e-01
-1.0000656843e+00
1.7528516054e-01
-1.3266873360e-01
-1.1064308882e+00
-7.8445509076e-02
1.0496134311e-01
9.2128407955e-01
1.6709901392e-01
7.2931945324e-01
1.2619568408e-01
8.9024204016e-01
4.5144122839e-01
-4.2327693105e-01
-1.0226737261e+00
-9.0773630142e-01
1.3257281482e-01
-3.3538840711e-02
-9.5781557262e-02
2.9307079315e-01
9.2707566917e-02
-3.8212770224e-01
5.9165660292e-02
8.8305366039e-01
8.6832411587e-02
1.1766275018e-01
5.6102293730e-01
7.2350764275e-01
-1.1450933218e+00
-4.4697973132e-01
-1.3648369908e-01
4.0475702286e-01
1.4723159373e-01
-6.9572335482e-01
-1.2191575766e-01
-9.2399269342e-01
-3.5151606798e-01
1.1202018708e-01
-9.9790078402e-01
-4.6860125661e-01
-7.7736213803e-02
-5.2450096607e-01
-5.5930215865e-02
5.6068159640e-02
-1.1770294905e+00
1.1618250608e-01
-2.7090523392e-02
6.7934936285e-01
4.4191982597e-02
3.6465445161e-01
-6.0442183167e-02
4.0664345026e-01
1.8820002675e-01
2.1143509448e-01
-1.0415178537e+00
-1.6525056362e+00
-1.5686120838e-02
5.2021968365e-01
5.8485382795e-01
4.0923498571e-02
-8.1939458847e-02
-7.3985159397e-01
-9.2031210661e-02
6.3754296303e-01
-1.4145066738e+00
1.1255486310e-01
-1.0559124947e+00
2.6721239090e-01
-3.4928925335e-02
5.5383831263e-01
-5.6292146444e-01
1.5501202643e-01
-1.3203057647e-01
4.6064075828e-01
1.6635279357e-01
-2.6884049177e-01
-1.1717413366e-01
-1.2062333524e-01
6.0631853342e-01
-6.8603128195e-02
-5.8965742588e-01
-5.5329042673e-01
2.8844213486e-01
-1.4563322067e-01
-5.5061556399e-02
3.8561102748e-01
3.4921351075e-01
7.1028476954e-01
-8.4151613712e-01
7.4195444584e-01
1.3904196024e-01
2.8398472071e-01
8.3541005850e-01
8.5147398710e-01
6.2270057201e-01
2.4851292372e-02
1.5032118559e-01
-6.9017820060e-02
-5.8438057899e+00
-4.9216702580e-01
3.6708283424e-01
-3.8319247961e-01
-5.4673559964e-02
4.6205243468e-01
-3.5690858960e-01
4.4663336128e-02
-1.6247527599e+00
-6.2939631939e-01
2.2791573405e-01
6.1003029346e-01
-1.6675096750e-01
-1.1851973534e+00
7.5051510334e-01
-2.1237942576e-01
3.1284680963e-01
-4.6420507133e-02
-9.1194939613e-01
1.1951423436e-01
7.2378081083e-01
-2.1157836914e+00
-1.5355736017e-01
-4.7970390320e-01
-5.7955032587e-01
6.2330138683e-01
-1.0523211211e-01
-9.2181318998e-01
-2.4087255821e-02
-8.0268317461e-01
3.7690013647e-01
6.0942228884e-02
-9.6377021074e-01
-7.1097701788e-01
-1.8633210659e-01
-4.8079326749e-01
-1.4843454361e+00
-3.0195513368e-01
-3.4932044148e-01
3.8424155116e-01
-2.8870247304e-02
-1.0513914824e+00
-7.3084545135e-01
-5.1376426220e-01
1.9138734043e-01
3.9249563217e-01
-4.5397418737e-01
-6.4679473639e-01
3.0575990677e-01
-1.2691850662e+00
-1.0250419378e-01
-4.0654543042e-01
-6.6219437122e-01
-2.5204868317e+00
2.3883026838e-01
-6.1420481652e-02
-9.5184916258e-01
4.6285282820e-02
-1.4885888994e-01
-2.4430237710e-01
8.8546985388e-01
-2.8789508343e-01
-1.1533605307e-01
-2.0651254803e-02
6.0438010842e-03
-1.5891288221e-01
-1.4693585038e-01
2.2438837588e-01
4.7365486622e-01
5.3453061730e-02
-6.9622822106e-02
3.5238269717e-02
-7.0846641064e-01
-1.6816610470e-02
9.3987262249e-01
1.0301759839e-01
7.5618743896e-02
1.6468563676e-01
6.0731694102e-02
-3.8901090622e-02
1.8653096259e-01
-3.9179390669e-01
-4.5294582844e-01
-2.9798439145e-01
5.8113008738e-01
-6.7219867706e+00
8.6114108562e-01
1.0687636137e+00
-1.1131664515e+00
3.8142827153e-01
-1.3353827000e+00
-2.5434136391e+00
-5.2692759037e-01
-3.3743494749e-01
8.2435673475e-01
-6.8792492151e-01
9.8572796583e-01
1.7916010320e-01
8.3636200428e-01
3.1987917423e-01
-1.2044086456e+00
9.0695726871e-01
5.1178508997e-01
-4.4565892220e-01
6.2873464823e-01
-7.7750716209e+00
7.8398662806e-01
1.4517202377e+00
-1.1508746147e+00
4.3967160583e-01
3.5833805799e-01
-3.1967689991e+00
-3.8541901112e-01
3.5855254531e-01
3.0914941430e-01
-7.2530311346e-01
8.6476385593e-01
3.0138519406e-01
6.0527426004e-01
4.6997869015e-01
-9.8586708307e-01
8.9968281984e-01
3.4373593330e-01
-5.8319896460e-01
5.1721465588e-01
-8.1174421310e+00
1.3411111832e+00
9.1956245899e-01
-1.8154177666e+00
2.6351690292e-01
-2.6679983735e-01
-4.2270512581e+00
-9.6930390596e-01
8.1414097548e-01
2.1885830164e-01
-1.4084969759e+00
5.5988681316e-01
3.4951019287e-01
7.5698947906e-01
8.0141925812e-01
7.9213774204e-01
1.0968546867e+00
1.9444540143e-01
1.1537113041e-01
3.7707015872e-01
-3.4764084816e+00
7.7998650074e-01
4.8548951745e-01
-1.7880158424e+00
-2.7271193266e-01
-3.7859258056e-01
-3.9036266804e+00
-6.4794778824e-01
5.3163838387e-01
4.3830737472e-01
-2.1397683620e+00
7.9038786888e-01
1.0075607896e-01
2.1009868383e-01
7.0967340469e-01
-2.4420477450e-01
5.0776916742e-01
-2.4546062574e-02
-7.0780754089e-01
-4.5839002728e-01
2.6929861307e-01
1.2611912191e-01
-2.6568973064e-01
-4.2805171013e-01
-5.4503428936e-01
-1.3123932481e-01
1.4062283039e+00
-1.2117952853e-01
5.3406214714e-01
9.6118658781e-01
-1.0773862600e+00
1.0596959591e+00
4.5661103725e-01
-4.7948670387e-01
-3.6514711380e-01
-2.2993414104e-01
-1.6137115657e-02
-4.6024629474e-01
-7.8128419816e-02
4.4449719787e-01
2.4736721814e-01
1.0576503277e+00
3.5736894608e-01
-2.2616040707e+00
-7.2529733181e-01
-3.1994852424e-01
-4.9026374817e+00
-5.0747442245e-01
3.8655530661e-02
3.4531798959e-01
-2.8194053173e+00
5.5787855387e-01
-2.8792807832e-02
4.9285623431e-01
4.7953286767e-01
-1.5170577168e-01
9.4312447309e-01
1.7669534683e-01
5.8075718582e-02
6.2206512690e-01
5.0600212812e-01
7.7705729008e-01
4.3202450871e-01
-1.6340098381e+00
-5.4780918360e-01
-5.7765913010e-01
-6.7753171921e+00
-6.3034790754e-01
-1.0762156248e+00
1.7691750824e-01
-3.3671104908e+00
6.1026269197e-01
2.2362577915e-01
5.1702338457e-01
5.2320683002e-01
-1.7081342638e-01
4.9651050568e-01
2.3564846814e-01
-3.2782232761e-01
5.7889509201e-01
9.0196812153e-01
7.3903387785e-01
3.5848480463e-01
-2.6042175293e+00
-6.8188589811e-01
3.1101939082e-01
-6.2802214622e+00
-2.0306241512e+00
-1.6837787628e+00
-1.0532337427e+00
-4.6219463348e+00
5.3298014402e-01
4.8181602359e-01
7.7439856529e-01
8.0400663614e-01
6.4487850666e-01
1.0146874189e+00
5.0337183475e-01
1.8051257730e-01
8.4123414755e-01
1.1975000799e-01
8.1102490425e-01
-3.8835138083e-01
-1.9184318781e+00
-2.3074004650e+00
-3.2982063293e-01
-3.2520949841e+00
-6.8636977673e-01
-1.7911541462e+00
2.8275281191e-01
-6.4492998123e+00
7.9469138384e-01
2.8703826666e-01
4.2190003395e-01
8.8108462095e-01
4.0381705761e-01
8.7015718222e-01
4.8291060328e-01
-4.6008035541e-01
9.0739138424e-02
-9.6359908581e-01
2.6013590395e-02
2.6862585545e-01
1.9563956559e-01
4.9366125464e-01
1.2690091133e-01
4.2574274540e-01
-4.1460089386e-02
5.7851022482e-01
-2.8467977047e-01
5.1296085119e-01
-5.8984589577e-01
3.1871709973e-02
2.1637585014e-02
-9.1427363455e-02
-8.7813937664e-01
2.7400362492e-01
1.8077579141e-01
-4.5780539513e-02
-3.3094587922e-01
-2.1986898780e-01
-1.6014029086e-01
5.0499744713e-02
7.5539880991e-01
6.9544386864e-01
-5.3880026098e-04
-4.3360340595e-01
-5.5954732001e-02
3.5403689742e-01
-6.0536682606e-01
7.1504074335e-01
3.2581600826e-03
-5.5013394356e-01
-4.3325137347e-02
-2.3362754285e-01
-6.9066077471e-01
-9.6206724644e-01
-4.0041111410e-02
8.2333043218e-02
6.6375291348e-01
-4.0256768465e-01
9.5204299688e-01
-3.8618576527e-01
-1.6632711887e+00
-4.1004528999e+00
-1.5389215946e-01
-1.6338710487e-01
-8.6493152380e-01
-3.5036435127e+00
7.6824271679e-01
-5.5193428993e+00
9.9874889851e-01
1.3832888007e-01
-6.3730403781e-03
6.7109173536e-01
4.5826742053e-01
-7.8548789024e-01
7.4161922932e-01
1.2884970009e-01
2.9796868563e-01
-1.8757399917e-01
8.2725447416e-01
-4.9975135922e-01
-1.7975077629e+00
-4.8351082802e+00
1.5309812129e-01
-1.8685810268e-01
-1.2603254318e+00
-2.9045848846e+00
4.9715965986e-01
-1.4081456661e+00
7.9325705767e-01
2.3297737539e-01
-4.4848737121e-01
6.9137644768e-01
-1.0203454643e-01
-2.9820212722e-01
6.2645846605e-01
-7.1402901411e-01
2.7098953724e-01
-7.3701888323e-01
8.0903775990e-02
5.7349115610e-01
-3.4037292004e-02
1.0768091679e+00
8.4258002043e-01
-7.9436585307e-02
-5.6531006098e-01
6.5900778770e-01
5.6209921837e-01
5.8727949858e-01
-3.1542202830e-01
-9.3413151801e-02
4.1240411997e-01
-6.6418252885e-02
-9.6678298712e-01
7.0193654299e-01
-2.1484965086e-01
2.1767477691e-01
4.1585129499e-01
3.9465394616e-01
6.1901289225e-01
-1.5887697935e+00
-4.1088962555e+00
-5.8476514816e+00
-2.0620149374e-01
3.0405819416e-01
-1.0623260736e+00
-9.9933159351e-01
2.4919556081e-01
2.2887489200e-01
5.5196893215e-01
1.7510893941e-01
-6.5833175182e-01
9.8207259178e-01
1.1362619698e-01
-1.7803057432e+00
7.4908161163e-01
3.1113225222e-01
2.0326285064e-01
1.4051997662e-01
5.4326260090e-01
-2.4279892445e+00
-2.3790638447e+00
-6.3638887405e+00
-5.1402550936e-01
-5.5453085899e-01
-6.2608635426e-01
-1.2043964863e+00
1.4001873136e-01
2.4899199605e-01
7.2485470772e-01
7.5670313835e-01
-1.3975400925e+00
9.1566824913e-01
-1.5117843449e-01
-2.2076340020e-01
4.6648052335e-01
-6.5749466419e-01
3.5039842129e-01
-2.4369952679e+00
5.4451441765e-01
1.1900200844e+00
3.0117931962e-01
1.0472576618e+00
9.0843237936e-02
-3.9512789249e+00
-2.8583261371e-01
-1.2129856348e+00
-4.9957469106e-02
-2.5671541691e-01
3.9161816239e-02
-1.4981760085e-01
3.9225730300e-01
2.9280972481e-01
-7.6703226566e-01
-3.4288084507e-01
-2.5754356384e-01
6.0624432564e-01
-4.3450891972e-01
-1.0823276043e+00
4.1833770275e-01
-3.9980030060e+00
-2.6127698421e+00
-3.6276774406e+00
-9.4742017984e-01
-1.5977249146e+00
-1.4909062386e+00
-1.9036625624e+00
5.8792650700e-01
-8.8887113333e-01
5.4473829269e-01
5.5253821611e-01
-2.2707014084e+00
1.3171412945e+00
-8.6984908581e-01
-2.8931777477e+00
3.7812986970e-01
-8.2282829285e-01
-3.2225483656e-01
-2.4459080696e+00
7.8438073397e-02
-5.4770869017e-01
-1.3702282310e-01
-8.9784219861e-02
-4.0906867385e-01
-7.8129824251e-03
5.5773758888e-01
6.2262747437e-02
5.4326850176e-01
-1.8630737066e+00
-8.9798009396e-01
-5.3268432617e-01
-1.8163864315e-01
3.6757001281e-01
6.7973591387e-02
1.1493419409e+00
-5.5054094642e-02
-5.1972186565e-01
1.7087896168e-01
-1.7660542727e+00
4.6924468875e-01
8.2437604666e-01
-3.6526772380e-01
1.0715097189e+00
-1.6384683549e-01
-6.5075582266e-01
-3.8557609916e-01
-9.3112534285e-01
-3.9894498885e-02
-7.1100121737e-01
2.0447310805e-01
4.7993492335e-02
5.2832964808e-02
1.5122629702e-02
-4.1858024895e-02
9.4386518002e-01
-1.0972341895e-01
-4.7974687815e-01
-4.9394968152e-01
3.3556375653e-02
4.4938400388e-01
5.2754785866e-02
-6.1542652547e-03
-2.5079324841e-01
1.7711563408e-01
2.4921889603e-01
-4.5235387981e-02
1.1780752987e-01
5.8924227953e-01
3.7903469801e-01
4.6235114336e-02
2.5642770529e-01
-6.1754983664e-01
4.0120750666e-01
2.6028764248e-01
-1.3491306305e+00
-5.7311993092e-02
5.6419938803e-01
-6.7014557123e-01
-4.1052672267e-01
1.3260768726e-02
-8.2949619293e+00
-2.2115802765e+00
-3.6345887184e-01
-1.0348081589e+00
-8.9057469368e-01
-8.6683386564e-01
-1.2210102081e+00
3.1439371407e-02
-1.3264584541e-01
8.7719303370e-01
1.1468583345e+00
-4.7063541412e+00
1.0376536846e+00
-6.6847842932e-01
-2.5363938808e+00
3.1604099274e-01
4.5597988367e-01
-1.2636027336e+00
-5.1697760820e-01
-3.9349046350e-01
-3.4574878216e+00
-1.1752653122e+00
-1.5023922920e+00
-9.7825932503e-01
-1.1353045702e+00
-1.6360415220e+00
-1.0439203978e+00
6.0498362780e-01
-1.3206838369e+00
4.9588733912e-01
4.8378810287e-01
-6.1631674767e+00
8.8629364967e-01
-3.9226436615e-01
-4.3514510617e-03
-9.4973288476e-02
-5.6663078070e-01
6.4631670713e-01
5.8112668991e-01
8.0959457159e-01
1.1381607056e+00
-1.6563061476e+00
-3.0913889408e+00
-5.6859433651e-01
-5.4590940475e-01
-8.1550216675e-01
-3.8521437645e+00
-3.5917522907e+00
-5.1821522713e+00
2.9080626369e-01
-2.4362993240e-01
1.1631069183e+00
-2.5472059846e-01
-8.4031730890e-02
8.6455398798e-01
4.6303126216e-01
6.7171466351e-01
-2.6533203125e+00
-4.5655700564e-01
-7.9818868637e-01
-5.0543016195e-01
-1.3634115458e+00
-6.1010915041e-01
-1.1836391687e+00
-1.3059252501e+00
-8.8469052315e-01
-1.1671928167e+00
8.9604246616e-01
-2.5820153952e-01
5.5779141188e-01
7.3988699913e-01
-6.9003500938e+00
6.2087857723e-01
-1.6199725866e-01
-5.6406849623e-01
2.5949604809e-02
7.7116572857e-01
-3.9191279411e+00
-6.4613473415e-01
-1.4755866528e+00
-9.5663136244e-01
-1.3455997705e+00
-8.9856010675e-01
-8.9456713200e-01
-1.2229990959e+00
-8.9299309254e-01
-1.4735466242e+00
4.5759564638e-01
-8.8970607519e-01
2.4547177553e-01
1.0053777695e+00
-6.1619315147e+00
2.3394834995e-01
-4.7612345219e-01
-1.6998393536e+00
-7.2798317671e-01
1.9459468126e-01
-4.8146638274e-01
-6.3476133347e-01
-1.3528500497e-01
8.3073151112e-01
-1.9257879257e+00
-8.0599290133e-01
-9.7330468893e-01
-1.9343029261e+00
-1.2775625288e-01
-7.6992511749e-01
2.4601827562e-01
-1.3247269392e+00
-1.0058422387e-01
8.3366006613e-02
1.1520805359e+00
5.6235823780e-02
-3.4334778786e-01
3.9713940024e-01
-6.5359108150e-02
1.9351842999e-01
-8.7397508323e-02
-1.1087548733e-01
4.0673831105e-01
-6.0725579970e-03
-1.9842402637e-01
-7.1329122782e-01
3.7057432532e-01
-1.7132360935e+00
-4.0045195818e-01
-1.7314639091e+00
2.9482355714e-01
-2.4999946356e-02
-6.1228692532e-01
-3.8807448745e-01
-3.7532496452e-01
-6.9981288910e-01
4.1730362177e-01
-1.9295749664e+00
-3.5131374002e-01
2.8303387761e-01
-5.4382338524e+00
-7.6916253567e-01
-2.3172817230e+00
-1.5490642786e+00
-5.4382109642e-01
-1.5047607422e+00
-8.8432103395e-01
-9.4883847237e-01
-9.0536749363e-01
-9.7100073099e-01
7.6186501980e-01
-8.7001568079e-01
1.6779080033e-01
4.9441784620e-01
3.5425034165e-01
9.6434724331e-01
-7.7775502205e-01
8.0965441465e-01
-7.2079432011e-01
2.8554555774e-01
-7.5601272583e+00
-2.2968354225e+00
-2.8328428268e+00
-3.4968075156e-01
-6.6082082689e-02
-7.0881092548e-01
-1.7164363861e+00
-1.0799751282e+00
-2.6611712575e-01
1.4242979884e-01
1.0656095743e+00
-1.3468725681e+00
1.2314169407e+00
1.0171289444e+00
8.7403196096e-01
2.1488618851e-01
-1.3641772270e+00
-3.0340533257e+00
-6.3320881128e-01
5.2947825193e-01
-6.0281753540e+00
-1.7421257496e+00
-4.5672459602e+00
-5.8877110481e-01
-8.5023947060e-02
-8.8679057360e-01
-2.2105703354e+00
-1.0230573416e+00
-1.0913658142e+00
-7.1680134535e-01
9.7716897726e-01
-3.5935065150e-01
6.6838431358e-01
1.0879147053e+00
1.4863617420e+00
-1.6300673783e-01
-8.3595466614e-01
8.8470272720e-02
-1.7774417400e+00
-2.8618541360e-01
-5.0631481409e-01
-5.9712111950e-01
4.7851949930e-01
4.7970330715e-01
-1.4133497477e+00
6.9945937395e-01
-8.9854967594e-01
4.2333155870e-01
9.9378310144e-02
1.1488670111e+00
7.0302802324e-01
6.0235750675e-01
-1.9773920774e+00
-1.0071471930e+00
-1.6902473569e-01
-2.3091282845e+00
-3.9179649204e-02
-2.6544359326e-01
1.5686020255e-01
-1.4767130613e+00
6.2193822861e-01
2.7763766050e-01
-1.6098769009e-01
1.1141785383e+00
-6.5495127439e-01
1.5027738810e+00
2.5305646658e-01
1.7286342382e-01
-6.4215213060e-01
-2.3075643182e-01
-9.0037500858e-01
-6.8188744783e-01
-4.5841294527e-01
-7.2242066264e-02
5.6225311756e-01
-1.4354034662e+00
-2.2838079929e-01
-3.4101140499e+00
1.6988611221e-01
-1.1067470312e+00
-6.9736301899e-01
1.9106310606e-01
-5.2623778582e-01
-2.1563540399e-01
-1.1553143263e+00
1.1808117628e+00
-4.2433154583e-01
-6.5599478781e-02
-4.1800718755e-02
-8.5052049160e-01
7.0708048344e-01
6.7826342583e-01
-1.4764800072e+00
-5.7267242670e-01
1.1842104793e-01
-5.0118780136e-01
-3.0474411324e-02
-5.4463535547e-01
-6.3520312309e-01
-1.7604742944e-01
-1.3327875733e-01
-9.9743664265e-02
1.0203700066e+00
8.6755359173e-01
-3.7100663781e-01
2.1009840965e+00
7.9693800211e-01
2.4194361269e-01
-3.5147783160e-01
-1.2065982819e-01
-3.6873795986e+00
-5.0219660997e-01
-1.5311051905e-01
1.3215198182e-02
-1.3443950415e+00
5.2046507597e-01
-2.3747978210e+00
-3.3290123940e-01
-2.0384206772e+00
-3.5267040133e-01
-1.5143100917e-01
-9.2009969056e-02
8.2878059149e-01
3.9816492796e-01
-2.0483084023e-01
1.7503244877e+00
4.0328788757e-01
4.7782850266e-01
-7.2034549713e-01
-2.1213953197e-01
-3.5775768757e+00
-3.2442655414e-02
-1.0222049057e-01
4.2986685038e-01
8.0652482808e-02
3.7460398674e-01
-3.1340643764e-01
8.7607550621e-01
-3.3975892067e+00
-9.7410410643e-02
-4.1791227460e-01
-1.7199910879e+00
7.1182394028e-01
-2.5434975624e+00
1.8696035445e-01
9.2983180285e-01
-1.3221708536e+00
4.6934768558e-01
-4.8984310031e-01
8.1024450064e-01
3.4620863199e-01
2.8153872490e-01
-1.3766661882e+00
3.5627406836e-01
-8.1319622695e-02
-9.1388940811e-01
5.6446105242e-01
-8.5183139890e-03
8.8076913357e-01
-1.4755681157e-01
-7.8413081169e-01
-2.0363595486e+00
8.3629041910e-01
-1.5742689371e+00
-6.2755063176e-02
1.4536769390e+00
1.0268145055e-01
2.5459796190e-01
3.6263067275e-02
1.0479347706e+00
3.3929085732e-01
8.7581002712e-01
-1.4718078375e+00
1.1223258078e-01
-6.3608139753e-01
-5.3060036898e-01
3.3668485284e-01
1.1344596744e-01
6.6246145964e-01
-2.0038434863e-01
1.2065367699e+00
-4.4147524238e-01
1.1702876091e+00
7.1836066246e-01
-5.6543636322e-01
-4.3053343892e-01
6.4286172390e-01
3.2657745481e-01
-4.0401700139e-01
-4.9200299382e-01
4.4170320034e-01
9.0619903803e-01
1.9299697876e-01
6.2693834305e-02
-2.7008633614e+00
6.8623691797e-01
-1.9705975056e+00
-4.1216498613e-01
-5.2015848160e+00
-1.9701038301e-01
-9.8260378838e-01
-1.1555110216e+00
7.4769234657e-01
-2.5969299674e-01
5.0940468907e-02
1.5997818708e+00
-3.4995188713e+00
5.5460834503e-01
-2.3455467820e-01
6.0195684433e-01
-3.4672477841e-01
7.5844243169e-02
-1.9901893139e+00
3.1213858724e-01
6.3531368971e-01
4.8584240675e-01
8.6618304253e-01
-1.9107675552e+00
-2.2028008103e-01
-5.5413592607e-02
-1.2199122906e+00
-1.4377006292e+00
8.0732119083e-01
3.5752817988e-01
4.2293927073e-01
6.9165349007e-01
-2.8931472301e+00
6.1021792889e-01
-6.2928211689e-01
1.3077901602e+00
7.4794024229e-01
-2.8237137794e+00
-2.6754224300e+00
-1.5724138916e-01
1.9714878500e-01
-6.9028891623e-02
9.4587242603e-01
1.0979622602e-03
9.4063138962e-01
-1.2904079258e-01
-8.2654678822e-01
-1.5777293444e+00
1.1908891201e+00
3.4047480673e-02
-3.2526326180e-01
1.5766618252e+00
-1.9069058895e+00
2.7515393496e-01
-6.1312243342e-02
9.7922658920e-01
-9.4383674860e-01
-4.3305239677e+00
-2.3677110672e+00
-1.9038343802e-02
3.6001992226e-01
4.6939289570e-01
1.0247876644e+00
4.4558888674e-01
-2.2041334212e-01
-2.2759556770e-01
-1.2934103608e-01
-2.7148205042e-01
6.9635838270e-01
7.5435858965e-01
-3.4200206399e-01
-2.3856545985e-01
4.3695589900e-01
-2.2544430196e-01
-8.8748145103e-01
-4.2756090164e+00
-5.5739516020e-01
6.1406278610e-01
7.8132748604e-01
-2.6606929302e-01
-2.2720704079e+00
3.5700234771e-01
7.1151919663e-02
1.3210868835e+00
7.2748772800e-02
-1.8945580721e-01
-1.8236879259e-02
-1.6960110664e+00
5.3991802037e-02
-1.7736283541e+00
-9.5474585891e-02
-7.0164155960e-01
3.5519194603e-01
6.3757139444e-01
2.2189782560e-01
9.2803478241e-01
4.7177931666e-01
-5.5515003204e-01
2.4186654389e-01
1.9946864247e-01
1.8269068003e-01
-1.5699109435e-01
-1.6782154143e-01
1.1203560978e-01
1.1926096678e-01
-3.1355315447e-01
2.2349864244e-01
2.3217506707e-01
1.1763180494e+00
1.1826552218e-03
7.6797306538e-02
1.4967234135e+00
-1.3743727207e+00
7.7520883083e-01
-2.1307481825e-01
9.2946779728e-01
-1.5089721680e+00
-3.2535116673e+00
-2.1420288086e+00
2.5585159659e-01
5.1522767544e-01
4.3011176586e-01
-2.4403470755e-01
-1.3295773268e+00
-6.8756395578e-01
-4.1068005562e-01
-2.2242084146e-01
4.4233649969e-01
6.6908830404e-01
6.2752676010e-01
-5.1913541555e-01
4.4201239944e-01
4.3905803561e-01
-1.4466454983e+00
-6.9339871407e-01
-2.7942676544e+00
-3.6182571203e-02
5.8000910282e-01
9.8109543324e-01
-5.2073723078e-01
-3.3875638247e-01
2.3913510144e-01
2.9403337836e-01
-6.4987885952e-01
-7.7638673782e-01
-2.9313343763e-01
-4.8040822148e-01
-5.8117496967e-01
1.5231345892e+00
1.1360497475e+00
2.7447158098e-01
1.4335791767e-01
-7.2172623873e-01
7.4587142467e-01
-3.5761219263e-01
8.4045284986e-01
1.0178790241e-01
-8.4752988815e-01
-4.3145198822e+00
4.4891181588e-01
9.0991936624e-02
2.6443099976e-01
-3.8888928890e+00
-1.1258318424e+00
-2.8117743134e-01
-6.9505977631e-01
-3.3937084675e+00
5.0702887774e-01
6.6952592134e-01
8.6951833963e-01
-3.1824085116e-01
3.0347051099e-02
5.4876446724e-01
-8.3227121830e-01
-5.6786155701e-01
-6.6296434402e-01
-2.0186640322e-01
2.5218495727e-01
8.0156761408e-01
-2.5584645271e+00
-9.1738492250e-01
2.8099399805e-01
4.5288246870e-01
-7.7360904217e-01
-3.4538227320e-01
-3.0259513855e-01
-3.8591143489e-01
-1.2455205619e-01
3.0682203174e-01
1.3496746123e-01
-3.5389682651e-01
6.2076491117e-01
-3.2293030620e-01
5.1630187035e-01
4.8684358597e-02
5.4413437843e-01
-1.7540487647e-01
3.5639174283e-02
1.6909299791e-01
-8.1499926746e-02
4.3408110738e-01
-2.1696080267e-01
-5.3791373968e-02
1.2689495087e-01
-2.1632736549e-02
-8.8908419013e-02
-5.5867147446e-01
-7.1187591553e-01
-1.8272233009e+00
-1.2933598757e+00
-3.9910927415e-01
2.5921407342e-01
-3.2463946939e-01
3.0528169870e-01
1.1657614261e-01
7.8192943335e-01
1.4594231546e-01
-3.7037342787e-01
-8.5184311867e-01
4.3516117334e-01
-9.8469686508e-01
-4.6734166145e-01
7.7967119217e-01
3.3415520191e-01
-1.3716872782e-02
-1.0186876357e-01
-3.6137017608e-01
-3.1106072664e-01
-1.1408533156e-01
-1.3063323498e+00
-6.0425084829e-01
-5.8626526594e-01
3.0989962816e-01
-1.0939693451e+00
3.7564549129e-03
-3.0200061202e-01
4.1681956500e-02
1.3244776428e-01
-1.0386325419e-01
2.6508939266e-01
9.2767573893e-02
-3.8219830394e-01
4.6856874228e-01
7.2899949551e-01
-1.9609438255e-02
-3.9548164606e-01
6.8256062269e-01
1.1161085963e-01
9.1408884525e-01
8.8704174757e-01
-4.4664368033e-01
-6.1132955551e-01
5.9764411300e-02
4.8588775098e-02
-1.0857020617e+00
-3.3433191776e+00
4.4781559706e-01
5.6607712060e-02
1.3850100040e+00
2.7876064181e-02
-9.9586226046e-02
3.6743682623e-01
-2.8070445061e+00
-1.0526779108e-02
-1.1215071678e+00
3.6734979600e-02
-7.0215642452e-01
1.4764301479e-01
9.2924129963e-01
5.0739639997e-01
-1.8184787035e-01
8.4679836035e-01
6.3397429883e-02
3.5168960690e-01
-1.7680205107e+00
-9.6475332975e-01
-1.0802067518e+00
-6.8365141749e-02
7.4162162840e-02
-3.1968438625e-01
-4.9600896835e+00
3.7711453438e-01
-1.2942444086e+00
-4.1566826403e-02
-1.0852842331e+00
-1.4572910964e-01
3.0917555094e-01
-2.5841569901e-01
3.0750429258e-02
-1.5757995844e-01
7.6434634626e-02
6.4020626247e-02
-6.8380033970e-01
-1.1232224852e-01
-1.4745792747e-01
3.5652363300e-01
2.6372963190e-01
3.7667039037e-01
2.1919652820e-01
5.1615780592e-01
-3.0434176326e-02
-8.8395178318e-02
3.5028329492e-01
6.6453047097e-02
-3.9912101626e-01
-5.0248134881e-02
-5.7050630450e-02
5.7032847404e-01
7.6684719324e-01
-3.8272422552e-01
2.3085458204e-02
5.8211183548e-01
-2.6846939325e-01
4.1955360770e-01
5.3133420646e-02
5.3811166435e-02
-5.5322486162e-01
4.2488861084e-01
-9.6981460229e-03
-7.2352898121e-01
-1.0619124398e-02
-1.3625822067e+00
2.4359655380e-01
-2.2537858784e-01
-6.9532603025e-01
-1.3315228745e-02
-9.7294682264e-01
1.2261010706e-01
5.5779796839e-01
6.8911302090e-01
-3.4217736125e-01
3.9672768116e-01
2.6502260566e-01
-3.0791583657e-01
-1.7064869404e+00
2.9030650854e-01
4.3264949322e-01
1.2984568253e-02
5.1364380121e-01
-6.9790101051e-01
-4.5233917236e+00
4.9711522460e-01
-6.0157245398e-01
5.3979367018e-02
-1.4192945957e+00
-7.2584694624e-01
3.4811943769e-01
2.2967666388e-01
-1.5912743807e+00
2.9503977299e-01
-6.5497714281e-01
2.9242274165e-01
2.4682985246e-01
1.8147075176e-01
-1.5428824723e-01
-6.8516023457e-02
-2.3282384872e-01
2.2096665204e-01
2.4215912819e-01
1.8491277099e-01
3.2153317332e-01
-1.8123044074e-01
4.7252473235e-01
8.7436276674e-01
-2.3835010827e-01
-3.4819358587e-01
2.6387327909e-01
-3.8780444860e-01
-6.0815945268e-02
-5.0245100260e-01
-6.6411919892e-02
6.0782581568e-01
3.4786453843e-01
-4.3487370014e-01
1.4186678827e-01
9.9453651905e-01
-5.5179750919e-01
-5.0074470043e-01
7.1782970428e-01
7.5690662861e-01
-2.3701754212e-01
-1.3043779880e-02
-1.0875830650e+00
1.9864745438e-01
-3.6279535294e-01
-2.3014144599e-01
2.1005783975e-01
-9.1795819998e-01
-3.2382991910e-01
4.8525074124e-01
3.4472423792e-01
8.6061948538e-01
1.8952594697e-01
-8.4435003996e-01
-3.4806019068e-01
1.9830788672e-01
-5.2431011200e-01
-3.3468064666e-01
4.9739795923e-01
7.4083608389e-01
-3.3449703455e-01
-3.3201232553e-01
-8.5746276379e-01
1.8046569824e-01
-1.5769834816e-01
-3.8338992745e-02
4.6236222982e-01
-1.8982465565e-01
3.1394633651e-01
-4.7359934449e-01
2.0023714006e-01
-1.7437221110e-01
-7.8592672944e-02
6.2578195333e-01
-1.1802585423e-01
-1.8059743568e-02
-4.4386515021e-01
-8.5882902145e-01
-9.5161652565e-01
-1.5894051641e-02
-6.6875147820e-01
-1.1470767856e-01
-1.5731652975e+00
-2.5598269701e-01
-2.4868427217e-01
-1.6410626471e-01
-4.2354080826e-02
-1.5045799017e+00
1.0955101252e+00
-8.3263528347e-01
-1.9901633263e-01
1.1118968725e+00
-1.9086447358e-01
-5.7391580194e-02
-6.8216323853e-01
2.4333567917e-01
4.3958863616e-01
-6.9007879496e-01
7.0472872257e-01
4.4442507625e-01
-9.1559733846e-05
-1.7172211409e-01
-5.3301703930e-01
3.2547034323e-02
-4.5828211308e-01
-2.1395704746e+00
1.0629446507e+00
3.9352539182e-01
-1.2884398699e+00
4.3915295601e-01
-5.1613068581e-01
2.0550169051e-01
5.1040220261e-01
-3.9841160178e-01
-7.0910847187e-01
-1.0430810452e+00
-2.3841922283e+00
5.7416880131e-01
-4.1223397851e-01
-3.7910631299e-01
6.9707936049e-01
-6.4969533682e-01
6.7615103722e-01
-1.9240970612e+00
-3.3966869116e-01
6.0163866729e-02
3.4125325084e-01
-9.4055220485e-02
-6.8519872427e-01
-5.0273030996e-01
4.6213847399e-01
-1.1833603680e-01
-1.9746297598e-01
1.6717474163e-01
-9.9737679958e-01
-1.7618367076e-01
-2.0703043938e+00
-9.3123838305e-02
-2.6512467861e-01
-5.3620249033e-01
2.4185521901e-01
-2.5653138757e-01
-4.6681165695e-01
-9.9763625860e-01
-1.3058114052e-01
-3.7567746639e-01
-1.6302292347e+00
8.8412597775e-02
3.5614150763e-01
4.8511844873e-01
-3.8555848598e-01
-8.0491101742e-01
4.1630843282e-01
4.4128030539e-01
-7.7005690336e-01
7.9674786329e-01
-6.6232872009e-01
4.6167463064e-01
1.0115948915e+00
1.4507246017e-01
-3.4580311179e-01
6.1042541265e-01
1.7101345956e-01
5.4276758432e-01
-1.3094393015e+00
-5.2743434906e-01
2.1552619338e-01
-4.0557774901e-01
1.1425748467e-01
2.3125970364e-01
5.9916871786e-01
5.1316197962e-02
-5.1902693510e-01
3.1472295523e-01
-5.2673137188e-01
3.2951283455e-01
-8.9851535857e-02
-3.9198166132e-01
3.3487588167e-01
3.6024540663e-01
5.3231652826e-02
1.8002377450e-01
-1.1115585454e-02
-1.3141418993e-01
2.0021668077e-01
-9.9967825413e-01
3.0348357558e-01
3.0985686183e-01
8.3806365728e-01
3.0259642005e-01
1.8514339626e-01
2.2472095490e-01
4.4105242938e-02
2.5469723344e-01
2.8721002862e-02
-2.7611458208e-03
1.1151354760e-01
-3.1534293294e-01
-1.5244996548e+00
2.3620761931e-01
2.9322442412e-01
1.1051151156e-01
-3.8395264745e-01
-5.2597685717e-03
2.8726654127e-02
-8.4641951323e-01
6.1364418268e-01
1.7377120256e-01
1.1385223866e+00
7.0546215773e-01
-1.1449719667e+00
-7.4661478400e-02
-1.9486708334e-03
3.7854400277e-01
-1.1928106546e+00
-8.7552857399e-01
-1.8027888238e-01
2.5102359056e-01
-1.7144615650e+00
3.0944013596e-01
5.0528752804e-01
-2.3887565136e+00
5.5560725927e-01
8.2508742809e-01
5.3422278166e-01
-1.0034698993e-01
-7.3250514269e-01
-8.1260073185e-01
8.7358087301e-02
1.4450293779e-01
-1.9112081826e-01
2.2129172087e-01
-8.3818322420e-01
-5.6568574905e-01
-4.2804315686e-01
-8.9839488268e-01
9.5025680959e-02
-6.9558548927e-01
2.8902277350e-01
1.3977651298e-01
-3.7344112992e-01
1.9754561782e-01
-9.8824417591e-01
-3.1631389260e-01
-5.4577594995e-01
-4.9314963818e-01
-3.6901110411e-01
-4.8799172044e-01
-4.4782423973e-01
8.4979668260e-02
-3.4180548787e-01
7.9274517298e-01
-7.7567279339e-01
-5.0555962324e-01
-4.1488450766e-01
-1.1722401381e+00
1.7046022415e-01
-6.3528174162e-01
-1.1872983724e-01
4.5312401652e-01
-2.9512453079e-01
1.3238294423e-01
-8.5090827942e-01
6.4073793590e-02
-2.2873651981e-01
-7.2501850128e-01
5.0003302097e-01
2.2520804405e-01
5.1117682457e-01
2.4024273455e-01
-2.0811279118e-01
7.3626480997e-02
-7.5473856926e-01
4.0425196290e-01
-2.9549092054e-01
1.1780711263e-01
-4.5588843524e-02
5.4163277149e-01
-1.6365603209e+00
-6.8407088518e-01
4.1120475531e-01
-2.2029881477e+00
3.7480801344e-01
-8.5229808092e-01
6.5674966574e-01
-9.5568877459e-01
-2.1881355345e-01
5.5030870438e-01
7.1868292987e-02
1.3626042604e+00
-4.0709382296e-01
-1.4965813160e+00
6.8360096216e-01
-2.2748751640e+00
-3.7546846271e-01
-4.8467121124e+00
-2.1502070427e+00
2.2717371583e-01
2.0654340088e-01
8.9943289757e-01
3.1377226114e-01
5.2334475517e-01
3.9577013254e-01
-1.1892187595e+00
-1.9411928654e+00
-4.0062969923e-01
-2.1526516974e-01
-3.1138613820e-01
4.4193291664e-01
1.9429077208e-01
3.8044643402e-01
-7.6498550177e-01
3.7731986493e-02
-2.5117576122e-01
1.3495798409e-01
-1.3668398559e-01
-8.0257362127e-01
2.0247288048e-01
-3.9716219902e-01
2.0518550277e-01
-2.1373233199e-01
5.0064980984e-01
-1.3804771006e-01
-7.7663183212e-01
-6.0668265820e-01
-1.4062014222e-01
4.2014062405e-01
1.9614595175e-01
-9.7256481647e-02
3.6720070243e-01
-1.2356144935e-01
2.2983589768e-01
-1.2804630995e+00
2.7037194371e-01
-1.8340064585e-01
3.0266326666e-01
1.8062992394e-01
1.4333990216e-01
4.9939903617e-01
8.8047370315e-02
2.2963929176e-01
-5.7315009832e-01
7.6510384679e-02
-1.5454709530e-01
3.6249771714e-01
-4.6079176664e-01
3.6408030987e-01
2.5761348009e-01
-4.1025397182e-01
1.2585735321e-01
-2.6269817352e-01
3.9608737826e-01
-1.6886128187e+00
3.7384343147e-01
-2.3107127845e-01
8.4809803963e-01
8.5954320431e-01
3.5326901078e-01
4.9893683195e-01
-8.6239206791e-01
4.4453710318e-01
-1.8257206678e+00
3.3081296086e-01
1.0247357190e-01
3.5745933652e-01
-3.2269152999e-01
5.3507077694e-01
-2.3032920063e-01
4.1806665063e-01
-3.7498888373e-01
2.7795574069e-01
-4.4322547317e-01
1.4754531905e-02
-6.9418621063e-01
-4.5891278982e-01
-7.0323455334e-01
2.3111675680e-01
5.8583214879e-02
4.4093680382e-01
-2.9581084847e-01
1.4318223298e-01
6.0889631510e-01
7.5881049037e-02
3.2069748640e-01
-1.6276092529e+00
-8.1871831417e-01
2.2247837484e-01
3.5684925318e-01
-1.2114474773e+00
2.2732718289e-01
-1.2552875280e+00
6.5384268761e-01
-1.3774955273e+00
4.8065856099e-01
-1.4721047878e+00
8.9035469294e-01
2.1783530712e+00
2.0064157248e-01
-1.8055201769e+00
-3.6535677910e+00
3.3385309577e-01
-5.3745942116e+00
4.0918350220e-01
1.4971661568e-01
3.6549097300e-01
-3.0903918743e+00
6.2897014618e-01
1.7211551964e-01
-2.4881751537e+00
1.6773478985e+00
-6.3215690851e-01
-3.4818375111e+00
1.1352922916e+00
5.4574614763e-01
5.6999742985e-02
-1.6025611758e-01
-6.2979969978e+00
3.0824291706e-01
2.2528097034e-01
-1.4976959229e+00
6.2520438433e-01
-9.8909825087e-01
8.7556970119e-01
-3.0651254654e+00
-7.9591453075e-02
-1.9964452088e-01
4.0123677254e-01
4.8640355468e-01
6.8708759546e-01
2.5064179301e-01
-4.9453660846e-01
6.9549101591e-01
-2.2136592865e+00
-1.5505459905e-01
-2.4726678431e-01
4.0108764172e-01
2.3973706365e-01
1.5006902814e-01
6.5451371670e-01
-1.6439606249e-01
4.0180620551e-01
-2.6308429241e-01
9.6831947565e-02
1.7596495152e-01
2.2171898186e-01
-1.4683862031e-01
-1.0562167168e+00
-9.3826198578e-01
7.4801945686e-01
-7.5068861246e-01
1.1708226055e-01
-6.8023061752e-01
3.2502886653e-01
-4.5685535669e-01
-7.3149120808e-01
1.2606820464e-01
-4.0595513582e-01
-7.5242215395e-01
7.8276789188e-01
1.3034310937e-01
-1.0146313906e+00
1.0421272367e-01
-6.7540830374e-01
-6.1944943666e-01
-6.3258337975e-01
-2.6001214981e-01
-1.2625927925e+00
-9.3460297585e-01
-1.0699601471e-01
-6.8788909912e-01
-4.2245812714e-02
-7.0480918884e-01
2.0017646253e-01
-7.0709359646e-01
-8.9580237865e-01
-3.5652524233e-01
-6.4787542820e-01
-3.4328776598e-01
7.6085740328e-01
-4.4583055377e-01
-1.3684846163e+00
5.1827335358e-01
-3.5958829522e-01
-1.4821536541e+00
-1.1533883810e+00
-1.9592858553e+00
4.0943387151e-01
6.3466358185e-01
-6.4073944092e+00
4.4510090351e-01
-9.3667298555e-02
-2.7383971214e-01
7.1227049828e-01
6.2299114466e-01
-5.3802937269e-01
1.6658557951e-01
-1.8296993971e+00
2.8467914462e-01
6.5337616205e-01
-5.2401332855e+00
1.5746864676e-01
-1.2104135007e-02
8.5144644976e-01
-1.5693209171e+00
3.4047508240e-01
-2.1944589615e+00
1.9952562451e-01
2.3044671118e-01
-2.6686103344e+00
8.7380683422e-01
-1.3953779936e+00
1.0682561398e+00
4.6683602035e-02
9.1504776478e-01
-2.4330379963e+00
1.1111571789e+00
8.7861937284e-01
1.0916383564e-01
9.0034323931e-01
-4.4970288277e+00
-6.1087049544e-02
-3.3811202049e+00
5.6879854202e-01
-2.0384600163e+00
3.0479654670e-01
-3.7498962879e-01
-4.1245681047e-01
3.8783562183e-01
9.0822823346e-02
-5.7400935888e-01
1.3518643379e-01
1.7410393059e-01
-9.4209975004e-01
-1.3199429214e-01
3.2543283701e-01
4.9698582292e-01
-5.3948718309e-01
-5.8922779560e-01
1.0563850403e+00
1.9243258238e-01
-1.6696053743e+00
7.8915613890e-01
-3.8669478893e-01
7.1822673082e-01
-8.2400523126e-02
4.3806247413e-02
4.1930097342e-01
1.8362082541e-01
1.7099857330e-01
3.7058871984e-01
-2.5577065349e-01
6.0033988953e-01
-5.3674197197e+00
1.6492232680e-02
-2.7965381742e-01
1.5575586818e-02
1.4152239263e-01
1.3688340783e-01
4.8510211706e-01
-4.2125653476e-02
3.5852339864e-01
-4.1386872530e-01
-1.6867239773e-01
6.6080465913e-02
2.8514325619e-01
-1.1958986521e+00
1.2639647722e-01
4.0480163693e-01
-5.0914320946e+00
1.8623711169e-01
-4.3774840236e-01
3.1723237038e-01
6.1945283413e-01
7.6035362482e-01
-8.2947850227e-01
5.6110465527e-01
9.3999713659e-01
4.8675444722e-01
-7.9225945473e-01
-7.7602157593e+00
-3.0638238415e-02
-2.3940548301e-01
7.0487189293e-01
-5.2505749464e-01
6.0088366270e-01
-7.3640924692e-01
-1.8226487562e-02
-2.2989647090e-01
-1.1035206318e+00
-7.3762905598e-01
-7.3385608196e-01
2.4625231326e-01
4.8634681106e-01
-1.4090814590e+00
-6.0962766409e-02
-8.8335573673e-01
-1.5580604970e-01
8.2894526422e-02
7.4335491657e-01
-2.2131305933e-01
-4.1630959511e-01
1.1390606314e-01
4.9153396487e-01
-9.5253902674e-01
-2.1790798753e-02
-7.4158561230e-01
-3.2190677524e-01
-3.6603733897e-01
-6.2626391649e-01
-3.3822703362e-01
-7.8473076224e-02
8.3830013871e-02
1.4427967370e-02
-1.8882563710e-01
1.8807412684e-01
5.3126275539e-01
-1.6913590953e-02
1.6774773598e-01
1.7695160210e-01
-3.3609503508e-01
-3.0377918854e-02
-1.4640870690e-01
4.5178410411e-01
-2.0257818699e-01
-5.4101246595e-01
-1.1405690908e+00
4.5516636968e-01
7.1111762524e-01
-1.9104682207e+00
3.4898695350e-01
-6.2017649412e-01
4.5270887017e-01
1.2403017282e-01
7.1358758211e-01
-8.2320904732e-01
6.4287918806e-01
1.3313935697e-01
3.4325847030e-01
-1.2243756056e+00
-3.1705839634e+00
4.1967570782e-01
-3.4629499912e+00
9.1602855921e-01
2.8941042721e-02
2.6029282808e-01
-2.5076803565e-01
1.3880504668e-01
-1.0206205845e+00
-1.5358497389e-02
-5.7590603828e-01
-2.5558385253e-01
1.0788591951e-01
-7.1400719881e-01
2.0102865994e-01
-2.6929590851e-02
4.8929485679e-01
-6.3027393818e-01
2.0964092109e-03
5.7797890902e-01
1.4784708619e-01
-2.0092485473e-02
2.5717711449e-01
7.7237778902e-01
-1.6550935805e-01
-2.1088053286e-01
-5.7904523611e-01
1.3300240040e-01
3.1197220087e-01
-8.2465225458e-01
-1.6208261251e-01
-5.0667685270e-01
4.4726085663e-01
8.2988321781e-02
-9.4779290259e-02
-5.1431256533e-01
-5.1350414753e-01
-5.8217233419e-01
-3.8403823972e-02
3.1191405654e-01
-1.8462897837e-01
3.9562582970e-02
-1.6454206780e-02
4.5205268264e-01
-3.7799963355e-01
-5.8203756809e-01
-1.7962293699e-02
3.3096382022e-01
-1.7001056671e-01
2.2514168918e-01
4.6772733331e-01
-6.3072264194e-01
6.9593781233e-01
-7.9996532202e-01
-3.2391282916e-01
-1.3634170592e-01
1.7930997908e-01
1.2447579950e-01
5.6573885679e-01
8.8033932447e-01
3.4718433022e-01
3.9009645581e-01
1.1912424862e-01
-5.3364620209e+00
1.4228603244e-01
3.3341899514e-01
-6.0609823465e-01
1.9679546356e-02
6.0777717829e-01
-7.1515202522e-02
-4.1604763269e-01
-5.1276755333e-01
-5.3166413307e-01
-3.2167240977e-01
3.8626945019e-01
-1.1015202999e+00
-1.9014261961e+00
-2.7791950107e-01
1.3173273206e-01
-5.6235641241e-01
3.7821628153e-02
-1.5005496144e-01
-3.0701363087e-01
1.0921592712e+00
-1.3220442533e+00
-4.8474884033e-01
-1.0059417486e+00
4.0083861351e-01
7.0168936253e-01
-1.0115494728e+00
4.1259765625e-01
-5.7444870472e-01
7.6071858406e-01
-1.2645566463e+00
8.7760162354e-01
-8.4714436531e-01
8.3692950010e-01
1.1826846600e+00
4.8832890391e-01
-2.2871458530e+00
-1.3017001152e+00
2.6219511032e-01
-3.3681416512e+00
1.4027768373e+00
4.9565851688e-01
3.9800128341e-01
-1.6000549495e-01
5.3695327044e-01
-3.3164782524e+00
9.4485747814e-01
6.7724937201e-01
-6.1041432619e-01
3.9644795656e-01
-9.3683809042e-01
-9.0063470602e-01
-3.7874242663e-01
2.1049995720e-01
2.6558139920e-01
-2.1935744584e-01
6.0309702158e-01
1.4792186022e-01
4.3811360002e-01
-4.4051953591e-03
-7.2514286041e+00
1.4174374342e+00
1.8439218402e-01
-6.2274402380e-01
2.4543078244e-01
-7.4745500088e-01
-7.1891456842e-01
-7.6478451490e-01
-4.6835672855e-01
-2.5066062808e-01
-1.2087574601e-01
-3.2817924023e-01
-7.4140232801e-01
9.9067229033e-01
2.5553360581e-01
-2.8862133622e-01
-1.8662997484e+00
-1.8986679614e-01
2.0151771605e-01
-1.2853702307e+00
9.2216694355e-01
6.7113888264e-01
7.5481764972e-02
-7.5379836559e-01
4.5837853104e-02
9.7424894571e-01
-7.0467025042e-01
1.8154509366e-01
1.2928128242e-01
2.6517730951e-01
-3.8247771263e+00
6.5614515543e-01
-3.4577959776e-01
6.0232365131e-01
-9.9573396146e-02
5.9438323975e-01
-8.5477465391e-01
-6.0336917639e-01
3.8031908870e-01
-1.0696508884e+00
3.5541722178e-01
4.6935626864e-01
3.7115056068e-02
-4.6330174804e-01
2.9093253613e-01
-2.6640802622e-01
3.1399929523e-01
1.2213740498e-01
-1.2995028496e-01
3.6535227299e-01
-1.9786328077e+00
3.5162496567e-01
-1.4186361432e-01
-8.9639812708e-02
-1.3462643325e-01
6.7053757608e-02
-3.0851376057e-01
2.7792537212e-01
9.7795352340e-02
-8.9080023766e-01
-1.2187890708e-01
6.0852084309e-02
2.4159163237e-01
-4.6342185140e-01
1.7888534069e-01
2.0866800845e-01
4.0231344104e-01
2.2904166579e-01
-8.8641457260e-02
3.3914104104e-01
-1.0177913904e+00
5.1721286774e-01
-2.7257502079e-01
4.9905851483e-02
-2.6606006548e-02
-4.1697062552e-03
-6.0997557640e-01
1.9586658478e-01
1.6053493321e-01
-5.9912091494e-01
-4.9884599447e-01
2.1260252595e-01
-1.2973478436e-01
-1.2416247278e-01
7.0921638981e-03
7.1724176407e-02
2.4482665956e-01
2.5359052420e-01
-2.6150366291e-02
-7.6509076357e-01
-1.0777081251e+00
6.2924855947e-01
5.4806496948e-02
1.8266858160e-01
-4.0067249537e-01
8.0007737875e-01
1.0284898281e+00
8.4531106055e-02
-1.5493133664e-01
-2.9702584725e-03
2.4091474712e-01
-1.2308475971e+00
-5.4590386152e-01
-3.6885693669e-01
2.1987034008e-02
-2.6377627850e+00
4.1477572918e-01
5.8075881004e-01
2.4743293226e-01
6.1809763312e-02
1.0731243342e-01
6.7513298988e-01
2.5362122059e-01
8.4152823687e-01
1.8318774179e-02
-1.9737118483e-01
-1.8433276415e+00
9.0799130499e-02
1.8267570436e-01
-5.7124185562e-01
-4.6424433589e-01
1.7212694883e-01
-3.8196134567e-01
1.3043257594e-01
5.7461440563e-01
-2.3886404037e+00
6.6614890099e-01
1.7815072834e-01
-3.9057731628e-01
-3.4703576565e-01
-6.0779869556e-01
-2.5499846935e+00
-5.3142607212e-01
3.0337953568e-01
-5.8820247650e-02
-2.3913021088e+00
9.7123283148e-01
4.4710841775e-01
5.5382231949e-04
3.6292746663e-01
-1.2007797956e+00
5.5004197359e-01
-1.7123771831e-02
-8.6281120777e-01
-4.0065381676e-02
7.1131968498e-01
-3.8682769984e-02
5.4435956478e-01
1.0779977590e-01
6.2854439020e-01
-2.5536315441e+00
1.1102324724e+00
-3.7156674266e-01
5.3401142359e-01
-5.7020610571e-01
8.4753096104e-01
-4.5828559995e-01
4.8582520336e-02
-7.9449657351e-03
-1.9642800093e-01
-3.6674275398e+00
2.5384169817e-01
-2.1808674559e-02
-3.9853861928e-01
6.4442694187e-02
2.6502570510e-01
-8.7058371305e-01
1.7858287692e-01
-1.4298862219e-01
5.6532722712e-01
3.0341473222e-01
1.5044599771e-01
-3.3470556140e-01
8.9788031578e-01
-1.5057796240e-01
4.9771156162e-02
-4.2749986053e-02
2.8071781620e-02
-7.9091519117e-02
-6.1151057482e-01
1.4746323228e-01
1.9229958951e-01
8.1874363124e-02
-5.8999150991e-01
2.7833318710e-01
-9.1508072615e-01
5.3552490473e-01
1.6753607988e-01
1.7531417310e-01
-4.8267323524e-02
-8.0901676416e-01
-9.4449311495e-01
3.1530332565e-01
3.0718460679e-01
-2.8530585766e-01
1.3715589046e-01
-2.2855997086e-01
-9.2807620764e-01
3.9093926549e-01
2.7805480361e-01
-2.1448826790e-01
1.0873825550e+00
-1.9366075099e-01
-9.5884490013e-01
4.5546088368e-02
-9.7099965811e-01
3.4972381592e-01
6.7544573545e-01
2.9188567400e-01
9.7549360991e-01
7.5894868374e-01
9.7650533915e-01
-4.5328208804e-01
7.9867607355e-01
4.7473570704e-01
9.0198707581e-01
-5.8120977879e-01
-3.4980621934e-01
4.2351919413e-01
-1.9143280387e-01
-2.8764023781e+00
4.0516754985e-01
2.3891898990e-01
2.3073932528e-01
6.1598545313e-01
-4.3282720447e-01
6.1518925428e-01
-6.8639749289e-01
-2.6867938042e+00
-2.9504044056e+00
-3.2653328031e-02
-1.2414038926e-01
-6.9932782650e-01
-9.9960342050e-02
-1.5407728963e-02
-6.0014333725e+00
5.3093385696e-01
6.7300522327e-01
-6.9974862039e-02
1.2490555048e+00
2.5361493230e-01
1.0985079408e-01
3.8142526150e-01
2.8243601322e-01
2.5719189644e-01
-1.6151217222e+00
4.8185947537e-01
-6.9438761473e-01
-1.0347745419e+00
-2.5652596951e+00
-1.6833260059e+00
-1.7013667822e+00
-1.1308358908e+00
-1.5988303423e+00
1.1339389533e-01
-5.7580347061e+00
5.0812727213e-01
5.4905438423e-01
-3.3687222004e-01
5.4924142361e-01
3.1313415617e-02
9.9017882347e-01
1.4564286172e-01
-5.4491519928e-01
-2.0917873085e-01
-1.7310531810e-02
-5.8131837845e-01
1.8298560753e-02
-8.9727435261e-03
7.5797230005e-01
-2.9244197067e-03
4.1656386852e-01
-6.4621430635e-01
9.2059648037e-01
3.6497348547e-01
7.4905329943e-01
-1.1693083048e+00
-1.0973491669e+00
-2.4623878300e-01
-1.9334265590e-01
-6.3604488969e-02
3.5707780719e-01
-2.0935347676e-01
-8.7012505531e-01
-3.3849194646e-01
-2.0909135044e-01
-8.0640119314e-01
-6.9449210167e-01
3.4945800900e-01
7.0815622807e-01
-4.3418687582e-01
9.1567200422e-01
-2.9885464907e-01
-3.2361853123e-01
3.3596467972e-01
1.5477523208e-01
-3.6803245544e-01
-6.8339848518e-01
-2.3026663065e-01
-6.5382325649e-01
3.4882828593e-01
-1.2118960619e+00
-1.3381759822e-01
4.8545449972e-01
-7.8132987022e-02
-7.4796849489e-01
4.4405281544e-01
-1.7610388994e+00
-1.9792443514e+00
-5.3850660324e+00
-5.7683235407e-01
-1.0837397575e+00
-1.3279885054e+00
-2.8745434284e+00
-4.2822930217e-01
-2.4549698830e+00
7.4043321609e-01
8.2199484110e-01
-8.0799710751e-01
1.1007070541e+00
-4.6636450291e-01
-1.5068089962e-01
3.9949551225e-01
-1.3265439272e+00
4.8738145828e-01
-1.8936655521e+00
7.0365780592e-01
-3.4146612883e-01
6.6659033298e-01
8.5538126528e-02
6.8333023787e-01
6.9122678041e-01
-7.2800956666e-02
-4.9556705356e-01
4.4926574826e-01
1.7224557698e-01
-3.7123554945e-01
-3.9713191986e-01
5.8284246922e-01
2.3799268901e-01
-1.1575905085e+00
-1.1011831760e+00
-4.8015284538e-01
-3.9969033003e-01
-2.0863162354e-02
1.9079123437e-01
-1.7347154021e-01
6.9912262261e-02
2.0593075454e-01
6.1709910631e-01
2.7625262737e-01
3.9931081235e-02
-3.0795392394e-01
1.6146060824e-01
-1.4543663710e-02
2.1517844871e-02
-1.2566831708e-01
2.8243830800e-01
-6.8310238421e-02
1.4808806777e-01
2.8562473133e-02
-2.1429264545e-01
2.0216886699e-01
3.5334357619e-01
-2.5698781013e-01
-9.8801773787e-01
8.8053397834e-02
-2.6466233730e+00
-8.1001031399e-01
-5.3880238533e+00
-1.1665144563e-01
-1.1112481356e+00
-1.9423514605e+00
-1.6276276112e+00
-3.6262291670e-01
-1.6327799559e+00
5.1725023985e-01
7.5047314167e-01
-1.1596103907e+00
8.5140794516e-01
-5.4716217518e-01
-1.1078672409e+00
2.8960147500e-01
7.1316289902e-01
-6.9326525927e-01
-9.4743138552e-01
2.5368317962e-01
-5.7799587250e+00
-3.6176941395e+00
-2.5591404438e+00
-5.8811736107e-01
-1.6479507685e+00
-2.1459202766e+00
-7.8127574921e-01
-1.0088175535e-01
-5.5454218388e-01
6.7850381136e-01
8.7844425440e-01
-2.6791052818e+00
1.5051105022e+00
-5.2132022381e-01
-6.7192125320e-01
2.1779696643e-01
-6.6130512953e-01
-9.1495022178e-02
2.7155801654e-01
2.5896319747e-01
2.2367025912e-01
2.1617139876e-01
4.7329235077e-01
2.2276630998e-01
-1.6321779788e-01
-6.4602875710e-01
-4.3189170957e-01
-6.9932244718e-02
2.2722764313e-01
-1.2477986813e+00
1.2128633447e-02
3.7959128618e-01
-1.1615994573e-01
3.2304194570e-01
5.6399035454e-01
-3.3250796795e-01
4.4665461779e-01
-4.9091118574e-01
-1.0697088242e+00
3.2462897897e-01
-7.2932062149e+00
-1.3764253855e+00
-9.7922854125e-02
-9.1513133049e-01
-1.5293347836e+00
-2.0986499786e+00
-2.2358443737e+00
-4.3125757575e-01
-1.1887896061e+00
8.9125400782e-01
8.2253056765e-01
-1.7673499584e+00
1.1261711121e+00
-1.4158543944e-01
-1.4636584520e+00
3.1084761024e-01
-3.4492480755e-01
-5.8025678300e-05
5.5941738188e-02
1.0802483559e+00
-2.5448584557e-01
-3.8852688670e-01
-6.8791143596e-02
3.3527508378e-01
-6.8173509836e-01
-4.6570399404e-01
2.4630737305e-01
4.9630165100e-01
1.7030259967e-01
-9.7615379095e-01
2.7021216229e-02
3.6174935102e-01
-1.2911734171e-02
2.4753195047e-01
3.4529897571e-01
-3.0975103378e-01
3.7864613533e-01
-7.3088026047e-01
-9.0198397636e-01
3.0103233457e-01
-4.6403799057e+00
-4.5453158021e-01
-7.2791796923e-01
-5.9039747715e-01
-1.2681854963e+00
-2.3138732910e+00
-1.7910927534e+00
-8.4013558924e-02
-2.3295535147e-01
2.6291278005e-01
6.8814843893e-01
-4.7603087425e+00
9.3858677149e-01
-5.2942663431e-01
-1.2839396298e-01
-2.6013648510e-01
-2.3262424767e-01
3.4041056037e-01
8.2219719887e-01
-5.7259813184e-04
6.8531090021e-01
-7.7368694544e-01
-1.7042562962e+00
-1.6943541169e-01
-5.6609090418e-02
-5.4735261202e-01
-7.6108342409e-01
-6.1495631933e-01
-1.5176467896e+00
-3.5376462340e-01
5.5249810219e-01
8.6135858297e-01
-2.4265749753e-01
1.3806785643e-01
7.0776450634e-01
-1.2966337800e-01
-2.9299333692e-01
4.2771454901e-03
7.7355796099e-01
-1.9479436874e+00
-1.7538072169e-01
-5.0598859787e-01
5.0345599651e-01
1.2055217475e-01
3.5611617565e-01
-1.9033613801e-01
5.3220003843e-01
-1.2176778167e-01
-1.0997435451e-01
4.0541145951e-02
4.0523117781e-01
9.6942316741e-03
-6.1778652668e-01
1.5215514600e-01
1.6980594024e-02
-2.8714472055e-01
6.1891239882e-01
-2.7804327011e+00
-9.6630465984e-01
-3.6228099465e-01
-6.9542676210e-01
-1.3284997940e+00
-8.9084678888e-01
-1.2973743677e+00
-1.2162599564e+00
-3.2796955109e+00
-6.7842870951e-01
-1.5125572681e+00
-1.4531910419e-01
-6.6554641724e-01
1.4387350082e+00
-5.5706000328e+00
1.3910280466e+00
1.9169117510e-01
-3.5057499409e+00
-1.5050079823e+00
8.5429936647e-01
-5.3742885590e+00
-1.1694442034e+00
-1.5637313128e+00
-1.5283571482e+00
-1.0727169514e+00
-9.6190035343e-01
-9.7988080978e-01
-1.4382426739e+00
-2.2859945297e+00
-1.3502428532e+00
-1.0658992529e+00
-1.1700416803e+00
-5.2273172140e-01
1.0885171890e+00
-4.7732348442e+00
1.1629230976e+00
-9.0434980392e-01
-1.6473823786e+00
-1.6212757826e+00
-8.0917948484e-01
3.5492265224e-01
3.2760798931e-01
3.6919182539e-01
-5.1372146606e-01
-2.9323527217e-01
5.2128887177e-01
-7.9343788326e-02
-4.0482491255e-02
-2.6419949532e-01
-1.3064208031e+00
-9.4088959694e-01
1.6695557535e-01
-1.1889532804e+00
-1.0323513299e-01
4.7668018937e-01
-3.7739390135e-01
4.6143278480e-01
-1.2946808338e+00
-5.5410254002e-01
-1.3209333420e+00
2.7737849951e-01
-6.5791100264e-01
5.8015823364e-01
8.2865285873e-01
2.4123668671e-02
5.7661384344e-01
5.5015379190e-01
6.7526173592e-01
2.3110544682e-01
9.7899591923e-01
1.6489577293e-01
-1.0241939873e-01
-4.8734301329e-01
-2.5121137500e-01
4.6538272500e-01
-1.1450061947e-01
-1.2668354809e-01
5.9557723999e-01
-9.7491544485e-01
-1.3682974577e+00
4.4561736286e-02
8.1221908331e-03
4.6269240975e-01
5.2410393953e-01
6.8849080801e-01
5.0971382856e-01
-2.8138658404e-01
4.9109962583e-01
-4.0451440215e-01
1.7996776104e-01
-2.0374712348e-01
-8.1482291222e-02
-1.0184159279e+00
2.3234994709e-01
8.1048011780e-02
-4.6423792839e-01
5.9003865719e-01
9.3772447109e-01
-2.2867135704e-01
2.7979549766e-01
-6.0797219276e+00
-1.1107578278e+00
-3.9698159695e+00
-9.6293216944e-01
-3.3627936244e-01
-7.5716602802e-01
-9.9588167667e-01
-1.2645912170e+00
-1.6250213385e+00
-3.4145876765e-01
-3.6257913709e-01
-9.2404973507e-01
6.8284070492e-01
8.2038617134e-01
9.3469522893e-02
3.2513329387e-01
-6.7778825760e-01
-1.7658418417e+00
-1.1490408182e+00
-5.4420143366e-01
2.9197752476e-01
-2.8056749701e-01
4.5270064473e-01
-7.3527828790e-03
1.2670715153e-01
3.5453590751e-01
5.1303273439e-01
1.5282596648e-01
-2.7850073576e-01
-4.8929563165e-01
-5.8896499872e-01
-5.0914222002e-01
3.9705154300e-01
4.2478877306e-01
-2.2785761952e-01
4.6728768945e-01
-2.9463738203e-01
-3.2002824545e-01
6.0860961676e-01
-1.0000222921e+00
1.7629511654e-01
1.0784059763e-01
8.4786856174e-01
-9.1867923737e-02
2.3546548188e-01
1.4528132975e-01
8.3768539131e-02
-2.3823576048e-02
-2.0805846155e-01
6.8912416697e-02
-1.1649913341e-01
5.3165696561e-02
-6.6701155901e-01
4.2292189598e-01
1.1012197286e-01
5.4178184271e-01
3.9003217220e-01
3.8403624296e-01
2.8818318248e-01
-4.3558099866e-01
1.8566082418e-01
2.9637950659e-01
2.2694793344e-01
-7.5495564938e-01
2.8063249588e-01
3.1093552709e-01
-7.5508773327e-01
-1.4019787312e-01
-3.9538908005e-01
6.7773413658e-01
3.6098435521e-01
1.0135006905e-01
-1.1271536350e-01
-9.5388516784e-02
-2.6442816854e-01
3.4548363090e-01
4.1140061617e-01
3.1305015087e-02
2.1257285774e-01
-1.0905833542e-01
-4.5726367831e-01
-3.1189516187e-01
-9.9913261831e-02
1.1793442070e-01
2.6253429055e-01
-5.0146347284e-01
-3.0339294672e-01
1.8260385096e-01
-7.4581456184e-01
6.5464335680e-01
-1.3683828115e+00
2.5484392047e-01
3.5677400231e-01
-4.0999838710e-01
3.6996200681e-02
2.3725280166e-01
1.0451839119e-01
-4.5522424579e-01
4.3685334921e-01
-1.7279602587e-01
-1.7779650688e+00
-8.0088436604e-01
-1.1111854315e+00
2.5947031379e-01
-5.6528162956e-01
-1.3449531794e+00
-5.8415216208e-01
-2.0920516551e-01
-1.5293045044e+00
-1.2907963991e-01
-1.0666748285e+00
-5.1174867153e-01
-1.9242298603e-01
3.2181210816e-02
-2.1145079136e+00
6.5069192648e-01
-1.4056429863e+00
-3.3528354764e-01
-2.4893305302e+00
-4.9821611494e-02
-3.0671198368e+00
3.3554416895e-01
-1.3454985619e+00
3.1606274843e-01
7.0021629333e-01
-1.0404568911e+00
2.8287056088e-01
5.1898741722e-01
-3.0213890076e+00
2.1883635521e+00
1.0975091457e+00
-1.6293783188e+00
-1.9541372061e+00
-3.2467031479e-01
-2.9670233727e+00
-1.1452558041e+00
2.1739570424e-02
-3.7410533428e-01
1.7330565453e+00
-1.1955055594e-01
-2.3012874126e+00
6.0600012541e-01
-5.8707958460e-01
-9.4094149768e-02
8.8400554657e-01
5.0624154508e-02
-1.4118900299e+00
7.9248458147e-01
-3.5373439789e+00
2.2466366291e+00
1.4688112736e+00
-2.0373270512e+00
-1.7160311937e+00
-6.9964013528e-04
-1.9704263210e+00
-8.5571187735e-01
5.6882381439e-01
-5.6482958794e-01
1.4232946634e+00
-1.0688107461e-01
-1.3817540407e+00
4.3124166131e-01
2.6264297962e-01
2.1060821414e-01
6.8150758743e-01
3.7030607462e-01
-1.1816002131e+00
9.8981165886e-01
-3.9889092445e+00
1.1555875540e+00
1.4792050123e+00
-1.5254975557e+00
-1.2564420700e+00
1.5891830623e-01
-1.2579616308e+00
-4.8795458674e-01
-2.3747992516e-01
-6.8139380217e-01
4.8129215837e-01
-1.2297987938e-01
-1.4459925890e+00
1.0605882406e+00
4.6724426746e-01
-3.2060709596e-01
1.0271589756e+00
4.8950716853e-01
-1.6521847248e+00
1.0498980284e+00
-2.5704550743e+00
1.3793917894e+00
1.3600746393e+00
-8.7496185303e-01
-1.5548294783e+00
3.6428767443e-01
-8.4377908707e-01
-5.8783173561e-01
-1.1896355152e+00
-1.2533134222e+00
2.3484656215e-01
-5.9436368942e-01
3.4320555627e-02
7.2281944752e-01
-8.4993183613e-01
-6.4715020359e-02
-1.7917382717e-01
-7.5996989012e-01
-1.4968672395e-01
1.0758613348e+00
-8.1449717283e-01
1.5767571330e-01
-6.3479834795e-01
1.0066636652e-01
-1.7221087217e+00
-2.4773051739e+00
-3.3200165629e-01
-2.0787124634e+00
-3.3936366439e-01
4.8892825842e-02
-2.7066946030e-01
-2.4496258795e-01
-1.2436302900e+00
3.9895117283e-01
6.2864375114e-01
-8.9222908020e-01
9.6585702896e-01
3.5473519564e-01
-9.7614324093e-01
1.5544730425e+00
-8.3704823256e-01
1.2856441736e+00
8.4222024679e-01
-4.3940514326e-01
-2.2344465256e+00
4.2926150560e-01
-5.3180241585e-01
-3.0112916231e-01
-2.9271898270e+00
-8.5756462812e-01
3.1302917004e-01
-2.3491726816e-01
-1.2445027828e+00
3.9083385468e-01
8.8757646084e-01
-9.0814310312e-01
1.0970361233e+00
7.7968215942e-01
-2.3962126672e-01
1.2159372568e+00
-4.7525987029e-01
4.7276741266e-01
7.3566369712e-02
-8.2822197676e-01
-1.0481919050e+00
5.9793931246e-01
-3.4398186207e-01
-3.2947741449e-02
-1.5645081997e+00
-2.0427398682e+00
-2.2427919507e-01
-1.5659017861e-01
-2.1065738201e+00
-1.5959060192e-01
3.2285848260e-01
-9.6726512909e-01
5.7769733667e-01
3.7471818924e-01
-1.2165278941e-01
1.3320931196e+00
-9.9121034145e-01
6.4925366640e-01
-8.3621591330e-02
-4.9276563525e-01
-1.4170877635e-01
5.3634136915e-02
-1.4504399300e+00
2.7208045125e-01
-7.5029176474e-01
-2.1736583710e+00
-1.2101920694e-01
-2.2405119240e-01
-2.0509452820e+00
3.6215591431e-01
1.0907838345e+00
-3.0567890406e-01
7.3590832949e-01
6.7650228739e-01
-2.1329139173e-01
1.3074194193e+00
-1.8338789940e+00
4.2649343610e-01
-4.7851186991e-01
-7.4860841036e-01
-1.2126756907e+00
1.7623315752e-01
-7.6794224977e-01
4.8006278276e-01
-1.7950240374e+00
-2.7170498371e+00
-6.9777941704e-01
-6.5309405327e-03
-1.8054057360e+00
1.0096264631e-01
1.4145705700e+00
-2.0810708404e-01
3.8785415888e-01
-3.6912357807e-01
5.2148205042e-01
7.5647687912e-01
-9.6049267054e-01
1.5914041549e-02
-1.9081016779e+00
-2.6529562473e-01
-7.9549527168e-01
-6.3136178255e-01
-2.4588708878e+00
5.3995597363e-01
-1.4463388920e+00
1.8260991573e-01
-3.9455395937e-01
-2.9025354981e-01
-9.4173157215e-01
9.0506382287e-02
1.2353109121e+00
-6.5248064697e-02
6.6504651308e-01
4.8670762777e-01
-1.7015931010e-01
1.0662152767e+00
1.5177970752e-02
-2.7195155621e-01
-1.2621880770e+00
-7.2060447931e-01
-1.2059576511e+00
1.4057408273e-01
-2.8220674992e+00
6.4541679621e-01
-1.5489650965e+00
-1.2732015848e+00
-1.0740896463e+00
-4.2020389438e-01
-9.3158757687e-01
-1.0579149723e+00
-1.0501428843e+00
-4.6691179276e-02
-1.3818010688e-01
2.7041170001e-01
-3.4761908650e-01
-1.8840371072e-01
-3.9328497648e-01
5.0639241934e-02
2.2907756269e-01
5.4886206053e-03
-5.4416364431e-01
-1.3170317411e+00
-4.5793366432e-01
-7.4383890629e-01
-1.3110866547e+00
7.4670821428e-01
-2.7464130521e-01
-1.3485164940e-01
-1.3330955505e+00
2.9147744179e-01
1.2542293072e+00
3.3195009828e-01
4.5519953966e-01
3.8790169358e-01
2.0700322092e-01
8.1227082014e-01
-8.5531544685e-01
-4.9405306578e-02
-2.7588620186e+00
-5.2727711201e-01
-6.3689404726e-01
-6.6662274301e-02
-2.3367063701e-01
5.1002198458e-01
-9.7378361225e-01
-1.3221587241e-01
-9.0354967117e-01
-6.1047799885e-02
2.0215879381e-01
-4.5849274844e-02
1.3603035212e+00
4.5227637887e-01
2.0517525077e-01
2.1883600950e-01
1.5801338851e-01
4.2595180869e-01
-1.0337454081e+00
-6.4790743589e-01
-4.2332205772e+00
-4.1765365005e-01
-2.5598153472e-01
-8.7126880884e-02
-1.2615774870e+00
7.8253322840e-01
-1.6709753275e+00
-6.4939618111e-01
-7.8530657291e-01
-1.4941816032e-01
-2.1560387611e+00
-3.6757147312e-01
1.0014667511e+00
2.6061949134e-01
7.7805930376e-01
8.7461948395e-01
4.5238694549e-01
3.0456814170e-01
1.7906071618e-02
-1.2090086937e+00
-1.8828338385e+00
-5.5575340986e-01
-1.2840065360e-01
-7.7359274030e-02
-1.3831367493e+00
5.8435440063e-01
-7.7171009779e-01
-8.2096958160e-01
-1.2667930126e+00
2.1890790667e-03
-1.6819282770e+00
-3.1313717365e-01
2.8389260173e-01
-3.3727771044e-01
9.4366483390e-02
3.6725893617e-01
7.3261266947e-01
2.6835834607e-02
-4.0305709839e-01
6.7649923265e-02
-7.0480746031e-01
-6.9956916571e-01
-2.0083874464e-01
-6.1914014816e-01
-1.2544710636e+00
5.4891979694e-01
-7.7537286282e-01
-3.6631432176e-01
-1.3526622057e+00
-1.6349564493e-01
-3.3492343426e+00
2.3834896088e-01
8.6384212971e-01
4.6076542139e-01
4.4268754125e-01
1.0491527319e+00
5.8347618580e-01
-1.4361397922e-01
-2.9542914033e-01
-1.2267879248e+00
-4.6836885810e-01
-1.4677441120e-01
9.1470783949e-01
-4.4426032901e-01
-2.0191409588e+00
9.2651832104e-01
-8.1473267078e-01
-1.1188830137e+00
-2.8790535927e+00
-2.6391741633e-01
1.7387278378e-01
-1.0707466602e+00
-4.9355345964e-01
-4.1694594547e-03
1.9813899696e-01
3.9706236124e-01
-1.2150164694e-01
-3.2567442395e-03
1.8691430986e-01
4.7899991274e-02
-1.9334670305e+00
-2.3511305451e-01
-8.2914692163e-01
-1.5881593227e+00
-7.5727342628e-03
-8.7210005522e-01
3.5050520301e-01
6.2961739302e-01
1.2156873941e-01
-3.9742934704e-01
-4.0125599504e-01
-6.2973231077e-01
-2.0342646539e-01
2.6331546903e-01
-5.9720411897e-02
8.7627759203e-03
2.1205690503e-01
-1.5798758715e-02
-1.6482407227e-02
3.6153823137e-01
4.7191077471e-01
4.7774723172e-01
-7.9487359524e-01
-1.1609203815e+00
3.0470164493e-02
3.8822293282e-02
7.4415415525e-02
-1.9331388175e-02
-1.1326026171e-01
-2.1739181876e-01
-4.7467982769e-01
2.0542770624e-01
7.7502059937e-01
3.8280394673e-01
8.1151947379e-02
-7.0786856115e-02
6.4066106081e-01
-3.0689615011e-01
-6.3246822357e-01
-1.5479810238e+00
1.9264349341e-01
-1.3264307380e-01
4.0658164024e-01
-9.4401007891e-01
-1.3047779799e+00
9.5912522078e-01
-9.0963351727e-01
-9.0832477808e-01
-3.5422189236e+00
-3.8558945060e-01
-9.9337083101e-01
-5.6475168467e-01
8.4901106358e-01
4.9700209498e-01
3.0740678310e-01
-7.4252432585e-01
7.5632172823e-01
-5.7254648209e-01
4.3008717895e-01
-1.1975227594e+00
3.5511887074e-01
-2.6576792821e-02
3.7610599399e-01
-6.5393471718e-01
-9.5533120632e-01
6.5050733089e-01
-3.1325924397e-01
-6.7121547461e-01
-2.8541703224e+00
-1.7104288936e-01
-1.3821071386e+00
-3.7901172042e-01
2.6643428206e-01
7.1984779835e-01
-3.2998353243e-01
-6.5301132202e-01
5.7547694445e-01
-3.7338906527e-01
2.8793901205e-01
-3.0131576061e+00
-3.2406026125e-01
6.3443534076e-02
9.0471136570e-01
1.7783337831e-01
-8.8893723488e-01
5.8909142017e-01
-2.6545855403e-01
-9.0481144190e-01
-3.1109545231e+00
-3.8756620884e-01
-1.2965232134e+00
5.1280474663e-01
2.6145416498e-01
8.5169738531e-01
2.0993199944e-01
-2.3804800585e-02
5.8237862587e-01
-3.9198330045e-01
1.1893773824e-01
-2.5067481995e+00
-8.0491548777e-01
-9.9571682513e-03
6.4084208012e-01
-6.6896080971e-01
-7.9305046797e-01
4.2045399547e-01
-3.4853760153e-02
-5.8542209864e-01
-4.0165123940e+00
-4.3842640519e-01
-7.4355369806e-01
2.1303549409e-02
1.0340039432e-01
4.2628812790e-01
8.3996672183e-03
1.7774118483e-01
5.9889417887e-01
-8.5260760784e-01
2.2670900822e-01
-1.4089783430e+00
-3.1978106499e-01
3.7125563622e-01
6.4689064026e-01
-2.0519722998e-01
-4.4453004003e-01
5.7334548235e-01
2.4044919014e-01
-5.3350472450e-01
-2.3644690514e+00
-3.9581295848e-01
-3.9173796773e-01
-1.4606836252e-02
-1.6081100702e-01
5.1214903593e-01
-6.6847169399e-01
7.4257969856e-01
5.3944426775e-01
-5.6521242857e-01
-1.4087750912e+00
-1.1819556952e+00
7.9023087025e-01
5.6550890207e-01
9.1156136990e-01
-6.1828178167e-01
-7.8148901463e-02
8.5583907366e-01
5.3724116087e-01
-5.1966327429e-01
-1.5876861811e+00
-4.9994555116e-01
-8.0093252659e-01
-1.2433970720e-01
-1.2611012161e-01
3.8752523065e-01
-2.5157949328e-01
-1.4922544360e-01
9.2018306255e-01
-1.2004371881e+00
1.7533868551e-01
-9.0164715052e-01
-4.3150508404e-01
2.7674478292e-01
1.2606580257e+00
1.7274835706e-01
-2.5162696838e-01
2.7099019289e-01
4.2070505023e-01
-7.2799229622e-01
-3.5608000755e+00
-3.1122121215e-01
-1.3048560619e+00
-1.3623743057e+00
-5.6197226048e-01
4.4048285484e-01
7.3995791376e-02
-7.1597504616e-01
4.7187244892e-01
-5.1220756769e-01
-7.0339947939e-02
-3.0921646953e-01
1.3762924075e-01
-4.9807664752e-01
-2.3125257492e+00
-7.4941867590e-01
-7.0162248611e-01
5.9870533645e-02
7.5166034698e-01
-1.1849809885e+00
-3.8571199775e-01
-8.3353799582e-01
-7.0291590691e-01
4.5812651515e-02
6.7833505571e-02
4.2018258572e-01
1.4220623672e-01
1.5882959366e+00
8.7215137482e-01
4.1749265045e-02
3.3167248964e-01
-6.3225418329e-01
2.9854038358e-01
3.9067572355e-01
9.6488267183e-01
-8.9422774315e-01
-1.4160248637e-01
2.7503466606e-01
7.4203950167e-01
-4.7261732817e-01
-8.2105666399e-01
-1.8863223493e-01
3.3627149463e-01
-8.8583640754e-02
-1.9831064939e+00
-6.6767722368e-01
-7.0343106985e-01
-1.8969992399e+00
3.1480285525e-01
-1.1872167587e+00
-1.4174114168e-01
-1.3525113463e-01
-1.3229790330e-01
3.5352307558e-01
3.5678008199e-01
-2.6169961691e-01
2.2418084741e-01
1.2510840595e-01
-3.2956153154e-01
-3.4747201204e-01
-1.3876550198e+00
-4.9635574222e-02
-8.2215338945e-01
2.5481244666e-04
-8.0375266075e-01
5.3350802511e-02
-4.6856686473e-01
-8.0434238911e-01
-7.7143289149e-02
-3.8747927547e-01
-1.9961906597e-02
4.9895498902e-02
1.3077211380e-01
2.5983652472e-01
2.1984842420e-01
3.9472210407e-01
-7.3921298981e-01
-9.2721503973e-01
2.7743420005e-01
-2.2059966624e-01
1.7272685468e-01
-1.8644136190e+00
-6.2286961079e-01
-2.4455896020e-01
-6.7545717955e-01
6.2271547318e-01
1.2553896010e-01
-1.5341660976e+00
1.4612298012e+00
-1.9285298586e+00
2.3172594607e-01
-2.5407750607e+00
-2.6255877018e+00
9.0345627069e-01
1.0133358240e+00
-5.0322127342e+00
5.8946985006e-01
8.0885732174e-01
1.3655431271e+00
-3.3045390248e-01
-1.8714966774e+00
-4.0291535854e-01
2.7323152870e-02
1.4265510440e-01
-3.5446411371e-01
5.4365122318e-01
-1.3498755693e+00
-1.0997198820e+00
2.1003878117e-01
-6.5524774790e-01
2.7936092019e-01
-3.5135513544e-01
-2.9082641006e-01
8.3505702019e-01
1.0772120953e+00
-5.4464805126e-01
-6.5795546770e-01
-5.4572510719e-01
5.1675564051e-01
-1.1655644327e-01
-1.2438774109e+00
-4.0139687061e-01
4.0449196100e-01
-4.4330328703e-01
7.7256172895e-02
-5.6600634009e-02
-5.1375508308e-01
-8.4350335598e-01
-5.3898262978e-01
-1.1561721563e+00
1.3380639255e-01
5.2623942494e-02
1.4068789780e-01
8.0577231944e-02
-9.9139571190e-01
-8.4324693680e-01
1.4407828450e-01
-6.3379633427e-01
3.6073771119e-01
-1.4907254279e-01
9.2649579048e-01
-2.2023959160e+00
1.9637869298e-01
7.2937935591e-01
-1.4985114336e+00
1.4433493614e+00
-3.5968843102e-01
-3.3823113441e+00
1.0020475388e+00
-1.2485213280e+00
2.3277973756e-02
-2.2115700245e+00
-3.6184194088e+00
9.7248893976e-01
1.2066297531e+00
-3.0925667286e+00
9.1818588972e-01
1.8863966689e-02
1.1597949266e+00
4.4963255525e-01
-1.3948391676e+00
-1.3427971601e+00
3.6941576004e-01
7.4186599255e-01
-2.2530109882e+00
6.8067544699e-01
-3.7677604705e-02
-2.4167106152e+00
6.9231241941e-01
-1.2143844366e+00
3.7769076228e-01
-2.5124735832e+00
-3.7335693836e+00
7.1234649420e-01
8.3074235916e-01
-2.9260973930e+00
4.3657660484e-01
-1.1297696829e-01
9.9629676342e-01
-1.5556606054e+00
-8.4818583727e-01
-1.2809985876e-01
-1.3054207563e+00
1.6041496396e-01
-1.1861586012e-02
5.2056569606e-02
-5.2623105049e-01
-5.7841485739e-01
-5.7916229963e-01
2.5268787146e-01
-8.0665636063e-01
7.5951045752e-01
5.4568693042e-02
1.4818005264e-01
-8.3907222748e-01
1.3143530488e-01
-3.0631166697e-01
-1.4157179594e+00
5.7183927298e-01
5.8868243359e-03
-2.7190223336e-01
-2.0355818272e+00
8.5349017382e-01
-4.5455303043e-02
-1.8966758251e+00
4.5372804999e-01
-3.7454001606e-02
-5.9322834015e-01
9.5256060362e-01
-3.2708007097e-01
2.0623420179e-01
-7.6692187786e-01
-3.2143361568e+00
3.6317813396e-01
1.9818481803e-01
-2.9444341660e+00
6.6570746899e-01
-5.5220633745e-01
1.2478185892e+00
-1.1334187984e+00
-4.5367679000e-01
-7.3685459793e-02
-1.2172143459e+00
4.7415092587e-01
-7.1934604645e-01
6.0979223251e-01
-4.5695677400e-01
5.5168771744e-01
1.4419353008e-01
-2.1711915731e-01
1.4339356124e-01
5.2114081383e-01
-9.9436193705e-02
5.0172406435e-01
-1.1826890707e-01
2.9126611352e-01
-5.4825806618e-01
-1.4594790936e+00
7.7213668823e-01
-2.4239754677e-01
-3.8020366430e-01
1.0802312940e-01
-2.8395047784e-01
1.9793337584e-01
-9.7572594881e-01
-3.5737863183e-01
-1.2794100046e+00
-3.8873791695e-01
-9.2735141516e-01
-2.2709349170e-02
4.3904510140e-01
9.6778279543e-01
-1.3131018877e+00
-3.3152207732e-02
-1.1613645554e+00
-5.3930932283e-01
-9.9360620975e-01
-1.0353512764e+00
-1.2610565126e-01
-3.3483606577e-01
-5.3498774767e-01
-1.0286333561e+00
7.3479652405e-01
-1.2023665011e-01
-3.4185361862e+00
3.6532992125e-01
-1.5420910716e-01
-7.2050631046e-02
3.1583806872e-01
-1.3599646091e-01
1.5090778470e-01
-9.3796622753e-01
-2.0238511562e+00
3.6736026406e-01
-6.1418838799e-02
-7.1927553415e-01
5.4953056574e-01
-1.2665337324e+00
1.2070583105e+00
-1.5906324387e+00
-2.1033531427e-01
-5.3395897150e-01
3.9131054282e-01
9.8109915853e-02
-2.5030519962e+00
2.0395079255e-01
-3.0696555972e-02
-3.3293524384e-01
2.3614105582e-01
-4.9470171332e-01
3.2188308239e-01
-4.6861732006e-01
-1.1270041466e+00
5.2474653721e-01
-5.3943723440e-01
-2.4105519056e-01
4.8179590702e-01
-1.3593488932e+00
7.5473147631e-01
-1.5058721304e+00
-4.7343951464e-01
-1.2327889204e+00
6.4166224003e-01
3.6343929172e-01
-3.0272870064e+00
7.9711753130e-01
-8.0471313000e-01
4.1423150897e-01
2.9150325060e-01
2.4156604707e-01
-1.3964332342e+00
-7.1949243546e-02
3.5287097096e-01
4.3186342716e-01
-1.7085553706e-01
-1.7643344402e+00
3.0968892574e-01
-1.1216000319e+00
7.1424967051e-01
-3.2896184921e-01
-2.5933501124e-01
-1.1532373428e+00
6.1000579596e-01
4.7298178077e-02
-1.8238698244e+00
7.6233869791e-01
-2.9979661107e-01
-4.0782368183e-01
-3.1703613698e-02
-1.4076326787e-01
-1.0151075572e-01
-3.9494672418e-01
-5.5102324486e-01
1.3029494882e-01
-2.8589558601e-01
-2.9651534557e+00
6.2803763151e-01
-1.5713346004e+00
1.1994365454e+00
-2.9640850425e-01
2.5179666281e-01
-5.0753605366e-01
4.5263022184e-01
1.9684001803e-01
-9.6067970991e-01
2.4606494606e-01
-5.1038596779e-02
-5.9023272246e-02
-2.0105256140e-01
3.9164233208e-01
-1.7074017227e-01
-3.2052844763e-01
-5.4847729206e-01
5.6362497807e-01
-3.8571766019e-01
-7.0510244370e-01
3.4797057509e-01
-1.7919987440e+00
6.8326550722e-01
-1.2195380032e-01
5.1263231039e-01
-8.3487212658e-01
3.3471947908e-01
1.9082516432e-01
-6.6140753031e-01
8.7079626322e-01
-7.1760170162e-02
-3.6743059754e-01
-1.8838873506e-01
-2.8077915311e-01
1.3832081854e-01
-6.5517747402e-01
-1.0527303219e+00
3.3444747329e-01
-8.3570307493e-01
-3.1010243893e+00
6.9295656681e-01
-2.6379058361e+00
1.2087823153e+00
-3.2160785794e-01
2.9684028029e-01
-3.1088423729e-01
4.9124217033e-01
4.4002348185e-01
-8.5099345446e-01
2.0019955933e-01
-6.3948635943e-03
-1.3355998695e-01
-6.6467761993e-01
3.0217314139e-02
-2.4411115050e-01
-2.4985383451e-01
-8.6144846678e-01
4.5991471410e-01
-8.0365395546e-01
-9.4281536341e-01
4.1785192490e-01
-1.9109162092e+00
7.6360374689e-01
-1.4769728482e-01
4.7271227837e-01
-2.1890538931e-01
-6.9307282567e-02
3.6863705516e-01
-9.7548954189e-02
-2.8826230764e-01
-3.7754544616e-01
-5.3172743320e-01
-3.5524794459e-01
7.9965329170e-01
-5.6585538387e-01
4.4763937593e-01
-1.6036765277e-01
6.1788755655e-01
-9.3688118458e-01
3.5578447580e-01
-4.5411875844e-01
-1.4971201420e+00
-8.3682125807e-01
3.6850553751e-01
-3.2920071483e-01
-8.2823175192e-01
3.6900293827e-01
4.0001010895e-01
2.4646142125e-01
4.2465528846e-01
-1.2411745638e-01
-4.8091107607e-01
-5.4556006193e-01
-7.3576092720e-02
3.4582432359e-02
1.7157731950e-01
4.4188538194e-01
4.8130673170e-01
1.9110050052e-02
-3.5410578251e+00
7.8827214241e-01
-4.2347836494e+00
1.0608927011e+00
-1.3961307704e-01
3.4275934100e-01
-1.9007502496e-01
3.4139287472e-01
5.0237631798e-01
1.9470673800e-01
1.8859942257e-01
-2.6313468814e-01
5.7801347226e-02
-1.3585815430e+00
1.2593156099e-01
-4.2008447647e-01
-4.5598488301e-02
-5.4571509361e-01
6.8058562279e-01
1.3841010630e-02
-1.0652797222e+00
4.8834398389e-01
-2.0143644810e+00
7.2497242689e-01
7.4778890610e-01
4.7374850512e-01
-6.8374884129e-01
1.1113941669e-01
3.2335364819e-01
-8.3761519194e-01
7.4997186661e-02
-5.5926267058e-02
-1.1937278509e-01
-1.3560137749e+00
5.7921206951e-01
3.6159524322e-01
1.1839969158e+00
1.2373097986e-01
7.3925065994e-01
-5.0540918112e-01
-1.9448580742e+00
6.2146097422e-01
-3.4419524670e+00
1.0936270952e+00
1.8648906052e-01
7.5382828712e-01
-8.4396257997e-02
-2.5004583597e-01
-2.5716528296e-01
1.5205164254e-01
1.2893176079e+00
1.2436057627e-01
2.3401103914e-01
-1.5195186138e+00
4.5340871811e-01
-5.9713941813e-01
-1.9353285432e-02
4.4042378664e-01
-2.6639096439e-02
-1.5182671547e+00
1.7596115172e-01
-6.7452383041e-01
-9.6475219727e-01
-1.7424818873e-01
-2.5020205975e+00
-8.5278846323e-02
-1.4869123697e-01
4.1114279628e-01
6.0463324189e-02
2.7232581377e-01
-2.6683494449e-01
6.8704113364e-03
9.6168324351e-02
-1.4837017059e+00
1.8989816308e-01
-5.6049400568e-01
7.1518045664e-01
-1.7885726690e-01
6.1394625902e-01
-9.6575349569e-01
-1.2721388340e+00
4.0686246753e-01
-2.0724563599e+00
7.7391761541e-01
-3.7421247363e-01
4.0061795712e-01
-8.7895131111e-01
4.5525766909e-02
1.0683383048e-01
-8.9013278484e-01
8.0837345123e-01
-6.2358337641e-01
-1.3084944487e+00
4.6410760283e-01
7.1744844317e-02
-9.1328489780e-01
-1.4951981306e+00
-1.1314185858e+00
1.8877694011e-01
-9.1881632805e-01
-1.2330183983e+00
1.0472316295e-02
-2.5002440810e-01
2.2915229201e-01
-7.6670706272e-01
-1.4923144877e-01
-2.2576427460e-01
4.6596625447e-01
4.7365179658e-01
-4.4353175163e-01
2.2361489013e-02
9.7924537957e-02
2.5873169303e-01
-2.2699177265e+00
5.6741293520e-02
1.7589692771e-01
-6.9679595530e-02
4.8940792680e-01
5.6171047688e-01
-7.7214723825e-01
-3.7330412865e-01
3.6714300513e-01
-4.4932228327e-01
6.5762114525e-01
3.8532847166e-01
7.8767478466e-01
-3.6678498983e-01
3.2538953424e-01
9.1170686483e-01
-1.2638961077e+00
-3.7622615695e-02
-1.2424644828e-01
6.8250942230e-01
-2.3585467339e+00
5.5247199535e-01
-1.0237308592e-01
5.0101786852e-01
6.3597112894e-02
6.6165125370e-01
-1.8936959505e+00
-8.2837909460e-01
4.6174570918e-01
-1.4068398476e+00
6.8468534946e-01
4.1332221031e-01
4.2073610425e-01
-1.0434554815e+00
2.7148327231e-01
-1.6283094883e-01
2.6903593540e-01
-1.8638479710e-01
-4.0767539293e-02
-1.1968962848e-02
-7.4495470524e-01
-9.0934199095e-01
-2.0898839459e-02
-1.4492210150e+00
-6.3693672419e-01
-4.6511706710e-01
-1.1305880547e+00
-8.4562575817e-01
-2.5580993295e-01
-4.4337567687e-01
-1.1115897894e+00
-1.0220501423e+00
-2.5292050838e-01
-5.2924852818e-02
1.8376026303e-02
-3.2598394156e-01
4.0666335821e-01
-2.2502742708e-01
-6.8157780170e-01
-4.2876955867e-01
-4.5968222618e-01
-1.4031577110e+00
3.6014154553e-01
-1.2327343225e+00
-5.9033477306e-01
-9.5205765963e-01
-7.4080610275e-01
-1.9046131372e+00
-2.8890138865e-01
-4.2322218418e-01
-7.5593990088e-01
-1.4777164459e+00
-3.8457480073e-01
-8.2113456726e-01
4.5505970716e-01
6.4325034618e-01
-4.1791275144e-01
1.1667183787e-01
2.3924039304e-01
3.7844407558e-01
-2.1944296360e+00
4.7957730293e-01
4.1040593386e-01
4.9507620931e-01
3.6491134763e-01
7.1443384886e-01
-6.9309398532e-02
-8.2628279924e-01
2.2783511877e-01
-7.6114857197e-01
-3.4618694335e-02
4.1596475244e-01
4.2819291353e-01
-5.4770541191e-01
2.5728043914e-01
3.6165389419e-01
1.6513407230e-01
2.5461924076e-01
-1.2967254966e-02
6.0811972618e-01
-1.8336677551e+00
5.2109098434e-01
-3.7507223897e-03
4.8953115940e-01
1.1409982294e-01
6.0535687208e-01
-8.5727202892e-01
-2.9488170147e-01
3.5177963972e-01
-6.7608511448e-01
-3.7790080905e-01
2.5291973352e-01
2.5252115726e-01
-4.9426594377e-01
3.5888859630e-01
3.2511427999e-01
-7.1233101189e-02
7.9355049133e-01
6.9651782513e-02
1.1362643242e+00
-3.7477152348e+00
1.6819164157e-01
5.5559098721e-02
4.8957368731e-01
-2.6881992817e-01
8.9096105099e-01
-7.4600857496e-01
-3.6578771472e-01
9.2763966322e-01
-1.7502960563e-01
-6.0428172350e-01
5.0132864714e-01
3.7604334950e-01
-4.2967583984e-02
-4.5498931408e-01
7.7100843191e-02
3.1420546770e-01
4.5531687140e-01
-8.0874323845e-01
-1.2667340040e+00
4.5564860106e-01
-6.6860812902e-01
-9.5541799068e-01
-1.5917643309e+00
-5.2960038185e-01
-1.6839778423e+00
2.5616106391e-01
-8.8719171286e-01
-1.9596901536e-01
2.9501205683e-01
2.4392127991e-01
-2.6262885332e-01
-8.3540564775e-01
-3.3477365971e-01
3.5796684027e-01
3.7981817126e-01
-1.8728597462e-01
3.2989758253e-01
3.2782247663e-01
6.8802624941e-01
-2.8074233532e+00
2.4526895583e-01
9.2820681632e-02
4.8242864013e-01
7.6260097325e-02
6.6072726250e-01
-1.1382323503e+00
-5.0991475582e-01
6.8665963411e-01
-4.3776041269e-01
-9.0867805481e-01
3.0640953779e-01
3.4957572818e-01
-5.3815060854e-01
3.1111750007e-01
9.3210794032e-02
-3.3022424579e-01
4.6446850896e-01
1.5870943666e-01
8.8183885813e-01
-3.3838360310e+00
2.6557359099e-01
-1.1960463971e-01
5.1266276836e-01
2.7220806479e-01
1.0768115520e+00
-1.6113945246e+00
-7.6171249151e-01
5.9946811199e-01
-7.4872136116e-01
-1.1800078154e+00
6.1864453554e-01
2.9367980361e-01
-5.6444305182e-01
5.6254750490e-01
-6.9955879450e-01
-4.2797768116e-01
5.3190881014e-01
6.0002626851e-03
4.5040848851e-01
-3.4687378407e+00
-1.5137408674e-01
8.9992292225e-02
2.4223238230e-01
3.7086156011e-01
3.2957786322e-01
-2.8912717476e-02
-4.5591640472e-01
7.9687881470e-01
-1.7830449343e-01
-8.6295598745e-01
4.7724136710e-01
5.2271890640e-01
-2.7846533060e-01
6.5589386225e-01
-6.8736004829e-01
7.8090541065e-02
9.4527520239e-02
-1.5590398014e-01
2.5763413310e-01
-2.8664529324e+00
-4.2568790913e-01
1.5022758394e-02
-2.3937538266e-01
4.5151398517e-03
6.4590209723e-01
-8.0353515223e-03
-2.7707245946e-01
5.6897360086e-01
9.2089243233e-02
-1.4663616419e+00
1.3406424224e-01
4.6357515454e-01
-2.2760015726e-01
-3.7326699495e-01
-9.8861336708e-02
-5.3717762232e-01
1.9573479891e-01
-3.0559536815e-01
3.6070668697e-01
-3.7692758441e-01
-6.4910262823e-01
1.3040235639e-01
-8.5960459709e-01
-1.4298702776e-01
5.7600378990e-02
3.0678957701e-01
-1.8218120933e-01
-1.9983990490e-01
2.7472922206e-01
-5.9732705355e-01
1.8862637877e-01
6.7070448399e-01
-5.8766448498e-01
5.1238167286e-01
-6.2624800205e-01
5.8353096247e-02
8.4309780598e-01
2.3128709197e-01
1.0772111416e+00
-2.5401837826e+00
2.2537483275e-01
-1.5316215158e-01
4.1452187300e-01
-5.3747322410e-02
6.5049254894e-01
-6.4876514673e-01
-8.7732471526e-02
1.0563000441e+00
1.1389577389e-01
-3.4080145359e+00
3.4143334627e-01
3.9727169275e-01
-8.0914890766e-01
4.3796995282e-01
-8.5837846994e-01
2.4146594107e-01
6.4329373837e-01
5.6676512957e-01
8.5200542212e-01
-1.8171101809e+00
3.7872487307e-01
3.6957103014e-01
6.4900457859e-01
6.2262248993e-01
7.6387757063e-01
-3.6152890325e-01
-3.2273843884e-01
7.5504964590e-01
-4.9862498045e-01
-4.1091322899e+00
5.1746201515e-01
4.8860928416e-01
-1.1992423236e-01
7.8214353323e-01
-1.4992142916e+00
7.5454622507e-01
8.1166112423e-01
-5.1670962572e-01
1.2623530626e+00
-1.6400865316e+00
-6.2161546946e-01
-5.2160412073e-01
-3.0115073919e-01
3.1125226617e-01
4.3283334374e-01
2.4370560050e-01
-1.7575022578e-01
6.2795931101e-01
1.0296566412e-02
-5.7493538857e+00
1.2551994324e+00
6.4133238792e-01
-1.4326350391e-01
-7.0777565241e-01
3.6603936553e-01
-2.2226695716e-01
-1.3746553659e-01
-4.1631144285e-01
-4.0321549773e-01
-6.1511325836e-01
-6.3507455587e-01
-3.4099906683e-01
-4.5978522301e-01
-6.2255196273e-02
-2.7750325203e-01
1.0160812140e+00
-5.4167240858e-01
-6.4634168148e-01
2.5208091736e-01
-1.1131463051e+00
-2.9543275014e-02
-9.3979108334e-01
-4.1185003519e-01
8.6704182625e-01
-3.0201590061e+00
9.9873435497e-01
9.9449884892e-01
-5.0672274828e-01
1.2514058352e+00
-2.7798265219e-01
-1.0462518930e+00
-2.9670622945e-01
7.0452004671e-01
1.8825232983e-01
-2.9605831951e-02
5.2229595184e-01
-3.6294043064e-02
6.8814033270e-01
1.2444952130e-01
-5.3488960266e+00
9.1702044010e-01
4.9924349785e-01
-3.7763872743e-01
3.5553830862e-01
-1.9059532881e+00
-6.8626123667e-01
1.1682682484e-01
7.9823750257e-01
1.0849872977e-01
-9.6526795626e-01
-1.8165839911e+00
6.6688477993e-01
-1.6363159418e+00
1.7397181690e-01
-1.1004096270e+00
-1.9165517092e+00
-4.4151231647e-01
2.9267266393e-01
-7.7386659384e-01
-1.1085478067e+00
-9.9086922407e-01
3.4585317969e-01
-1.0817269981e-01
-1.2822852135e+00
-1.1699856520e+00
5.3570572287e-02
-8.4970879555e-01
-7.0156317949e-01
-4.4584247470e-01
7.6253533363e-01
-4.8960989714e-01
-5.4380841553e-02
-1.3938963413e-01
-1.1334865093e+00
-4.6518874168e-01
5.5755052716e-02
2.0688287914e-01
-2.5357097387e-01
-5.8270812035e-02
-1.4729060233e-01
-4.3760889769e-01
-6.2513452768e-01
-1.8673332036e-01
-7.3857706785e-01
-1.9513702393e-01
-4.0220543742e-01
-1.5768340230e-01
-1.8667475879e-01
-1.0072910786e+00
1.7144739628e-01
-3.4329700470e-01
-6.9119536877e-01
-3.9595049620e-01
-4.9984425306e-01
-8.6014258862e-01
1.4838762581e-01
2.3139487207e-01
-6.5515351295e-01
2.8340619802e-01
-8.7106657028e-01
-5.0990056992e-01
-6.8928289413e-01
5.9650715441e-02
1.4923390150e+00
-5.0379648209e+00
4.7975385189e-01
1.0932660103e+00
1.2021089345e-01
3.3320498466e-01
-1.0558725595e+00
-2.4774560928e+00
4.2009019852e-01
-1.2623569965e+00
-2.0914536715e-01
-1.0287735462e+00
-2.1399290860e-01
1.9423052669e-01
1.2981692553e+00
4.8746365309e-01
-4.1534838676e+00
2.6222285628e-01
6.1843430996e-01
-2.6358902454e-01
-4.5253854990e-01
-5.8437126875e-01
-8.3093798161e-01
6.4946800470e-02
-1.0344182253e+00
-9.7755992413e-01
-4.4751080871e-01
-9.4014775753e-01
-7.6357471943e-01
-1.0756585598e+00
-1.4207720757e-01
-7.5893759727e-01
4.1053396463e-01
5.3730165958e-01
-5.1137852669e-01
-1.3046714664e-01
-1.1996645927e+00
-1.0806959867e-01
-5.1393592358e-01
-1.7346808314e-01
-1.8057064712e-01
3.7058374286e-01
-9.7431796789e-01
-1.1840368807e-01
-8.5205060244e-01
-1.1524147987e+00
-7.1347230673e-01
-4.6295341849e-01
-8.4200376272e-01
-4.1109353304e-01
-3.4883731604e-01
-5.7842826843e-01
8.5186970234e-01
4.7022897005e-01
-5.0140291452e-01
-8.4424388409e-01
-1.1520138979e+00
-3.0151590705e-01
-1.3302525878e-01
-2.4878548086e-01
-3.6785315722e-02
-4.2103320360e-01
-5.2611339092e-01
1.8553578854e-01
-6.6714644432e-01
-1.1660033464e+00
-9.5961749554e-01
-7.4774646759e-01
-3.1858152151e-01
-1.1259561777e+00
-1.5475928783e-01
-5.5554276705e-01
4.0635162592e-01
2.6119437814e-01
-1.1325361580e-01
-9.6720176935e-01
-1.6295667887e+00
-1.5179371834e-01
-1.3439814746e-01
1.8478205800e-01
9.5586204529e-01
-2.0331895351e+00
8.2330173254e-01
3.1900018454e-01
-6.7667436600e-01
-7.7956718206e-01
-4.6263131499e-01
-2.1383368969e+00
-1.6106575727e-01
-1.6222198009e+00
-7.7932375669e-01
-2.3228969574e+00
3.6761608720e-01
6.1108592898e-02
7.8536558151e-01
4.6521845460e-01
4.6887677908e-01
5.8318305016e-01
2.2922186553e-01
-4.2783260345e-01
6.8712151051e-01
-2.6107373238e+00
2.4267169833e-01
-1.1572612822e-01
1.0619748384e-01
-4.8764365911e-01
-1.5986771584e+00
-1.6704192162e+00
6.0500919819e-01
-9.2322361469e-01
-2.5373029709e-01
-7.4654918909e-01
8.2923658192e-02
-1.3901773095e-01
6.7782980204e-01
4.7301241755e-01
-1.6593390703e+00
1.5823026001e-01
7.6418483257e-01
2.9817867279e-01
1.0560796261e+00
1.0674706846e-01
7.2224235535e-01
2.2304529324e-02
-9.0105956793e-01
-9.6525222063e-01
-5.6368833780e-01
-3.6415767670e+00
1.4769880101e-02
-8.9926999807e-01
-2.5313860178e-01
-2.8979902267e+00
6.0539156199e-01
4.4921448827e-01
4.7806209326e-01
6.5521794558e-01
3.5349902511e-01
7.5221009552e-02
8.2596912980e-02
-4.8477575183e-01
1.0542664528e+00
-4.8954483867e-01
1.0228755474e+00
-7.0187938213e-01
-1.9961240888e-01
-1.1753647327e+00
1.2774896622e-01
-3.2263858318e+00
5.6530588865e-01
1.3333317637e-01
-2.7946686745e-01
-1.9236879349e+00
8.5035771132e-01
8.1341214478e-02
4.1294294596e-01
5.0453811884e-01
-1.4351221323e+00
9.0850567818e-01
6.0161662102e-01
-7.9355947673e-02
-1.0631933212e+00
-1.3945516944e-01
-3.4937089682e-01
-9.0940004587e-01
2.7118313313e-01
-2.0281012058e+00
-6.8035960197e-01
-1.4534392953e-01
-7.4669051170e-01
6.9773095846e-01
-9.7883838415e-01
-9.8639893532e-01
-5.5231726170e-01
-9.2059367895e-01
-1.4044975042e+00
-7.0861214399e-01
-1.5422180891e+00
-2.0605234802e-01
-2.7475407720e-01
8.2986671478e-03
-1.1845363379e+00
7.5832939148e-01
3.0358606577e-01
-5.2001237869e-01
-3.5674917698e-01
-1.8015291691e+00
-4.2426213622e-01
-2.8277459741e-01
-8.5160046816e-02
2.5976878405e-01
-1.6804780960e+00
-2.3662650585e+00
8.0294984579e-01
-1.6334930062e-01
-1.0235605240e+00
1.3067211211e-01
-1.8428745866e-01
-1.5578374267e-01
-9.7092412412e-02
3.3253565431e-01
1.1519505978e+00
9.6926188469e-01
1.3231469393e+00
-2.2335538864e+00
-1.7007666826e+00
-3.3052895069e+00
-7.4010348320e-01
-2.2605199814e+00
1.9480375946e-01
-2.4295387268e+00
-2.3671281338e-01
-5.5620450974e+00
9.1041409969e-01
7.5788122416e-01
1.1925767362e-01
1.0381827354e+00
3.7795975804e-01
-3.3188042045e-01
1.0890108347e+00
3.3143028617e-02
-1.4344122410e+00
8.0470281839e-01
-8.0063444376e-01
-5.2068203688e-01
-9.2024195194e-01
-1.9798549414e+00
2.5596830249e-01
2.6289373636e-01
-2.0833787322e-01
-9.1642484069e-02
-9.3041294813e-01
-1.4426770210e+00
7.4402749538e-01
1.7675350606e-01
-1.0529843569e+00
7.3639295995e-02
4.3434771895e-01
-1.0675420761e+00
3.3205762506e-02
8.8500395417e-02
-1.4425656796e+00
4.8251774907e-01
-3.7049252987e+00
1.0432073474e-01
-7.5157515705e-02
-4.4884613156e-01
-1.4060348272e+00
1.0679539293e-01
6.4265890978e-03
-2.8845962882e-01
-3.5566215515e+00
4.1305917501e-01
-3.9702970982e+00
-6.4601767063e-01
-1.8383661509e+00
8.8244122267e-01
2.8246921301e-01
-8.9269638062e-01
-2.7819790840e+00
2.4623028934e-01
1.0432567596e+00
4.0460318327e-01
1.0491443872e+00
-2.9345285892e+00
-2.0033648014e+00
-4.8871684074e+00
-7.8750514984e-01
-6.2715935707e-01
3.1826275587e-01
-1.4780720472e+00
-1.0871751308e+00
-2.0892398357e+00
1.1225418746e-01
7.6463037729e-01
-7.4193173647e-01
1.3033691645e+00
9.6834546328e-01
-5.3716391325e-01
8.1891876459e-01
4.1339901090e-01
9.2235261202e-01
5.1826190948e-01
1.1848263741e+00
-3.0949602127e+00
-2.6639137268e+00
-5.3952393532e+00
-9.7099296749e-02
-3.8614672422e-01
-8.3155930042e-02
-1.2507153749e+00
-2.3723658919e-01
-1.4385408163e+00
2.8527364135e-01
5.8578211069e-01
-1.0377894640e+00
9.6476387978e-01
5.0682109594e-01
-1.1945897341e+00
8.1991034746e-01
-3.1992975622e-02
-9.5893657207e-01
1.0743658245e-01
-8.6515885592e-01
-1.1637576818e+00
-2.7434676886e-01
-1.2397376299e+00
-4.5684906840e-01
-5.2710015327e-02
-5.4378694296e-01
1.6370491683e-01
-3.5135135055e-01
-1.0101993382e-01
-8.1627164036e-03
-6.4423382282e-01
-1.5142256021e+00
-4.1915693879e-01
-3.4053021669e-01
-1.8335784972e-01
-5.8975422382e-01
-3.7125098705e-01
-9.4813990593e-01
-5.3178077936e-01
-3.4515064955e-01
-3.2831388712e-01
1.4452677965e-01
-1.1671473980e+00
-1.0554718971e+00
-1.5684921741e+00
-4.7616961598e-01
-8.3794802427e-02
5.9482967854e-01
-1.6519743204e+00
2.4566322565e-01
-4.0433537960e-01
-1.1926008463e+00
-6.6175848246e-01
-9.3362212181e-01
4.7922298312e-02
-5.3524577618e-01
3.8472512364e-01
-8.5328884423e-02
4.9818053842e-01
2.9138019681e-01
-4.1330094337e+00
-3.0711417198e+00
-3.9713828564e+00
-6.3724356890e-01
-1.4719422162e-01
2.1445840597e-01
-1.0487279892e+00
-3.5702309012e-01
6.2093830109e-01
7.3067802191e-01
9.3301737309e-01
-1.8637839556e+00
1.4943187237e+00
3.2575070858e-01
-1.0985419750e+00
8.7345790863e-01
-2.4301901460e-01
-8.7656086683e-01
-5.3184765577e-01
-8.3143967390e-01
-1.1129951477e+00
6.7234551907e-01
-1.2557452917e+00
-8.8252878189e-01
-4.1491773725e-01
-1.3676785864e-02
-5.3878235817e-01
2.0794016123e-01
-8.4658515453e-01
-2.5405260921e-01
-1.8934773207e+00
-6.7627215385e-01
-5.3891783953e-01
-1.3530503511e+00
-6.9279056787e-01
2.0455650985e-01
-2.2662694752e-01
-1.0537490845e+00
-1.0302513838e+00
-1.1066123247e+00
-1.0836294889e+00
3.5600736737e-01
-1.0318675041e+00
-7.9476600885e-01
-9.5998144150e-01
9.1395951807e-02
-1.0025194883e+00
-1.2370002270e+00
-1.5795991421e+00
-1.2990123034e+00
-1.2635706663e+00
-1.2623817921e+00
-4.6039327979e-01
-1.3798238039e+00
-5.3501313925e-01
5.7687282562e-02
9.8214292526e-01
-1.1264092922e+00
3.7977290154e-01
-1.9184684753e-01
-5.6078457832e+00
-4.4877915382e+00
-1.6846972704e+00
-1.3414520025e-01
-7.4679456651e-02
-1.7871198058e-01
-1.6037104130e+00
4.0266320109e-01
6.2493461370e-01
1.1745133400e+00
1.4027031660e+00
-3.7819213867e+00
1.2561581135e+00
-2.9649060220e-02
-2.2524738312e+00
5.5939716101e-01
-1.4095091820e-01
-9.9965333939e-01
5.7198166847e-01
-1.1719921827e+00
-8.7764942646e-01
-2.1570900083e-01
-1.4135930538e+00
-2.5751557946e-01
-6.4567953348e-01
-5.6461328268e-01
-1.1450126171e+00
-9.0741348267e-01
-1.0780724287e+00
-7.1880066395e-01
-3.6731246114e-01
-1.5043278933e+00
-6.0868918896e-01
-3.0153194070e-01
-6.5653818846e-01
-7.0685201883e-01
-1.1539066583e-01
-4.1471719742e-01
3.3538469672e-01
-9.4586360455e-01
-8.2169979811e-01
-2.2952511907e-01
-1.5814286470e+00
-2.1586244926e-02
-4.6222865582e-01
-1.6851420701e-01
-7.3877912760e-01
-4.3448093534e-01
-1.1129060984e+00
-4.5617070794e-01
5.7550285012e-02
-5.9339052439e-01
-5.9028595686e-01
6.3377365470e-02
-7.5987559557e-01
-4.2102769017e-01
5.9895819426e-01
-2.1862006187e+00
7.7115166187e-01
-8.0495804548e-01
-6.2797985077e+00
-2.5613358021e+00
1.0721954107e+00
-9.0220302343e-01
-3.7429729104e-01
-7.8307080269e-01
-6.8070894480e-01
-6.6198819876e-01
1.0387028456e+00
1.0050767660e+00
1.3071087599e+00
-6.8506097794e+00
1.2237076759e+00
5.0655758381e-01
-1.5367690325e+00
2.6451343298e-01
-1.7401482165e-01
1.3346196711e-01
2.2570022941e-01
-9.6243637800e-01
-1.0879021883e-01
-9.9931403995e-02
-6.2065285444e-01
-1.4490139484e-01
-2.6715326309e-01
9.7150523216e-03
-5.3697550297e-01
-1.9417074323e-01
-4.0629181266e-01
1.9611261785e-01
-1.4381794631e-01
2.8602024913e-01
-7.2944980860e-01
8.4514155984e-02
-4.4056645036e-01
3.2876923680e-01
-1.1204174906e-01
2.9096785188e-01
5.8413720131e-01
-6.2076824903e-01
4.3544478714e-02
-1.0148624182e+00
-3.0341386795e-01
-2.6774495840e-01
4.0661647916e-01
3.8641175628e-01
-1.3016865253e+00
-2.4882666767e-01
-2.3675265908e-01
5.0174999237e-01
-3.6660894752e-01
-1.5145000815e-01
-7.3195534945e-01
-1.2170838565e-01
-1.2373014688e+00
1.9066135585e-01
-1.1833434552e-01
-1.5051991940e+00
-1.3929425478e+00
1.6027039289e+00
-7.6312512159e-01
-8.0642336607e-01
-1.9813999534e-01
4.7268441319e-01
5.9712350368e-01
-8.8282071054e-02
4.9685162306e-01
1.1769691706e+00
1.2370703369e-01
3.5367688537e-01
-6.8581306934e-01
-8.3805340528e-01
-2.4634008408e+00
-1.1100568771e+00
4.8265570402e-01
3.9952054620e-01
-2.9107308388e-01
-2.0709191263e-01
4.0290746093e-01
5.2650725842e-01
1.6646550596e-01
-5.0033962727e-01
-1.1249575764e-01
2.5107672811e-01
-3.9594823122e-01
-5.0680387765e-02
-8.1331938505e-01
-2.1107485890e-01
4.5993369818e-01
2.8504660726e-01
3.8690650463e-01
9.3404687941e-02
2.5597369671e-01
2.3654176295e-01
1.4467029572e+00
-6.7635959387e-01
-2.9212957621e-01
1.0759390593e+00
-3.7591473665e-03
9.8285669088e-01
-2.4253393710e-01
-1.0502424836e-01
9.0531206131e-01
3.1267708540e-01
6.9106918573e-01
-3.2973822951e-01
-3.1483429670e-01
-2.3808510303e+00
-2.7588860989e+00
-7.6575130224e-01
2.5780835748e-01
7.9077214003e-01
5.3397409618e-02
-1.6047000885e+00
1.8097773194e-01
-1.0535818338e+00
1.7170365155e-01
3.4351548553e-01
-5.1567125320e-01
-4.7903513908e-01
1.8330033123e-01
-8.3672153950e-01
-4.9294289947e-01
1.3623014092e-01
-4.2390385270e-01
-2.6736596227e-01
5.5826210976e-01
-1.5416412354e+00
2.9494947195e-01
-1.5984172821e+00
-8.1810605526e-01
1.9334773719e-01
-8.0730897188e-01
3.2243153546e-03
8.9129203558e-01
-2.4392904341e-01
-2.9376000166e-01
-2.8131309152e-01
-1.9347115755e+00
-1.3389315605e+00
5.0886100531e-01
-9.4049602747e-01
3.4902238846e-01
2.6507771015e-01
9.8916715384e-01
-3.9430174232e-01
1.0947743654e+00
-8.5697060823e-01
-3.8789629936e-01
-3.6496832967e-01
-1.9437360764e+00
2.9284960032e-01
-5.3583300114e-01
3.2579106092e-01
9.8289072514e-01
-1.4844892919e-01
-3.5267162323e-01
-5.8511376381e-01
-8.1201303005e-01
4.1143557429e-01
5.6757503748e-01
-1.8809523582e+00
5.9814608097e-01
-1.5965250134e-01
-2.6660063863e-01
9.6517574787e-01
1.1097402573e+00
1.9428932667e-01
-2.0453768969e-01
5.7622992992e-01
-1.2876061201e+00
-3.5829845071e-01
3.9819121361e-01
3.1513169408e-01
8.4656220675e-01
-6.2911510468e-02
-2.9254364967e-01
6.1963236332e-01
-1.5811063349e-02
8.2176566124e-01
4.9866333604e-01
-4.6072059870e-01
-2.8006237745e-01
6.3808643818e-01
2.6730576158e-01
-3.6066502333e-01
-9.7893697023e-01
-1.5170460939e-01
8.4569491446e-02
-1.2018312216e+00
2.4348281324e-01
1.2164870501e+00
3.3585271239e-01
-2.8150744438e+00
-6.8802368641e-01
-5.5087122917e+00
2.8625464067e-02
-9.3394115567e-02
-1.3933845758e+00
-1.4535733461e+00
8.6531713605e-02
-5.0690513849e-01
-4.0355050564e-01
7.8977787495e-01
5.5096012354e-01
-1.4586440325e+00
9.8241925240e-01
-6.1791963875e-02
-2.1554216743e-01
-1.4188038111e+00
-9.5704704523e-01
7.0535548031e-02
-6.1393469572e-01
1.1471724138e-02
9.7416770458e-01
2.3517091572e-01
-4.0503755212e-01
-8.9093305171e-02
-1.7402066290e-01
9.8501050472e-01
5.2984911203e-01
-4.1138362885e-01
-1.0105903149e+00
6.2013703585e-01
3.2056301832e-01
-8.4131032228e-01
-3.0213890076e+00
3.8246968389e-01
-1.1802390218e-01
-5.2219587564e-01
2.6223626733e-01
-6.5398240089e-01
3.1985726953e-01
-1.9631711245e+00
7.2971713543e-01
-1.1220746040e+00
-1.2087604962e-02
2.1283373237e-01
-3.3083727956e-01
-1.2047432661e+00
1.0972286575e-02
-4.1968733072e-01
-1.2941861153e-01
1.6976279020e-01
-1.2901207209e+00
-2.0763106644e-01
-3.8774204254e-01
-8.0529779196e-02
5.3016781807e-02
5.2252775431e-01
-1.6673149168e-01
6.7067682743e-01
-3.9368659258e-01
-3.2189959288e-01
1.3598005772e+00
-3.4510719776e-01
-7.0747369528e-01
-2.4050697684e-02
9.1595149040e-01
-3.5277143121e-01
-1.9700373411e+00
1.0125923157e-01
3.3529326320e-01
-7.6751202345e-01
-3.9622980356e-01
3.1732884049e-01
-1.8357175589e+00
5.2933800220e-01
5.1958304644e-01
1.3230774403e+00
-1.4943292141e+00
5.5185550451e-01
-2.9774090648e-01
2.1868880093e-01
-7.3646646738e-01
1.1717106402e-01
-1.0744559020e-01
-1.6370748281e+00
-1.1061846018e+00
8.3312052488e-01
9.3918196857e-02
4.3226999044e-01
2.0647175610e-01
-1.3725301027e+00
6.5248060226e-01
-4.8753061891e-01
1.1877374649e+00
-7.5798764825e-02
-5.0499114990e+00
-6.8625146151e-01
2.1336436272e-01
-2.1610687673e-01
3.8711658120e-01
6.8243199587e-01
-9.2732930183e-01
7.3469378054e-02
-4.8932406306e-01
8.7540959939e-03
-5.6978750974e-02
2.2542114556e-01
8.3834046125e-01
-1.9963403046e-01
6.9888985157e-01
-1.4033739567e+00
3.1313946843e-01
-9.3091279268e-03
-9.2794179916e-01
-6.6465830803e-01
4.2757162452e-01
-4.3151840568e-01
-4.0404441953e-01
5.5573290586e-01
-9.9833256006e-01
-1.9532503188e-01
5.5589956045e-01
-1.8065531552e-01
-2.4586160481e-01
3.0646970868e-01
-2.1634991467e-01
-4.6975991130e-01
1.1326203346e+00
-1.4280978441e+00
1.2028443813e+00
1.1046926975e+00
7.6448887587e-01
-8.0763882399e-01
-8.1058830023e-02
-1.0817288160e+00
3.9283305407e-01
-7.2651207447e-01
-1.1194067001e+00
6.5616577864e-01
-8.1655859947e-01
-1.3949865103e+00
7.0128738880e-01
-1.1714336872e+00
-4.2939249426e-02
-1.7982540652e-02
-1.8991388381e-01
2.4459148943e-01
9.1653995216e-02
-7.0814818144e-01
3.6386311054e-01
-4.5807772875e-01
5.8450132608e-01
-1.4038749039e-01
-6.4911276102e-01
-1.0888320208e+00
-1.6995536163e-02
1.8697795272e-01
3.6325508356e-01
2.7189540863e-01
-1.2370387465e-01
2.5956982374e-01
-8.5561585426e-01
6.0845226049e-02
-1.2084348127e-03
1.9536642730e-01
-5.4183560610e-01
-4.0974864364e-01
1.7655096948e-01
-7.2871929407e-01
8.9080852270e-01
4.1624200344e-01
-4.9248087406e-01
-2.2057980299e-01
-4.9876686931e-01
-3.0006453991e+00
-2.7083867788e-01
-8.2674473524e-01
-1.0863184929e+00
1.6777114570e-01
-1.2771620750e+00
5.9570413828e-01
9.2664051056e-01
-6.3233566284e-01
-2.0415526628e-01
-4.1847881675e-01
-1.1712107807e-01
8.3077263832e-01
2.5281614065e-01
1.3393257745e-02
-3.3858612180e-01
-1.5222442150e-01
6.4613032341e-01
-5.1164305210e-01
3.8475993276e-01
1.2011640072e+00
-6.4729595184e-01
-4.3741529807e-03
3.7462392449e-01
3.7315893173e-01
2.7688297629e-01
-3.1260008812e+00
2.7817434072e-01
-5.7587724924e-01
-3.1435191631e-01
4.1148450971e-01
2.5199268013e-02
-7.4993334711e-02
-6.6403537989e-01
-2.2599481046e-01
-1.0023576021e+00
-1.3801223040e+00
-3.2672667503e-01
6.2001645565e-01
-2.3956637084e-01
-9.9684573710e-02
-2.3790317774e-01
-3.6541098356e-01
-1.0332786478e-02
5.5306529999e-01
-1.1495755613e-01
-8.7483890355e-02
4.6792063117e-01
2.3521667719e-01
-1.2653694153e+00
-7.5378930569e-01
3.0752742290e-01
1.0172406435e+00
1.0058737993e+00
-3.7488389015e-01
1.2627938986e+00
6.5482425690e-01
-1.1467700005e+00
7.7316455543e-02
5.1871776581e-01
-2.5505840778e-01
6.1040145159e-01
1.2898324728e+00
-6.4221725464e+00
2.0061591268e-01
1.6124774516e-01
6.9651186466e-01
1.6442679167e+00
-4.5135715604e-01
-6.6604822874e-02
-1.8604806662e+00
-1.7691947520e-01
1.1156976223e+00
3.8626143336e-01
-1.7792648077e-01
1.2382823229e+00
-3.7518262863e-02
7.0992487669e-01
-8.6014974117e-01
3.7184303999e-01
6.9367565215e-02
-4.5221157372e-02
1.9049142301e-01
-1.8598902971e-02
-2.0212397575e+00
5.4679888487e-01
-2.2834124565e+00
-4.2508041859e-01
1.5360340476e-01
-8.8432937860e-01
-3.5186684690e-03
2.9294177890e-01
-1.4596033096e+00
6.0124737024e-01
-6.5108668804e-01
-6.3367629051e-01
3.1396546960e-01
1.0337863863e-01
-3.9086237550e-01
7.6646402478e-02
-5.0085610151e-01
5.1802361012e-01
1.1199691296e+00
-2.9974916577e-01
5.6186372042e-01
2.1874345839e-01
4.9000307918e-01
-1.0290578939e-02
1.5152800083e-01
-1.0542306304e-01
1.4696028829e-01
-3.3348098397e-01
-6.3872772455e-01
-2.1892990172e-01
-7.2974401712e-01
-1.2214140892e+00
5.6376916170e-01
-1.1148611307e+00
-3.5857075453e-01
1.3477082551e-01
-1.5854749680e+00
-3.3900991082e-01
-1.3139373064e-01
-1.8888099492e-01
2.3428837955e-01
-7.9990661144e-01
2.1836464107e-01
6.5705311298e-01
-3.8071250916e-01
-1.8122346699e-01
9.1981470585e-02
1.3664457798e+00
-8.0787855387e-01
-5.2066564560e-01
-6.8776553869e-01
-5.9050095081e-01
-1.1282896996e+00
-5.7569831610e-01
-3.5452532768e-01
1.3472303152e+00
5.1123428345e-01
-5.1470893621e-01
-5.8210718632e-01
4.6964636445e-01
2.2157008946e-01
-6.7083507776e-01
-1.5732167661e-01
4.1515770555e-01
-7.7217340469e-01
-2.1556909382e-01
-8.4399497509e-01
6.8741276860e-02
4.1571372747e-01
8.5896831751e-01
1.0290592909e-01
-4.7313237190e-01
8.5632048547e-02
7.5291341543e-01
-1.1044061184e+00
3.4711062908e-01
4.2271354795e-01
3.8236781955e-01
7.4942782521e-02
2.5978404284e-01
-3.2552032471e+00
2.7815020084e-01
-6.5177029371e-01
1.8062725663e-01
3.1504055858e-01
-2.7504578233e-01
3.7913277745e-01
4.9458363652e-01
-3.2944118138e-03
-3.2441124320e-01
-2.5553599000e-01
6.9407030940e-02
-5.1053822041e-01
4.4960963726e-01
5.0357967615e-01
-7.8021466732e-02
2.6238718629e-01
-6.2131371349e-02
5.1023149490e-01
4.2121469975e-01
-1.0421610624e-01
-5.9417980909e-01
-1.3210403919e-01
4.8659928143e-02
6.4190089703e-02
-4.3793281913e-01
2.4379216135e-01
-6.3345450163e-01
-2.2346100211e-01
3.5053032637e-01
-3.7465029955e-01
1.1090798378e+00
4.4311827421e-01
-9.7341787815e-01
-4.3121173978e-02
1.0926454067e+00
-7.6852780581e-01
-6.4188474417e-01
1.0645956993e+00
1.1877282858e+00
-3.4932935238e-01
-6.2761884928e-01
-5.6856465340e-01
4.6946051717e-01
-6.3203173876e-01
-2.2054803371e-01
-4.8002953529e+00
1.1710701138e-01
2.0667229593e-01
5.0145953894e-01
-9.3049541116e-02
-2.5884065032e-01
1.0963825136e-01
5.1367360353e-01
-7.2809800506e-02
1.1877399683e-01
-2.3122252524e-01
2.3099344224e-02
7.9838353395e-01
-3.3371958137e-01
-1.7735596895e+00
4.0027141571e-01
-1.9690392911e-01
7.2872346640e-01
-3.9716643095e-01
-2.1858158708e-01
-3.8078856468e+00
1.7679172754e-01
4.4167339802e-01
6.6751801968e-01
-3.7301534414e-01
-2.1638484299e-01
3.1179472804e-01
4.4849291444e-01
-1.1586232185e+00
-3.7939360738e-01
8.1321966648e-01
2.7326655388e-01
1.1531897783e+00
7.4893213809e-02
-4.9609330297e-01
7.3231542110e-01
-1.9040247798e-01
8.8841694593e-01
-1.0820163488e+00
-3.4484866261e-01
2.9735288024e-01
3.9736068249e-01
-6.5672653913e-01
1.8614384532e-01
-2.4400325119e-01
7.4200528860e-01
6.2475584447e-02
1.0441443324e-01
-2.4252459407e-01
-3.8906383514e-01
-3.3230304718e-01
5.1835417747e-01
-5.8671629429e-01
6.1797183752e-01
2.5556865335e-01
-3.8326987624e-01
2.1110187471e-01
-4.4204792380e-01
-2.3064002395e-01
-5.1235318184e-01
-2.2552735806e+00
-2.4675631523e-01
-8.7384682894e-01
1.6478127241e-01
-3.0780360103e-01
9.7724676132e-01
3.7028282881e-01
-1.9342440367e-01
-8.8134616613e-01
-1.4207651615e+00
9.4678479433e-01
3.1960365176e-01
9.4127827883e-01
-3.2700043917e-01
7.2946339846e-01
4.4702976942e-01
3.9891102910e-01
1.0242581367e+00
-7.2634375095e-01
-9.5155715942e-02
3.8495317101e-01
-2.9998958111e-01
7.8715634346e-01
-2.6674664021e-01
-2.5227838755e-01
4.9335736036e-01
-3.5444486141e-01
2.7850791812e-01
1.1975896778e-03
-2.9332798719e-01
-7.5150363147e-02
-4.6329522133e-01
8.1968384981e-01
3.8291835785e-01
1.9869296253e-01
-1.2280043364e+00
1.2893708050e-01
-1.1943195760e-01
-4.6825177968e-02
-4.6639409661e-01
2.1451373398e-01
4.4175165892e-01
2.7169648558e-02
-1.1617578268e+00
-1.6448324919e-01
-2.1127501130e-01
-9.8114475608e-02
2.3262778297e-02
-4.7806316614e-01
3.0594781041e-01
5.1962178946e-01
-4.0957552195e-01
-3.0878454447e-01
4.9877083302e-01
-1.1788279563e-01
-4.6632441878e-01
5.5661392212e-01
9.8744422197e-01
3.1795341522e-02
-2.3229080439e-01
-2.2010860965e-02
5.4450142384e-01
-1.3353872299e+00
-1.9559596479e-01
-7.6065198518e-03
6.8107455969e-01
-1.2431462109e-01
2.3435805738e-01
-4.6309691668e-01
6.0099595785e-01
5.9607875347e-01
-3.0374965072e-01
9.4225071371e-02
1.6284109652e-01
2.6800096035e-01
-8.1192082167e-01
1.4205874503e-01
-6.2794405222e-01
-1.6796618700e-01
-6.4112441614e-03
1.3806208968e-01
-2.5522050261e-01
-6.8379618227e-02
7.9356849194e-02
-9.2990899086e-01
1.5180039406e-01
-8.0163538456e-02
-3.3251294494e-01
-2.7950629592e-01
-3.7761744857e-01
8.3582800627e-01
-1.1734176874e+00
6.5098494291e-01
-2.6157188416e-01
3.3920109272e-01
4.4898867607e-01
1.4395253360e-01
-4.3043068051e-01
-1.6232238710e-01
-1.5484099388e+00
-2.8763815761e-01
2.9829719663e-01
6.4440190792e-01
1.2862398624e+00
-4.9248844385e-01
-4.7780910134e-01
5.3967827559e-01
-3.1359038353e+00
-5.6191694736e-01
-1.8510893583e+00
-1.3970246315e+00
7.2202157974e-01
1.0281034708e+00
-1.5175375938e+00
-1.0693647712e-01
1.2247409821e+00
4.8248437047e-01
1.4073903859e-01
-8.7033700943e+00
-5.4680997133e-01
-4.9004611373e-01
8.0927991867e-01
-1.2209367752e-01
8.1613236666e-01
2.0178221166e-01
-6.9096159935e-01
5.7068878412e-01
-1.8970613182e-01
-4.3706688285e-01
1.0590413809e+00
-1.5690796375e+00
1.1804796010e-01
4.3868789077e-01
5.5305600166e-02
2.1018765867e-01
4.9956843257e-01
4.3197594583e-02
3.5123994946e-01
-5.2215433121e+00
-1.1719765663e+00
1.4583101869e-01
4.9871698022e-01
6.3533818722e-01
9.5475089550e-01
-7.5121843815e-01
6.5901565552e-01
5.7506430149e-01
-5.2624692917e+00
-4.7065079212e-01
-8.6174798012e-01
-5.6961667538e-01
4.8102191091e-01
2.3707973957e-01
-2.5690555573e-01
3.6668246984e-01
3.3765831590e-01
2.3414050043e-01
-3.3684289455e-01
-2.3571689129e+00
-1.1308553219e+00
5.5347168446e-01
1.0854356736e-01
2.4647829533e+00
3.5462164879e-01
-1.1153514385e+00
-2.1688036621e-01
-3.2543894649e-01
6.4404743910e-01
-1.1509407759e+00
3.1359797716e-01
-2.3578953743e-01
5.7534277439e-01
-2.2106163502e+00
-1.2890555859e+00
6.8125271797e-01
-6.0471835136e+00
6.9944173098e-01
-2.0930180550e+00
7.8142213821e-01
-2.1200363338e-01
1.0612240434e-01
3.5231128335e-01
5.6139892340e-01
4.4377076626e-01
-6.6059380770e-01
4.5401129127e-01
-2.1920010448e-01
5.2160367370e-02
-4.8278525472e-01
5.7957422733e-01
-1.2205152512e+00
-1.0358025134e-01
-1.3602563143e+00
-8.2474982738e-01
2.2564053535e-02
-8.1216853857e-01
2.4413600564e-01
6.1607766151e-01
9.6554733813e-02
-8.0104745924e-02
3.5582390428e-01
-2.1077373624e-01
1.9490668178e-01
-2.9013276100e-01
3.6202555895e-01
-7.0914670825e-02
-6.9691456854e-02
1.4729097486e-01
-1.4684542418e+00
-7.7618986368e-01
-5.9662038088e-01
-1.8858534098e-01
-8.7423346937e-02
6.2359809875e-02
-1.0096198320e-01
-2.7356021106e-02
-1.8215447664e-02
1.8920281529e-01
3.0903431773e-01
-6.8796873093e-01
3.4049880505e-01
3.8693569601e-02
-4.1755849123e-01
5.1796358824e-01
-8.9574068785e-01
6.2947732210e-01
-1.0265723467e+00
3.0404278636e-01
-1.3047784567e+00
6.6730344296e-01
4.6149396896e-01
7.4334464967e-02
-1.3161983490e+00
-1.3933789730e+00
4.1440629959e-01
-1.3306192160e+00
2.5339731574e-01
3.9117938280e-01
5.5107337236e-01
-1.0099414587e+00
9.9584795535e-02
8.1359356642e-02
-5.5468559265e-02
3.5170888901e-01
-9.5637410879e-01
7.9650646448e-01
4.8054981977e-02
2.3704411089e-01
-4.1592195630e-01
4.7117942572e-01
5.4315906763e-01
-1.5306487679e-01
-4.8562589288e-01
-7.1564006805e-01
1.9275902212e-01
-1.4809340239e+00
8.4735393524e-02
7.0639145374e-01
1.5636332333e-01
-5.0299263000e-01
-3.2999503613e-01
3.1622889638e-01
5.2668696642e-01
-1.9042092562e-01
5.6693482399e-01
-1.1381074190e+00
2.0623582602e-01
-8.3405956626e-02
-8.6180150509e-02
-3.4803265333e-01
-3.3302357793e-01
-2.1062408388e-01
-5.7700031996e-01
-1.6347315395e-03
-4.6904924512e-01
5.2119439840e-01
-8.1885576248e-01
4.7492536902e-01
-6.5130108595e-01
-1.8008538485e+00
1.9731681049e-01
3.3816877007e-01
2.1346595287e+00
8.1943732500e-01
-7.0920866728e-01
-5.5409250259e+00
1.0336539745e+00
4.6597358584e-01
-7.2298103571e-01
-1.2019352913e+00
-5.8899612427e+00
3.2753515244e-01
-9.2571176589e-02
8.2190954685e-01
3.5524153709e-01
2.2279314697e-02
7.5588405132e-01
-1.0965944529e+00
-7.9188704491e-01
-5.0764012337e-01
4.9808010459e-01
3.6764901876e-01
7.9375848174e-02
4.7767710686e-01
-7.9890623689e-02
6.2432485819e-01
-1.7765548229e+00
1.1023162305e-01
-2.4645447731e-01
3.6935728788e-01
3.1802427769e-01
1.4821037650e-01
-1.0087127686e+00
-7.1193969250e-01
3.2056987286e-01
-1.4931917191e+00
2.2132484615e-01
-7.5258888304e-02
2.1779885888e-01
-1.2637723982e-01
-7.4982362986e-01
-6.0109502077e-01
1.0534747839e+00
-8.3045744896e-01
4.2150509357e-01
-2.8736022115e-01
4.2533197999e-01
1.6507013142e-01
-5.4293304682e-01
-8.8486903906e-01
8.9553713799e-01
-8.2280659676e-01
7.7635259368e-03
-6.0739827156e-01
-6.1898678541e-01
-2.9820391536e-01
-1.5895535946e+00
-2.6717308164e-01
-1.5531846285e+00
2.1140937507e-01
1.5452128649e-01
-3.3665359020e-02
1.0689138621e-01
5.8526986837e-01
5.7072259486e-02
2.7661430836e-01
-2.5184800625e+00
-2.9998663068e-01
1.8171787262e-01
3.4223058820e-01
-8.5579603910e-02
4.2042997479e-01
2.6228538156e-01
-5.8313113451e-01
4.8702385277e-02
-8.0991911888e-01
5.2480590343e-01
2.1372750401e-01
8.6331844330e-02
-1.7030261457e-01
-7.0289468765e-01
-1.0556368530e-01
-1.0251271725e-01
-4.2775452137e-01
1.2095165998e-01
-6.6872201860e-02
2.2850824893e-01
9.9647587538e-01
-2.5073710829e-02
-1.5672998428e+00
-6.1682230234e-01
-1.1020203680e-01
7.1548002958e-01
2.4309363961e-01
-3.8182336092e-01
1.9648283720e-01
-3.6099508405e-01
3.2621890306e-02
-9.3728995323e-01
-1.7024034262e-01
-1.0481632948e+00
-1.3412363529e+00
7.8044451773e-02
-3.3424359560e-01
2.7735790238e-02
-6.4558851719e-01
1.8478445709e-01
-6.4763265848e-01
-7.6817643642e-01
3.7180063128e-01
7.1061199903e-01
-4.7200700641e-01
8.8619941473e-01
-1.3871568441e+00
-8.7501490116e-01
4.0671369433e-01
-2.1190023422e-01
6.3120180368e-01
-7.2303521633e-01
-1.6207519770e+00
5.5535030365e-01
3.8649344444e-01
-6.2536039352e+00
8.9265160263e-02
-3.7528640032e-01
-2.3604033515e-02
6.6580003500e-01
8.2212167978e-01
-1.3106256723e+00
4.0569213033e-01
-1.0265036821e+00
3.2429969311e-01
-3.0228307843e-01
-4.8505816460e+00
3.8802480698e-01
-2.5711846352e+00
7.0212900639e-01
-2.2766478062e+00
5.8271628618e-01
1.5677034855e-01
4.0591380000e-01
-6.0978716612e-01
-1.5740080178e-01
3.5318946838e-01
-2.9898032546e-01
2.2035652399e-01
-1.0018028319e-01
1.0368458927e-01
2.2031548619e-01
3.1045320630e-01
2.4536503851e-01
-4.6673622727e-01
6.4677983522e-01
-5.1738804579e-01
-7.7596023679e-02
-8.3130620420e-02
-1.3390883803e-01
-5.7663929462e-01
-7.4845142663e-02
-3.8419574499e-01
-2.0078499615e-01
-6.1787258834e-02
-4.6830335259e-01
2.4037802219e-01
1.3309696317e-01
-6.0903359205e-02
-1.1944626272e-01
8.8465183973e-02
3.1572204898e-04
-4.7744813561e-01
2.4123555422e-01
-8.8978178799e-02
1.1552570388e-02
-2.7965968847e-01
-1.0632930696e-01
6.2303853035e-01
3.0013978481e-01
1.0148643255e+00
-5.5272406340e-01
-2.9537069798e-01
1.5298016369e-01
3.4875419736e-01
-4.1049029678e-02
2.2711935639e-01
3.6595264077e-01
-6.7288118601e-01
-1.3881392777e-01
-1.0278750658e+00
-5.8908468485e-01
-8.4476292133e-01
1.1311917007e-01
-1.6696348786e-01
6.0547304153e-01
-6.0047554970e-01
6.4842663705e-02
4.5525625348e-01
-1.7208839953e-01
8.6818450689e-01
-5.4634660482e-01
-2.3126003146e-01
1.7805272713e-02
-3.3588811755e-02
-9.7835248709e-01
-8.2547992468e-01
-3.0810371041e-02
-5.6520009041e-01
3.5909265280e-01
-3.1111717224e-01
-2.4037921429e-01
1.2778529525e-01
-3.7673360109e-01
-1.4821116626e-01
3.2579532266e-01
-4.5187529922e-01
1.5883898363e-02
-5.3836017847e-02
8.9867055416e-02
8.5314512253e-02
-1.4281076193e-01
-5.1729512215e-01
6.0310918093e-01
1.9251281023e-01
4.4537469745e-01
6.4881569147e-01
-1.6809770465e-01
7.9922646284e-01
-4.0629396439e+00
8.1277722120e-01
-1.7451861501e-01
4.0431898832e-01
3.7669548392e-01
6.2486553192e-01
4.8863753676e-02
-2.3372252285e-01
5.8136284351e-01
1.4761726558e-01
-3.4117486477e+00
5.3862041235e-01
-1.0768275708e-01
3.3542633057e-02
6.5955615044e-01
-1.5463505685e-01
5.0217592716e-01
1.0718351603e+00
-9.8050075769e-01
1.1822038889e+00
-2.7576563358e+00
-3.3169001341e-02
-9.2077505589e-01
-3.8128424436e-02
2.9898923635e-01
8.1901723146e-01
7.0763856173e-01
1.2540490925e-01
7.5510597229e-01
-2.1504051983e-02
-5.9373493195e+00
6.0519331694e-01
2.2762505710e-01
-4.8390048742e-01
-1.5126246028e-02
3.3230870962e-01
-6.7704409361e-01
-2.9346531630e-01
-2.2058479488e-01
6.2736225128e-01
-7.5822192430e-01
4.3225881457e-01
-5.7707780600e-01
1.1296387017e-01
7.7785104513e-01
2.2620689869e-01
-4.7102057934e-01
-6.1504244804e-01
4.1325323284e-02
-3.3041027188e-01
3.2054150105e-01
1.4531514049e-01
-1.2698826194e-01
-6.2209230661e-01
2.3423534632e-01
2.6655063033e-01
-9.7915953398e-01
8.0056693405e-03
-2.1484632790e-01
3.9313310385e-01
-8.3673775196e-01
3.2304736972e-01
-1.6832537651e+00
8.0942922831e-01
4.4075310230e-01
4.0859988332e-01
-3.4944832325e+00
-1.4017601013e+00
2.6158559322e-01
-2.9069731236e+00
6.3958758116e-01
1.0206068754e+00
1.8867959082e-01
3.0282232165e-01
1.5618646517e-02
4.7200104594e-01
-1.0686141253e+00
-1.1288895607e+00
2.0489078760e-01
-3.3688277006e-01
-4.9737462401e-01
4.0846940130e-02
-1.0267133713e+00
-6.0956919193e-01
-1.5993002802e-02
-4.9467131495e-02
-1.6789560318e+00
-1.2321460247e+00
3.4650508314e-02
-4.0694057941e-01
4.8297274113e-01
-1.2650524378e+00
-3.9071819186e-01
-6.0162991285e-01
4.6158435941e-01
-1.7028987408e+00
7.9900532961e-01
8.6499679089e-01
-3.6672323942e-01
4.8116812110e-01
1.3796457648e-01
-3.9999374747e-01
-3.3871817589e-01
2.1294894814e-01
1.3325037062e-01
3.4693640471e-01
7.4632126093e-01
1.9782797899e-03
3.8683056831e-01
-6.6102281213e-02
-3.2536838055e+00
6.5919870138e-01
-2.3861870170e-02
-7.6327961683e-01
-6.6897417419e-03
2.9054057598e-01
-3.2663401961e-01
-6.8268215656e-01
-4.0453907847e-01
-4.9403339624e-01
3.4954503179e-02
8.2793213427e-02
-7.5804084539e-01
-6.3325417042e-01
6.3428318501e-01
6.7722223699e-02
-1.1244174242e+00
-4.3932643533e-01
-1.3317309320e-01
-4.0713104606e-01
9.5611888170e-01
-4.8981976509e-01
-3.2641810179e-01
-3.3362048864e-01
-3.0712829903e-02
9.5033675432e-01
-6.3253200054e-01
-6.2253344059e-01
2.2716806829e-01
-3.1521949172e-01
-7.2681850195e-01
3.4537118673e-01
-9.5998758078e-01
8.9193177223e-01
3.9685404301e-01
-2.8265050054e-01
-7.7187448740e-01
-4.6384617686e-01
-2.4183222651e-01
-1.5558092594e+00
1.4452629089e+00
-5.8749967813e-01
-1.1462336779e+00
-3.3226054162e-02
1.0463473946e-01
4.3035414815e-01
-1.4883131981e+00
-1.6869744658e-01
3.5903456807e-01
2.8161728382e-01
-1.4842081070e+00
1.7825415730e-01
-7.9581755400e-01
2.3155578971e-01
-4.1181061417e-02
-2.8443989158e-01
-7.4878585339e-01
-4.7750312090e-01
-1.9504811615e-02
-4.2869153619e-01
1.1237448454e-01
-9.6986040473e-02
1.5055800788e-02
-5.2906751633e-02
4.2922845483e-01
-5.2192845345e+00
8.1162691116e-01
8.9243900776e-01
-8.3877307177e-01
3.2568424940e-01
-1.3266662359e+00
-1.6597137451e+00
-7.5215566158e-01
-2.0203973353e-01
-1.0075488687e-01
-2.9285931587e-01
4.3329593539e-01
3.3427903056e-01
5.9393453598e-01
4.5510852337e-01
-4.0571713448e+00
8.6202514172e-01
5.1724857092e-01
-9.4522881508e-01
-3.7532143295e-02
6.4673358202e-01
5.9738528728e-01
2.0355176926e-01
-2.5210836530e-01
2.4563653767e-01
-1.1507366896e+00
1.0412496328e+00
-1.8809635639e+00
5.0586092472e-01
5.3242689371e-01
5.6637316942e-01
-2.0065038204e+00
-4.6160116792e-01
2.5038582087e-01
-1.0343412161e+00
6.6542476416e-01
1.5367418528e-01
1.4842447639e-01
-7.0513904095e-01
3.6526906490e-01
7.1122086048e-01
2.1681137383e-01
1.6931518912e-01
1.1452888697e-01
3.1508073211e-01
-1.1004941165e-01
6.8862414360e-01
-9.1950613260e-01
3.4570932388e-01
5.1439738274e-01
5.8140921593e-01
-1.4758919477e+00
8.3604931831e-02
-5.7610206306e-02
-2.2350051999e-01
-1.1358937249e-02
4.5043760538e-01
2.2007735074e-01
-2.9793629050e-01
3.3682033420e-01
2.0840790868e-01
-4.5474085212e-01
6.4193911850e-02
-3.7951465696e-02
1.2377801538e-01
-5.7262247801e-01
3.2617163658e-01
-8.4371060133e-01
3.4974816442e-01
4.0599930286e-01
-3.4030252695e-01
-1.0556664467e+00
8.7644346058e-02
8.6892262101e-02
-2.1717216969e+00
1.2693820521e-02
9.2425547540e-02
2.6386675239e-01
-1.3478927314e-01
1.7713758349e-01
-6.2425416708e-01
2.9219746590e-01
1.4609451592e-01
4.5138296485e-01
3.1675171852e-01
-1.0488250256e+00
-4.8509281874e-01
-1.3655591011e-01
-1.3018094003e-01
-1.2810738385e-01
4.7171646357e-01
-1.1970857382e+00
-2.6581528187e+00
-6.6326484084e-02
-8.1482207775e-01
-1.9198058844e+00
-4.9951183796e-01
1.6780033708e-01
-8.4474968910e-01
3.5324987769e-01
9.2303729057e-01
4.0942037106e-01
1.5819710493e-01
-4.7803848982e-02
1.8825668097e-01
-8.1590110064e-01
1.0187921524e+00
-4.6705511212e-01
3.9110541344e-01
-4.0483650565e-01
6.9437813945e-03
-1.0414857864e+00
3.1263425946e-01
2.9437327385e-01
-3.4438818693e-01
-1.6684478521e+00
1.4002026618e-01
2.0202640444e-02
-9.1754233837e-01
3.5262119025e-02
6.0751122236e-01
-1.9514437020e-01
3.0207991600e-01
3.0497181416e-01
7.9209154844e-01
-9.8781967163e-01
1.2637122869e+00
-5.3820240498e-01
7.2794544697e-01
-2.0580875874e-01
6.9252353907e-01
-1.3817571402e+00
1.8067540228e-01
3.3239182830e-01
-4.0948760509e-01
-1.0213694572e+00
3.1728732586e-01
-1.8067387864e-03
-5.4578125477e-01
-2.3044634610e-02
1.3231794536e-01
3.0095848441e-01
-3.0163738132e-01
2.8322878480e-01
5.7827842236e-01
-3.2055678964e-01
3.8257253170e-01
-2.3805260658e-01
8.2523518801e-01
-2.1951016784e-01
6.5201413818e-03
-9.0945816040e-01
-6.8153217435e-02
-3.7031207234e-02
-2.5794860721e-01
-2.5042971969e-01
1.7336176336e-01
1.3443127275e-01
-5.9146434069e-01
-9.0751135349e-01
-5.6229704618e-01
-8.2649767399e-01
-1.8531928957e-01
1.8257968128e-01
8.8953047991e-01
-2.9573157430e-01
2.2429512441e-01
-2.5301638246e-01
5.7949483395e-01
6.6050642729e-01
5.7262974977e-01
5.0172545016e-02
7.3042804003e-01
-1.5782077610e-01
1.5722234547e-01
5.3369885683e-01
6.0232248157e-02
2.7704420686e-01
-2.9730540514e-01
-5.4947435856e-01
-2.6577964425e-01
-3.2331457734e-01
6.5985161066e-01
1.6873998940e-01
1.0324245691e+00
-9.4778132439e-01
-1.7055928707e-01
-1.1669357121e-01
3.7068346143e-01
8.6210191250e-01
3.1019461155e-01
3.2537186146e-01
-8.4785938263e-01
2.5645089149e-01
-4.2152616382e-01
4.7731500864e-01
-2.1506754681e-02
-1.2345787138e-01
-4.8238244653e-01
-3.0754039064e-02
-1.8685756624e-01
-3.1967899203e-01
-3.6783438176e-02
4.7068506479e-02
6.9053751230e-01
-1.7200139761e+00
6.6500306129e-02
-8.7871335447e-02
4.8187845945e-01
-6.8005308509e-02
1.8241505325e-01
-1.7817780375e-01
-1.7241339386e-01
1.2855462730e-01
-1.3677123189e-01
1.6475360096e-01
6.3961498439e-02
1.7461486161e-01
-3.0627122149e-02
4.3123909831e-01
-3.0390295386e-01
9.0641093254e-01
-6.7814356089e-01
-1.0684931278e+00
-3.1168620586e+00
-3.2013326883e-01
-1.2447687387e+00
-1.3215836287e+00
-2.3618669510e+00
-5.2593082190e-02
-5.3427958488e+00
9.6304184198e-01
5.1185554266e-01
-1.4158539474e-02
9.3366569281e-01
5.5601429939e-01
4.2755383253e-01
6.4993578196e-01
-6.1220252514e-01
6.2002833933e-02
-1.0838329792e-01
-7.1750295162e-01
6.9072836637e-01
3.2503105700e-02
9.0352976322e-01
-2.6579601690e-02
5.5619651079e-01
-4.7071959823e-02
8.9269310236e-01
-5.0437206030e-01
1.3598224521e-01
-5.5132353306e-01
-3.6163082719e-01
4.7772184014e-02
-2.0991751552e-01
2.2551015019e-01
-3.6544406414e-01
-2.3589089513e-02
-6.9786298275e-01
-7.2093486786e-01
-8.6960250139e-01
-1.0126717091e+00
-2.0076241344e-02
3.2231545448e-01
7.2031682730e-01
-1.6682193279e+00
6.2112396955e-01
1.0938596725e-01
-6.9702766836e-02
6.3113701344e-01
3.1790274382e-01
-2.2994998097e-01
-6.0944396257e-01
3.2455209643e-02
-1.0163854361e+00
-9.9004134536e-02
1.0673629045e+00
2.0148593187e-01
9.3083322048e-02
-1.3050324917e+00
-9.6568781137e-01
-1.0652737617e+00
-1.1122652292e+00
-3.6602564156e-02
-3.8230633736e-01
-5.9513759613e-01
-1.2101901323e-01
5.8730483055e-02
1.9190551341e-01
2.4086041749e-01
1.7853675783e-01
2.3359894753e-01
-8.9072829485e-01
-5.3681069613e-01
-1.6850690842e+00
1.2469071150e+00
3.3548352122e-01
1.2846711278e-01
-2.2265824676e-01
-7.0945465565e-01
-1.3433984518e+00
-8.6916840076e-01
-4.4243985415e-01
4.8169720173e-01
5.5607002974e-01
-2.4209745228e-01
7.1070080996e-01
1.1376276612e-01
-3.1441780925e-01
6.3625961542e-02
-2.3244872689e-02
-8.3989895880e-02
-6.1416476965e-01
-3.8088724017e-01
6.0485076904e-01
2.8534826636e-01
-6.4112114906e-01
1.0027775913e-01
1.6253568232e-01
-2.1980910003e-01
-5.1105350256e-01
3.9302667975e-01
-1.0242631435e+00
-1.4605474472e+00
-6.5971245766e+00
-8.0273814499e-02
-1.2544587851e+00
-1.2368305922e+00
-7.6961261034e-01
1.5251742303e-01
-8.6760908365e-01
8.5503745079e-01
7.2766315937e-01
-9.0113461018e-01
7.9642963409e-01
-5.9465891123e-01
1.4390027523e-01
2.9323971272e-01
-2.9320019484e-01
2.7788667008e-02
1.1362539232e-01
5.8551061153e-01
4.3243294954e-01
1.4406967163e-01
1.3002654314e+00
-2.0334385335e-01
-4.4516107440e-01
-8.5502803326e-02
-2.8506037593e-01
1.3997419178e-01
2.1721836925e-01
-5.3514492512e-01
3.4445303679e-01
-2.3788262624e-03
-1.2822704017e-01
3.0538880825e-01
2.6209414005e-01
-1.2540578842e-01
-6.9520491362e-01
-2.6248177513e-02
-7.7937934548e-03
8.6861330271e-01
2.8146037459e-01
1.9095627964e-01
3.5335579515e-01
1.3909655809e-01
-6.0297556221e-02
-1.1654398441e+00
7.7871480025e-03
-1.6093793511e-01
1.0323550552e-01
-9.9800825119e-02
-6.3852047920e-01
2.2622275352e-01
1.3508361578e-01
3.2627683878e-01
6.8183275871e-03
4.9828570336e-02
-9.0075606108e-01
-3.3868637681e-01
-1.2935435399e-02
1.8953378499e-01
7.5341385603e-01
-1.5479157865e-01
1.2058672905e+00
-1.1192741245e-01
-5.4826844484e-02
4.6677500010e-01
3.6543983221e-01
-3.2140314579e-01
-8.9508362114e-02
3.6212736368e-01
-2.3212340474e-01
1.5902543068e-01
7.3628872633e-02
6.6701090336e-01
7.1410000324e-01
-3.7431019545e-01
4.0525245667e-01
-8.3273780346e-01
-1.1599133015e+00
1.9276814163e-01
-6.9854407310e+00
-1.8963146210e+00
-3.1582352519e-01
-5.5165964365e-01
-1.6383913755e+00
-1.6374582052e+00
-7.0449185371e-01
4.7259488702e-01
-4.5047429204e-01
8.0003547668e-01
6.3767379522e-01
-2.8727331161e+00
1.5561153889e+00
-5.7476526499e-01
-5.9443235397e-01
5.0670313835e-01
4.1881105304e-01
-2.6562929153e-01
-1.0606036186e+00
-6.2582083046e-02
-5.9377346039e+00
-7.9193145037e-01
-1.5582856536e-01
-1.6344577074e+00
-7.5968772173e-01
-2.2107844353e+00
-7.7425336838e-01
-6.0616273433e-02
3.7756931037e-02
8.7981075048e-01
5.7528972626e-01
-2.7213542461e+00
1.0602159500e+00
-3.3839967847e-01
-8.5164868832e-01
-2.2317636013e-01
-6.2729352713e-01
2.4564671516e-01
-1.5460512042e-01
4.5227539539e-01
7.1137106419e-01
-1.9626843929e-01
2.8925094008e-01
-1.1337493360e-01
1.1058958620e-01
-4.0809419006e-02
5.5889725685e-01
2.3694516718e-01
-7.0254230499e-01
7.2897863388e-01
2.1587044001e-01
7.5825464725e-01
2.4431383610e-01
-2.6898944750e-02
4.0400993824e-01
2.9684913158e-01
2.2675871849e-01
-6.9287729263e-01
-8.0561977625e-01
2.0811168943e-03
-3.3995425701e+00
-5.3736841679e-01
-4.2248308659e-01
-1.4714465141e+00
-1.1241877079e+00
-2.2623240948e+00
-1.0138076544e+00
5.3068250418e-01
-1.8345862627e-01
5.5002021790e-01
9.2260801792e-01
-6.1490893364e+00
1.1286923885e+00
-4.6615362167e-01
-2.3452885151e+00
-3.8546425104e-01
-1.5097598732e-01
1.2365885079e-01
-2.0462349057e-01
-9.4228422642e-01
-6.1318509281e-02
5.4799526930e-02
3.1866732240e-01
-3.5334277898e-02
2.3636324704e-01
1.4752197266e-01
2.6047626138e-01
-1.3861858845e+00
2.9418215156e-01
-1.3701783121e-01
2.6284456253e-01
-2.7166355401e-02
1.9228950143e-01
8.6583137512e-02
3.1424966455e-01
-2.0877198875e-01
-2.6312044263e-01
5.7337570935e-02
2.6153281331e-01
4.1526386142e-01
-2.0241795480e-01
-2.9018291831e-01
8.1679545343e-02
-8.6417831481e-02
-6.8836361170e-02
4.4641304016e-01
-1.2947126627e+00
-6.3629621267e-01
-2.5528958440e-01
2.5691978633e-02
5.1444572210e-01
6.4760148525e-01
2.0872041583e-01
-4.4509269297e-02
-1.0936635733e+00
-5.2936768532e-01
-5.8689826727e-01
4.3132078648e-01
-1.8827709556e-01
8.8643330336e-01
4.3616718054e-01
-4.2272758484e-01
6.1784869432e-01
-6.1622839421e-02
-2.8998970985e-01
3.4950795770e-01
-3.5725727677e-01
-4.8227524757e-01
8.1485457718e-02
3.0454069376e-01
2.1666319668e-01
2.8160464764e-01
-1.2436883897e-01
1.1134824157e-01
-1.8372835219e-01
-8.6649775505e-02
8.9039266109e-01
-5.8119959831e+00
-1.4675900936e+00
-1.4307670593e+00
-8.2165682316e-01
-5.2964007854e-01
-8.5571461916e-01
-1.2209433317e+00
-2.2324032784e+00
-1.2199478149e+00
-1.7877825499e+00
4.0954378247e-01
-8.9214015007e-01
-2.3808410764e-01
6.1115378141e-01
-1.9487479925e+00
7.5965744257e-01
-7.1531260014e-01
-1.5850548744e+00
-1.3275307417e+00
7.0006668568e-01
-5.1264743805e+00
-8.9736372232e-01
-1.9371001720e+00
-2.6539964676e+00
-1.0309611559e+00
-2.1852242947e+00
-1.1243070364e+00
-1.0624042749e+00
-1.7588548660e+00
-1.9234621525e+00
5.5800784379e-02
-1.2973865271e+00
-6.9968199730e-01
3.4758204222e-01
-4.7505044937e-01
1.1797171831e+00
-5.8410567045e-01
-4.0942028165e-01
-1.8732531071e+00
-5.3522807360e-01
9.5696993172e-02
-3.5352876782e-01
2.1716140211e-01
-6.7731447518e-02
2.1283641458e-01
5.7697099447e-01
-3.7133373320e-02
4.1646265984e-01
2.5207182765e-01
1.8588317931e-01
-3.8619187474e-01
-3.9719304442e-01
-2.1498553455e-01
5.2603793144e-01
4.3569749594e-01
2.4093715474e-02
3.7205186486e-01
-1.0465206951e-01
1.4531919360e-01
3.4265273809e-01
-3.9543957710e+00
-1.0885254145e+00
-3.5052127838e+00
-1.0031996965e+00
-4.1710376740e-01
-1.0649371147e+00
-8.2851457596e-01
-1.3552973270e+00
-1.4620494843e+00
-3.1714370847e-01
-3.4780561924e-01
-1.0882002115e+00
-9.4715423882e-02
5.5942940712e-01
5.7137489319e-01
9.3752038479e-01
-1.0565156937e+00
-2.1136379242e+00
-2.5723466873e+00
5.4501318932e-01
-4.5384092331e+00
-1.1385595798e+00
-7.5110864639e+00
-3.0560603738e-01
-9.4154916704e-02
-7.1922534704e-01
-1.2765928507e+00
-9.6803301573e-01
-1.5582958460e+00
-9.8163831234e-01
-3.5822284222e-01
-5.6051737070e-01
-7.1559268236e-01
1.0851076841e+00
1.2962412834e+00
5.5597019196e-01
-6.1932218075e-01
-2.5717995167e+00
-3.6015279293e+00
5.4979264736e-01
-1.2729382515e+00
-1.3786203861e+00
-5.6707701683e+00
-3.2598328590e-01
-6.0323166847e-01
-1.9886365533e-01
-3.9819321036e-01
-1.2512038946e+00
-8.6835968494e-01
2.2249553204e+00
1.0717856884e+00
-8.5338279605e-02
-2.8181168437e-01
6.2269896269e-01
2.4092388153e-01
3.6655032635e-01
-8.4504002333e-01
-1.6649501324e+00
-4.4265308380e+00
-7.0987868309e-01
2.3344826698e-01
-5.9446460009e-01
1.0370779037e+00
1.1415327787e+00
2.5198262930e-01
5.6408619881e-01
9.0730497614e-03
-2.8112798929e-01
3.9865610003e-01
1.3303685188e-01
9.7286529839e-02
-4.0920404717e-03
-6.2878477573e-01
6.5337949991e-01
-4.9669604748e-02
-1.2704021931e+00
3.0733183026e-01
-1.2658248842e-01
-3.2958399504e-02
1.4919923544e+00
-9.1957771778e-01
-1.6471798420e+00
-7.9828624725e+00
1.7558630556e-02
-1.1536566019e+00
-7.2587430477e-01
-2.6259126663e+00
-1.2820259333e+00
-6.5288323164e-01
-2.2787697315e+00
-1.0001834631e+00
-4.7267788649e-01
-6.5548853874e+00
3.0809056759e-01
2.7578142285e-01
-2.3493520916e-01
-9.9997711182e-01
-3.4856960773e+00
-1.1840877533e+01
5.8087891340e-01
-1.7181012630e+00
-1.7953404188e+00
-7.1228903532e-01
-7.5702661276e-01
-6.9033265114e-01
-1.2627334595e+00
-1.3945280313e+00
-9.7352755070e-01
-6.7394274473e-01
-1.1061955690e+00
1.0891530514e+00
-1.3607063293e+00
-1.6458618641e+00
-5.0531190634e-01
-1.6013354063e+00
-2.1371915936e-01
-1.7479360104e+00
-1.5673508644e+00
-4.8689055443e+00
8.4324532747e-01
3.9628472924e-01
-1.4818924665e+00
1.3177874088e+00
-4.5299344063e+00
-2.8583040237e+00
-1.8021566868e+00
-7.1458697319e-01
-1.7173690796e+00
-5.1515781879e-01
-1.5858093500e+00
-1.4325553179e-01
-1.3596746922e+00
-2.0371441841e+00
-8.8198083639e-01
-6.2932248116e+00
1.0887532234e+00
-1.0650016069e+00
-2.7901334763e+00
-7.5189429522e-01
-1.3088941574e-01
1.3079920411e-01
-7.0285600424e-01
-2.0374715328e+00
-2.6124181747e+00
1.3174107075e+00
-1.4963643551e+00
-6.5144830942e-01
-4.2320269346e-01
-1.3408162594e+00
-1.4904795587e-01
-1.4850511551e+00
1.8427366018e-01
-1.8256080151e+00
-2.3778352141e-01
1.6733384132e-01
-2.5401649475e+00
6.9146788120e-01
5.1123410463e-01
7.5918900967e-01
-2.9111790657e-01
-4.1499200463e-01
-1.9724313915e-01
1.0176970959e+00
-4.9057531357e+00
5.4925501347e-01
-1.2621569633e-01
-7.1401047707e-01
-2.3120522499e-01
-1.4444740117e-01
1.6031160355e+00
5.5421936512e-01
-3.1953346729e-01
-2.2277185917e+00
-9.7418588400e-01
-9.7884915769e-02
-1.7480282784e+00
-1.5878732204e+00
1.6428093910e+00
9.8053419590e-01
-2.8514420986e-01
-6.1736470461e-01
-1.4592838287e-01
1.2891780138e+00
-1.4665725231e+00
-9.5009487867e-01
-1.2493001223e+00
1.2560217381e+00
-7.6134353876e-01
-1.3613660336e+00
1.9828326702e+00
-2.8350733221e-02
-9.2509754002e-02
5.8841630816e-02
-2.0218217373e-01
-1.8460416794e-01
-1.1809732914e+00
1.6069777310e-01
1.8771928549e+00
3.4601888061e-01
-3.6817282438e-01
-6.2219250202e-01
2.2750365734e-01
6.8598258495e-01
-2.7258265018e+00
4.9612462521e-01
-1.2137238979e+00
-4.6582227945e-01
-4.7405171394e-01
-8.1255875528e-02
1.0945848227e+00
-1.0955633968e-01
-9.9538141489e-01
-1.6545023918e+00
-6.3442951441e-01
-7.9471445084e-01
-1.5402187109e+00
-1.3868100643e+00
1.4234156609e+00
9.6570128202e-01
-2.3466108739e-01
-2.9838395119e-01
-4.8026520014e-01
9.6655184031e-01
-3.8856701851e+00
6.8488019705e-01
-1.0227581263e+00
-8.1052380800e-01
-1.9241139293e-01
3.2809147239e-01
4.7378626466e-01
-1.1116011143e+00
2.2234247625e-01
-1.8881746531e+00
-2.0204441249e-01
-1.0393091291e-01
-1.6444940865e-01
-2.1816368103e+00
5.5839860439e-01
5.6148767471e-01
-4.5421400666e-01
2.2051347792e-01
-4.4260680676e-01
2.2991776466e-01
6.2665772438e-01
-5.4835504293e-01
5.8847087622e-01
1.9586452842e-01
-2.8825870156e-01
-1.4452178776e-01
-5.9266895056e-01
-4.6224525571e-01
4.8857554793e-01
-1.0493990034e-01
1.2385193259e-01
1.9730235636e-01
4.3046653271e-01
4.5129656792e-01
1.3447961807e+00
-1.3531744480e+00
-2.7088388801e-01
8.2960510254e-01
1.0591820478e+00
-2.8249571323e+00
-4.8304942250e-01
7.3622745275e-01
5.2997410297e-01
-3.3964451402e-02
-5.9058767557e-01
-5.6568235159e-01
-7.4475176632e-02
-6.4735209942e-01
-1.9219779968e-01
-2.5940167904e+00
-2.3296244144e+00
-2.7965608984e-02
-7.3629307747e-01
-3.9626118541e-01
1.1489628553e+00
-2.5773704052e-01
-2.1492145956e-01
-3.3936816454e-01
8.8088944554e-02
9.6042311192e-01
-5.8093875647e-01
7.2432792187e-01
5.5443263054e-01
-3.6126124859e+00
1.7666083574e-01
2.1707732975e-01
1.2481150776e-01
-5.4827702045e-01
5.5419015884e-01
-3.1423316002e+00
-6.3868772984e-01
-1.6505746171e-02
-2.3602969944e-01
1.7428697646e-01
-4.6496419907e+00
-1.7165459692e-01
-1.5983445942e-01
-8.4689450264e-01
5.0719845295e-01
1.0674365759e+00
5.7405069470e-02
9.9405813217e-01
3.3390542865e-01
-2.2654161453e+00
3.2442409545e-02
3.5203021765e-01
1.2583686411e-01
-1.4761189222e+00
-2.1605336666e+00
-2.4802663326e+00
-4.9352985620e-01
-6.2057942152e-01
-4.9258287996e-02
-1.6797685623e+00
-1.7516378164e+00
1.5471455455e-01
-1.4554241300e-01
-4.2085012794e-01
-1.9743416309e+00
1.8503429890e+00
-1.5531595051e-01
-2.4389731884e+00
-7.8023940325e-01
1.8318653107e-01
-1.2760910392e-01
-1.9110492468e+00
5.7563692331e-01
-2.6538050175e-01
-7.9076439142e-01
-1.2719782591e+00
-1.6424330473e+00
4.1183578968e-01
-1.0341973305e+00
2.2364582866e-02
1.6754503250e+00
1.6040438414e-01
-2.1817541122e-01
-2.9101109505e-01
-1.8106942177e+00
7.9653418064e-01
8.2446795702e-01
-1.3042424917e+00
5.5204248428e-01
3.8878586143e-02
-3.7166744471e-01
-1.6517138481e+00
4.2409890890e-01
1.0672574043e+00
-9.4256877899e-02
1.0523276776e-01
-1.4830240011e+00
-5.9462558478e-02
-1.7069654167e-01
-6.8023282290e-01
1.5185102224e+00
-4.4562372565e-01
-6.1450606585e-01
8.6065955460e-02
2.6036226749e-01
2.5374186039e-01
5.1029407978e-01
-2.8728643060e-01
1.1122761965e+00
-8.2323348522e-01
-1.9031280279e-01
-1.9063368440e-01
-6.3776630163e-01
3.8796821237e-01
-3.7988085300e-02
-2.4013501406e-01
3.6548978090e-01
-1.3741552830e-01
3.0923941731e-01
-6.0207134485e-01
9.1052830219e-01
-2.5924554467e-01
-7.2518783808e-01
1.1328151822e-01
-7.8682005405e-01
-8.5238707066e-01
5.9277749062e-01
-1.5875629187e+00
3.3208060265e-01
4.2235329747e-01
1.1767462641e-01
5.2903223783e-02
1.3778172433e-01
-7.9839086533e-01
-1.7851479352e-01
-7.8253901005e-01
1.3397389650e+00
5.3771805763e-01
-8.8502901793e-01
-7.2339594364e-02
9.9098831415e-01
2.7594619989e-01
-1.4617986977e-01
3.5927283764e-01
6.6823303699e-01
-2.2056837082e+00
-2.8388049603e+00
6.2474066019e-01
-7.9686857760e-02
-1.1241847277e+00
3.0848801136e-01
-1.3901804388e-01
-2.3131141663e+00
-1.0717703104e+00
4.4323991984e-02
-1.7294317484e+00
9.3955799937e-02
-3.8422110677e-01
-3.3564785123e-01
-1.7427958250e+00
-1.1579005718e+00
4.4550839067e-01
-2.0921577513e-01
-1.6002397239e-01
3.4637898207e-01
-2.8767684102e-01
5.0687330961e-01
-7.2981017828e-01
4.8619726300e-01
2.8049790859e-01
2.4475787580e-01
3.9502021670e-01
1.0407066345e+00
-7.6420301199e-01
-3.8876074553e-01
3.7461644411e-01
1.1570107937e+00
4.2372003198e-02
-1.6682225466e+00
1.4774060249e-01
1.0101516545e-01
-5.2829235792e-01
-1.1141464114e-01
1.4248421788e-01
9.1611474752e-01
-1.8831547499e+00
-2.1861054897e+00
6.6362345219e-01
-7.4953424931e-01
-6.3747406006e-01
-8.0632132292e-01
-8.2600951195e-02
4.6582797170e-01
-5.3172576427e-01
2.1105271578e-01
-1.9491958618e+00
-4.0811482072e-01
-4.7025343776e-01
-8.1239455938e-01
-1.0224623680e+00
1.7316839099e-01
5.4069381952e-01
-2.4830287695e-01
-9.8217122257e-02
-1.1839003563e+00
2.7242407203e-01
-1.9617512822e-01
8.4143280983e-02
9.8767572641e-01
2.4945995212e-01
-7.2838060558e-02
-2.1074028313e-01
6.5238720179e-01
-1.3628236055e+00
1.4793819189e-01
3.9231866598e-01
1.1094491482e+00
-2.6051792502e-01
-7.7072632313e-01
6.6417706013e-01
-1.2416621298e-01
3.2211214304e-01
-4.3971854448e-01
3.5710525513e-01
3.7318351865e-01
6.9034242630e-01
7.2012013197e-01
3.8450336456e-01
5.5775171518e-01
-3.5121360421e-01
4.8784190416e-01
4.1593572497e-01
-4.5774757862e-01
-4.2759627104e-01
1.3613485098e+00
3.3899611235e-01
2.4886398017e-01
-2.4802541733e-01
1.8153047562e-01
-4.4782834053e+00
-1.4314078093e+00
-2.9847424030e+00
-5.3346544504e-02
1.4854115248e-01
5.7549142838e-01
4.5229563117e-01
1.4034463167e+00
3.6409556866e-01
-1.0043927431e+00
-4.3529632688e-01
-3.1698691845e-01
7.0195060968e-01
-2.3964788914e+00
-2.7709028721e+00
4.6678560972e-01
2.2470013797e-01
-5.1103949547e-01
-1.9638634920e+00
1.6581209376e-02
-3.0800268650e+00
-2.3726105690e-01
-1.7794288397e+00
-2.4167580903e-01
1.2083742023e-01
-1.2506525218e-01
-1.3584476709e+00
2.6406022906e-01
5.0660002977e-02
3.9001613855e-01
-8.0112522840e-01
-7.9303272069e-03
-1.3420057297e-01
6.7662090063e-01
-6.3319909573e-01
2.3986804485e-01
-2.1797182560e+00
4.0723106265e-01
3.2803669572e-01
-8.2602381706e-01
3.0122724175e-01
2.9825177789e-01
-4.4146415591e-01
-2.1270528436e-01
-6.3346612453e-01
1.2600281239e+00
-1.1817063093e+00
-1.0124257803e+00
8.3459597826e-01
-7.2165638208e-01
-4.4555234909e-01
2.7053141594e-01
2.5586724281e-01
-3.8370599747e+00
-9.8649150133e-01
-3.4301936626e-01
3.9781767130e-01
-2.8671997786e-01
-2.9934065342e+00
-4.4913947582e-01
-1.4621649981e+00
4.8943641782e-01
-1.4764944315e+00
-6.2222748995e-01
2.5848641992e-01
-5.3397530317e-01
-7.9285931587e-01
-6.0378599167e-01
-1.0313390493e+00
3.3846622705e-01
-6.7420172691e-01
-1.1970140934e+00
-6.7250028253e-02
-6.5866249800e-01
-7.2052216530e-01
-1.0823317617e-01
-7.2696588933e-02
7.0859633386e-02
4.5030847192e-01
-1.7856216431e+00
1.4525501430e-01
-7.4579155445e-01
6.1721872538e-02
-5.2607983351e-01
-4.9414801598e-01
1.1009163857e+00
4.8893189430e-01
1.3948351145e-02
-1.2256314754e+00
-2.6257252693e-01
5.6839084625e-01
1.3083732128e+00
-7.3593026400e-01
9.2773014307e-01
-1.4219327271e-01
-1.3220450878e+00
-3.2845830917e-01
-7.9052597284e-02
-2.6606440544e-01
-2.1755239964e+00
8.3319503069e-01
2.2955901921e-01
4.8467982560e-02
-9.2209184170e-01
1.2552632093e+00
1.3943825960e+00
-1.3949463367e+00
-7.8532999754e-01
5.9442973137e-01
-6.4912426472e-01
1.7912460864e-01
4.6977177262e-01
1.2240266055e-01
-3.3927589655e-01
-1.5624705553e+00
-1.7940533161e-01
-1.4155455865e-03
-8.0092191696e-01
-9.9817806482e-01
-1.0580765009e+00
-8.8095158339e-01
1.3607540131e+00
-1.7216522694e+00
-6.5373396873e-01
-1.8610873222e+00
7.8332537413e-01
1.3567969799e+00
1.1267409325e+00
4.4638201594e-01
3.4911635518e-01
-3.6341384053e-01
-1.3758872747e+00
3.1548321247e-01
-4.3115129471e+00
-1.3928384781e+00
4.2152160406e-01
1.1483334303e+00
-1.7123740911e+00
-3.2916285992e+00
4.5215159655e-01
-6.6082012653e-01
1.6048450470e+00
-3.9171645045e-01
-7.8251487017e-01
3.3672028780e-01
8.6059480906e-01
-2.3658230305e+00
-5.8416664600e-01
4.7722417116e-01
-1.5733696520e-02
5.3486931324e-01
-2.9515963793e-01
2.0559631288e-01
-6.7676591873e-01
-1.3773666620e+00
3.9519703388e-01
-1.2387076616e+00
-4.9798354506e-01
-8.5499250889e-01
8.0770504475e-01
-1.6906665564e+00
6.4127886295e-01
-1.1638443470e+00
-3.6161917448e-01
-3.3858060837e-01
-5.3422367573e-01
7.4899852276e-01
-1.9123788178e-01
5.8205991983e-02
1.2910206318e+00
-1.0346159935e+00
3.1203112006e-01
9.3511119485e-02
2.0780320466e-01
8.1070119143e-01
-7.1276542731e-03
1.2193064690e+00
-1.8389229476e-01
4.0970212221e-01
-1.0068979263e+00
-2.9764190316e-01
9.1270154715e-01
-4.6715712547e-01
-6.8070715666e-01
-3.4431231022e-01
9.3138419092e-02
-1.1133568287e+00
-9.1187274456e-01
3.7795037031e-01
-5.1991432905e-01
9.0327250957e-01
-1.2813156843e+00
1.9527269900e-01
-9.6132194996e-01
-1.5761804581e+00
-7.8226721287e-01
-1.0001505613e+00
-1.9290919304e+00
-3.0751013756e+00
6.5396994352e-01
-7.7855557203e-01
2.5627693534e-01
-4.3563711643e-01
-3.6775046587e-01
4.2771396041e-01
-6.3312524557e-01
1.6139404476e-01
-1.2003648281e+00
1.4423911273e-01
9.7322255373e-01
-1.9841531515e+00
8.3587259054e-01
1.8006661534e-01
8.7563043833e-01
-2.9696494341e-01
-8.8352844119e-02
-2.5874251127e-01
5.2162265778e-01
1.2928506732e-01
-6.9634366035e-01
-2.1333439648e-01
4.9342101812e-01
-2.4014839530e-01
-1.2158507109e+00
-2.6106245518e+00
1.4791669846e+00
-6.2187409401e-01
1.0157370567e+00
5.7941710949e-01
5.1760613918e-02
4.4980368018e-01
-3.0786049366e-01
4.6156513691e-01
1.5422755480e+00
-2.6348180771e+00
3.4279531240e-01
5.9980368614e-01
-3.9528002739e+00
-3.8099415600e-02
2.2174672782e-01
2.2757560015e-01
8.7298947573e-01
-9.4859677553e-01
5.4334379733e-02
4.5336711407e-01
-1.4329617023e+00
-2.5438877940e-01
-1.2154330313e-01
2.4820274115e-01
-2.8154164553e-01
-2.2833582759e-01
-1.2964369357e-01
-2.2288781404e-01
-1.4739988744e-01
-2.6893811226e+00
-3.7070076913e-02
-4.7120103240e-01
-5.2006170154e-02
3.6624568701e-01
3.5969969630e-01
-1.9735400677e+00
4.3608316779e-01
-2.2980022430e-01
-1.6722953320e-01
4.7802957892e-01
-7.4138762429e-03
3.1656911969e-01
1.1841245741e-01
7.6041407883e-02
1.0867775977e-01
2.0678867400e-01
5.7782179117e-01
-6.3441908360e-01
-6.1493866146e-02
-1.1565949917e+00
-2.2297745943e-01
-1.0512200594e+00
2.1239809692e-01
2.0578035712e-01
-5.1718318462e-01
2.3976078629e-01
5.3825169802e-01
-2.8281930089e-01
-2.1032013893e+00
-1.9487038851e+00
6.4142602682e-01
-1.5728478432e+00
-5.3665411472e-01
6.6655421257e-01
-8.6721777916e-01
6.7753261328e-01
6.6874243319e-02
1.0201303959e+00
-2.4394578934e+00
-4.7481942177e+00
-4.0265355259e-02
1.1362669617e-01
2.6601278782e-01
-2.3465545177e+00
-2.2542879581e+00
6.1333179474e-01
-2.1437194347e+00
-1.6087694168e+00
-3.4405207634e-01
2.5664415956e-01
1.0347741842e-01
3.9237660170e-01
7.1940946579e-01
1.9705127180e-01
8.6086344719e-01
-6.9477778673e-01
1.6054913402e-01
6.1681956053e-02
-1.5601854026e-01
-2.3562873900e-01
-2.0157682896e-01
1.4089671895e-02
1.0721417665e+00
-2.2026759386e-01
-1.2545194626e+00
-9.2186456919e-01
-4.7355186939e-01
-2.6512643695e-01
-2.3672277927e+00
-1.4016251266e-01
4.4488111138e-01
-2.7114968300e+00
1.5902632475e+00
-8.7650042772e-01
1.1086442508e-02
3.2334819436e-01
-4.6510944366e+00
-7.1524637938e-01
-1.7817758322e+00
9.9050903320e-01
4.2008700967e-01
1.9492573738e+00
1.3075764179e+00
3.1826207042e-01
1.2069253922e+00
4.8155921698e-01
1.3577603102e+00
-6.9935665131e+00
-8.6740911007e-01
9.2306651175e-02
-2.3405732587e-02
3.6814013124e-01
1.5675580502e-01
6.0827142000e-01
3.3540883660e-01
-7.9840496182e-02
1.0799020529e+00
1.0948479921e-01
-3.2769089937e-01
-8.0723655224e-01
-6.9803011417e-01
8.6589884758e-01
1.1893897057e+00
-2.6532007381e-02
5.2404880524e-01
1.3060900569e-01
1.5896096230e+00
-5.1542347670e-01
-3.7947109342e-01
-4.7276800871e-01
-1.2690031528e+00
-7.3522478342e-02
6.8139284849e-02
1.5199141204e-01
5.8363723755e-01
-1.7723888159e+00
2.4275794625e-01
-1.3354510069e-01
3.6693099141e-01
1.7544429004e-01
-6.8532663584e-01
1.0300920010e+00
6.6018027067e-01
-1.1531401873e+00
5.3248858452e-01
-1.7633513212e+00
7.4927109480e-01
-2.3236897588e-01
-2.5093026161e+00
-4.8618361354e-01
1.0027860403e+00
-8.9706134796e-01
6.5074056387e-02
5.6448566914e-01
-1.3735733926e-01
-2.3482137918e-01
2.1616053581e+00
7.5686776638e-01
1.3925054073e+00
-2.2767164707e+00
-5.5168503523e-01
-9.6083551645e-01
1.1326377392e+00
-5.9080141783e-01
-1.0510771275e+00
7.0112961531e-01
7.4126982689e-01
-1.1068098545e+00
-2.2540624142e+00
-1.8771475554e-01
6.1574971676e-01
-1.6497155428e+00
-8.9048045874e-01
3.6354300380e-01
-2.9359158874e-01
5.8084297180e-01
3.7338045239e-01
6.6616511345e-01
4.8862349987e-01
-2.7734537125e+00
2.3154251277e-01
-1.3933776617e+00
4.9387526512e-01
-2.9049786925e-01
-1.3134766817e+00
7.0007157326e-01
-1.3951696157e+00
-6.6797822714e-01
-1.7403455079e-01
-1.0777653009e-01
-6.6982579231e-01
-6.4187608659e-02
-2.1076147556e+00
2.8399419785e-01
2.3541213572e-01
-4.8751252890e-01
1.4281302691e-01
6.5981507301e-02
6.5656960011e-01
-5.1086902618e-01
1.6775119305e-01
1.1215863228e+00
2.1477863193e-01
-1.4565417171e-01
-6.2309205532e-01
5.2470761538e-01
2.7459031343e-01
4.0253120661e-01
-1.6978110373e-01
-1.6904958487e+00
-1.9248905592e-03
1.9275027514e-01
2.0481479168e-01
-2.6891678572e-02
5.4283660650e-01
4.3717712164e-02
1.0916665196e-01
-8.8279086351e-01
-1.3272275925e+00
2.2013579309e-01
5.0187259912e-02
6.0779184103e-01
-6.7698195577e-02
7.8451341391e-01
5.2907133102e-01
1.7584323883e-01
3.9110863209e-01
-8.0508804321e-01
-6.7415511608e-01
4.3151888251e-01
-4.0375584364e-01
-6.0689955950e-01
-1.2490339279e+00
-4.5634353161e-01
-5.5342507362e-01
9.5900095999e-02
-1.6026172638e+00
-4.5075020194e-01
-8.1700479984e-01
4.2974981666e-01
-2.9176834226e-01
-1.5734583139e-01
-5.9586179256e-01
3.2848995924e-01
-9.7200107574e-01
8.4996992350e-01
-1.4355316162e+00
-2.6336362958e-01
-2.3542563915e+00
7.9775071144e-01
1.0946010351e+00
-2.1116838455e+00
-2.8025672436e+00
-1.2734943628e-01
-1.6880865097e+00
3.9199513197e-01
-2.2900988162e-01
4.8162147403e-01
1.6932910681e+00
-1.1812402010e+00
1.0008972138e-01
-1.9261133671e+00
-1.6384526491e+00
2.8755134344e-01
-7.8340715170e-01
6.7489737272e-01
-1.1000841856e+00
-1.4849230051e+00
-1.6156880558e-01
-1.0302143097e+00
-2.6849520206e-01
-7.0910549164e-01
-1.4087873697e+00
2.3658332229e-01
-9.0195161104e-01
-3.4181651473e-01
8.6997675896e-01
6.2067341805e-01
2.8487620875e-02
-7.8148555756e-01
-1.4964990616e+00
1.3201735914e-01
7.1942836046e-01
-7.3087292910e-01
-1.9416011870e-01
7.5796961784e-02
2.1719282866e-01
1.4472953044e-02
-1.6631858349e+00
3.3010262251e-01
1.9975642860e-01
-1.3437883854e+00
-1.9600749016e+00
2.0766705275e-01
-1.2904413939e+00
-1.0540197045e-01
3.2441914082e-01
6.5805101395e-01
-1.2991423607e+00
-3.0586209297e+00
5.5012589693e-01
2.4452212453e-01
1.2828551531e+00
4.2635887861e-01
-6.8526655436e-01
4.7275483608e-01
3.2113644481e-01
-5.3070610762e-01
-1.9310055971e+00
-4.3683364987e-01
3.5384654999e-01
-1.6347570419e+00
-2.5660784245e+00
4.1311672330e-01
-1.9857106209e+00
-4.3075183034e-01
-1.4166285098e-01
9.7234833241e-01
-2.2840094566e+00
-2.5061714649e+00
-3.5666683316e-01
1.9871611148e-02
9.1076052189e-01
1.9651882350e-02
-1.1313909292e+00
-1.6123527288e-01
1.7855762243e+00
-2.7341228724e-01
-6.5116542578e-01
-2.8446599841e-01
1.8220391870e-01
-1.1078732014e+00
-3.4524953365e-01
9.4038985670e-02
-2.1592335403e-01
-1.6951229572e+00
7.1412730217e-01
-9.1486227512e-01
-2.4882227182e-01
5.4101794958e-01
4.8712089658e-02
4.0066024661e-01
7.7981144190e-01
2.7915090322e-01
-3.0361548066e-01
8.8629400730e-01
1.2466423512e+00
-2.2267362103e-02
-6.1955299228e-02
1.1065264046e-01
-1.8851552010e+00
5.0296139717e-01
3.3380648494e-01
-9.0799383819e-02
5.2775090933e-01
2.3692944646e-01
7.8323371708e-02
-1.3548457623e-01
-1.1003217697e+00
1.1323653162e-01
-4.3432047963e-01
1.1243212223e+00
3.2059013844e-01
-5.2844125777e-02
-3.0684536695e-01
8.5624814034e-02
2.8327735141e-02
9.7897678614e-02
-5.6362849474e-01
2.1857608855e-01
1.8821725249e-01
-1.1326615810e+00
-1.6727443039e-01
3.4493145347e-01
6.5283763409e-01
-5.6911540031e-01
5.9908419847e-01
-5.8545142412e-01
3.8636855315e-03
7.4675756693e-01
5.7444661856e-01
-2.1755747497e-01
4.8553535342e-01
-4.1610982269e-02
8.1898443401e-02
1.9306734204e-01
8.4044389427e-02
-5.1162701845e-01
-2.2255675793e+00
5.0931853056e-01
-1.1138091087e+00
-2.4425179958e+00
-1.4943699837e+00
2.3049102724e-01
-2.4287468195e-01
-4.5403912663e-01
6.2157398462e-01
7.3600822687e-01
-1.1109235287e+00
-3.0687878132e+00
5.7565748692e-01
-1.3515497446e+00
-1.3068636656e+00
3.8586163521e-01
-1.4058126211e+00
1.1066731215e+00
5.7807926089e-02
4.1431225836e-02
-4.8336964846e-01
-6.4316159114e-03
-8.2188494503e-02
2.5538721681e-01
-7.2815126181e-01
4.9074482918e-01
-6.1644214392e-01
6.9392792881e-02
7.2499477863e-01
-8.5818326473e-01
-5.1539522409e-01
3.7220758200e-01
2.7372336388e-01
4.3724575639e-01
5.6113791466e-01
5.0159931183e-01
5.4685950279e-01
3.5813337564e-01
-9.1909784079e-01
-1.0188698769e+00
-1.5813807249e+00
1.7516408861e-01
-8.5313493013e-01
-8.3365285397e-01
-2.1351416111e+00
2.6543089747e-01
-2.4488326907e-01
-1.2741984129e+00
8.9706599712e-01
6.1240595579e-01
-4.2505854368e-01
-2.4064633846e+00
9.7048439085e-02
-4.8793095350e-01
9.8371487111e-03
4.3776759505e-01
2.3759837151e+00
7.2806042433e-01
-2.0274770260e+00
-1.2067663670e-01
-1.3054436445e+00
3.0589234829e-01
-5.6698554754e-01
5.0197070837e-01
-7.1666508913e-02
3.4493882209e-02
-1.7006373405e+00
-1.2041405439e+00
5.3932368755e-01
6.0366940498e-01
-1.2694814801e-01
-1.7412540913e+00
4.3396037817e-01
1.5652802587e-01
1.5708660707e-02
4.8350942135e-01
1.8910897970e+00
9.1898083687e-01
1.4550157785e+00
-3.6597792059e-02
-3.8276322186e-02
-5.5233877897e-01
3.0899283290e-01
-1.5603051186e+00
-1.2763350010e+00
7.0474648476e-01
-1.5540006161e+00
-2.2052268982e+00
8.8903790712e-01
3.1946724653e-01
1.1630538702e+00
-1.5847717524e+00
-1.7126816511e-01
-7.2632122040e-01
-1.9723598957e+00
-4.4490736723e-01
2.0934915170e-02
-1.1490648985e-01
1.1413285136e-01
-2.1800059080e-01
-1.3592567444e+00
-1.8877394497e-01
1.9971352816e-01
5.7131785154e-01
-4.6708142757e-01
4.7316762805e-01
-1.7988783121e+00
-3.3464902639e-01
1.3656969070e+00
-4.3759116530e-01
4.1729118675e-02
1.4478902817e+00
-1.1978658438e+00
-5.0541919470e-01
4.9511238933e-01
-1.7405228317e-01
1.3773790598e+00
-7.2024852037e-02
8.5164850950e-01
-7.9880762100e-01
-1.1300240755e+00
1.7936275899e-01
-1.7458976805e-01
-7.6255637407e-01
-6.6524171829e-01
2.2549775243e-01
-7.2341516614e-02
-1.7510910034e+00
6.0063368082e-01
5.3911191225e-01
6.9624674320e-01
-2.7411133051e-02
6.3047409058e-01
-4.4924721122e-01
-2.2250628471e+00
6.4101588726e-01
1.8319195509e-01
5.4470604658e-01
-1.8449814320e+00
3.1296911836e-01
-1.0834008455e+00
4.0797185898e-01
-3.6349111795e-01
-3.7161013484e-01
2.6268339157e-01
-2.6976007223e-01
-8.7207859755e-01
6.2407636642e-01
3.1466014683e-02
-4.2849549651e-01
-3.1739484519e-02
-6.8595343828e-01
-1.1935465783e-01
-8.7431021035e-02
-6.6421014071e-01
-1.3018238358e-02
9.7563344240e-01
4.2174574733e-01
-1.6837300062e+00
2.7109345794e-01
-5.9027749300e-01
-5.9385880828e-02
-3.6079856753e-01
-2.1144062281e-01
-3.9347612858e-01
5.0487112999e-01
1.1486167908e+00
2.0517629385e-01
7.1759283543e-01
-1.4548830986e+00
-6.2807804346e-01
2.5265488029e-01
1.5602507629e-02
-7.6625287533e-02
2.5013851002e-02
7.3909223080e-02
9.4791734219e-01
8.6429826915e-02
8.8495850563e-02
1.2815707922e-01
-2.0130562782e-01
-3.0071442947e-02
6.1229944229e-01
-1.9644714892e-01
-8.8989222050e-01
3.9439517260e-01
4.7135350108e-01
9.2887945473e-02
5.5922472477e-01
-4.9408397079e-01
2.9776096344e-01
4.4619637728e-01
2.7623176575e-01
1.1254365742e-01
-1.0214687884e-01
-5.9979986399e-02
-7.2157508135e-01
-4.3051996827e-01
-6.4196956158e-01
1.3301189989e-02
-1.5954238176e+00
2.6105332375e-01
1.0707277805e-01
-1.2884277105e+00
-1.5073845387e+00
3.1627798080e-01
9.8282461986e-03
-3.0201973915e+00
2.2283653915e-01
8.2322591543e-01
-5.6211477518e-01
-2.7124416828e-01
6.6042417288e-01
-4.4410824776e-01
-2.6564528942e+00
6.6406315565e-01
1.1830042601e+00
1.2615051819e-03
-1.0294874907e+00
1.3470457494e-01
-1.6828143597e+00
6.7413844168e-02
6.9962315261e-02
-1.3149149716e-01
-1.3103579283e+00
2.0680296421e-01
2.5579395890e-01
-1.9782574177e+00
1.0428566933e+00
3.9835083485e-01
3.3586943150e-01
2.5049558282e-01
4.8993936181e-01
1.5283019841e-01
-1.9858878851e-01
6.5063863993e-01
1.7596817017e+00
-3.6187076569e-01
5.9282351285e-02
1.4790399373e-01
-1.3339079618e+00
4.4449698180e-02
-6.6181808710e-02
-3.8047935814e-02
-1.4671821594e+00
2.6636537910e-01
-5.9028285742e-01
-2.4025928974e+00
4.6678459644e-01
6.8354606628e-01
6.6648089886e-01
-3.5917714238e-01
8.8167119026e-01
-2.5993248820e-01
-1.6323343515e+00
4.4150489569e-01
1.6769788265e+00
-4.4324673712e-02
2.1568432450e-01
2.4803823233e-01
-1.3566044569e+00
2.1562473476e-01
-3.0816361308e-01
-2.7147099972e+00
-4.1501474380e-01
-9.3150258064e-02
6.8764466047e-01
4.0343731642e-01
3.6677464843e-01
-4.5433323830e-02
3.2141473889e-01
9.8906195164e-01
3.9537157863e-02
-2.7435711026e-01
-2.0683448315e+00
-9.7241979092e-03
5.0943940878e-01
8.6871832609e-01
-5.0262965262e-02
2.6747447252e-01
-1.2952616215e+00
-1.9981849194e-01
-5.4179430008e-01
7.1344655752e-01
-2.8778842092e-01
2.8862091899e-01
5.0863176584e-01
-8.5262787342e-01
-5.8125138283e-02
6.6047805548e-01
1.6660887003e+00
1.1496814340e-01
-2.5008627772e-01
-1.4225436449e+00
-1.1726861000e+00
7.8678302467e-02
2.3389580250e+00
-1.5662857294e+00
7.4620735645e-01
9.7348086536e-02
9.2750445008e-02
-1.5946019888e+00
2.5885793567e-01
-1.0567940474e+00
-7.8783839941e-01
6.9940310717e-01
-4.4292709231e-01
-5.5291122198e-01
-3.5981774330e-01
-2.1896550655e+00
-2.4400097132e-01
9.2966514826e-01
-7.7018082142e-01
5.8898949623e-01
-9.8393601179e-01
-7.2826999426e-01
-8.0170083046e-01
-3.1106409431e-01
-7.8444582224e-01
-2.9810014367e-01
-1.2633043528e+00
2.0547217131e-01
1.6612021625e-01
-1.1918957233e+00
-1.3799775839e+00
1.3149416447e-01
2.1237488091e-01
-1.1966043711e+00
3.9993491769e-01
3.0797326565e-01
1.0028042793e+00
4.0647602081e-01
2.7063912153e-01
-1.1580508947e+00
-3.0669865012e-01
4.8478937149e-01
1.2843034267e+00
-6.3707679510e-01
1.4016742706e+00
3.1827068329e-01
-5.7975924015e-01
4.2812496424e-01
-4.1233775020e-01
-9.0282315016e-01
-1.3779288530e-01
7.0657628775e-01
2.4461889639e-02
-2.7507550716e+00
-1.5250900388e-01
4.7114625573e-01
-6.3033109903e-01
-2.0952476561e-01
3.1811723113e-01
-7.4235552549e-01
-6.5896284580e-01
6.7823165655e-01
-3.4348222613e-01
-1.4197088480e+00
5.0344407558e-01
3.0382367969e-01
-1.7756937444e-01
2.5406283140e-01
-1.7151972055e+00
5.2626800537e-01
1.8207240105e-01
-7.1782350540e-02
3.2185408473e-01
3.5172635317e-01
-1.4106118679e+00
-7.0904844999e-01
2.2724352777e-02
1.6503502429e-01
-3.5746484995e-01
1.6728244722e-01
6.5863412619e-01
-5.7730209082e-02
4.6161556244e-01
1.1605121940e-01
-1.1355187893e+00
2.6616683602e-01
-9.0439444780e-01
-5.6541472673e-01
1.3022897243e+00
-9.1188132763e-02
-7.9511576891e-01
-3.4477540851e-01
-2.6105350256e-01
-4.9403926730e-01
8.4253019094e-01
-5.2403640747e-01
8.7530523539e-01
-2.3277360201e-01
1.1979330331e-01
-4.1338598728e-01
-2.9766273499e-01
2.3915080726e-01
4.9467870593e-01
7.0873820782e-01
1.1287965775e+00
-5.2255149931e-02
-1.4393682480e+00
-1.5131233633e-01
-3.1530332565e-01
-1.8340637684e+00
-8.9994448423e-01
4.4234311581e-01
6.9199883938e-01
-2.0398244858e+00
9.1840130091e-01
6.8031376600e-01
8.5778838396e-01
8.2813447714e-01
8.5512340069e-01
-5.6831020117e-01
-2.7715975046e-01
4.7751703858e-01
-4.6640416980e-01
-1.6880491972e+00
1.2745712996e+00
1.7706052959e-01
1.8998831511e-02
-1.4091031253e-01
-2.0156644285e-01
6.1552727222e-01
7.1999363601e-02
8.5936748981e-01
1.2323341370e+00
-4.4647428393e-01
4.5481592417e-02
-2.4761552811e+00
-7.2814691067e-01
5.6531882286e-01
1.9908553362e-01
4.3648561835e-01
-1.0455896854e+00
2.1284529567e-01
-1.0839433968e-01
1.4492635429e-01
-1.3600881398e-01
9.3783810735e-02
-1.0909693241e+00
1.5640242398e-01
-6.6004060209e-02
-2.8142625093e-01
3.0937090516e-01
2.1016472578e-01
4.9895256758e-01
-1.9384734631e+00
8.3151018620e-01
6.7605596781e-01
1.0306324959e+00
3.8625949621e-01
7.9171741009e-01
7.7795678377e-01
-8.8106840849e-02
2.3821242154e-01
2.7211153507e-01
-6.2227625847e+00
3.4728243947e-01
-5.4121024907e-02
-6.6558414698e-01
-3.5123264790e-01
9.6674464643e-02
1.1057174206e-01
-2.1500761509e+00
2.5045374036e-01
-4.8198351264e-01
2.8194203973e-01
5.4998701811e-01
-3.8843229413e-01
5.5550998449e-01
1.2765701115e-01
-7.1930356324e-02
-3.0761620402e-01
-4.1603997350e-01
-7.1060103178e-01
9.7091120481e-01
7.4705511332e-01
-7.6298069954e-01
-1.4058394730e-01
3.9901953191e-02
5.4424874485e-02
-3.1380170584e-01
-9.0696418285e-01
-2.1201667786e+00
1.8062474206e-02
8.8107270002e-01
-4.4760426879e-01
-1.6537313461e+00
8.4022939205e-02
-8.3859717846e-01
4.4463261962e-01
1.5451335907e-01
-1.6800128222e+00
1.3665558770e-02
5.3921222687e-01
-5.5006653070e-01
3.8146862388e-01
2.8342815116e-02
-1.1685197242e-02
-9.7867500782e-01
1.0235395283e-01
-1.9573081732e+00
5.4493296146e-01
6.7108041048e-01
-9.2497736216e-02
1.2622202933e-01
-6.4186805487e-01
7.9373383522e-01
7.5688219070e-01
3.0271559954e-01
3.7369540334e-01
-8.2311518490e-02
1.0697504282e+00
-4.7408813238e-01
1.2958942354e-01
2.4702109396e-01
-2.5102331638e+00
-2.2428434342e-02
5.4716849327e-01
-1.4364931583e+00
-7.9944747686e-01
-1.5779875219e-01
-2.7226215601e-01
-3.4718576074e-01
-2.9049116373e-01
3.6943852901e-01
1.1116220057e-01
9.3706977367e-01
1.8674530089e-01
1.0307695866e+00
8.1547868252e-01
-1.7290333286e-02
-1.2718070745e+00
8.6061663926e-02
-2.6488766074e-01
1.4632072449e+00
2.3852531612e-01
1.8758103251e-02
-5.2422630787e-01
-8.4001243114e-01
-1.7370743677e-02
3.9180228114e-01
4.1131362319e-01
-5.0195723772e-01
-8.7531335652e-02
4.5792746544e-01
-1.3304722309e+00
-7.4394129217e-02
6.2247687578e-01
-9.3388134241e-01
8.2589536905e-01
-2.2215908766e-01
1.0132786036e+00
-5.0851541758e-01
-6.9591291249e-02
1.3040701151e+00
-2.2003085613e+00
-2.6120233536e+00
4.1222098470e-01
-2.3764176294e-02
3.0095556378e-01
-1.2952347100e-01
1.0294166207e-01
-8.7763947248e-01
-2.4136190768e-03
4.8141276836e-01
3.1051603146e-03
1.8345369399e-01
-1.6439810395e-01
-9.3910247087e-02
1.8977080286e-01
1.2076532096e-01
-9.6596342325e-01
-5.2019506693e-01
6.8358802795e-01
-1.9932366908e-01
2.2284683585e-01
2.7644397691e-02
-8.3281773329e-01
-3.8263800740e-01
2.1578414738e-01
1.9722507894e-01
3.2337892056e-01
-4.9085876346e-01
8.5842527449e-02
1.1399898529e+00
-2.0220096409e-01
6.8992757797e-01
-2.1549686790e-02
-4.0521192551e-01
-7.7607297897e-01
-1.1077698320e-01
-1.8991963863e+00
3.2958257198e-01
6.8017236888e-02
4.8748868704e-01
2.1077175438e-01
-2.5428491831e-01
-4.7750121355e-01
-7.4484747648e-01
6.9519676268e-02
-1.1549930573e+00
3.6484293640e-02
-1.9209016562e+00
-3.4458374977e-01
-1.3974490166e+00
7.1353524923e-01
-1.4609843493e+00
4.3161901832e-01
-1.3548568487e+00
7.2776663303e-01
-1.0233314037e+00
6.9817012548e-01
-1.0068837404e+00
5.3254276514e-01
5.4078805447e-01
-1.9334167242e+00
5.4577720165e-01
3.8926276565e-01
-1.0693050623e+00
2.9668739438e-01
-2.0404839516e-01
5.2112084627e-01
-1.7234070301e+00
-2.8938049078e-01
-1.2608900070e+00
-3.6122417450e-01
6.2514495850e-01
4.3016803265e-01
8.0123811960e-01
5.1792275906e-01
-1.7800343037e+00
5.1256346703e-01
-3.3890798688e-02
3.8809821010e-01
9.1830575466e-01
-1.0806651115e+00
2.1728609502e-01
3.5026067495e-01
-8.4216487408e-01
-1.8184585869e-01
1.3245472312e-01
6.3462537527e-01
-9.3761032820e-01
8.8448166847e-02
7.3040878773e-01
-7.7800370753e-02
7.2043466568e-01
2.9301890731e-01
9.5611011982e-01
-2.9478201270e-01
1.5263174474e-01
-3.8515958786e+00
2.7764350176e-01
-6.2874071300e-02
-4.2127686739e-01
6.6476553679e-01
2.6811239123e-01
9.6865490079e-02
-2.1544052660e-01
-1.0333202034e-01
-8.8790923357e-02
1.1054750681e+00
7.2435081005e-01
-1.0187283903e-01
1.1948074102e+00
3.7091219425e-01
-3.9320485592e+00
1.9148215652e-02
-1.5289962292e-01
2.0104709268e-01
-1.0635920763e+00
-3.9888313413e-01
2.5050011277e-01
2.2350956500e-01
-2.3455566168e-01
4.1942948103e-01
7.7190744877e-01
-6.9142442942e-01
-4.3697100878e-01
2.1004320681e-01
-1.0144865513e+00
5.1574850082e-01
2.4098688364e-01
-3.8697046041e-01
-2.3382708430e-02
-4.3806692958e-01
6.8434166908e-01
4.0332087874e-01
-3.6269873381e-02
8.5865467787e-01
-1.3715949059e+00
8.5158276558e-01
-9.2337465286e-01
1.4204564691e-01
6.5218657255e-01
-6.6148132086e-01
-1.5556452274e+00
9.7173772752e-02
-7.6884406805e-01
-2.2429123521e-01
9.7285711765e-01
-4.8651933670e-01
-2.1537125111e-01
-1.2987511158e+00
1.3876366615e-01
1.2755778432e-01
5.7840436697e-01
2.2651170194e-01
7.8508734703e-01
8.2180821896e-01
-1.5582723916e-01
5.2159053087e-01
-3.4620791674e-01
-2.8397756815e-01
-4.7087937593e-01
5.9088134766e-01
-3.7633267045e-01
2.0770745352e-02
-3.7027534842e-01
2.1260476112e-01
8.1935733557e-02
4.5320892334e-01
1.4532656968e-01
-3.5070696473e-01
-6.2809647061e-03
-2.0997333527e-01
6.5227198601e-01
2.4562720954e-01
2.8726819158e-01
-3.2849803567e-01
-8.3451724052e-01
2.0236253738e-01
-8.5247434676e-02
5.8270007372e-01
-3.5859756172e-03
-1.4255480468e-01
2.7702191472e-01
2.1134687960e-01
-1.5000582933e+00
-3.3904913068e-01
-6.8822538853e-01
2.0369647071e-02
-9.4113123417e-01
4.0144696832e-01
7.0991736650e-01
-5.8872866631e-01
8.0469268560e-01
-4.4465309381e-01
1.6170522198e-02
6.9906193018e-01
-2.0806208253e-02
-8.5081800818e-02
-4.1168135405e-01
-2.2581163049e-01
3.8130685687e-01
4.6550456434e-02
6.3379567862e-01
-4.1993413121e-02
9.1928794980e-02
-1.3252252340e-01
-1.7629591227e+00
2.9142426327e-02
-1.1367669329e-02
-8.5715308785e-02
4.1835150123e-01
-4.4378381222e-02
-9.5679700375e-01
2.9036788270e-02
-8.2725334167e-01
3.7406772375e-01
5.9718793631e-01
-2.8047947884e+00
7.5320637226e-01
4.2395809293e-01
-2.0899103954e-02
1.6576114297e-01
-7.8122931719e-01
-2.8276052475e+00
-8.4094005823e-01
-1.7621406317e+00
1.5614220500e-01
3.1789362431e-01
5.6079810858e-01
-1.3973324299e+00
-1.7750509977e+00
3.7269402295e-02
1.4844384193e+00
-7.8227925301e-01
8.9051157236e-01
1.1904906034e+00
5.2419817448e-01
7.3918116093e-01
2.5020778179e-01
-5.8715212345e-01
4.4931131601e-01
7.3361933231e-01
8.5769575089e-03
4.1730734706e-01
-8.0250881612e-02
-7.7941548824e-01
-1.0325390100e+00
9.6907436848e-01
4.8498320580e-01
4.5582947135e-01
1.0841213465e+00
-8.7114334106e-01
-3.6918839812e-01
-5.4653573036e-01
-8.5165518522e-01
1.2289911509e+00
7.5420343876e-01
1.2216062099e-01
-7.1487861872e-01
-2.3994490504e-02
6.7191147804e-01
-3.1973868608e-01
1.3656567335e+00
-8.9770936966e-01
-1.8778227270e-01
-2.2762472928e-01
-1.0206526518e+00
4.5384252071e-01
-9.0388256311e-01
-5.9878623486e-01
-5.1326757669e-01
-1.2461247444e+00
-5.0479066372e-01
2.6297292113e-01
-3.0498588085e-01
1.1016944647e+00
1.1553116143e-02
1.2100546360e+00
-7.4619168043e-01
-1.0344595909e+00
-7.7112406492e-01
-2.1927897632e-01
-8.1505650282e-01
7.1939951181e-01
2.1058069170e-01
-5.8995300531e-01
-6.5410447121e-01
2.8528931737e-01
-3.4575691819e-01
3.2799965143e-01
7.5579357147e-01
-6.1857420206e-01
-7.6972383261e-01
-6.5349549055e-01
5.7115972042e-01
6.7016941309e-01
-2.0492473245e-01
4.1661447287e-01
-1.6133434772e+00
-2.3412096500e-01
8.5248379037e-03
9.9972195923e-02
-1.3596225977e+00
3.1411397457e-01
-1.7117621899e+00
3.3760786057e-02
-8.7812024355e-01
1.2900856137e-01
2.9935663939e-01
1.0517214425e-02
9.5185101032e-01
-1.0601991415e+00
5.6194920093e-02
-1.3948050141e-01
7.8215879202e-01
-2.2591156885e-02
1.8002121150e-01
-1.4098595381e+00
-7.7893489599e-01
5.5976450443e-01
1.7106552422e-01
4.7594863921e-02
1.1997071505e+00
-1.3449946046e-01
4.0825265646e-01
-1.5743477345e+00
-1.5540074110e+00
-2.0767292976e+00
1.1116309464e-01
-2.4729110301e-01
3.3696803451e-01
-1.0344756842e+00
-2.0260632038e+00
-1.8264693022e-01
-3.3385941982e+00
-5.1939886808e-01
-2.7961856127e-01
-1.3306010962e+00
5.5890029669e-01
9.6274894476e-01
1.2565846443e+00
-8.4813940525e-01
-1.9894912243e+00
-3.0933027267e+00
-3.3735256642e-02
-1.4154145718e+00
-1.3046952486e+00
1.8222889304e-01
-1.6692057848e+00
-1.2380690128e-01
2.2197663784e-01
-2.6085084677e-01
-1.2442946434e+00
-4.5941707492e-01
-2.8750053048e-01
1.2224304676e+00
-3.7686607242e-01
5.6234961748e-01
-1.9401268959e+00
-8.9998978376e-01
1.8852522969e-01
-7.1779197454e-01
-1.5851980448e+00
1.5162025392e-01
-8.0834650993e-01
-2.5085276365e-01
-3.8987807930e-02
5.0974454731e-02
-5.2448794246e-02
-4.7727364302e-01
-5.4570758343e-01
2.9079949856e-01
2.3804062605e-01
-2.6169621944e-01
1.0785497427e+00
-1.2496271133e+00
2.6844060421e-01
-2.7363916859e-02
7.7996265888e-01
3.0840861797e-01
7.7392256260e-01
1.9379724562e-01
-1.1073814631e+00
1.1861613393e-01
-2.3708479479e-02
-5.5897283554e-01
-3.2403162122e-01
-1.2507145405e+00
-1.0665113926e+00
1.4977614582e-01
1.0199432373e+00
-4.9084331840e-02
-2.2382736206e-01
-1.2682510912e-01
7.6377063990e-01
4.4652077556e-01
9.0473133326e-01
6.0682040453e-01
-2.6419579983e-01
3.1779763103e-01
-7.0971643925e-01
4.0593221784e-02
-6.8432909250e-01
1.6095833480e-01
-1.3040536642e-01
-1.1488869190e+00
-8.1286454201e-01
1.9932353497e-01
-2.6523903944e-03
2.1989138797e-02
6.4897352457e-01
-3.2146239281e-01
-7.7587848902e-01
-4.2381963134e-01
-4.8517480493e-01
1.4175385237e+00
3.7325628102e-02
2.1839210391e-01
-2.8289494514e+00
-1.7691996098e+00
5.6799852848e-01
-4.7156760097e-01
-1.9611842632e+00
-4.1623821855e-01
-4.1923624277e-01
-3.5317966342e-01
5.3849631548e-01
-1.3505230844e-01
5.8873716742e-02
-3.8843896985e-01
1.1328002810e-01
5.0631612539e-01
3.7840574980e-01
-1.5158659220e-01
5.7838088274e-01
-3.9443790913e-02
4.1893988848e-01
-7.1383583546e-01
1.1370873451e+00
-9.8610442877e-01
-8.0267381668e-01
5.4778039455e-01
1.1980931461e-01
-2.3626957089e-02
-8.2778811455e-01
9.4926305115e-02
9.6427673101e-01
-5.3868819028e-02
6.6225898266e-01
-3.4384143353e-01
5.0812876225e-01
-6.5544366837e-01
-6.1551427841e-01
3.3655092120e-01
-1.5395205021e+00
-7.1036642790e-01
7.4788498878e-01
-1.9348338842e+00
4.0104031563e-02
3.9872801304e-01
2.3559850454e-01
-2.8700966388e-02
1.5140220523e-01
3.3707654476e-01
-1.9446338713e-01
-2.1900827885e+00
5.0404030085e-01
-1.6825784445e+00
-2.4037992954e+00
1.4293349981e+00
-1.2117115259e+00
-3.0923627317e-02
-5.9338170290e-01
-5.6439208984e-01
1.7540688515e+00
2.3491059244e-01
5.5016183853e-01
-2.9264614582e+00
-6.7002719641e-01
-2.5874776840e+00
-2.0297377110e+00
-1.0961136818e+00
-3.0888548493e-01
1.8761775494e+00
-1.3764171302e-01
-1.9225121737e+00
5.2398699522e-01
-2.1620280743e+00
-2.0429844856e+00
1.4952346087e+00
-1.1009544134e+00
-2.9538452625e-01
-5.6493622065e-01
-5.4910314083e-01
1.2225835323e+00
-1.2615422904e-01
3.1700703502e-01
-2.9899990559e+00
-6.1740374565e-01
-2.5669896603e+00
-1.5644204617e+00
-9.8449027538e-01
-3.5714730620e-01
1.6557629108e+00
-8.2278355956e-02
-8.9271277189e-01
6.4321577549e-01
-1.8410823345e+00
-1.9920856953e+00
1.2662816048e+00
-2.6286885142e-01
-6.0762482882e-01
-1.5332311392e-01
-2.9345903397e+00
3.4418031573e-01
-6.4201343060e-01
-2.7790230513e-01
-1.4341704845e+00
-9.3550838530e-02
-1.3094702959e+00
2.8557663783e-02
-4.7292807698e-01
-7.4422818422e-01
9.6132957935e-01
-9.9322229624e-01
-4.7310543060e-01
-1.3143286705e+00
-1.5859371424e-01
2.8965717182e-02
-2.4574595690e-01
-1.6030182838e+00
-2.5660321712e+00
-2.1632754803e+00
-9.5921111107e-01
-1.5157083273e+00
-7.3945754766e-01
-1.4944595098e+00
-7.0287686586e-01
-1.3482469320e+00
-6.7672759295e-01
-1.7930593491e+00
-2.2343318462e+00
-1.2511683702e+00
-3.6211436987e-01
-1.1934494227e-01
-2.2542394698e-01
-9.9323821068e-01
-6.5464699268e-01
-4.0170133114e-01
1.0330276489e+00
-1.7400689423e-01
-1.4566429853e+00
7.8841191530e-01
-1.2925233841e+00
2.4839055538e-01
-5.3310292959e-01
-5.7041537762e-01
-8.5950291157e-01
1.2407787889e-01
-6.5486443043e-01
8.6078949273e-02
-3.7854394317e-01
-1.2473323345e+00
8.6926203966e-01
-8.9963066578e-01
-3.3430612087e-01
-8.9120846987e-01
6.1387079954e-01
2.8650888801e-01
2.8161555529e-01
-1.1274482012e+00
-9.8812651634e-01
-2.0544788837e+00
-7.2658824921e-01
-8.5808032751e-01
1.8131089211e-01
-1.0757197142e+00
-1.7264495790e-01
-1.1254259348e+00
-1.1387894154e+00
-9.7153270245e-01
-2.3723745346e+00
-3.3894920349e-01
-5.2964836359e-01
-2.2102868557e-01
-8.8562536240e-01
7.7000194788e-01
-1.9446893930e+00
3.6956754327e-01
1.3706294298e+00
-4.8939123750e-01
-1.2794734538e-01
9.9523133039e-01
5.1285910606e-01
-1.8283846974e-01
-1.8985816240e+00
-1.9487972260e+00
-1.3979250193e-01
1.4007677138e-01
-1.9620090723e+00
-1.0855535269e+00
-6.6961765289e-01
-1.1331250668e+00
5.4699069262e-01
-1.4353811741e-01
3.1856656075e-02
1.2929324806e-01
-7.8147274256e-01
-2.2503590584e+00
1.3524122238e+00
-1.0668674856e-01
-8.8995832205e-01
5.3219860792e-01
-1.3444758654e+00
-1.6623754799e-01
-9.7986024618e-01
-1.4377343655e+00
-4.9319994450e-01
1.2336120754e-01
-7.2871363163e-01
-1.9123125076e-01
-1.3003493547e+00
-7.9968255758e-01
6.3501292467e-01
-2.1095894277e-01
1.1218579859e-01
8.3220504224e-02
-1.5424367785e-01
-1.2068268061e+00
8.2225775719e-01
-1.6227561235e-01
-6.4193850756e-01
7.7887517214e-01
-1.4330360889e+00
-5.5515758693e-02
-1.1210492849e+00
-2.4307594299e+00
6.7018337548e-02
2.1826997399e-01
5.9893529862e-02
1.6452383995e-01
-1.6256800890e+00
-8.3361119032e-01
-1.4970936812e-02
-1.8174868822e-01
-9.2357343435e-01
3.6992365122e-01
-8.1812185049e-01
7.6975011826e-01
2.5992399454e-01
-3.7207752466e-01
9.7919791937e-01
-2.3608093262e+00
-2.6626726985e-01
-1.3004088402e-01
1.9806009531e-01
-1.5968135595e+00
-2.9778453708e-01
-1.5248315036e-01
-1.5817282200e+00
-1.5671818256e+00
-9.4732952118e-01
-2.2690324783e+00
1.9046564400e-01
-2.0462270081e-01
2.4969345331e-01
4.8591935635e-01
-1.0024496913e-01
-1.5253719091e+00
1.2459452152e+00
-1.1774923801e+00
-5.5513966084e-01
6.4615708590e-01
-1.0920072794e+00
5.0317998976e-02
-1.1728420258e+00
-2.4881033897e+00
-1.0210533142e+00
1.6608197987e-01
-7.1822685003e-01
-4.1269622743e-02
-2.5772602558e+00
-6.0934436321e-01
5.3859150410e-01
-2.5123950839e-01
-3.9981099963e-01
6.7924940586e-01
-2.0397941768e-01
-1.4269037247e+00
1.3810977936e+00
1.4548587799e-01
4.3372247368e-02
5.8928662539e-01
-1.4456245303e-01
-7.3919808865e-01
-8.3767127991e-01
-2.1482260227e+00
-1.3478547335e+00
2.8412896395e-01
-1.0328656435e+00
2.0829464495e-01
-1.0320302248e+00
-2.2047331333e+00
-2.0411023498e-01
-2.0815466344e-01
-1.4475911856e+00
4.5234221220e-01
2.7903413773e-01
-1.2859798670e+00
1.2708835602e+00
-3.8339558244e-01
2.8456827998e-01
7.8256893158e-01
-3.6894097924e-02
-9.8918396235e-01
-9.5959490538e-01
-8.5214936733e-01
-1.6568248272e+00
1.4769605361e-02
-1.5370157957e+00
3.3925974369e-01
-2.8426364064e-01
-1.0741186142e+00
-6.6046863794e-01
-4.9246221781e-01
7.2508461773e-02
-1.1781204939e+00
-6.1413240433e-01
1.2077994645e-01
3.9382070303e-01
-4.7726869583e-01
-1.5699678659e-01
-2.9209768772e-01
-1.6325244904e+00
7.1563452482e-01
-3.9062759280e-01
-8.8336348534e-01
5.5340379477e-01
-1.5857204199e+00
-3.9668273926e-01
5.6235903502e-01
-2.1603314877e+00
1.2615723610e+00
-1.5814033151e-01
-1.2115408480e-01
-2.6221626997e-01
1.5339395404e-01
-1.7542020977e-01
1.0487827063e+00
7.2739011049e-01
-2.1326583624e-01
-4.9766242504e-01
4.4546339661e-02
-1.3533223867e+00
-5.1076281071e-01
-4.6280241013e-01
-6.0157734156e-01
7.3203325272e-01
-2.0495365560e-01
-6.5774512291e-01
-4.5058602095e-01
-1.4593566656e+00
-3.1328880787e-01
-3.3913917840e-02
-3.9413839579e-01
-1.7530670166e+00
3.4971824288e-01
-1.3056160212e+00
-1.3032050431e-01
1.2446657419e+00
-2.3043283820e-01
-6.1505734921e-01
-1.1914035082e+00
6.5242832899e-01
-1.1255582571e+00
3.1990432739e-01
-2.3953068256e+00
-5.6299805641e-01
-1.8535900116e+00
-2.1193861961e+00
-2.8282326460e-01
-6.3838922977e-01
-8.0784982443e-01
-4.7823679447e-01
-1.2571226060e-01
-1.5740517378e+00
5.1845788956e-01
-2.9139688611e-01
-1.3000824451e+00
1.3083777428e+00
1.0310953856e+00
2.0531807840e-01
6.1049926281e-01
2.0111156628e-02
-1.6449216604e+00
5.9760582447e-01
-1.2135152817e+00
-2.6141541004e+00
-4.1130220890e-01
-2.0964643955e+00
5.7069182396e-01
-1.1308120489e+00
-9.0593934059e-01
-8.4473115206e-01
-3.1216394901e-01
-1.4961668253e+00
6.8296599388e-01
-3.2205753326e+00
1.1303377151e+00
1.0034832954e+00
7.1420788765e-01
-5.8622586727e-01
4.9630886316e-01
5.8341038227e-01
2.5998330116e-01
2.8956279159e-01
-2.1894118786e+00
-2.2345680743e-02
-2.2978422046e-01
-1.4169887304e+00
-3.7672221661e-01
4.7644224763e-01
-8.9680236578e-01
-9.0573781729e-01
-1.8218880892e-01
-1.6733161211e+00
5.1256996393e-01
7.4191023596e-03
-5.3131759167e-01
1.0467250347e+00
1.2714803219e+00
4.7925597429e-01
2.9306748509e-01
-2.5770863891e-01
-1.9136133194e+00
-7.0489086211e-02
-2.1088283393e-04
-1.5260906518e-01
-4.0283179283e-01
-3.7547724247e+00
6.8911653757e-01
-7.9822033644e-01
-8.9117872715e-01
-1.8154121637e+00
-1.9804042578e-01
-2.4643483162e+00
9.5588243008e-01
-5.0838094950e-01
3.0046865344e-01
1.0102490187e+00
1.3524964452e-01
-2.2502227128e-01
-8.9069163799e-01
2.7298611403e-01
-7.1492087841e-01
-8.5341888666e-01
-2.8551602364e+00
8.9016340673e-02
-1.5270396471e+00
-1.4214848280e+00
-8.9767801762e-01
-2.5849047303e-01
-3.7530621886e-01
-1.2995765209e+00
-1.1488431692e-01
-4.3951421976e-01
3.3695158362e-01
3.5077810287e-01
-4.0899607539e-01
1.0049316883e+00
-6.8227969110e-02
3.4822583199e-01
-4.7095927596e-01
-2.3945054412e-01
-1.5837219954e+00
1.5184976161e-01
1.6122515500e-01
-4.9136736989e-01
-8.4643507004e-01
-7.4219483137e-01
6.9718438387e-01
-2.1834264696e-01
-8.8040244579e-01
-1.0618833303e+00
-5.2944678068e-01
-5.9255665541e-01
-6.2652111053e-01
6.6187876463e-01
-6.5803837776e-01
8.9852325618e-03
-1.2270494699e+00
3.3072775602e-01
-1.2218966484e+00
-8.7211203575e-01
-3.4474945068e-01
-1.6841594875e-01
-8.5764062405e-01
8.1005096436e-01
-3.0430105329e-01
-1.1565496922e+00
8.0279469490e-01
-8.8269567490e-01
-7.3379671574e-01
-4.9675768614e-01
-3.1247195601e-01
-2.1412730217e-01
1.4707032442e+00
-8.5467296839e-01
1.1250278354e-01
1.3360275030e+00
5.9481811523e-01
6.7420713603e-02
-1.1107453108e+00
3.7941643596e-01
-2.5973434448e+00
-2.6082618237e+00
-1.7614237070e+00
6.3863396645e-01
-1.3148509264e+00
5.5878823996e-01
-1.5375167131e+00
3.3763849735e-01
-7.8164166212e-01
-1.3852721453e+00
-5.8627909422e-01
-8.7398600578e-01
2.0304250717e-01
7.7418076992e-01
7.3867189884e-01
-3.7474659085e-01
-6.9548785686e-01
-2.1927757561e-01
5.9655243158e-01
-1.3146030903e+00
3.6295795441e-01
-1.5965286493e+00
-1.4450109005e+00
-2.5024344921e+00
2.5472992659e-01
-1.0220230818e+00
1.8113043904e-01
-5.1540601254e-01
-9.7708863020e-01
-1.4451091290e+00
-1.7932030559e-01
-1.6888008118e+00
1.0935214907e-01
1.8503639102e-01
-1.0476747751e+00
1.1645435095e+00
9.2680037022e-01
4.1610348225e-01
-8.7742125988e-01
4.7272267938e-01
-8.0544656515e-01
3.4354772419e-02
1.9566631317e-01
-7.0085316896e-01
-1.2788448334e+00
-2.2410316467e+00
7.2177153826e-01
-3.2062396407e-02
-1.2112971544e+00
-1.6767047644e+00
-4.1425490379e-01
-3.6378011107e-01
8.3444637060e-01
7.8735274076e-01
9.1027818620e-02
7.5013828278e-01
6.0580229759e-01
-2.2196243703e-01
-2.1624894142e+00
3.3911246061e-01
-4.1098827124e-01
-9.7632241249e-01
-6.5565341711e-01
1.5616808832e-01
-5.3137457371e-01
2.8973573446e-01
-1.4630019665e-01
3.4281632304e-01
-2.1658410132e-01
-1.5112839937e+00
-2.2631652653e-01
-1.4219092131e+00
4.0150247514e-02
-1.6213182211e+00
-1.4245449305e+00
4.2972484231e-01
3.0302503705e-01
3.1725817919e-01
-1.0550624132e+00
3.1411241740e-02
-3.0427210331e+00
-1.5768327713e+00
1.5042681992e-01
4.9638417363e-01
-2.2669394016e+00
-5.8087629080e-01
6.2458008528e-01
4.2963376641e-01
-6.7797338963e-01
-3.0054240227e+00
-3.4322366118e-01
-8.2940512896e-01
1.3254958391e-01
5.3688132763e-01
-6.0009920597e-01
5.1617705822e-01
-2.1479371935e-02
-8.5519909859e-02
-3.1560025215e+00
6.0610973835e-01
-2.1423687935e+00
-1.1610144377e+00
-1.4183042943e-01
-6.9408959150e-01
-5.3360193968e-01
-3.3545452356e-01
-1.3872531056e-01
4.0771555901e-01
-8.3375352621e-01
-1.6726690531e+00
-5.1376783848e-01
-9.2948329449e-01
3.5096368194e-01
-9.6173369884e-01
-7.0371374488e-02
4.9839907885e-01
-5.7926964760e-01
4.7067463398e-01
2.5813193992e-02
3.0407768488e-01
-2.0476155281e+00
-1.5787630081e+00
2.5207221508e-01
7.5038647652e-01
-2.2141928673e+00
-3.0752810836e-01
5.2420407534e-01
5.0601077080e-01
-7.6466500759e-01
-2.0597630739e-01
-3.3639302850e-01
-7.2383528948e-01
5.4649013281e-01
6.5385007858e-01
-6.4336162806e-01
7.3068487644e-01
4.0708631277e-02
3.2189007849e-02
-2.8267338276e+00
4.4789269567e-01
-2.1363546848e+00
-1.5638126135e+00
-6.7730527371e-03
4.1275337338e-01
4.1965571046e-01
-9.4863280654e-02
-5.6565660238e-01
1.3877093792e-01
-7.7735394239e-01
-1.8947073221e+00
-2.8591531515e-01
-5.9312057495e-01
9.8895639181e-02
2.3203687370e-01
-1.6948009729e+00
4.7790846229e-01
-4.4125849009e-01
1.4681904577e-02
-3.7551162243e+00
4.3020236492e-01
-1.6634691954e+00
-1.4322478771e+00
8.0365583301e-02
1.2332301140e+00
-4.0143519640e-01
6.2205690145e-01
-1.0269714594e+00
1.1408543587e-01
-8.0326831341e-01
-1.7760233879e+00
-5.3453159332e-01
-1.2675448656e+00
1.7221787572e-01
-1.0262235254e-01
-1.5005831718e+00
6.0682874918e-01
-3.8617610931e-02
3.4797942638e-01
-4.2189741135e+00
7.9381680489e-01
-1.9899388552e+00
-2.1859841347e+00
6.8057650328e-01
7.2198498249e-01
9.4960302114e-02
-5.4341424257e-02
-3.1862093601e-03
6.8477654457e-01
-1.3265463710e-01
-8.3160847425e-01
-1.7753389478e-01
-2.1035444736e+00
-4.9952030182e-02
-7.1786813438e-02
-5.3474777937e-01
-9.0419065952e-01
-4.6983030438e-01
5.4204385728e-02
-1.7250306606e+00
-1.2187626362e+00
-1.6410672665e+00
1.2221497297e-01
4.4188570976e-01
3.5717347264e-01
3.2502576709e-01
-6.5388572216e-01
4.6305274963e-01
6.5306335688e-01
-5.4433637857e-01
-5.6905690581e-02
-1.1791931391e+00
-5.7733500004e-01
2.2338582575e-01
9.9108988047e-01
-1.6041162610e-01
8.9487546682e-01
-2.5488227606e-01
2.3675620556e-01
-2.9661457539e+00
8.8996696472e-01
-2.8582277298e+00
-4.4478311539e+00
5.2860492468e-01
6.0674107075e-01
-3.7208196521e-01
4.5162755251e-01
-1.2391382828e-02
5.4920303822e-01
-8.5169208050e-01
-1.9862630367e+00
-7.8431808949e-01
-5.2797351032e-02
3.2875347137e-01
-3.0525851250e+00
-5.4484844208e-01
5.7773441076e-01
-1.0272746086e+00
3.7022256851e-01
-2.0787389278e+00
3.6802482605e-01
-1.6141381264e+00
-3.6220998764e+00
4.5737686753e-01
1.6465283930e-01
-2.4162629247e-01
2.0620170236e-01
2.5332543254e-01
7.8408920765e-01
-1.2964105606e+00
-1.1094411612e+00
-7.5749027729e-01
-1.1312290430e+00
7.7625656128e-01
-5.7280230522e-01
-1.0055223703e+00
6.0988587141e-01
-8.1576281786e-01
-2.6888412237e-01
-2.0455374718e+00
5.2679628134e-01
-1.8782200813e+00
-1.6565905809e+00
-3.4150069952e-01
-2.9818636179e-01
-8.1206995249e-01
1.6212034971e-02
-2.4537467957e+00
1.0380114615e-01
-1.7524899244e+00
-7.4415469170e-01
-7.4690449238e-01
-3.7897256017e-01
5.1423782110e-01
-8.8992094994e-01
-2.6946954727e+00
5.5345147848e-01
-1.3334733248e+00
1.1301889271e-01
-3.1357052326e+00
7.2416067123e-01
-1.8430292606e+00
-2.0752305984e+00
-3.7024936080e-01
-1.8250619173e+00
-1.0898637772e+00
3.3742138743e-01
-1.7366645336e+00
3.7888899446e-01
-1.5324825048e+00
-1.0070405006e+00
-8.9406305552e-01
5.7120305300e-01
6.6815119982e-01
-2.1499381065e+00
-1.2145413160e+00
2.1451787651e-01
-3.1579977274e-01
2.2152349353e-01
-1.6086860895e+00
4.9787747860e-01
-2.5688061714e+00
-4.0557279587e+00
2.3240739107e-01
-1.1877067089e+00
-1.4499027729e+00
9.0002250671e-01
-6.7052416503e-02
8.9870434999e-01
-9.8763352633e-01
-1.1522985697e+00
-2.1959853172e+00
-2.4700111151e-01
-4.9320155382e-01
8.6427293718e-02
-1.1087625027e+00
-1.0200674534e+00
-8.3483469486e-01
-6.4796596766e-01
-3.0717220902e-01
9.0437364578e-01
-1.1158859730e+00
1.2792766094e+00
-4.7622588463e-03
-1.2190053463e+00
-1.3769427538e+00
-6.7714953423e-01
-7.9736840725e-01
-8.6139716208e-02
-2.5328965187e+00
-9.8067097366e-02
-1.0761649609e+00
-4.0628382564e-01
8.4161186218e-01
1.0515587032e-01
-1.1420025826e+00
4.1679999232e-01
5.0115907192e-01
-3.0107685924e-01
-4.1810617447e+00
1.0430221558e+00
-6.5878701210e-01
-1.6427421570e+00
-6.6032797098e-01
-1.4930408001e+00
-1.4903678894e+00
1.5579496324e-01
-3.1223220825e+00
3.2525569201e-01
-1.2986487150e+00
-7.9182811081e-02
-1.6051855087e+00
5.5864024162e-01
5.3676706553e-01
-1.6561529040e-01
-6.3103973866e-01
5.5833190680e-01
5.2763986588e-01
5.0852388144e-01
-1.0572463274e+00
1.0811979771e+00
-2.3796491623e+00
-2.5887711048e+00
5.4555535316e-01
-5.3273057938e-01
7.1655291319e-01
7.1055179834e-01
-1.4667793512e+00
7.6887434721e-01
-1.5624995232e+00
-7.8956139088e-01
-3.1146091223e-01
-4.2219585180e-01
8.5898029804e-01
4.7343042493e-01
6.7642748356e-01
-1.8297448158e+00
5.3242629766e-01
-6.3799476624e-01
4.3328154087e-01
-2.1645095944e-01
-2.6025930047e-01
1.0634783506e+00
6.0316699743e-01
9.8569524288e-01
-9.5802676678e-01
-2.4734625220e-01
-2.3789292574e-01
1.2854659557e-01
4.5930534601e-02
3.3860585093e-01
-1.1192973852e+00
-1.3555876911e-01
5.1761949062e-01
-3.5961082578e-01
-1.6214487553e+00
3.9207240939e-01
-2.2292861938e+00
-5.2358120680e-01
-2.6246776581e+00
8.7226939201e-01
-7.4056029320e-01
-1.3800649643e+00
-9.0425089002e-02
-2.6849162579e-01
-1.3292206526e+00
3.9910960197e-01
-2.3081116676e+00
1.0409163684e-01
-1.4326186180e+00
-1.1396717280e-01
-1.3902153969e+00
6.0255503654e-01
-9.3912169337e-02
2.7464762330e-01
-3.6523327231e-01
1.6551001370e-01
-9.4909703732e-01
3.5642704368e-01
-6.2987828255e-01
9.1132330894e-01
-1.5888228416e+00
-9.2651343346e-01
5.1936584711e-01
-3.0012604594e-01
-8.4754115343e-01
4.3707370758e-01
-2.1625316143e+00
9.2734754086e-01
-2.9242556095e+00
2.7967312932e-01
-4.9683275819e-01
-1.6369140148e-01
4.7010561824e-01
-1.5039925277e-01
-8.6132109165e-01
8.8554151356e-02
-2.3967969418e+00
-2.7647739649e-01
-1.4287471771e+00
6.6470348835e-01
-3.9519274235e-01
-1.5304015875e+00
1.5394459665e-01
-1.3003487587e+00
-1.4333354235e+00
3.7961024046e-01
-1.7185554504e+00
2.2648502886e-01
-6.3765478134e-01
-2.5804775953e-01
-4.5413443446e-01
-1.1138838017e-03
3.5240021348e-01
-8.4878236055e-01
-9.9641275406e-01
-2.9707776383e-02
-2.6223196983e+00
-6.2742942572e-01
-2.1862571239e+00
7.5478756428e-01
-1.6617751122e+00
-1.9406673908e+00
2.1381732821e-01
-1.8539425135e+00
-1.6236488819e+00
8.3705529571e-02
-1.9998615980e+00
6.0599339008e-01
-3.6584401131e-01
-3.0172407627e-01
-9.1627645493e-01
3.1574586034e-01
2.6469603181e-01
-1.2054390907e+00
-8.0371218920e-01
-1.6578190261e-03
-4.4844526052e-01
-1.2880454957e-01
3.1655335426e-01
8.5725897551e-01
-3.7697592378e-01
-1.5856626034e+00
6.0004067421e-01
-1.3636918068e+00
-2.1766417027e+00
6.9211196899e-01
-3.0454988480e+00
8.6198371649e-01
-3.9509955049e-01
3.5324725509e-01
-6.8959438801e-01
2.1949359775e-01
-5.4964667559e-01
-2.9425242543e-01
-1.1202573776e-01
-5.3298573941e-02
-1.1847730875e+00
-4.7377729416e-01
-2.3711311817e+00
9.8028343916e-01
-1.7281608582e+00
2.8582814336e-01
4.9340911210e-02
-1.5853348970e+00
-1.4577848911e+00
2.8707262874e-01
-2.8540441990e+00
3.7313053012e-01
-3.5214608908e-01
2.4177530408e-01
3.0161621049e-02
-1.0568972826e+00
-1.3441322744e-01
3.7882179022e-02
6.4052766562e-01
-1.1773535013e+00
4.6122705936e-01
-1.0924630165e+00
5.7194665074e-02
-7.7858865261e-01
-1.1975709349e-01
1.1930574477e-01
1.4191268384e-01
1.0632270575e+00
-6.2277030945e-01
-5.2395790815e-01
-2.8755152225e-01
-3.1214618683e-01
2.9818743467e-01
-2.7691648006e+00
-9.3826425076e-01
4.7613149881e-01
5.9714082628e-02
-6.1794441938e-01
-1.8879967928e+00
7.1812100708e-02
-2.3350377083e+00
-6.5368074179e-01
-4.0060612559e-01
1.0227642059e+00
-2.3848443031e+00
-7.1452981234e-01
5.9390074015e-01
-2.8325049877e+00
-3.2752532512e-02
8.7578016520e-01
-2.2900223732e+00
2.3743554950e-01
-2.3136534691e+00
4.9851003289e-01
-8.8558727503e-01
3.7603357434e-01
4.9282193184e-01
-1.8228113651e+00
-6.1656390317e-03
1.4259710908e-01
4.5791819692e-01
-1.0079495907e+00
4.2746606469e-01
1.1214319468e+00
5.6804358959e-01
-1.1487783194e+00
4.3466541171e-01
-2.2142865658e+00
-1.2962293625e+00
6.0380005836e-01
-2.8375480175e+00
6.1271768808e-01
-5.9086912870e-01
4.8197239637e-01
-1.2095439434e+00
-6.3776957989e-01
-4.6179109812e-01
7.9754069448e-03
9.5209842920e-01
-1.9779348373e+00
-6.5909169614e-02
-1.8357799053e+00
-7.5604915619e-01
-1.9234505296e-01
-2.6266450882e+00
-1.4883263111e+00
-6.0144591331e-01
-7.8793430328e-01
-7.7041238546e-01
-6.7999714613e-01
-9.3012374640e-01
-1.0249389410e+00
-2.3610959053e+00
-2.3582086563e+00
-1.0834720135e+00
3.3866328001e-01
3.3524417877e-01
-2.3577115536e+00
-8.1476503611e-01
2.0636829734e-01
1.7068896443e-02
-1.0671281815e+00
-3.9876125753e-02
1.1018046141e+00
1.0747566223e+00
-1.1278001219e-01
4.3154770136e-01
-2.9905183315e+00
-2.3191454411e+00
5.8493667841e-01
-2.6911804676e+00
5.8631265163e-01
4.2953756452e-01
6.3512128592e-01
-7.7806937695e-01
5.2138537169e-01
1.9551454484e-01
-1.2882722616e+00
-4.5830976963e-01
-6.7255399190e-03
-1.5936281681e+00
-1.8270887136e+00
-1.7033103704e+00
1.0293654203e+00
-2.0447132587e+00
-2.3835922778e-01
4.3573728204e-01
-3.5768308640e+00
-1.3375508785e+00
7.8720819950e-01
-2.6940591335e+00
-1.0647105053e-02
-1.1979205608e+00
3.7283143401e-01
-5.5953121185e-01
-4.8066043854e-01
1.7446307465e-02
5.0478136539e-01
8.7637841702e-01
-1.4208024740e+00
-1.8265621364e-01
-1.3203194141e+00
-1.6857194901e-01
-3.1074008346e-01
-1.1755377054e+00
-5.8943390846e-01
-4.0054529905e-01
-5.9285712242e-01
-7.0584863424e-01
-3.9124429226e-01
-8.5091227293e-01
-1.4116100073e+00
-3.2918968797e-01
-1.4472125769e+00
-1.0770337582e+00
1.9368714094e-01
3.6759454012e-01
-5.4836189747e-01
-5.2937757969e-01
3.0846014619e-01
5.0004750490e-01
-1.1333075762e+00
2.4050234258e-01
1.0378197432e+00
8.8737922907e-01
4.1795128584e-01
4.8412889242e-01
3.1677633524e-02
-1.2153331041e+00
4.3656522036e-01
-1.9508595467e+00
1.9580112398e-01
8.1909395754e-02
3.5279932618e-01
-4.3196862936e-01
3.8102242351e-01
2.4372544885e-01
-6.5810734034e-01
2.9485428706e-02
6.5826885402e-02
2.5445282459e-01
-1.9158855677e+00
5.2967756987e-02
8.4065651894e-01
6.4183896780e-01
-9.1099210083e-02
5.6344830990e-01
-1.6579496861e-01
-4.1803680360e-02
3.8440376520e-01
-2.1072575450e-01
6.3600003719e-02
8.5805976391e-01
2.0440159738e-01
-9.8171728849e-01
4.1026160121e-01
1.3564303517e-01
-8.4658008814e-01
-6.3021719456e-01
9.4040557742e-02
4.2029649019e-01
-2.2376744747e+00
6.4347811043e-02
8.3954274654e-01
6.1024081707e-01
-2.8491082788e-01
4.1349658370e-01
-3.1651735306e+00
-1.0106602907e+00
3.9942124486e-01
-1.9436193705e+00
3.2631254196e-01
-2.8628299013e-02
6.2126117945e-01
-2.5584158301e-01
-2.4988006055e-01
-2.7035169303e-02
3.2659339905e-01
8.9503282309e-01
-8.5740357637e-01
-2.0257876813e-01
-9.1478371620e-01
2.8826099634e-01
7.2503954172e-02
1.2235555798e-01
-7.7690583467e-01
-3.3950042725e-01
-1.0413202047e+00
-6.4086633921e-01
-6.0800921917e-01
-7.7805256844e-01
-1.4340456724e+00
-9.4708882272e-02
-7.1056991816e-01
-7.6832073927e-01
3.1828105450e-01
2.9573479295e-01
-1.1115287542e+00
-3.4615734220e-01
-9.6755035222e-02
4.0398192406e-01
-2.5304634571e+00
7.1934573352e-02
9.1533744335e-01
2.2592268884e-01
4.6870765090e-01
5.3457748890e-01
-2.3262608051e-01
-5.4988610744e-01
6.4787560701e-01
-1.1533023119e+00
2.0878332853e-01
-5.2947796881e-02
6.6522502899e-01
-6.1216044426e-01
1.1935921758e-01
-6.1554974318e-01
-2.6319244504e-01
-4.6239238977e-01
2.2513978183e-01
-3.3505591750e-01
-8.5965715349e-02
-2.5808682442e+00
8.3270925283e-01
9.5120859146e-01
1.2104996443e+00
-2.8765633702e-01
-5.1599252224e-01
-1.3634829521e+00
1.8100562692e-01
-4.5257815719e-01
-8.2124936581e-01
-1.4205344021e-01
5.1966565847e-01
-7.5240391493e-01
5.0642448664e-01
-5.7525652647e-01
-7.1304172277e-01
-3.8286980987e-01
8.1614874303e-02
4.8679780960e-01
-1.8815228939e+00
-6.0826611519e-01
8.3099120855e-01
6.5395265818e-01
1.1279261112e-01
2.0689693093e-01
-1.0807640553e+00
-1.2574855089e+00
6.6267162561e-01
-3.2041749954e+00
-5.3510439396e-01
2.7327880263e-01
6.0211682320e-01
-6.9650417566e-01
2.9391875863e-01
3.1520283222e-01
-1.4236928225e+00
-1.2412796915e-01
6.2806867063e-02
5.0909811258e-01
-3.3503863811e+00
3.4551686049e-01
9.7385841608e-01
4.2786812782e-01
3.9134812355e-01
6.3427817822e-01
-9.9586212635e-01
-3.1423348188e-01
4.1222333908e-01
-4.6079593897e-01
-5.6863147020e-01
1.8691866100e-01
2.7581071854e-01
-9.0158510208e-01
2.3966848850e-01
3.0870422721e-01
-1.2540279627e+00
-3.0858689547e-01
2.1801415086e-01
6.0225135088e-01
-2.5319824219e+00
2.6452791691e-01
8.4652698040e-01
5.6285232306e-01
5.0912976265e-01
4.8331102729e-01
-1.1274039745e+00
-3.7380558252e-01
3.5836440325e-01
-5.7011675835e-01
-1.1780503988e+00
-4.2466104031e-02
7.6652586460e-01
-7.1469479799e-01
4.6312162280e-01
4.9750242382e-02
-1.8050941825e-01
2.8828385472e-01
3.2394188643e-01
4.5334327221e-01
-3.7759132385e+00
7.4303396046e-02
1.3556556702e+00
-3.5458893981e-03
3.8198196888e-01
2.6806849241e-01
-3.7065973878e-01
-2.6267501712e-01
5.7231760025e-01
-8.0528564751e-02
-1.7199310064e+00
-3.0084043741e-01
4.7019416094e-01
1.7837579548e-01
3.6627548933e-01
2.2647413611e-01
-1.8283589184e-01
-1.0605610609e+00
-1.1508623362e+00
-1.1628007889e+00
-1.4140923321e-01
-2.7383086085e-01
-7.0253646374e-01
-2.8334158659e-01
-2.5148785114e+00
-2.7260026336e-01
-2.6980191469e-01
-2.9110810161e-01
-6.8501043320e-01
-3.3419463038e-01
-6.7355412245e-01
5.2927847952e-02
-7.5087600946e-01
-5.5600631237e-01
7.8259408474e-01
-3.2713681459e-02
-1.6113151610e-01
2.5975126028e-01
-5.2958297729e-01
-8.5036629438e-01
-9.1618639231e-01
-3.4390783310e-01
5.0933879614e-01
6.1308823526e-02
1.6288666427e-01
-1.3068854809e-01
-6.5574576147e-03
-1.4938877821e+00
2.4669324979e-02
-1.4945918322e+00
-7.7376380563e-02
2.5223836303e-01
5.3588151932e-01
-6.4011621475e-01
4.1946202517e-01
1.4067581296e-01
6.8569511175e-02
1.8408167362e-01
9.3747884035e-02
4.3128171563e-01
-3.4347107410e+00
4.0444394946e-01
8.0487191677e-01
2.2809073329e-01
2.0697623491e-01
2.6033782959e-01
-4.2358478904e-01
-3.4007999301e-01
5.8383309841e-01
1.8942667544e-01
-2.5073211193e+00
-5.6213963032e-01
3.4381115437e-01
-1.0404499769e+00
7.7268040180e-01
-5.5043108296e-04
-1.4952657223e+00
-8.5548989475e-02
1.8506084383e-01
2.6389588602e-03
-2.1648550034e+00
-4.4834142923e-01
8.7330520153e-01
1.4303883910e-01
2.4082481861e-01
-1.2741616368e-01
-9.5108729601e-01
-1.0225027800e+00
3.8729402423e-01
-3.1785423756e+00
-8.4758108854e-01
-1.7267494202e+00
1.0297604799e+00
-7.1387088299e-01
3.2844039798e-01
-3.8211581111e-01
-2.2222016752e-01
3.9377206564e-01
-2.3055279627e-02
4.4794970751e-01
-1.7155551910e+00
2.9150053859e-01
1.0282849073e+00
3.3668568730e-01
1.1847424507e+00
6.0599714518e-01
5.6488826871e-02
-3.1757336855e-01
2.6933604479e-01
-8.2521095872e-02
-2.7634317875e+00
-1.0669860840e+00
6.0322135687e-01
-4.5963984728e-01
5.2660781145e-01
-1.1186848879e+00
-4.7377380729e-01
4.0621429682e-01
-1.2310445309e-01
6.0519671440e-01
-7.7478820086e-01
-1.4244906604e-01
1.0014547110e+00
1.0204596817e-01
6.5939307213e-01
3.8974446058e-01
2.0280781388e-01
-5.3753722459e-02
3.7881177664e-01
-1.6693016887e-01
-3.3081698418e+00
-9.6041016281e-02
5.1192939281e-01
-1.2107362598e-01
-9.1872745752e-01
2.5262871385e-01
1.6412355006e-01
7.7225881815e-01
-1.0847038031e+00
1.5783980489e-01
-4.9839537591e-02
-7.3117027059e-03
-9.7165626287e-01
5.5566000938e-01
-2.4774155617e+00
1.2778744102e-01
5.6201958656e-01
5.2003478631e-03
-1.8507985771e-01
2.5767901540e-01
-1.5712338686e-01
7.3278075457e-01
-7.5564134121e-01
-7.3682999611e-01
8.3299046755e-01
-1.0422701836e+00
-2.5169586763e-02
-5.8731239289e-02
4.5781794935e-02
2.9066413641e-01
-1.2351722717e+00
-2.7427339554e-01
1.1899709702e+00
-5.3549945354e-01
8.6371278763e-01
1.5488229692e-01
-3.9532849193e-01
-2.3386816680e-01
5.2729147673e-01
-1.2436672300e-01
-4.1757545471e+00
-9.3328040838e-01
5.5335861444e-01
-9.4403618574e-01
7.7281188965e-01
-1.5509322882e+00
-2.3412914574e-01
2.8763842583e-01
4.2783435434e-02
4.7461614013e-01
-1.1590553522e+00
-1.2349762022e-01
1.0631802082e+00
-2.1206802130e-01
9.7511148453e-01
2.4899768829e-01
-4.2416253686e-01
-1.1456553638e-01
7.4242144823e-01
-3.5033322871e-02
-3.8205626011e+00
-6.7739266157e-01
6.8950545788e-01
8.5992015898e-02
6.1839902401e-01
5.2583432198e-01
-3.4941786528e-01
4.5640245080e-01
-2.0578634739e+00
-7.2464537621e-01
-1.2271145582e+00
1.9793930650e-01
-1.9289029837e+00
-6.1167693138e-01
-2.2837872505e+00
8.7976820767e-02
-2.3682866991e-01
6.5917128325e-01
2.1092873067e-02
9.5290124416e-02
-5.2927362919e-01
1.2934793718e-02
-5.6060224771e-01
-9.4048488140e-01
1.2200027704e+00
-5.9527933598e-01
2.3721612990e-01
-1.4771975279e+00
-5.3294354677e-01
-1.0599256754e+00
-3.7317922711e-01
-1.0210567713e+00
9.3201851845e-01
-1.0509955883e+00
8.8117301464e-01
-1.7063903809e+00
-2.2540926933e-01
-1.6256505251e-01
-3.4711804241e-02
-2.1719365120e+00
-3.9941182137e+00
-4.6686539054e-01
3.3027237654e-01
-5.9671229124e-01
5.9201300144e-01
-2.9431812763e+00
3.8962095976e-01
1.2292546034e-01
1.7605392635e-01
3.6259818077e-01
2.4190485477e-02
-1.2135101557e+00
1.0913505554e+00
-7.1893858910e-01
1.3229360580e+00
-4.1537684202e-01
1.7757488415e-02
1.1592716724e-01
6.0718280077e-01
1.0030502081e-01
-2.7509493828e+00
4.8317354172e-02
6.0111510754e-01
-6.6633254290e-01
7.0797520876e-01
-3.4782321453e+00
1.2837792933e-01
3.8268435001e-01
7.5871967711e-03
4.3983575702e-01
-8.9009630680e-01
-1.0740416050e+00
1.0197857618e+00
4.4950851798e-01
9.8319071531e-01
-5.7458758354e-01
-1.1566558480e-01
-1.0748051107e-01
3.7052440643e-01
-3.3168822527e-01
-4.0315866470e+00
1.6212305427e-01
2.5041684508e-01
1.8324151635e-01
7.1209961176e-01
-2.3744769096e+00
-1.9916866720e-01
3.3047953248e-01
-5.4175412655e-01
2.8784012794e-01
-1.4342486858e-01
-2.3768677711e+00
7.2024846077e-01
-1.0658953190e+00
6.9689974189e-02
-9.6624648571e-01
-3.0096855760e-01
2.9018256068e-01
2.7041929960e-01
2.2783793509e-01
-2.1135113239e+00
3.4009858966e-01
-7.3793038726e-02
-4.0036797523e-01
5.7925975323e-01
-1.2106262445e+00
3.1880202889e-01
2.3813426495e-01
-5.6272196770e-01
2.1705023944e-01
-2.5679904222e-01
-2.0104103088e+00
5.3830289841e-01
9.1273570061e-01
9.9192136526e-01
-1.3370356560e+00
2.2353312373e-01
1.3101954758e-01
3.3130484819e-01
-6.3157522678e-01
-2.9325149059e+00
4.7801998258e-01
1.1423733085e-01
-1.5620665252e-01
-7.2006309032e-01
6.4916372299e-02
-3.3395841718e-01
-4.6006345749e-01
-1.6624976397e+00
-1.9778685570e+00
-3.1108629704e-01
3.1283298135e-01
-1.7820272446e+00
8.8800147176e-02
-8.8448232412e-01
-1.0438104868e+00
-9.8341089487e-01
3.4012538195e-01
-8.8510817289e-01
-8.4112304449e-01
-5.8735466003e-01
-1.0927958488e+00
-1.6956527233e+00
-3.1555059552e-01
2.6014384627e-01
-1.4949905872e+00
3.3804100752e-01
4.0596836805e-01
-3.3376693726e-01
3.7460765243e-01
-2.9442057014e-01
-1.9555544853e+00
6.2975251675e-01
8.1984651089e-01
8.2534128428e-01
-1.5325349569e+00
2.3836344481e-01
2.0106782019e-01
2.9521632195e-01
-7.6906514168e-01
-1.2651970387e+00
1.5437558293e-01
3.0304908752e-01
-1.5349528193e-01
6.0883551836e-01
2.7001896501e-01
3.6384838820e-01
-2.5971505046e-01
-4.4645142555e-01
-1.1007699966e+00
-4.3313679099e-01
-1.6817562580e+00
5.9484487772e-01
1.6870878637e-01
6.8159437180e-01
-3.5237185955e+00
6.8762940168e-01
2.2180300951e-01
5.6033116579e-01
-3.5216313601e-01
-1.3228995800e+00
1.0034955293e-01
2.7076911926e-01
-4.9049764872e-02
9.1237241030e-01
8.0361336470e-01
2.7285742760e-01
-3.6343526840e-01
-7.9215937853e-01
-1.0893104076e+00
-4.3769517541e-01
-4.7337064147e-01
2.7476465702e-01
-7.3320078850e-01
1.0272392035e+00
-3.5895419121e+00
4.7221612930e-01
-1.7201907933e-02
3.2284772396e-01
-2.1474543214e-01
-2.9185199738e-01
-3.9405692369e-02
3.8011443615e-01
4.1708534956e-01
9.1353082657e-01
1.1615212262e-01
3.4157177806e-01
-5.0776988268e-01
-7.2219371796e-01
-1.6633152962e+00
-5.7612305880e-01
-8.6166775227e-01
5.9772139788e-01
-1.7632609606e+00
2.8024545312e-01
-3.1336410046e+00
9.2887684703e-02
1.9669277966e-01
4.0151405334e-01
2.9557761550e-01
-1.0394700766e+00
-6.0515987873e-01
5.7180285454e-02
-4.3269398808e-01
-1.3049100637e+00
2.7429410815e-01
-8.1030112505e-01
1.1622926593e-01
-7.9922473431e-01
-2.4214012623e+00
2.0432561636e-01
-3.1147035956e-01
-1.6098862886e+00
-4.1034454107e-01
-4.2400905490e-01
-4.6953566372e-02
5.4120242596e-01
-1.0631340742e+00
-8.4113168716e-01
3.8281324506e-01
4.4766175747e-01
-6.2475210428e-01
-1.6929559708e+00
-4.9871307611e-01
5.8049595356e-01
4.5163428783e-01
5.7443648577e-01
-6.1361569166e-01
-3.7363183498e-01
-2.5681934357e+00
-8.0357092619e-01
2.6526060700e-01
8.9123570919e-01
-1.0608680248e+00
1.2275716066e+00
-3.7146966457e+00
7.2224283218e-01
4.8471975327e-01
3.2686791383e-03
-5.5430644751e-01
-1.6856670380e+00
6.2156450748e-01
7.7936023474e-01
-3.4649863839e-02
5.2105981112e-01
-4.9814313650e-02
5.9782165289e-01
-4.6367642283e-01
-5.8638632298e-01
-2.0510127544e+00
-3.4260246158e-01
-9.2079788446e-02
6.1043775082e-01
-1.4763700962e+00
1.4118150473e+00
-3.1245510578e+00
8.8701266050e-01
-2.9406281188e-02
-2.3598322645e-02
-4.6063983440e-01
-7.6693713665e-01
-3.6069703102e-01
5.0539100170e-01
-9.2502009869e-01
-2.6874561310e+00
-5.8958858252e-02
-9.8758256435e-01
-2.5117474794e-01
-1.5426043272e+00
-3.0818023682e+00
-1.9222350419e-01
-1.3922193050e+00
-2.3393659592e+00
-5.7594019175e-01
-8.2691824436e-01
-1.2398161888e+00
7.3027884960e-01
-1.8915587664e+00
-1.6109930277e+00
-3.0543968081e-01
-5.7392507792e-01
-1.1700408906e-01
-2.2555716038e+00
9.7967453301e-02
1.4941123128e-01
-5.3742539883e-01
-1.4635303617e-01
-1.8656831980e+00
-1.4806548357e+00
-3.4574368000e+00
-2.3604580760e-01
-5.0856417418e-01
5.2242809534e-01
-1.4612237215e+00
8.2503461838e-01
-2.4466300011e+00
8.9895254374e-01
4.7439658642e-01
-7.0511959493e-02
-1.0812150240e+00
-1.0268590450e+00
-9.4480223954e-02
5.0027585030e-01
1.5079389513e-01
5.4241299629e-01
2.0129181445e-01
3.2721361518e-01
-1.8907746077e+00
-1.5233756304e+00
-3.5007362366e+00
-1.6695250571e-01
-2.5592365861e-01
4.6374574304e-01
-1.4943618774e+00
1.0917398334e-01
-1.5042150021e+00
7.5989043713e-01
6.7244672775e-01
-4.1159179807e-01
-1.5730069578e-01
-8.4416031837e-01
-2.4161884189e-01
5.6525284052e-01
-1.1727453023e-01
2.1883632243e-01
2.3128476739e-01
4.2241695523e-01
-1.4866544008e+00
-9.0140426159e-01
-2.7997784615e+00
5.0951506943e-02
7.0971086621e-02
4.4943845272e-01
-3.2486060262e-01
-8.6689711316e-04
-6.8390780687e-01
4.7060787678e-01
5.7181864977e-01
-1.4345686138e-01
-4.0101826191e-01
-1.8774861097e-01
6.6236183047e-02
4.4750049710e-01
1.6983215511e-01
3.7494516373e-01
5.1417171955e-01
2.8942692280e-01
-2.8141565323e+00
-1.4426550865e+00
-2.7239854336e+00
-3.6576873064e-01
-7.0748651028e-01
6.4763510227e-01
-2.5422054529e-01
6.0271656513e-01
-3.7193435431e-01
7.4077630043e-01
5.5937743187e-01
-5.2693837881e-01
-9.7029626369e-02
-2.2850641608e-01
-1.1220275164e+00
4.6322256327e-01
1.6288526356e-01
3.3334526420e-01
4.9090698361e-01
4.2324340343e-01
-3.3003878593e+00
-2.5123517513e+00
-8.3011382818e-01
-3.3186408877e-01
-2.7378156781e-01
-1.1733610183e-01
-5.1222109795e-01
9.3049782515e-01
-3.9574149251e-01
7.9658162594e-01
7.4871402979e-01
-1.4157994986e+00
-7.8650988638e-02
-6.1662334204e-01
-5.8687180281e-01
4.2698448896e-01
-9.0920782089e-01
-7.7607679367e-01
-1.8097846210e-01
4.9848458171e-01
-6.4593893290e-01
-1.1424250603e+00
-1.4614375830e+00
4.3211755157e-01
-2.7254566550e-01
-1.9922431707e+00
1.0433405638e+00
-1.7980737686e+00
-1.6749988794e+00
-1.7855968475e+00
-1.4350872040e+00
-1.2721519470e+00
-1.1632851511e-01
-1.2640540600e+00
3.8067358732e-01
-1.5936216116e+00
3.0998644233e-01
-7.5812321901e-01
4.7588142753e-01
7.4784122407e-03
-4.1154041290e+00
-1.6549474001e+00
-3.6697709560e-01
-5.8908361197e-01
-5.9058600664e-01
1.2507675588e-01
-5.9855419397e-01
1.3725121021e+00
-5.7327183895e-03
9.9280524254e-01
5.8511763811e-01
-1.3709095716e+00
-1.2479574680e+00
-4.3243524432e-01
-1.5429668427e+00
2.7947112918e-01
5.0698184967e-01
-6.0415500402e-01
1.5015041828e-01
-3.7768909335e-01
-2.9024772644e+00
-1.3065422773e+00
-6.4395064116e-01
-5.1011908054e-01
-6.5792810917e-01
3.3372831345e-01
-1.4449380636e+00
9.3390297890e-01
-4.3277952075e-01
7.5771361589e-01
7.0946043730e-01
-1.8344893456e+00
-8.6032783985e-01
-4.8150470853e-01
-5.2743130922e-01
-6.1654336751e-03
9.2034794390e-02
-6.9623935223e-01
4.7261810303e-01
-5.4597932100e-01
-1.5178229809e+00
-9.7784912586e-01
9.6777074039e-02
-7.7201676369e-01
-2.8370571136e-01
-2.5786602497e-01
-5.8083766699e-01
1.2684652805e+00
2.3018284142e-01
1.0257866383e+00
8.8527768850e-01
-1.7645398378e+00
-3.2765698433e-01
-1.6351056099e-01
-4.1978049278e-01
7.8670442104e-02
5.8114004135e-01
-1.5438450575e+00
-1.9661146402e-01
-8.9279639721e-01
-7.1886700392e-01
-2.4891972542e+00
-3.9755883813e-01
-9.6540123224e-01
-1.3431481123e+00
-2.4047721922e-01
-1.5091121197e+00
1.2077385187e+00
-4.1171267629e-01
1.1068747044e+00
1.3011257648e+00
-3.1470098495e+00
-4.5797070861e-01
-7.6275640726e-01
-1.2402948141e+00
-2.1532504261e-01
8.6153155565e-01
-2.8557255268e+00
-1.5812920034e-01
-1.8102992773e+00
-8.2049924135e-01
-2.2737803459e+00
-4.2786243558e-01
-1.2916465998e+00
-1.5979971886e+00
-1.1187925339e+00
-1.6329007149e+00
1.4644292593e+00
-6.2242382765e-01
1.4423704147e+00
1.4501293898e+00
-4.2956647873e+00
-4.0671616793e-01
-7.8359478712e-01
-1.9821456671e+00
-4.3223002553e-01
-4.7536766529e-01
-9.2387962341e-01
-7.9659485817e-01
-1.6619622707e+00
-1.2029006481e+00
1.8206506968e-01
-9.3302622437e-02
-1.9175925851e-01
-8.1338804960e-01
4.5243654400e-02
-8.0079329014e-01
1.1265849322e-01
-1.1049600840e+00
-1.0759497881e+00
-8.8755315542e-01
-1.0332342386e+00
-7.2259390354e-01
-9.0672701597e-01
-8.5881316662e-01
-4.5392942429e-01
2.5942457840e-02
-1.6948380470e+00
-7.6110500097e-01
-5.1682436466e-01
-8.3818525076e-01
-9.8217964172e-01
-7.7167356014e-01
-5.2602702379e-01
-3.7145900726e-01
1.3223977387e-01
1.5648404360e+00
-1.6605869532e+00
-1.3013423681e+00
-1.6090941429e+00
-1.4337157011e+00
-1.2808152437e+00
-1.0464267731e+00
-2.1940517426e-01
9.1114306450e-01
1.1053106785e+00
-2.0603431761e-01
-1.2792049646e+00
-3.8372609019e-01
-1.8619058132e+00
-7.7359640598e-01
1.8168076873e-01
-3.6426219344e-01
3.4329146147e-01
2.6959341764e-01
-1.1242335290e-01
1.3981415033e+00
7.4042838812e-01
2.8189399838e-01
-8.8328373432e-01
-7.0681601763e-01
-5.7720738649e-01
-2.7035470009e+00
5.4985284805e-01
-2.5948166847e-01
1.0410038233e+00
-1.4706993103e-01
-1.1945794821e+00
-4.7246280313e-01
6.8150214851e-02
-6.7967635393e-01
-6.2759858370e-01
4.4375324249e-01
-7.1028375626e-01
7.7162921429e-01
-4.7823873162e-01
1.0923976898e+00
7.3111575842e-01
1.2369724512e+00
-1.7562302351e+00
-1.0006043911e+00
-5.5703794956e-01
-3.3458251953e+00
8.9212700725e-02
-1.3654538989e-01
9.6842759848e-01
-2.4630302191e-01
3.0904057622e-01
-9.4601102173e-02
1.0676077604e+00
8.2415795326e-01
2.5846309960e-02
1.6017168760e+00
8.9388206601e-02
5.9135866165e-01
-9.8745751381e-01
2.2160631418e-01
-3.6217105389e+00
-1.7869160175e+00
-4.2113766074e-01
2.5145655870e-01
-5.0549840927e-01
3.5614904761e-01
-3.7579765320e+00
-2.4276216030e+00
-4.2971956730e-01
-2.0880761743e-01
-5.4470032454e-01
2.6095268130e-01
-6.4847695827e-01
-3.5382106900e-01
-7.5068372488e-01
6.7051351070e-01
-1.3502112627e+00
3.0143824220e-01
2.3956345022e-01
5.3832344711e-02
-1.0715906322e-01
2.9218494892e-01
-1.5822737217e+00
-1.4659443498e-01
-2.1628667414e-01
-5.3325128555e-01
-7.2518151999e-01
-6.9727355242e-01
-1.1224123091e-01
-5.8524262905e-01
-8.7477338314e-01
-1.4055526257e-01
-7.4600738287e-01
-1.4305028915e+00
-8.5467886925e-01
-5.3739249706e-01
-1.5753158331e+00
-6.1430104077e-02
-1.2050373852e-01
1.1114420742e-01
-7.1140450239e-01
-5.7135622948e-02
-1.5255399942e+00
-6.1096483469e-01
-6.6072660685e-01
-1.0548503399e+00
-6.8391907215e-01
-1.4391791821e+00
1.6286757588e-01
-3.5631123185e-01
-8.3223253489e-01
-3.2945930958e+00
7.9944175482e-01
-2.9525392056e+00
-7.4956518412e-01
5.2048843354e-03
-2.1455934048e+00
8.0017387867e-01
-1.3412842751e+00
1.2915849686e+00
1.4278757572e+00
1.0824091434e+00
-8.3359837532e-01
8.6803006707e-04
-2.0903989673e-01
-8.9804691076e-01
1.4012136459e+00
-3.4198728204e-01
8.2114404440e-01
-3.2985565066e-01
5.7901203632e-01
-5.3460352123e-02
5.3643345833e-01
4.2931106687e-01
-2.1092222631e-01
9.2828035355e-01
3.9812904596e-01
4.9022096395e-01
-2.0237579942e-01
2.9129856825e-01
-1.3455609083e+00
8.2150799036e-01
-9.7131812572e-01
8.2162156701e-02
2.6296767592e-01
6.0528886318e-01
-2.5925326347e+00
-3.3764496446e-01
-3.0519726276e+00
-2.5928276777e-01
7.7051870525e-02
-3.8935291767e-01
-7.1801267564e-02
5.9685494751e-02
-1.5845530033e+00
6.0433787107e-01
-4.8112541437e-02
-6.8709766865e-01
3.4831896424e-01
-9.5258772373e-01
-4.6921323985e-02
1.6630563140e-01
1.9094010815e-02
2.6773327589e-01
-1.7234668136e-01
6.6053785384e-02
4.1441518068e-01
-3.3844375610e-01
3.2451212406e-01
-2.0943076909e-01
2.2196856141e-01
-3.1914642453e-01
-1.1419089139e-01
3.4717079997e-01
-1.1200611591e+00
8.9525163174e-02
4.4022668153e-02
-3.6119183898e-01
3.3510029316e-01
-7.9606664181e-01
2.1385043859e-01
2.9294410348e-01
1.9553303719e-01
-1.6136991978e-01
2.8429302573e-01
3.3808627725e-01
-3.3166043460e-02
-1.3613079786e+00
-1.6695083678e-01
-4.5868083835e-01
2.3951870203e-01
-1.8252648413e-01
-5.1108866930e-01
3.5253110528e-01
-3.9862188697e-01
3.0813762546e-01
2.8783902526e-01
-6.6791498661e-01
-2.9287901521e-01
1.4390096068e-01
-5.2283430099e-01
4.5889878273e-01
6.2257969379e-01
-4.2565536499e-01
-1.8491529226e+00
1.8866343796e-01
-3.9191320539e-02
9.0442246199e-01
-4.0955418348e-01
-1.5647470951e-01
-5.8467364311e-01
-5.0047479570e-02
-4.3744087219e-01
-9.4692654908e-02
-6.8159550428e-01
-3.8489863276e-02
2.0919398963e-01
-4.9937367439e-01
-2.4505135417e-01
-4.5291203260e-01
-8.4163480997e-01
3.3146172762e-01
-3.1621894240e-01
-6.5873652697e-01
-5.6530374289e-01
-4.9378076196e-01
5.3900861740e-01
-8.9188927412e-01
-9.7061264515e-01
-2.9764369130e-01
-7.4226796627e-02
-1.7189025879e-02
-1.0917649269e+00
3.1127044931e-02
-1.4201283455e+00
-1.3963305950e-01
-2.5970849395e-01
-9.4680875540e-02
-3.1910023093e-01
-1.0205345228e-02
-1.2285202742e+00
2.5024214387e-01
-5.3357534111e-02
-6.3242632151e-01
2.6728540659e-01
-6.8434083462e-01
2.1263852715e-01
-4.0822452307e-01
-4.8514598608e-01
-3.6351275444e-01
5.6398008019e-02
2.5017386675e-01
9.4079548120e-01
-1.9004131854e-01
-3.1952232122e-01
1.3788373768e-01
4.0714338422e-01
-4.3077969551e-01
-2.7404502034e-01
-1.5055845976e+00
3.2180136442e-01
1.1176081002e-01
5.3845383227e-02
-3.0224454403e-01
7.9546459019e-02
-1.4640464447e-02
2.4701914191e-01
4.6843811870e-02
-4.4137701392e-02
-7.5471264124e-01
-5.6044167280e-01
2.5417411327e-01
-1.3750325143e-01
2.8907485306e-02
-5.9238529205e-01
1.6677595675e-01
-7.7410840988e-01
6.6345494986e-01
-1.9658643007e+00
2.0582270622e-01
-1.0957422256e+00
-1.4229810238e+00
-7.1341699362e-01
-1.7775414884e-01
-3.4495043755e-01
-3.0529516935e-01
3.3006033301e-01
-2.5530712605e+00
-4.4429090619e-01
-4.7136950493e-01
-3.0759904385e+00
-3.4616690874e-01
1.1182202101e+00
1.0664826632e+00
-4.9312293530e-01
6.8024182320e-01
1.8730430305e-01
-6.8587785959e-01
-1.9132814407e+00
-3.8452868462e+00
-6.9170933962e-01
5.3193479776e-01
1.3335188627e+00
-3.1173741817e-01
-1.9398381710e+00
1.3002943248e-02
-3.1343021989e-01
-6.8791538477e-02
-8.8308918476e-01
-3.4298858047e-01
3.0743280053e-01
1.0412151366e-01
-1.2809528112e+00
-2.4759685993e-01
-3.0983033776e-01
-3.2508230209e-01
-8.5182636976e-01
-8.8803011179e-01
2.2744731605e-01
-9.9343502522e-01
-5.0508785248e-01
4.1336208582e-01
-1.1859323978e+00
-1.0771464109e+00
1.9311094284e-01
-2.1263571084e-01
9.1414304916e-04
9.0422022343e-01
4.8196813464e-01
-4.3820112944e-01
-2.1302070618e+00
3.7404876202e-02
6.6560012102e-01
3.7723267078e-01
-3.9212393761e-01
2.8792229295e-01
3.8033625484e-01
-4.7459506989e-01
-8.8971108198e-02
-3.9805681705e+00
-3.2367828488e-01
6.7147994041e-01
1.0889040232e+00
-6.2632787228e-01
-1.3680266142e+00
4.4428625703e-01
4.5823425055e-01
-5.1375955343e-01
-1.8615439534e-02
-6.8202227354e-02
-8.9517092705e-01
-6.6934400797e-01
-8.7477451563e-01
-9.9437832832e-01
-3.9552351832e-01
-1.0619566441e+00
-1.9867685437e-01
-2.8878223896e-01
1.6808469594e-01
-8.3492827415e-01
3.8202604651e-01
-3.4940850735e-01
-3.8255953789e-01
-3.5187622905e-01
-7.3304957151e-01
-3.7660875916e-01
6.9697195292e-01
-1.3110636473e+00
-8.7730073929e-01
-5.0482082367e-01
-1.5539109707e+00
4.8350736499e-01
7.0444643497e-01
6.2635844946e-01
-8.5758900642e-01
-5.6841802597e-01
3.5345298052e-01
-1.7595148087e+00
-4.7676086426e-01
-8.0072462559e-01
-7.0492684841e-01
5.1935464144e-01
1.2312680483e+00
-3.5486910343e+00
4.3270787597e-01
3.9248549938e-01
6.6704654694e-01
-6.7871046066e-01
-2.2828047276e+00
-2.6475965977e-01
-8.2249450684e-01
-2.3866767064e-02
-4.0206223726e-01
-1.4169098139e+00
-6.7252963781e-01
-9.9575757980e-01
-4.9137328751e-03
-2.2339560091e-01
3.4477120638e-01
-1.1439276934e+00
-3.1635487080e-01
-6.2764501572e-01
2.2850240767e-01
8.6999144405e-03
-3.8479846716e-01
-5.1494425535e-01
2.8269094229e-01
-1.2404856682e+00
-5.6877064705e-01
-1.6434210539e-01
-4.5313799381e-01
2.4855719507e-01
-9.8241561651e-01
-4.9445882440e-01
-6.8047970533e-01
3.1600359827e-02
-1.6656136513e-01
-5.2139919996e-01
2.8421634808e-02
-4.3025451899e-01
-3.9928972721e-02
3.8530537486e-01
4.9341559410e-01
-2.8919261694e-01
4.8255556822e-01
-4.9872925878e-01
5.0483828783e-01
-4.8830175400e-01
-2.5117748976e-01
-3.5382470489e-01
1.5792982653e-02
-1.2956023216e-01
-4.8381480575e-01
7.4488200247e-02
-6.5587222576e-01
6.3501596451e-01
-2.8873649240e-01
-6.6636675596e-01
1.8242040277e-01
-3.1142014265e-01
-2.2688892484e-01
1.0455625504e-01
5.0708001852e-01
-1.0280729085e-01
4.6838238835e-01
-1.0231870413e+00
5.5907607079e-01
-6.2528556585e-01
-2.5949755311e-01
-9.8062574863e-02
1.2325100601e-02
-6.7901030183e-02
-7.1038030088e-02
-2.4947613478e-01
-5.8485601097e-02
3.7155711651e-01
3.1269267201e-01
-1.3123079538e+00
-2.3671442270e-01
3.1712114811e-01
4.9429908395e-02
1.5700218081e-01
2.8262222186e-02
4.6810647845e-01
1.6037406027e-01
-1.3729840517e+00
2.2982113063e-01
-1.9868090749e-01
-2.3642145097e-01
-4.0036585927e-01
-1.8984435499e-01
6.0392504930e-01
-6.9033306837e-01
-4.9704152346e-01
-6.9158935547e-01
5.8559811115e-01
4.0503825992e-02
-1.3766499758e+00
-4.7644069791e-01
-1.2566919327e+00
-2.7770757675e-01
3.7749281526e-01
-3.5773235559e-01
-2.2116112709e-01
1.2938971817e-01
-5.6933939457e-01
7.0332372189e-01
-3.8318437338e-01
-6.0413426161e-01
-3.2920575142e-01
1.2835451961e-01
5.1616227627e-01
-4.4431465864e-01
-1.9235065579e-01
-5.0650966167e-01
7.5646740198e-01
-6.7683857679e-01
-1.4784014225e-01
1.7156884074e-01
-5.8467763662e-01
-1.9153735042e-01
5.4606741667e-01
-1.4614154398e-01
1.1225501448e-01
3.1202229857e-01
-8.3399504423e-01
3.5992741585e-01
1.3280239701e-01
-4.8234784603e-01
-2.3976979256e+00
3.4693330526e-01
2.8065505624e-01
-2.8811528683e+00
7.5152927637e-01
-2.8610524535e-01
-4.2077779770e-01
6.4046818018e-01
-1.2332152575e-01
-3.0936115980e-01
-2.9328696728e+00
-1.4529721737e+00
7.6829475164e-01
1.4502869844e+00
-1.3346296549e-01
2.9031237960e-01
9.7855818272e-01
5.8908921480e-01
-5.8118677139e-01
-3.2551288605e+00
1.0101383924e-01
-1.3487653434e-01
1.0117974132e-01
-2.2142679691e+00
8.8350278139e-01
-4.3313866854e-01
5.9588676691e-01
-3.3338481188e-01
-3.5884046555e-01
1.3209526241e-01
-9.5861744881e-01
-1.6557488441e+00
3.6301815510e-01
2.7038827538e-01
2.4444057047e-01
1.8447391689e-02
-5.0309258699e-01
1.9982559979e-01
-7.5847381353e-01
-2.4868094921e+00
-1.5781190395e+00
8.5621976852e-01
1.2143907696e-01
-4.2355799675e+00
9.8428267241e-01
-1.7956967354e+00
-4.5531293750e-01
3.2309964299e-01
-1.3972929716e+00
-1.5755540133e+00
-2.9631075859e+00
-5.7572007179e-01
2.2639931738e-01
1.1955811977e+00
1.2433769703e+00
4.0256494284e-01
1.9611713290e-01
3.5333925486e-01
-5.4126864672e-01
-1.6829473972e+00
-2.9928855896e+00
1.3200411797e+00
6.0634630919e-01
-3.0204775333e+00
6.9920784235e-01
-7.9617917538e-01
-1.4101172984e-01
5.4210221767e-01
-2.8869137168e-01
-4.0446141362e-01
-1.5186023712e+00
-1.4286434650e+00
7.4059748650e-01
2.6437905431e-01
4.8025131226e-01
1.1154050827e+00
-7.0080757141e-02
1.1400926113e+00
-1.0263557732e-01
-5.7011514902e-01
-3.0553990602e-01
-3.1491119862e+00
-1.5618762374e-01
8.0020643771e-02
4.7994548082e-01
-4.2597198486e-01
6.2858387828e-02
1.8886891007e-01
-5.3012233973e-01
-7.8399747610e-01
-6.6211140156e-01
-1.2884296477e-01
4.3522197008e-01
9.8504346609e-01
-4.9437749386e-01
-3.6342713237e-01
5.4824793339e-01
3.2209891081e-01
-1.7979040742e-01
7.0455205441e-01
-9.1505128145e-01
8.0435469747e-02
-5.6800776720e-01
5.8145004511e-01
-2.7067297697e-01
-8.2677137852e-01
5.9436476231e-01
-7.9970496893e-01
-2.4417877197e-01
-3.4141447395e-03
-4.2650756240e-01
-5.0747758150e-01
-5.3725427389e-01
7.3322218657e-01
1.3648758829e-01
-4.0232020617e-01
-3.5301265121e-01
-6.6961163282e-01
-2.8859609365e-01
3.9008300751e-02
-6.0046720505e-01
7.1001842618e-02
-6.2634342909e-01
8.6461389065e-01
9.3889839947e-02
-3.8844811916e-01
8.9570087194e-01
-7.7600115538e-01
1.5699721873e-01
3.9632886648e-01
-8.0100417137e-02
3.1734380871e-02
-5.2637737989e-01
-4.4287052751e-01
-1.0739461184e+00
3.9624640346e-01
-6.2126740813e-02
-1.0252059698e+00
-3.9119744301e-01
-5.7595324516e-01
-1.2263068557e-01
1.4035369456e-01
1.9583484530e-01
-4.2716494203e-01
4.9214866012e-02
-7.2941519320e-02
8.6646282673e-01
-1.3487613201e+00
6.9174712896e-01
4.2154806852e-01
-6.3532739878e-02
-6.3223326206e-01
9.1693237424e-02
1.3680303097e-01
-4.7410589457e-01
1.3570550084e-01
-9.2109733820e-01
-5.2268636227e-01
-2.3685394228e-01
-3.4121689200e-01
-1.3421102762e+00
-1.2168868780e+00
2.0458608866e-01
-2.4368824065e-01
5.4874449968e-01
-3.3018144965e-01
4.2073777318e-01
6.1068022251e-01
-1.4256128073e+00
-2.1569804847e-01
-9.4635909796e-01
-1.3587014675e+00
3.8775971532e-01
6.0845857859e-01
-2.5467979908e+00
2.5070071220e-01
7.4139893055e-01
4.0375494957e-01
-4.8839920759e-01
-4.4650015831e+00
-2.0060534477e+00
1.0397363901e+00
4.0661767125e-01
-1.1840929985e+00
6.3903266191e-01
-1.0628647804e+00
-1.0261876583e+00
5.3338426352e-01
8.8904905319e-01
-1.3649958372e+00
-1.7497230768e+00
-1.7029385567e+00
3.2260498405e-01
-1.8672112226e+00
-1.5780159235e+00
7.6250237226e-01
-2.4399209023e+00
1.1833776236e+00
-8.7907707691e-01
6.2292647362e-01
-8.1351250410e-01
3.3346122503e-01
-2.0155049860e-01
6.2014389038e-01
-4.3863411993e-02
4.2600009590e-02
9.7951549292e-01
-6.7305780947e-02
-2.8157871217e-02
2.9166929424e-02
1.4771300554e-01
5.3950172663e-01
-4.6085405350e-01
-4.3797504902e-01
-6.6416960955e-01
-2.3909056187e-01
-4.0427896380e-01
-5.7693994045e-01
-2.5859937072e-01
4.0920066833e-01
-1.7808818817e+00
-1.8931132555e-01
4.5561596751e-01
2.1018482745e-01
1.0033762455e+00
5.6418293715e-01
1.2144553661e+00
1.0467698425e-01
7.7569532394e-01
-6.9170421362e-01
-8.4859198332e-01
-5.1617854834e-01
-3.4521701932e-01
3.9549343288e-02
6.4093881845e-01
2.3191036284e-01
2.6250469685e-01
-2.6969990134e-01
1.8629254401e-01
-1.6776115894e+00
-1.2413173914e+00
7.1289205551e-01
2.1724453568e-01
9.8851394653e-01
1.1697137356e+00
-3.4937092662e-01
-3.5425615311e-01
1.7485661432e-02
8.3146077394e-01
-1.6635447741e-01
-7.2969865799e-01
-4.2956942320e-01
2.7519482374e-01
-1.3025796413e+00
-1.8543205261e+00
5.0646609068e-01
-3.9234416485e+00
4.0391039848e-01
-1.5168693066e+00
4.4720113277e-01
-8.5651630163e-01
-3.0211660266e-01
-3.4230580926e-01
-2.4051455781e-02
5.9941434860e-01
2.9008355737e-01
1.2397273779e+00
-4.5146757364e-01
2.8187933564e-01
-4.7376057506e-01
4.1290190071e-02
-1.2650525570e-01
-3.5541847348e-01
-2.6179993153e-01
5.5865699053e-01
-7.5982779264e-01
4.0827646852e-01
-7.4979019165e-01
4.0661650896e-01
-6.0411449522e-03
-3.1762447357e+00
1.1638258696e+00
3.3725300431e-01
-2.5454678535e+00
6.0385596752e-01
-1.4415719509e+00
1.4245568514e+00
6.8770593405e-01
-2.5283083916e+00
1.7736968398e-01
-1.3336919546e+00
-3.9906120300e-01
7.6327300072e-01
2.4412593246e-01
6.0771685839e-01
8.5464096069e-01
-1.3317504525e-01
6.0468339920e-01
-1.9271305203e-01
-2.3453495502e+00
-1.0803104639e+00
2.3943267763e-02
6.8565070629e-01
-2.8858393431e-01
-3.7493598461e-01
1.4409840107e-01
4.1629451513e-01
-1.0760720968e+00
1.5690357685e+00
2.6664841175e-01
-3.4984672070e-01
1.0125734806e+00
1.0510086268e-01
8.3602303267e-01
-6.7890465260e-01
-1.2294529378e-01
-2.1895194054e-01
-1.5299987793e+00
-1.2242012024e+00
3.0179730058e-01
-9.3260329962e-01
2.8148025274e-01
2.6868307590e-01
5.9604513645e-01
3.9771783352e-01
-1.2160656601e-01
-1.0849246383e-01
-2.9114085436e-01
4.8368534446e-01
-1.6256213188e-02
7.9891985655e-01
-2.2246406972e-01
3.3990633488e-01
-1.9588038921e+00
-1.7529006004e+00
2.2177442908e-01
-2.2768731117e+00
1.6551369429e-01
-1.4583199024e+00
4.2558613420e-01
-6.2611508369e-01
3.5828465223e-01
3.3502563834e-01
-1.7614362240e+00
-1.8170633912e-01
3.5080522299e-01
1.9703276455e-01
-1.0835312605e+00
2.5040999055e-01
-2.1246427298e-01
9.6191513538e-01
-2.8474918008e-01
2.2896905243e-01
-1.4782239199e+00
-3.7824969292e+00
1.0094769299e-02
-4.9623160362e+00
5.1311850548e-01
-3.5529792309e-01
5.8722418547e-01
-6.3667500019e-01
2.5408044457e-02
-2.5992667675e-01
5.4266852140e-01
9.4318199158e-01
1.2125111371e-01
5.2213305235e-01
-4.0032032132e-01
3.3999738097e-01
2.0654314756e-01
-5.9358781576e-01
-4.6406626701e-01
-4.8048308492e-01
7.8073692322e-01
-3.7946721911e-01
2.5780749321e-01
-2.0697316527e-01
2.5466267020e-02
7.5210595131e-01
-2.1804951131e-01
-5.0393676758e-01
-2.9429715127e-02
-7.8817039728e-01
1.0143344402e+00
3.8605970144e-01
-2.0205122232e-01
5.7998377085e-01
-7.3891490698e-01
1.3304702938e-01
1.0815166682e-01
-1.7867641151e-01
-1.2997920811e-01
-6.9228053093e-01
6.3576810062e-02
2.0950233936e-01
2.1758793294e-01
-4.3265971541e-01
-8.5477238894e-01
6.1198323965e-01
2.6465100050e-01
-3.8982582092e-01
-1.9955039024e-01
-9.8757052422e-01
-2.8780740499e-01
1.8837164342e-01
2.7881622314e-01
1.0830812901e-01
-1.0809495449e+00
-1.6266848147e-01
2.6573592424e-01
2.6637932658e-01
-3.7118047476e-01
-8.6362123489e-01
-6.5428709984e-01
8.3441644907e-01
-1.7971938848e-01
-2.3933720589e-01
-9.8120826483e-01
6.2828731537e-01
-2.1182203665e-02
-4.2342275381e-01
-3.9878848195e-01
-2.0575690269e+00
-1.3077105582e-01
2.9138886929e-01
1.9319443405e-01
5.4748678207e-01
-1.3279662132e+00
-4.5153728127e-01
2.3916304111e-01
6.7122775316e-01
4.7890853882e-01
-1.4433785677e+00
-5.9078973532e-01
5.1026326418e-01
-1.4537236094e-01
-5.5806362629e-01
-1.3324623108e+00
-3.1741745770e-02
-3.1395056844e-01
-3.4054470062e-01
-2.1478663385e-01
-1.6276862621e+00
-7.3081785440e-01
-3.3789613843e-01
-2.0850472152e-01
-3.0595123768e-01
1.9425408542e-01
5.0381105393e-02
2.8424918652e-01
7.9285866022e-01
6.6118013859e-01
-1.2715353966e+00
2.2494883835e-01
-4.6949326992e-01
-4.5302256942e-01
2.6485198736e-01
-1.0529302359e+00
-2.4020132422e-01
3.2556340098e-01
-2.7931339741e+00
8.4918886423e-01
1.7315770686e-01
-2.8000154495e+00
4.1676214337e-01
-7.7342492342e-01
4.8926353455e-01
7.9018092155e-01
7.1686655283e-01
-8.4336179495e-01
3.4550651908e-01
-1.6182098389e+00
1.7914459109e-01
-2.6732838154e+00
-1.2875156403e+00
4.1623106599e-01
-5.0094380379e+00
1.0695894957e+00
-6.4691977501e+00
4.9827769399e-01
-4.3124929070e-01
2.6885491610e-01
5.9417796135e-01
3.3507302403e-01
5.1956373453e-01
-3.0603179336e-01
8.1398862600e-01
-3.6497681141e+00
2.9503607750e-01
-4.0757665038e-01
1.4007566869e-01
7.9486292601e-01
5.3876888752e-01
4.2507499456e-01
-4.8181349039e-01
4.9425789714e-01
-6.0120499134e-01
7.8183680773e-02
7.6110261679e-01
2.0319058001e-01
-4.1172721982e-01
-1.0066761971e+00
-7.1243834496e-01
4.4768729806e-01
-1.3061849773e-01
6.2368702888e-01
-9.8699897528e-01
-8.9253000915e-02
-3.3689284325e-01
1.7064671218e-01
2.4870453775e-01
-2.4935969710e-01
-8.1562095881e-01
7.0789384842e-01
7.0742267370e-01
-1.1269053221e+00
-3.9483796805e-02
-8.3634626865e-01
-1.0713441670e-01
-6.2344962358e-01
-8.1750947237e-01
3.5202640295e-01
8.6963331699e-01
1.7621774971e-01
5.5501753092e-01
-9.2471426725e-01
2.1773956716e-01
-5.7088222504e+00
6.0446172953e-01
-1.6671174765e+00
4.5482888818e-01
7.9587221146e-01
4.0534332395e-01
-1.0029606819e+00
-2.1580908298e+00
2.7831980586e-01
-1.9817323685e+00
7.9422229528e-01
5.9173983335e-01
3.1174749136e-01
-3.2457387447e-01
4.7240915895e-01
7.4480193853e-01
6.9610309601e-01
5.7457166910e-01
-1.5582588315e-01
5.6796491146e-01
-5.5023536682e+00
2.4195095897e-01
-5.2852559090e-01
2.8444808722e-01
3.0858698487e-01
4.1923174262e-01
2.8856039047e-02
-1.4505673945e-01
6.7374682426e-01
-4.9668329954e-01
-7.9550421238e-01
4.9535745382e-01
1.6224174201e-01
-5.3289937973e-01
-5.4749488831e-01
-3.6760774255e-01
6.4762204885e-01
-3.8413846493e-01
-2.0525546744e-02
-6.1757713556e-01
-7.9190254211e-01
-2.5191652775e-01
-4.0822052956e-01
-1.6002947092e-01
2.8764995933e-01
-8.7567096949e-01
2.1817742288e-01
4.4819596410e-01
-6.6687601805e-01
2.6440605521e-01
-1.5968203545e+00
6.2999352813e-02
-3.4682875872e-01
-5.7031989098e-01
5.2265727520e-01
2.6002356410e-01
-1.4113826910e-03
4.4478905201e-01
-4.8342913389e-01
6.3181918859e-01
-7.6014366150e+00
7.5692743063e-01
-8.7103372812e-01
3.5596138239e-01
5.7055515051e-01
7.2861111164e-01
7.8177469969e-01
-6.2384843826e-01
2.3245437443e-01
-2.4640208483e-01
-1.2455089092e+00
8.0987346172e-01
2.1546293795e-01
-2.8095725179e-01
-6.0259711742e-01
4.6031889319e-01
-9.4512140751e-01
-8.3297199011e-01
3.7931236625e-01
-2.9086884856e-01
-5.1093518734e-01
-1.2758502960e+00
-3.1075146794e-01
7.2993570566e-01
5.8627539873e-01
-4.4253590703e-01
8.9279401302e-01
-7.6964038610e-01
-1.0976341963e+00
-4.5428717136e-01
9.6613280475e-02
-7.8338342905e-01
4.7496384382e-01
-1.3668817282e-01
-3.4171268344e-02
-6.5634417534e-01
2.7979177237e-01
-6.1516183615e-01
-1.9579942524e-01
1.6851976514e-01
3.9261040092e-01
-5.4631251097e-01
1.4572140574e-01
1.7338754237e-01
-3.1966215372e-01
-2.1752849221e-01
4.1552969813e-01
3.6439517140e-01
-6.5525078773e-01
-1.2301022559e-01
-3.1655913591e-01
-8.3893686533e-01
2.1803446580e-03
-5.6242877245e-01
-1.1543808505e-02
-1.0735536814e+00
-1.1562998295e+00
-1.5306286812e+00
1.2407757342e-01
-3.5096734762e-01
5.8150965720e-02
-4.3459111452e-01
1.3787944615e-01
2.5404879451e-01
-6.9683271646e-01
1.8285860121e-01
-3.4291791916e-01
2.5871798396e-01
-2.2554515302e-01
-6.8522435427e-01
2.3401327431e-01
-9.7028809786e-01
3.2966786623e-01
-4.4593319297e-01
-1.1489603519e+00
7.2263675928e-01
-6.1146104336e-01
-1.2615673542e+00
7.5165021420e-01
1.7239902914e-01
-1.1428297758e+00
-5.2743136883e-01
-8.7191954255e-02
-1.5506613255e-01
2.4268446863e-01
-4.9237775803e-01
-3.4575560689e-01
-6.0653799772e-01
-1.0186291933e+00
-2.6146358252e-01
3.1174702570e-02
-6.7761701345e-01
-5.3459364176e-01
-3.6266287789e-03
-6.7642724514e-01
4.1527608037e-01
-1.4478136301e+00
-6.8321990967e-01
-3.9733144641e-01
3.8594648242e-01
-3.0783441663e-01
-2.5097483397e-01
-5.9596502781e-01
-3.8417267799e-01
4.4009608030e-01
1.4995189011e-01
8.6018699408e-01
-1.0189814121e-01
-1.0084630251e+00
2.5137105584e-01
1.5545041859e-01
-7.2222417593e-01
-9.3876326084e-01
-1.2927505970e+00
-8.6682337523e-01
-3.4015208483e-01
-2.2111587226e-01
-7.6634621620e-01
-6.9404137135e-01
-3.4963738918e-01
8.0970004201e-02
-6.7221105099e-01
-5.2356564999e-01
-9.2694228888e-01
-1.0638408661e+00
-5.8779954910e-01
2.4737522006e-01
-7.8563976288e-01
-6.1293894053e-01
-7.3600262403e-01
2.2687515616e-01
5.2341377735e-01
-1.3864423037e+00
-4.1367104650e-01
5.6254231930e-01
-1.7744016647e+00
4.6127435565e-01
7.7304404974e-01
-2.8158539534e-01
9.3092340231e-01
5.8117557317e-02
1.6451421380e-01
-3.2748821378e-01
1.1023946851e-01
1.5943759680e-01
8.0956578255e-01
6.7546254396e-01
4.9649521708e-02
2.7528595924e-01
2.9347774386e-01
-6.0141320229e+00
2.2061355412e-01
-3.9977361448e-03
-4.7738185525e-01
3.1141686440e-01
-2.1925189495e+00
6.2952303886e-01
1.0590113401e+00
-4.4518640637e-01
5.3488826752e-01
4.3115550280e-01
3.3049330115e-02
-9.2820936441e-01
-1.2591370940e-01
-2.7627013624e-02
6.7201066017e-01
1.8543283641e-01
-1.2022520602e-01
5.7165610790e-01
5.7519201189e-02
-6.1206350327e+00
1.2447540648e-02
3.6507073045e-01
-6.3616508245e-01
-6.9549614191e-01
-4.6373438835e-01
-4.9817928672e-01
-1.2219461203e+00
-8.6538612843e-02
-1.1542949677e+00
1.7066098750e-02
-3.5469245911e-01
-7.8705793619e-01
-3.5388749838e-01
-4.4890969992e-01
-7.6670551300e-01
-1.0582989454e+00
-2.5417767465e-02
-8.4280627966e-01
-7.4810183048e-01
3.0731603503e-02
-1.0267144442e+00
-1.0374258757e+00
-5.2647060156e-01
1.3017304242e-01
1.3554812670e+00
-2.8398737311e-01
-7.3769301176e-02
4.6053400636e-01
2.6274305582e-01
-6.7081004381e-01
1.8155349791e-01
3.6555972695e-01
-7.0155657828e-02
-7.7758979797e-01
7.6754711568e-02
-7.3029428720e-01
-3.4073328972e-01
-1.3735899329e-01
-1.2290315628e+00
-1.1038025618e+00
-1.0482306480e+00
-1.0547586679e+00
-3.5450530052e-01
2.1935413778e-01
-6.5125530958e-01
2.0866470039e-01
-1.0658448935e+00
-2.3714944720e-01
-5.0203943253e-01
-1.3415791094e-01
-5.4733234644e-01
-4.9308905005e-01
1.6371849179e-01
7.1486794949e-01
-2.4792426825e-01
-7.7948713303e-01
-4.0585851669e-01
6.2772417068e-01
-1.4464592934e+00
-3.9207267761e-01
9.9740493298e-01
1.5622061677e-02
-6.7948359251e-01
-2.3078411818e-01
-7.8562450409e-01
-3.6442211270e-01
7.4846494198e-01
3.4528854489e-01
3.9039245248e-01
-7.9917955399e-01
-3.5921579599e-01
2.6529419422e-01
-1.0993456841e+00
-7.3690980673e-01
2.7702587843e-01
1.7081396580e+00
-4.3335285783e-01
-1.5361213684e-01
-7.0284110308e-01
4.2101904750e-02
1.3355861604e-01
-1.8539302051e-01
-5.7821464539e-01
-3.5066109151e-02
-2.4816243351e-01
1.3076195121e-01
9.7353816032e-01
3.4377027303e-02
4.1754797101e-01
-7.8143483400e-01
-4.6608808637e-01
6.3048034906e-02
-7.1297448874e-01
-6.3063365221e-01
2.3302717507e-01
1.2826486826e+00
-3.8324353099e-01
2.4272887409e-01
-9.5809638500e-01
-1.0208462477e+00
2.6474341750e-02
-7.6611407101e-02
-1.8540788442e-02
8.3293013275e-02
-8.4029895067e-01
-3.6093205214e-01
9.5736876130e-02
3.1998121738e-01
-5.2205815911e-02
-9.7219860554e-01
-1.2913158536e-01
-1.2591102719e-01
2.2801119089e-01
-1.8579779565e-01
-1.1284251511e-01
-9.5993214846e-01
5.4552964866e-02
8.8536091149e-02
-2.1560368538e+00
-4.7893658280e-01
-4.1760733724e-01
1.3544392586e-01
-2.7081722021e-01
-1.5138706565e-01
6.9253212214e-01
1.3195273280e-01
4.6088300645e-02
2.6177629828e-01
-3.8212433457e-01
5.1001781225e-01
-3.0398297310e-01
-4.3117102981e-01
1.0293864012e+00
8.1180125475e-01
-1.5887067318e+00
4.1436785460e-01
-4.9048054218e-01
-1.4284755290e-01
-5.0999220461e-02
-9.3612539768e-01
-6.3208580017e-01
-4.1849404573e-01
-1.3639712334e-01
-2.7468360960e-02
1.2944412231e-01
1.3659486175e-01
1.7214216292e-01
3.3073359728e-01
-8.0753592774e-03
-1.8970011175e-01
7.2538870573e-01
-8.7483817339e-01
2.5940269232e-01
-9.0381920338e-01
3.2029572129e-01
-2.2032038867e-01
-1.0799982548e+00
4.0218461305e-02
-4.4919013977e-01
-2.0332975388e+00
-9.9504780769e-01
1.4830519259e-01
3.0234193429e-02
5.0593423843e-01
-4.2703291774e-01
7.0320278406e-01
6.3706094027e-01
-1.3856589794e+00
-2.0973518491e-01
-4.8219019175e-01
-5.6386790276e+00
-6.0429668427e-01
1.8111744523e-01
-2.3724600673e-01
-2.6205351353e+00
3.8372126222e-01
1.2348614633e-01
6.0976123810e-01
3.0048674345e-01
-6.9946289062e-01
7.6789252460e-02
2.1091073751e-01
-1.6614772379e-01
-7.2525627911e-02
-3.0502569675e-01
-4.6692240238e-01
-4.9467332661e-02
4.1901096702e-01
-2.3687854409e-01
-6.0319983959e-01
4.3020582199e-01
1.0146607459e-01
8.4792777896e-02
-1.0165400505e+00
2.0985008776e-01
-1.4173945785e-01
3.8720774651e-01
-7.4599213898e-02
-2.9753920436e-01
-1.2801573277e+00
-1.6249532700e+00
-9.1555990279e-02
-3.5690963268e-01
9.8295640945e-01
1.8893219531e-01
9.6374410391e-01
2.3654021323e-01
-1.7066935301e+00
-9.4211745262e-01
-2.5731644034e-01
-6.3856287003e+00
-8.5045862198e-01
-2.3625328541e+00
-3.9845275879e-01
-3.7799639702e+00
7.1775799990e-01
5.9358537197e-01
5.2633970976e-01
7.5210475922e-01
-2.5551491976e-01
8.0476278067e-01
5.2364200354e-01
1.9969043136e-01
3.1843751669e-02
-5.8204114437e-01
7.5844991207e-01
2.7661508322e-01
-9.5737671852e-01
-1.1416774988e+00
-1.6553379595e-01
-9.2753463984e-01
-2.5972080231e-01
-7.7546429634e-01
5.5720078945e-01
-2.2453820705e+00
-4.5791336894e-01
-1.7505270243e-01
-6.5476888418e-01
-2.1484202147e-01
-2.7089017630e-01
-7.0072090626e-01
-2.7857151628e-01
-3.2446652651e-01
5.4939366877e-02
-2.1519267559e+00
-5.1690369844e-01
-2.4011148140e-02
4.3839710951e-01
4.8739010096e-01
-3.9052075148e-01
-1.0264308453e+00
1.3898083568e-01
6.6487431526e-01
1.2202563882e-01
7.5308614969e-01
-5.6444847584e-01
1.3515006006e-01
-3.5893628001e-01
-4.6922153234e-01
-8.8949704170e-01
8.0317512155e-02
1.2793421745e-01
-1.0565414429e+00
-1.2500920892e-01
-2.0262031555e+00
-5.6132882833e-01
7.1891462803e-01
1.2073819339e-01
1.0062508583e+00
3.9166831970e-01
-4.1535979509e-01
9.2746242881e-02
5.0940310955e-01
-2.6415583491e-01
1.3291130066e+00
-5.9069056064e-02
-9.1553455591e-01
9.6882143989e-03
-5.4070200771e-02
-6.6839385033e-01
5.9834748507e-01
8.9379787445e-02
-1.0760114193e+00
-3.4586524963e-01
-2.5328226089e+00
-1.0281034708e+00
-2.0460480452e-01
3.9450961351e-01
-5.9403181076e-02
-1.1599185467e+00
-1.4410043955e+00
5.7008820772e-01
-9.6723087132e-02
-2.7564546466e-01
-1.5721667558e-02
-7.5274354219e-01
-8.8804084063e-01
-2.3045031354e-02
5.7547330856e-02
-3.7916389108e-01
9.8632901907e-01
-2.3902781308e-01
-2.2588425875e-01
-1.1273468286e-01
-7.1595960855e-01
-4.9801680446e-01
-4.4652351737e-01
3.5132223368e-01
1.6674681008e-01
4.9297755957e-01
1.0754837841e-01
-5.8171892166e-01
-8.0576501787e-02
6.0605138540e-01
-1.9121402502e-01
1.0729400814e-01
-1.8286274746e-02
-3.8448455930e-01
-7.9688692093e-01
-1.0713224411e+00
-1.6071577370e-01
-2.4038749933e-01
1.4842262864e-01
6.8687844276e-01
-7.0642250776e-01
3.5478204489e-01
-1.8740861416e+00
-1.3441617489e+00
-4.9229784012e+00
-7.8278720379e-01
-8.9950805902e-01
-1.2555779219e+00
-2.3047783375e+00
-5.5833357573e-01
-2.2199547291e+00
5.6685715914e-01
8.1573903561e-01
-4.1482219100e-01
9.0026950836e-01
-6.6334474087e-01
-8.7462627888e-01
7.5135499239e-01
-3.0544489622e-01
-5.6731396914e-01
-4.8033478856e-01
-3.1033924222e-01
-7.1534097195e-01
4.2103189230e-01
5.2998816967e-01
-9.8012906313e-01
6.8427789211e-01
-1.0664886236e+00
-1.0811319202e-01
1.0030523539e+00
-5.0451678038e-01
-1.6095951200e-02
-6.1713576317e-01
-3.0695286393e-01
-2.7962398529e-01
-7.1126168966e-01
9.4007082283e-02
-1.6004462540e-01
2.3510366678e-02
7.2344261408e-01
-8.9910286665e-01
5.0163841248e-01
-1.5249669552e+00
-7.5790512562e-01
-6.6975150108e+00
-7.9037493467e-01
-8.4929764271e-01
-1.2591326237e+00
-5.1900482178e-01
-1.4492580891e+00
-7.6409560442e-01
2.5869226456e-01
5.5783879757e-01
-1.9829349220e-01
4.8231536150e-01
-5.1787376404e-01
-6.3306993246e-01
4.3806031346e-01
-6.2673002481e-01
-5.8619052172e-01
-5.5709105730e-01
3.0432081223e-01
-5.2014964819e-01
-2.5916280225e-02
4.0132012963e-01
-1.1177474260e+00
2.0835952461e-01
-8.9503926039e-01
1.1480245590e+00
-1.8399713933e-01
-1.1590162516e+00
-7.1713256836e-01
-3.0583143234e-01
-6.2635278702e-01
-1.7818768322e-01
-9.7500550747e-01
-1.0035353154e-01
-5.1796097308e-02
-1.5032620728e-01
2.2957485914e-01
-6.1392283440e-01
-1.3525956869e+00
-2.7813231945e-01
1.8838641047e-01
4.1719254106e-02
-2.4494901299e-01
-6.0661226511e-01
3.3266857266e-02
5.6795102358e-01
2.4015006423e-01
-4.9147751927e-01
-6.0210204124e-01
-1.5545061231e-01
2.4153459072e-01
-3.2485789061e-01
9.0575091541e-02
-1.1578688025e-01
2.6283356547e-01
-3.3764743805e-01
-1.8689502776e-01
-2.2066152096e-01
-1.5454648435e-01
4.2562624812e-01
2.0189762115e-01
1.7648285627e+00
5.2998340130e-01
-3.1857156754e-01
-3.0796870589e-01
5.1607884467e-02
5.9207850695e-01
-1.1555882692e+00
-9.3985474110e-01
1.8035465479e-01
-4.7763857245e-01
-3.9512687922e-01
1.7605859041e-01
-7.7347922325e-01
2.9189644847e-03
3.7451662123e-02
-1.2101534009e-01
-7.8009074926e-01
5.7083934546e-02
6.0843843222e-01
-2.1779124439e-01
9.8960965872e-01
-1.0923390836e-01
-3.9650170803e+00
-1.7359896004e-01
-2.0866525173e+00
-2.4842780828e-01
-2.2998576164e+00
3.8115441799e-01
1.1928894371e-01
9.8617270589e-02
2.2208357230e-02
6.5939642489e-02
-1.0946446657e-01
2.1155320108e-01
-1.5002164841e+00
2.6401117444e-01
-2.3847354949e-01
-7.9029458761e-01
-1.3161965609e+00
-1.7939980328e-01
-6.0988128185e-01
-7.1015185118e-01
1.2667332590e-01
6.0201978683e-01
2.0460578799e-01
2.6507416368e-01
2.3629857600e-01
-4.5184969902e-01
-2.0126993954e-01
2.4238012731e-01
-2.5398966670e-01
-3.8257312030e-02
1.2686376572e+00
4.0475538373e-01
2.7143424749e-01
-5.1496970654e-01
-6.4371752739e-01
3.8684138656e-01
-7.4398231506e+00
-1.6107044220e+00
-8.8487583399e-01
-8.1651592255e-01
-1.0519176722e+00
-1.4831097126e+00
-2.7808451653e-01
-1.1545352936e+00
-4.5171117783e-01
4.2832511663e-01
8.9265936613e-01
-5.3599820137e+00
1.0534986258e+00
-7.6364271343e-02
-6.0480415821e-01
1.6598957777e-01
-7.0800639689e-02
4.4813895226e-01
-7.0592349768e-01
-1.4415674210e+00
-2.1127156913e-01
-1.3356952667e+00
-6.5937417746e-01
-3.4807898104e-02
-8.1390637159e-01
-8.0273263156e-02
-5.2423602343e-01
-6.0850363970e-01
-5.6516423821e-02
1.3629535213e-02
-7.0806485415e-01
1.9151759148e-01
-7.5914275646e-01
2.2798696160e-01
3.5277158022e-01
-2.2296713293e-01
5.6601303816e-01
-1.8502243757e+00
-9.5718044043e-01
-7.1979922056e-01
-2.0666859150e+00
-9.4667762518e-01
-1.0413293839e+00
-5.7076156139e-01
-1.4068055153e+00
-2.7186036110e+00
-9.7340983152e-01
4.3187025189e-01
-5.2974957228e-01
7.2775322199e-01
1.0597697496e+00
-5.1483926773e+00
8.1956869364e-01
-2.1605841815e-01
-2.5979292393e+00
-7.2184324265e-01
-2.5148934126e-01
-4.7088500112e-02
6.7330390215e-01
-1.3842748404e+00
-1.1244562864e+00
-8.4578281641e-01
2.0635755733e-02
9.7928412259e-02
2.8472444415e-01
-6.5322452784e-01
2.6523545384e-01
5.9194797277e-01
6.8685516715e-02
-8.4016209841e-01
-4.4430446625e-01
1.5601609647e-01
-1.2802187204e+00
3.2604265958e-02
-1.3599233329e-01
2.5601089001e-01
-8.8367193937e-01
4.6977025270e-01
3.2181039453e-01
1.3651520945e-02
-4.2621451616e-01
-6.1595183611e-01
5.0880718231e-01
-4.4585637748e-02
5.5929630995e-01
5.2400732040e-01
7.4269604683e-01
2.1007658541e-01
-2.2116605937e-01
2.6224541664e-01
-1.2604923248e+00
-1.0030125380e+00
-1.5231473446e+00
2.8063380718e-01
-1.1037691683e-01
3.0484715104e-01
-3.2556483150e-01
2.7284583449e-01
-2.2693382204e-01
-3.0469903350e-01
2.0569773018e-01
-5.9408944845e-01
9.5116458833e-02
-8.4641295671e-01
2.2052747011e-01
-2.6748806238e-01
5.6964784861e-01
1.7029678822e-01
-7.8452423215e-02
2.7857011557e-01
3.5141843557e-01
3.2951512933e-01
-2.4929904938e-01
1.4115624130e-01
-1.1216427200e-02
2.4371342361e-01
7.2323626280e-01
-6.1428976059e+00
-9.2577284575e-01
-2.4828574657e+00
-1.6216804981e+00
-1.8993629217e+00
-1.5685894489e+00
-6.5633678436e-01
-1.3609399796e+00
-2.5773668289e+00
-2.2439739704e+00
-9.2325979471e-01
-1.0605937243e+00
-7.3388230801e-01
4.5129734278e-01
-6.7405414581e-01
1.1645052433e+00
-6.4366441965e-01
-2.0397777557e+00
-1.2654289007e+00
-6.4302277565e-01
-4.0917152166e-01
4.7007402778e-01
2.9252386093e-01
-4.7491383553e-01
-3.6416089535e-01
5.5313402414e-01
2.4726703763e-01
4.8031666875e-01
8.3152763546e-02
1.2765469551e+00
3.9135238528e-01
1.1726649106e-01
6.1234611273e-01
4.6624714136e-01
-6.0599589348e-01
-4.9051430821e-01
7.8304547071e-01
-6.7083287239e-01
2.0396931097e-02
-7.4829369783e-01
2.1898037195e-01
-1.5009045601e-01
3.2716837525e-01
-3.6303651333e-01
-9.2754399776e-01
1.9847765565e-01
5.0229084492e-01
-3.9518678188e-01
-7.8669917583e-01
6.0987573862e-01
-9.8607778549e-01
1.0105041414e-01
-2.8768923879e-01
9.3187943101e-02
1.0437108576e-01
5.1923590899e-01
9.9504910409e-02
-6.1745351553e-01
1.0751838237e-01
3.2695752382e-01
-2.0682332516e+00
-1.2470667362e+00
-5.8453063965e+00
-2.1806445122e+00
-1.0093400478e+00
-7.2243559361e-01
-8.8721311092e-01
-8.3558285236e-01
-2.3857865334e+00
2.0439291000e-01
-7.5659382343e-01
-4.4871559739e-01
-6.1053717136e-01
9.1899299622e-01
-3.0441722274e-01
9.0052652359e-01
-2.0871005952e-01
-2.3833296299e+00
-4.2793498039e+00
6.6699969769e-01
-4.9105104804e-01
-1.0810078382e+00
-1.0062883377e+01
2.5341895223e-01
-9.4016194344e-01
-3.5269218683e-01
-7.5028318167e-01
-7.9301202297e-01
-1.6896537542e+00
-2.6657216549e+00
-4.2546209693e-01
3.2146170735e-01
-3.5775165558e+00
1.3917704821e+00
1.2835490704e+00
9.1276723146e-01
-1.2791812420e-01
-7.5447648764e-01
-8.8312387466e+00
-1.4453103542e+00
-2.1779829264e-01
-1.0658295155e+00
-6.8169362843e-02
-1.3383026235e-02
-1.7079741955e+00
3.4404903650e-01
-1.7839119434e+00
-1.5752489865e-01
-9.4856190681e-01
-6.6538232565e-01
-3.3934821840e-03
-3.7843632698e-01
-1.1423220634e+00
-1.0838837624e+00
-5.1038271189e-01
-1.0762231350e+00
-5.0577396154e-01
-2.2164912224e+00
-1.4375573397e-01
-1.4385201931e+00
-7.9177355766e-01
-1.2228671312e+00
9.8385438323e-02
-3.4885913134e-01
-1.9507577419e+00
-3.5144495964e-01
-1.8128499985e+00
-5.7267540693e-01
-1.4658998251e+00
-8.8487166166e-01
-1.9397090375e-01
-1.0198026896e+00
-6.1972111464e-01
-3.8107430935e-01
-9.6322208643e-01
-4.7022721171e-01
-8.7412625551e-01
-1.9257370234e+00
-5.4865491390e-01
-8.4011119604e-01
-8.6391234398e-01
-1.3281281292e-01
4.9352136254e-01
3.4144755453e-02
-1.1829446554e+00
2.7749910951e-02
-1.1901830882e-01
5.5940175056e-01
-8.4362500906e-01
1.7755486071e-01
-5.4912291467e-02
1.6703696549e-01
-4.6878331900e-01
-9.3821179867e-01
-5.6262522936e-01
-3.3963117003e-01
5.2526748180e-01
-1.0111340284e+00
-6.5419673920e-02
-7.1684598923e-02
-1.0610362291e+00
-7.2691547871e-01
1.3809367418e+00
1.9290919602e-01
-1.0190587491e-02
-5.1600790024e-01
-2.5057032108e+00
2.8192967176e-01
-3.3119666576e-01
7.3315346241e-01
8.5780763626e-01
-1.0438736677e+00
-2.8791401386e+00
-2.9457983375e-01
-1.2051091194e+00
-1.0284080356e-01
-7.1276031435e-02
3.8115200400e-01
3.4942033887e-01
-2.9350396991e-01
-1.9610264301e+00
-6.7819082737e-01
9.9929004908e-01
-2.6236940175e-02
-4.1260421276e-02
1.8837496042e+00
-2.9000227451e+00
6.9300693274e-01
-7.8814983368e-01
9.1870993376e-01
3.9677032828e-01
-2.5316190720e+00
-1.2833470106e-01
5.2158260345e-01
-9.1301733255e-01
1.7710478604e-01
5.9845691919e-01
-9.1670864820e-01
-3.3719100058e-02
-1.1995497942e+00
-1.4338226318e+00
-6.8406236172e-01
-3.9859673381e-01
-5.8808165789e-01
-6.2720996141e-01
-7.2920644283e-01
-7.7688384056e-01
-1.6416199505e-01
-1.1593953371e+00
-5.5807417631e-01
-6.8608152866e-01
-6.2952935696e-01
-7.0179110765e-01
-9.8316287994e-01
-1.1212729216e+00
-4.1706278920e-01
-3.1613412499e-01
-6.9495987892e-01
-1.0829186440e+00
-1.5408985317e-01
-2.5700299740e+00
-6.5867280960e-01
5.4814344645e-01
6.7464940250e-02
6.6820666194e-02
1.2266867161e+00
-4.5084121823e-01
3.6532786489e-01
-1.5934263468e+00
6.4790385962e-01
-1.4096763134e+00
3.0117008090e-01
1.9280254841e-01
6.4240582287e-02
-3.3467938900e+00
5.1975607872e-01
5.9844881296e-01
-5.9044539928e-01
3.6779069901e-01
-1.2338294983e+00
-6.4257693291e-01
-7.7861011028e-01
-1.1204984188e+00
-5.5832284689e-01
-1.3960456848e+00
4.8328176141e-01
-1.0351701975e+00
-4.7030058503e-01
-4.7254097462e-01
-1.2173544168e+00
-6.3541448116e-01
-3.7314760685e-01
-3.0294641852e-01
-5.4731905460e-01
-6.5618652105e-01
-7.5667834282e-01
-1.3052324951e-01
-1.5494195223e+00
-1.1594737768e+00
-3.8719186187e-01
-2.3703408241e+00
5.4457735270e-02
8.9614248276e-01
5.2247226238e-01
-1.1314294301e-02
-4.5067319274e-01
3.6219152808e-01
-2.2791409865e-02
-2.9765501618e-01
-4.3974695206e+00
-8.0287575722e-01
4.9092578888e-01
6.4458298683e-01
-6.0538369417e-01
-1.2238953114e+00
3.3544579148e-01
-1.4655143023e-01
-4.3832373619e-01
-1.7853450775e+00
-9.9273478985e-01
-1.1385482550e+00
-5.9506112337e-01
-2.0115263462e+00
-9.9810665846e-01
-1.2974609137e+00
2.1657641232e-01
-1.2414820194e+00
-2.8791853786e-01
-2.8994524479e-01
-1.0767886639e+00
-1.7621922493e-01
-8.3607241511e-02
-1.0878945589e+00
-9.3492406607e-01
-9.7246450186e-01
-1.1319082975e+00
-7.9045373201e-01
-1.9085049629e+00
-1.3988393545e+00
-3.6244210601e-01
-1.1015305519e+00
1.2345391512e+00
-8.6959266663e-01
-1.6782765090e-01
-9.6138912439e-01
7.9582792521e-01
-2.9697093368e-01
1.1628378630e+00
-4.0678825229e-02
4.5999687910e-01
3.1978371739e-01
1.1169519424e+00
-2.1776439250e-01
-5.0212168694e-01
-2.4608267844e-01
-7.7295029163e-01
8.0009567738e-01
-8.4570330381e-01
-5.6781083345e-01
-6.2549078465e-01
-1.0199288130e+00
4.4054001570e-01
-6.9867247343e-01
-4.5352441072e-01
-6.0179561377e-01
1.1072802544e+00
-5.2482545376e-01
1.6680318117e+00
4.3004271388e-01
6.8779700994e-01
7.7321594954e-01
1.7711007595e-01
-1.6004805565e+00
-6.0163873434e-01
-1.7303042114e-02
-7.0270109177e-01
-4.0515908599e-01
-9.7802263498e-01
2.2630438209e-01
4.7811739147e-02
-8.9540737867e-01
-2.8605720028e-02
7.2745567560e-01
1.4681497216e-01
1.3001777232e-01
-4.9072381854e-01
-2.8331574798e-01
7.6089113951e-01
-7.5234234333e-01
-1.1165077984e-01
-2.0203845501e+00
-6.9451546669e-01
-2.0374315977e-01
1.7317003012e-01
-1.1668552458e-01
1.5814986825e-01
-3.2297072411e+00
-2.6095135212e+00
-7.9288989305e-01
-2.7581131458e-01
2.1951875091e-01
1.3973738253e-01
6.2627941370e-01
-3.3422449231e-01
7.9901531339e-02
1.7500356436e+00
8.4303077310e-03
5.7419800758e-01
-4.6539947391e-01
-1.1710199118e+00
-7.8398096561e-01
-4.5513316989e-01
3.1644436717e-01
4.1262604296e-02
1.3826441765e-01
1.3295684755e-01
-3.9093091488e+00
-9.5139843225e-01
-7.2064721584e-01
-9.8738831282e-01
-9.2782193422e-01
1.1609007120e+00
-1.2879715860e-01
-1.2276844978e+00
-1.0315262079e+00
9.5227068663e-01
4.3037116528e-01
3.9092865586e-01
3.9579129219e-01
7.2374325991e-01
6.1338114738e-01
3.1924328208e-01
-1.7551325262e-01
-9.4491416216e-01
-3.1442463398e-01
-7.8919804096e-01
7.5471216440e-01
-1.2335109711e+00
3.1897479296e-01
-9.8275977373e-01
-6.2884426117e-01
1.4947494864e-01
1.9022131339e-02
1.1560726911e-01
-5.0962710381e-01
2.2098924220e-01
6.1816084385e-01
-3.6406750679e+00
-6.8846434355e-01
-1.0400828123e+00
-7.0557898283e-01
4.5161625743e-01
9.7633385658e-01
-3.1723465919e+00
1.7993815243e-01
3.1311929226e-01
5.1050204039e-01
-2.5787964463e-02
-2.3961145878e+00
-3.0685150623e-01
-1.0627070665e+00
-9.3773365021e-02
6.4713823795e-01
2.2094002366e-01
-1.6326360404e-01
-7.6545409858e-02
3.3384144306e-01
3.3298265934e-01
-1.5051305294e+00
-5.3026344627e-02
7.8417527676e-01
4.1911184788e-01
8.4798312187e-01
-1.8507584929e-01
-4.7318444252e+00
5.1065742970e-01
-1.2989467382e+00
-1.9207448959e+00
2.5172597170e-01
-7.5831258297e-01
-1.2088933587e-01
-6.5810424089e-01
-2.9010534286e-01
-1.0554269552e+00
-1.1901457310e+00
3.7746965885e-01
-1.0368995667e+00
-5.9042745829e-01
4.4092619419e-01
-1.5146476030e+00
4.3267101049e-01
-6.2320065498e-01
6.9255715609e-01
7.1685767174e-01
-7.9163533449e-01
-1.0905077457e+00
-4.6782535315e-01
-1.7822387218e+00
-1.0888690948e+00
-9.2538231611e-01
-3.1562334299e-01
-3.0022045970e-01
-6.9618630409e-01
-3.9234831929e-01
-1.6669063568e+00
1.8398708105e-01
-4.4687509537e-01
-1.1293759346e+00
-7.9818552732e-01
-1.8717843294e+00
6.1806601286e-01
-3.4012061357e-01
2.0688853264e+00
4.4499331713e-01
1.1247620732e-01
-5.3071999550e-01
5.5701658130e-02
-4.4624397159e-01
-1.7876348495e+00
-3.2126423717e-01
8.5790401697e-01
3.5854437947e-01
8.8057601452e-01
8.1119430065e-01
-5.9669601917e-01
-5.1752835512e-01
6.3063070178e-02
5.8660823107e-01
-5.6162601709e-01
-4.3690910339e+00
2.5144591928e-01
-1.1358097196e-01
1.0422790051e+00
3.9834764600e-01
-7.8064060211e-01
1.5750694275e-01
-1.7591384649e+00
-3.2050151378e-02
-8.7939965725e-01
-4.4760340452e-01
-3.4698612690e+00
6.9792807102e-01
5.0590223074e-01
7.6245683432e-01
-2.4056641757e-01
-5.3644222021e-01
3.7324267626e-01
-9.6747420728e-02
-1.8811098337e+00
-2.9644708633e+00
2.8350302577e-01
7.0909750462e-01
1.1088503599e+00
-7.6231813431e-01
-2.5885572433e+00
6.0030251741e-01
-1.5434026718e-01
-1.2055683881e-02
-1.1716116667e+00
-2.1175496280e-01
2.5671282783e-02
-2.5765946507e-01
1.6793535650e-01
4.1214279830e-02
-1.5664575994e-01
3.6116823554e-01
-9.4648569822e-01
2.0787864923e-02
-8.4521234035e-02
-1.6277836561e+00
3.6942639947e-01
-3.2496306300e-01
-3.1173992157e-01
-1.1334848404e-01
-5.3960114717e-01
-3.0970755219e-01
-1.7135750055e+00
-1.6110860109e+00
-4.9833792448e-01
-1.7562419176e-01
2.2525076568e-01
1.0965920985e-01
-2.4732761085e-01
3.7200593948e-01
-3.6301878095e-01
-6.6291511059e-01
2.1931511164e-01
1.8897069991e-01
2.5442746282e-01
2.9568323493e-01
3.2759654522e-01
-8.4630578756e-01
-5.2480572462e-01
-8.9948743582e-02
-1.7203977704e-01
5.3083366156e-01
-1.5790756941e+00
-1.8056383133e+00
-2.2403370589e-02
-3.7730830908e-01
-1.0536460876e+00
-3.8352677226e-01
4.3399235606e-01
9.0564690530e-02
-3.1182235479e-01
4.9883574247e-01
-3.2348030806e-01
-3.2019647956e-01
3.3214139938e-01
-9.2107623816e-01
2.2935511172e-01
-2.3700937629e-01
-1.4437766373e-01
5.3222596645e-01
-5.0206452608e-01
7.9815191031e-01
-1.1609941721e+00
-9.1694343090e-01
-4.3869477510e-01
-4.2395380139e-01
-1.3464750051e+00
5.0894522667e-01
-4.2376971245e-01
-4.2068392038e-01
-2.3397256434e-01
-1.2896731496e-01
3.8798055053e-01
5.4226809740e-01
-3.1424435973e-01
-5.2504265308e-01
9.2024967074e-02
-2.0519712567e-01
-4.5313239098e-01
-1.0380861759e+00
-1.0327837467e+00
2.7630139142e-02
-4.4401839375e-01
-8.5176849365e-01
-1.3053227663e+00
-9.7378033400e-01
-1.1451681852e+00
1.6188330948e-01
-9.2655128241e-01
-1.1539238691e+00
1.3819772005e-01
-5.6407862902e-01
3.5358831286e-01
1.4491569996e-01
1.5855914354e-01
-1.1653103828e+00
-4.9392536283e-01
-4.5950680971e-01
-9.9640733004e-01
-7.7873367071e-01
-1.0821933746e+00
-2.9634049535e-01
3.8573133945e-01
-2.0115587711e+00
-1.4981449842e+00
-6.2901604176e-01
-1.2971404195e-01
1.1185306311e-01
8.4356266260e-01
4.9641466141e-01
-8.4109753370e-03
8.2451885939e-01
2.7185064554e-01
-2.2890469059e-02
-5.7388728857e-01
-1.6920372248e+00
-1.8405116796e+00
2.6303982735e-01
7.2353392839e-01
-4.8414287567e+00
2.0516023040e-01
3.0620232224e-01
2.1732067689e-02
-2.4207315445e+00
8.9592474699e-01
-7.7105832100e-01
-6.4211297035e-01
5.4128021002e-01
-1.3106811047e+00
-5.9867906570e-01
-1.7405781895e-02
-5.2321743965e-01
-4.7696635127e-02
-1.5481598675e-02
-4.0816858411e-01
-5.8147448301e-01
-1.0049536228e+00
1.8971255422e-01
-1.2275649309e+00
-1.1119058132e+00
-4.0308618546e-01
-8.3238494396e-01
2.6986548305e-01
-1.4865081310e+00
-8.3640450239e-01
-1.3805669546e+00
3.9281252772e-02
6.7283487320e-01
-1.4812386036e+00
6.2735855579e-01
-4.8525622487e-01
8.8121181726e-01
4.0961843729e-01
-5.7167440653e-01
3.2780745625e-01
-1.6764215231e+00
-9.2056769133e-01
5.7094287127e-02
-1.5629810095e-01
-1.1921373606e+00
3.5860630870e-01
-1.1948362589e+00
5.4856032133e-01
-5.5732637644e-01
-5.9962779284e-01
-8.4718620777e-01
-3.8281685114e-01
-1.3508230448e-01
-6.3076311350e-01
9.5736819506e-01
-1.0680580139e+00
4.5786994696e-01
-3.3913266659e-01
-7.7986603975e-01
-5.5317384005e-01
-1.3893901110e+00
7.8056603670e-01
1.7064018548e-01
1.9204770029e-01
-2.8132904321e-02
-1.0624199361e-01
-1.2524591684e+00
-4.3442398310e-02
-1.0547266006e+00
-7.0053398609e-01
-7.7444279194e-01
-5.1980131865e-01
-1.3111649454e-01
-4.7969865799e-01
9.0960049629e-01
-1.3602899387e-02
2.0379224420e-01
6.7009425163e-01
-1.0961170197e+00
-5.6466346979e-01
-1.3114150763e+00
8.3900344372e-01
1.4086481929e-01
-1.0212731361e-01
-8.7981921434e-01
5.0533242524e-02
-6.8441551924e-01
6.7341081798e-02
-6.2592136860e-01
-1.1163014174e+00
-1.0446083546e+00
-9.6906298399e-01
-4.1632276773e-01
-8.5025173426e-01
1.3702365160e+00
-4.6689549088e-01
3.2809928060e-01
-5.0121420622e-01
-9.3286865950e-01
-8.4200280905e-01
-1.3406652212e+00
6.1328625679e-01
-4.7821965814e-01
-1.9400438666e-01
-1.0685722828e+00
-4.5114210248e-01
-5.5269950628e-01
-6.5439063311e-01
-3.4126627445e-01
-8.9781779051e-01
-9.2081230879e-01
-2.0548305511e+00
-1.2905604839e+00
-9.3454337120e-01
9.7470110655e-01
-2.3640634120e-01
7.6368296146e-01
6.9291299582e-01
-2.5869575143e-01
3.5808372498e-01
-8.7441343069e-01
-1.3013838232e-01
-8.5139048100e-01
4.7326467931e-02
-8.1155627966e-01
-9.3740147352e-01
-1.1041916609e+00
3.6275839806e-01
-2.4829414487e-01
-1.4192149639e+00
-6.6576510668e-01
-6.4079040289e-01
4.7758102417e-02
-3.8072952628e-01
8.3506101370e-01
-3.4189221263e-01
5.4595631361e-01
-7.2543793917e-01
-2.0161171257e-01
-7.2292792797e-01
-1.0902127028e+00
3.6914628744e-01
-4.2416307330e-01
-6.3727360964e-01
-2.9016327858e-01
-2.6002317667e-01
-5.5460089445e-01
-7.4015539885e-01
-7.9673725367e-01
-8.3840972185e-01
-4.3719020486e-01
8.9382700622e-02
-4.6095766127e-02
6.7383944988e-02
2.7325284481e-01
-3.0673938990e-01
-3.2528820634e-01
4.1529399157e-01
-1.6174751520e-01
-2.3802813888e-01
1.1138945818e-01
1.1159983873e+00
3.3945426345e-01
5.8868390322e-01
-3.6869158745e+00
6.1911549419e-02
2.3143686354e-01
8.5396558046e-02
-1.4235533476e+00
-1.4053568244e-01
-6.0791981220e-01
1.9086891413e-01
3.3022344112e-01
-2.1716401577e+00
7.7419054508e-01
-1.5838418007e+00
-6.9495308399e-01
-1.3770905323e-02
-1.6191724539e+00
-1.2446031570e+00
-2.8769590855e+00
1.0692907125e-01
3.5373088717e-01
4.8447957635e-01
8.1954783201e-01
3.4438592196e-01
-2.3565644026e-01
1.5602858365e-01
2.2870011628e-01
-3.0765160918e-01
-8.3614283800e-01
3.8238438964e-01
-2.8726741672e-02
-5.7584767342e+00
4.8700478673e-01
-1.1680375338e+00
-1.2305988073e+00
3.3872228861e-01
-1.6843940020e+00
-2.4483573437e-01
-2.7983233929e+00
-2.8292092681e-01
3.6494565010e-01
9.0417236090e-01
5.7290208340e-01
2.0759007335e-01
-1.2696336024e-02
2.5405097008e-01
5.1448738575e-01
-2.4620398879e-01
-2.8941148520e-01
1.7047177255e-01
-9.5039457083e-01
6.4398378134e-01
8.0976784229e-01
-9.7257941961e-01
8.6775101721e-02
-1.2474633455e+00
-1.3221658468e+00
-5.8911925554e-01
-8.1263172626e-01
-3.2660022378e-01
-7.4452507496e-01
1.1259104013e+00
2.9725965858e-01
-2.3933975399e-01
-4.3469551206e-01
-1.0476431847e+00
5.1072490215e-01
-1.9420279562e-01
1.2990942597e-01
-5.3295874596e-01
-4.1128918529e-01
-1.1610487700e+00
5.0980132818e-01
-8.9090919495e-01
1.3397951424e-01
-6.3255232573e-01
-7.5633150339e-01
2.8465518355e-01
4.0269650519e-02
-9.2775538564e-02
-2.1677786112e-01
1.1424692720e-01
-3.0245006084e-01
2.0055085421e-01
-4.8078262806e-01
-3.7157049775e-01
-3.8274613023e-01
3.7499524653e-02
-7.3732882738e-02
-3.5757738352e-01
-2.3770730197e-01
4.9901551008e-01
5.3531765938e-01
-1.9795247912e-01
8.1660431623e-01
-2.7477994561e-01
2.0082823932e-01
-2.8070437908e-01
5.8949202299e-01
3.3726090193e-01
-4.4746893644e-01
5.0611877441e-01
-6.6185486317e-01
2.3514370620e-01
-3.7600395083e-01
-2.4037903547e-01
-1.0043213516e-01
-7.8388404846e-01
-3.0767354965e+00
1.0700494051e+00
3.8764920831e-01
-6.5496128798e-01
5.9814727306e-01
-1.8000929356e+00
-3.7036294937e+00
9.2588543892e-01
-3.2662487030e-01
-1.0528584719e+00
-1.8560823202e+00
-5.1956620216e+00
4.4294902682e-01
-2.5149667263e-01
-1.3102637529e+00
6.4323914051e-01
-9.8502641916e-01
9.8708176613e-01
-3.2038033009e+00
2.5995278358e-01
-5.5857080221e-01
-1.4222253561e+00
-3.0194506049e-01
1.4727763832e-01
9.1789640486e-02
-6.6742527485e-01
-3.8473495841e-01
-5.3763067722e-01
-3.5295733809e-01
-1.1896718740e+00
6.2746256590e-01
-2.3671065271e-01
-4.4503179193e-01
3.5774868727e-01
-1.0477048159e+00
-9.9526065588e-01
-4.1973045468e-01
-2.6789864898e-01
1.0323014110e-01
-1.6535546780e+00
-3.3089634776e-01
-6.5424144268e-01
4.9026620388e-01
-1.8786828518e+00
-5.4199910164e-01
-6.9966033101e-02
-5.6843239069e-01
1.2718896568e-01
-3.2697612047e-01
-1.9131247699e-01
1.3176233768e+00
6.5992736816e-01
-4.4248393178e-01
-2.8561142087e-01
-8.2656067610e-01
-1.3269147277e-01
-1.1863956451e+00
5.8529639244e-01
-4.0828403831e-01
-6.8373429775e-01
-5.6559520960e-01
-1.5310919285e+00
-1.0101113319e+00
-8.8613092899e-01
-1.2434430122e+00
-3.9083257318e-01
-1.2606229782e+00
6.7775346339e-02
-5.7307976484e-01
-1.4577013254e+00
6.3660401106e-01
-9.3447941542e-01
-5.9139329195e-01
-6.0051226616e-01
-2.4538695812e+00
-1.3686212301e+00
-1.1052227020e+00
3.4910985827e-01
-3.3605846763e-01
-9.2529308796e-01
-2.5928810239e-01
-4.7960689664e-01
-3.2944756746e-01
-8.0458003283e-01
-6.4785164595e-01
-6.6230922937e-02
-3.0424475670e-01
-3.4999209642e-01
-5.1258575916e-01
-2.4894946814e-01
7.0495212078e-01
-5.2943661809e-02
-6.4883702993e-01
-1.0039237738e+00
-9.7488951683e-01
-5.5398005247e-01
-1.2054334879e+00
-4.0549959987e-02
1.4510484040e-01
-5.2830779552e-01
-8.4352129698e-01
-5.4155051708e-01
-1.0170857906e+00
-4.3263939023e-01
-9.1846698523e-01
-8.8907158375e-01
-7.3549669981e-01
-1.2281814814e+00
-5.1195554435e-02
-6.7001765966e-01
1.1770660877e+00
3.1555938721e-01
-1.9797048569e+00
-4.7170987725e-01
-1.0931140184e+00
-1.4894645214e+00
-1.2430685759e+00
-1.7720632553e+00
1.7048999667e-01
-3.5623782873e-01
-2.3121106625e-01
-1.9692184031e-01
1.0187340975e+00
3.5262539983e-01
3.8361653686e-02
3.6872896552e-01
3.5175594687e-01
-3.1429624557e-01
1.5385314822e-01
7.0903457701e-02
-5.1523361355e-02
1.2204002589e-01
4.6343326569e-01
-1.1873439550e+00
3.7870219350e-01
-1.0792223364e-01
-2.1002454758e+00
-5.0255221128e-01
-5.4429221153e-01
-2.8145116568e-01
-9.6260660887e-01
3.2950144261e-02
-3.5872828960e-01
-5.4915875196e-01
-7.4664312601e-01
-1.4001836777e+00
-4.0634602308e-01
-8.1262511015e-01
-1.4462259412e-01
-3.3215746284e-02
-9.2836582661e-01
5.8313930035e-01
-1.1665816307e+00
5.1823168993e-01
-1.4784046412e+00
-8.3090430498e-01
-9.9980205297e-01
-1.0166854858e+00
-8.0855971575e-01
5.0859791040e-01
-9.2776906490e-01
1.4661313593e-01
4.3168447912e-02
3.4476805478e-02
-4.4524627924e-01
-2.6890845038e-03
-3.0820536613e-01
-3.4957224131e-01
7.7894067764e-01
-4.0603876114e-01
-7.4883705378e-01
6.2634140253e-01
-4.1863101721e-01
-4.4960364699e-01
-1.1930078268e+00
-1.7985896766e-01
-1.3715173304e-01
1.8980883062e-02
-7.7372616529e-01
-1.3505026698e-01
-1.6710338593e+00
5.9900674969e-02
-3.5714265704e-01
1.2164988369e-01
-6.8249887228e-01
-1.0210299492e+00
-3.9979144931e-01
4.7194927931e-02
2.0764466375e-02
5.9621248394e-02
-1.5064592361e+00
6.3299989700e-01
-3.2466426492e-01
2.7137047052e-01
-1.2463499308e+00
-2.0867790282e-01
-3.8884684443e-01
-8.6607232690e-02
-1.0946693420e+00
-1.3997806609e-01
-1.1842211485e+00
3.7414047122e-01
4.2096790671e-01
-2.0000636578e+00
4.2128843069e-01
-4.3096509576e-01
7.2602230310e-01
-3.6186772585e-01
7.4397444725e-01
-9.4965159893e-01
1.2413091660e+00
9.7627937794e-01
2.4185486138e-01
-1.5145802498e+00
-4.3688011169e+00
2.4434308708e-01
-5.0428462029e+00
7.6274204254e-01
-8.3201110363e-02
4.8611861467e-01
-3.0159044266e-01
2.9023137176e-04
-6.7955708504e-01
-1.4443261623e+00
-1.2496631145e+00
-7.9664927721e-01
-3.0249091983e-01
7.1650570631e-01
-1.2956231833e+00
-5.4749834538e-01
7.1118181944e-01
-8.5780519247e-01
-5.3894859552e-01
-8.5511243343e-01
-1.2496392727e+00
-2.3081153631e-01
-1.2203139067e+00
-1.4407871962e+00
-2.9526504874e-01
-1.3121192455e+00
-8.6497849226e-01
-2.5586599112e-01
-4.1663819551e-01
-5.5598658323e-01
-1.2483953238e+00
9.9173091352e-02
-1.1150352955e+00
-8.4665775299e-01
-1.5794839859e+00
2.5740197301e-01
-2.0753951073e+00
-6.3177019358e-01
-3.0028536916e-01
3.6075213552e-01
-1.3708570004e+00
-3.7341383100e-01
3.4573324956e-03
4.1026329994e-01
8.9721697569e-01
-7.2719258070e-01
-6.1132729053e-01
1.6938714683e-01
4.2199623585e-01
-6.5822207928e-01
3.4856355190e-01
-9.2607712746e-01
7.8809666634e-01
-1.8858162165e+00
6.1890941858e-01
-2.3343102932e+00
1.0110996962e+00
1.8801500797e+00
3.8314968348e-01
-3.6810846329e+00
-1.4168871641e+00
-1.6554450616e-02
-4.9181404114e+00
7.0335054398e-01
3.6397990584e-01
3.5362687707e-01
-4.6889173985e-01
1.1044310778e-01
3.2191267610e-01
-3.6352357268e-01
1.4926967025e-01
-9.2042934895e-01
7.7314388752e-01
-2.5578684807e+00
4.8209223151e-01
-1.7153849602e+00
9.7192782164e-01
7.7522200346e-01
5.2871710062e-01
-3.2187080383e+00
-1.5550600290e+00
2.5802952051e-01
-4.4084386826e+00
7.8379601240e-01
1.4059897661e+00
9.6379503608e-02
-9.5905399323e-01
-1.6512961686e-01
-3.1335222721e-01
3.7339118123e-01
-1.2854162455e+00
-1.4647005498e-01
-9.7968000174e-01
-1.0191117525e+00
-5.3127342463e-01
-8.7357886136e-02
-3.1878745556e-01
-3.5864135623e-01
-4.9426171184e-01
3.9162415266e-01
-9.3729242682e-02
-6.9142043591e-01
1.7241466045e-01
5.5581235886e-01
-1.7029308081e+00
-5.4377412796e-01
-1.0431649685e+00
-4.8484373093e-01
-3.6453011632e-01
2.2583818436e-01
-1.1264346838e+00
8.9545510709e-02
-1.1631540060e+00
2.7716025710e-01
-2.7842581272e-01
-4.3869030476e-01
-6.3831281662e-01
8.9306110144e-01
-2.9235202074e-01
2.5956507307e-03
-7.9962134361e-01
-3.6455187201e-01
-1.4593370259e-01
7.0629024506e-01
-1.5085479021e+00
-5.8710449934e-01
-1.0561572313e+00
-7.3926579952e-01
-8.1899189949e-01
-2.7440768480e-01
-1.2102717161e+00
-3.2386401296e-01
-9.7859579325e-01
2.0102068782e-01
-9.4306707382e-01
-7.7438986301e-01
-4.9306404591e-01
-3.2081744075e-01
-6.9762367010e-01
2.0000754297e-01
-1.3180922270e+00
-4.8264878988e-01
-2.8557831049e-01
6.4060598612e-01
4.1628956795e-02
-5.2957028151e-01
-8.9342498779e-01
2.9463410378e-01
1.0633139610e+00
-6.6363149881e-01
-6.8414971232e-02
-6.0726348311e-02
5.0584852695e-01
-5.9143595695e+00
1.0082453489e+00
-5.8911430836e-01
6.1715513468e-01
1.1947572231e-01
8.9591813087e-01
-3.0594995022e+00
-1.4373229742e+00
3.9669173956e-01
-1.7948595285e+00
1.4450072050e+00
6.2476474047e-01
1.5819154680e-01
-5.2912747860e-01
-5.4893612862e-01
-1.5795447826e+00
9.2399138212e-01
1.9359861314e-01
-2.2847519815e-01
-8.8026493788e-01
4.1550180316e-01
-2.5945720673e+00
-2.4223619699e-01
-6.0391718149e-01
2.8908506036e-01
-1.2354660034e+00
7.6878637075e-01
-6.2595123053e-01
-5.4942411184e-01
9.1457796097e-01
-1.3654060662e-01
-3.0493897200e-01
-2.2265049815e-01
-3.9370858669e-01
-6.3279248774e-02
2.9682749510e-01
7.1473723650e-01
-1.2350965291e-02
2.8603681922e-01
-2.1235334873e-01
3.1777331233e-01
-1.1919201612e+00
-9.5012158155e-02
-1.0416507721e+00
-2.9935654998e-01
7.3066413403e-02
1.6115200520e+00
-1.3453518152e+00
-4.0646161884e-02
-2.7863064408e-01
-1.7716217041e+00
-4.7148025036e-01
-6.9880372286e-01
-1.6151425242e-01
-4.7162070870e-01
-4.6748620272e-01
2.1661726758e-02
3.7711177021e-02
-6.8085646629e-01
-4.1022521257e-01
4.7346562147e-01
-1.0046747923e+00
-1.1533976793e+00
-6.4582890272e-01
4.9918192625e-01
-6.8789415061e-02
8.3342683315e-01
4.5308691263e-01
-6.4661747217e-01
-5.4785650969e-01
1.9125308096e-01
-3.8748833537e-01
-5.7718474418e-02
-7.5760799646e-01
1.6836319864e-01
1.5709955692e+00
-2.9249194264e-01
2.4603433907e-01
3.5772904754e-01
6.6184610128e-01
-6.1702380180e+00
1.1134231091e+00
-1.3799687624e+00
4.9457988143e-01
3.8453397155e-01
9.1919583082e-01
-1.5390312672e+00
-2.8336334229e-01
3.1477260590e-01
-7.9977422953e-01
-9.6269792318e-01
7.5677083805e-03
-1.3634227216e-01
-3.2039016485e-02
-4.2826744914e-01
-2.2274011374e-01
4.6258515120e-01
-3.5823482275e-01
-6.9945162535e-01
-1.4294153452e-01
-8.0111426115e-01
-6.6440725327e-01
1.0540993512e-01
3.3163778484e-02
-9.2479175329e-01
8.6679667234e-02
4.5976072550e-01
3.2619804144e-01
-1.1173150539e+00
-1.1523671150e+00
-1.1831773520e+00
-1.6429181397e-01
2.1604405344e-01
-9.5059734583e-01
1.4713968337e-01
5.7945287228e-01
2.6800686494e-02
3.4198448062e-01
6.9111245871e-01
4.1146668792e-01
-4.3793144226e+00
9.6801400185e-01
1.9677631557e-01
3.8496553898e-01
1.9568830729e-01
7.6481056213e-01
4.1085341573e-01
-6.3279813528e-01
2.3335374892e-01
-6.9811511040e-01
-1.5885601044e+00
8.7299787998e-01
2.6849592105e-02
-7.6084405184e-01
-3.2914349437e-01
-1.8479110003e+00
-1.2651224136e+00
-7.5127434731e-01
-8.9100712538e-01
-7.6738727093e-01
-5.4844415188e-01
-1.4546827078e+00
-7.6568120718e-01
-3.8161221147e-01
-1.6780941188e-01
-9.3960064650e-01
1.0584964603e-01
-6.8351429701e-01
-7.1155607700e-01
-1.0772620440e+00
-1.2237815857e+00
1.6446286440e-01
-5.9291251004e-02
-6.1694431305e-01
-1.5704402700e-02
-1.4008049965e+00
4.2026361823e-01
5.1240283996e-02
-7.9878526926e-01
9.1030514240e-01
-8.7422108650e-01
-6.2281000614e-01
4.0921354294e-01
7.2316765785e-01
-3.3595114946e-01
-5.4060131311e-02
4.1501855850e-01
-8.0441242456e-01
-6.9845592976e-01
-7.1698659658e-01
-8.9353144169e-01
8.9282047749e-01
3.7138822675e-01
-6.6917711496e-01
-5.5562061071e-01
-1.7207440138e+00
2.0087684691e-01
-3.5917084664e-02
-3.3365124464e-01
4.6931684017e-01
-5.9145593643e-01
-6.4470452070e-01
-2.1490523592e-02
-3.8003984094e-01
4.9120759964e-01
-1.4905838668e-01
3.4334406257e-02
5.4333782196e-01
-8.9406830072e-01
-7.3659859598e-02
-7.0365524292e-01
4.5919135213e-01
2.0849411190e-01
-1.3469264507e+00
-4.8469975591e-01
-2.8124160767e+00
-1.9569052756e-01
1.0208699852e-01
-7.4000495672e-01
1.2564408779e+00
1.2860469520e-01
-8.0026960373e-01
5.6546185166e-02
-1.2535613775e-01
3.7905833125e-01
9.6776053309e-02
5.8343911171e-01
-5.5542069674e-01
-1.2082827091e+00
-1.2371926010e-01
-1.5388205051e+00
1.5249944925e+00
-2.1666312218e-01
-5.3532594442e-01
1.6912789643e-01
-1.4346109331e-01
4.0034952760e-01
3.6915645003e-01
-1.5283335745e-01
7.4895811081e-01
-2.7607226372e-01
1.0904088020e+00
-2.2373037338e+00
8.1248736382e-01
1.8182951212e-01
8.7107127905e-01
-8.3569779992e-02
-2.1264354885e-01
1.2964241207e-01
-4.5586931705e-01
-5.3808846474e+00
4.3262970448e-01
4.5817759819e-03
-9.1491156816e-01
-9.4578701258e-01
-1.3810472488e+00
-6.5862888098e-01
-1.3179328442e+00
-8.0495381355e-01
-1.1297526360e+00
9.0228833258e-02
-1.1865642071e+00
-8.1973922253e-01
-7.5270849466e-01
-2.6306018233e-01
-7.1595090628e-01
-6.1882454157e-01
-1.0138933659e+00
-1.3417041302e+00
-9.3401533365e-01
6.9465585053e-02
-6.8692564964e-01
-8.8371330500e-01
-1.5621036291e-01
3.6886072159e-01
-1.5737056732e-01
4.8342710733e-01
-4.0628921986e-01
-8.3193892241e-01
-2.4672362804e+00
-1.9614084065e-01
-7.3611223698e-01
-1.5385105610e+00
-1.7874995470e+00
-2.0084795952e+00
-2.7627036572e+00
3.5854390264e-01
5.3403466940e-01
-2.5730982423e-01
7.0789891481e-01
4.2278024554e-01
3.0558907986e-01
7.4368841946e-02
-4.6407026052e-01
3.5587984324e-01
-3.1743509769e+00
1.6798955202e-01
3.8600376248e-01
1.5333376825e-01
1.0862684250e+00
-5.6696450710e-01
3.4048044682e-01
-3.7865871191e-01
3.3687758446e-01
1.4098826051e-01
9.0362060070e-01
2.9143434763e-01
-1.8658477068e-01
6.5274429321e-01
9.0898603201e-02
-6.7227325439e+00
5.8196634054e-01
2.9385015368e-01
-9.7806745768e-01
3.3371379972e-01
-6.8724761009e+00
4.5785039663e-01
1.0742985010e+00
-6.8852555752e-01
1.4956014156e+00
-2.4203076959e-01
-5.6531524658e-01
-1.6570686102e+00
8.6653470993e-01
1.4805116653e+00
1.8321175575e+00
3.2552716136e-01
-5.0867009163e-01
2.6126730442e-01
-5.1742559671e-01
-3.6470520496e+00
6.6082298756e-01
1.8018428981e-01
-1.0675588250e-01
-7.3727101088e-02
-7.0885157585e-01
6.4385676384e-01
-1.0973391533e+00
-2.2771897316e+00
-3.3938834667e+00
-3.0804252625e-01
-7.8946185112e-01
-1.2234153748e+00
-8.9392775297e-01
1.7065133154e-01
-7.2546023130e-01
3.3207473159e-01
2.8099000454e-01
-1.9256142378e+00
5.5129784346e-01
4.9874591827e-01
1.3144130707e+00
3.8923925161e-01
-9.0760642290e-01
-4.8422026634e-01
-4.1747984290e-01
-8.0592207611e-02
-8.1561851501e-01
-6.7978924513e-01
-1.3865596056e+00
-5.8727127314e-01
-1.3933529854e+00
-1.1880445480e+00
-1.2307002544e+00
-3.7190419436e-01
-9.5739632845e-01
1.1638532579e-01
-6.1076080799e-01
-6.1245626211e-01
-5.2990466356e-01
-6.1234068871e-01
-1.9132198095e+00
-6.7357420921e-01
-5.0777238607e-01
4.0888455510e-01
-7.1644892693e+00
5.4293078184e-01
1.3429816961e+00
-1.4003658295e+00
1.0645189285e+00
-2.8647133708e-01
-3.8695845604e+00
-5.7239562273e-01
3.1785428524e-01
-1.2619219720e-01
-5.3054219484e-01
4.8948618770e-01
3.4577552229e-02
7.1403610706e-01
1.4746330678e-01
8.2098472118e-01
8.8428109884e-01
2.1098874509e-01
-8.3966606855e-01
-2.8669500351e-01
6.1492365599e-01
5.3938633204e-01
-4.3798580766e-01
-8.5754841566e-02
-3.1834724545e-01
-5.9623569250e-01
-1.9227720797e-01
-3.4183239937e-01
2.7649754286e-01
-4.8373386264e-01
-5.6321042776e-01
-5.9386420250e-01
-3.0993291736e-01
2.5203600526e-01
-4.9735444784e-01
-4.0489137173e-01
-1.2889262438e+00
-1.7759154737e-01
-8.9964085817e-01
1.0604453087e-01
-5.6378710270e-01
6.9680649042e-01
-2.4705979228e-01
-2.1510028839e-01
-5.2281868458e-01
-8.9840126038e-01
-2.1922145784e-01
-2.9021373391e-01
1.5686838329e-01
-4.2449867725e-01
-1.0974333286e+00
2.9262247682e-01
-3.1557428837e-01
1.7889842391e-02
-5.7946735620e-01
-5.5653530359e-01
1.1369924545e+00
-3.5805475712e-01
-4.4255381823e-01
-7.0326603949e-02
-1.8351952732e-01
8.5641884804e-01
4.7366794199e-02
2.8280541301e-01
1.3472264633e-02
-5.9502756596e-01
7.4937470257e-02
9.4383485615e-02
4.5858368278e-01
-3.3319616318e-01
-2.6104086637e-01
-1.7815688252e-01
1.4605370164e-01
1.8824836612e-01
-7.3694801331e-01
-7.2520023584e-01
-4.2938667536e-01
-4.9439255148e-02
6.1277028173e-02
-4.3724954128e-01
1.2593977153e-01
-4.2517557740e-01
-2.5122504234e+00
-6.6912722588e-01
-6.6084080935e-01
-4.9641016126e-01
-1.4714157581e-01
-2.5652160645e+00
-7.0655412972e-02
-2.4001827240e+00
-6.4661753178e-01
2.3181197047e-01
5.7277244329e-01
-1.0435911417e+00
6.8312138319e-01
-4.9771708250e-01
-4.6314194798e-01
3.6280345172e-02
-1.7583850026e-01
-4.8562014103e-01
-1.0014023781e+00
-7.7598631382e-01
-9.3602478504e-01
-4.5042030513e-02
-1.1551396847e+00
-3.4237274528e-01
-9.2693513632e-01
-3.7050199509e-01
-4.2790794373e-01
-9.3598264456e-01
-6.9376575947e-01
-1.7503558099e-01
-1.2015292794e-01
-8.1459200382e-01
-3.7025341392e-01
-4.0539658070e-01
-1.5191482008e-01
-6.7860700190e-02
-3.4244826436e-01
-5.2845096588e-01
-1.7790942192e+00
-8.9877218008e-01
-1.7450635433e+00
-4.0743878484e-01
-2.0239999294e+00
-7.6815217733e-01
-1.7873270512e+00
-1.7762474716e-01
-3.0734980106e-01
-9.7403311729e-01
-2.6043148041e+00
1.8216580153e-01
-1.4015877247e-01
-9.4484084845e-01
-6.9163370132e-01
-1.1581799984e+00
2.9673221707e-01
-3.3496975899e-02
-4.7251972556e-01
-4.4154053926e-01
-1.3132324219e+00
-9.2634785175e-01
-1.6599943638e+00
-8.4772276878e-01
-2.2786231041e+00
4.5657050610e-01
-1.1477618217e+00
-5.8487075567e-01
-1.3319774866e+00
-7.9854989052e-01
-1.9172159433e+00
6.0913741589e-01
-5.1928311586e-01
-3.6906269193e-01
-2.6119631529e-01
1.2792265415e-01
-1.1526354551e+00
-1.2172805518e-01
-1.3666778803e-01
-4.0008398890e-01
-4.0932425857e-01
-1.7728834152e+00
-1.2904249430e+00
9.4167299569e-02
-1.6212445498e+00
1.8758516014e-01
-2.7544602752e-01
2.6507124305e-01
2.0897948742e-01
-9.1236300766e-02
-4.6921041608e-01
1.1041028053e-01
2.9006573558e-01
-6.2248218060e-01
-7.1416991949e-01
-5.6940561533e-01
-3.2290303707e-01
2.6254931092e-01
-4.4759222865e-01
1.0866372585e+00
6.3764369488e-01
9.6173423529e-01
4.9781316519e-01
-2.3688929081e+00
-3.4715073109e+00
2.4298189208e-02
4.0497496724e-01
-8.6986452341e-01
-1.8284937143e+00
-1.6357731819e+00
-5.4301934242e+00
5.1893985271e-01
2.1945056319e-01
1.7330471277e+00
-2.3640476167e-01
7.3499917984e-01
-1.1174371839e-01
6.3981449604e-01
-2.2896565497e-01
1.2842025757e+00
2.7119275928e-01
9.1369211674e-01
-6.8601673841e-01
-1.4339036942e+00
-5.0869684219e+00
-3.7901359797e-01
2.7371463180e-01
-8.3381962776e-01
-2.0387198925e+00
-9.4376808405e-01
-3.8364470005e+00
8.6076885462e-02
2.1682465076e-01
1.6659039259e+00
1.9701761007e-01
5.3603523970e-01
-5.9787583351e-01
3.5814839602e-01
-5.9395152330e-01
-3.8871714473e-01
-1.6265711784e+00
-1.0994727612e+00
-1.6306824684e+00
2.4354082346e-01
-1.0514705181e+00
-4.4047784805e-01
-8.0843073130e-01
-1.0063287020e+00
4.2327646166e-02
-3.6292722821e-01
-7.4106520414e-01
-5.2024692297e-01
-8.0169206858e-01
-5.1662009954e-01
-5.8348131180e-01
-2.8926169872e-01
-4.1790506244e-01
-1.0752074420e-01
5.9936690331e-01
-3.6577038765e+00
-1.0017800331e+00
-5.0554251671e+00
-1.4669365883e+00
-5.9682768583e-01
-6.0200279951e-01
-1.1728916168e+00
-1.5128483772e+00
-3.3621416092e+00
-1.2308616638e+00
-2.8051455021e+00
-5.6717741489e-01
-1.4786008000e-01
8.1548678875e-01
-3.5667216778e-01
5.0059127808e-01
-2.4523851275e-01
-2.1468708515e+00
-2.3884758949e+00
-4.0036311746e-01
1.5815695524e+00
7.4644267559e-02
6.3797056675e-01
-3.9613280296e+00
-1.3174501061e-01
-5.5580987930e+00
-4.6916422248e-01
6.7448186874e-01
-2.2045569420e+00
-3.9910275489e-02
-1.5140863657e+00
-1.4175449610e+00
9.0114349127e-01
1.9305805862e-01
4.6501195431e-01
5.2729338408e-01
-9.9746668339e-01
6.7824715376e-01
4.3462330103e-01
-1.8373653293e-01
1.6840274334e+00
-8.9229375124e-02
9.4910144806e-01
-4.9626221657e+00
-1.7337051630e+00
-4.9568481445e+00
-9.6303278208e-01
-5.8335208893e-01
-6.8214976788e-01
4.9767521024e-01
-2.2535855770e+00
-1.1953216791e-01
2.9345428944e-01
4.2739045620e-01
-4.3193972111e-01
1.0602535009e+00
-7.7002845705e-02
-8.0240219831e-01
3.2580015063e-01
-8.4687799215e-01
-6.4417052269e-01
-1.1202836037e+00
2.3417812586e-01
-3.2060089707e-01
1.9544558227e-01
-3.5715678334e-01
-1.2349671125e+00
-6.2418723106e-01
-4.6706700325e-01
9.5411002636e-01
-1.9943103194e-01
-6.0683155060e-01
2.1684418619e-01
-2.0822450519e-01
-1.0239678621e+00
1.0492982715e-01
-1.1334263086e+00
9.1114127636e-01
-1.7919002473e-01
-2.4877408147e-01
1.1956459284e-01
-8.1544756889e-01
-3.9311084151e-01
2.8299456835e-01
-2.3729275167e-01
7.4553686380e-01
-6.1664509773e-01
-2.7537417412e-01
-1.6610239446e-01
8.2283586264e-01
-2.7144137025e-01
1.2255289406e-01
3.6387422681e-01
-1.2801338732e-01
-4.6404066682e-01
-2.6100847125e-01
-5.9271979332e-01
4.6880316734e-01
4.4254505634e-01
-5.2659565210e-01
-5.9573572874e-01
-1.2441276312e+00
-7.9935747385e-01
-9.1323703527e-01
-1.7098648846e-01
-7.2161930799e-01
1.3912700117e-01
-1.0104261637e+00
-7.5528043509e-01
1.1874867231e-01
-5.3341865540e-01
-1.7075538635e-01
-1.1524330080e-01
-2.7255022526e-01
-1.0508373976e+00
7.0556536317e-02
-2.5464880466e-01
-4.8468655348e-01
-3.8754546642e-01
-3.1845759600e-02
-4.9199634790e-01
3.7568632513e-02
-7.6421803236e-01
-1.6108523309e-01
-2.0471604168e-01
-2.5877118111e-01
-4.5883876085e-01
-2.7420899272e-01
-5.3812831640e-01
4.7350734472e-01
-5.1556468010e-01
-6.1869133264e-02
1.3049167395e-01
-2.6746299863e-01
-6.0483467579e-01
1.0935299844e-01
-4.2526274920e-01
3.2770624757e-01
3.4362860024e-02
7.9445701838e-01
-1.6084387302e+00
-8.9389246702e-01
-4.0504832268e+00
-1.3556298614e-01
-6.0924422741e-01
-8.3838671446e-01
-1.0860364437e+00
-9.0777531266e-02
-8.8913637400e-01
-1.9287244081e+00
-3.1051120758e+00
-3.6095750332e-01
-8.1170005798e+00
-6.1162275076e-01
-1.0732049942e+00
-2.0926569402e-01
-3.6633542180e-01
-2.1624839306e+00
-4.5756349564e+00
-1.0041510314e-01
-3.3026313782e-01
-5.2807793021e-02
-1.2883812189e+00
-4.9304279685e-01
2.8788290918e-02
-9.6006047726e-01
-4.7144562006e-02
-1.0181482136e-01
-6.8534731865e-02
-9.0206301212e-01
-3.4971708059e-01
1.8964917958e-01
-4.7476169467e-01
1.8761959672e-01
-6.0170799494e-01
1.5841836110e-02
2.6961252093e-01
9.1726304963e-03
2.6806445792e-02
-1.0336146355e+00
-1.0830397606e+00
-8.1003624201e-01
-2.5777671337e+00
-1.0101734400e+00
-7.8178972006e-01
-1.5186054707e+00
-9.7752642632e-01
-1.6725339890e+00
-6.6592043638e-01
-3.0281260014e+00
-1.5628682375e+00
-7.2381949425e-01
-1.0252013206e+00
-8.1996279955e-01
-1.0055909157e+00
-8.7885284424e-01
-6.0619652271e-01
-2.0330660343e+00
-1.1097327471e+00
1.0769902170e-01
-2.9871153831e+00
-1.2035547197e-01
-3.4827324748e-01
-1.4578777552e+00
-2.4018559456e+00
-3.8145950437e-01
-6.7097902298e-01
-8.5818421841e-01
-1.2667598724e+00
-7.2692739964e-01
-6.5735012293e-01
5.5594998598e-01
1.5062935650e-01
4.0058615804e-01
-5.4497389793e+00
9.4639569521e-01
5.0871539116e-01
-8.2762286067e-02
9.0921413898e-01
-3.8939565420e-02
-4.7562422752e+00
-1.9070702791e-01
-1.4226132631e+00
-8.9659750462e-01
-2.2790548801e+00
-2.5899678469e-01
-5.2461957932e-01
-1.2922934294e+00
-1.6236504316e+00
-9.6824431419e-01
-9.0691030025e-01
8.7424337864e-02
3.6336630583e-01
8.0716025829e-01
-6.7015247345e+00
1.4106429815e+00
5.6424915791e-01
-2.4223384857e+00
3.0157604814e-01
