# Shape: [64, 128, 5]
# Original tensor was reshaped from [64, 128, 5] to 1D array
3.6355894804e-01
2.1333213151e-01
-1.1137870699e-01
-5.7454414666e-02
1.6187351942e-01
-6.7277848721e-02
6.1463338137e-01
4.2432186007e-01
1.2824462727e-02
2.3131918907e-01
3.2464748621e-01
3.2492858171e-01
1.1140085757e-01
2.2575834394e-01
1.7372164130e-01
-4.1603150964e-01
-1.3477879763e-01
5.5828414857e-02
2.3503534496e-01
4.3495014310e-01
4.6199046075e-02
-7.7826471534e-04
-3.5727816820e-01
4.7425678372e-01
-5.6855684519e-01
-2.0284841061e+00
-2.2850096226e+00
-1.0268554837e-01
1.7112048864e+00
-6.7944538593e-01
6.8820267916e-01
-9.3742817640e-01
4.7649821639e-01
-1.0157361627e-02
9.8888175562e-03
-1.6836088896e-01
6.0087475926e-02
1.3396513462e-01
-2.7039420605e-01
-2.8283786960e-03
3.8782700896e-01
-1.0134314299e+00
7.5965863466e-01
6.0178214312e-01
3.7205061316e-01
-3.0343515873e+00
4.1794773936e-01
3.9273324609e-01
6.4202249050e-01
5.2944160998e-02
-3.5130549222e-02
1.5209500492e-01
2.9537379742e-02
1.8053153157e-01
2.7575811744e-01
7.2753947973e-01
1.1158956289e+00
2.0371582508e+00
2.3581616879e+00
2.0711867809e+00
-1.0016409159e+00
-7.2219991684e-01
-6.4355611801e-01
7.5357282162e-01
-2.3178243637e+00
-3.5481771920e-03
-8.7388977408e-03
5.0814598799e-02
1.6720004380e-01
-5.5563583970e-02
-4.0617212653e-01
4.0067684650e-01
6.6687190533e-01
-5.7948690653e-01
-3.0336177349e-01
-4.7878244519e-01
-2.8282159567e-01
3.5894453526e-01
-3.2351025939e-01
7.7567182481e-02
3.9155465364e-01
7.6937109232e-02
-2.5314483047e-01
4.1422549635e-02
-1.8335742876e-02
2.1381184459e-02
8.2194291055e-02
-1.9051937759e-01
-8.1116072834e-03
5.2403163910e-01
-1.7653396353e-02
6.0600571334e-02
1.9260692596e-01
-2.6954751462e-02
-4.4236566871e-02
-4.3938401341e-01
4.7565735877e-02
4.5493257046e-01
-1.5934877098e-02
2.3014758527e-01
2.2584147751e-01
-4.9840733409e-01
-3.3916530013e-01
2.6295185089e-01
-2.7641871572e-01
-3.0992352962e-01
-8.6636163294e-02
-1.6939610243e-01
7.9357720912e-02
8.3575941622e-02
1.6605475545e-01
-9.9446631968e-02
2.5638699532e-01
-1.6144068539e-01
8.2038991153e-02
1.6850790977e+00
7.0074081421e-02
-9.0843284130e-01
1.8651403487e-01
6.6416037083e-01
-1.3054138422e+00
-6.5692293644e-01
7.0207342505e-02
-1.2516250610e+00
-3.7762740254e-01
-4.6642679721e-02
1.2624451518e-01
-1.7724221945e-01
1.1845072359e-01
1.5938373283e-02
-4.5584100485e-01
2.9366219044e-01
-1.2617570162e-01
-2.0589241385e-01
2.5623145700e-01
-2.1598674357e-01
2.7459405363e-02
-3.5262739658e-01
3.3310264349e-02
-3.1278960407e-02
-1.9704434872e+00
4.5606860518e-01
-1.0593605042e+00
-9.3502593040e-01
-1.5963721275e+00
-1.7035373449e+00
-2.0313038826e+00
-4.9158027768e-01
-6.6652119160e-01
2.6478335261e-01
1.1080585420e-01
-1.9628880545e-02
5.1627312787e-03
1.4620169997e-01
-1.9888554513e-01
-9.1641336679e-02
9.3889245763e-03
2.3066919297e-02
-3.4196790308e-02
-4.3343003839e-02
1.2743815184e+00
1.7108300924e+00
3.1361734867e-01
-5.5070483685e-01
1.9730760157e-01
4.1558157653e-02
-2.2100802511e-02
1.6874236986e-02
-2.3306878284e-02
-6.0570545495e-02
3.3574488014e-02
-7.4302002788e-02
5.3062003106e-02
6.8579599261e-02
1.8843851984e-02
-3.4750975668e-02
5.2903920412e-01
-1.0328202248e+00
4.4645699859e-01
-5.0626356155e-02
-8.4106206894e-01
-6.0534155369e-01
2.3330217600e-01
-1.1956206560e+00
4.5918747783e-01
1.3105002046e-01
2.5197738409e-01
1.0120249987e+00
-6.6194134951e-01
-2.4899411947e-02
6.4530724287e-01
1.2903581560e-01
-3.4441408515e-01
-1.9682237506e-01
-3.1219470501e-01
-3.3025816083e-01
-5.5772525072e-01
-2.7998086810e-01
-1.6252994537e-01
1.0113050938e+00
4.0795981884e-01
6.5640918911e-02
2.8350567818e-01
3.8325861096e-01
-1.9732593000e-01
8.2259841263e-02
4.0141728520e-01
-3.7065774202e-01
-3.8232716918e-01
6.9059826434e-02
2.3212635517e-01
1.5765200555e-01
-1.1243034154e-01
-4.0017402172e-01
2.8272509575e-01
1.9948169589e-01
-1.4731073380e-01
1.5049382448e+00
6.7773634195e-01
-5.7512688637e-01
-1.2997708321e+00
-1.9027925730e+00
-4.8852890730e-02
-1.0183690786e+00
3.8313552737e-01
-5.4883033037e-01
-6.2405771017e-01
-8.0201464891e-01
4.1425076127e-01
-8.0855166912e-01
-2.5850843638e-02
2.1164932847e-01
8.8324472308e-02
-2.6222941279e-01
2.9694437981e-02
-1.1833067052e-02
1.3535343111e-01
-1.5241369605e-01
-1.7677186430e-01
-5.1073569804e-02
-6.5751403570e-02
-1.9016148150e-01
3.0698803067e-01
-1.2533419132e+00
5.5684554577e-01
-1.4438267052e-01
-6.6700160503e-02
2.3075537756e-02
-1.0200329125e-01
8.7499894202e-02
4.7458791733e-01
-8.4294348955e-01
1.7756506801e-01
4.2519551516e-01
6.6804158688e-01
-2.1175048351e+00
2.2020058632e+00
1.1203957796e+00
9.8797506094e-01
-1.5525730848e+00
-2.4745327234e-01
1.2747402489e-01
-6.9740295410e-01
3.4476497769e-01
1.8520005047e-01
-1.0243663788e+00
-1.1389406919e+00
-1.6838132143e+00
-5.6818819046e-01
7.6320254803e-01
-5.7962719351e-02
-2.2330662236e-02
-2.0934209228e-02
3.5633992404e-02
-4.1073288769e-02
-6.3833944499e-02
-1.2191776037e+00
-9.7924208641e-01
1.5716800690e+00
7.1075642109e-01
-2.5544166565e-03
3.5325363278e-01
1.5983578563e-01
9.5582284033e-02
-1.4107803814e-02
-7.2956487536e-02
-9.5700137317e-02
5.7939261198e-01
1.7379287481e+00
-3.6724025011e-01
1.4698970132e-02
-2.6944000274e-02
-9.5529459417e-02
-3.0427984893e-02
2.2985998541e-02
-9.9797867239e-02
-1.7611046135e-01
-3.4153070301e-02
-1.3739839196e-01
-2.0270280540e-01
-6.5480411053e-02
-1.6058376059e-02
-3.6881420761e-02
-4.8521684948e-04
-1.1113680899e-02
4.0571188927e-01
-1.0990977287e-01
1.7490050793e+00
9.8305624723e-01
-9.1593700647e-01
2.6062338352e+00
2.0727307796e+00
3.5775348544e-02
-8.8979542255e-01
-2.6990895271e+00
1.0850728750e+00
1.0376194119e-01
-9.7669249773e-01
3.0616280437e-01
-2.2640763223e-01
2.4895603955e-01
8.0605185032e-01
6.2379492447e-03
4.3577572703e-01
1.8808616400e+00
3.1092416495e-02
9.3954531476e-03
-4.2603840120e-03
-9.5872143283e-03
-3.1899351627e-02
-2.0655503497e-02
9.5014266670e-02
-1.3895478100e-02
-3.4771449864e-02
-8.5837163031e-02
8.7148934603e-02
2.4942313321e-03
1.6978074564e-03
2.8712814674e-02
-4.1091982275e-02
-6.7670948803e-02
-9.5029902458e-01
-2.6942053437e-01
5.0666272640e-01
-1.2568400800e-01
1.2336079089e-04
-4.0481027216e-02
-4.0234941989e-02
5.8351095766e-02
-1.9048476219e-01
3.0557197332e-01
-1.7221494019e-01
4.3736729026e-01
3.6141330004e-01
1.1258026212e-01
-9.3148332089e-03
8.3877772093e-02
5.0938855857e-02
3.6020815372e-02
-1.6981733963e-02
1.2762455642e-01
5.6031707674e-02
6.3648447394e-03
-1.0531646758e-01
-8.8774323463e-02
-1.8812327087e-01
-1.6275703907e-02
-8.1611879170e-02
-2.8746349737e-02
8.2862436771e-02
3.6361932755e-01
4.8932915926e-01
-5.8361388743e-02
2.1268153563e-02
-4.2232489586e-01
-2.6840609498e-03
5.3122788668e-02
-3.2473333180e-02
2.0677363500e-02
6.8970568478e-02
3.5924282670e-01
-2.3074395955e-02
1.6421523690e-01
-2.3418577015e-01
2.1466422826e-02
-6.5079890192e-04
-1.7154479399e-02
-3.2704019547e-01
-3.1151453033e-02
-1.1692104340e+00
3.2015033066e-02
-4.0066745132e-02
3.4599965438e-03
-8.0489534885e-03
3.7230929593e-04
-2.8358894587e-01
9.3606418371e-01
-8.7422871590e-01
4.9128600955e-01
-2.4942007661e-01
-1.1769051105e-01
-2.6005214080e-02
1.4146892726e-01
-4.7180715948e-02
2.5604575872e-01
-1.1333184317e-02
-1.9902136177e-02
3.5886529833e-02
-6.3893564045e-02
-6.6843189299e-02
2.9811322689e-01
-8.7185971439e-02
-2.4523366988e-01
-1.1692888290e-01
1.0285951197e-01
-2.6440587640e-01
-2.8258016706e-01
4.3907591701e-01
3.9721485227e-02
-4.6196393669e-02
1.0626088083e-01
-1.9114324450e-01
-1.2450933456e-01
-5.3390607238e-02
4.5421811938e-01
6.8213455379e-02
7.2418883443e-02
-3.6304476671e-03
8.1029795110e-02
5.3296476603e-02
-1.4616622590e-02
-1.6661685705e-01
-1.6821008176e-02
-5.7418756187e-02
2.6566751301e-02
-7.1007572114e-02
-5.6322917342e-02
4.3303057551e-02
-1.9736642018e-02
5.3556706756e-02
-2.3728627712e-02
-1.2135076523e-01
-3.6429107189e-02
-1.0005389154e-01
7.0841521025e-02
5.8077070862e-02
7.1506499080e-04
-5.0062257051e-01
-1.9998706877e-01
-1.3375259936e-01
-3.2071368694e+00
-2.2785341740e+00
-1.2649002075e+00
-1.2015719414e+00
-9.6043783426e-01
1.3495981693e-02
-1.4900357462e-02
-1.3678976893e-01
-3.4656293690e-02
1.8423438072e-01
2.2746729851e-01
5.3161699325e-02
6.4820848405e-02
1.1605204642e-01
2.0083621144e-01
4.5584313571e-02
-6.9797956944e-01
5.7581588626e-02
-1.3250471652e-01
4.5126187801e-01
4.2407728732e-02
-1.5012787655e-02
1.3561512344e-02
-2.6187524782e-04
-5.0656488165e-03
1.6310605407e-01
5.5542421341e-01
-3.1828325987e-01
2.1258855239e-02
-8.5080033541e-01
-1.0644368827e-01
1.8787057698e-01
7.2161667049e-02
3.0446842313e-01
2.2457417101e-02
-2.1071365476e-01
3.7613278627e-01
3.8158071041e-01
1.9489225745e-01
-2.7865990996e-02
-4.7159564495e-01
-9.4868890941e-02
-1.1192476004e-01
-1.5197066963e-01
-4.2350515723e-02
-2.2007767856e-01
3.4748226404e-01
-8.7433390319e-02
-5.3207274526e-02
-2.0253429189e-02
-3.4747198224e-02
5.3429242224e-02
-4.7889806330e-02
-2.9085069895e-02
-2.1280243527e-03
1.3613428921e-02
-4.7989491373e-02
-1.3664023019e-02
4.7403149307e-02
1.6553619877e-02
-3.8561944962e+00
-2.3908126354e+00
-2.5628640652e+00
1.4967037439e+00
1.4251455665e-01
-3.9967484772e-03
-4.9226973206e-02
4.4755563140e-02
-1.3878414407e-02
2.6010815054e-03
-2.9738038778e-01
-3.5443094373e-01
-5.9953469038e-01
-5.0276273489e-01
2.6295474172e-01
2.2499995232e+00
1.6789423227e+00
1.8969284296e+00
-1.2436988354e+00
3.2478163242e+00
-4.9059230834e-02
2.3997442424e-01
1.4310306311e-01
-2.5320062041e-01
1.2454450876e-01
2.2508092225e-02
7.9735694453e-03
-5.7169478387e-03
-1.1652664281e-02
-3.1331315637e-02
-1.6353362799e-01
-1.5269054174e+00
5.9932470322e-01
3.8748633862e-01
-3.0984589458e-01
-3.2773811370e-02
-4.1297242045e-02
-3.8361579180e-02
-5.0908338279e-02
-1.0136636347e-01
-1.5787862241e-02
-1.0732681304e-01
8.0535598099e-02
-2.2328112274e-02
7.7068276703e-02
5.7718828321e-02
1.9452278316e-01
-2.6921564341e-01
8.2519191504e-01
-3.5747250915e-01
-3.2410426140e+00
-1.0839273930e+00
-3.0596764088e+00
-1.0155169964e+00
-9.0707272291e-01
-4.9273002893e-02
-1.8411397934e-01
5.5418740958e-02
4.2086709291e-02
-1.0462018847e-01
-1.2818349898e-01
-1.0085458867e-02
2.9592317343e-01
3.5720774531e-01
-1.1483705789e-01
9.0476453304e-02
-6.7835912108e-02
6.6888809204e-02
-1.1081287265e-01
4.3072819710e-02
5.0468347967e-02
4.5644782484e-02
2.4688167498e-02
5.2956424654e-02
6.7499123514e-02
1.3954940438e-01
-7.7488966286e-02
9.3378883600e-01
7.6313778758e-02
-1.1402134597e-01
-1.9566861913e-02
-1.9081743062e-01
-1.8247401714e-01
4.3146207929e-01
-3.6173474789e-01
1.0347839594e+00
1.1891638041e+00
-6.9897079468e-01
5.8258265257e-01
7.6151615381e-01
1.9140447676e-01
-1.6909468174e-01
-1.6317947209e-01
-5.1271051168e-01
5.6290340424e-01
9.0724343061e-01
-2.4710069597e-01
3.5656583309e-01
3.9223453403e-01
-1.2393705547e-01
-5.4259602912e-03
8.7170004845e-02
3.7433676422e-02
6.2229325995e-03
-5.6741447188e-03
2.3018408567e-02
-3.5415560007e-02
-8.1860311329e-02
-3.5300821066e-02
-2.1008478478e-02
9.4384104013e-02
5.5208665133e-01
-1.8406332731e+00
-1.6917587817e-01
-4.1044387966e-02
6.4672432840e-02
2.6063278317e-02
3.1179968268e-02
1.9304404035e-02
6.3719853759e-02
3.3445835114e-02
-1.6467012465e-02
-9.0444087982e-03
3.6560293287e-02
-7.4677477824e-04
-1.8538903445e-02
5.2142102271e-02
9.1085128486e-02
5.8992747217e-02
6.2590211630e-02
3.3312243223e-01
-8.5958925774e-04
-1.3154189289e-01
-7.2870172560e-02
-6.5779529512e-02
-2.5348350406e-01
-5.5560743809e-01
1.5955992043e-01
-9.1903701425e-02
-2.0009671152e-01
-1.7091742158e-01
3.5828664899e-02
-3.0636993051e-01
1.4542201161e-01
4.1967216879e-02
-7.7764958143e-01
8.2472527027e-01
2.2038029134e-01
-5.2913886309e-01
-6.8531775475e-01
8.2933448255e-02
-5.6211952120e-02
-3.4494880587e-02
-4.6967235208e-01
2.5749313831e-01
6.9537019730e-01
5.9225803614e-01
1.8384748697e-01
-1.4211466312e+00
-1.4948260784e+00
8.9029870927e-02
4.8853453249e-02
-4.6676546335e-01
3.2869461179e-01
-2.0091222227e-01
-6.9951295853e-02
9.7767338157e-03
-1.4466068149e-01
-1.4603306353e-01
-1.7784591764e-02
-1.5766994655e-01
1.7117023468e-01
7.1190528572e-02
-7.1999728680e-01
2.4708354846e-02
6.6290557384e-01
1.0574640036e+00
6.0263875872e-02
-2.5535172224e-01
-1.1337845586e-02
-5.4888047278e-02
4.7755338252e-02
2.4317391217e-01
-5.5679652840e-02
-2.2004355490e-01
-7.5025749207e-01
-1.0003101826e+00
1.1362427846e-02
-4.9017015100e-01
-1.4738949537e+00
3.1290549040e-01
3.9286231995e-01
7.4894979596e-02
9.3682152033e-01
1.6515631974e-01
7.7681362629e-02
8.1916913390e-02
-7.1450094692e-03
-1.0973557085e-01
1.9844753668e-02
-5.8761936426e-01
4.8421162367e-01
2.7703575790e-02
3.0389788747e-01
1.7780794203e-01
-1.0698604584e+00
2.7537444234e-01
-1.6868247092e-01
7.8461962938e-01
-7.6676821709e-01
1.4056411386e-01
1.2193067372e-01
2.2618931532e-01
-2.5936763268e-03
-9.0377191082e-03
-1.0342110693e-01
2.2128051147e-02
-8.2401052117e-02
4.2367705703e-01
-2.7934181690e-01
-1.6428221017e-02
2.5946456939e-02
-1.5495297313e-01
-8.2110194489e-04
2.2436380386e-03
2.2092668712e-01
-1.5724658966e-01
5.5935688317e-02
3.2994471490e-02
-4.4843199849e-01
-3.4291532636e-01
2.4532316625e-01
-7.4960708618e-02
-1.3627737761e-01
8.0994859338e-02
3.1902790070e-01
1.5173028409e-01
2.3365812376e-04
-5.8220710605e-02
1.1941405386e-01
-7.2697991133e-01
1.4112690091e-01
-3.0604466796e-01
-1.9064174592e-01
-7.0682212710e-02
-1.2863978148e+00
-2.6340479851e+00
2.0307706296e-01
-1.6771107912e+00
1.1480287313e+00
7.0369631052e-01
2.7149033546e-01
3.8338854909e-01
6.4617443085e-01
9.9427664280e-01
1.8264973164e-01
7.8950367868e-02
-9.8994933069e-03
-1.2399866432e-01
-1.6936960816e-01
5.4069286585e-01
-2.2530505434e-02
-1.1114698648e-01
-4.8745757341e-01
-4.8719307780e-01
-7.5240030885e-02
4.9683839083e-01
-2.0160682499e-01
-2.1829685569e-01
6.4792573452e-02
1.4292743206e+00
6.9595474005e-01
-2.8443554044e-01
-5.7953989506e-01
5.0436949730e-01
3.7671753764e-01
2.2312908173e+00
5.5672717094e-01
1.0747317076e+00
-7.2504633665e-01
1.0988945514e-01
-7.1009784937e-02
1.7894321680e-01
-1.6929619014e-01
2.1624781191e-01
-1.8905518577e-02
-3.8211844862e-02
2.9754178599e-02
9.3135207891e-02
5.5148005486e-02
9.2241787910e-01
-4.6158212423e-01
-8.3044528961e-01
1.5639225245e+00
1.2183637917e-01
2.1293766797e-02
3.3560607582e-02
5.2665665746e-02
1.8874330446e-02
7.9370044172e-02
-3.9310678840e-02
-3.4683305770e-02
4.4361997396e-02
-8.6665175855e-02
1.1315625161e-02
3.7198731303e-01
-5.1132637262e-01
1.1509033442e+00
-6.9775450230e-01
1.1130407453e-01
1.5519030094e+00
-3.0031394958e-01
2.2310035229e+00
-9.0691125393e-01
-6.8809948862e-02
-6.0923080891e-02
-5.6124460697e-01
8.9269511402e-02
9.5243006945e-02
5.1796501875e-01
-3.6952099763e-03
-8.6704775691e-02
2.1427132189e-01
-5.8812958002e-01
5.8574664593e-01
1.0539835691e+00
-2.3902730644e-01
6.0448314995e-02
-1.5260522366e+00
-6.6477549076e-01
4.3586665392e-01
-1.8990696967e-01
7.0691205561e-02
-1.3182155788e-01
3.8551326841e-02
-6.0610556602e-01
-3.5152938962e-01
-1.5144978464e-01
4.5099908113e-01
-5.0622361898e-01
-4.5650329441e-02
-1.8250733614e-01
1.4538061619e-01
2.4105559289e-01
-1.6208719462e-02
1.4833942056e-01
-1.5337263346e+00
-1.3845094442e+00
-2.9014723301e+00
1.1270570755e+00
-3.6933344603e-01
-1.2909722328e+00
1.4185611904e-01
-7.5312435627e-01
6.1963295937e-01
4.2471298575e-01
4.3413028121e-01
-1.1399321556e+00
-9.3148726225e-01
-5.9609621763e-01
7.7211767435e-01
4.3434351683e-02
1.7501096427e-01
-3.2145008445e-02
-9.4226516783e-02
-3.9339233190e-02
-5.9746149927e-02
8.6025018245e-03
8.2072146237e-02
-9.0318890288e-03
-9.2974551022e-02
-1.6622976959e-01
-1.5798655152e-01
4.4804218411e-01
2.2920143604e-01
1.3798569329e-02
4.8461239785e-02
-3.0364947394e-02
5.9588495642e-03
-1.0733775795e-01
1.5076936483e+00
1.0291243792e+00
6.9066095352e-01
1.5099664032e-01
-8.8877081871e-01
8.1081396341e-01
1.3450682163e+00
-6.6018563509e-01
5.0644736737e-02
6.9586622715e-01
5.2427244186e-01
-4.5478108525e-01
5.0284618139e-01
-2.7686822414e-01
-1.8042696640e-02
-4.4361859560e-01
8.1412184238e-01
1.7186731100e+00
-6.4949768782e-01
1.1997079849e+00
-3.6743562669e-02
-3.3092491329e-02
-3.3633045852e-02
8.4625119343e-03
3.5590406507e-02
-6.3372814655e-01
-1.5995141864e-01
1.8733879924e-01
2.9083646834e-02
-1.6111959517e-01
3.3602602780e-02
1.0034472495e-01
-1.9252921641e-01
2.6275646687e-01
-4.5052267611e-02
-1.6396843195e+00
-8.4269601107e-01
5.1643097401e-01
6.8519645929e-01
-2.7325565815e+00
1.3949710131e-01
-1.8530039489e-01
2.8544492088e-03
4.5796795748e-03
-5.1376312971e-02
-1.9123139977e-01
3.5216990113e-01
-1.8798516691e-01
2.3839963973e-01
-3.8341984153e-01
1.6382390261e-01
-4.0396064520e-01
-1.4149768651e-01
-8.5221797228e-02
3.7511620671e-02
3.4968447685e-01
3.2032534480e-01
3.2867476344e-02
1.1816866696e-01
-2.8181815147e-01
-1.8013691902e+00
-1.4378356934e+00
-2.9333672523e+00
3.5731021315e-02
1.4738250971e+00
6.0027629137e-01
-6.4801877737e-01
-7.3087918758e-01
-7.3095209897e-02
-8.1071531773e-01
1.1465383321e-01
2.1327827871e-01
-8.4285289049e-01
-2.2268745303e-01
1.6190151870e-01
1.2274930254e-02
-4.4749020599e-03
-7.1849157102e-03
-7.7001107857e-03
9.3564782292e-03
-1.6795550287e-01
5.4425265640e-02
-1.2505516410e-02
-7.8330963850e-02
-1.6337964684e-02
-3.9801392704e-02
-1.5033699572e-02
2.1097075194e-02
1.9263539463e-02
5.8664991520e-03
-3.0884170532e-01
-5.0368434191e-01
-8.3952283859e-01
-1.1412355304e-01
4.4016983360e-02
1.1577259749e-02
-2.3097274825e-03
-5.4044049233e-02
-2.5319887325e-02
-1.1021715403e-01
1.4294895530e-01
1.8094410002e-01
-2.1485614777e-01
-8.7076477706e-02
1.9440908730e-01
1.2001763098e-02
9.8968073726e-03
-5.8481227607e-02
-7.0215612650e-03
3.5112392157e-02
3.3009506762e-02
-6.1546387151e-03
-1.5124946833e-01
-1.4124262333e-01
-8.6759045720e-02
-5.8325834572e-02
6.9456897676e-02
-1.0576771200e-01
-7.6725676656e-02
-1.1538440734e-01
-4.6462115645e-01
1.1128693819e-01
-5.3291696310e-01
-9.7713910043e-02
-2.9833632708e-01
-3.1837660819e-02
2.0906668156e-02
2.9077837244e-02
7.0612197742e-03
-9.6066832542e-02
2.1345320344e-01
5.1377572119e-02
1.5465568006e-01
2.1536508203e-01
-2.0324845612e-01
1.3632646203e-01
3.9949607849e-01
4.2387032509e-01
-5.0920170546e-01
6.4975845814e-01
1.5946267545e-01
1.1233782023e-01
-6.3939146698e-02
-8.2661330700e-02
-7.2893343866e-02
1.6419598460e-01
-6.7164593935e-01
2.0414295793e-01
-2.2906847298e-01
4.3976473808e-01
3.0254745483e-01
9.0418336913e-04
2.6508337259e-01
-5.7139140554e-03
-4.6235588379e-03
5.9237249196e-02
1.1542952806e-01
1.3200136833e-02
9.2449009418e-02
2.2879993543e-02
-1.4655844867e-01
-3.6011204123e-01
5.5932873487e-01
6.4792245626e-02
2.3344120011e-02
1.2747241557e-01
7.9457543790e-02
-3.8019169122e-02
-2.3503060639e-01
-3.0733138323e-01
7.2664141655e-02
1.4397855848e-02
2.5350917131e-02
-1.8039153516e-01
1.6513131559e-01
6.6367879510e-02
9.3493111432e-02
6.2234684825e-02
2.8724847361e-02
-1.5893600881e-01
-6.0101054609e-02
2.1592525765e-02
-9.0603396297e-02
-1.8293181062e-01
-1.7950443923e-01
-1.2789902091e-01
-2.2186042741e-02
-2.1703001112e-02
-6.8512551486e-02
5.7586893439e-02
-1.9547286630e-01
-5.2847351879e-02
-1.2061785161e-01
-2.0365858451e-02
4.3287478387e-02
9.2747546732e-02
-3.6602798104e-01
4.1675481200e-01
4.1616433859e-01
-1.7345575988e-01
3.8813352585e+00
2.3882963657e+00
1.8456313610e+00
-1.0571255535e-01
-1.8831024170e+00
-3.5330694169e-02
4.3869145215e-02
-3.3760663122e-02
-1.5008817613e-01
3.3698264509e-02
1.8713334203e-01
2.6602853090e-02
1.1480876803e-01
4.6425245702e-02
1.0508500785e-01
-2.6387421414e-02
-4.1022777557e-02
6.5746474266e-01
-2.4039683864e-02
-9.4364529848e-01
1.1094830930e-02
-2.0737854764e-02
6.3303462230e-03
-1.2421256863e-02
-1.4969652519e-02
-1.1698099226e-01
-3.4818360209e-01
7.6789700985e-01
2.1590471268e-01
-3.6156705022e-01
2.1401433274e-02
1.1077484116e-02
6.0025010258e-02
3.0372040346e-03
-1.1264842004e-01
3.7946039438e-01
-1.7293830216e-01
-1.4696823061e-01
-4.6794418246e-02
-6.4535729587e-02
5.5016487837e-01
-1.9176168740e-01
-1.0642775893e-01
1.3133716583e-01
-1.8630123138e-01
4.6174194664e-02
-6.0751643032e-03
4.4953100383e-02
3.0994916335e-02
5.9863947332e-02
3.1118936837e-02
3.1948592514e-02
7.1765976027e-03
1.0684849694e-02
4.0642607957e-02
1.3206894509e-02
2.6079589501e-02
2.2613015026e-02
2.2611616179e-02
3.8762092590e-02
3.1642820835e+00
5.7542319298e+00
2.2300677299e+00
-8.8696368039e-02
-1.2150704861e+00
1.4786387980e-01
1.0360375978e-02
2.3715334013e-02
-5.0914105959e-03
1.9517624751e-02
-2.0442983508e-01
-6.5735638142e-01
-3.1802140176e-02
3.2287350297e-01
-5.6991541386e-01
-5.4202246666e-01
-8.7946468592e-01
-1.7146100998e+00
-1.0546690226e+00
-6.1551022530e-01
-1.2996733189e-01
7.1210656315e-03
1.0375349969e-01
-1.0879866779e-01
1.5674674883e-02
1.8288359046e-02
1.8681935966e-02
1.6241354868e-02
6.7120761378e-04
1.4772291295e-02
3.0852958560e-01
-2.9250103235e-01
3.0280837417e-01
4.4855245948e-01
6.2503939867e-01
-1.0451261885e-02
-7.6128300279e-03
-1.9268751144e-02
-3.4579943866e-02
-4.0421732701e-03
-1.0038224980e-02
-8.9087232947e-02
1.1746318638e-01
1.3447676599e-01
1.2131600082e-01
3.8973724842e-01
2.4345442653e-01
1.3612976298e-02
-6.4452186227e-02
-1.9697786868e-01
1.0949680805e+00
2.4878058434e+00
4.4436156750e-01
-9.7878158092e-01
-2.4117000103e+00
3.3844765276e-02
4.8370633274e-02
-2.5273036212e-02
6.2826782465e-02
7.9763747752e-02
-1.9923467934e-01
6.7549951375e-02
6.5002501011e-01
6.2442517281e-01
4.6886855364e-01
-2.0743032917e-02
-1.3607931137e-01
-7.1040622890e-02
-1.4179741032e-02
-5.0134353340e-02
1.3667680323e-02
9.2694526538e-03
-2.6084680110e-02
-5.6862000376e-02
-9.9756233394e-02
1.0046808720e+00
-2.0829452574e-01
-1.0872350633e-01
9.3878254294e-02
-3.1619670987e-01
6.2595152855e-01
6.7244350910e-01
2.8950557113e-01
-8.3503931761e-01
-5.3533047438e-01
-1.1069072485e+00
-6.2583673000e-01
5.8317929506e-01
-9.5126634836e-01
-1.4716390371e+00
1.2436522543e-01
1.3037818670e-01
3.3984091133e-02
-2.5206425786e-01
-2.0146866143e-01
-3.6861944199e-01
4.2804932594e-01
-3.2361179590e-01
2.0049417019e-01
-8.3987817168e-02
3.6997536663e-03
-9.0266438201e-03
-4.6748053282e-02
-4.8348002136e-02
2.0573172718e-02
-1.0278247297e-01
-7.8857026994e-02
2.9597548768e-02
3.0755128711e-02
-2.0877102390e-02
-3.7522983551e-01
-7.2307378054e-01
8.5292470455e-01
-6.7989164591e-01
9.1689042747e-02
2.5811964646e-02
-4.5907653868e-02
-3.7223201245e-02
-1.1344027519e-01
-1.0234061629e-01
4.1571021080e-02
-6.2077175826e-03
-2.6863254607e-02
-1.9794149324e-02
-5.9789838269e-04
1.0143309832e-01
1.5733356774e-01
8.6112506688e-02
-9.1564044356e-02
-1.9723989069e-01
-1.8267098069e-01
-1.8761414289e-01
4.0788725019e-01
-7.2590433061e-02
-2.0487166941e-02
-3.2223919034e-01
-7.7956807613e-01
-4.7560015321e-01
3.5633367300e-01
-2.4246668816e-01
-8.4247171879e-02
1.3907669485e-01
3.3366680145e-01
1.5491090715e-01
1.6227820516e-01
-9.9561697245e-01
9.4906580448e-01
-4.8795974255e-01
2.4895820022e-01
-2.6301026344e-01
1.7523990571e-01
-5.8632159233e-01
2.2504511476e-01
-9.6806484461e-01
-5.3314316273e-01
9.6257412434e-01
1.3313864470e+00
-5.5506485701e-01
7.4967935681e-02
-5.5095362663e-01
2.4757112563e-01
4.0713772178e-02
4.1225096583e-01
2.5307619572e-01
1.3350184262e-01
-1.3568459451e-01
4.9751150608e-01
-3.1762126088e-01
-3.5696912557e-02
3.6814704537e-02
-1.2137301266e-01
5.5176544189e-01
8.3521634340e-01
-9.8273670673e-01
-8.3151519299e-02
-1.7596025467e+00
1.6204333305e+00
-1.9744312391e-02
-5.3722703457e-01
-1.5539857745e-01
6.1585098505e-02
-2.4990399182e-01
-1.2904818356e-01
1.0459162295e-01
5.3225827217e-01
-1.0460323095e+00
-9.0390408039e-01
-5.2455610037e-01
4.3921303004e-02
7.1325516701e-01
1.6813415289e+00
-1.5665748715e-01
-1.9017559290e+00
1.7049669027e+00
1.0359108448e+00
1.9350472838e-02
-3.6517996341e-02
-5.9912133962e-02
-2.3978654295e-02
5.8172624558e-02
3.3436796069e-01
8.9412175119e-02
-6.8927848339e-01
2.2527828813e-01
4.3200036883e-01
9.8885804415e-01
-3.9359182119e-01
-3.5180395842e-01
8.5036385059e-01
-3.5704921931e-02
3.7934300303e-01
-2.1603359282e-01
-1.1697176099e-01
1.6596169770e-01
5.4855756462e-02
-5.7997867465e-02
-2.3413397372e-01
-6.5103225410e-02
-2.4208769202e-01
4.7609421611e-01
-7.8179553151e-02
-3.8159713149e-02
3.2520666718e-01
1.0787928104e-01
-5.5931787938e-02
-8.5184231400e-02
-1.0796709061e+00
-9.4077093527e-03
-9.2720806599e-02
-2.5714421272e-01
3.0035701394e-01
-1.1692030355e-02
1.8322201073e-01
-2.6182696223e-01
2.1276916564e-01
-1.0271648169e+00
7.2508287430e-01
-5.7025504112e-01
1.2093299627e-01
-3.5841244459e-01
-2.1616262197e-01
-6.7250466347e-01
2.9647972435e-02
-3.1768023968e-01
1.5202403069e-01
2.9395780563e+00
-1.4253361225e+00
-1.4612545967e+00
-9.7205054760e-01
1.5831277370e+00
-1.0717031956e+00
-8.2259422541e-01
-5.6492376328e-01
-7.5082880259e-01
-1.4296820760e-01
5.1262564957e-02
-1.8350433558e-02
-8.5217259824e-02
-1.1523508281e-01
1.3879009522e-02
-4.0694141388e-01
7.0993877947e-02
-4.3836233020e-01
-1.3429780304e-01
-6.6324943304e-01
-1.0791233182e-01
4.8444226384e-01
-4.4354435802e-01
4.4825246930e-01
-3.9119085670e-01
1.6684046984e+00
5.1694661379e-01
-6.2991762161e-01
2.3736529052e-01
2.7651879191e-01
8.9251899719e-01
4.3972587585e+00
-1.6956787109e+00
-1.0093058348e+00
9.4570630789e-01
-8.5703425109e-02
2.6820653677e-01
1.1692313850e-01
-3.1968572736e-01
5.1254030317e-02
3.3810697496e-02
-1.7273792997e-02
1.1196187884e-01
3.3093800303e-03
-7.5582754798e-03
-1.4164950848e+00
2.9518904686e+00
-2.6903734207e+00
9.9451041222e-01
2.0623941422e+00
-2.8828201815e-02
-2.6125397533e-02
1.4482870698e-01
7.9184904695e-02
8.2960082218e-03
1.1404816993e-02
-7.3529586196e-02
2.0116290450e-01
-1.7932526767e-02
7.3900353163e-03
3.4102407098e-01
-5.5660969019e-01
1.2145246267e+00
-9.0642374754e-01
9.9805176258e-01
-8.5179525614e-01
4.9053657055e-01
-5.9795904160e-01
6.8427747488e-01
-3.3590756357e-02
-3.7473827600e-02
-4.9724218249e-01
5.6810170412e-01
-6.9577848911e-01
-2.7313372493e-01
2.5775471702e-02
-1.4274515212e-01
5.5577792227e-02
5.7955873013e-01
-2.1936859190e-01
-7.3830562830e-01
4.5506539941e-01
7.5487077236e-02
-3.4136885405e-01
-9.5942837000e-01
6.7619860172e-01
-1.4042481780e-01
-1.4385063648e+00
1.7576867342e-01
4.5415237546e-01
4.2556935549e-01
-3.0319258571e-01
-7.2935843468e-01
7.5201874971e-01
1.0937856277e-03
-1.1314827949e-01
-3.1441035867e-01
-4.0366387367e-01
1.2295662425e-02
3.7107637525e-01
5.4394268990e-01
1.1328940392e+00
-8.0838501453e-01
-1.0498002768e+00
1.8651509285e-01
-2.4127371311e+00
1.6697521210e+00
-1.6014917195e-01
-2.6790149212e+00
2.2433547974e+00
-1.2450674772e+00
4.8374173045e-01
-6.8609654903e-01
6.9865000248e-01
-6.0726720095e-01
-2.8324803710e-01
4.5426940918e-01
-1.5040259063e-01
3.4771952033e-01
-2.6570994407e-02
2.7719845995e-02
1.4393602312e-01
8.3661839366e-02
3.6593705416e-01
1.3555671275e-01
-2.1437704563e-01
2.7164943516e-02
3.0894169211e-01
-9.1228675842e-01
8.8605415821e-01
1.5904465318e-01
-1.8533873558e-01
-6.3541151583e-02
9.9629156291e-02
-4.6063710004e-02
-1.4819529653e-01
2.5603380799e-01
-4.0997746587e-01
-4.0387800336e-01
1.4833217859e+00
-1.0687685013e+00
3.8075500727e-01
-2.1710417271e+00
-1.5523368120e+00
7.5422030687e-01
5.9827595949e-01
-5.9080040455e-01
-5.1876563579e-02
2.8905376792e-01
7.6934702694e-02
-9.5039170980e-01
8.0408883095e-01
-3.1119055748e+00
6.8514859676e-01
2.4545266628e+00
-1.1689434946e-01
-1.2762209773e-01
-3.3502023667e-02
1.3413230889e-02
7.1014374495e-02
-1.5454832315e+00
1.5432229638e-01
-6.9248759747e-01
-1.7631979287e-01
3.1320446730e-01
1.2863135338e-01
-5.1443837583e-02
-5.0967377424e-01
2.6905946434e-02
-2.1550847217e-02
2.1954066753e+00
-2.1348502636e+00
-7.8235512972e-01
2.5435674191e+00
-5.9627753496e-01
-4.6822767705e-02
7.5973279774e-02
-3.7637207657e-02
-2.1183200181e-02
-2.9399159551e-01
1.1676687002e+00
-2.8679212928e-01
-3.1986567378e-01
1.0263972282e+00
-7.8829938173e-01
3.8177777082e-02
6.2382597476e-02
-1.9251663983e-01
2.3256301880e-02
1.2516705692e-01
3.9765384793e-01
2.5857892036e+00
-2.9666334391e-01
3.9583414793e-02
2.7483281493e-01
-1.1597368717e+00
-1.4673755169e+00
-4.1777191162e+00
-2.9680864811e+00
-3.8684129715e+00
-9.4127103686e-02
-7.8905832767e-01
2.4159081280e-01
-1.3296630234e-02
4.8029649258e-01
-2.0264123380e-01
-1.0617378950e+00
-1.9001565874e-02
-2.0073981285e+00
-1.3295332193e+00
-1.6554720933e-03
5.4912506603e-03
1.4137863182e-03
1.0572136380e-02
3.3478718251e-02
-1.6093076766e-01
9.9111914635e-02
-4.8949318007e-03
-3.3917088062e-02
2.1035050973e-02
1.3453147374e-02
-8.1045553088e-04
-2.8171595186e-02
-1.5475289896e-02
-1.9223105162e-02
-1.6761505604e-01
-2.5304269791e-01
-8.8914728165e-01
5.2945047617e-01
6.0924869776e-01
-3.2168146223e-02
-3.9205301553e-02
-1.2359575927e-01
-1.3657441735e-01
2.2327697277e-01
1.8112345040e-01
6.8172149360e-02
-6.2926733494e-01
1.0580024682e-02
-1.2002280354e-01
9.2192344368e-02
3.1839001924e-02
4.1604745202e-03
-3.9182554930e-02
-9.6958808601e-02
1.1108431034e-02
4.7952700406e-03
-3.1525995582e-02
5.4068390280e-02
-3.4685775638e-02
-1.2409476936e-01
-6.3743017614e-02
-1.0161166638e-01
-1.2531456351e-01
7.6323144138e-02
5.3467226028e-01
-3.7310218811e-01
4.8193955421e-01
-4.9384310842e-02
-4.3157629669e-02
5.8274500072e-02
-4.7760907561e-02
-4.7792371362e-02
1.5518389642e-01
6.0975573957e-02
-2.0682957023e-02
-1.4712271094e-01
-4.7937431931e-01
9.4857208431e-02
3.0819173902e-02
-7.8545361757e-01
4.7829446197e-01
2.3572672904e-01
5.3047138453e-01
-4.4335964322e-01
2.3292582482e-02
5.6088075042e-02
6.5962545574e-02
-5.1270566881e-02
1.7874067649e-02
2.8464171290e-01
6.2778967619e-01
-1.7341080308e-01
3.1296214461e-01
4.2615431547e-01
-6.9819599390e-02
-1.4078982349e-04
-3.6348730326e-02
-2.4525617063e-01
2.0455387235e-01
-1.0371223092e-01
-3.2945454121e-02
4.7569900751e-02
2.9650534270e-04
5.0824865699e-02
4.7994211316e-01
-4.8651254177e-01
7.5355865061e-02
3.3004298806e-02
-4.5526885986e-01
8.3506114781e-02
-1.2099269778e-01
1.1259696446e-02
-2.1740837395e-01
3.8443973660e-01
-7.9988047481e-02
6.7053446546e-03
-1.2935905159e-01
4.3066352606e-02
-3.2080762088e-02
-2.2109782323e-02
-5.4436039180e-02
5.8991409838e-02
-2.5074178353e-02
3.4842036664e-02
-2.5459650159e-01
3.2152406871e-02
-1.1237201840e-01
1.3754179701e-02
-1.8808685243e-01
2.3323084414e-01
-3.7646326423e-01
2.8412771225e-01
-2.4501912296e-01
-3.2897297293e-02
3.4507943783e-03
1.1050499976e-01
-4.3564468622e-02
-1.7398254573e-01
-7.8579604626e-02
1.4709131420e-01
2.4611273408e-01
-1.5813183784e-01
5.2638018131e-01
5.0765472651e-01
4.1357584000e+00
1.3935159445e+00
1.5234045982e+00
-4.1381585598e-01
4.0160608292e-01
-4.6778429300e-02
8.7125431746e-03
5.0102222711e-02
1.1780776083e-01
2.1746127307e-01
-2.8231567144e-01
1.2588030100e-01
1.0860467702e-01
8.5142351687e-02
-5.3248129785e-02
7.2586995363e-01
-1.1482119560e-01
7.8419879079e-02
-1.0294088125e+00
4.6956717968e-01
-7.6457951218e-04
-3.3743686974e-02
3.4870384261e-03
-2.5535147637e-02
-1.3402263634e-02
-1.1688805819e+00
-1.2613002062e+00
1.5348407626e-01
-1.9653132185e-02
-4.5547339320e-01
-9.8903812468e-02
-4.5028433204e-02
-1.5305909514e-01
1.2745068967e-01
-3.8421717286e-01
-1.0332927704e+00
2.7375844121e-01
-3.3507150412e-01
-1.9698517025e-01
-7.2152376175e-02
3.4748634696e-01
-3.0877619982e-01
-3.5337305162e-03
1.5824889764e-02
2.5676995516e-01
-5.1030490547e-02
7.8416652977e-02
4.3059308082e-02
-6.1912354082e-02
7.9720921814e-02
4.8259694129e-02
-3.1051715836e-02
-3.8750898093e-02
-4.7895491123e-02
4.3122440577e-02
-2.5235122070e-02
6.7254669964e-02
4.4847391546e-02
-5.3251124918e-03
3.9773724973e-02
-2.8504851460e-01
3.6706593037e+00
-1.0523951054e+00
2.8263344765e+00
-1.0710861683e+00
-1.3021636009e-01
7.6609671116e-02
1.3932511210e-02
3.2053925097e-02
4.8639047891e-03
3.6107131839e-01
-7.9930222034e-01
2.1864548326e-02
3.2377260923e-01
8.5702198744e-01
-1.6673111916e+00
-8.9300699532e-02
-8.8340210915e-01
-9.7261673212e-01
4.1331019998e-01
-4.7947734594e-01
-2.0389899611e-01
-1.0667891055e-01
9.2678181827e-02
2.4378773570e-01
3.9192833938e-03
8.0069564283e-03
3.9278268814e-02
2.0196584985e-02
9.6333650872e-03
3.0629757047e-01
-8.9769810438e-01
3.1063321233e-01
-1.4137688279e-01
6.0571825504e-01
-1.6272833571e-02
1.1993055232e-03
4.2992942035e-02
-6.6955913790e-03
7.5530633330e-02
-1.4893311262e-01
8.0235026777e-02
-1.2094827741e-01
-1.2716478109e-01
1.0510732979e-01
-1.4139744639e-01
3.8854089379e-01
-6.7744910717e-01
5.5598729849e-01
7.0430326462e-01
1.0468627214e+00
5.1544694901e+00
5.1986140013e-01
1.1191608906e+00
7.3433881998e-01
-2.8670370579e-02
-3.0775774270e-02
-8.1290468574e-02
-4.3274451047e-02
1.3048258610e-02
-1.5973895788e-01
-1.3201402128e-01
-1.5638502315e-02
-4.2357858270e-02
1.8837785721e-01
-3.1408312917e-01
-1.7194911838e-01
7.4187936261e-03
1.3442384079e-02
2.9744243249e-02
4.9783963710e-02
4.4448930770e-02
-5.9391714633e-02
8.8667944074e-03
-1.6740454361e-02
2.6432025433e-01
5.1992487907e-01
-2.8245317936e-01
-3.6662149429e-01
2.4914200604e-01
-5.1218527555e-01
3.4057998657e-01
1.6453661025e-01
-1.3477118015e+00
-3.8715198636e-01
-4.8055879772e-02
-8.9925891161e-01
-3.0475223064e-01
-7.1208995581e-01
2.2495773435e-01
2.2073179483e-02
3.4893822670e-01
-1.3339546323e-01
3.4417007118e-02
-4.2138651013e-02
-9.6011674404e-01
1.1563266069e-01
-2.0516239107e-01
1.3004493713e-01
9.1273874044e-02
6.7555740476e-02
3.3675111830e-02
8.0899581313e-02
4.7838207334e-02
-1.2933658063e-01
-2.5721654296e-02
4.8884060234e-02
-1.4281532494e-03
7.6342985034e-02
8.8566713035e-02
-1.3489966393e+00
5.2331054211e-01
-9.2346489429e-01
-1.7142761946e+00
-1.1549075842e+00
2.4377491325e-02
-8.3754487336e-02
-8.4589585662e-02
-3.7045426667e-02
1.9922672212e-01
-2.9725309461e-02
-7.1526341140e-02
-1.1209788732e-02
-7.2203248739e-02
-3.2936591655e-02
-1.8194233999e-02
1.0344242305e-01
2.0093379542e-02
1.2091154605e-01
1.4474827796e-02
6.9003738463e-02
-2.9839479923e-01
-1.1450828612e-01
7.0818588138e-03
-5.7926081121e-02
-3.9041715860e-01
-1.9022959471e-01
6.0907125473e-01
-7.7028416097e-02
1.9911740720e-01
-1.7677482218e-02
1.0384035856e-01
5.6307309866e-01
-1.1165857315e-01
-1.2073550373e-01
1.4591120183e-01
-9.1587716341e-01
-1.1050044298e+00
7.6068168879e-01
-2.8618207574e-01
-2.4016422033e-01
-1.7460253090e-02
3.0882108212e-01
1.4131872356e-01
3.7460051477e-02
-3.9582237601e-01
2.4810446426e-02
-1.3824484348e+00
1.6011312008e+00
6.8011325598e-01
2.8758367896e-01
-4.1139557958e-02
1.1361201759e-03
-1.3283129036e-01
4.6654451638e-02
2.6325789094e-01
1.1929737777e-01
7.1577578783e-02
-1.5865789726e-02
2.1355232224e-02
-7.3442435265e-01
-4.5045640320e-02
4.7531537712e-02
9.2758461833e-02
5.0696313381e-01
-2.8842723370e-01
-1.5240547657e+00
4.7804132104e-01
-7.3388308287e-02
3.6754590273e-01
-5.2927274257e-02
5.9943839908e-02
-2.6202360168e-02
2.2018094361e-01
-2.2790060937e-01
8.9863502979e-01
5.4751002789e-01
-1.2773479223e+00
-9.6165686846e-01
-1.8005447090e-01
7.9558894038e-02
-9.8307549953e-01
-9.0488946438e-01
-5.1230168343e-01
9.1399842501e-01
-5.2229586989e-02
-3.3410336822e-02
-9.0213350952e-02
-2.1781748161e-02
7.9003140330e-02
-7.8368085623e-01
1.3885086775e-01
-3.1960439682e-01
5.2462399006e-01
1.2208779901e-01
-5.9560871124e-01
-2.4856525660e-01
-1.7306637764e-01
7.6831042767e-01
-4.2516642809e-01
-2.5601559877e-01
-5.7718837261e-01
1.7576184869e-01
-4.5151207596e-02
1.6617113352e-01
-4.7686476260e-02
1.0624264926e-01
-2.3564456403e-01
2.5471514463e-01
-1.1482640356e-01
-7.3869846761e-02
-4.2150411755e-02
3.3875722438e-03
2.2555759177e-02
2.8632367030e-02
2.5312376022e-01
3.1931853294e-01
-6.3700802624e-02
-4.4787964225e-01
-8.9920908213e-02
1.1541901529e-01
2.5163072348e-01
-3.5163995624e-01
-2.9048696160e-01
2.7779969573e-01
-2.9516270384e-02
-2.0850244164e-01
1.9222950935e-01
-1.9048261642e-01
1.7062883079e-01
2.0047177374e-01
2.4402325507e-03
-2.3967477679e-01
-2.5225546211e-02
-3.1212228537e-01
2.3607654870e-01
-1.3676626980e-01
7.4544501305e-01
1.9823089242e-01
1.0914044082e-01
-7.8646588326e-01
1.3544366360e+00
-1.0521619320e+00
4.8230239749e-01
-1.1723510027e+00
4.2821258307e-02
-3.8368392736e-02
4.0788747370e-02
-6.3003830612e-02
4.6719793230e-02
-1.3578183949e-01
1.0246181488e-01
1.3170221820e-02
-5.0103598833e-01
6.9151133299e-02
1.3891234994e-01
-3.6743456125e-01
2.1916121244e-01
-1.3136897981e-01
-2.5838259608e-02
-1.8350956440e+00
-8.7189948559e-01
-2.4550643563e-01
7.1764391661e-01
-1.4184347391e+00
5.8946239948e-01
-2.1371707916e+00
-1.3908779621e+00
-2.0837156475e-01
5.4564028978e-01
6.9035209715e-02
1.1640694924e-02
2.1523183584e-01
-8.9186474681e-02
-8.3378009498e-02
-8.0201558769e-02
-5.4806973785e-02
-3.1171357259e-02
-2.8246294707e-02
-1.0629622266e-03
-4.5461755991e-01
-2.3831096292e-01
-1.6555715799e+00
-1.0059237480e+00
-2.0119562745e-01
-2.4198304862e-02
-3.4527152777e-02
8.6216628551e-03
-2.6139281690e-02
3.6679205950e-03
2.0336573943e-02
-3.2801667694e-03
-2.3177085444e-02
-9.0950652957e-02
-2.6000669226e-02
-2.2079924121e-02
-3.4580114484e-01
1.0997874737e+00
-9.6136069298e-01
6.1652833223e-01
-1.6191163659e-01
-1.5296543837e+00
-1.1259071827e+00
-1.2185586244e-01
-1.3269980252e-01
-2.6335304976e-01
2.5085070729e-01
-1.2436173856e-01
1.8773308024e-02
-2.0237374306e-01
-3.2488727570e-01
-9.4321221113e-02
-2.0934644341e-01
3.1685424037e-03
6.7787963152e-01
-2.3887617886e-01
-7.6163440943e-01
3.0963522196e-01
8.4211081266e-01
-1.8168680370e-01
3.1486958265e-01
-1.8617469072e-01
-9.1750288010e-01
6.9323080778e-01
9.1757106781e-01
-4.3808776140e-01
-5.2222484350e-01
-2.5626915693e-01
1.1247483492e+00
-4.7359016538e-01
1.6447347403e-01
-1.5015366673e-01
-6.1380088329e-02
7.6898499392e-03
2.3587353528e-01
3.4179693460e-01
-1.8517392874e+00
-2.8747543693e-01
-1.8883267045e-01
2.8317658231e-02
1.0360189676e+00
-8.9139747620e-01
-1.3493137360e+00
3.8293638825e-01
-9.8206597567e-01
9.5217937231e-01
-3.0715277791e-01
-5.1902806759e-01
-9.6091717482e-01
7.6451045275e-01
4.2019065470e-02
-2.2229154408e-01
9.9169306457e-02
-8.9135236340e-04
1.0133646429e-01
-3.3739283681e-02
4.0021009743e-02
-2.6150804013e-02
4.1016567498e-02
-1.7578701675e-01
8.3915606141e-02
9.0200550854e-02
-1.0144101828e-01
-3.8897296786e-01
4.6726384759e-01
-2.1267872304e-02
1.0549258441e-02
-1.4643623494e-02
-6.2227803282e-03
-8.9111536741e-02
-6.2959617376e-01
7.9853534698e-01
-9.1822201014e-01
-9.2309899628e-02
2.4867595732e-01
3.5407632589e-01
5.0925534964e-01
-1.6114783287e+00
2.0802376270e+00
-1.7876547575e+00
-1.2341315299e-01
1.3376549482e+00
2.2851498425e-01
9.8268434405e-02
1.7248438671e-03
3.0780190602e-02
-1.7981107235e+00
-1.7854036093e+00
8.6367458105e-01
7.7643114328e-01
-8.0010496080e-02
-2.0681330934e-02
-1.4543200843e-02
-6.5559265204e-03
3.7127401680e-02
-3.4067552090e+00
1.7164652050e-01
-1.2190584093e-01
1.2367635965e+00
-1.4695755243e+00
-1.4707069099e-01
2.8662784025e-02
-3.6584421992e-02
-1.2591369450e-01
-1.0573682934e-01
-1.6295020580e+00
-2.4767129421e+00
1.0838569403e+00
-5.2415537834e-01
1.0506705940e-01
2.9195446521e-02
2.5377294049e-02
-3.6823872477e-02
-1.6559144482e-02
-1.2504096329e-01
-6.0284143686e-01
1.4964297414e-01
-1.0925037414e-01
-6.4601010084e-01
1.3207447529e-01
-1.0362390429e-01
-2.4941459298e-01
2.2986014187e-01
-3.6584638059e-02
-1.0016414523e-01
-4.7500318289e-01
1.2049119174e-01
-1.2165071964e+00
-9.1344928741e-01
-2.4010617733e+00
7.7491480112e-01
-1.0271313190e+00
-1.3296654224e+00
-3.2554659247e-01
-2.0655727386e+00
4.7987708449e-01
1.4226920605e+00
2.0514185429e+00
-1.5141377449e+00
2.6298373938e-01
1.2485986948e+00
-1.6039619222e-02
-7.2059601545e-01
-2.9304036498e-01
-1.4113149643e+00
5.5925983936e-02
5.1547165960e-02
-4.9004252069e-03
3.8597143721e-03
-7.7502885833e-03
1.4950942248e-02
2.2271260619e-02
-8.2800403237e-02
-6.6990911961e-02
-7.2047598660e-02
3.6963071674e-02
1.7685389146e-02
-2.8435504064e-02
-2.9737048317e-03
-1.4006467536e-02
-6.2097209692e-01
-4.3345725536e-01
-2.1229133010e-01
-1.6242209077e-01
5.9127818793e-02
3.5885777324e-02
-1.8318079412e-02
1.4906221768e-03
-1.1293039471e-01
3.2476849854e-02
-1.3974873722e-01
1.8225024641e-01
6.9681249559e-02
1.4274080098e-01
-3.0581581593e-01
-5.4291296750e-02
5.8699108660e-02
-1.6875166446e-02
3.7781644613e-02
6.5121352673e-02
1.9533915445e-02
1.0664191842e-01
-1.9479994476e-01
-1.2317532301e-01
9.4673670828e-03
1.8873380125e-01
-6.8051360548e-02
1.7631271854e-02
-5.3769323975e-02
1.3510054350e-01
1.0444404185e-01
4.4736671261e-03
-2.3536609113e-01
-3.1698355079e-01
-5.8078503609e-01
-7.4408523738e-02
-4.3592233211e-02
1.1814440601e-02
8.2218796015e-02
-1.0511632264e-01
-5.0599236041e-02
-1.0919278115e-01
-2.8630265594e-01
-4.1195057333e-02
-5.6527018547e-01
4.1685938835e-02
1.6187448055e-02
-2.2066971660e-01
-5.3466081619e-01
4.8892229795e-01
1.9225360453e-01
4.5084785670e-02
-6.1296742409e-02
-6.2043286860e-02
-7.7722392976e-02
1.6283297539e+00
6.2393969297e-01
-5.8884811401e-01
2.1919175982e-01
-2.8449932113e-02
1.1154779047e-01
1.6946034133e-01
1.3138784468e-01
2.0511858165e-01
-1.6877021641e-02
9.2929661274e-02
-6.6981855780e-03
-1.4933612198e-02
5.3958326578e-02
-6.7011035979e-02
3.7265628576e-01
1.6791149974e-01
-4.0055859089e-01
-6.6679096222e-01
2.3937177658e-01
9.2871539295e-02
1.5812082589e-01
-1.3702680171e-01
-1.7235383391e-01
-4.1352453828e-01
1.7006920651e-02
8.6018063128e-02
2.9341505840e-02
9.9449045956e-02
-1.1261373758e-01
5.2806738764e-02
9.8807059228e-02
7.9954862595e-02
6.5173827112e-02
-1.1626215279e-01
-7.0989459753e-02
-4.9380127341e-02
1.3215547428e-02
-1.5611377358e-01
-1.9818881154e-01
-8.5645690560e-02
-2.5830462575e-01
-9.5246091485e-02
-5.3856596351e-02
1.6211627051e-02
-1.4701548219e-01
-1.6764086485e-01
-4.0204145014e-02
7.5886987150e-02
1.6510570422e-02
-1.7413429916e-01
-7.3067128658e-02
2.2788985074e-01
3.8381820917e-01
2.3678624630e-01
-1.6923068464e-01
1.6994462013e+00
6.2018573284e-02
-3.7975364923e-01
-6.1471712589e-01
-5.0483494997e-02
-6.9910347462e-02
6.6205672920e-02
1.2817639112e-01
1.0397715867e-01
2.2810171545e-01
2.2972388566e-01
1.5088944137e-01
-7.7506929636e-02
-3.8123605773e-03
-4.2135745287e-01
-8.8020479307e-03
7.1612760425e-02
-2.5652533770e-01
-5.4695969820e-01
-1.8012026558e-03
-1.3577766716e-02
-3.6802529357e-03
2.6783458889e-02
7.5126802549e-03
-2.7939614654e-01
-4.6266347170e-01
-2.0401538908e-01
2.7515813708e-01
1.2150999308e+00
7.5609959662e-02
-2.7449559420e-02
2.2084291279e-01
2.9327930883e-02
2.5995146483e-02
4.3378433585e-01
-1.8349103630e-01
-2.5370977819e-02
-1.9922470674e-02
4.1293803602e-02
-9.4634383917e-02
2.2434732318e-01
3.7418010831e-01
-3.4590858966e-02
-1.1167757213e-01
1.5658701956e-01
-1.8016675487e-02
-8.9372016490e-02
1.0434692353e-01
8.4963858128e-02
-2.1157827228e-02
2.0701043308e-02
-4.8653881997e-02
-1.8073985353e-02
-5.2625566721e-02
-1.0078608757e-03
2.5709740818e-02
1.1590988375e-02
1.3696596958e-02
2.4143536575e-03
2.7939524651e+00
2.0598437786e+00
2.2961273193e+00
-6.4507085085e-01
-1.1836185455e+00
1.5859578550e-01
-2.7250226587e-02
-8.3919070661e-02
-1.2485229410e-02
8.6147813126e-03
7.6992526650e-02
-1.4181005955e+00
-5.2442562580e-01
-4.7234475613e-01
7.0562921464e-02
-7.8958261013e-01
-2.8254992962e+00
-1.9397761822e+00
-7.4543815851e-01
-1.7817791700e+00
-7.8020773828e-02
-7.7700972557e-02
5.3762249649e-02
2.4713788182e-02
-1.7404390872e-01
1.0671888478e-02
-7.2600166313e-03
-1.0005136020e-02
-1.8021905795e-02
9.6857838798e-04
-5.0476562232e-02
6.9395512342e-01
-5.8479332924e-01
-2.7821579576e-01
4.4043797255e-01
-2.8306834400e-02
-2.0819645375e-02
-5.9311687946e-02
-6.4524032176e-02
-1.1132927239e-01
1.1911332607e-01
9.5002368093e-02
2.1531837061e-02
3.2414156944e-02
1.4905945957e-01
3.3641126752e-01
7.5093942881e-01
4.1934683919e-01
-7.4462777376e-01
7.6162613928e-02
-3.2857492566e-01
-2.7129132748e+00
-5.4392248392e-01
1.0311050713e-01
6.5273779631e-01
7.1465778165e-03
1.0594147444e-01
1.6129021347e-01
-4.2006719857e-02
-2.0825032890e-01
-1.1108557135e-01
2.3988042027e-02
4.9406519532e-01
3.9406821132e-01
5.0852113962e-01
-9.4794757664e-02
-6.7299060524e-02
-1.5378996730e-01
5.3655892611e-02
-3.7966534495e-02
3.7955377251e-02
5.7237658650e-02
-1.4161872678e-02
3.1636185944e-02
-6.2941469252e-02
7.5411878526e-02
-1.8643267453e-01
-3.4304432571e-02
1.5115819871e-01
-4.1562679410e-01
1.7567391694e-01
-1.2340563536e-01
-4.2439764738e-01
3.7111404538e-01
-7.4660837650e-01
-2.6460409164e-01
-2.0597293377e+00
-2.3103225231e+00
-2.1731379032e+00
-2.0109329224e+00
9.4263218343e-02
-4.1667681187e-02
2.1132497117e-02
-2.5133794546e-01
1.5088638291e-02
-6.0279422998e-01
4.8237052560e-01
4.3281701207e-01
-2.3689769208e-02
-6.4161010087e-02
1.1522114277e-02
3.6270096898e-02
-3.2978072762e-02
-8.5395283997e-02
2.9757397249e-02
-1.7289373279e-01
-7.8420840204e-02
-4.5213587582e-02
-2.4331333116e-02
1.2470494024e-02
5.1291728020e-01
1.6400939226e-01
1.6204714775e-01
4.6980535984e-01
-2.8362369537e-01
3.5497132689e-02
-4.5249782503e-02
-7.6812006533e-02
-3.9495635778e-02
-1.1653155088e-01
-2.6822879910e-02
1.9726518542e-02
2.2313229740e-02
1.5949485824e-02
1.5660744160e-02
-5.6905122474e-03
2.4177308381e-01
1.1415724456e-01
3.8033928722e-02
-1.5329807997e-01
1.0034961998e-01
-3.4309169650e-01
-6.5684086084e-01
-7.2784304619e-02
-1.2978276610e-01
-7.7143681049e-01
-4.6203306317e-01
6.8668663502e-01
-5.7922199368e-02
-2.1734213829e-01
-7.3312558234e-02
2.2164484859e-01
5.4172462225e-01
-2.1193882823e-01
-1.3996988535e-01
6.3579177856e-01
-7.3104776442e-02
8.5198409855e-02
-1.9150756299e-01
-1.0679224730e+00
2.2781586647e-01
1.5094804764e-01
-4.3277648091e-01
-3.3346065879e-01
-7.7643054724e-01
-7.7871829271e-01
-1.0045719147e+00
8.9921832085e-01
-1.1914349794e+00
-9.7114503384e-01
-8.2706493139e-01
-4.2523229122e-01
1.1383049488e+00
2.9488623142e-01
1.3451576233e+00
-2.3594105244e-01
-3.0597668141e-02
1.9248127937e-01
-2.7607727051e-01
-1.4789329469e-01
-8.6000168324e-01
9.0017676353e-01
4.5346856117e-01
-3.0431663990e-01
3.9868089557e-01
-1.4825809002e+00
-1.3104600906e+00
-4.2655649781e-01
-2.6754317284e+00
-2.1121833324e+00
-2.8766090050e-02
1.5817072988e-01
3.8395974785e-02
-6.2580293417e-01
-2.6632542610e+00
6.7869931459e-01
-8.0421847105e-01
1.6544448137e+00
-3.9313213825e+00
-4.5580654144e+00
-1.4682010412e+00
-2.6947379112e-01
2.0350577831e+00
-1.4623056650e+00
-3.4121627808e+00
-7.0116452873e-02
-5.6918191910e-01
6.1410820484e-01
2.4678492546e-01
4.3423628807e-01
-6.2805324793e-01
1.2533724308e+00
4.4363141060e-01
-3.8581717759e-02
-5.3434878588e-01
-4.3788021803e-01
-4.4035489555e-04
-4.8418936133e-01
-1.0003507882e-01
-1.7687320709e-01
-1.1601697206e+00
-3.8573164493e-02
-3.9711940289e-01
-2.7605912089e-01
-1.4708694816e-01
7.9033029033e-04
-3.9323771000e-01
6.1408638954e-02
6.8573933840e-01
3.5722023249e-01
-2.5482803583e-01
5.2968118340e-02
-6.8894648552e-01
4.5114335418e-01
3.3834296465e-01
5.5891090631e-01
5.7141564786e-02
-2.2583582997e-01
-1.8143440783e-01
-7.0961907506e-02
1.1430214643e+00
7.1256339550e-02
1.5737915039e-01
-5.8890718222e-01
6.7775440216e-01
-8.7497657537e-01
-2.0398151875e-01
-5.9061545134e-01
4.0803693235e-02
9.5249287784e-02
1.0156985521e+00
2.8972107172e-01
1.2831932306e-01
-4.1443622112e-01
-1.7410706282e+00
3.7836769223e-01
3.2650724053e-01
2.0756228268e-01
-2.5979506969e+00
-5.0480222702e+00
3.3133244514e-01
3.1542262435e-01
-1.0905367881e-01
-5.3982567787e-01
-3.9706430398e-03
-2.2766007483e-01
-2.4446296692e-01
3.7585783005e-01
7.5050771236e-02
2.5490280986e-01
5.4844081402e-01
-2.3564894497e-01
6.3721632957e-01
1.4014351368e-01
7.7423602343e-01
-5.8935838938e-01
-1.1748275757e+00
2.2024446726e-01
6.5600864589e-02
-8.0580532551e-02
2.4721610546e-01
-7.2459679842e-01
9.3730634451e-01
-1.6842116117e+00
-2.1993658543e+00
1.8908622861e-01
-3.3639357090e+00
1.7533876896e+00
-3.2908067703e+00
-1.9878846407e+00
-3.4579044580e-01
-2.8766185045e-01
7.8019422293e-01
-1.7141149938e-01
-8.3760470152e-02
-1.4509810507e-01
-1.2627202272e-01
4.4565349817e-01
3.4781414270e-01
-3.4371167421e-01
-1.7918208838e+00
-1.9853906706e-02
1.3739830256e-01
-2.4433166981e+00
-2.2917666435e+00
4.8340407014e-01
-1.5594248474e-01
1.9446626306e-01
-3.9440365508e-03
1.2630918622e-01
6.0258740187e-01
-1.8567584455e-01
-1.2043185532e-01
-4.0969708562e-01
-8.5842117667e-02
-2.1952109039e-01
6.1974436045e-01
6.0726493597e-01
-1.6229952574e+00
-8.6864417791e-01
9.0856730938e-01
1.5625188351e+00
6.1528563499e-01
-1.0685443878e+00
1.3311362267e-01
-5.8070424944e-02
4.6587088704e-01
5.5863046646e-01
1.0957174003e-01
7.2773717344e-02
1.2993687764e-02
2.8475356102e-01
-2.7491283417e-01
5.7501542568e-01
-4.9832278490e-01
-5.2649199963e-01
-5.3885871172e-01
1.5661258698e+00
-6.1615836620e-01
-2.2136263847e+00
6.1120486259e-01
-1.8700207770e-01
1.1365295649e+00
-8.0622751266e-03
-6.9425977767e-02
2.2366301715e-01
-5.1167201996e-01
5.4901129007e-01
4.4137531519e-01
-5.8117181063e-01
9.1225004196e-01
9.3897533417e-01
-8.4392335266e-03
-6.4988267422e-01
-1.2094327062e-01
-4.0928621292e+00
-3.0282473564e+00
-4.1827180982e-01
-1.6694161892e+00
-1.7177168131e+00
6.1008667946e-01
-2.3595087528e+00
1.6260191202e+00
-1.5805214643e+00
-5.8594069481e+00
7.0729339123e-01
-1.4730554819e+00
6.4539611340e-01
-8.3425831795e-01
-2.3216354847e+00
-5.2592989057e-02
2.1377845109e-01
1.4660580456e-01
-4.5724204183e-01
-2.4511720240e-01
-6.9682262838e-02
5.9201467037e-01
1.4610460401e-01
-4.7285702825e-01
1.3558544219e-01
2.5154870749e-01
1.8429671228e-01
-5.0116366148e-01
2.3298430443e+00
9.7366267443e-01
4.6192505956e-01
1.6394051909e-01
-2.1737551689e-01
-3.5032969713e-01
-2.2216838598e-01
-1.5124418736e+00
6.2270528078e-01
-1.3914010525e+00
-2.9281535745e-01
-1.4430863857e+00
-3.0131094456e+00
-1.7191840410e+00
2.2383847237e+00
-8.0829188228e-02
-1.1377712488e+00
5.2724558115e-01
3.3901110291e-01
-7.0672124624e-01
1.3129904866e-01
2.9525879771e-02
-8.2479172945e-01
1.9842257723e-02
-1.0369708538e+00
-2.1090772152e+00
-3.8306930065e+00
1.7500887811e-01
3.0400323868e-01
2.7329361439e-01
7.9989522696e-02
-1.2467740476e-01
-8.5857945681e-01
-8.1876850128e-01
1.3335540295e+00
-2.0526185036e+00
-4.2090597153e+00
-2.7993726730e-01
-5.2000564337e-01
2.5633287430e-01
-1.0156843811e-01
1.9996519387e-01
-4.3287935257e+00
-1.3084146976e+00
-1.5419195890e+00
-3.2035217285e+00
-2.0380806923e+00
-5.1319617033e-01
-3.4994602203e-01
5.6812560558e-01
-3.3469554782e-01
4.3000456691e-01
-7.1660093963e-02
8.6868655682e-01
-1.0845673084e+00
-5.5741541088e-02
1.3097693920e+00
2.7016115189e-01
-8.9669235051e-02
2.4789381027e-01
-6.3918039203e-02
-1.2968526781e-01
-1.6057597399e+00
-2.0020952225e+00
-1.2236104012e+00
-4.3357496262e+00
-7.0593504906e+00
1.4542227983e+00
-2.6241347194e-01
8.2723736763e-01
3.2058157921e+00
3.8694348335e+00
6.7294096947e-01
1.4049997330e+00
-9.6307605505e-01
5.5683903396e-02
3.8122078776e-01
1.5951939821e+00
9.6342378855e-01
8.4977638721e-01
2.7075014114e+00
1.6064304113e+00
8.9483730495e-02
8.3920098841e-02
-1.9298627973e-01
1.3511493802e-01
-1.5716315806e-01
2.1315023303e-02
-6.6617906094e-02
1.4276543260e-01
-4.8688527197e-02
-3.2747071236e-02
-2.5033224374e-02
1.2007659674e-01
-1.6820304096e-01
-1.1664752848e-02
4.5959278941e-02
-2.5888958573e-01
-7.0613986254e-01
-1.7711588740e-01
-6.5227687359e-01
1.3233943842e-02
1.9893442094e-01
1.8191941082e-01
-4.0937658399e-02
-2.6132798195e-01
1.4809109271e-01
-2.5810211897e-01
5.5245887488e-02
7.4658358097e-01
4.1689164937e-03
6.6753751040e-01
-1.8117422238e-02
1.4204171300e-01
9.2394582927e-02
9.6360541880e-02
1.3313829899e-02
-4.8823740333e-02
-1.0844019055e-01
1.0911460966e-01
6.7194052041e-02
-6.1830562353e-01
2.1779425442e-01
-5.3423577920e-03
-2.3784169555e-01
-5.9919911623e-01
3.9816561341e-01
-4.5176500082e-01
2.9843223095e-01
-6.2683647871e-01
-4.7564926744e-01
-2.2337397933e-01
2.5923934579e-01
-5.7439550757e-02
2.2129999101e-01
1.6203606129e-01
-1.4925681055e-01
1.7234192789e-01
-2.2997102141e-01
1.8315422535e-01
-1.8103425205e-01
-1.2356463075e-01
4.9083061516e-02
-2.5019484758e-01
2.6565593481e-01
-1.5821778774e-01
-7.2145766020e-01
-1.8660815433e-02
-4.9321759492e-02
1.9132468104e-01
-2.0382735878e-02
-4.4586423784e-02
8.8713830709e-01
1.0349110365e+00
5.5526673794e-01
-5.7539212704e-01
5.8355724812e-01
6.6968649626e-01
4.8977598548e-02
6.3567794859e-02
-3.0910506845e-01
-3.5637408495e-01
-1.1033026874e-01
-6.0911074281e-02
-3.0578094721e-01
-5.7273268700e-02
-1.0896798968e-01
-9.9803008139e-02
-4.1559436917e-01
-1.7183911800e-01
-8.9546032250e-03
5.2511119843e-01
1.7567472160e-01
-1.1369349808e-01
-2.0495304465e-01
-3.3323964477e-01
1.4335592091e-01
3.0459785461e-01
-1.1190233054e-03
2.8973793983e-01
5.5016559362e-01
4.1813322902e-01
-1.2096124887e-01
1.5023796260e-01
4.7205030918e-02
1.6649076343e-01
-2.3964238167e-01
-1.7938032746e-01
-3.1220468879e-01
1.4620313048e-01
-3.9510139823e-01
-1.4180570841e-01
-9.8438233137e-01
2.1043664217e-01
-4.5820394158e-01
3.6533421278e-01
3.5974100232e-01
-2.4887537956e-01
-5.8702449314e-03
-1.6440054774e-01
-3.8424860686e-02
2.3976582289e-01
5.4873710871e-01
3.5312482715e-01
-1.5602539480e-01
-1.7730718851e-01
4.6977353096e-01
-2.3112525940e+00
-6.8426936865e-02
-1.6221444607e+00
1.7583075762e+00
2.1361103058e+00
5.4519619793e-02
1.5391635895e-01
-4.7899198532e-01
-6.2538839877e-02
-2.6873239875e-01
3.2618930936e-01
5.5706661940e-01
1.7108765244e-01
-3.6152234674e-01
2.3585502803e-01
-2.1796171367e-01
6.2102179974e-02
6.7957782745e-01
1.3749545813e-01
2.8481572866e-01
-2.8455692530e-01
-2.4907407165e-01
1.4870469458e-02
6.9758601487e-02
4.8067779280e-03
-2.0871397853e-01
7.1414387226e-01
3.3037558198e-01
3.2297086716e-01
6.5775114298e-01
-1.1178316548e-02
-2.5185120106e-01
2.5319620967e-01
3.2312887907e-01
-9.6728488803e-02
-1.3224004209e-01
-6.4319276810e-01
-1.5963545442e-01
-2.1503822505e-01
1.6736403108e-01
6.8569421768e-01
-2.7875173092e-01
8.0993808806e-02
1.1383838952e-01
3.5237101838e-03
4.7876474261e-01
-1.4552989602e-01
-1.3747751713e-01
1.0224487633e-01
2.7811314794e-04
1.5524158254e-02
1.6565933824e-01
-2.6560997963e-01
3.6901426315e-01
2.2406354547e-01
3.7228345871e-01
6.5090581775e-02
4.6848427504e-02
-2.2310687602e-01
-8.1244528294e-02
-7.4192535877e-01
-2.1539635658e+00
-3.7359645367e+00
-2.2131023407e+00
-3.1067829132e+00
-2.4436818063e-01
2.9544311762e-01
-1.8054038286e-02
1.7198178172e-01
2.0713163912e-01
-1.1215446144e-01
-6.9092500210e-01
3.2106392086e-02
-3.4738856554e-01
8.8851608336e-02
3.9203503132e+00
6.9788998365e-01
1.4741063118e+00
3.6967346668e+00
-4.2233209610e+00
3.3245989680e-01
-7.6692262664e-03
7.4445307255e-02
-3.0735233426e-01
1.3904626667e-01
1.5493522584e-01
2.3255910724e-02
-1.3014494441e-02
-3.9572954178e-02
-2.2324055433e-02
3.0910512805e-01
2.5360059738e-01
-4.1203269362e-01
-2.1557201445e-01
4.5746526122e-01
1.5897066891e-01
-1.0338881612e-01
-3.4721005708e-02
-1.4196881652e-01
-2.0258204639e-01
1.7938347161e-01
-2.7599081397e-01
-1.1826268584e-01
5.3582149744e-01
-1.0312849283e-01
2.0138515532e-01
6.0078591108e-02
2.2682419419e-01
-4.1483739018e-01
-2.3130522668e-01
-4.6807179451e+00
-7.3521537781e+00
-7.7754321098e+00
-5.9245772362e+00
-5.5278153419e+00
3.0037400126e-01
2.5551202893e-01
8.6700491607e-02
-3.2659301162e-01
-5.9238630533e-01
-4.7563168406e-01
-3.4053763747e-01
1.3591268659e-01
-6.9393767044e-03
2.0321102813e-02
7.9448625445e-02
-9.9685430527e-02
-2.6070043445e-01
-2.4759041145e-02
2.7201507241e-02
1.2281763367e-02
5.2176807076e-02
1.2612330914e-01
1.2004300952e-01
1.3712415099e-01
-4.2792150378e-01
-8.5525703430e-01
3.3551335335e-01
2.4760404229e-01
7.5993055105e-01
-2.7186211944e-01
7.6540060341e-02
-7.4275922775e-01
-1.1956202239e-01
4.0217027068e-01
6.6590642929e-01
1.9684273005e+00
3.4607980251e+00
1.9038555622e+00
-1.7063753605e+00
9.4090157747e-01
5.2599829435e-01
1.7867080867e-01
-5.7099208236e-02
1.4013423026e-01
1.0965503454e+00
-9.2777168751e-01
8.7436838076e-03
5.6232720613e-01
-8.3506762981e-02
-3.0102679133e-01
-2.1222274005e-01
-7.8102380037e-02
-3.6650586128e-01
-2.1707585454e-01
1.3712801039e-01
4.0377300233e-02
-5.3491581231e-02
-4.0993414819e-02
-1.0280113667e-01
1.5605598688e+00
9.4145536423e-01
2.2694332600e+00
1.0196106434e+00
-7.8533245251e-03
1.2130571902e-01
-4.4497258961e-02
5.2227605134e-02
-1.8570525944e-01
-7.7073681355e-01
-2.5796363130e-02
4.5794695616e-02
3.1606800854e-02
-7.5979277492e-02
1.4354907908e-02
-2.0843304694e-01
-2.2017034888e-01
-2.0710253716e-01
4.1520292871e-04
-7.4309632182e-02
6.2426123619e+00
4.0605740547e+00
-5.7384467125e-01
-1.1473778486e+00
-2.0140366554e+00
-3.0855265260e-01
-2.2069334984e+00
-2.4166235924e+00
-2.1904489994e+00
-1.2305735350e+00
-5.7716536522e-01
2.9015401006e-01
5.5578241348e+00
2.5796434879e+00
-6.0447657108e-01
-2.7532002926e+00
-1.9827996492e+00
-2.5917479768e-02
-6.8889057636e-01
-1.2167642117e+00
2.7854621410e-01
-2.8771734238e-01
-2.1467326581e-01
1.4694095850e+00
2.4919371605e+00
-2.9036734104e+00
-1.8529073000e+00
1.4600733519e+00
-6.7044776678e-01
-2.0136291981e+00
6.9203953743e+00
8.8586366177e-01
2.2316071391e-01
-1.0481599569e+00
-2.7465238571e+00
-7.8224748373e-01
7.8325462341e+00
4.4873385429e+00
-1.1329123974e+00
-6.1917042732e-01
1.2851779461e+00
8.5961538553e-01
-9.1775232553e-01
9.6218049526e-02
-9.7553837299e-01
-6.0905876160e+00
-7.3174428940e+00
-5.3934383392e+00
-6.2173271179e+00
-6.9132809639e+00
4.7085937113e-02
-8.6958974600e-01
-1.5187118053e+00
-2.0870244503e+00
-3.8315684795e+00
-2.0704295635e+00
-2.8834450245e+00
-4.4116697311e+00
-4.8279280663e+00
-4.7029113770e+00
-9.5946445465e+00
-7.4992432594e+00
-4.0921564102e+00
-5.9775576591e+00
-9.2047923803e-01
-7.6561456919e-01
4.3136528134e-01
7.7017412186e+00
-1.3787546754e-01
-6.7631155252e-01
6.8427906036e+00
2.8575131297e-01
-9.0505272150e-01
-3.4969055653e-01
-3.4828609228e-01
-2.0308284760e+00
5.0943245888e+00
3.4301447868e-01
-1.9236332178e+00
-1.7159047127e+00
2.8254857063e+00
2.4125361443e+00
-3.9391976595e-01
2.1527057886e-01
1.5615388751e-02
-3.0904814601e-01
-3.9406394958e-01
5.8958895504e-02
3.3207290173e+00
3.9751532078e+00
-1.2515224218e+00
3.4118404984e-01
8.6833677292e+00
-2.4864777923e-01
-1.2802802324e+00
1.1491253376e+00
2.0380818844e+00
1.8555921316e+00
5.3539824486e-01
1.2138241902e-02
2.4866862595e-01
1.1748292446e+00
1.3639559746e+00
7.8285300732e-01
1.2822759151e+00
8.6237945557e+00
5.5681115389e-01
-1.7686133087e-01
-9.2357432842e-01
-1.9823765755e+00
4.6782380342e-01
9.4194853306e-01
4.4797196984e-01
-1.3276359439e-01
-1.2887510061e+00
6.2123646736e+00
1.4614188671e+00
-1.1109145880e+00
-5.9800606966e-01
-2.3677346706e+00
-3.5486464500e+00
-4.6850967407e+00
-3.8641889095e+00
-4.6119904518e-01
3.5056465864e-01
-6.9875204563e-01
-1.0511816293e-01
1.0885257721e+01
2.9298048019e+00
-4.0502196550e-01
-9.5255002379e-02
8.3957391977e-01
2.0677542686e+00
1.4855514765e+00
1.9925354719e+00
7.3225665092e-01
4.6537075043e+00
1.8921073675e+00
-1.2327816486e+00
5.9226185083e-01
-9.7616147995e+00
-7.1556992531e+00
-5.8093147278e+00
-6.3876533508e+00
-4.8472971916e+00
-9.8223705292e+00
-1.7765232086e+01
-1.5205938339e+01
-1.1161243439e+01
-7.8711891174e+00
3.3098807931e-01
-8.4895575047e-01
8.1022310257e+00
2.9131555557e+00
-1.2113302946e+00
5.0937849283e-01
1.4521344006e-01
-7.2865587473e-01
6.7640509605e+00
-7.6273334026e-01
-9.3318605423e+00
-3.6218004227e+00
-5.7258586884e+00
-3.1063010693e+00
-5.6280817986e+00
1.4542834461e-01
-1.9935478270e-01
8.7199354172e+00
-5.1827049255e-01
1.2164860964e+00
-1.9115856886e+00
4.8659640551e-01
6.5254397392e+00
-7.7802520990e-01
-2.0694925785e+00
-1.6856915951e+00
-2.1673655510e+00
-1.6197773218e+00
-2.6701595783e+00
-2.6638917923e+00
-2.6839032173e+00
-1.1671248674e+00
-3.5942642689e+00
-2.7072379589e+00
-3.8958823681e+00
2.6972985268e-01
3.2710051537e+00
4.5378880501e+00
1.3588449955e+00
6.7305874825e-01
-5.0209808350e-01
-1.2688676827e-02
2.1154270172e+00
6.1951017380e+00
3.6260848045e+00
-2.3080806732e+00
-6.8516510725e-01
-2.0172056556e-01
-6.7570459843e-01
-3.4645748138e+00
-7.2861373425e-01
2.9118809700e+00
-1.3463058472e+00
3.5302677751e-01
-2.7470937371e-01
-1.6740731001e+00
-1.1717046052e-01
5.5435113907e+00
-7.9992067814e-01
-2.3846910000e+00
-2.4175630510e-01
-8.3853119612e-01
-1.1059142351e+00
-2.5122255087e-01
-2.9380235821e-02
-3.4575011730e+00
-1.3650810719e+00
-3.7870461941e+00
-6.9755978584e+00
-4.0999894142e+00
-4.4534702301e+00
-7.7900328636e+00
-4.2937035561e+00
-5.5556941032e+00
-6.8026800156e+00
-1.5585635900e+00
-1.6075799465e+00
-6.1158543825e-01
2.9437594414e+00
-2.3944964409e+00
-9.8663771152e-01
-1.0671194792e+00
3.5781599581e-02
3.3032703400e-01
5.1134824753e-01
-1.5591444969e+00
-7.8790718317e-01
2.0622923374e+00
5.8729810715e+00
-5.7177138329e-01
2.9244849086e-01
-2.6658567786e-01
2.8744441271e-01
5.3051342964e+00
3.8717031479e+00
-1.9929559231e+00
7.4062004089e+00
-6.4320296049e-01
-5.9736734629e-01
-2.2949645519e+00
-4.2983059883e+00
-3.1665043831e+00
9.1105216742e-01
1.6327953339e+00
2.8772401810e-01
-3.5402934551e+00
-6.3397126198e+00
-5.9503674507e-01
-2.2317030430e+00
-4.2347664833e+00
3.1099400520e+00
4.1444835663e+00
1.4392455816e+00
3.1709730625e-01
9.2545163631e-01
-9.3394508362e+00
-7.4180827141e+00
-6.4463548660e+00
-7.9048042297e+00
-3.7200655937e+00
3.7174761295e-01
-1.1689968109e+00
9.4450302124e+00
-1.2629442215e+00
4.2074241638e+00
-3.6085333824e+00
-4.7078318596e+00
-6.5956969261e+00
-3.4881558418e+00
-6.8080658913e+00
-7.6897226274e-02
7.7622807026e-01
8.0997915268e+00
4.0088641644e-01
-1.0704621673e-01
-4.9238944054e+00
-3.4694485664e+00
-2.4590663910e+00
-5.0251121521e+00
-8.2600021362e+00
9.2275388539e-02
7.1708498001e+00
-2.0874455571e-01
-1.9578299522e+00
-1.2443188429e+00
1.0264022350e+00
1.8484530449e+00
2.3733515739e+00
2.1994752884e+00
2.3444433212e+00
-1.3113701344e+00
4.9158229828e+00
3.1055643559e+00
-1.7555376291e+00
6.6094237566e-01
-5.7537426949e+00
-6.8704314232e+00
-6.8883094788e+00
-6.8008613586e+00
-7.7818932533e+00
-5.6552290916e-01
-7.7981047630e+00
-7.6921920776e+00
-6.5956716537e+00
-3.3792335987e+00
1.5698373318e+00
8.9281147718e-01
1.6516388655e+00
1.4998559952e+00
1.6060540676e+00
-5.9131307602e+00
-7.4461255074e+00
-1.1100733757e+01
-9.5274085999e+00
-1.1003903389e+01
-3.9430224895e-01
4.7097037168e-05
5.5311208963e-01
5.9363003820e-02
-1.2883192301e-01
-6.6278028488e-01
-1.2179410458e+00
-1.3114897013e+00
-4.1832190752e-01
3.6957505345e-01
-2.1412539482e-01
-2.3743221164e-01
4.7639703751e-01
4.4069343805e-01
-6.5524624661e-03
-4.9433797598e-01
-6.5327566862e-01
-1.6547626257e+00
-2.2296409309e-01
1.9984483719e-01
5.5127573013e-01
5.8355963230e-01
4.3957814574e-02
1.7611728609e-01
2.3559297621e-01
-1.0895431787e-01
-4.3512153625e-01
-5.7013237476e-01
3.7460044026e-01
1.8893243372e-01
-1.6020903587e+00
-9.6197772026e-01
-1.2494582683e-02
7.6804064214e-02
-6.0280386358e-02
-1.5725970268e-01
5.9616678953e-01
1.0827449709e-01
-7.6575803757e-01
-1.3984122276e+00
-7.6757490635e-01
3.2237401605e-01
9.4911891222e-01
1.8869026005e-01
1.3752391934e-01
2.6744174957e-01
8.0049973726e-01
1.8587538004e+00
3.9894807339e-01
1.2811015546e-01
-1.8897302449e-01
2.3992615938e-01
3.7927806377e-01
-9.3994177878e-02
3.2289016526e-03
-7.5756579638e-02
8.5828885436e-02
3.0807372928e-01
-3.4065631032e-01
-7.3952788115e-01
-1.0013598204e+00
-5.0526481867e-01
-1.8278822303e-01
2.5038527325e-02
2.7298963070e-01
-4.0527334809e-01
-6.3792473078e-01
-4.1100290418e-01
1.3860452175e-01
3.1232666969e-01
-6.7650318146e+00
-4.5869054794e+00
-6.0585470200e+00
-2.9468660355e+00
-5.7776314020e-01
3.5987183452e-01
9.2970544100e-01
1.1803425550e+00
1.8078777194e-01
1.2520131713e-04
-3.5971522331e-01
3.8648504019e-01
7.2866600752e-01
1.7280341685e-01
2.9312250018e-01
-2.5958091021e-01
2.7446281910e-01
1.7122800648e-01
2.6003941894e-01
6.3539159298e-01
1.6917690635e-01
1.9124619663e-01
-7.9146629572e-01
-9.4964253902e-01
-1.0473500490e+00
1.9580526277e-02
-6.5080130100e-01
-1.0617171526e+00
-8.0863499641e-01
-5.7586443424e-01
8.3347812295e-02
3.2134968042e-01
-3.1398016214e-01
-1.4848085642e+00
-1.0149743557e+00
-5.6021913886e-02
6.5128266811e-01
1.1432332993e+00
4.5983627439e-01
-1.5089902282e-01
7.4073977768e-02
-5.1100367308e-01
-3.7427476048e-01
-9.1374373436e-01
-3.3866107464e-01
-1.0140804052e+00
-2.3076578975e-01
6.5166550875e-01
1.3295666873e-01
-1.5576402843e-01
-3.9201644063e-01
-5.3658175468e-01
-1.4067709446e+00
-1.3215718269e+00
-1.3956046104e+00
-3.0628044128e+01
-2.1857521057e+01
-1.4540832520e+01
-3.0856606960e+00
1.7438834906e-01
1.8429256976e-01
6.4286345243e-01
8.2383346558e-01
7.1788579226e-01
2.5175160170e-01
-4.6474191546e-01
7.9383052886e-02
3.4634554386e-01
1.9866354764e-01
2.9591974616e-01
-3.8689422607e-01
6.2676388025e-01
1.1378892660e+00
4.7191601992e-01
8.8865473866e-02
-6.1320739985e-01
-4.1245460510e-01
-4.0799942613e-01
-5.3932932205e-03
5.1572126150e-01
-6.4322662354e-01
3.0503633618e-01
6.9110393524e-01
3.1171670556e-01
-2.3482215405e-01
2.1310389042e-01
-2.2614851594e-01
-1.0935560465e+00
-4.5944035053e-01
5.7589501143e-01
-1.2180637121e+00
-1.3196746111e+00
-2.3417060375e+00
-5.7531410456e-01
5.0642197020e-03
1.9210676849e-01
6.5658551455e-01
6.5412151814e-01
4.3230596185e-01
3.1176421046e-01
-5.7917886972e-01
-2.7951580286e-01
-8.9653640985e-01
-1.7921608686e-01
3.1285381317e-01
-4.8257742077e-02
2.3331218958e-01
2.2019082308e-01
-8.1434619427e-01
-1.1892536879e+00
-5.0200694799e-01
4.8747476190e-02
5.1387441158e-01
-2.1593306214e-02
-1.0104642063e-01
-1.5103986740e+01
-2.0573385239e+01
-1.8571338654e+01
-1.2307832718e+01
-7.4048500061e+00
-5.3270328045e-01
-8.7112158537e-01
-1.1208459139e+00
1.7603221536e-01
5.2117466927e-01
3.3630210161e-01
2.1499571204e-01
1.1777483225e+00
-6.6579937935e-01
-1.7116863728e+00
-2.2138484955e+01
-2.5845336914e+01
-2.4927923203e+01
-1.9619880676e+01
-1.3185606956e+01
3.0422461033e-01
2.9757741094e-01
7.2616565228e-01
4.5610051602e-02
7.1300297976e-02
-3.8326171041e-01
-6.5678521991e-02
3.8530004025e-01
1.2498024851e-02
-2.5943711400e-01
-8.6618223190e+00
-6.7563948631e+00
-3.1217260361e+00
-4.5798163414e+00
-1.5247687101e+00
-1.6526354849e-01
2.8220063448e-01
1.6137188673e-01
1.5034909546e-01
-6.5144532919e-01
-4.3972469866e-02
2.1664941311e-01
-3.5251710564e-02
-5.7486701012e-01
-3.0090734363e-01
-1.2431600690e-01
2.5454169512e-01
9.3840587139e-01
2.5694116950e-01
-6.8918675184e-01
-2.5385734558e+01
-3.2145130157e+01
-3.2363174438e+01
-2.5796062469e+01
-2.2147052765e+01
-1.9454598427e-01
4.5136648417e-01
1.4987702668e-01
-6.1313927174e-01
-1.2879841328e+00
-3.4474584460e-01
-1.7889170349e-01
5.5590701103e-01
4.2038008571e-01
2.3560282588e-01
3.3396390080e-01
5.1836115122e-01
1.9246934354e-01
-6.9014388323e-01
-5.2306526899e-01
-5.8951579034e-02
1.6871155798e-01
-9.3452185392e-03
-1.2998102903e+00
-8.1959879398e-01
4.0939322114e-01
1.8821446598e-01
-1.8557593226e-01
-5.2910250425e-01
-8.6596083641e-01
-1.6201251745e-01
-7.7620774508e-02
7.8704500198e-01
-1.7201378942e-01
-8.8769048452e-01
-2.2296586990e+01
-2.3746940613e+01
-2.3452056885e+01
-1.8360044479e+01
-1.5648603439e+01
6.5818566084e-01
5.0404727459e-01
6.6320091486e-01
-4.0410673618e-01
-6.2751901150e-01
-1.8460904360e+00
1.6743826866e+00
1.2851737738e+00
1.1457502842e+00
-4.9279991537e-02
-3.9190670848e-01
2.9804015160e-01
7.0572316647e-01
3.1430828571e-01
-1.2874411047e-01
-2.4051354825e-01
-5.3268504143e-01
-1.2853274345e+00
-2.4666596949e-01
3.1541922688e-01
-1.4897991419e+00
-2.7912752628e+00
-3.4336764812e+00
-2.1401174068e+00
-9.8245000839e-01
1.9539956748e-01
4.7153538465e-01
-1.1033521593e-01
-1.3517183065e+00
-1.1238688231e+00
-9.0835970640e-01
-2.2510381043e-01
4.1660770774e-02
-7.7740564942e-02
-1.7038093507e-01
-4.4608360529e-01
1.7690503597e-01
4.1503384709e-01
-8.2473285496e-02
-3.8692513108e-01
-6.3470757008e-01
8.1486171484e-01
1.0221444815e-01
2.0521545410e-01
-1.3795565367e+00
-8.9941978455e-01
-1.0367615223e+00
-3.8127095699e+00
-2.3441534042e+00
-2.4784891605e+00
-4.3354493380e-01
-8.4893083572e-01
-3.3643147349e-01
4.6663111448e-01
-7.7681815624e-01
6.9466443062e+00
4.6932568550e+00
3.9379039407e-01
1.6835550070e+00
-2.6398572326e-01
2.2441024780e+00
4.2018494606e+00
3.2182767987e-01
1.2837607861e+00
2.1749610901e+00
5.2057504654e+00
6.8383731842e+00
3.2520315647e+00
1.0852342844e+00
1.0625724792e+00
-9.5484042168e-01
-2.8951861858e+00
1.1252976656e+00
8.3543741703e-01
-6.0857862234e-01
-1.6660521030e+00
-2.3867975175e-01
-3.8950401545e-01
-5.2566984668e-03
3.6484554410e-01
-7.8039264679e-01
-1.7368531227e-01
-1.6756254435e-01
-8.4303945303e-01
1.0093221813e-01
2.8891503811e+00
6.7077946663e+00
7.3646628857e-01
2.4980874062e+00
1.3924355507e+00
-2.2273631096e+00
-2.7860659361e-01
-7.9444837570e-01
-8.6336231232e-01
-9.2063230276e-01
-8.7537002563e-01
6.8333393335e-01
-8.4487265348e-01
1.2534741163e+00
-2.5841870904e-01
6.8880443573e+00
4.5393085480e+00
9.3488320708e-02
1.2167284489e+00
2.1699755192e+00
-1.1273787022e+00
-9.1215407848e-01
-8.9182831347e-02
5.1882821321e-01
2.4852415919e-01
1.5352971554e+00
7.1100670099e-01
-1.7479761839e+00
8.9967441559e-01
1.0830781460e+00
3.7255885601e+00
-6.7150253057e-01
3.5040876269e-01
-5.9309792519e-01
-8.0074238777e-01
-9.3520486355e-01
-2.6301283836e+00
7.0943033695e-01
3.7591281533e-01
-9.2943513393e-01
1.6750738025e-01
-2.3941022158e-01
-5.4317604750e-02
7.3584038019e-01
-1.5038420446e-02
-2.9879459739e-01
-1.2414970398e+00
8.0283530056e-02
2.2308045626e-01
2.3408253491e-01
-1.2027786970e+00
-1.4541647434e+00
1.2562509775e+00
-8.5908013582e-01
-1.6184856892e+00
-1.2730095387e+00
-6.2922114134e-01
1.1572471857e+00
3.2227644324e-01
-6.7400228977e-01
6.3741132617e-02
1.2309192419e+00
2.6117080450e-01
1.1246867180e+00
-5.1174902916e-01
-6.2366070747e+00
-3.3487021923e+00
5.7256811857e-01
-3.8713756204e-01
-4.5078027248e-01
4.8767266273e+00
-2.0577648282e-01
-2.2738952637e+00
6.4817184210e-01
1.1834125519e+00
-3.3448883891e-01
1.4519377947e+00
-2.1726419926e+00
1.1882737875e+00
1.9817329645e+00
-1.4810817242e+00
-9.3088310957e-01
-5.6157886982e-01
3.4579345584e-01
-4.0275248885e-01
3.3555552363e-01
6.6474956274e-01
1.2352963686e+00
-5.3309466690e-02
-9.0717071295e-01
6.5364986658e-01
-7.6742850244e-02
-2.4029985070e-01
-2.8722824529e-02
-4.2348880321e-02
3.6771030426e+00
4.1535720825e+00
1.1318849325e+00
2.7118656635e+00
1.2022124529e+00
7.8302631378e+00
7.5232214928e+00
2.4147439003e-01
1.8738722801e+00
5.1379590034e+00
1.1640229225e+00
1.5524805784e+00
-7.7644847333e-02
1.7377348244e-01
2.2517870367e-01
8.8084834814e-01
1.5681313276e+00
-5.3256636858e-01
6.9475454092e-01
1.8392044306e-01
8.2250423431e+00
2.8991081715e+00
-2.8075188398e-01
1.8320679665e+00
6.3174879551e-01
4.3058788776e-01
6.0558021069e-01
-3.2753936946e-02
-2.8747043014e-01
-8.6276561022e-01
2.0926275253e+00
3.8859245833e-03
-4.9260640144e-01
4.3695178628e-01
9.7429585457e-01
1.1037580967e+00
5.6028157473e-01
-9.5885634422e-02
1.0901460648e+00
1.0017367601e+00
4.2024197578e+00
4.6183729172e+00
-1.2547578812e+00
1.6427817345e+00
6.2446779013e-01
-3.6914074421e+00
-1.1061199903e+00
4.5596972108e-02
-9.2921280861e-01
-2.6011151075e-01
-4.4223856926e+00
-2.0700817108e+00
5.0774008036e-01
6.6050559282e-01
1.0706754774e-01
5.6166424751e+00
3.9189107418e+00
1.2910568714e-01
3.3450388908e+00
7.4274444580e-01
3.4652516842e+00
5.4157072306e-01
-5.0565167330e-03
-1.5460700989e+00
5.0637491047e-02
2.7122604847e+00
1.8745440245e+00
4.9181329086e-03
1.6384979486e+00
3.7244141102e-02
1.3472839594e+00
7.7586710453e-01
-5.9271067381e-01
-1.4549826086e-01
-1.1320185661e+00
1.2419297218e+01
3.1382768154e+00
-2.5082962513e+00
-3.2249231339e+00
-4.1136102676e+00
9.3673353195e+00
7.9012980461e+00
2.9212725163e-01
3.4483656883e+00
9.9070715904e-01
1.3183039427e+00
6.1737924814e-02
4.6037113667e-01
1.5859450400e-01
-1.4627775550e-01
5.2190281451e-02
9.4005686045e-01
-1.0751194954e+00
2.7156621218e-01
-1.1246559620e+00
-3.7140703201e-01
-3.2340142131e-01
-7.0306533575e-01
-3.8659682870e-01
2.2467933595e-01
-2.1286346018e-01
3.2046573162e+00
7.5917083025e-01
2.0645575523e+00
2.7864134312e-01
-2.9424218461e-02
6.0354340076e-01
5.2622181177e-01
-2.7197086811e-01
-5.9626466036e-01
3.7476363182e+00
2.5974826813e+00
-7.3962056637e-01
2.3500752449e-01
9.3893021345e-02
4.3112258911e+00
4.1276674271e+00
-1.7713835239e+00
1.1735234261e+00
2.8168711066e-01
-3.5412956029e-02
-2.8587007523e+00
-8.6729222536e-01
7.5558632612e-01
-7.1697640419e-01
9.4884033203e+00
4.0711512566e+00
1.1815942526e+00
1.8696789742e+00
9.1809433699e-01
-2.1090462804e-01
2.2368736267e+00
-9.9558390677e-02
-6.4675229788e-01
-5.3493088484e-01
-3.4898767471e+00
1.4902409315e+00
8.2058262825e-01
2.2215700150e+00
2.2891376019e+00
-3.4234299660e+00
-7.1822100878e-01
-3.3269593120e-01
2.3179335892e-01
-4.8146936297e-01
2.6681766510e+00
-9.6519255638e-01
-9.0384733677e-01
-7.4491488934e-01
-5.5685341358e-01
-1.0749509335e+00
-3.1353369355e-01
4.3912079930e-01
5.1988160610e-01
9.2878001928e-01
-1.7564115524e+00
-1.1833761930e+00
5.5351465940e-01
-7.7324688435e-01
-1.1797864437e+00
1.0955358744e+00
1.3592407703e+00
1.7117062211e-01
2.0798201859e-01
-1.9638837874e-01
2.1452853680e+00
1.4741339684e+00
-2.3122556210e+00
2.5228998065e-01
1.3433163166e+00
2.2087273598e+00
-2.2295863628e+00
-6.0164365768e+00
-3.1387245655e+00
-4.5065406710e-02
-2.0028281212e+00
-3.2021508217e+00
1.4315029383e+00
2.9461460114e+00
-1.4514368773e+00
-6.6011585295e-02
8.2060866058e-02
-6.2333645821e+00
-5.3558702469e+00
-7.4151587486e-01
-1.8660644069e-02
-4.5268395543e-01
3.7800994515e-01
1.1474797875e-01
-2.8225326538e-01
8.3129823208e-01
6.7352837324e-01
-1.3582029939e-01
-7.1679703891e-02
1.2113412470e-01
2.0118464530e-01
-2.2440686822e-01
1.2086819857e-01
7.7785797417e-02
-5.8983278275e-01
1.3018720150e+00
1.2667537928e+00
-9.4676756859e-01
-6.9093072414e-01
-1.3611771166e-01
4.4500827789e-01
1.7487706617e-02
3.3102816343e-01
-1.8311306834e-01
-1.4770023525e-01
-3.9823737741e-01
-6.2648254633e-01
-6.9257611036e-01
-9.2417216301e-01
-3.5955297947e-01
9.3527026474e-02
1.9007940590e-01
-1.1140155792e-01
1.2240967155e-01
1.5975347161e-01
-9.4652920961e-01
-6.2475317717e-01
1.9227360189e-01
-6.2762475014e-01
-1.1651828289e+00
-5.8418858051e-01
-3.3489927649e-01
-1.3453021646e-01
2.1965838969e-01
-1.5389154851e-01
-8.1316745281e-01
-1.2881921530e+00
-5.4864060879e-01
-2.8643238544e-01
-8.7087804079e-01
-2.8620696068e-01
1.3647019863e-01
-1.1186577380e-02
-2.6887160540e-01
-2.4264627695e-01
4.6816089889e-04
-1.7422111332e-01
4.2359441519e-01
6.3852733374e-01
1.1201595888e-02
1.2416671515e+00
6.6452282667e-01
-5.4862374067e-01
-4.1839098930e-01
6.5162843466e-01
-6.4734452963e-01
9.9542692304e-02
-2.8154361248e-01
-1.6106146574e-01
-2.3605763912e-01
-3.5694184303e+00
-2.5666627288e-01
-2.0728766918e+00
-6.6837924719e-01
-1.8549698591e-01
-1.2114670277e+00
-6.2209403515e-01
-1.0630464554e+00
1.3418109715e-01
-4.0013325214e-01
2.7197515965e-01
2.0340517163e-01
3.8404360414e-01
-7.9218171537e-02
-4.0960758924e-01
-1.7265400290e-01
4.1311796755e-02
2.9425808787e-01
-5.6138664484e-01
-4.9198452383e-02
-6.1644446850e-01
1.4469612390e-02
4.1649001837e-01
-6.3935196400e-01
-3.4058311582e-01
1.9619958103e-01
-5.2158898115e-01
-7.5274246931e-01
5.1096685231e-02
-7.7689790726e-01
-4.1933241487e-01
-1.6723680496e-01
4.3532264233e-01
-7.1145474911e-01
-1.4152094126e+00
-3.0609413981e-01
-1.5475879610e-01
9.6360519528e-02
4.4960927218e-02
7.9927794635e-02
-1.0988824368e+00
-1.5524052382e+00
5.8252435923e-01
-7.2455448098e-03
6.0369366407e-01
-1.4310301542e+00
-1.0329426527e+00
6.7788749933e-01
2.3462405801e-01
-2.0651202649e-02
-8.2127737999e-01
7.1403630078e-02
1.3466550112e+00
2.5764560699e-01
9.6254366636e-01
-6.8904633522e+00
-7.6878910065e+00
-7.2418327332e+00
-2.8092856407e+00
-6.8032759428e-01
2.9873296618e-01
1.1780525446e+00
6.5568810701e-01
3.1927302480e-01
-1.7649449408e-02
-2.6333281398e-01
1.5939798951e-01
8.2143086195e-01
1.9319136441e-01
4.0389916301e-01
-9.4622755051e-01
-4.6841499209e-01
3.0874609947e-01
-4.4106519222e-01
-8.2662415504e-01
4.4011074305e-01
1.1916482821e-02
6.0625135899e-01
-2.9016515613e-01
1.5821056440e-02
4.9031639099e-01
5.9088170528e-01
1.0099198818e+00
4.1253572702e-01
3.3998513222e-01
7.2192788124e-02
1.6122075915e-01
-3.8885527849e-01
-2.2817569971e-01
-3.2313090563e-01
2.2551577091e+00
1.2151963711e+00
-1.5488278866e+00
-4.1304731369e-01
-9.3658976257e-02
3.7353652716e-01
3.9196261764e-01
5.7033246756e-01
8.4118884802e-01
1.9293020666e-01
-1.3554921150e+00
-8.3793777227e-01
-9.0811002254e-01
-2.5267505646e-01
-1.2972132862e-01
4.9096882343e-02
2.0207044482e-01
7.3770940304e-01
-3.0187374353e-01
-4.2500263453e-01
-1.5136216581e-01
-1.3263256848e-01
6.7558556795e-01
-1.3062904775e-01
-2.7715808153e-01
-7.1499409676e+00
-6.6035871506e+00
-9.2138719559e+00
8.8582170010e-01
1.1361987591e+00
3.1996932626e-01
2.8987482190e-01
-6.7555975914e-01
-5.4174298048e-01
1.4638531208e-01
2.6411870122e-01
7.1584179997e-02
5.1696866751e-01
-2.2161211967e+00
-7.5586634874e-01
3.5720901489e+00
8.1952915192e+00
3.3815281391e+00
6.7515462637e-01
4.5407843590e+00
4.3763592839e-04
8.7576910853e-02
1.2621384859e-01
-2.6651632786e-01
-1.6110302880e-02
-1.5691252053e-01
-2.7291870117e-01
4.4370973110e-01
2.3552413285e-01
-2.6917654276e-01
-5.8357720375e+00
-2.4346969128e+00
-1.4133447409e+00
-7.6043856144e-01
5.5083847046e-01
-2.7127131820e-01
-4.0747678280e-01
6.0216176510e-01
2.8989508748e-01
-4.5229730010e-01
-7.5938653946e-01
-2.7114567161e-01
-2.9444876313e-01
-3.8101732731e-01
-4.4285345078e-01
-3.8600116968e-01
1.3309113681e-01
6.9042019546e-02
3.9140588045e-01
2.3852673173e-01
-5.8700795174e+00
-8.1558980942e+00
-1.3935948372e+01
-8.5253286362e+00
-8.3386878967e+00
-5.9108465910e-01
-1.2005636841e-01
2.2652809322e-01
-1.7830929160e-01
-2.1289584041e-01
-5.7014268637e-01
-1.1066355705e+00
-1.0426512957e+00
-5.1223695278e-01
4.6233636141e-01
-1.5255879164e+00
-1.1840362549e+00
2.9124420881e-01
-3.7233236432e-01
-1.2404752970e+00
-3.4885692596e-01
3.7541836500e-03
5.3163141012e-01
-4.7513043880e-01
-7.0933896303e-01
9.2986214161e-01
3.2855968922e-02
-1.5615874529e-01
6.9241636992e-01
4.6757030487e-01
3.5404410958e-01
5.3243923187e-01
3.6209735274e-01
3.4755725414e-02
2.4532167614e-01
8.2164983749e+00
7.3594641685e+00
2.8570919037e+00
3.0969924927e+00
3.6748466492e+00
1.7904746532e-01
2.4568901956e-01
-3.2060924172e-01
-2.4897907674e-01
-1.3692715168e+00
-1.5165868998e+00
1.2610474825e+00
1.6269254684e-01
1.9403571263e-02
-3.4933531284e-01
-5.4650664330e-01
-2.2375984490e-01
1.3107934594e-01
1.9471244514e-01
-9.3006100506e-03
-1.5371806920e-02
-1.0637386888e-01
-3.8116770983e-01
-5.0871491432e-01
-2.1174697578e-01
-1.8712313175e+00
1.9278656244e+00
2.1188590527e+00
3.5404207706e+00
1.9546189308e+00
-2.4067844450e-01
-4.2591174133e-03
-1.0319452733e-01
-5.3494209051e-01
-1.0051643848e+00
-4.7882223129e-01
-1.8701587617e-01
-2.2542288527e-02
-1.5895588696e-01
-2.8484085202e-01
-3.3145663142e-01
-1.2325862050e-01
1.4462809265e-01
-1.0914868861e-01
1.6567004845e-02
-2.3696537316e-01
-1.5826171637e-01
8.1602178514e-02
-1.6704246402e-01
-6.0671847314e-02
3.1748548150e-01
5.3858172894e-01
1.1017137766e-01
-3.3186796308e-01
-9.8199836910e-02
2.8101027012e-01
-3.0681881309e-01
2.1011194587e-01
2.1606977284e-01
1.1869516969e-01
-5.3320413828e-01
2.1429957449e-01
3.7245908380e-01
2.2123309970e-01
7.6479125023e-01
-2.4669110775e-01
-1.3058108091e-01
-6.1257801950e-02
2.0837413147e-02
-6.8262800574e-02
-1.1144871712e+00
-9.8271739483e-01
4.5346519351e-01
1.1584838629e+00
-2.6973634958e-01
2.7654653788e-01
-1.1776779592e-01
3.5842467099e-02
5.6080043316e-02
-1.1878469959e-02
-6.7784860730e-02
-5.0274059176e-02
3.0501782894e-01
1.0280444473e-01
-5.0664223731e-02
-1.5481014550e-01
4.0698322654e-01
2.7806276083e-01
6.3865202665e-01
-4.4232583046e-01
-2.3545253277e+00
-1.2163758278e+00
-7.2307541966e-02
9.2001527548e-01
1.3602663577e-01
2.5866670534e-02
5.0227828324e-02
-1.4606547356e-01
1.3422594965e-01
8.4818124771e-02
8.7258562446e-02
-3.2030087896e-03
9.2946326733e-01
1.9384390116e+00
1.5473524332e+00
-6.4722728729e-01
3.6026528478e-01
-7.2931760550e-01
1.1836012602e+00
-2.4535641074e-01
-7.4696771801e-02
-2.2147750482e-02
-5.4346080869e-02
-1.1821165681e-02
9.0553335845e-02
5.6442201138e-01
-3.1869468093e-01
-3.0978026986e-01
-2.0650193095e-02
9.1796174645e-02
6.7296856642e-01
-3.0951187015e-01
1.4344607592e+00
-1.1439846754e+00
5.9806197882e-01
9.8021912575e-01
3.5789352655e-01
5.5208668113e-02
1.2131683528e-02
1.1624059826e-01
2.1082340181e-01
-1.4429837465e-01
1.6277249157e-01
-2.1039377153e-01
-2.3056842387e-02
-7.4606858194e-02
3.2616201788e-02
-7.8628428280e-02
4.3807756156e-02
3.6502461880e-02
-1.5666164458e-01
-4.6579897404e-01
-2.1722194552e-01
-1.1087014340e-02
6.1992265284e-02
-3.0699178576e-01
-1.8786334991e-01
3.1410729885e-01
1.7743408680e-01
-5.7864588499e-01
-5.7038582861e-02
2.1828061342e-01
1.4382071793e-02
-2.0649929345e-01
-1.9962096214e-01
5.4153818637e-02
-1.6291214526e-01
-2.3383384570e-02
-5.2045561373e-02
2.4358434603e-02
-4.7079315782e-01
2.4178102016e+00
1.1260502972e-02
-5.7262939215e-01
7.9844909906e-01
1.7752531171e-01
-1.9863713980e+00
1.1711330153e-02
-4.3006229401e-01
5.4825294018e-01
-3.7369348109e-02
4.0172014385e-02
-1.0390040278e-01
-3.4269463271e-02
-1.3073496521e-02
3.9688143879e-02
-9.6238017082e-02
-5.4575884342e-01
2.4034793675e-01
3.5444492102e-01
1.6846530139e-01
1.7121109366e-01
-1.4267158508e-01
-2.3774953187e-01
1.1441808194e-02
-1.0610387325e+00
-9.4209849834e-01
1.1788312197e+00
1.8812515736e+00
-8.7336534262e-01
-2.4028723240e+00
-1.2751066685e+00
-2.0395398140e+00
5.6072169542e-01
1.1616035700e+00
-4.6711131930e-02
1.9609360024e-02
1.6716165468e-02
-3.2522115856e-02
1.6284602880e-01
4.4713556767e-02
3.2644905150e-02
3.0526019633e-02
-5.1162213087e-02
1.0001987219e-02
2.0660488605e+00
2.0083711147e+00
-1.3074754179e-01
3.1965413690e-01
7.9101288319e-01
4.7425851226e-02
1.0998451151e-02
-2.0937621593e-02
-4.7850042582e-02
-6.4347819425e-03
-6.5014988184e-02
-3.4485165030e-02
-1.0420062393e-01
1.3322762214e-02
4.9049932510e-02
2.9031300545e-01
-1.3661208749e-01
-6.7776536942e-01
-5.6389409304e-01
3.0916722491e-02
1.5709486008e+00
-9.9956679344e-01
-5.6737405062e-01
-1.4076349735e+00
1.5553930998e+00
-9.1302126646e-02
-1.7519104481e-01
1.1261139065e-02
3.6334908009e-01
-2.2126650438e-02
2.2522665560e-02
2.2551864386e-01
-4.4742166996e-02
1.4100508392e-01
-1.3502069712e+00
-9.1360050440e-01
-2.5337645411e-01
-3.5132712126e-01
3.5835024714e-01
1.8402328491e+00
6.0776454210e-01
-3.8456085324e-01
-4.2361798882e-01
-2.7693119645e-01
4.6673285961e-01
9.0528033674e-02
-6.7386704683e-01
9.6525090933e-01
-1.6471734643e-01
-3.5398456454e-01
-9.3292869627e-02
-1.8928189576e-01
-4.2994076014e-01
4.2455312610e-01
-8.1083364785e-02
6.5041202307e-01
1.6739599705e+00
1.4975295067e+00
1.5737375021e+00
3.3655756712e-01
-3.0401183292e-02
-6.9041615725e-01
7.8080326319e-02
1.7361100912e+00
3.9273023605e+00
-1.1545647383e+00
4.4673109055e-01
9.6378403902e-01
1.4730886221e+00
6.4683181047e-01
-1.4040848613e-01
-4.5305613428e-02
-1.6723655164e-01
-2.4683250487e-01
1.1437910050e-01
1.6437834501e-01
7.8488506377e-02
6.0152579099e-02
-1.1924662441e-01
-1.0273487121e-01
1.3148161769e-01
1.9258001447e-01
3.2339921594e-01
-7.1057897806e-01
1.8520145118e-01
-1.0709639639e-02
-1.0613788664e-01
1.5690554865e-03
2.2626385093e-02
1.5912654344e-03
-3.4631097317e-01
1.1372494511e-02
-1.6375848651e-01
5.5017656088e-01
9.4803065062e-01
-7.3145163059e-01
-1.4545232058e+00
-5.1316356659e-01
7.6167625189e-01
-7.5683146715e-01
-3.6241617799e-01
2.8947699070e-01
3.9174901322e-03
-4.6977538615e-02
1.5702965856e-01
-6.2591469288e-01
-7.1657854319e-01
-1.0506384820e-01
1.5688887835e+00
2.5121917725e+00
2.5616845116e-02
3.4304298460e-03
-4.9161691219e-02
-4.5768070966e-02
-1.0500155389e-02
-4.6780851483e-01
-6.3620668650e-01
-6.0548198223e-01
4.0150013566e-01
9.2922842503e-01
-1.0085193068e-01
-2.6448556781e-01
-5.6236889213e-02
-2.1911622956e-02
4.5091725886e-02
1.7380342484e+00
1.8313198090e+00
-1.6401611269e-01
1.2187416553e+00
1.8759273291e+00
-4.7595720738e-02
3.4025106579e-02
1.6545605659e-01
6.6456034780e-02
8.8827358559e-03
-7.6177068055e-02
1.1538353749e-02
-1.7810581252e-02
-4.5262730122e-01
-4.2927280068e-01
1.0802331567e-01
1.8329255283e-01
-3.6134690046e-01
-3.3807311207e-02
-2.0118911564e-01
1.4561338425e+00
-1.1354334354e+00
8.3545458317e-01
4.2174789310e-01
1.5916566849e+00
2.7059071064e+00
2.3737292290e+00
5.3344786167e-01
-5.8359559625e-02
-2.8552324772e+00
-4.9899244308e-01
7.2477555275e-01
1.2718929052e+00
1.8234339356e-01
-2.4174843729e-01
2.3578625172e-02
9.8761565983e-02
5.7695806026e-01
-7.8004968166e-01
7.5826354325e-02
4.7680344433e-02
2.5833370164e-02
2.1035880782e-03
-2.5327095762e-02
1.6275587259e-03
2.7884635329e-01
1.2965842150e-02
-8.0431491137e-02
-5.7871676981e-02
-5.7571984828e-02
1.8638276961e-03
8.4368744865e-03
-3.5843532532e-02
-2.8496433049e-02
1.1835963465e-02
-1.8712915480e-02
-8.9930349588e-01
8.8764540851e-02
3.3769652247e-01
-3.9653402567e-01
3.8612220436e-02
3.9183765650e-02
3.0308982823e-03
-5.7299941778e-02
-3.4877084196e-02
2.8594630957e-01
5.9358101338e-02
1.7981232703e-01
1.2510997057e-01
2.4770295620e-01
7.8625716269e-02
6.1238963157e-02
2.8220465407e-02
5.3305983543e-02
-1.6721101478e-02
-2.8382994235e-02
-5.6876007468e-02
-5.0141543150e-02
-6.1481900513e-02
4.9608185887e-02
-2.9695248231e-02
-1.2256849557e-01
-1.0481807590e-01
1.7926808447e-02
1.3124746270e-02
6.3974183798e-01
-3.8873094320e-01
-1.4322288334e-01
-1.3236644864e-01
-4.3288597465e-01
7.6369859278e-02
9.0221054852e-02
-9.1216918081e-03
1.7071628943e-02
4.0715117007e-02
-5.8153992891e-01
1.9420632720e-01
6.1959694140e-03
-3.3081158996e-01
4.4527634978e-01
3.6693534255e-01
1.7620037496e-01
-3.8253870606e-01
6.1404354870e-02
-3.3051806688e-01
-3.9864759892e-02
-9.1651873663e-03
-5.2568834275e-02
-4.8000190407e-02
-4.6303324401e-02
7.4771583080e-02
1.4535664320e+00
-1.5265030861e+00
-3.1556424499e-01
-7.2966955602e-02
4.0203623474e-02
1.5677613020e-01
3.0961344019e-02
1.6656762362e-01
9.3806013465e-02
7.6702130027e-03
2.6078687981e-02
2.7565788478e-03
-2.5130387396e-02
-5.2938889712e-03
1.0972359776e-01
4.7795800492e-03
-5.4497146606e-01
1.2970200181e-01
2.0922853053e-01
5.0637934357e-02
-5.4576285183e-02
-5.3981828690e-01
-1.8838566542e-01
1.7042328417e-01
-3.7687532604e-02
-9.0791285038e-02
-1.7793573439e-02
2.6639810205e-01
-4.7147536278e-01
4.0380015969e-02
-3.5148598254e-03
-7.2678956203e-03
-4.4069197029e-03
-1.3361130841e-02
-2.8065126389e-02
-1.4613418281e-01
9.4535136595e-03
1.2207617983e-02
-2.6538459584e-02
8.2375034690e-03
-2.9631778598e-01
-6.0555770993e-02
9.2199042439e-02
-2.3692494258e-02
-5.1449788734e-03
1.5975986607e-03
-2.4078462273e-02
-2.2857574746e-02
3.3360943198e-02
-4.2883828282e-02
-3.3806975931e-02
-3.9343480021e-02
-2.7114701271e-01
-2.6001840830e-01
2.5977625847e+00
-1.9531670809e+00
3.0183190107e-01
1.4147039652e+00
-1.0709115267e+00
3.9241090417e-02
3.6869689822e-02
2.7904106304e-02
7.3185019195e-02
3.9175461978e-02
1.7591546476e-01
3.0988940969e-02
1.3102732599e-01
1.3666173443e-02
1.5474848449e-01
3.3007476479e-02
-1.1998420209e-01
4.6856101602e-02
-2.6729413867e-01
9.2571683228e-02
-2.5535689201e-03
1.5622976236e-02
2.4053535890e-03
2.6507300790e-03
2.5437850505e-02
-8.8092082739e-01
5.3006380796e-01
-8.9783567190e-01
4.6950790286e-01
-8.6594742537e-01
4.7320872545e-02
1.0281509906e-01
1.7491707206e-01
1.3011534512e-01
6.5118379891e-02
2.8959628195e-02
6.2133491039e-01
1.0616705567e-01
3.6985144019e-02
8.7852798402e-02
-1.4812758565e-01
-7.4002206326e-02
4.3708685786e-02
5.1141448319e-02
-5.2723605186e-02
-3.0316460133e-01
1.5905115288e-03
-1.9765618443e-01
-1.2293093652e-01
-2.6320200413e-02
-2.3330792785e-02
9.0949991718e-03
-3.2417420298e-03
-4.5292972936e-04
3.6007188261e-02
-4.0317419916e-03
9.4204209745e-03
2.2283922881e-02
8.8285533711e-03
-1.6606604680e-02
-2.8156486154e-01
-3.6620783806e-01
7.9039472342e-01
1.5994262695e+00
-6.8581223488e-01
1.4598996378e-02
-4.9066998065e-02
-1.4628029428e-02
1.4130421914e-02
3.6132510751e-02
2.5560379028e-01
-1.4339467883e-01
-3.1003627181e-01
-1.6021127999e-01
-2.0312835276e-01
-1.5524065495e-01
-1.6185491085e+00
-1.7554370165e+00
-1.0408939123e+00
2.2055583000e+00
3.6521768570e-01
3.3690044284e-01
1.7589859664e-01
-4.0336702019e-02
-7.6687879860e-02
9.2780161649e-03
-7.4842916802e-03
-5.4254564457e-03
-4.1675642133e-03
-9.0376194566e-03
-2.6245546341e-01
5.3949010372e-01
6.8186700344e-01
-3.2667598128e-01
-1.6875611246e-01
1.4319630340e-02
1.1865447275e-02
-3.0050162226e-02
-2.2520408034e-02
-5.8377128094e-02
-7.8505255282e-02
-1.6886001825e-01
1.0305503383e-02
-6.9851316512e-03
1.0434980690e-01
9.3925589323e-01
-6.4246796072e-02
-2.5398239493e-01
-6.7124807835e-01
1.0078857094e-01
-2.6153609157e-01
5.4736673832e-01
3.3325585723e-01
1.8413544893e+00
8.5036188364e-01
1.2519925833e-01
1.0704362392e-01
8.3368368447e-02
1.6387137771e-01
-1.2715835869e-01
-1.6055096686e-01
-8.6028710008e-02
8.1496283412e-02
1.0842794180e-01
2.2371180356e-01
8.7746307254e-02
-7.3032692075e-02
-2.1023052931e-01
3.0411045998e-02
7.8948520124e-02
1.0972625576e-02
1.3904042542e-02
3.3371035010e-02
1.0128669441e-02
4.4147323817e-02
-1.5414038301e-01
1.6292298213e-02
4.9234762788e-01
-1.6891255975e-01
-1.7402169108e-01
2.9848143458e-01
5.6313771009e-01
-5.3357207775e-01
-3.8806581497e-01
3.3410224319e-01
1.2922095060e+00
-8.6122214794e-01
-5.6621146202e-01
-2.1297724545e-01
-2.6597125530e+00
-1.1568488926e-01
3.7096664310e-02
3.0588257313e-01
2.1885654330e-01
6.1283107847e-02
-1.9543527067e-01
5.5731475353e-01
2.5548604131e-01
1.2192240357e-01
-5.9351187199e-02
1.3694942929e-02
3.8850414567e-03
3.6289475858e-02
-4.4421855360e-02
2.4193231016e-02
-7.2880990803e-02
1.0631023906e-02
-3.7796512246e-02
-5.2949856967e-02
-1.9363624975e-02
-5.2043008804e-01
9.1118983924e-02
-1.6286138296e+00
1.3615157604e+00
-2.5267961025e+00
3.0592273921e-02
-8.6313504726e-03
-4.3007705361e-02
-3.4808956087e-02
-4.5039962977e-02
-4.7515932471e-02
1.8134912243e-03
9.1914151562e-04
2.6450101286e-02
1.8863398582e-02
-4.1839063168e-02
7.3577836156e-02
7.9174011946e-02
-4.3461695313e-03
-1.5513086691e-02
-1.8754561245e-01
-1.3477769494e-01
2.2353738546e-02
2.1844916046e-02
-4.4424861670e-02
-6.8713642657e-02
3.3308811486e-02
1.9471049309e-01
-9.1027533635e-03
-1.6621066630e-01
1.8763975799e-01
3.2950215042e-02
-1.3541044295e-01
-1.4215248823e-01
3.3632457256e-02
-1.1632810831e+00
-6.5553593636e-01
1.4677330256e+00
8.0102004111e-02
-2.3524099588e-01
-1.6606524587e-01
1.9631256163e-01
-3.7710192800e-01
3.1530901790e-01
2.2527921200e-01
-1.1704845726e-01
-1.5288609266e+00
-7.7189993858e-01
4.6428030729e-01
1.3559925556e+00
7.0910803974e-02
-2.5806522369e-01
5.6851837784e-02
2.6000568271e-01
-1.0562507808e-01
1.2012298405e-01
-9.3374647200e-02
1.4889003336e-01
-1.6324715316e-01
-2.8247177601e-02
1.0090795755e+00
6.6092479229e-01
-1.3154963255e+00
1.4279736280e+00
-6.6633784771e-01
1.6294747591e+00
-1.9469594955e+00
9.5182424784e-01
8.8285475969e-01
8.3630383015e-01
-1.8037464470e-02
2.2706091404e-02
5.9344436973e-02
6.2600716949e-02
9.2622600496e-02
-2.1384701133e-01
-1.9890439510e-01
2.1783006191e-01
1.0536649227e+00
1.2942689657e+00
-4.4987273216e-01
3.0542504787e-01
1.2625266612e-01
-5.0316143036e-01
5.1312333345e-01
-7.8705482185e-02
-5.2998669446e-02
-1.7568169162e-02
5.5422272533e-02
-7.4842609465e-03
3.0585339665e-01
-2.0306402445e-01
-2.6682901382e-01
3.4224268794e-01
-2.4554900825e-01
-5.1032477617e-01
2.0448839664e-01
1.5726561844e-01
-5.4748910666e-01
-3.3008995652e-01
7.1968787909e-01
5.4472225904e-01
-2.6195472479e-01
-1.2299146503e-01
3.0011638999e-02
2.2725529969e-02
-1.3014981151e-01
3.8886278868e-02
6.7887432873e-02
-2.5310486555e-01
-2.7454979718e-02
-1.0157536715e-01
-2.4298733100e-02
1.0799469799e-01
-5.0043869764e-02
4.6351492405e-02
4.3948134780e-01
-5.4762589931e-01
1.8287844956e-02
-1.6540458798e-01
3.3736571670e-01
-1.3290463388e-01
-2.5162479281e-01
-2.1809045970e-01
3.8691970706e-01
4.9262559414e-01
-2.4412833154e-01
1.8229617178e-01
-8.9558437467e-02
2.7079090476e-01
2.1428556740e-01
-7.8570567071e-02
-1.1817954481e-01
7.2489894927e-02
-1.9486562908e-01
-2.4014000893e+00
7.8833264112e-01
-8.3080458641e-01
1.0214569569e+00
-2.7326175570e-01
-6.0354631394e-02
8.7246310711e-01
-5.4075360298e-01
-5.3801137209e-01
3.5754209757e-01
1.1489491165e-01
-2.1546205506e-02
4.4860206544e-02
-1.4463824034e-01
-1.2529966235e-01
-4.7567272559e-03
6.1414238065e-02
1.9923213124e-01
-6.4853787422e-01
-1.4578662813e-01
1.1635432392e-01
1.7526870966e-01
6.3158994913e-01
-1.9354538620e-01
-2.5640293956e-02
-2.3424520493e+00
4.4927594066e-01
-1.0476441383e+00
-4.4358140230e-01
-1.0037221909e+00
1.5495995283e+00
-3.8585641384e+00
-3.5102516413e-01
1.0317674875e+00
-1.8129930496e+00
-1.8006244674e-02
-1.0466518253e-01
-1.9141042605e-02
1.8166641891e-01
1.3245554268e-01
-3.4947404638e-03
2.4762531393e-04
-1.0282544047e-01
5.8602605015e-02
-7.1447514929e-03
-1.7019959688e+00
-1.3548405170e+00
1.4107006788e+00
6.1875045300e-01
6.7232906818e-02
-2.0159354433e-02
-5.8989692479e-02
3.5688770004e-03
1.9038289785e-02
4.7981828451e-02
2.0867949352e-02
3.4539975226e-02
-8.9665548876e-03
6.2396612018e-02
2.1886631846e-02
-1.4514815807e-01
5.5510586500e-01
4.3612188101e-01
2.7898287773e-01
-5.2782422304e-01
-1.2744266987e+00
1.1016453803e-01
-4.6419146657e-01
3.5268527269e-01
2.9857474566e-01
-1.3819803298e-01
-4.7559693456e-02
-4.8758125305e-01
4.9394896626e-01
-1.2810251676e-02
1.7560404539e-01
4.7547912598e-01
6.1362523586e-02
-3.8606745005e-01
-1.2429802865e-01
-8.4990537167e-01
-4.5156186819e-01
-1.0129286051e+00
2.7498733997e-01
5.2740192413e-01
-3.9745849371e-01
4.4926673174e-02
-2.1107718349e-01
3.5037142038e-01
-2.0535564423e-01
6.1172917485e-02
1.0380722284e+00
-5.6402605772e-01
3.1976559758e-01
-4.0483230352e-01
-2.8183890507e-02
-1.2875063717e-01
9.8747760057e-02
2.2382745147e-01
8.9577548206e-02
-2.8188569546e+00
-3.4917050600e-01
7.5487494469e-01
-2.2497873008e-01
4.0475827456e-01
3.6350911856e-01
-3.5580487251e+00
-9.3082481623e-01
4.1888737679e-01
-2.4859135151e+00
3.0353447795e-01
1.0937977582e-01
8.3274149895e-01
-2.5656935573e-01
8.9976829290e-01
5.4302364588e-03
1.2873309851e-01
1.5365098417e-01
-1.2361522019e-01
1.0553993285e-01
-3.3690765500e-02
3.1447221991e-03
1.4870440960e-01
-2.1420566738e-01
-7.1213975549e-02
3.7648286670e-02
-1.2236484885e-01
-1.7671211064e-01
5.2977792919e-02
-8.1838005781e-01
-1.1950431019e-01
-4.7304976732e-02
-1.3092470355e-02
-6.2605470419e-02
-7.8997500241e-02
-3.8596220315e-02
-6.8500870466e-01
-3.9663100243e-01
-1.7932316661e-01
1.6509851813e-01
1.5835752487e+00
-2.1386237144e+00
9.2269754410e-01
2.0035791397e+00
4.5272701979e-01
-4.4009876251e-01
7.0592874289e-01
4.6790849417e-02
-1.7740666866e-01
5.6507060071e-04
-1.4759246111e+00
-1.4597827196e+00
-3.7710392475e-01
-1.1766148806e+00
1.1257845163e+00
6.6054664552e-02
-5.2397228777e-02
-6.8871602416e-02
1.1868227273e-02
1.3005505316e-02
5.3207689524e-01
-4.0378546715e-01
-1.9816441834e-01
-3.8215523958e-01
3.2249270007e-03
-7.9563811421e-02
5.0221323967e-02
-1.0049346834e-01
-5.8541238308e-02
1.0267764330e-02
-1.0347026587e+00
-7.5042045116e-01
1.0979353189e+00
1.0344800949e+00
9.8648256063e-01
-5.4751738906e-02
-1.6205695271e-01
1.3665305078e-01
-2.5951784104e-02
-2.8109299019e-02
-5.8809537441e-02
1.1491026878e+00
-9.3518906832e-01
-3.4186938405e-01
3.3416658640e-01
-3.0967528000e-02
2.3187385499e-01
3.1595736742e-01
4.7672249377e-02
4.8050869256e-02
-2.1006700993e+00
-1.3155117631e-01
3.7596932054e-01
7.7648347616e-01
-2.2915314138e-01
1.6334599257e+00
1.9575735331e+00
9.6407294273e-01
-1.2191550732e+00
-9.9837988615e-01
-1.8727099895e-01
9.6528512239e-01
-3.4457939863e-01
-4.4505921006e-01
-1.4226135612e-01
-1.0108540058e+00
1.5917442739e-02
3.8843289018e-01
1.1689944267e+00
-2.1105861664e-01
-2.8379971161e-02
-1.0597868823e-02
1.8416624516e-02
4.5144874603e-02
1.9239502028e-02
1.8671786785e-01
-4.0422450751e-02
4.5665646903e-03
-2.4389808998e-02
-1.0822985321e-02
1.3895875774e-02
7.9132162035e-02
7.6343819499e-02
5.1172461361e-02
2.4406215176e-02
2.5071579218e-01
-6.9232481718e-01
6.0414779931e-02
-5.6106168032e-01
3.3650845289e-02
4.0233001113e-02
-8.2552470267e-02
1.4609551057e-02
-9.3397699296e-02
5.4188217968e-02
-3.9963820577e-01
4.5088343322e-02
1.5851567686e-01
1.8227802217e-01
-2.0070555806e-01
-1.2908056378e-01
-1.2761078775e-01
-2.9651300982e-02
2.4219656363e-02
2.0514082164e-02
-2.5491623208e-02
-1.8415197730e-02
-9.7431704402e-02
-1.2965882197e-02
-1.6548123956e-01
-6.6481888294e-02
-3.9189368486e-02
-1.2885450386e-02
-1.0504865088e-02
-4.7774268314e-03
5.9679958969e-02
1.0306753963e-01
9.1961532831e-02
-5.2973073721e-01
-5.8113422245e-02
3.8866810501e-02
5.3598950617e-03
1.7824098468e-02
-1.5969125554e-02
-1.7268341035e-02
-5.7957332581e-02
-1.1379680037e-01
3.4582898021e-02
-9.0806722641e-02
3.1914278865e-01
-1.5504899621e-01
2.6454326510e-01
4.7314819694e-01
-5.7401083410e-02
4.2339000106e-01
8.1611514091e-02
1.2857763469e-01
9.7058944404e-02
3.3168617636e-02
5.0051145256e-02
-8.1719082594e-01
-5.7507250458e-02
4.4432327151e-01
-3.3215218782e-01
2.8178781271e-02
1.2414111197e-01
-8.6952254176e-02
-1.1298319325e-02
2.3713715374e-02
5.5822706781e-03
-5.9741549194e-03
-8.0335706472e-02
1.3835901394e-02
-2.4544415995e-02
-5.2259910852e-02
-5.7933079079e-03
4.4937446713e-01
2.3021768034e-01
-1.9555865228e-01
-4.4811412692e-01
-9.1021753848e-02
1.2800011039e-01
5.0851255655e-02
-7.2857521474e-02
-1.4722342789e-01
3.7342682481e-02
7.5275920331e-02
9.0359635651e-02
2.4568241090e-02
2.0288549364e-01
1.0738367587e-01
7.4874125421e-02
5.6247673929e-03
-3.7206981331e-02
-3.4554440062e-03
-8.0235805362e-03
1.4035175741e-01
9.2387013137e-02
-4.8654071987e-02
-3.2254878432e-02
-6.2804296613e-02
1.7680250108e-01
2.5243228674e-01
2.0872041583e-02
1.5874046087e-01
-8.1331975758e-02
-3.1288225204e-02
-9.8185315728e-02
4.8165518790e-02
-4.8503283411e-02
1.2868782878e-01
-8.7223581970e-02
4.0845360607e-02
-2.2380907834e-01
2.5672951341e-01
-4.1519894600e+00
-1.4920699596e+00
-7.9456377029e-01
9.5287740231e-01
1.4123091698e+00
1.5519190580e-02
3.2042216510e-02
-5.5050805211e-02
1.2561082840e-02
-5.6155014783e-02
1.0461646318e-01
1.4313204587e-01
5.1212452352e-02
-9.4111964107e-02
-1.9510488212e-01
-4.1071909666e-01
3.9688745141e-01
-2.8673157096e-01
3.8806554675e-01
-6.0484892130e-01
-3.0972424895e-02
-3.8227923214e-02
-2.6625985280e-02
8.5948966444e-03
-1.4066258445e-02
9.5780783892e-01
3.9912334085e-01
-3.8648134470e-01
-5.4119813442e-01
7.6637095213e-01
-1.6528699547e-02
-1.1043888330e-01
-1.8256193399e-01
-5.8456260711e-02
2.8237277269e-01
3.4241145849e-01
-4.5324489474e-01
-4.1926506907e-02
-1.1781136692e-01
-6.5547406673e-02
-1.6016162932e-02
-1.1320829391e-01
3.5786920786e-01
-4.1726816446e-02
-3.1971982121e-01
-2.8821235895e-01
-1.3105182908e-02
1.9476845860e-01
1.0857294500e-01
6.6058807075e-02
1.5256862389e-03
3.8522087038e-02
7.7147367410e-03
1.9484672695e-02
-2.7143700048e-02
-1.0863784701e-02
-1.7918600934e-03
1.6892164946e-02
3.6939285696e-02
2.4863276631e-02
-1.6035090685e+00
-1.6642440557e+00
-1.1774674654e+00
-1.2497618198e+00
1.8232480288e+00
2.3483447731e-02
3.8758642972e-02
-6.9337757304e-03
6.8596242927e-03
6.3697984442e-03
4.0116679668e-01
2.4215515703e-02
-1.7812412977e-01
-2.3698627949e-01
-2.7313587070e-01
5.1442486048e-01
7.5910747051e-01
8.2524991035e-01
-7.2279191017e-01
1.6120828390e+00
-3.8670298457e-01
-2.8042843938e-01
-7.2716376744e-03
1.5809977055e-01
-1.9524824619e-01
-1.5779543668e-02
3.7124734372e-02
1.5908174217e-02
1.2845943682e-02
8.3565497771e-03
-2.7345955372e-01
5.8119404316e-01
-8.7668791413e-02
1.3793933392e+00
3.9764869213e-01
-6.0173250735e-02
-3.8363415748e-02
-5.0298675895e-02
3.6956872791e-02
-1.2384222820e-02
-1.7809646204e-02
2.7225671336e-02
-5.3222492337e-02
-2.4909192696e-02
1.0451654904e-02
-9.0691082180e-02
1.7396269739e-01
-8.5899874568e-02
5.3361058235e-01
1.8486168981e-01
-3.0880146027e+00
-2.9324374199e+00
-1.4487098455e+00
-5.8755618334e-01
1.1613167524e+00
-1.0815377533e-01
1.7935268581e-02
-4.5476131141e-02
1.7016351223e-01
2.6779383421e-01
2.0390775055e-02
-1.1697671562e-01
1.7886370420e-01
3.6320206523e-01
2.5102382898e-01
5.9501916170e-02
6.8890079856e-02
6.1663176864e-02
1.7033614218e-02
-2.1075380966e-02
-2.6115724817e-02
-3.0577229336e-02
-1.6654042527e-02
-3.0876165256e-02
-2.2566467524e-02
-1.6100625992e+00
3.7873432040e-01
-5.8800488710e-01
4.0670892596e-01
1.3618904166e-02
4.7134381533e-01
-7.2069001198e-01
-6.1594444513e-01
9.1386526823e-01
-7.0835226774e-01
-6.2224262953e-01
1.5979754925e-01
2.0732684135e+00
-3.6710977554e-01
7.2996383905e-01
-6.2079927884e-03
-9.4497695565e-02
-6.8628221750e-02
7.4610732496e-02
-8.8198405504e-01
-1.7380040884e-01
1.4939770103e-01
8.9437685907e-02
4.2914349586e-02
-2.5752967224e-02
6.6310819238e-04
5.2538093179e-02
-4.4626407325e-02
-4.9660317600e-02
-1.2668788433e-02
-1.4987780154e-01
-5.2971653640e-02
3.7924116477e-03
8.8884504512e-03
1.9695346709e-03
5.7856529951e-01
-1.1780049801e+00
-3.4415423870e-01
1.9972421229e-02
1.4370203018e+00
-1.5490122139e-02
-2.2386448458e-02
-2.4115767330e-02
4.3816555291e-02
1.6028016806e-02
7.0644870400e-02
2.0429251716e-02
1.1995698325e-02
1.1168063618e-02
-2.4510949850e-02
8.5381411016e-02
-1.1589822918e-01
-1.0380671918e-01
-3.1676873565e-02
-1.2853901088e-01
-6.9731253386e-01
1.4118444920e-01
-7.4242168665e-01
7.3994344473e-01
1.1865297556e+00
3.3569099903e+00
1.1453475952e+00
1.5497437716e+00
1.6243854761e+00
2.3127796650e+00
1.2592794001e-01
7.7402973175e-01
1.0088427067e+00
3.7378039211e-02
9.0368878841e-01
-7.8304731846e-01
-3.0617828369e+00
-1.0543376207e+00
-1.1966979504e+00
9.7603005171e-01
-3.2201516628e-01
-6.3817602396e-01
7.6200330257e-01
1.4937351942e+00
-3.3571057320e+00
-8.3779495955e-01
-1.7784242630e+00
-1.8489962816e+00
-4.9987840652e+00
-2.0269005299e+00
-1.1058856249e+00
1.5381402969e+00
1.6721822321e-02
1.0007579327e+00
3.5754477140e-03
2.8005737066e-01
3.5135682672e-02
1.1630328745e-01
4.4772556424e-01
4.2967513204e-01
-3.7225285172e-01
3.6765232682e-01
1.2048690319e+00
-1.5848180056e+00
-4.4433005154e-02
1.6740009189e-01
-2.3133375645e+00
1.2007111311e+00
-2.7246117592e+00
-3.4794416428e+00
8.4061688185e-01
1.8255643845e+00
2.2113354206e+00
5.9389233589e-01
-1.9247932434e+00
-6.3564771414e-01
-3.1450241804e-01
1.5128582716e+00
-2.7342267036e+00
-2.6106398106e+00
1.0766102076e+00
7.2956335545e-01
-1.5520777702e+00
-2.6283068657e+00
-3.8672218323e+00
6.1617106199e-01
-7.8956085443e-01
2.0356611907e-01
3.3559775352e-01
-7.1055768058e-03
-8.2985246181e-01
1.3439434767e-01
4.4465027750e-02
-2.7432703972e+00
-2.9258158207e+00
-3.3456036448e-01
1.1999679804e+00
-5.2145861089e-02
-2.2975997627e-01
4.4485741854e-01
-9.0753924847e-01
6.5973371267e-01
1.6294275224e-01
-2.0506050587e+00
1.6252315044e+00
1.7759052515e+00
-7.1378000081e-02
3.6172202229e-01
6.7287433147e-01
-8.1051576138e-01
-9.1054171324e-02
-2.1075990796e-01
5.3272849321e-01
3.0987265706e-01
-8.6790692806e-01
9.2541176081e-01
4.5337039232e-01
-1.8958426714e+00
6.3485360146e-01
2.1702778339e+00
2.1583999693e-01
-3.5709798336e-01
-1.8999617100e+00
-3.8878729939e-01
1.4279505014e+00
-3.5501694679e-01
1.2455468178e+00
-4.1965177655e-01
1.0123738050e+00
4.1138851643e-01
6.3845330477e-01
2.0514445305e+00
-6.3563305140e-01
-1.3078490496e+00
-1.0356997252e+00
-6.6630048752e+00
-3.1339318752e+00
-3.5031528473e+00
-9.1908788681e+00
-5.2039895058e+00
-4.2830702662e-01
1.9617091119e-01
1.3379396200e+00
-5.4129619598e+00
-1.8384424448e+00
-9.4213999808e-02
1.9374120235e-01
4.2770987749e-01
-1.6238231212e-02
1.7617036104e+00
1.0851969570e-01
-4.6186268330e-01
-1.2194107771e+00
2.6845398545e-01
2.4997558594e+00
-8.6906892061e-01
6.5651494265e-01
-1.2045655251e+00
-1.0683986545e-01
-8.8900613785e-01
1.5779374838e+00
2.2315826416e+00
-2.5896826386e-01
-4.6947793961e+00
-7.6201353073e+00
3.2469208241e+00
2.5912048817e+00
8.0551300049e+00
1.2216061354e-01
-4.1577954292e+00
-2.9375648499e-01
1.5037686564e-02
2.1807250977e+00
-1.2446856499e+00
-1.2649665773e-01
3.2298636436e-01
-3.5215696692e-01
-4.3275371194e-01
6.9099211693e-01
-1.2606762648e+00
-1.4705182314e+00
-1.0020852089e-01
3.1291749477e+00
-1.5894161463e+00
-6.8755245209e-01
4.3495094776e-01
3.2997155190e-01
-9.8025429249e-01
2.3182985187e-01
-3.8562741876e-01
1.4491029084e-01
-7.8503477573e-01
2.6661261916e-01
-7.6661759615e-01
-1.0664839745e+00
-1.4705871344e+00
-1.3886368275e+00
-1.3966330290e+00
-1.4654663801e+00
-1.6392548084e+00
5.0971132517e-01
-2.7348029613e+00
-2.3589599133e+00
-1.5359882116e+00
6.5190446377e-01
9.2092806101e-01
-1.0201388597e-01
4.1929513216e-01
-9.0852695704e-01
2.3843557835e+00
1.8459022045e+00
-2.5419560075e-01
5.2997505665e-01
9.0679460764e-01
9.3784743547e-01
1.7038743496e+00
-2.1406815052e+00
7.4205839634e-01
-5.2274093628e+00
-8.3436431885e+00
-2.5039634109e-01
-3.2308462262e-01
-4.5279419422e-01
6.6168636084e-02
3.0782837868e+00
6.7561471462e-01
-2.3265719414e+00
9.6272766590e-02
-2.9646093845e+00
-1.7679293156e+00
9.3194365501e-01
4.3760898709e-01
5.9265333414e-01
-1.5649892092e+00
-1.7433500290e+00
-1.0209918022e+00
5.3393006325e-01
7.5313317776e-01
-1.4891771078e+00
-1.8323596716e+00
7.3753595352e-01
-3.4178469181e+00
2.2233469486e+00
-4.0821599960e+00
-7.0893783569e+00
-3.3166787028e-01
1.6650667191e+00
-2.0865721703e+00
-1.8235167861e-01
-4.6012783051e+00
3.0609412193e+00
4.9240839481e-01
-5.3204804659e-01
6.6542577744e-01
1.5059359074e+00
-4.1367793083e-01
5.6928855181e-01
-6.7529612780e-01
9.7104227543e-01
4.7198307514e-01
1.5845934153e+00
-1.1379691213e-01
-6.9326895475e-01
2.8106088638e+00
-1.6918988228e+00
2.8339704871e-01
-7.2196835279e-01
-5.9628605843e-02
1.6365104914e+00
-4.6939570457e-02
2.3557114601e-01
-6.9887667894e-01
-2.4044737816e+00
-2.7225525379e+00
-1.7310608625e+00
-1.3938034773e+00
-1.8682365417e+00
9.7828704119e-01
-3.6372642517e+00
-4.5327153206e+00
-3.2010012865e-01
1.3091453910e-01
-6.5385454893e-01
-6.1345291138e-01
2.4893109500e-01
3.1477704644e-02
5.0225853920e-01
-8.5167050362e-01
-2.7700734138e+00
-4.5159759521e+00
1.6670979559e-01
2.6139381528e-01
-1.4589457512e+00
3.1483483315e-01
-3.5184953213e+00
3.1984593868e+00
3.6756138802e+00
1.5922747850e+00
1.0852431059e+00
-5.5861787796e+00
1.8762581050e-01
2.6748588681e-01
-1.3381351531e-01
1.0101289749e+00
1.5604678392e+00
-2.9288644791e+00
-1.4042325318e-01
-1.0645310879e+00
-2.8474414349e+00
-5.0133008957e+00
-3.1713035703e-01
7.8150975704e-01
-5.8183699846e-01
5.7513868809e-01
-3.0601460934e+00
1.0293502808e+00
6.5954369307e-01
-1.4816819429e+00
6.9779795408e-01
1.5068573952e+00
1.6533651948e-01
7.1665984392e-01
-6.5777802467e-01
-4.7197276354e-01
-1.0255804062e+00
1.4998886585e+00
1.8830273151e+00
2.6075224876e+00
-9.9933636189e-01
-2.3706711829e-01
-2.7862830162e+00
-1.1559634209e+00
3.5157485008e+00
1.8922007084e+00
-3.2160827518e-01
-2.1556425095e+00
3.4676620364e-01
-1.4718735218e+00
-1.7563447952e+00
3.8675007820e+00
4.8414096832e+00
4.0411186218e+00
6.3032746315e+00
6.6823525429e+00
6.3860142231e-01
3.9290469885e-01
7.8843683004e-02
-2.4506559968e-01
1.2527352199e-02
1.1197427660e-01
6.7377942801e-01
-1.1570502073e-01
9.9186874926e-02
1.1927772313e-01
1.4566488564e-01
7.0073425770e-01
5.5099862814e-01
1.0094553977e-01
2.6681452990e-01
6.1247199774e-02
5.1892489195e-02
-7.0145916939e-01
-6.2110763788e-01
-9.6056026220e-01
7.7908349037e-01
3.2686245441e-01
2.3355630040e-01
6.4303465188e-02
1.6162143648e-01
1.3189049065e-01
2.9155215248e-02
-4.9970248342e-01
-1.9695723057e-01
1.1792757511e+00
2.3365476131e+00
7.0257717371e-01
1.8609470129e-01
-2.1250699461e-01
-1.0140586644e-01
-2.3703187704e-02
-2.8485733271e-01
3.1167638302e-01
-5.0022169016e-03
5.3587543964e-01
8.0908143520e-01
1.6244550049e-01
1.2787345052e-01
-1.0527638346e-01
8.5218232870e-01
-3.1114308164e-02
-4.5218384266e-01
-5.3729832172e-01
-7.2690445185e-01
-5.2997136116e-01
-7.8611230850e-01
3.2200223207e-01
3.9999358356e-02
1.9750764966e-01
-2.8680413961e-01
9.6416145563e-02
8.9861057699e-02
1.1903480440e-01
2.0777404308e-01
6.5680140257e-01
3.6734330654e-01
2.7424367145e-02
-1.0343667269e+00
-4.7577908635e-01
3.9553976059e-01
6.1960566044e-01
4.1185483336e-01
1.4270564541e-02
1.2879890855e-03
-2.2503231466e-01
4.2309225537e-03
-1.8071825504e+00
-9.5830017328e-01
8.7316393852e-01
4.4161280990e-01
6.4417731762e-01
-1.1737939119e+00
2.8750246391e-02
3.3397033811e-01
8.0853539705e-01
9.7071152925e-01
5.5083692074e-01
9.1056734324e-02
-2.7062696218e-01
1.1799651384e-01
-6.6554266214e-01
-5.9315878153e-01
-9.8335027695e-01
-5.8942872286e-01
5.1345616579e-01
5.8942830563e-01
3.3883431554e-01
5.3508228064e-01
-1.0183864087e-01
5.6190717220e-01
-5.0838726759e-01
-7.7535197139e-02
2.9259240627e-01
9.9407881498e-01
-2.7230668068e-01
-8.1927776337e-01
2.2912937403e-01
5.0849772990e-02
1.8165785819e-02
5.0964546204e-01
1.1147197485e+00
-4.8746824265e-01
-5.1891583204e-01
2.4077141285e-01
6.4158402383e-02
7.9445606470e-01
8.2673609257e-01
3.6841183901e-01
-1.7916648090e-01
-1.7047721148e+00
-1.6488771439e+00
-3.0971497297e-02
-3.2060769200e-01
-9.7125363350e-01
-4.3443870544e-01
-3.3390035387e-03
-3.0938062072e-01
-9.1404831409e-01
4.6659782529e-02
-1.3147661686e+00
-1.7605719566e+00
1.4385179520e+01
7.5766668320e+00
4.0925254822e+00
-1.3445638418e+00
-1.8266417980e+00
9.9077470601e-02
1.7582339048e-01
-7.1469259262e-01
-8.7550365925e-01
-9.6385461092e-01
-1.0317672044e-01
2.6115673780e-01
-4.1457358003e-01
-6.5321934223e-01
4.1860899329e-01
5.6093961000e-01
5.7641692460e-02
-2.8245419264e-01
-9.4216771424e-02
2.4609440565e-01
1.5079008415e-02
-8.0836281180e-02
-4.0506801009e-01
-2.4797537923e-01
-4.6034783125e-02
2.0367121696e-01
-6.0988813639e-01
-7.8799372911e-01
-1.0757703781e+00
-7.9762005806e-01
-8.8228970766e-02
4.0890809894e-01
5.7841539383e-01
1.6374666989e-01
-1.2715844810e-01
9.2940427363e-02
-2.0736670122e-02
8.8069993258e-01
6.9767224789e-01
9.5108515024e-01
1.6819892824e-01
7.6364427805e-01
-1.7620900273e-01
-8.0517452955e-01
-3.8290005922e-01
2.7969178557e-01
-4.5493307710e-01
1.1847216636e-01
-2.1454864740e-01
-8.9067138731e-02
4.5752042532e-01
3.4543630481e-01
-4.3820582330e-02
-4.2114526033e-02
-3.5270473361e-01
1.0078106821e-01
3.2940324396e-02
-7.2861678898e-02
-2.7693677694e-02
-4.3877054006e-02
7.0703554153e+00
6.4837069511e+00
7.0175123215e+00
-1.6812037230e+00
-2.0508170128e+00
1.6940759122e-01
-3.7708017975e-02
-3.4725698829e-01
2.2301343083e-01
3.7209856510e-01
4.8849412799e-01
-3.2629868388e-01
-4.2080807686e-01
9.8408842087e-01
-7.1483373642e-01
-2.5141468644e-01
6.3093596697e-01
2.5504791737e+00
8.1260442734e+00
6.3492935896e-01
4.2377007008e-01
4.2724484205e-01
4.8572695255e-01
-1.5965138376e-01
-8.4597390890e-01
1.1496029794e-02
3.2038542628e-01
-5.8958187699e-02
2.2181078792e-01
-7.9809546471e-02
3.6374967098e+00
3.2664227486e+00
1.4756520987e+00
-4.7857302427e-01
-7.3410683870e-01
4.3838709593e-01
2.9739010334e-01
-1.9602176547e-01
3.3153566718e-01
5.8258432150e-01
9.0346306562e-01
5.7400830090e-02
-2.2906763852e-01
-1.0433027893e-01
-4.1202133894e-01
4.3052756786e-01
2.2280474007e-01
4.4326189160e-01
5.2082680166e-02
8.4815633297e-01
1.3191973686e+01
1.1088815689e+01
1.2240517616e+01
6.3049831390e+00
5.1231032610e-01
6.9919578731e-02
-6.2871471047e-02
-5.4343312979e-01
3.3690032363e-01
2.8264319897e-01
7.3576766253e-01
7.2132483125e-02
2.5663959980e-01
-5.5216765404e-01
-1.8973723054e-01
6.3148266077e-01
4.4442012906e-01
2.9504278675e-02
6.5497565269e-01
5.3641134501e-01
3.1257402897e-01
4.3507063389e-01
-9.4947665930e-02
3.1658399105e-01
8.9498907328e-02
-4.6539473534e-01
2.5126028061e-01
2.5878900290e-01
6.6823172569e-01
4.7210028768e-01
1.2739242613e-01
1.0462214239e-02
7.8539706767e-02
-3.4419432282e-01
-9.1769891977e-01
-3.5947580338e+00
-2.2778086662e+00
8.3886343241e-01
4.3578130007e-01
3.0867080688e+00
5.6619530916e-01
2.0580160618e-01
5.8342456818e-01
2.8036385775e-01
6.1501920223e-01
-4.2203745246e-01
-4.4295346737e-01
-5.2090249956e-02
2.0923189819e-01
-9.4112312794e-01
1.6863277555e-01
3.4066256881e-01
-3.6313659512e-03
-1.8489418924e-01
2.7877673507e-01
1.4810325205e-01
-1.9185092300e-02
5.3404486179e-01
1.2387532741e-01
2.7813261747e-01
-8.2291203737e-01
-1.4154059887e+00
-1.7412041426e+00
-6.4901919365e+00
-4.6011648178e+00
2.4748355150e-02
-2.5460204482e-01
2.1683226526e-01
3.9111167192e-01
5.7482993603e-01
5.1104044914e-01
5.5668924004e-02
-6.6315904260e-02
3.1220287085e-01
3.1347304583e-01
3.5282126069e-01
-5.4459024221e-02
-1.5014509857e-01
-1.1861070991e-01
-2.9485496879e-01
1.1791501045e+01
1.2771069527e+01
-6.1209565401e-01
6.1286586523e-01
1.2159918547e+00
-3.6110568047e-01
-8.2169786096e-02
-1.7477591336e-01
9.6811759472e-01
8.4361922741e-01
2.3457780480e-01
-3.2296609133e-02
6.5035266876e+00
6.9987821579e+00
-1.2308817357e-01
-1.2460221052e+00
-1.3072507381e+00
-1.9828902483e+00
-1.0353578329e+00
-6.0280680656e-01
-4.4965243340e-01
-1.5367935598e-01
-6.6222393513e-01
4.8299345374e-01
1.2646467209e+01
-3.8311641216e+00
-3.5573883057e+00
-1.5149796009e+00
-1.8986299038e+00
-1.9383276701e+00
1.3727692604e+01
-1.6447390616e-01
-4.9285706878e-01
4.8300114274e-01
1.3311223984e+00
-4.7851631045e-01
1.1759266853e+01
1.3015507698e+01
-5.6518918276e-01
3.5816049576e-01
5.8808541298e-01
4.8503088951e-01
3.3628601581e-02
-2.3753419518e-01
-9.4156101346e-02
-5.1331672668e+00
-4.6520485878e+00
-6.5906810760e+00
-4.9487791061e+00
-3.6331303120e+00
3.3664909005e-01
4.0819320083e-01
4.8809424043e-01
7.6421976089e-01
4.3770760298e-01
-1.6071204841e-01
-2.5854151249e+00
-2.5583732128e+00
-2.4181156158e+00
-3.0671479702e+00
-7.4365143776e+00
-8.4007787704e+00
-8.5912199020e+00
-5.7399873734e+00
-5.0640134811e+00
1.3467605412e-01
-1.2542253733e+00
2.0043033600e+01
-1.3168643713e+00
1.2133851647e-01
1.5337497711e+01
-7.4036574364e-01
3.0146384239e-01
1.4726781845e-01
-1.3258816004e+00
-6.7161053419e-01
8.1673784256e+00
-2.5564115047e+00
5.1947060972e-02
-1.1984205246e+00
7.0525960922e+00
6.6386957169e+00
1.0283975601e+00
1.1637544632e-01
3.0598634854e-02
3.1458446383e-01
2.7481779456e-01
4.1336992383e-01
2.1489496231e+00
1.0255103111e+01
3.9618986845e-01
-1.5627549887e+00
2.3090051651e+01
-1.6472710371e+00
3.6253064871e-01
1.9763606787e+00
7.2846382856e-01
6.3574872911e-02
4.5126757026e-01
3.5093751550e-01
6.9313997030e-01
1.4394006133e-01
-2.3239040375e-01
-9.1338947415e-02
1.7613880336e-01
2.0773975372e+01
4.3925079703e-01
-3.1988480687e-01
4.0295520425e-01
1.1147460938e+00
1.4347050190e+00
3.2584929466e-01
-2.4074520171e-01
-1.8142467737e-01
-1.1319145560e-01
7.2137775421e+00
4.0298348665e-01
-1.0429732800e+00
-1.5097285509e+00
-2.9444496632e+00
-2.9116027355e+00
-5.4948840141e+00
-5.9507160187e+00
-4.1389861107e+00
-1.6205404997e+00
3.0240997672e-01
-8.8665938377e-01
1.7351716995e+01
7.6026954651e+00
-7.9670727253e-01
3.0414077640e-01
1.8421046436e-01
-6.0903656483e-01
4.6485090256e-01
5.6423336267e-01
2.3210344315e+00
8.1686763763e+00
1.8397181034e+00
7.2163665295e-01
-2.3169130087e-01
-1.1509730339e+01
-1.0110069275e+01
-7.8921871185e+00
-4.5145883560e+00
-9.8997735977e-01
-8.5205907822e+00
-1.5090145111e+01
-2.1727672577e+01
-1.5967482567e+01
-6.5959143639e+00
-5.9932214022e-01
-2.3228628933e-01
1.2631019592e+01
8.6866483688e+00
-4.6568667889e-01
-4.1638782620e-01
-5.7413113117e-01
-4.3463262916e-01
2.3489028931e+01
-1.4660859108e+00
-5.5083165169e+00
-5.1988997459e+00
-5.8146567345e+00
-5.2026057243e+00
-2.6861298084e+00
-3.2236686349e-01
-1.1182707548e+00
2.0675910950e+01
-1.0455915928e+00
-9.0214127302e-01
5.0346285105e-01
-1.0365679264e+00
1.8391805649e+01
-1.0813407898e+00
8.7095755339e-01
-1.3926911354e-01
-9.0589720011e-01
-1.7106324434e+00
-5.1444405317e-01
-1.7588068545e-01
-4.9072799683e+00
-2.6027908325e+00
-2.7800302505e+00
-5.2251024246e+00
-7.4809494019e+00
7.0387673378e-01
2.1261537075e+00
3.5040998459e+00
9.8560625315e-01
-2.0071327686e-01
6.7296701670e-01
3.9979735017e-01
-2.3263791203e-01
6.7180924416e+00
6.9707136154e+00
-3.8282930851e-01
-1.8591427803e+00
-2.3868649006e+00
-1.3328602314e+00
-7.1676731110e-01
-1.2970519066e+00
6.5305914879e+00
-1.1343957186e+00
4.6247205138e-01
-3.6319696903e-01
2.4600259960e-01
-1.5458691120e+00
1.5957610130e+01
-1.3691663742e+00
8.5034900904e-01
-1.0801887512e-01
-3.4703362733e-02
-5.5072087049e-01
-3.1070208549e-01
4.5767635107e-02
2.1142628789e-01
-1.3350821733e+00
-7.2670331001e+00
-4.5166087151e+00
-5.7820320129e+00
-4.3380346298e+00
-5.1691150665e+00
-6.1983509064e+00
-6.6152820587e+00
-3.7263445854e+00
-4.4004482031e-01
-1.5991935134e-01
-3.3419337273e+00
1.0296445847e+01
-3.0323812962e+00
-3.4188687801e-01
5.6065451354e-02
-6.7562782764e-01
-2.8608950973e-01
2.5504764169e-02
8.4528261423e-01
1.9796389341e-01
-1.2121510506e+00
1.9451389313e+01
-1.1317662001e+00
1.1643975228e-01
1.8525420129e-01
7.3340922594e-01
3.9828071594e+00
5.1187458038e+00
-2.8432711959e-01
2.1869230270e+01
-1.3003716469e+00
3.9340239018e-03
1.3483990431e+00
-5.8244686127e+00
-6.6284337044e+00
-5.7286992073e+00
-2.2575132847e+00
-6.8060243130e-01
-4.4012327194e+00
-3.9736490250e+00
-3.9038009644e+00
-3.4957401752e+00
-3.1457536221e+00
2.5534000397e+00
2.2401723862e+00
4.7420868278e-01
-3.2694987953e-02
-4.8200213909e-01
-6.1315860748e+00
-8.2401847839e+00
-9.0322799683e+00
-5.9350895882e+00
-9.2631015778e+00
-5.8851963282e-01
-5.8606112003e-01
2.4075895309e+01
-5.8929044008e-01
-3.0396237373e+00
-7.5223469734e+00
-6.1245179176e+00
-5.8889193535e+00
-1.5946232080e+00
-6.1532545090e+00
1.3979660347e-02
-8.2378774881e-01
1.8105373383e+01
-1.1328465939e+00
-1.1931583285e-01
-5.2753596306e+00
-5.9355373383e+00
-2.1621074677e+00
-2.2461783886e+00
-2.6238672733e+00
-1.0699710846e+00
1.7807104111e+01
-9.1519325972e-01
6.4840072393e-01
4.4811037183e-01
6.9844216108e-01
8.0755335093e-01
2.7543833852e-01
3.3949846029e-01
2.3703023791e-01
-1.1307773739e-01
9.5403776169e+00
9.7977085114e+00
6.2325363979e-03
-3.4274885058e-01
-3.2782227993e+00
-4.5731310844e+00
-4.3429913521e+00
-4.2317872047e+00
-3.4311299324e+00
1.2119555473e+00
-5.4139847755e+00
-1.1246622086e+01
-1.0661215782e+01
-4.5732588768e+00
2.3499517441e+00
-6.6645354033e-02
-8.0733942986e-01
5.5400866270e-01
6.6056215763e-01
2.3566839695e+00
2.0923361778e+00
4.2060346603e+00
5.2888998985e+00
6.2855367661e+00
2.9119607806e-01
9.7369246185e-02
-2.8691601753e-01
-3.0987361446e-02
1.2644074857e-01
-1.7372815311e-01
5.3366918117e-02
2.8438133001e-01
1.8243654072e-01
-8.4188215435e-02
1.6913333535e-01
2.2686848044e-01
-2.0298811793e-01
-2.1272452176e-01
1.0682585090e-01
-9.3897330761e-01
-8.2286500931e-01
1.4791834354e-01
-7.0936284959e-02
-7.7661722898e-02
-2.2823275626e-01
-2.6777988672e-01
-1.2920473516e-01
-1.6862188280e-01
1.4683593996e-02
-2.2717502713e-01
6.2011066824e-02
1.6298975050e-01
-3.3863328397e-02
1.2750414014e-01
4.9198579788e-01
4.2020776868e-01
-2.9768986627e-02
-3.4397047013e-02
1.4160603285e-01
2.7695471048e-01
-2.0743675530e-01
-1.1621388793e-01
3.4966373444e-01
8.6075967550e-01
4.4559785724e-01
-1.1647391319e-01
-5.3637999296e-01
-1.8867360428e-02
8.8236331940e-02
-2.7256789804e-01
1.9957838953e-01
-9.1488271952e-01
-2.6639348269e-01
-1.3831713796e-01
8.5748799145e-02
-1.5688128769e-01
-1.7678584158e-01
8.0849558115e-02
6.2914025038e-03
4.5958831906e-02
1.0493161157e-02
6.9824859500e-02
3.2287827134e-01
3.5157650709e-01
2.3700341582e-01
-2.0450720191e-01
-1.9720377028e-01
-5.7563227415e-01
-2.8776794672e-01
9.2787973583e-02
1.6469159722e-01
8.8424131274e-02
-3.9281938225e-02
-6.6680788994e-02
1.0608483553e+00
-3.0623656511e-01
6.9913101196e-01
5.9881895781e-01
-2.4636696279e-01
-9.0487688780e-02
2.8927838802e-01
1.4388325810e-01
2.4580454919e-04
-1.3352771290e-02
2.2401928902e-01
-1.8922412395e-01
-4.0056118369e-01
-3.7022467703e-02
-8.2312449813e-02
1.8275247514e-01
-5.8956366777e-01
-5.0999385118e-01
-4.0683436394e-01
-3.4925931692e-01
1.7444197088e-02
1.5500400215e-02
5.4651510715e-01
7.3046052456e-01
1.0107438564e+00
-1.0802020133e-01
1.4067332447e-01
1.2199186534e-01
-4.2413067073e-02
-1.8246354163e-01
1.0279583931e-01
-1.7071604729e-01
-1.3171038032e-01
5.5098962784e-01
5.8735382557e-01
1.1748979986e-01
-9.2710427940e-02
-4.0866348147e-01
-3.4624394029e-02
-2.0614555106e-02
3.2554718852e-01
3.9992263913e-01
1.8679797649e-01
2.2630265355e-01
-2.0296227932e-01
3.5377299786e-01
3.7995369639e-03
-4.4194212556e-01
-1.3832850754e-01
1.8114781380e-01
3.0054682493e-01
-2.1249344572e-02
7.1645975113e-02
3.3786657453e-01
1.3680137694e-01
-1.3399779320e+01
-6.1727504730e+00
-7.5676980019e+00
-3.5723793507e+00
-1.4385296106e+00
-1.1660009623e-01
-3.8320660591e-01
-6.0299420357e-01
-4.5261022449e-01
-4.0965322405e-02
2.3953676224e-01
-7.1425579488e-02
-2.2694382071e-01
-2.5800791383e-01
-1.4481292665e-01
3.4566858411e-01
-3.5171476007e-01
-5.3265982866e-01
-3.2653592527e-02
-3.9774443954e-02
1.7077200115e-01
8.9300148189e-02
7.8317709267e-02
1.3764710724e-01
-1.4458943903e-01
-5.7229202986e-01
-5.9520697594e-01
-9.7245603800e-01
-3.9026561379e-01
-5.3529554605e-01
-1.3507473469e-01
-1.2880143709e-02
2.3333533108e-01
2.8441342711e-01
-2.1535277367e-01
-8.0433708429e-01
-1.6361446679e-01
5.6521791220e-01
1.1620008200e-01
6.2283668667e-02
-3.3815670013e-01
-5.6176048517e-01
-7.3723131791e-03
-3.3611389995e-01
-5.3408694267e-01
1.1523744464e-01
-1.7613102496e-01
-1.4933530986e-01
-2.7143536136e-02
-5.5837307125e-02
1.7083135247e-01
-2.5687223300e-02
-3.3427157998e-01
2.0597605407e-01
5.9292232990e-01
3.4968665242e-01
1.1568327434e-02
-2.7851158381e-01
4.9630001187e-02
8.9579418302e-02
-3.3258168697e+00
-3.1376295090e+00
-2.6773526669e+00
1.5539422631e-01
1.3094142675e+00
3.9845339954e-02
2.1876403689e-01
3.9177465439e-01
2.8253406286e-02
3.2665513572e-04
-1.3742743433e-01
-2.7848005295e-01
-1.0892137289e+00
9.4562686980e-02
8.2038784027e-01
-2.4215797424e+01
-2.7160898209e+01
-2.4836341858e+01
-2.4177278519e+01
-1.4755446434e+01
-1.0252499580e-01
1.7490433156e-01
-3.5120713711e-01
1.6488489509e-01
-4.5790933073e-02
2.0736145973e-01
1.0346969217e-01
-1.8688353896e-01
-3.2641261816e-02
1.5915153921e-01
3.9914560318e+00
3.3013780117e+00
2.7026811242e-01
1.7863205671e+00
2.7227786183e-01
2.7596986294e-01
-9.9995918572e-03
-1.1906531453e-01
-1.2221645564e-01
4.1435149312e-01
2.8067889810e-01
5.2507415414e-02
4.8009965569e-02
2.4729846418e-01
1.0817270726e-01
-1.4569218457e-01
-2.6117256284e-01
-7.7377551794e-01
-5.8863961697e-01
3.3856976032e-01
6.5774922371e+00
1.1592339516e+01
1.1511260033e+01
6.4132704735e+00
6.0403752327e+00
1.9854159653e-01
-1.6676355898e-01
-2.9211485386e-01
1.1192848533e-01
4.8524937034e-01
1.9057148695e-01
-1.6700674593e-01
-2.6250198483e-01
-2.4579353631e-01
-4.1639029980e-01
2.9818382859e-01
2.7683934569e-01
-1.3394469023e-01
2.9969242215e-01
4.6261414886e-01
1.3712474704e-01
-4.4176232070e-02
-1.7508426309e-01
5.5283355713e-01
3.4440466762e-01
-5.7896769047e-01
-3.5427951813e-01
8.4266908467e-02
-5.6324284524e-02
1.1967725120e-02
-4.4010671973e-01
-6.7525273561e-01
-9.1632241011e-01
-9.3089181185e-01
-6.6966855526e-01
-2.0774789810e+01
-2.1601089478e+01
-2.4303201675e+01
-2.1153865814e+01
-1.7783987045e+01
-2.3548598588e-01
-2.8889474273e-01
-1.2522172928e+00
-3.6637842655e-01
-1.0433009593e-03
1.9684405625e-01
-6.6230398417e-01
-6.5528339148e-01
-4.9843463302e-01
-4.0862318128e-02
2.2967936099e-01
-7.5821362436e-02
-1.8657092750e-01
-1.8934433162e-01
2.6115203276e-02
2.3913087323e-02
-5.3868193179e-02
4.0256094933e-01
1.9554562867e-01
-4.3910939246e-02
-8.0018496513e-01
-2.1741449833e+00
-2.8733427525e+00
-1.7929885387e+00
-1.9501553774e+00
-6.9372355938e-04
-2.5320723653e-01
-6.1904102564e-02
5.2418750525e-01
5.0360161066e-01
4.1699311137e-01
7.0795945823e-02
-1.6715450212e-02
7.4375361204e-02
2.1268707514e-01
3.3379715681e-01
1.2249705195e-01
-1.5883429348e-01
1.5245652199e-01
3.3449996263e-02
8.1221622229e-01
3.2892870903e-01
-1.4978846908e-01
2.3519656062e-01
-2.0440563560e-01
4.8871859908e-01
3.2203865051e-01
-6.4905814826e-02
-1.0115990043e-01
-4.4913229346e-01
4.0564277768e-01
2.6979285758e-03
-1.5917795897e-01
2.4520361423e-01
-4.9607746303e-02
1.3848358393e+00
-9.0054106712e-01
1.0352230072e+00
2.0435748994e-01
8.7545730174e-02
1.8366409838e-01
-3.9104777575e-01
-1.4808861911e-01
6.5668851137e-02
2.6312959194e-01
9.8837363720e-01
6.0241574049e-01
-1.3075983524e+00
8.6527818441e-01
2.8137812391e-02
3.6566457152e-01
4.9716326594e-01
6.2772840261e-02
1.8031021953e-01
6.0932755470e-01
1.4217253029e-01
1.4964955859e-02
-3.0744960904e-01
2.3343342543e-01
3.8550725579e-01
1.4438712597e+00
-5.4640662670e-01
-6.4552152157e-01
-4.1073119640e-01
-2.4179158732e-02
5.6885253638e-02
-1.9268614054e-01
2.3592500389e-01
-6.8446733057e-02
8.9224153757e-01
-5.5085428059e-02
-1.4307436347e-01
1.1066032201e-01
2.9758387804e-01
-3.0504456162e-01
-3.4889885783e-01
2.1464587748e-01
2.8015056252e-01
2.3633842468e+00
6.2038642168e-01
2.8709602356e+00
4.3517830968e-01
6.9010561705e-01
4.4970124960e-01
1.3135358095e+00
-3.7035039067e-01
1.8064656854e-01
-3.4076386690e-01
6.3052132726e-02
-4.6587783098e-01
-5.9300565720e-01
-4.9626851082e-01
-4.9474501610e-01
-9.1327542067e-01
-6.3929039240e-01
-1.7527133226e-01
-6.5642023087e-01
-1.0791164823e-03
7.8119647503e-01
5.9019428492e-01
2.3701064289e-01
4.3039515615e-01
3.7419548631e-01
8.2803949714e-02
8.3729036152e-02
-2.9374215007e-01
8.1881597638e-02
1.7124381661e-01
2.1646299958e-01
4.5083288103e-02
-6.0260366648e-02
4.1973775625e-01
-2.2241650522e-01
3.1318745017e-01
3.3217009157e-02
-3.2414835691e-01
2.6470568776e-01
5.5161703378e-02
2.4614492059e-01
2.1785372496e-01
3.6377710104e-01
-3.7015168928e-03
-6.8764978647e-01
-6.5812624991e-02
-1.8527586758e-01
4.4602730870e-01
-8.0204017460e-02
5.3631222248e-01
2.5483930111e-01
-2.4779656529e-01
-9.8303610086e-01
-1.9310705364e-01
-2.5513367727e-02
-8.0710709095e-02
5.8593219519e-01
-3.2676622868e+00
-4.8832397461e+00
-2.4098567963e+00
-2.0468604565e+00
3.1474655867e-01
1.4456604719e+00
3.7003368139e-01
-1.1656062603e+00
-2.6397746801e-01
4.0370860696e-01
2.0630005002e-01
-2.9393509030e-01
-2.9358720779e-01
3.0156019330e-01
-1.3781440258e-01
-2.9564774036e-01
4.4654127955e-01
-1.9186128676e-01
-1.0307294130e+00
-3.6174991727e-01
-4.0312021971e-01
1.8804438412e-01
-8.0588325858e-02
5.4411792755e-01
-7.0897666737e-03
3.0671377182e+00
1.2390011549e+00
1.0597583055e+00
-7.1765625477e-01
-2.1568965912e+00
3.3821997643e+00
2.2419064045e+00
2.1542377472e+00
3.5536370277e+00
2.2338049412e+00
-7.7291518450e-02
-2.0186939836e-01
-3.4071856737e-01
-1.1923933774e-01
-5.3117498755e-02
-1.3573341072e-01
-1.0966836661e-01
-1.6004714370e-01
2.1308442950e-01
1.2888084352e-01
-2.0470049232e-02
3.3977776766e-01
4.8647440970e-02
3.5730905533e+00
-1.8610328436e-01
-5.7684525847e-02
-4.0252387524e-01
-1.9867049158e-01
-1.4326774515e-02
-1.6506282985e-01
9.4128601253e-02
2.2613080218e-02
1.0407692939e-01
7.6594285667e-02
-1.8764108419e-02
-1.0856585950e-01
-2.9987224936e-01
-1.2490297556e+00
2.4510741234e-01
-1.1435997486e+00
-3.6768890917e-02
-8.3644084632e-02
1.2965278625e+00
1.8342305422e+00
-8.5993576050e-01
2.8210493922e-01
-3.1881842017e-01
-4.2287010700e-02
-4.0851661563e-01
3.5209554434e-01
3.5820018500e-02
-1.9885475934e-01
-1.7057294026e-02
4.1575136781e-01
4.7733679414e-02
9.0694600344e-01
3.2670903206e-01
-7.6158380508e-01
1.7597905397e+00
1.3110651970e+00
-4.4848611951e-01
7.3268927634e-02
-9.3637895584e-01
-5.8103877306e-01
-7.5820595026e-01
-8.3647888899e-01
-6.7329710722e-01
2.1481540799e-01
-1.3875834942e+00
-4.3110173941e-01
-2.2053608298e-01
-1.9585393369e-01
1.3777175546e-01
-2.9332241416e-01
-9.5841866732e-01
1.3395690918e+00
-7.1625345945e-01
7.3479187489e-01
2.6615421772e+00
1.4838936329e+00
2.2096745968e+00
1.3826705217e+00
2.5167500973e-01
3.8366311789e-01
2.1700153351e+00
1.1616723984e-01
5.9824180603e-01
6.8771518767e-02
-2.3236060143e-01
2.4910514057e-01
1.4667960405e+00
5.5932497978e-01
1.8554219976e-02
2.0818273723e-01
1.3813069463e-01
7.2830684483e-02
1.5265785158e-01
5.4405290633e-02
2.2274482250e-01
-1.7566949129e-01
-8.8322095573e-02
-2.7027163655e-02
1.6152478755e-01
-1.3498914242e-01
-5.1385924220e-02
1.3450679183e-01
2.0376750827e-01
-1.3619619608e-01
2.0223629475e-01
3.2471415401e-01
2.3601214886e+00
-1.4396021366e+00
1.4058398008e+00
3.8051271439e-01
2.0172339678e-01
1.8377885818e+00
7.0176666975e-01
-1.5636819601e+00
-3.9684110880e-01
1.8324434757e+00
-1.1838918924e+00
-4.8726278543e-01
2.1260447800e-01
-3.0519112945e-01
2.4771828949e-01
3.5721573830e+00
-1.7798525095e+00
3.2106673717e-01
2.1552724838e+00
3.0313174725e+00
7.1486428380e-02
1.4769881964e-01
-2.5831350684e-01
6.7051947117e-03
2.0081141591e-01
2.3732583523e+00
2.4781258106e+00
6.4594799280e-01
2.2823567390e+00
2.1779272556e+00
4.6370361000e-02
-6.7882306874e-02
-2.3857727647e-01
1.4136306010e-02
1.2613143027e-01
4.6281617135e-02
-1.0387073755e+00
2.4055418968e+00
-1.1687346697e+00
-1.4983757734e+00
2.0517948270e-01
8.7891355157e-02
7.1575194597e-02
-1.9749116153e-02
-2.6928205043e-02
-5.9269424528e-02
4.1847309470e-01
7.9153591394e-01
-2.0038475096e-01
9.6298897266e-01
2.0996342599e-01
-2.2790236771e-01
-3.8235810399e-01
4.6418222785e-01
-3.3488255739e-01
1.3025723398e-01
1.1537574530e+00
1.1673440933e+00
3.8245015144e+00
3.9677093029e+00
-3.2151367664e+00
-2.0661764145e+00
-2.1778559685e+00
-2.6132726669e+00
-3.7286264896e+00
-9.6851223707e-01
-1.5242429972e+00
-5.3597804159e-02
-1.2781274319e+00
-4.8255211115e-01
-1.6086572409e-01
-1.1912955046e+00
5.1975450478e-03
-8.7520301342e-01
-7.8023570776e-01
1.6184635460e-02
6.7804649472e-02
1.0052654147e-01
3.4516785294e-02
2.4752132595e-02
4.3559536338e-01
5.7223621756e-02
-2.4178914726e-02
-1.2941265479e-02
-2.3178402334e-02
7.6723419130e-02
5.0723161548e-02
8.7312106043e-03
3.3885974437e-02
-4.3516419828e-02
4.5910570025e-01
-3.8813164830e-01
-8.2285791636e-01
3.4116464853e-01
-1.2224614620e-01
-2.6865369081e-01
1.0156959295e-01
-1.0513050854e-01
-3.9286527783e-02
5.2388012409e-02
6.1495119333e-01
-2.2141131759e-01
-1.0820414126e-01
9.4266682863e-03
2.1678891778e-01
-5.3957790136e-02
4.0465924889e-02
-5.1696844399e-02
-9.3176305294e-02
7.4546180665e-02
1.8249092624e-02
1.5512603521e-01
-4.0785253048e-02
-1.4300059527e-02
3.6369625479e-02
6.9749735296e-02
1.3759076595e-01
8.8491275907e-02
3.4058693051e-01
-1.5676939487e-01
-4.1923370957e-01
-2.9769629240e-01
3.2895049453e-01
-9.4453185797e-02
3.1870567799e-01
1.8201857805e-01
-7.2272561491e-02
1.5910555422e-01
-2.0846659318e-02
-1.2700585648e-02
-2.6688219514e-03
-1.1013714969e-01
2.9082530737e-01
-1.3736063242e-01
9.4020038843e-02
2.2231316566e-01
-2.7817606926e-01
-1.6033710539e-01
1.9929583371e-01
3.4065744281e-01
-1.5744770644e-03
-2.4144715071e-01
9.9558159709e-02
-1.1316242814e-01
-1.8637380004e-01
-7.0448565483e-01
-1.0460175276e+00
1.3363407850e+00
2.6252409816e-01
-3.7795013189e-01
-1.0223913193e-01
-3.3985376358e-01
1.1289887875e-01
1.9347880781e-01
5.0467073917e-01
-3.4845647216e-01
1.1415296048e-01
-9.8297066987e-02
1.9273374975e-01
1.1260645092e-01
6.0790747404e-01
1.9521775842e-01
-6.2077802420e-01
2.8627458215e-01
-5.8111971617e-01
2.7295318246e-01
-9.3250446022e-02
-1.2399692088e-01
3.5295255948e-03
3.1643234193e-02
-1.5280435979e-01
-1.5529689379e-02
-1.4472965896e-01
2.2066984326e-02
-5.4036831856e-01
8.3360560238e-02
-1.6413915902e-02
1.7861235142e-01
-1.4184790663e-02
4.1944812983e-02
-1.1806169897e-01
-2.9343049973e-02
3.2505837083e-01
-3.5192638636e-02
1.0284654796e-01
2.5088179111e-01
-2.6950401068e-01
-2.5499600172e-01
-4.4591084123e-02
-1.9628096372e-02
1.4709413052e-01
9.4944378361e-03
2.2369445860e-01
-1.2038802356e-01
1.1277181655e-01
9.7189210355e-02
9.9738247693e-02
7.4414187670e-01
-3.3646300435e-01
5.5867838860e-01
1.2309805155e+00
-1.5723075867e+00
-3.1854751110e+00
4.3794932961e-01
-1.2417809963e+00
-1.0844945908e-01
-2.8160545230e-01
-7.1183152497e-02
-1.0917986184e-01
-1.5334415250e-02
2.2509902716e-01
1.0797094554e-01
-6.1569038779e-02
2.9862841964e-01
1.9135451317e-01
-4.2632582784e-01
-5.5427920818e-01
4.6587744355e-01
2.3788608611e-01
4.3219339848e-01
1.4212008566e-02
8.5178032517e-02
5.5692475289e-02
5.9797707945e-02
-4.4349264354e-02
5.7885956764e-01
6.3109326363e-01
-4.2406058311e-01
2.4983488023e-01
7.3119759560e-01
2.1003621817e-01
9.9393643439e-02
-2.8545854613e-02
-3.1085130572e-01
4.8690888286e-01
-6.0274153948e-01
-2.6036947966e-01
-1.9327032566e-01
1.4225861430e-01
5.7908229530e-02
1.7064042389e-01
3.7349078059e-01
1.2752178125e-02
3.5791227221e-01
-1.5475773811e-01
1.9429859519e-01
-1.8917736411e-01
-3.1105989218e-01
-3.7626076490e-02
-3.5525899380e-02
-1.1889297515e-01
3.1212002039e-02
5.3733877838e-02
4.0967881680e-02
1.9983232021e-02
1.3767763041e-02
-5.9129025787e-02
5.9495698661e-02
-6.5589860082e-02
9.0833092108e-03
1.0315204859e+00
-1.5982924700e+00
-2.9086301327e+00
8.4856903553e-01
7.1071714163e-01
-1.1192794144e-01
-1.0026901960e-01
-7.1296818554e-02
1.2429226190e-02
1.3405722380e-01
1.0243215412e-01
4.3056148291e-01
1.0593827963e+00
-4.8757824302e-01
-9.1032259166e-02
2.2596383095e+00
6.1986818314e+00
5.2283635139e+00
4.1026468277e+00
7.4126996994e+00
5.0035834312e-02
-2.2281531990e-01
2.8275167942e-01
2.4279882014e-01
-3.2654255629e-01
2.0696414635e-02
1.0661317967e-02
3.2463919371e-02
-3.5159356892e-02
1.9009027630e-02
8.0161474645e-02
7.1904295683e-01
-3.4564957023e-01
1.2896972895e+00
3.2860541344e-01
7.4217610061e-02
1.4787018299e-01
2.3215770721e-02
-5.2306491882e-02
6.0111381114e-02
-1.1598046124e-01
-4.0656951070e-01
-8.0114260316e-02
-4.7251962125e-02
-2.9854441062e-02
2.3275911808e-01
-4.8665452003e-01
4.8607188463e-01
-2.2680729628e-01
1.3642352819e-01
1.2405049801e+00
-7.7770954370e-01
-3.4621617794e+00
8.5419543087e-02
-2.0024731755e-01
5.7691555470e-02
-4.3233692646e-02
5.0357645378e-03
8.8013544679e-02
1.1133683473e-01
-6.1231744289e-01
1.6719520092e-01
-6.9498106837e-02
4.8357594013e-01
2.7235603333e-01
-2.8969656676e-02
-4.0298085660e-02
1.9040606916e-01
-1.6677245498e-02
1.0168744251e-02
-5.4820515215e-02
5.2039556205e-02
9.0383641422e-02
4.6620409936e-02
8.1148091704e-03
-5.5981099606e-01
-6.9414716959e-01
-2.5079485774e-01
1.8984411657e-01
-1.4287498593e-01
8.4861922264e-01
-2.4654704332e-01
5.1154673100e-02
9.8807150126e-01
-7.4944168329e-01
1.5744142532e+00
1.5861967802e+00
3.4179987907e+00
2.4891817570e+00
4.4073276520e+00
-3.2419055700e-01
2.0469906926e-01
-2.9233533144e-01
1.5260343254e-01
-1.7580839992e-01
-9.4163668156e-01
-1.9255799055e-01
-5.5505368859e-02
-2.1199190989e-02
-5.7294505835e-01
-1.1241783202e-01
-2.6415595412e-01
-1.8820276856e-01
-1.1366506666e-01
-6.6749058664e-02
1.1139342189e-01
1.8060475588e-01
1.0701303184e-01
2.5245763361e-02
5.5066533387e-02
9.0358719230e-02
-1.1516973972e+00
-9.3054699898e-01
-1.7158449888e+00
-4.8454067111e-01
-3.4089460969e-02
-1.4004470408e-01
-1.0941054672e-01
3.0285529792e-02
1.9630201161e-01
3.7524346262e-02
9.0407267213e-02
-4.3627750129e-03
6.3965775073e-02
2.5519592687e-02
1.7125774920e-01
8.6130388081e-03
1.3658030331e-01
-2.6310494542e-01
1.1558754370e-02
-9.1369837523e-02
-9.1857835650e-02
2.7637261152e-01
-2.0691396296e-01
-6.4637534320e-02
-1.8619272113e-01
1.9653946161e-01
-1.0985469818e+00
-3.4194636345e-01
-2.2924834490e-01
1.2737853825e-01
-1.3438956439e-01
1.0501878709e-01
5.9680268168e-02
1.4546388388e-01
1.7356756926e+00
9.9012482166e-01
-7.2295492887e-01
-4.4227236509e-01
-6.5744274855e-01
-2.1658627689e-01
8.9068406820e-01
-5.8597385883e-01
9.5504134893e-01
-2.5092324615e-01
2.3535439968e+00
9.1818207502e-01
7.4416995049e-01
1.4752068520e+00
-5.8280068636e-01
-6.8321377039e-02
8.7135648727e-01
-4.6701538563e-01
-3.0685302615e-01
-4.8279110342e-02
2.0218260586e-01
-2.7386930585e-01
2.3225378245e-02
1.3675868511e-01
-4.3529240065e-04
4.6356949210e-01
1.9857139885e-01
-1.5125896037e-01
-2.4753589928e-01
-1.4448434114e+00
-5.5415034294e-01
2.0140161514e+00
-8.8942539692e-01
2.0007779598e+00
4.1999757290e-01
2.4003896117e-01
-1.5334370732e-01
-3.0367681384e-01
2.1690687537e-01
-1.6562062502e-01
-2.8314092755e-01
1.8194169970e-03
-1.7801326513e+00
3.3247225285e+00
-1.3419073820e+00
9.4898635149e-01
1.2439985275e+00
-7.0933878422e-01
2.8966748714e+00
4.0821361542e+00
-2.0640032366e-02
-1.3191792369e-01
-3.1982162595e-01
1.5476731956e-01
6.9096133113e-02
1.3826178014e-01
6.7125660181e-01
-3.4106445312e-01
5.6177109480e-01
4.5596453547e-01
1.1295746565e+00
-2.2396062315e-01
4.3292024732e-01
9.9634222686e-02
-1.0686212778e+00
1.4291424751e+00
-2.6192167401e-01
-4.4384598732e-02
1.7255188525e-01
2.5804176927e-01
-1.0689072311e-01
-8.2634119317e-03
-2.4633958936e-01
4.7880455852e-01
-8.6514484882e-01
-1.7965956032e-01
1.4939874411e-01
-4.1505225003e-02
-9.0113067999e-03
-1.9033238292e-01
2.9947709292e-02
1.9725584984e-01
5.5620279163e-02
1.2853938341e-01
-3.8192383945e-02
-7.5735139847e-01
5.3034865856e-01
1.7567077279e-01
-4.6458080411e-02
9.9492795765e-02
-3.0455282331e-01
3.7532013655e-01
5.7314926386e-01
-4.1359084845e-01
-1.0333594680e-01
-1.6028971672e+00
2.6546368003e-01
-3.7144841626e-03
-2.9501456022e-01
2.7672603726e-01
-5.2186809480e-02
-1.8495560884e+00
-2.0180673599e+00
3.5587759018e+00
3.0823960900e-01
1.4874235392e+00
9.4178223610e-01
-1.3859486580e+00
1.7773678303e+00
2.0965637267e-01
9.1941647232e-02
1.7834888399e-01
-2.8915408254e-01
1.9188584387e-01
3.7752613425e-02
2.9050216079e-01
4.9804621935e-01
-5.7226855308e-02
-8.7686741352e-01
-4.6789163351e-01
-3.3637262881e-02
-3.4982800484e-01
2.7391007543e-01
5.8854125440e-02
5.3128880262e-01
6.2966495752e-01
3.3580082655e-01
7.8517621756e-01
1.9442529976e-01
-8.5127490759e-01
2.3588480949e+00
3.1215121746e+00
-2.4880342484e+00
5.1440458298e+00
1.3250638247e+00
-6.2226481736e-02
-3.3916048706e-02
-3.1732186675e-01
1.3850715756e-01
-3.3262729645e-01
-6.3543252647e-02
6.1902455986e-02
-2.0514829457e-01
2.0178641379e-01
-5.6251902133e-02
4.0618073940e-01
-1.2896522284e+00
-1.1811193079e-01
2.0086598396e+00
2.3945446014e+00
-1.4306720346e-02
-7.6451711357e-03
-2.1895012259e-01
-1.5642328560e-01
5.1041310653e-03
-6.0562647879e-02
2.8827902675e-01
1.0745383799e-01
-2.4265158176e-01
2.7147965506e-02
-3.6758810282e-01
1.3830769062e+00
-1.7253956795e+00
-1.1646261066e-01
7.9156905413e-01
2.5033560395e-01
9.3627321720e-01
6.5843302011e-01
1.4219583273e+00
-1.4877679348e+00
-8.7386921048e-02
-4.8845618963e-02
-2.1798641980e-01
-6.5932385623e-03
-1.3300120831e-01
1.2048168480e-01
-4.3043291569e-01
4.1988259554e-01
-4.9449816346e-01
3.4649014473e-01
1.1408145428e+00
1.1179342866e-01
-1.6470022202e+00
1.1783515215e+00
5.1527434587e-01
2.4862952530e-01
6.5078622103e-01
-6.4645397663e-01
-2.7105748653e-01
9.7869765759e-01
-4.8051333427e-01
-2.0605632663e-01
6.7585304379e-02
-8.9335620403e-02
5.9365272522e-01
-2.9075020552e-01
-8.7879814208e-02
8.8402383029e-02
2.6291108131e-01
2.1729096770e-01
2.3072032630e-01
-2.2303985059e-01
-2.2254323959e+00
-2.5647339225e-01
1.0315466672e-01
2.7861545086e+00
2.3982090950e+00
-1.5386255980e+00
3.2560236454e+00
2.9939222336e+00
3.1940886378e-01
-3.3587950468e-01
2.3641805351e-01
4.9621778727e-01
-2.6919523254e-02
4.1623052955e-01
2.4961110950e-01
-4.6393208206e-02
-1.5535877645e-01
-2.0147506893e-01
-1.5964922309e-01
6.2858752906e-02
-1.1653078347e-01
-5.8314729482e-02
7.3859758675e-02
-1.6398093104e-01
1.4670233428e-01
3.1358754635e-01
-4.1914910078e-01
2.1294859052e-01
3.6245048977e-04
2.0640417933e-01
5.8713022619e-02
1.1989207007e-02
4.7230150551e-02
1.7376706600e+00
5.2232766151e-01
-8.4207504988e-03
1.2204990387e+00
8.3803421259e-01
2.2412829399e+00
-2.0231486857e-01
-1.5159184933e+00
6.6053263843e-02
5.9380304813e-01
-1.4028143883e-01
1.6211497784e-01
-2.9216235876e-01
-8.3873495460e-02
1.9258184731e-01
2.1184532642e+00
6.9503557682e-01
-9.1827434301e-01
2.4587161541e+00
3.6769964695e+00
4.8471041024e-02
-1.6579965129e-02
3.8670539856e-02
1.1381942779e-01
-2.7725966647e-02
-1.7644141912e+00
2.2363910079e-01
-1.0919036865e+00
1.3738151789e+00
8.9417678118e-01
-3.3779811859e-01
-7.9901628196e-03
1.1791525781e-01
8.2794338465e-01
-1.8619853258e-01
1.3691486418e-01
2.9116934165e-02
3.7736325264e+00
1.1110427380e+00
-1.9908359051e+00
1.8139831722e-01
-2.8966569901e-01
-1.7959974706e-01
3.1325468421e-01
-4.3651089072e-02
1.2068943679e-01
6.5651208162e-01
-5.6622242928e-01
-6.3099104166e-01
8.4709298611e-01
-8.5606046021e-02
-4.3466477655e-03
-1.5153086185e-01
-2.3006553948e-01
-7.0616632700e-02
-1.7266754806e-01
1.4196971655e+00
1.0856831074e+00
3.3106896877e+00
-5.0124394894e-01
-9.7818708420e-01
-3.6927216053e+00
-3.7927644253e+00
1.0003413074e-02
-4.7673347592e-01
-6.9438725710e-01
-1.1283730268e+00
7.1117210388e-01
7.4959528446e-01
-1.5931831673e-02
-1.1050776243e+00
-3.6353054643e-01
-3.0349788070e-01
-9.4190561771e-01
-2.2469098568e+00
-5.0475886092e-03
-3.6706335843e-02
3.0616724864e-02
7.7840168960e-03
4.2988207191e-02
3.8694083691e-01
1.6680775583e-01
4.7234240919e-02
2.2806797642e-03
5.4981559515e-03
-7.2857998312e-02
-5.1565777510e-02
-1.0116456542e-04
4.3363571167e-02
9.9047265947e-02
-2.4123595655e-01
-2.5629003067e-03
-7.0136201382e-01
-1.3274550438e-01
1.5977498889e-01
1.3728159666e-01
3.1878095120e-02
-4.7008514404e-02
-1.8472748995e-01
5.5210940540e-02
3.4664699435e-01
-2.1665747464e-01
-3.4485426545e-01
8.1491999328e-02
-1.2743882835e-01
6.4490869641e-02
1.3276588172e-02
3.0407512560e-02
-1.3410687447e-01
-5.4861985147e-02
6.3037775457e-02
1.2924015522e-01
-1.7724302411e-01
-8.0897249281e-02
-6.2860101461e-02
-2.4085053802e-01
-1.8823286891e-01
4.9720864743e-02
2.6038449258e-02
-1.5990366042e-01
-4.9558174610e-01
5.6426066160e-01
-5.0180286169e-01
3.2940617204e-01
3.2725092769e-01
-1.0241142474e-02
-2.1783767268e-02
3.7868928164e-02
6.6033408046e-02
8.8998429477e-02
2.9405483603e-01
2.6883733273e-01
-3.0193018913e-01
-2.2880189121e-02
-1.2938283384e-01
-6.9346159697e-02
2.8407087922e-01
-3.1857556105e-01
-1.7580021918e-01
1.3072422147e-01
-1.8584775925e-01
-1.0773255676e-01
-6.1729535460e-02
-7.9289272428e-02
-1.4793266356e-01
2.6785442829e+00
5.6857430935e-01
-8.8577455282e-01
-5.0998574495e-01
7.7898651361e-02
-3.0886331201e-01
2.0430505276e-01
2.0869964361e-01
-5.6269045919e-02
5.1031582057e-02
-7.0609904826e-02
2.3615680635e-02
1.0274116695e-01
2.4901241064e-02
1.2543424964e-01
-4.7824168205e-01
-1.1361516267e-01
-4.2465701699e-01
-7.1929442883e-01
1.0449700356e+00
7.1784205735e-02
-6.3558459282e-02
7.3302432895e-02
-5.4638612270e-01
2.4964652956e-01
1.1303480715e-01
-1.9492663443e-01
-2.3322274908e-02
-4.5470874757e-02
-4.7315686941e-01
-6.4491629601e-02
2.1233649924e-02
-1.1276669055e-01
4.1096504778e-02
-3.0804467201e-01
-4.3125972152e-02
-2.3624910414e-01
-4.1675258428e-02
-1.9260804355e-01
9.1047614813e-02
1.1108777486e-02
-1.7882107198e-01
-1.5131518245e-01
-1.4445956051e-01
-4.2912207544e-02
1.4248715341e-01
-5.1211379468e-03
-8.3758585155e-02
-1.4509472251e-01
-5.0949405879e-02
2.5141623616e-01
8.3514384925e-02
-1.6114623845e-01
3.9339295030e-01
2.4469363689e-01
5.0976862907e+00
2.7254528999e+00
4.8931236267e+00
2.1134769917e+00
-3.8513478637e-01
-2.3832911253e-01
-1.1922567338e-01
1.3412770629e-01
-2.7748435736e-01
7.0228017867e-02
3.3370423317e-01
-4.4504117221e-02
5.1052880287e-01
-6.9475932978e-03
2.0527403057e-01
-3.8390803337e-01
1.8865501881e-01
-3.2885815948e-02
-3.7608703971e-01
5.0460356474e-01
1.1408394203e-02
5.2424583584e-02
-2.9806850478e-02
2.0940534770e-02
-2.1398678422e-02
-9.1209478676e-02
-1.1540051699e+00
8.5704082251e-01
6.0585665703e-01
-1.6068520546e+00
-2.0753523707e-01
1.0550682992e-01
-4.5199736953e-02
7.9071551561e-02
1.3166975696e-03
4.6544566751e-01
1.7715202272e-01
5.2169047296e-02
1.7741944641e-02
-7.2930149734e-02
-9.1524600983e-02
3.4684553742e-01
2.5248805061e-02
5.9633040428e-01
-3.8648167253e-01
3.4718516469e-01
-1.8543059006e-02
-1.9054201245e-01
6.0508571565e-02
7.0080496371e-03
-1.0537060350e-01
-3.0668133870e-02
-1.7878720537e-02
-4.6763490885e-02
5.9408836067e-02
1.0310532153e-01
-1.6948919743e-02
2.4555509910e-02
2.4297755212e-02
6.4455248415e-02
1.8013819456e+00
3.2994806767e+00
3.1090238094e+00
2.2603733540e+00
-1.3080068827e+00
9.6328686923e-03
1.3752852380e-01
-2.2349335253e-02
4.4766642153e-02
1.3058152981e-02
-8.7964124978e-02
-2.1143110096e-01
2.0222917199e-02
5.5259400606e-01
4.2965538800e-02
2.5786453485e-01
1.4811816216e+00
-7.9439651966e-01
-3.5958967209e+00
3.8360040188e+00
-4.6447947621e-01
4.4241294265e-01
-7.9236730933e-02
-1.9354483113e-02
-4.4643588364e-02
1.0567185469e-02
-3.1596943736e-02
-4.6585961245e-03
5.5938051082e-04
2.9118582606e-02
-4.0210694075e-01
1.5159935951e+00
-6.9013714790e-01
-3.0145344138e-01
-3.8224712014e-01
7.6827548444e-02
-4.3837215751e-02
-1.5271957032e-02
-2.4891022593e-02
5.4746661335e-02
-1.4415208995e-01
1.0238333046e-01
-9.3355737627e-02
6.9548366591e-03
2.3358855397e-02
8.2511216402e-01
2.6476299763e-01
-6.7781500518e-02
1.8801467121e-01
-1.9514694810e-01
5.0325460434e+00
2.2266159058e+00
2.3317561150e+00
2.7250359058e+00
2.0245758817e-02
1.0039479285e-01
-1.5214218199e-01
-2.8723341227e-01
4.5141324401e-02
4.0619349480e-01
7.2421275079e-02
-1.3931444287e-01
1.4638973773e-01
1.3448955119e-01
-5.6981705129e-02
-3.5873302817e-01
-4.3398931623e-02
8.3991140127e-04
-4.3057542294e-02
-2.3757722974e-01
4.1503920220e-03
-8.7246909738e-02
-1.0134306550e-01
9.8896309733e-02
4.1918154806e-02
1.2756031752e-01
-3.4712034464e-01
-8.3043646812e-01
4.0478119254e-01
-2.6823216677e-01
7.0391499996e-01
-5.4398334026e-01
-5.6988787651e-01
-4.6376731992e-01
8.5494852066e-01
7.7568984032e-01
-1.2190142274e-01
-9.5781177282e-02
-7.2878336906e-01
-1.7821029425e+00
-6.9032058120e-02
3.0860409141e-01
-1.2290345132e-01
9.4536207616e-03
5.4957196116e-02
5.5147983134e-02
7.6144266129e-01
-3.9345520735e-01
3.9095661044e-01
3.8717044517e-03
1.6009862721e-01
4.3012917042e-02
-1.1844503880e-01
-1.2944050133e-02
9.2608451843e-02
-5.7724021375e-02
-1.1736423708e-02
-7.5276531279e-02
2.8011376038e-02
1.0581457615e-01
-8.8864541054e-01
2.9189571738e-01
-3.3632054925e-01
-8.3278429508e-01
-1.8620562553e+00
-6.3471831381e-02
-6.8144135177e-02
-7.7380031347e-02
-5.0611175597e-02
9.7068235278e-02
4.3119788170e-02
2.7469862252e-02
1.0814069770e-02
-6.3672691584e-02
3.8983069360e-02
1.4273819514e-02
-1.5729355812e-01
4.8655089922e-03
1.9664883614e-02
2.3668667674e-01
8.4230703115e-01
-2.4997198582e-01
1.8094977736e-01
9.3139678240e-02
2.9419833422e-01
9.1831868887e-01
3.7456515431e-01
3.2806468010e-01
6.5910136700e-01
5.1637363434e-01
2.0578369498e-01
-8.1955701113e-02
3.9648720622e-01
-4.8032325506e-01
-3.2600176334e-01
1.0296374559e+00
-1.1275558174e-01
-1.8439868093e-01
-2.8386887908e-01
9.1488879919e-01
7.5638793409e-02
-3.8673308492e-01
7.6745796204e-01
-9.3010026217e-01
8.7490755320e-01
1.0610074997e+00
-2.2416870296e-01
-7.7313590050e-01
-4.8541134596e-01
1.3937194347e+00
6.3762569427e-01
-7.5613933802e-01
2.8037872910e-01
-7.3429316282e-02
-5.9169101715e-01
1.7120370269e-01
-5.9955275059e-01
-6.8012364209e-02
2.3673230782e-02
3.2919913530e-02
1.1562635899e+00
1.3503493071e+00
7.7076561749e-02
-1.3893465996e+00
-4.4330510497e-01
1.8308904171e+00
-2.0996079445e+00
5.6238168478e-01
-2.2772848606e-02
1.6253590584e-01
-5.7387933135e-02
4.8978576064e-01
-1.3037650287e-01
1.8405291438e-01
8.2099515200e-01
1.5872225165e-01
6.1133271456e-01
1.0976132154e+00
2.1977610588e+00
4.2836966515e+00
2.1489194036e-01
-4.8744204640e-01
-1.6625546217e+00
-1.4094038010e+00
2.2293698788e-01
-4.8440384865e-01
3.9433723688e-01
-5.7834595442e-01
-1.6375167668e-01
1.7718908191e-01
1.6476753950e+00
4.3833360076e-01
-1.0232731104e+00
-5.2189373970e-01
6.9561862946e-01
-5.4083704948e-01
3.0528059602e-01
3.1338638067e-01
-2.1213421226e-01
-1.0081723928e+00
5.2127218246e-01
1.0215175152e+00
2.1013429761e-01
-3.0180575326e-02
3.1303182244e-01
1.2179484218e-01
3.8688528538e-01
2.4176113307e-01
-8.9155226946e-01
-5.8402068913e-02
5.2772503346e-02
7.0537757128e-03
3.0746924877e-01
4.8490130901e-01
-1.8187446892e-01
-5.9356921911e-01
5.4885578156e-01
-2.3708121479e-01
2.2036783397e-01
8.2892829180e-01
-3.0196818709e-01
3.9410781860e-01
2.2370627522e-01
4.1687539220e-01
-2.3940065503e-01
1.3571379185e+00
1.4709658921e-01
5.7085692883e-01
-5.2162766457e-02
-7.2899296880e-02
-6.3501608372e-01
2.0666533709e-01
1.9113563001e-02
1.2024638057e-01
8.0609536171e-01
-4.0518498421e+00
-6.5675365925e-01
3.5549721122e-01
-2.1417808533e+00
3.6627290249e+00
4.9122780561e-01
8.4230053425e-01
3.0999946594e-01
-1.8745124340e+00
7.5669461489e-01
-3.0581021309e-01
-4.6928343363e-03
-2.6409479976e-01
-6.1264824867e-01
3.3238500357e-01
6.7536306381e-01
-9.9459588528e-01
-3.3681356907e-01
7.5190776587e-01
-8.9344930649e-01
3.7060952187e-01
-5.9753888845e-01
1.4653597772e-01
5.0464805216e-02
4.8496755958e-01
1.3620653152e+00
-9.0557360649e-01
-4.7209924459e-01
-3.6261522770e-01
-3.3289313316e-01
3.1102790833e+00
-7.4087691307e-01
2.1380152702e+00
1.9237488508e+00
5.8293890953e-01
1.7505681515e-01
5.7120651007e-01
-1.0848203897e+00
2.8560715914e-01
2.2774035111e-02
2.5086456537e-01
2.7273707092e-02
-2.7767530084e-01
1.9319901243e-02
9.8366057500e-04
6.1153644323e-01
-1.8631228805e-01
2.1593436599e-02
5.1154243946e-01
5.3462845087e-01
-2.8386780992e-02
1.7187247053e-02
-2.8914240003e-01
-3.2394018769e-01
9.3631468713e-02
-3.4162262082e-01
3.9136722684e-02
9.2990495265e-02
4.8222267628e-01
-3.0110144615e-01
-5.7025488466e-02
3.2875064015e-01
-8.0840611458e-01
-6.5067404509e-01
4.6824806929e-01
-5.2393126488e-01
-1.9250650406e+00
6.6892671585e-01
-1.8664833307e+00
-1.8003772199e-01
-3.5700406879e-02
3.9033234119e-01
-4.6759513021e-01
-1.6498948634e-01
-1.5779776871e-01
-6.8056881428e-02
5.8580940962e-01
9.1421765089e-01
-1.4811356366e-01
8.4535580873e-01
-1.6762217879e-01
-3.8370445371e-01
3.6249214411e-01
-7.8379786015e-01
-7.1870170534e-02
-7.2122022510e-02
-8.0644291639e-01
-4.3629193306e-01
-5.1015745848e-02
2.4695970118e-01
-7.7372521162e-01
9.4384080172e-01
-4.3000000715e-01
-7.5649237633e-01
4.0825781226e-01
-5.9988605976e-01
-5.8102804422e-01
1.6157148778e-01
-6.1986321211e-01
-4.8480194807e-01
2.2637920380e+00
1.6894350052e+00
4.1870585084e-01
-3.0295199156e-01
6.6745251417e-01
6.4134198427e-01
-1.2430387735e+00
-1.1432263851e+00
-4.7721329331e-01
3.3139669895e+00
2.9373249039e-02
-4.0777784586e-01
-4.6746051311e-01
7.5446951389e-01
3.2975497246e+00
1.6627475023e+00
2.6489549875e-01
8.0411016941e-01
-4.7753479332e-02
-2.3937542737e-01
-2.1136049926e-01
8.3865985274e-02
2.9605308175e-01
7.7290222049e-02
3.8733139634e-01
3.4332224727e-01
-1.2133964151e-01
2.8954818845e-02
-7.4059098959e-01
-1.3557068110e+00
2.3870410025e-01
-2.0378696918e-01
7.9651840031e-02
1.3871663809e-01
2.5127616525e-01
1.7465704679e+00
-4.2909306288e-01
1.8348327279e-01
9.4297820330e-01
-1.8103216588e-01
2.2565340996e+00
-1.1718927622e+00
-1.9841579199e+00
-1.6310364008e+00
-3.5256102681e-01
-5.9403640032e-01
3.8002979755e-01
-1.0682589561e-01
3.4707063437e-01
3.3005279303e-01
5.1202273369e-01
-1.9214955568e+00
1.6870684922e-01
1.5178951025e+00
1.4856901169e+00
2.9308888316e-01
-3.4960931540e-01
-3.5081201792e-01
-1.6704185307e-01
8.1190198660e-02
1.3073184490e+00
-1.0558571815e+00
9.8809763789e-02
9.8356425762e-01
1.6345740557e+00
4.3507656455e-01
-2.4261134863e-01
-6.5003460646e-01
-5.9239751101e-01
6.4768001437e-02
7.5942647457e-01
2.0082801580e-01
1.1208562851e+00
-5.3933721781e-01
3.7271490693e-01
-3.8592967391e-01
5.5750519037e-01
5.6949526072e-02
-5.9950172901e-02
-1.1329668015e-01
2.3377160728e-01
-1.3031738997e-01
2.6564657688e-01
-1.6352257133e-01
-7.4777477980e-01
7.1561284363e-02
-3.1747618318e-01
4.2213365436e-01
1.9936120510e-01
1.2928749621e-01
2.8935236931e+00
-1.1859098822e-01
7.0946455002e-01
4.9355673790e+00
5.9133901596e+00
-2.6301281452e+00
-1.3210363686e-01
-1.1636445522e+00
-1.0294705629e+00
-2.0294265747e+00
-1.5867275000e+00
1.5149837732e+00
-7.7663081884e-01
8.4638994932e-01
-4.6292626858e-01
1.8257435560e+00
-3.0286654830e-02
-3.7052258849e-01
-1.5267792940e+00
-2.0756206512e+00
-1.0063446313e-01
6.9631196558e-02
-4.4822567143e-03
5.2065816708e-03
1.0564655811e-01
2.8725641966e-01
-1.2744918466e-01
3.8422830403e-02
2.1709734201e-01
-1.8193916976e-01
7.1888603270e-02
7.0459663868e-02
1.3973727822e-01
8.2386381924e-02
7.7495314181e-02
1.5835969150e-01
-4.8755237460e-01
4.0731838346e-01
-1.0815312862e+00
-3.5124406219e-01
-3.3814739436e-02
-4.8737842590e-03
-3.7124443799e-02
5.8191318065e-02
1.4561364055e-01
1.0167919099e-02
-2.5239938498e-01
1.1684244126e-01
-1.7743007839e-01
-6.6352099180e-02
2.6583287120e-01
-4.5129865408e-02
1.2707184255e-01
9.8188832402e-02
1.9705904648e-02
-3.2982733846e-01
-4.6600025147e-02
2.2551654279e-01
-1.6843073070e-01
5.1502827555e-02
-3.2907415181e-02
-2.1583209932e-01
2.9065647721e-01
2.6143908501e-01
9.5177605748e-02
9.7412240505e-01
4.7477212548e-01
1.9504940510e-01
4.2913042009e-02
2.2286777198e-01
8.3321206272e-02
-6.5881617367e-02
-7.1098521352e-02
1.1576719582e-01
1.1249539256e-01
6.6470265388e-02
-8.4717702121e-03
1.8970420957e-01
-1.3878715038e-01
-3.7578243017e-01
-2.2976167384e-04
1.4686511457e-01
-1.0611654073e-01
2.6656219363e-01
7.0414096117e-01
2.4292811751e-02
6.2217276543e-02
-4.6174999326e-02
-5.2799947560e-02
-4.5907817781e-02
-7.2318685055e-01
-5.0833415985e-01
-1.5928804874e-01
1.3619086742e+00
4.3403545022e-01
-2.1477527916e-01
1.5160746872e-01
-1.3557587564e-01
3.7732529640e-01
-2.4927493930e-01
-1.6264310479e-01
-2.3056410253e-01
6.1165828258e-02
-1.2200249732e-01
-2.6663154364e-02
-7.7834105492e-01
4.5919254422e-01
2.7187615633e-01
5.6574404240e-02
-3.1690418720e-01
-4.5001494884e-01
1.1645966023e-01
-3.8406673074e-01
5.3695973009e-02
-3.6066375673e-02
-1.0608886369e-02
1.7608501017e-01
3.2738411427e-01
4.8536515236e-01
-5.9543061256e-01
7.5430981815e-02
6.7565836012e-02
9.3171866611e-03
1.1224014312e-01
9.9419057369e-02
1.7664207518e-01
-9.0368062258e-02
-8.4904760122e-02
-1.9040626287e-01
5.9492934495e-02
-6.8170741200e-02
4.5511612296e-01
6.2799140811e-02
-2.6418927312e-01
1.1449318379e-01
1.6878394783e-01
7.1285493672e-02
1.0602073371e-01
-7.0069663227e-02
-4.5731645077e-02
-5.0631597638e-02
6.5720963478e-01
3.5406553745e-01
-6.0748589039e-01
6.2215781212e-01
7.7970176935e-01
-6.3688244820e+00
-5.3970160484e+00
-3.9076641202e-01
5.2173858881e-01
8.9741490781e-02
-3.6523428559e-01
3.1940409541e-01
-1.7294673622e-01
-1.3069175184e-01
-7.1778523922e-01
-5.7421106845e-02
2.3128494620e-01
-3.4661528468e-01
6.2941744924e-02
2.9296013713e-01
2.4184799194e-01
-7.5653588772e-01
-5.4999026470e-03
-3.6231294274e-02
1.1906290799e-01
2.4391153455e-01
-3.5720854998e-02
3.7622544914e-02
-1.8815906718e-02
6.8723964691e-01
9.4170093536e-02
-7.0856888779e-03
-4.4225296378e-01
2.4634669721e-01
-9.6847161651e-02
2.2333199158e-02
3.2585036755e-01
-4.7382152081e-01
-3.6825665832e-01
8.8455301523e-01
-5.2676111460e-01
-1.7011745274e-01
-6.2266305089e-02
-6.8721592426e-02
6.0533219576e-01
2.3194542527e-01
1.1523475498e-01
-5.1342320442e-01
-4.0556918830e-02
3.6254283041e-02
-7.0745080709e-01
1.2756216526e-01
-5.8447830379e-02
1.6016288102e-01
-3.6164402962e-02
1.5615845099e-02
5.3819257766e-02
-1.0542650521e-01
4.6965993941e-02
-2.6320321485e-02
-2.0935593173e-02
5.8587685227e-02
7.8918121755e-02
-4.3277364224e-02
2.8894217014e+00
-3.4688940048e+00
1.0526804626e-01
-8.9820003510e-01
1.4384933710e+00
-2.1499745548e-01
7.9259775579e-02
-1.1556902528e-01
5.7424005121e-02
1.3985030353e-02
-5.4929232597e-01
-3.1906050444e-01
6.9254624844e-01
-3.5956561565e-01
3.3294606209e-01
-2.2651128769e+00
-6.4075857401e-01
-7.8090989590e-01
1.7837622166e+00
2.3859400749e+00
2.8405833244e-01
3.5383182764e-01
3.5951507092e-01
-2.9718819261e-01
-2.8259283304e-01
-2.4863868952e-02
7.9963179305e-03
-3.8417240139e-03
-7.4336994439e-03
8.4057360888e-02
2.0313182473e-01
-9.6846364439e-02
-6.6238336265e-02
3.9897286892e-01
4.1308897734e-01
-5.3113527596e-02
1.8654213846e-01
-1.1090571433e-01
-3.3866826445e-02
-3.5842671990e-02
-3.6340907216e-01
-1.9341140985e-01
-2.1482451260e-01
-5.6072384119e-02
5.6841522455e-02
5.2150565386e-01
-1.9751632214e-01
-4.1682833433e-01
-1.9064402208e-02
-1.1114252359e-01
6.2736268044e+00
9.9722659588e-01
-8.6698442698e-01
2.0823335648e+00
9.9078588188e-02
-2.4288536608e-01
1.4891834557e-01
2.7454406023e-02
2.0432440937e-01
1.7110568285e-01
5.4129812866e-02
-3.0572110415e-01
2.0268800855e-01
1.1156451888e-02
6.7388303578e-02
1.1172396690e-01
-1.1264249682e-01
1.6401137412e-01
2.5170958042e-01
1.1550438404e-01
-1.1157176644e-01
5.1837403327e-02
7.3385432363e-02
-7.6348423958e-02
-1.9477319717e-01
-6.9518792629e-01
-1.8908853829e-01
-1.8091773987e-01
4.6729457378e-01
-5.8352833986e-01
2.8040383011e-02
1.2332861125e-01
2.3935836554e-01
-3.3129978180e-01
-1.4110181481e-02
-3.5370471478e+00
-3.7228798866e+00
-4.5355620384e+00
-1.0064636469e+00
1.0902696848e+00
-3.2784202695e-01
-7.0931166410e-02
-1.4730396867e-01
-2.0673932135e-01
4.2118605971e-01
-1.6760903597e-01
-9.4695919752e-01
1.4664010704e-01
1.0143776983e-01
2.5512224063e-02
7.6779732481e-03
-4.1972890496e-02
-2.0349236205e-02
1.7366409302e-01
-2.4619149044e-02
-1.9374691183e-03
2.0983563364e-01
1.3428884745e-01
-1.7303256318e-02
-1.8448268995e-02
-1.3370867074e-01
-4.8323726654e-01
-3.1378803253e+00
-2.8139138222e+00
-1.0342097282e-01
-2.9785444960e-02
-1.0834468901e-01
2.1641744301e-02
1.0269116610e-01
1.8430760503e-01
4.3448612094e-02
-3.0749548227e-02
3.8288887590e-02
7.6265387237e-02
1.8776101992e-02
8.9990966022e-02
6.0847822577e-02
1.6342745721e-01
8.2643792033e-02
5.0758823752e-02
4.6179510653e-02
6.9608084857e-02
-3.3460143209e-01
6.4373686910e-03
1.1254183948e-01
-2.4928285182e-01
3.4224849939e-01
5.4417300224e-01
1.0721592233e-02
5.1548067480e-02
-1.5250906348e-01
-2.2459580004e-01
1.7190937698e-01
-5.4758989811e-01
-2.0201545209e-02
-1.4457323551e+00
-1.0806777477e+00
-1.4461471140e-01
4.4699853659e-01
7.0482575893e-01
4.0495111607e-03
1.9194659591e-01
2.9478737712e-01
-1.0113226622e-01
-7.0068544149e-01
-2.0262787342e+00
-5.0654953718e-01
3.1438347697e-01
2.3354253769e+00
2.6231312752e+00
-1.7371873558e-01
4.9392205477e-01
8.8618203998e-02
-9.2472299933e-02
-4.1515585780e-01
3.0326530337e-01
5.3366559744e-01
5.7284910232e-02
-2.2151780128e-01
-6.3681997359e-02
-3.5849809647e-01
-3.6071804166e-01
6.0315644741e-01
-2.1458123624e-01
4.4681486487e-01
5.6681859493e-01
-5.6361252069e-01
-6.9721204042e-01
1.1506016254e+00
-9.6819952130e-02
-1.3872204721e-01
-2.1008525789e-01
1.3467636704e-01
-4.0534511209e-02
1.9919711351e-01
1.1028007269e+00
1.0731463432e+00
3.9298582077e-01
1.0501636267e+00
2.2419621944e+00
-1.2616747618e+00
-4.6361830831e-01
-2.1898057461e+00
5.5172320455e-02
-2.4288339913e-01
4.1177954525e-02
-1.6187705100e-01
1.7501601577e-01
-4.0915470570e-02
-8.5362665355e-02
-1.1754134893e+00
-1.8084159493e-01
5.3350216150e-01
-8.2412451506e-01
5.2148246765e-01
-8.7670922279e-01
1.2036877871e+00
5.8407431841e-01
-3.5496804118e-01
-4.3249198794e-01
6.9832175970e-01
-2.4464455247e-01
-5.0619667768e-01
-2.0557820797e-01
-1.0098199546e-01
-2.1812021732e-02
-1.9216480851e-01
4.3000099249e-03
-8.2949858904e-01
9.9973404408e-01
-1.1215076782e-02
2.5759845972e-01
5.0167387724e-01
-4.1107094288e-01
-2.9258156195e-02
5.9119235724e-02
1.9139015675e-01
1.8624264002e-01
1.9422429800e-01
-2.5104933977e-01
5.3170257807e-01
-2.6952677965e-01
-1.5985161066e-01
1.7459146678e-01
3.3803500235e-02
1.7890913878e-03
-1.0905037075e-01
1.1584968120e-01
-2.1096926928e-01
-9.7560897470e-02
8.0620545149e-01
3.1024845317e-02
4.3680542707e-01
-2.5113514066e-01
-3.0379740521e-02
2.5961096287e+00
1.8948178291e+00
-3.6039814353e-01
3.5561975837e-01
8.8993024826e-01
-7.3919075727e-01
-7.8353360295e-02
-1.7257887125e+00
-3.1066182256e-01
-1.1197791100e+00
-1.0492999852e-01
9.2383585870e-02
1.9985541701e-01
1.1925144494e-01
-1.5508322418e-01
-1.7387220263e-01
-6.1686132103e-02
-3.5848826170e-01
1.0514709949e+00
1.4181458950e-01
1.5779314935e-01
-3.9998424053e-01
3.8499608636e-01
-2.7978014946e-01
-1.0345415026e-01
-1.7398201227e+00
-1.8420895338e+00
-1.3321965933e+00
1.8454421759e+00
-1.3566832542e+00
-3.8872652054e+00
-3.3212711811e+00
-1.8669999838e+00
-5.2174293995e-01
-3.5407710075e-01
-7.8637208790e-03
2.0593622327e-01
5.7140100747e-02
2.4918012321e-02
-1.6157069802e-01
1.3370856643e-02
6.1939120293e-02
4.9099475145e-02
9.7432464361e-02
1.1578468978e-01
7.8493511677e-01
-2.5452968478e-01
-1.1787070036e+00
-1.2235568762e+00
9.7296422720e-01
1.2052307278e-01
-1.6273184121e-01
-1.8019707873e-02
-8.4979124367e-02
1.5404291451e-02
-2.2290831804e-01
-2.4173814803e-02
-9.6214160323e-02
1.2770296074e-02
1.1605628766e-02
4.4580571353e-02
1.9530232251e-01
2.7650991455e-02
-3.4995183349e-01
4.4666260481e-01
-2.2541744709e+00
-5.0404512882e-01
-1.7501622438e+00
5.5018365383e-01
5.3373706341e-01
4.7209627926e-02
6.3102406263e-01
-6.3068318367e-01
-2.9362431169e-01
-2.1951481700e-01
-4.1030356288e-01
-9.1043896973e-02
-3.7747254968e-01
-7.3999828100e-01
-2.0635125041e-01
-1.5303572416e+00
-3.4912624955e-01
4.4441923499e-02
-1.4969652891e-01
-1.0128610134e+00
-1.4222273827e+00
-1.1139272153e-01
5.4538869858e-01
-1.4921000600e-01
-1.0786224157e-01
-9.7621724010e-02
1.0258291960e+00
-1.1529547721e-01
-1.0055789351e-01
5.0576221943e-01
3.3124938607e-01
-1.3413675129e-01
-4.2143067718e-01
-1.9615592062e-01
7.1756780148e-01
-1.1094940901e+00
3.1574049592e-01
1.5337175131e+00
6.7024216056e-02
-3.9096090198e-01
-1.6034555435e+00
-1.7898939848e+00
-6.6027230024e-01
2.1815799177e-01
1.2826249599e+00
-6.1250805855e-01
-1.0255835205e-01
-4.3438650668e-02
5.8145248890e-01
1.2014921904e+00
-1.3616881371e+00
-6.3496917486e-01
8.4960974753e-02
-6.0581839085e-01
-8.1772096455e-02
1.0444871336e-01
2.4118803442e-01
2.0888894796e-02
-4.4339179993e-01
5.3797878325e-02
-6.3413581811e-03
1.3779032230e-01
3.6058661342e-01
-1.2068055868e+00
-1.4294400811e-01
3.5209786147e-02
6.8431660533e-02
5.5024258792e-02
5.8851595968e-02
1.1095034331e-01
-2.1193151474e+00
1.2092010584e-03
-6.4393717051e-01
6.5692508221e-01
6.4244456589e-02
-1.4229170084e+00
5.3446185589e-01
-9.6861058474e-01
1.0686054230e+00
1.2554104328e+00
5.6109160185e-01
6.7239695787e-01
-6.6692769527e-02
4.8286739737e-02
3.6942788959e-01
-1.6741772890e+00
1.4752648771e-01
-1.6361745596e+00
-1.9231800735e-01
2.5973489285e+00
-1.0045992211e-02
-2.7550306171e-02
-6.4790152013e-02
-7.7350094914e-02
-4.8896711320e-02
-1.8121939898e+00
-2.3675049841e-01
9.2180359364e-01
-5.5251657963e-02
1.0719542503e+00
-2.8685557842e-01
-2.0835901797e-01
5.7629603148e-01
7.4404247105e-02
-1.3890272379e-01
2.1300530434e+00
-1.7399063706e-01
4.8521339893e-01
1.1054340601e+00
1.7809885740e+00
-1.8678869307e-01
-1.2435936183e-01
-1.2685330212e-01
2.2417637706e-01
-6.1426505446e-02
2.0816351473e-01
-7.4310255051e-01
-6.6788291931e-01
6.2273460627e-01
-2.5613313913e-01
2.0127171278e-01
2.5171551108e-01
3.7257012725e-01
-1.0243353248e-01
5.7851187885e-02
-3.6707744002e-01
-3.3632373810e-01
-2.0411610603e+00
-2.0232457668e-02
3.4410080314e-01
2.6850421429e+00
3.8932266235e+00
8.7080401182e-01
-1.3826161623e+00
-2.8072590828e+00
-3.4744101763e-01
1.0557188988e+00
1.1263322830e+00
2.1142922342e-01
4.8785933852e-01
1.0291231871e+00
3.2359749079e-01
-5.1927000284e-01
-7.2742384672e-01
2.9891500250e-02
1.8384175375e-02
1.2859945185e-02
-1.0563963093e-02
6.2069823034e-03
-8.3928532898e-02
-3.9886331558e-01
9.0248279274e-02
-7.6500866562e-03
5.1019974053e-02
1.3096219301e-01
1.3026064634e-01
-1.8798587844e-02
3.7480317056e-02
3.5824224353e-02
-1.2697884440e-01
-4.1963770986e-01
3.6706870794e-01
-1.3269291818e-01
2.3202352226e-01
5.3847837448e-01
-1.0666114092e-01
3.3388350159e-02
-3.4002255648e-02
-2.9769539833e-03
1.2765271962e-01
5.0193548203e-01
7.4121348560e-02
-4.0665417910e-02
-1.7200316489e-01
-3.9667934179e-01
-6.6559992731e-02
-3.0860489234e-02
8.0347441137e-02
5.5263694376e-02
1.1069384962e-01
-2.1074572206e-01
1.8223449588e-01
-6.4703323878e-03
-1.6363772750e-01
1.1135224253e-01
1.7199786007e-01
-1.0287924111e-01
5.4733469151e-03
3.1957742572e-01
1.2934744358e-01
1.1313997507e+00
-1.0951156616e+00
-1.4513160288e-01
-2.3565104604e-01
-2.8636175394e-01
-3.0295744538e-01
1.0465397686e-01
-8.6773328483e-02
9.8626621068e-02
-7.0936180651e-02
2.0924156904e-01
-5.4609596729e-01
-3.8018912077e-01
-4.3573126197e-02
-4.2395807803e-02
-2.4263042212e-01
-2.4863208830e-01
7.1855878830e-01
-4.1583955288e-01
-2.1897433698e-01
1.1830843240e-01
-4.4764891267e-02
3.8569640368e-02
9.4898201525e-02
-2.7138045989e-03
1.5164240599e+00
4.4572287798e-01
6.9052660465e-01
-1.0273032188e+00
-4.1930198669e-01
-5.3154850006e-01
5.3552830219e-01
2.3154129088e-01
-1.3313215971e-01
6.1984020285e-03
-2.3885352910e-01
-9.4448313117e-02
8.0755710602e-02
-1.0075135157e-02
-2.2296825051e-01
4.6580601484e-02
-6.9950467348e-01
-4.9380978942e-01
4.9869641662e-02
2.3805922270e-01
2.0703133941e-01
-1.2632022798e-01
-2.6767200232e-01
-4.3843591213e-01
-1.0090635717e-01
-1.6138240695e-02
3.9792943746e-02
1.5711329877e-01
-3.2823238522e-02
-3.5068950057e-01
-5.3441580385e-02
6.0548353940e-02
-1.3426607475e-02
1.4499133825e-01
1.1130996794e-01
-1.1741171777e-01
9.2789359391e-02
-1.6649600863e-01
2.2810444236e-01
-6.5617837012e-02
1.7118124664e-01
-3.9232572913e-01
3.5289216042e-01
-1.9164744020e-01
7.2092339396e-03
-7.1708045900e-02
-6.2181293964e-02
1.4206545055e-01
8.1364609301e-02
1.0527807474e-01
1.8752951920e-01
2.0415684581e-01
-3.1553018093e-01
5.6256353855e-02
9.3704432249e-02
-3.4627683163e+00
-1.7895748615e+00
-2.0601139069e+00
-2.5110118389e+00
-1.0884624720e+00
1.6809923947e-01
1.0207627714e-01
-1.1674451083e-01
4.0248758160e-03
3.2810214907e-02
-3.7255924940e-01
2.8751179576e-02
-2.7648785710e-01
-2.2177070379e-01
3.9610716701e-01
-2.5458556414e-01
2.0257161558e-01
1.8719604611e-01
1.3372328877e-01
4.5949459076e-02
-5.2732698619e-02
3.8070023060e-02
3.7204686087e-03
-6.6039413214e-02
4.7538626939e-02
7.7440518141e-01
1.8522475958e+00
-6.6886717081e-01
7.6175636053e-01
2.4217687547e-01
2.0086880028e-01
3.7595435977e-02
-1.2965714931e-01
3.1799575686e-01
1.7706005275e-01
-1.9434129819e-02
2.6630857587e-01
5.3575146198e-01
2.4376398325e-01
-1.1186286062e-01
-8.2417920232e-02
1.7000342906e-01
-4.1374966502e-01
-2.5699113030e-03
-8.5111595690e-03
-1.7117425799e-01
-2.0541296899e-01
-2.1920425817e-02
-1.7858345807e-01
1.1898001283e-01
1.5335212462e-02
5.6204788387e-02
4.4338718057e-02
7.2722382843e-02
-1.6969084740e-01
2.1846888587e-02
-1.2520180084e-02
-3.0483808368e-02
1.5440359712e-02
-4.8914235085e-02
-1.0647633076e+00
-7.3970478773e-01
-6.1303651333e-01
-2.1651987731e-01
2.5877685547e+00
6.5288908780e-02
-7.8642278910e-02
3.9458911866e-02
9.8704978882e-05
-8.9102722704e-02
1.9121782482e-01
1.7673972994e-02
-1.0635700226e+00
1.9675952196e-01
6.0780537128e-01
-1.1338912249e+00
-2.4343419075e+00
-1.0962283611e+00
-1.1819337606e+00
5.6522279978e-01
9.7560442984e-02
1.3623949140e-02
-3.1128698587e-01
-1.0073136538e-01
2.8444144130e-01
-7.3628146201e-03
-3.0456574634e-02
6.9331465056e-04
1.1854127981e-02
6.9476710632e-03
-2.3299658298e-01
-3.0883979797e-01
2.2279247642e-01
-4.6298554540e-01
-5.3393208981e-01
3.4818600863e-02
1.1579755694e-02
-5.1222186536e-02
-6.6962629557e-02
-6.4373351634e-02
1.0791241378e-01
6.1891030520e-02
2.4802942574e-01
-2.5357434154e-01
5.8296993375e-02
2.7211664245e-02
-4.3710815907e-01
-3.5564026237e-01
-6.8577498198e-01
3.4533050656e-01
-2.2706015110e+00
-1.5739893913e+00
3.5162339211e+00
3.5215103626e+00
2.4527568817e+00
1.3819378614e-01
-1.6807062924e-01
3.8558200002e-02
1.0917790979e-01
-1.8967609853e-02
-6.2610757351e-01
1.3369131088e-01
3.7658654153e-02
-5.4918877780e-02
-3.3307683468e-01
-1.7827539146e-01
-2.7241885662e-01
8.4594208747e-03
-1.1124609970e-02
-2.5692811236e-02
3.5317137837e-02
7.1564599872e-02
4.7070164233e-02
-2.5146702304e-02
-7.5723238289e-02
-1.0152831078e+00
-2.0192229748e-01
-1.3042047620e-01
-1.0714267194e-01
-3.0657255650e-01
-4.2131632566e-01
-8.7961500883e-01
-3.7037667632e-01
-6.6470608115e-02
5.1373565197e-01
-1.4728126526e+00
-4.4639554620e-01
-1.1950447559e+00
-1.2456357479e+00
-3.1348925829e-01
2.6535043493e-02
-6.1568822712e-02
-4.9644044042e-01
-3.3738806844e-01
-3.6617240310e-01
6.2456727028e-01
3.6448478699e-01
7.5569576025e-01
-2.5948810577e-01
5.2280151844e-01
-9.8043262959e-02
-6.3651598990e-02
-2.8906421736e-02
1.3305589557e-01
1.1435885727e-01
3.3827517182e-02
-2.5003986433e-02
-1.3823701441e-01
-5.8288656874e-04
1.1569654942e-01
1.6775068045e+00
-2.5311020017e-01
-1.3776851892e+00
2.2043028474e-01
2.8742117882e+00
1.1442205310e-01
7.4681937695e-03
-9.8099671304e-02
4.5594032854e-02
-1.4687986672e-01
-4.3171100318e-02
-1.4811115339e-02
1.2692937627e-02
2.3501928896e-02
1.0430739261e-02
-2.9657293111e-02
-1.1860404164e-02
-1.2071703374e-01
2.0248757303e-01
-2.1921664476e-01
6.5164583921e-01
2.5960965082e-02
2.7738162875e-01
-1.6090205312e-01
1.5244852006e-01
-6.8437799811e-02
-3.2425972819e-01
3.4948354959e-01
-4.6674293280e-01
-7.8304760158e-02
-1.2911789119e-01
-2.5463724136e-01
2.3411808908e-01
-9.2174887657e-02
-2.6161229610e-01
2.4569696188e-01
-9.8078811169e-01
-4.7253942490e-01
4.8640409112e-01
-6.4101725817e-01
-4.3571233749e-01
9.5732468367e-01
-5.6303328276e-01
6.9708895683e-01
-2.1675491333e-01
1.4462835789e+00
-1.5927141905e-01
-4.4053241611e-01
1.6287846491e-02
-2.9837422371e+00
-1.2782387733e+00
5.8514916897e-01
1.3296362758e-01
-8.8952791691e-01
6.1316102743e-01
-1.5816837549e-01
-7.3201435804e-01
5.4348403215e-01
-9.8388299346e-02
-3.7228096277e-02
-2.2153680027e-01
1.0403303802e-01
-1.4124590158e+00
7.3982149363e-01
1.0523282923e-02
2.2403762341e+00
-1.0017658472e+00
-1.1472792625e+00
3.7278927863e-02
-1.7876122892e-01
6.0912147164e-02
1.0667601973e-01
2.2512444854e-01
-1.1491782218e-01
-1.9461491108e+00
1.3598784804e-01
7.9157108068e-01
-1.4510371685e+00
-2.5793788433e+00
-2.8147218227e+00
-7.4938660860e-01
-2.2240263224e-01
3.6087137461e-01
-2.2440719604e-01
-3.0118653774e+00
-2.1124267578e-01
-6.3744388521e-02
4.1979926825e-01
-5.1374250650e-01
-1.3227920979e-02
-4.6139883995e-01
-1.2332354784e+00
-2.9744233936e-02
1.5561913252e+00
-2.1741630137e-01
-3.3382445574e-01
-1.9238556921e-01
-6.0840975493e-03
-1.4734655619e+00
-5.9149229527e-01
-1.0660741329e+00
-3.7756922841e-01
2.4877150357e-01
-3.8003079593e-02
-7.1893393993e-02
-2.7836576104e-01
3.9402016997e-01
-2.1651630104e-01
1.4218286276e+00
-6.8400454521e-01
3.2929781079e-01
2.5276142359e-01
-6.1062943935e-01
-4.9778919667e-02
2.7889782190e-01
-7.7450579405e-01
1.0369670391e+00
3.8582272828e-02
-5.4934328794e-01
9.0630069375e-02
5.0015133619e-01
5.2172255516e-01
-7.5392901897e-01
-3.4296956658e-01
2.4959084392e-01
-4.5926356316e-01
1.9813439250e-01
-2.4149276316e-01
-2.2184883058e-01
-4.7938119620e-02
4.8198831081e-01
-2.3454937339e-01
1.0073118657e-01
8.7916091084e-02
-6.6649299860e-01
-1.6273801327e+00
4.5029610395e-01
5.9252512455e-01
1.8797763586e+00
-3.8681313992e+00
2.3260354996e-01
5.3903883696e-01
1.4637087584e+00
8.3461189270e-01
6.8164438009e-01
-2.5934517384e-01
-4.8867221922e-02
1.0746673495e-01
2.9580295086e-02
-5.0134629011e-02
2.1784579754e-01
3.0312973261e-01
-1.5989315510e-01
2.4883762002e-02
1.0635815859e+00
1.5442356467e-01
-6.1171573400e-01
4.3555298448e-01
-1.6988915205e-01
7.0438414812e-02
6.9300198555e-01
-1.0072243214e+00
7.7207523584e-01
5.0450086594e-01
-2.7360246181e+00
4.0500065684e-01
-3.0629372597e+00
6.9499349594e-01
9.4760876894e-01
7.8593499959e-02
-2.4989816546e-01
-2.3466651142e-01
1.6334030032e-01
1.2260344625e-01
3.8000997156e-02
-5.7835888118e-02
-1.7413057387e-02
2.2925963625e-02
-3.7433181424e-03
2.1704800427e-01
-4.7508120537e-01
-4.0554943681e-01
2.7735379338e-01
-3.8363140821e-01
-1.1223034859e+00
1.8346011639e-01
-1.0165669769e-01
-1.1572980881e-01
3.7652012706e-01
-2.7326019481e-02
-2.6639181376e-01
-1.2556825578e-01
5.7240441442e-02
-5.5146735907e-01
5.1713579893e-01
-3.3285140991e-01
6.3982510567e-01
-1.6065042019e+00
9.3211996555e-01
-7.2617810965e-01
4.3017166853e-01
2.8393304348e+00
-8.5873931646e-01
-1.6792422533e+00
-1.2201980352e+00
1.5164992213e-01
3.3608353138e-01
-4.6861293912e-01
5.4813045263e-01
2.8160691261e-01
2.8970280662e-02
4.9642074108e-01
-2.7451309562e-01
-2.2250479460e-01
-5.9571665525e-01
-1.3727045059e+00
5.3616333753e-02
4.3731379509e-01
2.2202665806e+00
5.7384234667e-01
-1.0103327036e+00
-3.4903603792e-01
-1.8969048560e-01
-3.0469498038e-01
2.5238838047e-02
-9.4279545546e-01
4.2952591181e-01
7.4002784491e-01
-2.9515936971e-02
4.6008881181e-02
5.7500028610e-01
4.0077906847e-01
-3.5054624081e-02
4.7011014819e-01
-4.7675442696e-01
-3.1195852757e+00
-2.6020298004e+00
-1.5550433397e+00
5.4753983021e-01
-8.6596268415e-01
3.0007543564e+00
-1.3750377893e+00
-1.8336017383e-03
2.7491722107e+00
-2.9650535583e+00
1.0278979540e+00
-1.0410600901e+00
-3.6845371127e-01
1.6762540340e+00
1.5248113871e+00
3.0107542872e-01
4.0485036373e-01
3.1771352887e-01
-5.6396031380e-01
1.1883039027e-01
-5.0055429339e-02
2.1713672206e-02
1.8628039956e-01
6.9604998827e-01
7.2877846658e-02
2.2894610465e-01
3.2323654741e-02
-8.5718280077e-01
2.4936132431e+00
9.3545132875e-01
-3.2383326441e-02
2.7832916379e-01
-2.1457793191e-02
-2.7009660006e-01
-3.7329807878e-01
9.6290332079e-01
9.4686305523e-01
2.4509379268e-01
-9.2457604408e-01
-5.2794247866e-01
-1.0939162970e+00
-2.1749548912e+00
-1.5157538652e-01
3.2779872417e+00
-1.5640783310e+00
1.2179543264e-02
1.8317370117e-01
4.5232653618e-01
8.8035717607e-02
-2.0127587020e-01
-2.0101044178e+00
9.7939229012e-01
1.3149276972e+00
-6.4493525028e-01
-3.7580027580e+00
-2.7097901329e-02
-6.6936835647e-02
9.0403944254e-02
4.4202339649e-01
-1.6140250862e-01
1.2267560959e+00
1.9066078961e-01
1.0831212252e-01
1.0028864145e+00
-1.1938205957e+00
-4.1020920873e-01
-3.8053730130e-01
-3.9320123196e-01
-2.3525980115e-01
-2.6543682814e-01
-3.2594468594e+00
3.9208465815e-01
-1.0402790308e+00
-1.2823840380e+00
-3.6873155832e-01
3.8755708933e-01
-1.3548414409e-01
2.3967986926e-02
3.9160277694e-02
4.5020481944e-01
2.1716645360e-01
-8.7260261178e-02
3.8765441626e-02
-8.4458701313e-02
6.4292840660e-02
1.4482238889e-01
-5.1614570618e-01
-2.0263089240e-01
-1.4116916060e-01
1.2271705270e-01
2.5237679482e-01
-2.9439949989e+00
2.0328845978e+00
-1.9929431677e+00
-3.9462609291e+00
1.0420234203e+00
-1.7711776495e-01
1.0293554068e+00
3.8222348690e+00
3.3226447105e+00
3.4745272249e-02
6.6919130087e-01
-8.7145322561e-01
-3.9018964767e-01
-3.4893515706e-01
9.5086222887e-01
9.2998152971e-01
-8.9372533560e-01
1.5857045650e+00
1.8020012379e+00
3.6843232810e-02
-1.0702662170e-02
3.7520412356e-02
5.5308258161e-03
6.5879993141e-02
4.9918405712e-02
-6.6944651306e-02
-6.4619816840e-03
7.0379421115e-02
-1.6898715496e-01
-6.1830904335e-02
2.1911922377e-03
-3.1200032681e-02
-5.9049822390e-02
2.1247174591e-02
-3.1267616153e-01
-4.1143995523e-01
-2.9245123267e-01
-6.5948438644e-01
3.9908569306e-02
7.1239300072e-02
1.2084917724e-01
1.0529444367e-01
7.6638065279e-02
-3.6852550507e-01
6.6534221172e-02
2.4560563266e-01
4.1019052267e-01
-1.8727989495e-01
1.1762655526e-01
2.9728950933e-02
1.2017188221e-01
-5.0604719669e-02
-8.3007283509e-02
1.2744095922e-01
9.9665351212e-02
6.1780316755e-03
-5.8940943331e-02
1.5347686410e-01
-4.1190466285e-01
1.9916990772e-02
3.6637228727e-01
-6.0091782361e-02
8.6449906230e-02
-1.4116746187e-01
-1.1293400526e+00
4.3540950865e-02
8.9711800218e-02
3.4661495686e-01
4.0179812908e-01
1.2112860382e-01
-6.6539615393e-02
-1.2886998057e-01
-6.6631063819e-02
-1.3041387498e-01
-2.2096151114e-01
-9.7203306854e-02
2.6976000518e-02
-5.4811298847e-01
-2.6810389757e-01
-6.5272785723e-02
3.8993556052e-02
-1.0356050730e-01
-2.5367754698e-01
4.6432095766e-01
-1.7232166603e-02
9.4780124724e-02
-2.0328271389e-01
3.6206033081e-02
1.2019725889e-01
1.9785454273e+00
-1.7735879421e+00
1.2163572013e-01
-1.6159747541e-01
-2.8069254756e-01
2.2493056953e-01
4.2551586032e-01
2.8992074728e-01
-2.4759348482e-02
-2.7360054851e-01
2.9170630500e-02
-2.0699400455e-02
-1.0387089103e-01
7.3116205633e-02
1.3275475800e-01
-3.5155385733e-01
-4.5077817049e-04
-4.4977262616e-01
-2.3106294870e-01
-1.1616734788e-02
-1.3480569422e-01
-1.2206204236e-01
-1.2228025496e-01
4.8085371964e-03
1.4965076745e-01
1.1502046138e-02
-1.5827155113e-01
3.6944946647e-01
2.4544633925e-01
1.5407729149e-01
-1.3099813461e-01
6.8832434714e-02
8.3688274026e-03
7.9100571573e-02
-1.7324335873e-01
7.2605544329e-01
5.1454597712e-01
6.1565861106e-02
-3.4285908937e-01
-1.4448611997e-02
-4.6516537666e-01
1.8902197480e-01
5.5753380060e-01
-6.0432273149e-01
-1.2860454619e-01
-3.0574962497e-02
-8.2712709904e-02
-2.9220902434e-05
1.9317710400e-01
2.7028340846e-02
1.4953763224e-02
1.4905238152e-01
-9.9943533540e-02
2.5298899412e-01
-6.6191744804e-01
1.1825013161e+00
3.6853508949e+00
4.3117046356e+00
7.1638923883e-01
-7.2232425213e-01
-1.7590303719e-01
-1.0192950815e-01
-6.4049065113e-02
-5.7569880038e-02
1.1484208703e-01
2.1972957253e-01
-2.0587827265e-01
-2.0998647809e-01
-8.9147023857e-02
3.7428897619e-01
2.5505226851e-01
-2.5961482525e-01
1.4897577465e-01
9.6936665475e-02
2.3669041693e-01
-2.4948447943e-02
4.3249070644e-02
2.8725929558e-02
6.9826334715e-02
3.5983406007e-02
2.9948163033e-01
1.7829933763e-01
7.6915127039e-01
-4.0992520750e-02
7.3267281055e-02
4.4230888598e-03
-1.5078245103e-01
2.8449362516e-01
-4.6705213189e-01
2.8387230635e-01
6.2710243464e-01
5.0011087209e-02
-2.6732924581e-01
1.4820605516e-01
3.2701563090e-02
-2.5043910742e-01
-2.1098449826e-01
5.4948800802e-01
6.8052899837e-01
-3.8991832733e-01
7.5411565602e-02
4.2179140449e-01
1.3881187141e-01
-1.8568283319e-01
-2.5899392366e-01
-9.7778104246e-02
2.6987366378e-02
-7.0642866194e-02
1.0167492554e-02
9.0583287179e-02
7.7648162842e-02
1.4935652725e-02
-4.2523968965e-02
-6.3198961318e-02
-4.6528402716e-02
3.3046498299e+00
1.9354150295e+00
4.4569927454e-01
-2.0948064327e+00
7.1532267332e-01
1.8841898441e-01
-4.0884561837e-02
-7.2608597577e-02
-1.1494614929e-01
-8.4607914090e-02
7.1348557249e-03
9.4452083111e-01
2.4422757328e-01
-3.6353749037e-01
-8.9886027575e-01
2.5007119179e+00
-7.6612299681e-01
1.1538017988e+00
9.5762354136e-01
8.1480175257e-02
-2.1566446126e-01
8.7957717478e-02
1.3174158335e-01
4.7504998744e-02
3.9554280043e-01
5.9306196868e-02
4.3590314453e-04
-4.1594468057e-03
-4.5534502715e-02
-4.1763748974e-02
-6.8947724998e-02
1.1649945974e+00
-1.3643351793e+00
-7.9607766867e-01
-4.1448560357e-01
8.9862175286e-02
-7.9630747437e-02
1.2159288861e-02
-4.1583247483e-02
-2.5034822524e-02
-2.7545863762e-02
2.0573289692e-01
3.1774424016e-02
9.5231598243e-03
9.6170492470e-02
-1.5008822083e-01
-6.5803632140e-02
5.3127151728e-01
5.1802158356e-01
-2.0294268429e-01
1.5537675619e+00
-2.1568267345e+00
3.7713429332e-01
-1.7921752930e+00
-2.0896253586e+00
6.3199803233e-02
1.8628099561e-01
2.8113263845e-01
2.1056106314e-02
-2.7045232058e-01
4.1628149152e-01
1.5253113210e-01
-4.1630780697e-01
-3.7990984321e-01
2.7351319790e-02
-3.4159127623e-02
1.1665876955e-01
-1.7938549817e-01
4.5357801020e-02
7.0476628840e-02
-4.2723033577e-02
-1.4143762179e-02
-2.2127052769e-02
7.9972073436e-02
-6.4167322125e-04
5.6469821930e-01
-7.1269381046e-01
-4.3658325076e-01
3.9263170958e-01
5.4225957394e-01
1.1221312284e+00
-2.2877581418e-01
-6.5769714117e-01
-4.6984481812e-01
6.6799378395e-01
-3.9388489723e-01
-1.6314847469e+00
1.5970439911e+00
3.1740026474e+00
-1.5837385654e+00
7.3692613840e-01
4.4055265188e-01
2.1961782873e-01
-1.0585229844e-01
2.0411540568e-01
9.3969279528e-01
1.1518805474e-01
-3.7725663185e-01
-8.6915694177e-02
1.2250981294e-02
5.8338757604e-02
1.0671421140e-01
-5.8660600334e-03
-1.6913956031e-02
9.7731947899e-02
1.1735888571e-01
1.1900196550e-03
-1.2762728333e-01
1.9357690588e-02
3.5055905581e-02
1.7393426895e+00
6.5915632248e-01
4.7628703713e-01
1.3201089203e-01
-1.4172400236e+00
-1.6862572730e-01
3.1944867224e-02
6.1367575079e-02
1.1343898950e-03
-3.7629094720e-01
-1.2410786748e-01
5.2140854299e-02
2.2345981561e-03
-1.2097854167e-02
3.7299640477e-02
-1.6763056815e-01
-4.1621170938e-02
-1.1835382879e-01
6.8417177536e-03
1.4643798769e-01
3.7396389246e-01
-7.8220760822e-01
3.7244919688e-02
-4.1063648462e-01
4.3352389336e-01
6.0733658075e-01
1.7397179604e+00
-3.0314028263e-01
4.0951159596e-01
5.6651067734e-01
4.6419137716e-01
-1.2024396658e+00
8.0211198330e-01
-6.9162380695e-01
3.5949647427e-01
-6.2574642897e-01
5.8978384733e-01
-1.6071817875e+00
5.7588869333e-01
-1.4308744669e+00
-1.2310112715e+00
1.3006508350e+00
-1.9673919678e+00
3.3761634827e+00
-2.2119767666e+00
-2.0964267254e+00
8.0174100399e-01
-1.2838625908e+00
9.9378608167e-02
-2.8043169975e+00
-1.8698866367e+00
5.0455063581e-01
-5.9964460135e-01
7.1151596308e-01
9.5488637686e-01
-7.4745279551e-01
5.8862304688e-01
-7.2658771276e-01
-3.0756834149e-01
3.1908819079e-01
9.5590305328e-01
1.1564255953e+00
-1.2294487953e+00
1.0132899284e+00
9.9690310657e-02
8.9223295450e-01
4.0526733398e+00
3.3942058682e-01
1.8335831165e+00
1.7029716969e+00
8.8484084606e-01
2.0720078051e-01
-4.0717729926e-01
1.8498122692e+00
-3.3822324276e+00
-1.1416187286e+00
-9.6895790100e-01
-1.4958994389e+00
2.8271284699e-01
-6.1617889404e+00
-1.4550204575e-01
1.9352109730e-01
-1.5638295412e+00
2.4441897869e+00
-2.9132108688e+00
9.6350066364e-02
-5.5897895247e-02
-9.7306054831e-01
8.3310770988e-01
1.9589795172e-01
-2.8122210503e+00
-1.8724355102e-01
4.6806383878e-02
2.7024149895e+00
-3.0561952591e+00
-2.4881680310e-01
-3.2823711634e-02
-5.0465685129e-01
9.3080425262e-01
6.5262186527e-01
2.8126361370e+00
-1.8102953434e+00
2.9337939620e-01
3.2935070992e-01
1.3743075728e-01
3.9414906502e-01
5.3488177061e-01
-2.4418039620e-01
1.9208617210e+00
-1.0332198143e+00
9.6421682835e-01
-4.9955573678e-01
-8.5208135843e-01
5.3844177723e-01
5.1065814495e-01
7.6233160496e-01
-1.3965326548e+00
-7.0970296860e-01
3.5138535500e-01
1.3855850697e+00
-1.6077485681e-01
-1.0778224468e+00
-4.2245659232e-01
-8.7383532524e-01
8.0343419313e-01
-2.7367238998e+00
3.0431258678e-01
-5.8256995678e-01
-5.1896953583e-01
1.2138041109e-01
3.2464781404e-01
-2.6966920123e-02
-4.6476578712e-01
7.6857000589e-01
-7.6378577948e-01
-4.4970655441e-01
-3.2348597050e-01
4.2519143224e-01
2.6270003319e+00
-4.9241900444e+00
1.1533288956e+00
-6.6639560461e-01
-4.4429123402e-02
3.4396398067e+00
-1.0402209759e+00
7.3913609982e-01
-1.2272136211e+00
1.0974134207e+00
-3.8249740005e-01
-1.0510040820e-01
-1.8468897790e-02
1.0786989331e-01
-1.4110331535e+00
-1.1365154982e+00
1.3889176846e+00
9.8337821662e-02
2.5701838732e-01
1.2750518322e-01
-1.1389010400e-01
1.9077625871e-01
-9.4565594196e-01
-7.2997635603e-01
-7.1067023277e-01
3.2579391003e+00
1.1176785231e+00
-2.0585885048e+00
-1.0495545864e+00
-1.1810866594e+00
4.7161781788e-01
4.7310280800e-01
-2.2859415412e-01
-6.6008454561e-01
1.9464523792e+00
-6.1827439070e-01
3.3144396544e-01
-2.4238114059e-01
-4.1033121943e-01
6.1315047741e-01
6.9130545855e-01
1.2160913646e-01
1.5332432985e+00
7.1305447817e-01
1.5089645386e+00
-1.3335959911e+00
5.4355561733e-01
-1.6019237041e-01
-3.4544702619e-02
-6.1921459436e-01
4.4974702597e-01
-4.3120941520e-01
3.5861551762e-01
4.4574820995e-01
-1.0751222372e+00
3.2725778222e-01
1.2974255085e+00
7.3513656855e-01
2.5532546043e+00
1.8415085077e+00
3.9742684364e+00
1.2398658991e+00
8.3075499535e-01
7.7452480793e-01
1.1063755751e+00
-4.5368485153e-02
-1.7785437107e+00
6.7510062456e-01
7.6673656702e-02
3.4175953269e-01
3.4176677465e-01
1.7114932835e-01
6.0269194841e-01
2.7842804790e-01
-1.6075683832e+00
1.0255022049e+00
-1.8509367704e+00
1.1774853468e+00
-2.6674085855e-01
-1.7590062320e-01
2.4089972973e+00
-1.1348670721e+00
6.5898126364e-01
1.4213356972e+00
-5.1910018921e-01
1.0096065998e+00
1.2272214890e+00
3.6982500553e-01
9.4778412580e-01
-6.8629965186e-02
1.1583019495e+00
3.6295300722e-01
2.6593968272e-01
3.3037376404e-01
-2.6763042808e-01
-5.7262200862e-02
-5.6775456667e-01
-2.7777581215e+00
-2.1632301807e+00
-3.9915063381e+00
-2.7839857340e-01
-3.8822705746e+00
-7.8018230200e-01
1.8163875341e+00
1.0515274107e-01
1.5079416037e+00
-9.1586059332e-01
1.6192789078e+00
1.0431507826e+00
-1.6172009706e+00
2.2786905766e+00
1.8988206983e-01
-6.4896762371e-02
1.8668727875e+00
7.9594135284e-02
2.6212915778e-01
1.2525303364e+00
8.8392156363e-01
-9.4068253040e-01
1.3908585310e+00
-9.0153634548e-01
5.8118575811e-01
-2.7511594817e-02
2.3650595918e-02
-4.6249550581e-01
2.2811254859e-01
1.1000753641e+00
3.1364947557e-01
7.1621412039e-01
6.5412175655e-01
-1.2205015421e+00
1.0529149771e+00
-1.9526033401e+00
-1.6069899499e-01
3.5314953327e-01
-1.1437175274e+00
-6.4688235521e-01
2.7953529358e-01
1.9117281437e+00
1.8762867451e+00
8.9042508602e-01
4.9640509486e-01
4.2961576581e-01
1.8039851189e+00
5.4396939278e-01
1.8136392534e-01
-2.0287947357e-01
6.5773710608e-02
2.1134188175e+00
-1.1730949879e+00
9.2885357141e-01
-6.5617942810e+00
-9.7514909506e-01
9.5894485712e-01
-6.5011060238e-01
2.6740126610e+00
-3.3374547958e+00
-3.0941114426e+00
1.3390424252e+00
8.4994471073e-01
1.6074490547e+00
-3.1367518902e+00
-1.1510112137e-01
4.3985377997e-03
-9.2826867104e-01
9.3823307753e-01
-4.3723672628e-01
-3.8790812492e+00
-2.7097373009e+00
6.6095513105e-01
1.9960235357e+00
-1.8559952974e+00
-1.5677540004e-01
-1.2860932350e+00
4.6294263005e-01
-2.2591479123e-02
5.3917402029e-01
-9.0287220478e-01
-1.5515911579e+00
-2.6648013592e+00
-3.4240350723e+00
1.4860446751e-01
-5.1997160912e-01
6.5962314606e-01
-4.3714847416e-02
1.9330355525e-01
-4.8954982311e-02
-1.7054311037e+00
5.3927008994e-03
-9.7120851278e-01
1.4398673773e+00
-5.7963495255e+00
2.9254703522e+00
-5.6791949272e-01
-1.4863987267e-01
2.1512551308e+00
4.8253698349e+00
2.3405449390e+00
-8.4599924088e-01
-2.0182180405e-01
-4.7677168250e-01
4.8692592978e-01
2.7447552681e+00
2.5508124828e+00
3.3143420219e+00
2.5475399494e+00
5.7565183640e+00
1.1778343469e-01
-9.5420423895e-03
-2.5810378790e-01
-1.3870956004e-01
9.1099135578e-02
3.2835233212e-01
3.3731341362e-01
-3.9978924394e-01
-4.5277373283e-04
-2.6386058331e-01
9.1628648341e-02
4.3339779973e-01
1.4159006998e-02
5.6609991007e-03
9.4266429543e-02
-6.8690657616e-01
-5.2300971746e-01
4.3714907765e-01
-1.3961549103e-01
4.4050201774e-02
1.7576183379e-01
1.3971540332e-01
1.5381991863e-01
-2.4058816489e-03
1.7289339006e-01
9.0102721006e-03
1.0723226517e-01
2.5033285841e-02
3.0468517542e-01
9.3469250202e-01
-1.0489776731e-01
3.3006432652e-01
-4.9339942634e-02
-1.8793195486e-01
2.6456290483e-01
4.6793884039e-01
-6.2809348106e-02
-2.8454980254e-01
-3.6546537280e-01
3.4237045050e-01
1.7731556296e-01
2.3192262277e-02
-6.6049754620e-01
-1.6518419981e-01
1.0780583322e-01
-2.4975903034e+00
-1.5109822154e-01
-9.7393357754e-01
6.6334985197e-02
-5.5699251592e-02
2.0239414275e-01
-2.9605532065e-02
-4.7318499535e-02
2.5242587924e-01
6.6559419036e-02
3.4339520335e-01
5.8187231421e-02
-2.1418857574e-01
-1.1192353070e-01
-3.7157356739e-02
2.4585932493e-01
-3.5228952765e-01
-1.6956925392e-01
6.5031431615e-02
1.7343880236e-01
-2.1351945400e-01
3.7600162625e-01
-2.1762980521e-01
1.0412247479e-01
-1.0393133759e-01
5.5552287102e+00
2.6680536270e+00
2.1610114574e+00
4.2861178517e-01
-1.8186511993e+00
-1.3853802681e+00
1.5112601221e-01
-3.7787848711e-01
-1.4612196386e-01
-8.9691746235e-01
-1.0515049100e-01
-9.8863929510e-02
-5.1014196873e-01
-1.6664157808e-01
-2.6012983918e-01
-3.5428572446e-02
-1.1590030193e+00
-7.9578280449e-01
-4.2953777313e-01
4.0095269680e-01
4.2413234711e-01
-1.8185259402e-01
1.7948983610e-01
1.8908759952e-01
7.1862196922e-01
6.3736103475e-02
1.1620645225e-01
2.8739008307e-01
9.2491018772e-01
-1.1983679235e-01
3.6891356111e-01
3.8431474566e-01
-9.6123330295e-02
-5.5298954248e-02
2.6118418574e-01
2.2354783118e-01
1.8261931837e-01
-7.1864455938e-02
-1.3446505368e-01
-5.2270102501e-01
1.7385041714e-01
-3.8424897939e-02
-9.1707207263e-02
7.1786567569e-02
-8.2566028833e-01
-7.1380637586e-02
-2.5192275643e-01
-3.6542397738e-01
-2.6546543837e-01
-6.3504002988e-02
4.2670689523e-02
-5.3706830740e-01
3.9705720544e-01
1.1729063988e+00
-8.5323232412e-01
8.3045034409e+00
1.2240736008e+01
6.9346365929e+00
-1.2000102997e+00
-3.1661200523e+00
-2.3925460875e-01
-2.0646899939e-02
-5.8608943224e-01
-1.8239504099e-01
-4.4189739972e-02
3.8274857402e-01
-4.5370396972e-01
1.2412082404e-01
-4.3914332986e-01
-1.0567861050e-01
3.9770838618e-01
-5.5479717255e-01
-1.0440270901e+00
-3.2723903656e-01
-1.3161876239e-02
-2.5010061264e-01
-1.8375795335e-02
-1.3890989125e-01
2.7798685431e-01
1.0313829407e-02
6.0955685377e-01
-2.3079475760e-01
-6.5142488480e-01
-2.7378493547e-01
2.6830127835e-01
-1.5502770245e-01
6.4610965550e-02
6.9484174252e-02
8.1346459687e-02
-7.7551084757e-01
7.7453821898e-01
3.5721656680e-01
9.1319948435e-01
-1.8879130483e-01
-2.6045957208e-01
-6.8242329359e-01
2.1553881466e-01
2.6735410094e-01
-1.9199697999e-03
-7.4004411697e-01
4.8362020403e-02
9.2488896847e-01
-3.7037354708e-01
-4.0922708809e-02
1.7769753933e-01
1.5812547505e-01
2.0870369673e-01
-6.4874339104e-01
-5.0290900469e-01
-1.0375461727e-01
2.0191840827e-01
1.9081801176e-02
-2.6961153746e-01
1.9485818222e-02
1.6482293606e-01
5.8111910820e+00
1.2983130455e+01
1.0109215736e+01
5.7767405510e+00
7.8920960426e-01
-2.5923225284e-01
5.6364482641e-01
5.1133310795e-01
-3.0309951305e-01
-1.9067330286e-02
-2.1104946733e-01
-1.1686953902e-01
-2.2794379294e-01
-1.2317752093e-01
3.3985051513e-01
-2.5336983204e+00
-3.2603783607e+00
-9.8920613527e-01
2.1866779327e+00
4.0928883553e+00
-8.6301910877e-01
-4.1928939521e-02
-1.1843414605e-01
1.2342232466e+00
6.4118033648e-01
2.3665675521e-01
1.7497329414e-01
-5.3100381047e-02
-1.0737337172e-01
2.6171736419e-02
1.9231511354e+00
5.5579500198e+00
-5.9437280893e-01
2.0702967644e+00
1.0801581293e-01
3.0315062404e-01
4.3429411948e-02
-6.3116714358e-02
-4.2129644752e-01
1.7095032334e-01
7.5087946653e-01
6.2356400490e-01
-1.0398142785e-01
-1.6722577810e-01
-2.9940238595e-01
-1.7340826988e-01
-2.0474772155e-01
4.5700047165e-02
2.4379061535e-02
6.2557280064e-01
1.2914777756e+01
2.1638353348e+01
2.1890466690e+01
1.3475194931e+01
9.4766159058e+00
2.2095665336e-01
3.7439662218e-01
-2.9388350248e-01
-1.0690357536e-01
8.6321160197e-03
4.8500430584e-01
-2.1451996267e-01
1.7062748969e-01
4.1576614976e-01
-4.8754253983e-01
2.4701562524e-01
6.7195844650e-01
-1.9514340162e-01
-6.3787577674e-03
4.9522578716e-01
2.1860323846e-01
2.2159428895e-01
-4.1863372922e-01
2.2391743958e-01
-4.1190192103e-02
6.6291987896e-01
-2.7809706330e-01
-2.4619042873e-01
-4.5587405562e-02
1.8619703129e-02
-3.7670728564e-01
6.7243617773e-01
-5.2316415310e-01
8.5656368732e-01
4.7468659282e-01
9.9475687742e-01
1.2905013561e+00
9.3989318609e-01
-9.2254537344e-01
-1.6503847837e+00
9.3630218506e-01
1.5214270353e+00
-1.9445838034e-01
2.2264216840e-01
5.3959113359e-01
-3.3113461733e-01
1.6262941062e-01
-3.5550251603e-02
1.0959120840e-01
3.8386765122e-01
3.1051170826e-01
-2.2901780903e-01
4.3018549681e-01
1.0472074896e-01
1.2762205303e-01
7.9754173756e-01
6.0767870396e-02
-1.2231221050e-01
1.1173685640e-01
6.8124629557e-02
2.4074108601e+00
7.2645246983e-01
1.9159377813e+00
1.7539480925e+00
-2.2323877811e+00
3.6016646028e-01
1.0771614313e-01
-2.8928396106e-01
-3.9916133881e-01
-4.4605615735e-01
2.9147040844e-01
-1.2381754816e-01
-4.8212395050e-03
-1.3666412793e-02
1.9066883624e-01
-1.7361322045e-01
1.5755614638e-01
-3.1816577911e-01
-3.1257519126e-01
-5.7839447260e-01
1.2481451780e-01
-1.5160723031e-01
-5.7481303811e-03
1.3785731792e-01
1.8680387735e-01
2.2849027812e-01
1.5128706396e-01
1.4289764687e-02
-3.2340842485e-01
-4.5672487468e-02
2.4200215936e-02
9.4230361283e-02
-1.4753927290e-01
-1.4144733548e-01
-5.0079539418e-02
-3.3673685789e-01
-9.1609185934e-01
-6.9689470530e-01
7.5892263651e-01
-1.3280285895e-01
-1.5117351711e-01
2.1528971195e-01
-7.5746409595e-02
-6.0530040413e-02
3.3806670457e-02
-3.9745241404e-02
-9.6726363897e-01
-9.1060298681e-01
4.5102420449e-01
1.9527854025e-01
-3.1243351102e-01
5.3244061768e-02
6.5521174669e-01
-2.5114116073e-01
2.3600731790e-01
1.2966842949e-01
-1.4416246116e-01
1.0235454142e-01
-6.5487861633e-02
-2.0861181838e-04
3.0675950646e-01
2.6855063438e-01
-6.7026662827e-01
-9.9552698433e-02
-1.2355680019e-01
3.3324620128e-01
-1.5293461084e+00
-3.9346179366e-01
5.7665216923e-01
-1.5860270262e+00
-1.4526790008e-02
2.2860305384e-02
-1.3363322616e-01
1.2972983718e-01
-2.2474387288e-01
1.1758662015e-01
-3.6027801037e-01
-7.4083328247e-01
3.2701507211e-01
-1.9649656117e-01
-1.7108812928e-01
-2.9655361176e-01
-1.1837806702e+00
-4.4875063002e-02
-1.4674681239e-02
1.9085511565e-02
8.8312268257e-02
-7.1374714375e-02
-2.9689662158e-02
-1.2069219723e-02
5.0458985567e-01
-3.6900034547e-01
-2.5210395455e-01
-2.4295242131e-01
-1.1755413376e-02
-1.1917488575e+00
2.0882945061e+00
-8.9202761650e-01
2.7163121104e-01
-4.5492064953e-01
1.5600681305e-01
6.5264594555e-01
-4.0902417898e-01
9.4589786604e-03
-1.4154319465e-01
1.0003944486e-01
2.0842665434e-01
-2.5336813927e-01
2.3803742230e-01
4.8045374453e-02
-6.5545231104e-02
8.9536137879e-02
-7.3716044426e-02
4.3838474900e-02
-3.5521522164e-02
-6.7893725634e-01
-1.2557885051e-01
8.5173740983e-02
-1.8677338958e-01
-1.5390290320e-01
8.3217293024e-02
1.6102057695e-01
-2.1522590518e-01
1.4106346667e-01
-9.1286458075e-02
6.0642004013e-01
-3.6608901620e-01
2.6736703515e-01
-1.5386001905e-04
2.0084987581e-01
-4.8415568471e-01
3.6179047823e-01
-1.7032228410e-01
-5.8520343155e-02
-1.9356420636e-01
-2.3263831139e+00
6.4547401667e-01
2.2687885165e-01
-2.8374451399e-01
5.0515949726e-01
-2.3967793584e-01
1.1441894621e-01
-3.9957162738e-01
3.0942383409e-01
-6.6653132439e-01
4.6585109085e-02
-3.9049588144e-02
-1.6948404908e-01
-6.2613807619e-02
-1.1971799284e-01
2.5180095434e-01
-8.9397400618e-02
8.7597660720e-02
-5.8391511440e-01
-1.9118766487e-01
4.7538092732e-01
-3.9844870567e-01
2.9598984122e-01
1.0578709096e-01
8.8078372180e-02
-2.0351448059e+00
-4.7517091036e-01
-1.2642189264e+00
-6.9016963243e-01
-8.3960497379e-01
6.2634068727e-01
-3.4705164433e+00
-2.8131246567e-01
2.6199853420e-01
-8.4995590150e-03
2.0635691285e-01
1.7599022388e-01
-2.4157105014e-02
1.2289369851e-01
1.2703575194e-01
-9.0954653919e-02
-1.1304590153e-03
-6.0971878469e-02
6.6501542926e-02
6.2189135700e-02
1.2021529675e+00
-1.2935580015e+00
1.6459252834e+00
-8.4592574835e-01
1.5541870594e+00
-5.0718154758e-02
-2.1664625034e-02
-3.4734223038e-02
1.8046814948e-02
5.6125734001e-02
-4.1729461402e-02
-3.5254405811e-03
-6.6855728626e-02
2.5107746944e-02
-2.2037435323e-02
7.4091774225e-01
-7.8149175644e-01
-2.7343958616e-01
4.7736170888e-01
9.7395139933e-01
-1.5219860077e+00
-6.9916343689e-01
-8.5303014517e-01
8.1068009138e-01
-1.0862149000e+00
-1.7147372663e-01
5.2649503946e-01
-7.6704049110e-01
1.0445143282e-01
-1.6452755034e-01
-1.1437091231e-01
-8.9404106140e-02
3.7507581711e-01
-2.5853566825e-02
1.4535482042e-03
1.4820805192e-01
-1.2475795746e+00
-1.5088388324e-01
1.0153561831e+00
-7.1416556835e-01
-3.9217364788e-01
-4.1563278437e-01
-5.0389248133e-01
-1.3548524585e-03
1.1333973408e+00
3.9267382026e-01
3.9367128164e-02
1.8875193596e-01
3.8301095366e-01
-3.9758962393e-01
-1.0629846156e-01
-1.1842319369e-01
4.9444785714e-01
-6.5008595586e-02
-6.2170526944e-03
-1.3546911478e+00
-1.2144526243e+00
1.7127063870e-01
-1.7671339512e+00
4.7732099891e-01
1.8727011681e+00
-1.9661573172e+00
-2.1432199478e+00
1.5726186037e+00
-5.0643318892e-01
-1.7416882515e-01
8.1754934788e-01
-2.3700855672e-01
7.9732382298e-01
1.7302736044e+00
3.3508983254e-01
-5.1857624203e-02
3.5197220743e-02
-6.2239311635e-02
-2.9241329059e-02
-8.4843315184e-02
-5.3749538958e-02
-1.8083196878e-01
-5.4100655019e-02
4.7794397920e-02
2.6676896960e-02
-6.3205175102e-02
4.5345029794e-03
-4.2116484046e-01
-9.0557348728e-01
-4.7497157007e-02
-5.6730657816e-02
4.6434339136e-02
-1.2631258927e-02
-6.9986348972e-03
8.9920032024e-01
-2.0218020678e-01
7.2692841291e-01
7.8031677008e-01
-7.7292543650e-01
4.2981013656e-01
-3.9482820034e-01
-2.9277706146e+00
1.2908697128e+00
-9.1016370058e-01
-1.4173936844e-01
1.9339953661e+00
-2.5889286399e-01
4.4476937503e-02
1.5867497027e-01
-3.5620775819e-01
-1.8356844187e+00
1.6955189407e-01
8.1889820099e-01
4.1613715887e-01
-3.3309377730e-02
-2.6142720133e-02
2.4700495414e-03
-5.8472696692e-02
4.1261881590e-02
-1.9707126915e-01
6.7711204290e-02
8.0175435543e-01
-1.4473147690e-01
-1.0098046809e-01
-2.1203847602e-02
-6.0746286064e-02
3.3780398965e-01
-6.9585070014e-02
9.0983837843e-02
-9.5711863041e-01
-9.3308603764e-01
1.0282745361e+00
-4.3597498536e-01
7.1344673634e-01
2.6724890340e-03
-7.6600253582e-02
6.9791302085e-02
-6.2929771841e-02
-2.1186316386e-02
-2.9281350970e-01
4.4320628047e-01
6.0571664572e-01
-1.4855867624e-01
-4.3453779817e-01
-2.5508850813e-01
-1.7948129773e-01
2.7622598410e-01
8.1488534808e-02
3.0586443841e-02
8.6960792542e-01
-1.2271603346e+00
6.3292872906e-01
1.7202167511e+00
8.2399404049e-01
1.0689686537e+00
-1.9525690377e-01
-1.7911401987e+00
-5.0926631689e-01
-2.6897819042e+00
3.2085061073e-01
1.3691071421e-02
-1.8115870655e-01
-1.0889225453e-01
-2.6553857327e-01
-4.6643874049e-01
8.4205038846e-02
-3.5031625628e-01
-1.4136126041e+00
-7.9739725590e-01
2.5809304789e-02
-3.3970274962e-03
1.7133932561e-02
1.8469586968e-02
8.8925343007e-03
-8.8832626352e-04
-1.3909633271e-02
7.9046748579e-02
4.3667495251e-02
-3.1371053308e-02
-5.9192065150e-02
3.0076416209e-02
-9.0276617557e-03
1.0853706859e-02
2.0593507215e-02
2.9784020782e-01
-7.5716316700e-01
2.5665563345e-01
-5.7390683889e-01
-3.1473162770e-01
-1.0605996475e-02
1.8705792725e-02
-7.1349665523e-02
2.9084434733e-02
1.9441503286e-01
1.2012108229e-02
-1.9193381071e-01
-1.8750081956e-01
9.5936730504e-02
-2.1967843175e-01
2.2961350158e-02
4.7027908266e-02
2.7960229665e-02
7.9494100064e-03
-9.8660066724e-03
-1.1567534506e-01
-1.4706971124e-02
2.4961594492e-02
-7.3870517313e-02
-5.7224739343e-02
-9.4784148037e-02
1.3971020468e-02
3.1885407865e-02
1.0158900404e-03
-7.1171745658e-02
-9.3461644650e-01
-3.9220564067e-02
1.6574789584e-01
-3.2652255893e-01
-4.7380024195e-01
3.1150540337e-02
-2.8715340886e-03
-6.8791434169e-03
-4.0935374796e-02
-4.9090944231e-02
-3.4404060245e-01
1.1042354256e-01
-8.8345535100e-02
-2.5260376930e-01
-3.0835342407e-01
-4.2388015985e-01
-2.2325302660e-01
5.9569287300e-01
-1.7537420988e-01
3.2765153050e-01
1.0052929819e-01
1.3557749987e-01
-1.2038265355e-02
-4.9154929817e-02
2.7605632320e-02
3.2264440060e+00
1.2046742439e+00
-6.4059847593e-01
7.0906221867e-02
2.7659669518e-01
1.0200949758e-01
3.7996169180e-02
-4.4895678759e-02
1.7035372555e-02
-1.7616702616e-01
1.1288257688e-01
-2.0136761013e-03
-1.3528377749e-02
-1.0263125412e-02
4.1332184337e-03
-4.6591165662e-01
-7.3332929611e-01
-6.1515141279e-02
2.8816351667e-02
2.3143962026e-01
1.5868267417e-01
1.1165639013e-01
-1.6410005093e-01
-3.7509056926e-01
2.9914641380e-01
5.1250319928e-02
1.5335036814e-01
7.1649864316e-02
4.1526028514e-01
-6.5326422453e-01
4.4517833740e-02
7.3479421437e-02
-4.7711301595e-02
-8.1141069531e-02
-7.3420561850e-02
-9.1202862561e-02
1.6747324169e-01
1.2920372188e-01
-1.3353802264e-01
1.1477988446e-03
-1.2729308009e-01
-1.2910221517e-01
2.6858232450e-03
2.9020628333e-01
1.5937298536e-01
-1.1989106238e-01
9.0060746297e-03
-2.6307165623e-02
4.0759909898e-02
6.3455775380e-02
-2.5109139085e-01
2.6259660721e-01
6.2478834391e-01
-3.5148206353e-01
6.3482463360e-01
2.1130528450e+00
-2.0060379803e-01
-4.5489057899e-01
-8.2864528894e-01
-1.3963239193e+00
3.0794803053e-02
-3.1219581142e-02
1.5227653086e-01
1.3276119530e-01
1.7458324134e-01
1.2784686685e-01
-5.2426569164e-02
2.0133690536e-01
-4.7508791089e-02
-1.7017279565e-01
-1.4644928277e-01
-4.7602701187e-01
4.8469179869e-01
7.7387058735e-01
2.5338056684e-01
-4.4223997742e-02
4.3749725446e-03
-4.5283034444e-02
-6.4298734069e-03
9.9171428010e-03
7.8995805979e-01
-8.3795785904e-01
-4.5343473554e-01
6.9703753106e-03
-3.1457227468e-01
-2.1648004185e-03
-3.9024592843e-03
-6.3524357975e-02
-3.8102421165e-01
4.1607778519e-02
-2.6212328672e-01
-3.4303972125e-01
-3.8809152320e-03
-1.5672597289e-01
-1.7569832504e-01
3.6239972711e-01
-4.3502819538e-01
5.0816930830e-02
-1.1940208077e-01
-2.5656402111e-01
-2.4699594826e-02
-1.4191369712e-01
-1.7279376090e-01
2.4031737447e-01
3.2875172794e-02
-7.3855263181e-03
1.5634862706e-02
3.0691521242e-02
2.8777828440e-02
3.8415338844e-02
1.0833902285e-02
3.2863093074e-03
-6.2057469040e-04
-1.0996032506e-02
-2.5197522715e-02
3.7608106136e+00
1.4266592264e-01
2.2922108173e+00
3.8703888655e-01
-6.3934004307e-01
3.8705538958e-02
1.9255155697e-02
4.9300231040e-03
-1.3062691316e-02
-5.7799238712e-03
-1.7519079149e-01
-1.6567324102e-01
1.9439706206e-01
-2.4318379164e-01
3.6064505577e-01
-2.0655939579e+00
-4.8292894363e+00
-4.4481282234e+00
-2.6897187233e+00
1.5183051825e+00
-2.6550802588e-01
-4.7614332289e-02
-1.5540435910e-02
-4.7292500734e-02
-1.3790915906e-01
1.1407788843e-02
4.9314950593e-03
7.8583130380e-04
-9.3669835478e-03
-8.0630891025e-03
-2.9439792037e-01
7.3596119881e-01
5.5287778378e-01
-1.3650010526e-01
7.0752793550e-01
2.0126026124e-02
-1.5454161912e-02
-5.8511726558e-02
-7.4072152376e-02
3.8732796907e-02
-3.0320903170e-04
4.0652393363e-03
-3.5876940936e-02
-2.3571774364e-02
1.9452461973e-02
3.1358819455e-02
-2.7225342393e-01
4.8426905274e-01
-6.0863572359e-01
3.3762010932e-01
2.3396286964e+00
1.0359882116e+00
3.3646965027e+00
3.1611497402e+00
-2.2617719173e+00
4.3363496661e-02
3.6670248955e-02
1.1319406331e-02
5.5019654334e-02
-2.4948321283e-02
-2.0318454504e-01
1.3206288218e-02
1.0659319907e-01
5.6684458256e-01
4.0250778198e-01
-6.2945663929e-02
-1.5558360517e-01
-1.0810011066e-02
-2.1972510964e-02
-9.1796219349e-02
1.8513597548e-02
1.3419920579e-02
1.0800118558e-02
-1.0869331658e-02
-1.0241891444e-01
3.0431064963e-01
-8.6334520578e-01
-1.1964564770e-01
1.0185303539e-01
-3.1195470691e-01
-7.0134121180e-01
6.0573842376e-02
1.2860192219e-03
-4.2872112989e-01
2.0122735202e-01
-3.3642637730e+00
-4.4964690208e+00
-3.7960672379e+00
-2.6445963383e+00
-2.1869332790e+00
-7.7287391759e-03
1.9113643467e-01
-2.7328133583e-01
-2.5320485234e-01
7.7762700617e-02
-3.0855578184e-01
-3.0119064450e-01
1.2376661599e-01
8.0224402249e-02
-3.5185009241e-01
-1.4986262657e-02
1.9021853805e-03
-3.0189732090e-02
-9.0490706265e-02
6.1764359474e-02
2.8474269435e-02
3.3770140260e-02
5.3912689909e-03
1.1443804950e-02
-9.6511896700e-03
1.0004197061e-01
-2.5815837383e+00
-4.1167945862e+00
-2.4278445244e+00
-1.0810544342e-01
-1.4951930381e-02
-2.0996633917e-02
-1.9697055221e-02
1.9507095218e-02
6.3832409680e-02
-2.7915567160e-02
-2.1479312330e-02
-1.4203674160e-02
-1.0537646711e-02
-1.2090193108e-02
3.2871374860e-03
-1.0659850203e-02
-7.4055731297e-02
-4.7848198563e-02
-1.2692195177e-01
-4.5266184211e-01
-1.6679465771e-01
7.1220397949e-02
7.3880106211e-02
1.0945013165e-01
2.2707483172e-01
5.9770298004e-01
3.4619531035e-01
6.7687876523e-02
4.8466898501e-02
-2.1611492336e-01
3.5736065358e-02
5.1805824041e-01
-1.0505955666e-02
6.0400988907e-02
-5.5120080709e-01
-6.1890774965e-01
2.2669814527e-01
1.9998651743e-01
4.1528400779e-01
-2.8103080392e-01
2.9404261708e-01
-2.1341978014e-01
3.0927899480e-01
-5.8779847622e-01
-1.2463278770e+00
-2.8033850193e+00
4.7215461731e-01
4.1015601158e-01
1.5988932848e+00
1.8580277264e-01
-2.4238923565e-02
3.3267897367e-01
-8.8794253767e-02
-7.3171558324e-04
1.6787197441e-02
-7.8885570168e-02
2.7869683504e-01
-1.0999041051e-01
-4.3780591339e-02
-1.3945795596e-01
2.7824911475e-01
5.1659345627e-01
8.2169897854e-02
-2.6934999973e-02
-1.0141686201e+00
-4.2379456758e-01
-7.7966153622e-01
-9.5756389201e-02
6.5169975162e-02
-1.2530758977e-03
-5.3037986159e-02
2.3513580859e-01
-1.8185397610e-02
-5.4838776588e-02
1.2937949896e+00
8.8037759066e-01
-1.4225311577e-01
-6.2901747227e-01
1.6760858297e+00
4.2365962267e-01
3.0941808224e-01
2.3632989824e-01
-8.4994453192e-01
-7.0271307230e-01
-6.0904277489e-03
1.2718571723e-01
2.6072843000e-02
1.1558420211e-01
-1.1341016740e-01
4.6095797420e-01
-2.3920075968e-02
2.4913683534e-01
4.4092774391e-02
9.1719150543e-02
5.5537599325e-01
4.0177321434e-01
-2.5555026531e-01
8.8424557447e-01
-6.2422263622e-01
-3.9008408785e-01
3.8478767872e-01
-1.3195465505e-01
-9.1889083385e-02
-5.4485633969e-02
-2.6622192934e-02
1.4705237746e-01
-3.6789786816e-01
-1.5530200303e-01
-1.8258653581e-01
2.4077240378e-03
-7.5682125986e-02
3.9634905756e-02
-2.5563741103e-02
2.9111122712e-02
7.6492808759e-02
-6.3627034426e-02
-8.9657559991e-02
4.9863290787e-01
-5.4901611060e-02
-2.2976484895e-01
-7.7536359429e-02
2.7371218428e-02
-2.5977265835e-01
5.7841753960e-01
2.9671016335e-01
-2.4100807309e-01
-2.2610187531e-02
1.3286668807e-02
-1.0749039799e-01
-2.1824369207e-02
4.7219190747e-02
-1.8295840919e-01
-2.3011475801e-02
-6.5346427262e-02
-1.7735725641e+00
2.4872603416e+00
9.3001943827e-01
-1.9231621027e+00
-3.8850501180e-01
-1.2757996321e+00
-6.5073937178e-02
8.5667240620e-01
1.3720662892e-01
-1.3074594736e-01
-1.1865057051e-01
5.9660550207e-02
-2.2514794767e-01
9.0369544923e-02
2.1505108103e-02
1.4456821978e-01
-5.4500430822e-01
6.5580153465e-01
1.1410256624e+00
-7.1913085878e-02
2.1829696000e-01
-3.8629415631e-01
7.9085612297e-01
-3.5373333097e-01
-5.9678167105e-02
-2.6039927006e+00
-6.4729529619e-01
1.0293488204e-01
-3.6153802276e-01
-1.0701378584e+00
-2.8347883373e-02
-1.8380219936e+00
-2.2743487358e-01
-1.9320862293e+00
-1.5809465647e+00
4.6508032829e-02
8.8928252459e-02
-4.4105477631e-02
1.4419922233e-01
7.6283507049e-02
3.1839929521e-02
1.1241482943e-01
-1.7484141514e-02
-2.1474945825e-03
7.9103879631e-02
1.4256015420e-01
-3.4066981077e-01
3.6672732234e-01
-1.1780798435e+00
-7.0800274611e-01
2.5401365012e-02
-3.0054651201e-02
-4.5124247670e-02
-8.7775371969e-02
9.0078609064e-03
3.5543296486e-02
4.5655425638e-03
5.1546063274e-02
4.4464960694e-02
7.5992412865e-02
1.3732080162e-01
1.7385551333e-01
-9.9920707941e-01
5.6217383593e-02
5.6447088718e-01
5.5675476789e-01
-3.5743951797e-01
-1.4514141083e+00
1.1026455164e+00
-1.1303936131e-02
-1.9345255196e-01
1.7018841207e-01
-2.3970931768e-01
2.9993835092e-01
-1.2049707770e-01
2.7078163624e-01
4.7185248137e-01
-2.6413181424e-01
2.2890422493e-02
-7.9623174667e-01
-2.3952605724e+00
9.1561131179e-02
3.6397302151e-01
-2.0722115040e-01
-5.6772655249e-01
-5.0083380938e-01
-6.7384886742e-01
5.4555034637e-01
6.7096883059e-01
-6.5658010542e-02
-5.6247111410e-02
6.5284103155e-01
-4.2837655544e-01
-1.4160867035e-01
1.1003080010e-01
-3.0192527175e-01
4.9785174429e-02
2.8459519148e-01
-1.6074956954e-01
6.2887342647e-03
-1.9544289112e+00
2.4567830563e-01
2.5123856068e+00
-4.7561332583e-01
7.3021847010e-01
-1.2431135178e+00
-8.8173460960e-01
-7.9723280668e-01
3.1421941519e-01
-1.4745732546e+00
-6.2980550528e-01
-2.0124800205e+00
6.3366419077e-01
-9.9164500833e-02
7.5071722269e-01
-3.9745795727e-01
-4.4055929780e-01
-2.8854116797e-01
-1.8681645393e-01
7.6010704041e-02
-1.3606935740e-02
9.0895416215e-03
4.3470028788e-02
-1.4952774346e-01
-2.7890840545e-02
-2.9417501763e-02
-1.3068501651e-01
-9.5669373870e-02
4.0068188310e-01
-1.1730990410e+00
-3.3298991621e-02
-3.1339660287e-02
-2.3976624652e-04
-8.7999522686e-02
-4.1698846966e-02
-1.5035651922e+00
-1.5638407469e+00
-1.0437164456e-01
-1.0357658863e+00
-6.8237262964e-01
-9.4986468554e-01
7.5841331482e-01
-1.4276478440e-02
5.5074787140e-01
-9.1440713406e-01
1.3228453696e-01
1.9296847284e-01
-3.7308424711e-01
-1.5033192933e-01
-1.2199006975e-01
-2.9046862125e+00
-2.7693337202e-01
1.6784224510e+00
-1.6712285280e+00
-1.8154488802e+00
4.8767932458e-04
-6.4955741167e-02
-2.0291129127e-02
-4.2066156864e-02
-8.7632998824e-02
-1.7922917604e+00
-1.3048830032e+00
5.8175498247e-01
7.5013644993e-02
-1.0010808706e+00
4.5633476228e-02
-8.5219748318e-02
3.5212361254e-03
-1.2622607173e-03
1.1283826828e-01
-1.4360412359e+00
1.2894123793e+00
6.2580414116e-02
-1.4292780161e+00
1.1840000153e+00
-1.7163930833e-01
2.2719950974e-01
-7.4711173773e-02
-1.0304345191e-01
1.0464301705e-01
1.5370082855e-01
-6.8495613337e-01
2.0271991193e-01
-5.3964287043e-01
3.3404925466e-01
-1.5038795769e-02
-3.9982876182e-01
3.0954328179e-01
-4.0788415819e-02
6.5607726574e-02
-1.1608783007e+00
6.0489684343e-01
1.3924494982e+00
-3.8741663098e-01
4.8047423363e-01
1.8919187784e+00
7.9613471031e-01
2.4692828655e+00
1.0513052940e+00
1.6249809265e+00
6.5037029982e-01
1.3373566866e+00
-1.4932571650e+00
-6.6430366039e-01
9.9794328213e-01
-2.0346470177e-01
9.5945686102e-01
2.0425213873e-01
9.8678284883e-01
1.8311146498e+00
-1.1109833606e-02
-2.0830200810e-04
2.7467576787e-02
1.0221481323e-02
-1.8248077482e-02
-1.3767114282e-01
8.6245805025e-02
5.0505675375e-02
-5.2782185376e-02
-3.0330503359e-02
3.0112348497e-02
1.5598532744e-02
5.8670835570e-03
-3.2570749521e-02
-3.7949386984e-02
-3.8800347596e-02
-1.2401878089e-01
4.4478860497e-01
-5.8594029397e-02
-2.6615044475e-01
-4.5534465462e-02
-1.5772506595e-02
3.5354555584e-03
-4.8751655966e-02
-6.3893564045e-02
-1.9495186210e-01
3.4499311447e-01
8.8666439056e-02
3.3362382650e-01
-1.6865278780e-01
-3.6189518869e-02
4.4897306710e-02
4.9524821341e-02
3.3357277513e-02
-2.1080566570e-02
3.1955230981e-02
-9.8781764507e-02
5.4500017315e-02
-4.3154586107e-02
-1.3006746769e-01
-4.6804502606e-02
2.5099553168e-02
-1.2265582569e-02
7.9210147262e-02
-1.1565403081e-02
4.9375814199e-01
-2.7093407512e-01
-1.0179709643e-01
-2.6678401232e-01
-8.2090787590e-02
1.5602926724e-02
5.5614601821e-02
7.9597375588e-05
-2.0473197103e-02
6.0743741691e-02
3.3642667532e-01
-1.4532111585e-01
9.7026236355e-02
-9.4446890056e-02
1.3427200913e-01
-1.4444942772e-01
-1.4773389697e-01
6.8595260382e-03
2.6964592934e-01
-5.2203595638e-01
-1.3704632223e-01
-1.2165411562e-01
-4.0339417756e-02
7.2004564106e-02
-5.1998436451e-02
-4.3218058348e-01
-1.9555322826e-01
8.5377275944e-01
-4.0359511971e-01
-2.6038655639e-01
-6.6704168916e-02
2.2474622354e-02
-1.4448860660e-02
6.6278696060e-02
-1.4841157198e-01
1.2649206445e-02
-3.5052192397e-03
5.2038256079e-02
-1.3276265934e-02
-5.1385611296e-02
2.5940561295e-01
1.7440991104e-01
3.9417710900e-01
-5.0319188833e-01
3.2123073936e-01
-1.5541231632e-01
3.2805595547e-02
-2.2627562284e-01
-3.7085655332e-01
6.0904198885e-01
2.1921848878e-02
8.0435171723e-02
-1.3866832852e-01
-4.3920558691e-01
2.1269956231e-01
3.1578905880e-02
3.4084819257e-02
-2.2434707731e-02
-1.8450330244e-03
1.3876177371e-01
3.4527093172e-02
3.1816411763e-02
3.4297585487e-02
6.6092379391e-02
1.4990049601e-01
-1.0243321210e-01
1.0778803378e-01
1.5684391558e-01
-2.5239249691e-02
-3.4154202789e-02
-5.7371728122e-02
-7.9741984606e-02
7.8721232712e-02
1.3371770084e-01
-4.1828893125e-02
1.7115637660e-01
6.0099005699e-01
-8.4651219845e-01
9.3366742134e-02
-4.9868988991e-01
-7.8674855232e+00
-2.7300875187e+00
-6.4294904470e-01
4.7910454869e-01
1.2395789623e+00
2.6800457854e-03
1.1891873926e-01
1.4845424332e-02
-1.7669744790e-02
-9.9767133594e-02
1.5239642560e-01
8.6233496666e-02
-7.7063269913e-02
-3.0867503956e-02
-8.4611743689e-02
-2.0493661985e-02
3.6490055919e-01
1.6950614750e-01
-2.6849478483e-01
1.8986101449e-01
3.8817811757e-02
5.1401607692e-02
-2.7596252039e-02
-3.1895868015e-03
1.9669054076e-02
1.1597563326e-01
-6.8582868576e-01
5.5188477039e-02
2.8791153431e-01
1.7965561152e-01
-1.3966993988e-01
2.6554092765e-01
6.5589077771e-02
1.3580177724e-01
-2.4771740660e-02
2.4855500460e-01
-5.4503351450e-02
2.4425986409e-01
2.2243522108e-01
-6.8950504065e-02
1.7712387443e-01
3.0264469981e-01
-6.2208294868e-01
-3.5103186965e-01
-2.2156082094e-01
-5.9323772788e-02
1.7439609766e-01
1.7001588643e-01
1.3657136820e-02
-1.4088001102e-02
-2.4864913896e-02
-2.5298135355e-02
-5.0869856030e-02
1.0849840939e-02
2.2714210674e-02
-2.0466338843e-02
-5.2576430142e-02
7.1079836925e-04
-6.6219586879e-03
1.6105014831e-02
-5.0499858856e+00
-5.4958801270e+00
-7.8699517250e-01
-1.4713501930e+00
2.4680509567e+00
-4.8226282001e-02
-3.3883925062e-03
-3.7096410990e-02
-3.5724133253e-02
-2.6384996250e-02
-1.4623206854e-01
5.8570432663e-01
-3.9983516932e-01
-2.4850837886e-01
-1.9240981340e-01
4.8764901161e+00
2.7216196060e+00
2.7165863514e+00
6.3295930624e-02
-6.9020599127e-01
4.3421944976e-01
-7.3575720191e-02
-3.1025167555e-02
4.1395567358e-02
2.4845143780e-02
1.5507263597e-03
4.5306039974e-03
-2.1858524531e-02
-2.2296780720e-02
-2.2437565029e-02
3.4004405141e-01
-3.3420290798e-02
-3.7189409137e-01
-1.6871343553e-01
-1.9366639853e-01
-3.0654130504e-02
-2.4647699669e-02
-5.2046496421e-02
-8.2493489608e-03
-2.6566179469e-02
9.0625606477e-02
3.9228864014e-02
-3.4851603210e-02
-5.7237137109e-02
7.8884035349e-02
-9.4934016466e-01
2.7814733982e-01
1.4628955722e-01
2.6718387008e-01
1.3910743594e-01
-3.8583881855e+00
-6.3142571449e+00
-1.2815605402e+00
-5.8980906010e-01
-3.6473757029e-01
-8.2639403641e-02
6.5747454762e-02
1.0211055726e-01
3.6482473370e-03
1.7578439415e-01
-2.4288094044e-01
-4.1195946932e-01
7.9657524824e-02
2.4777969345e-02
-1.7407453060e-01
5.0032518804e-02
-7.7270545065e-02
6.6638275981e-02
-5.7405352592e-02
-1.0065227002e-01
-9.9637592211e-03
-2.5106358808e-03
3.8641013205e-02
-1.4610832557e-02
7.8501947224e-02
-8.2827591896e-01
-1.3812600076e-01
4.0009361506e-01
1.9609792531e-01
-6.6059626639e-02
3.6543813348e-01
-7.0046551526e-02
3.5311433673e-01
3.0414006114e-01
-2.6241701841e-01
3.6119830608e+00
3.0389559269e+00
3.5877337456e+00
3.1876318455e+00
2.9540233612e+00
3.6330819130e-02
-1.2740555406e-01
7.8020103276e-02
-2.2728593647e-01
-2.3226466775e-01
3.0120021105e-01
-3.5385859013e-01
3.3742260933e-01
9.0981200337e-02
1.6180178523e-01
-2.4037612602e-02
1.9338080660e-02
6.1926238239e-02
6.2756858766e-02
2.2584572434e-02
-1.2513065338e-01
-2.8869150206e-02
-3.9887566119e-02
-3.7048347294e-02
6.7815640941e-03
6.6697007418e-01
2.6135092974e-01
-6.9546028972e-02
2.7997858524e+00
4.9168634415e-01
1.1879268102e-02
-1.4242165722e-02
-1.0674409568e-02
-4.9129899591e-02
-2.4671910331e-02
-1.1847051792e-02
3.6822866648e-02
2.2405717522e-02
3.4372273833e-02
7.9042362049e-03
3.0950637534e-02
-7.6711736619e-02
-9.4594649971e-02
1.1755090952e-01
-2.9571574181e-02
9.5992945135e-02
1.1764052510e-01
-6.9579191506e-02
-1.8799097836e-01
5.4177071899e-02
6.0380447656e-02
-1.7424190044e-01
-3.2671284676e-01
-1.8089836836e-01
2.8322049975e-01
5.8909446001e-02
1.5435506403e-01
3.2339078188e-01
3.5499495268e-01
1.1862017959e-01
2.1435467526e-02
-8.9022332430e-01
-1.1425987482e+00
5.6866067648e-01
-1.6713395715e-02
1.9116611779e-01
5.7257664204e-01
-1.7991752923e-01
5.9806329012e-01
-1.2393022329e-01
1.1468296051e+00
8.0274993181e-01
-8.6600714922e-01
1.0906004906e+00
-9.4632858038e-01
3.1507208943e-02
1.9668099284e-01
-1.5567380190e-01
-3.5982854664e-02
-5.4310508072e-02
1.6057144105e-01
1.5224032104e-01
-5.9914670885e-02
-6.8252511322e-02
6.1531778425e-02
4.7723487020e-01
2.4915179610e-01
-1.3325716257e+00
1.9833342731e-01
5.1122296602e-02
-1.0867582634e-02
6.7290413380e-01
4.1636514664e-01
1.8095884323e+00
-1.5909438133e+00
5.5211041123e-02
-1.1061464995e-01
-7.4689641595e-02
3.8939625025e-02
-5.4568845779e-02
-3.0612304807e-01
-1.6714113951e-01
-7.3847430944e-01
2.1095652580e+00
6.7755889893e-01
6.4066535234e-01
2.1281901002e-01
-2.1200451851e+00
2.6810975075e+00
1.0783042908e+00
-9.1870322824e-02
8.3066299558e-02
7.2675257921e-02
-7.0121376775e-03
1.4124992490e-01
-1.9763016701e-01
-1.1724773049e-01
-3.2885661721e-01
5.9830522537e-01
-1.0826306790e-01
1.7669145763e-01
1.9227646291e-01
1.5630753338e-01
-5.3748178482e-01
1.0482696444e-01
4.9458181858e-01
-6.0441774130e-01
1.4891928434e-01
2.0224042237e-01
3.8219091296e-01
4.8396275379e-03
9.0359309688e-03
5.9570629150e-02
1.5423275530e-02
-2.5404569507e-01
-6.9506630301e-02
-1.6402857378e-02
5.8049466461e-02
2.1359951794e-01
-1.5350933373e-01
-2.5592425466e-01
-3.3404216170e-02
-3.8762043696e-03
-1.7130060494e-01
-3.0875131488e-01
4.8765487969e-02
-1.3387997448e-01
-3.0011484027e-01
-2.6312062144e-01
-3.1568452716e-01
-1.3424523175e-01
4.8564219475e-01
-2.8606799245e-01
-2.5425064564e-01
-8.6962424219e-02
-2.3765201867e-01
2.3584391177e-01
-6.3072018325e-02
-2.4452935159e-01
2.4428695440e-01
-6.0547727346e-01
-1.7921093851e-02
-1.4098778963e+00
3.0180790424e+00
2.1638588905e+00
3.7647935748e-01
-1.0325779915e+00
1.2288876623e-01
1.1108054966e-01
4.2321300507e-01
-1.5885969996e-01
-1.7029413581e-01
-6.4565114677e-02
1.3718153350e-02
1.5065211058e-01
-9.0219482780e-02
-1.5804914758e-02
-4.8358481377e-02
-4.3071091175e-01
-8.0336034298e-02
4.7678302974e-02
3.5120660067e-01
-1.9766645133e-01
-1.0479243100e-01
1.7358402908e-01
-3.3207634091e-01
1.3682886362e+00
1.1470491439e-01
1.7770886421e+00
4.0960955620e-01
1.0049515963e+00
-2.8827598691e-01
-1.1072864532e+00
2.1224057674e+00
4.4745519757e-01
8.3662047982e-02
-8.0629855394e-02
-1.3429354131e-01
-1.8207316101e-01
-2.0480262116e-02
-1.7905099690e-01
-5.6173957884e-02
-7.5755342841e-02
-6.5334171057e-02
-6.1558741145e-03
4.0188273787e-01
5.3107827902e-01
8.5523885489e-01
1.9620051384e+00
1.5337385237e-01
5.1843725145e-02
-2.2854726762e-02
8.8386647403e-03
-3.5384714138e-03
-7.4421241879e-03
-2.9434997588e-02
-8.3134971559e-02
-1.7584307119e-02
3.2693743706e-02
-1.4823731966e-02
1.7899408937e-01
9.5077998936e-02
3.3450025320e-01
-7.0502273738e-02
1.6065023839e-01
-1.7635687590e+00
-5.1399326324e-01
3.7517008185e-01
8.9710593224e-01
-8.9069396257e-01
3.9342790842e-02
-2.0910555124e-01
4.1008228064e-01
-6.3994932175e-01
-1.2301906198e-01
-1.0707581043e-01
7.1494370699e-02
1.0721826553e-01
-2.6743543148e-01
1.2363474369e+00
1.0606725216e+00
-1.3752822876e+00
-1.3666710854e+00
7.8891199827e-01
3.5974800587e-01
2.9076161981e-01
-1.8137389421e-01
-6.7634445429e-01
1.1131657362e+00
-7.0444315672e-01
3.7963312119e-02
-1.4125600457e-01
2.4042502046e-01
9.6210592985e-01
2.5731685758e-01
-5.8575430885e-03
-1.8797256052e-01
2.7791559696e-01
-6.0131795704e-02
-2.4074806273e-01
9.7908383608e-01
4.2832931876e-01
-8.8239455223e-01
4.3309751153e-01
-6.5738624334e-01
5.7588309050e-01
-9.1959053278e-01
-2.2064661980e-01
3.3484104276e-01
1.4629487991e+00
-1.3760879040e+00
9.3184477091e-01
-6.5477740765e-01
4.1798445582e-01
3.8014173508e-02
4.8369616270e-01
2.1363921463e-01
-1.3774143159e-01
5.2334694192e-03
-9.3997187912e-02
-9.7450047731e-02
-9.3565165997e-02
1.2188782915e-02
-1.8802240491e-01
-2.5134402514e-01
-2.7067106962e-01
1.5361296013e-02
2.8096795082e-01
-4.7158813477e-01
1.0082052946e+00
6.7024846794e-04
4.7022186220e-02
3.5886928439e-02
4.6862710267e-02
1.9484749064e-02
4.4421870261e-02
-1.1125905514e+00
1.3195462525e-01
-8.8300424814e-01
3.9435741305e-01
9.1771155596e-01
1.5612120628e+00
-3.3764836788e+00
1.6393719912e+00
-6.7588466406e-01
-1.0319366306e-01
7.3230499029e-01
2.8935194016e-01
8.6470767856e-02
1.8796698749e-01
-1.0237852335e+00
-1.7025587559e+00
-1.7325863242e-01
3.3549423218e+00
2.2244737148e+00
-3.0605396256e-02
2.3797180504e-02
-3.5825084895e-02
-8.0480948091e-02
-2.8621623293e-02
-7.5683432817e-01
1.4678907394e+00
-7.1293205023e-01
8.9055824280e-01
6.0866719484e-01
1.2951758690e-02
3.1658285856e-01
-3.8963726163e-01
4.0178420022e-03
-1.1979181319e-01
-1.7065288126e-01
1.8824829161e-01
6.8687778711e-01
1.7973003387e+00
-2.6265780926e+00
4.3031945825e-02
-2.1579653025e-01
4.6779200435e-02
-1.0162049532e-01
-7.3340058327e-02
3.5011520982e-01
-2.3852568865e-01
-5.3078845143e-02
-2.7175506949e-01
-2.0328670740e-01
-1.5058958530e-01
-5.8271747082e-02
1.1805471033e-01
-1.0758657008e-01
-3.6969535053e-02
1.3840835094e+00
1.6711466014e-02
2.3720653355e-01
3.0188245773e+00
-3.6083531380e-01
-5.9506314993e-01
-1.9076423645e+00
-2.3484506607e+00
-1.5285379887e+00
-1.5190311670e+00
-1.1479085684e-01
1.5486779809e-01
8.3555793762e-01
9.7695209086e-02
-4.0592068434e-01
-9.2537629604e-01
8.4297323227e-01
5.7330346107e-01
-1.6360783577e+00
-7.1717119217e-01
3.0235743150e-02
-8.4109650925e-03
-2.4395562708e-02
-2.9866416007e-02
-1.5325214481e-03
1.0031724721e-01
-1.6653354466e-01
-1.0253376514e-01
-1.9045690075e-02
-3.9713572711e-02
-9.5880106091e-03
-3.2951239496e-02
-6.2179163098e-02
-2.4766696617e-02
3.5458624363e-02
-6.4782899618e-01
-3.5312482715e-01
-6.8478122354e-02
-1.4751008153e-01
-8.4578432143e-02
2.3723429069e-02
-2.7225630358e-02
-4.5266799629e-02
-2.4097181857e-02
2.7419505641e-02
4.2903265357e-01
8.6812954396e-03
-6.4653448761e-02
3.7321764976e-02
2.1531759202e-01
3.2883036882e-02
7.6370112598e-02
6.5714277327e-02
-1.7371280119e-02
-2.2371657193e-02
1.1793960631e-01
2.0968157798e-02
-1.0428513587e-01
1.6719136387e-02
-7.5572498143e-02
-1.6776630282e-01
-3.5313386470e-02
7.1327490732e-03
-5.4643503972e-05
-1.5119289048e-02
-6.2256473303e-01
-1.3736928999e-01
2.6853388548e-01
1.5700365603e-01
-2.4951113760e-01
-2.6860637590e-02
8.0546736717e-03
-1.4050579630e-03
6.4797654748e-02
-2.2236542776e-02
-4.5188345015e-02
1.1335691065e-01
-7.7583841980e-02
-3.4001763910e-02
3.3459132910e-01
6.4217023551e-02
-4.0606731176e-01
-2.9350814223e-01
-1.8402552605e-01
4.8590242863e-01
5.1338918507e-02
7.2992563248e-02
-3.6762829870e-02
-9.0195655823e-02
-1.3781684637e-01
1.4793016911e+00
1.7994797230e-01
-6.9187653065e-01
-3.9112538099e-01
1.1864732951e-01
-1.6984516382e-01
9.2389568686e-02
1.1483579874e-01
6.4412131906e-02
9.6487469971e-02
5.1750581712e-02
1.0510450602e-01
4.1259028018e-02
5.2431672812e-02
6.0994382948e-02
1.1297731102e-01
-3.0625197291e-01
-2.6820182800e-01
5.2309548855e-01
2.1445463598e-01
-1.1487115920e-01
4.6777456999e-01
3.4722145647e-02
-3.5906568170e-01
1.7601597309e-01
-1.0658169165e-02
2.7256321162e-02
1.9127820432e-01
1.2522102892e-01
-1.3894455135e-01
-1.9150843844e-02
4.0207519196e-03
2.1294846374e-04
2.1949484944e-02
-1.8381828070e-01
5.3671374917e-02
-1.7629390955e-01
-3.7104061339e-03
-3.4027367830e-02
-2.4963328242e-01
-7.5386829674e-02
-3.8780933619e-01
-8.2156673074e-02
8.4761366248e-02
2.5263762474e-01
-3.5096265376e-02
-4.8552438617e-02
-5.5953962728e-03
-6.8163327873e-02
9.7926042974e-02
-4.5536886901e-02
2.8147464991e-01
-3.2091492414e-01
1.1762706190e-01
-1.0024719685e-01
3.9262154102e+00
2.3579976559e+00
4.7004027367e+00
2.4103657901e-01
-7.3892319202e-01
-2.7949050069e-01
-1.2480603158e-01
-9.3029722571e-02
1.6377259791e-01
1.5012237430e-01
3.6490887403e-01
5.8890439570e-02
1.2653672695e-01
7.3378629982e-02
-1.6805211082e-02
1.5813805163e-01
-6.9324672222e-01
-9.4263978302e-02
1.1996296048e-01
-2.5477001071e-01
-9.2074060813e-03
-2.1973297000e-02
-4.3473910540e-02
3.1220737845e-02
1.8044753000e-02
-5.8078312874e-01
-8.3203011751e-01
1.2493084371e-01
-1.1692245007e+00
-8.0606037378e-01
1.7626722157e-01
3.0522422865e-02
1.2765146792e-01
-1.1380442977e-01
2.6828604937e-01
2.2462584078e-02
1.5863731503e-01
-4.1632670909e-02
-5.0451129675e-02
1.6375166178e-01
1.0878495872e-01
-4.9483448267e-01
1.2589296699e-01
2.4478350580e-01
-1.8556311727e-01
-8.0621905625e-02
1.5076093376e-01
-4.7818139195e-02
-2.5526491925e-02
-6.0622241348e-02
1.0718669742e-02
-2.0237832796e-03
6.5062916838e-03
7.1686550975e-02
6.2769040465e-02
5.0268284976e-03
7.3895403184e-03
7.2706807405e-03
3.5977561492e-03
-1.0313032195e-02
7.3291450739e-01
2.3777363300e+00
5.7674354315e-01
3.1368262768e+00
-1.3065264225e+00
5.7408977300e-02
-6.3360378146e-02
-6.7502826452e-02
6.7386855371e-03
6.0062050819e-02
-2.7229061723e-01
-6.6213136911e-01
-4.0195760131e-01
1.4247460663e-01
1.0722566396e-01
-3.8469855785e+00
-3.3782520294e+00
-2.2673895359e+00
-1.6991053820e+00
4.8492865562e+00
6.8793907762e-02
-1.6804297268e-01
1.6632856429e-01
-9.2082336545e-02
-3.1603306532e-01
6.9286702201e-03
-2.5436172262e-02
4.6372986399e-03
3.0355420313e-04
1.8783705309e-02
-2.1226319671e-01
1.9224631786e-01
1.0083479881e+00
-2.3032081127e-01
5.9997409582e-01
-1.4887421392e-02
-2.7886289172e-03
-1.3188692741e-02
-3.1703390181e-02
-3.7360742688e-02
-1.3150006533e-01
-1.0015816242e-01
4.3977413327e-02
7.4652567506e-02
1.5711513162e-01
-8.0892783403e-01
2.1880154312e-01
4.9417352676e-01
-3.3766448498e-01
1.0653613508e-01
1.7357109487e-01
9.7006803751e-01
2.5492074490e+00
2.5050163269e+00
-7.6911605895e-02
-6.5628282726e-02
6.9305743091e-03
1.4773842692e-01
2.0997751504e-02
-1.7120768130e-01
-2.9922971129e-01
3.1880187988e-01
2.9881498218e-01
3.8548508286e-01
5.0241762400e-01
-8.5941389203e-02
-1.2558864057e-01
-1.3195313513e-01
3.0014254153e-03
2.1411735564e-02
-3.7791278213e-02
-8.8329445571e-03
3.1794387847e-02
6.1148930341e-02
-3.3816762269e-02
1.0391910076e+00
2.3716133833e-01
7.0181116462e-02
5.7765626907e-01
-5.8782672882e-01
-7.2515362501e-01
-7.3861217499e-01
8.2856678963e-01
-1.1953632534e-01
-3.1597021222e-01
-2.2640910149e+00
-2.3079812527e+00
-1.8783898354e+00
-3.6802122593e+00
-1.5143541098e+00
-2.4118854105e-01
-2.6924798265e-02
2.5837650895e-01
4.3381559849e-01
-6.1959460378e-02
-4.9027574062e-01
7.5560635328e-01
-1.0966745019e-01
8.7114684284e-03
6.5006144345e-02
5.3787607700e-02
1.2293536216e-02
-7.3305785656e-02
-1.2874650955e-01
-1.5955185518e-02
-2.5451913476e-02
-7.4780195951e-02
1.0593350977e-01
6.4612500370e-02
-1.5304546105e-03
3.3448137343e-02
-2.3274574280e+00
-1.5880756378e+00
-1.3527290821e+00
1.2606690824e-01
1.9439117983e-02
-9.6930362284e-02
-9.2147819698e-02
-5.8735590428e-03
1.3921678998e-02
1.6839809716e-02
1.2567109428e-02
-1.6335133696e-03
-1.0613896884e-02
1.2460117228e-02
7.4503578246e-02
1.4032860100e-01
6.9060407579e-02
-3.8427960128e-02
-4.3997384608e-02
6.0277793556e-02
1.9736206532e-01
2.0407614112e-01
-4.6452198178e-02
9.4550557435e-02
-5.1605040208e-03
1.2766491855e-03
-2.6680731773e-01
3.1583344936e-01
3.6434687674e-02
2.5965452194e-01
-1.8462007865e-02
-1.4953275025e-01
-7.5251221657e-02
2.0446442068e-01
6.5123254061e-01
-9.1722208261e-01
-3.0301687121e-01
-1.9269683957e-01
5.5961304903e-01
-2.4455872178e-01
3.2899215817e-01
7.2423540056e-02
3.5609441996e-01
-7.6438111067e-01
-1.2451328039e+00
-8.8352519274e-01
-6.0076105595e-01
7.4062216282e-01
1.2324750423e+00
3.7203788757e-01
2.7851575613e-01
-1.5707621351e-02
-1.6231161356e-01
-1.5402176976e-01
4.2151596397e-02
8.3336517215e-02
-5.5744130164e-02
-1.9316062331e-01
-1.4845587313e-02
8.9483952522e-01
1.1604729891e+00
7.8116983175e-01
-4.9476757646e-01
1.5580634587e-02
-8.6028289795e-01
-1.1540888548e+00
-4.0081974119e-02
4.3344172835e-01
-4.1154322028e-01
-8.2583554089e-02
-2.8794666752e-02
-1.4208474755e-01
9.5869988203e-02
1.7650272697e-02
1.4742318392e+00
-2.0347675681e-01
-4.5173563063e-02
1.8219790459e+00
8.6775863171e-01
4.0964087844e-01
9.1700792313e-02
-8.2925695181e-01
1.8983449936e+00
4.7512656450e-01
2.6592328213e-03
-1.5368394554e-01
-5.6210156530e-02
2.0501704514e-01
4.3802481145e-02
-1.7647469044e-01
-6.5470141172e-01
-3.0530646443e-02
8.0386638641e-02
3.4673893452e-01
1.1447589397e+00
3.3123159409e-01
-1.1817548275e+00
-3.7865900993e-01
4.6227151155e-01
1.1221733689e-01
-2.2649914026e-02
-2.7433755994e-01
4.9186404794e-03
1.4422555268e-01
1.4549596608e-01
7.5884774327e-02
1.9439477473e-02
-2.3838834837e-02
5.6355535984e-01
-1.3530921936e-01
-1.1740639806e-02
2.0201775432e-01
-1.8486681581e-01
3.7093032151e-02
-5.8383387327e-01
-7.9208838940e-01
1.5012940764e-01
-1.1303075403e-01
7.2260633111e-02
-4.5933556557e-01
-7.7838279307e-02
4.6478387713e-01
2.5407484174e-01
-9.9658854306e-02
5.2198179066e-02
-2.3811760545e-01
-1.5745353699e-01
-6.0755416751e-02
-1.4871464670e-01
4.0867879987e-01
-1.9857514650e-02
-1.1129141599e-01
-2.3257948458e-01
-1.7008756101e-01
-4.1488933563e-01
2.4937169552e+00
-1.0300405025e+00
-2.3407733068e-02
3.2540683746e+00
8.5780426860e-02
-6.6832095385e-01
-2.2967085838e+00
-2.4737787247e-01
-3.0530133843e-01
1.5200808644e-02
1.0379457474e-01
7.7435612679e-02
3.0510453507e-03
-8.3920741454e-03
-2.9454907402e-02
-5.1326555014e-01
1.2818469107e-01
2.7542540431e-01
-2.5097966194e-01
2.8848141432e-01
1.8460933864e-01
3.0880391598e-01
-2.0185005665e-01
-1.2361269444e-01
-9.1290944815e-01
-3.4904789925e-01
-6.4862179756e-01
2.1924790740e-01
-8.0549615622e-01
-1.0590342283e+00
-1.8801001310e+00
-1.9241247177e+00
-7.4210244417e-01
6.7459273338e-01
1.2635269761e-01
2.4348272011e-02
-3.9779987931e-01
2.6897051930e-01
-1.4131987095e-01
-6.5474040806e-02
1.9159810618e-03
-3.6755658686e-02
-9.4030341133e-03
7.6068535447e-02
7.1019363403e-01
1.6725227237e-01
-1.6225842237e+00
9.2307567596e-02
4.5108029246e-01
-1.7367549241e-02
-3.2732762396e-02
-6.4670026302e-02
-4.1742917150e-02
2.6955695823e-02
-7.0239543915e-02
7.3718994856e-02
-4.3257825077e-02
-7.6918542385e-02
-1.5358072519e-01
3.2977542281e-01
6.6073673964e-01
-1.0192266703e+00
6.6249452531e-02
-2.2382445633e-01
2.5537887216e-01
-1.3012496233e+00
-2.7898079157e-01
8.4409773350e-02
1.6089297533e+00
1.9027352333e-01
-1.7842490971e-01
-3.3019247651e-01
-2.0051836967e-01
8.3855964476e-04
2.6056123897e-03
-2.2879116237e-02
-6.4792998135e-02
-3.8907653093e-01
-5.5562421679e-02
-1.2968587875e+00
6.9149412215e-02
-1.0559623241e+00
-1.9458431005e+00
6.1632502079e-01
-5.5423045158e-01
-3.9984755218e-02
1.0151581764e+00
-3.4944435954e-01
-5.4033249617e-01
9.3543702364e-01
-5.3869372606e-01
4.5253887773e-01
1.3252355158e-01
1.0438174009e+00
9.2023193836e-02
-4.5689873397e-02
1.5599057078e-02
-1.9201256335e-01
1.6343295574e-01
4.2355111241e-01
9.9452227354e-01
5.2850455046e-01
1.1426230669e+00
-1.5099842548e+00
-2.0740544796e+00
-1.1689789295e+00
-5.3914946318e-01
5.9777837992e-01
1.8912354708e+00
-7.7554970980e-01
-1.1379622221e+00
1.5982802212e-01
-6.9307887554e-01
1.8011418581e+00
5.3892977536e-02
-5.1752060652e-01
-1.1695675552e-01
-2.1029737592e-01
-1.2684755027e-01
-7.5306646526e-02
-6.7417822778e-02
-3.0026867986e-01
-1.2983837724e-01
-1.7294032872e-01
1.7015269399e-01
-3.5158798099e-01
4.5328769088e-01
-4.7793790698e-01
-3.0268278718e-01
1.2244964018e-02
1.5466919541e-01
5.9163589031e-02
-1.5358309029e-03
5.5184792727e-02
-1.1689786911e+00
-1.9700994492e+00
-1.2546807528e+00
4.6184602380e-01
2.4309422970e+00
-1.3910998404e-01
-1.6210012138e-01
9.8498809338e-01
-1.5102990866e+00
1.7784715891e+00
1.6782329977e-01
9.6693986654e-01
4.4600886106e-01
-4.0031854063e-02
-9.7231395543e-02
-2.8617253900e-01
-1.9330559671e-01
-7.9154241085e-01
1.2747907639e+00
3.3818802834e+00
-7.2378985584e-02
-1.0779570788e-01
-3.6445467267e-03
-6.4574286342e-02
-5.6044701487e-02
-1.3273360729e+00
-2.4058785439e+00
-1.9218316674e-01
-3.8597086072e-01
1.4505096674e+00
-1.5486675501e-01
8.8034637272e-02
4.4939342886e-02
1.8035267293e-01
7.3701933026e-02
2.3022282124e+00
9.3526631594e-01
1.6102437973e+00
-2.4293499067e-02
3.0406817794e-01
1.2778292596e-01
-5.0321910530e-02
1.5835815668e-01
-4.3949545361e-03
-7.7617862262e-03
-2.6510232687e-01
1.7094349861e-01
3.0648764968e-01
-7.3056012392e-01
-9.0499287844e-01
1.9810728729e-01
1.9782339036e-01
3.0277019367e-02
-1.5529136360e-01
-8.1021644175e-02
1.7269143462e-01
1.7875546217e+00
-4.8257085681e-01
8.1873583794e-01
6.0350227356e-01
4.0567250252e+00
2.5711889267e+00
5.2060770988e-01
-1.4846355915e+00
-1.8551738262e+00
7.2354346514e-01
3.2984495163e-01
-1.2381299734e+00
2.3841978610e-01
1.2374019623e-01
6.2079298496e-01
-1.0473162681e-01
-3.7658119202e-01
-1.6330140829e+00
-6.2924134731e-01
1.6273893416e-02
1.1115618981e-02
-1.2543705292e-02
-1.6131676733e-02
-3.4145947546e-02
-8.9758016169e-02
-9.0457901359e-02
-3.6773238331e-02
-8.6102969944e-02
-9.2587422114e-04
5.1142681390e-02
-3.8461450487e-02
-8.4795299917e-03
-6.3827899285e-03
-1.2281532399e-03
-2.0575705171e-01
-1.8197491765e-01
-8.3055824041e-02
-6.3230752945e-01
3.5645216703e-02
9.8655886948e-02
2.5954354554e-02
-1.6320023686e-02
-1.3737510145e-01
1.2686814368e-01
3.8481160998e-01
2.7323296666e-01
5.7096481323e-02
3.5032559186e-02
-3.5326138139e-01
5.4965604097e-02
-5.5720504373e-02
3.0445042998e-02
4.9213554710e-02
-5.1852222532e-02
5.8336430229e-03
-3.0763976276e-02
-1.1231268942e-01
-9.4727754593e-02
-1.4945630729e-01
-8.1188447773e-02
-1.3095560670e-01
-1.1219993234e-01
-4.0834311396e-02
2.9994871467e-02
-7.5624942780e-02
-2.5984236598e-01
1.1617326736e-01
-3.8584995270e-01
-8.0957069993e-02
-1.1947931349e-01
-1.4627987519e-02
-7.1521535516e-02
3.0488785356e-02
-1.5881812200e-02
3.6408662796e-01
-3.5911694169e-01
3.3229723573e-02
-2.7694785595e-01
1.6142237186e-01
1.2738007307e-01
3.0287185311e-01
-3.2189705968e-01
-3.0629235506e-01
1.1801764369e-01
1.5622845292e-01
8.8897660375e-02
1.3831998222e-02
-4.8899061978e-02
2.5642288849e-02
-5.3809517622e-01
1.5190671682e+00
-2.1208961308e-01
-6.0586160421e-01
2.6192029938e-02
-1.2968702614e-01
-6.8793036044e-02
1.3786157593e-02
1.3748869300e-01
1.1667980812e-02
1.0930656455e-02
-2.3939475417e-02
3.4174956381e-02
7.6116710901e-02
-4.4733460993e-02
-1.6422522068e-01
-2.7297326922e-01
-1.2230312824e-01
-3.1596547365e-01
1.7668852210e-01
5.0191231072e-02
-1.6853176057e-01
2.4362426996e-01
-3.4892818332e-01
-2.8720402624e-03
-2.8610872105e-02
-1.4367476106e-02
8.9348852634e-02
-4.3405070901e-02
8.7985713035e-03
3.9055913687e-02
4.0637608618e-02
2.9655370861e-02
7.3673516512e-02
-1.4391011000e-01
-6.5150015056e-02
-1.0394500196e-01
-8.6309704930e-03
-1.0113745928e-01
-6.0801718384e-02
-2.1230468154e-01
-2.2372959647e-03
-1.1761961132e-01
-9.8876496777e-03
3.1067287922e-01
-1.6933080554e-01
-4.3552774936e-02
7.0537687279e-03
3.1913936138e-02
3.2081078738e-02
8.3058647811e-02
1.5375405550e-01
-2.0821395516e-01
4.0071014315e-02
-3.3601322770e-01
-4.3974956870e-01
-7.8585010767e-01
-1.2222363949e+00
-1.2575459480e+00
-9.9107903242e-01
-1.3079001009e-01
-7.6484188437e-02
-6.6942195408e-03
3.0574606732e-02
2.8346832842e-02
2.3079907522e-02
2.8108894825e-01
3.2195717096e-02
-9.7670508549e-03
1.1450313032e-01
-8.8719391823e-01
8.7139327079e-03
1.7934580147e-01
2.1651005745e-01
-4.3642094731e-01
3.5394039005e-02
-1.1644770391e-02
8.0645596609e-03
-3.2357744873e-02
5.3188744932e-02
-1.7147329450e-01
6.8949174881e-01
1.1128913611e-01
-8.8989275694e-01
2.2958715260e-01
1.8873213232e-01
-2.2704446688e-02
6.8203464150e-02
5.2635097504e-01
-5.7398024946e-02
-1.9954381883e-01
-4.8582468182e-02
4.3540831655e-02
9.3809597194e-02
3.4793648869e-02
-4.0226477385e-01
-4.8113279045e-02
-3.8692870736e-01
6.4275473356e-01
1.1650229990e-01
2.8241172433e-01
-2.0776796341e-01
1.7932318151e-01
1.9072857499e-01
3.4239351749e-02
-4.4962365180e-02
-1.2059334666e-02
-4.2733084410e-02
2.5631427765e-02
-2.4656673893e-02
-1.4028459555e-03
2.6832373813e-02
2.2208301350e-02
6.3154110685e-03
-1.8940337002e-02
3.3205621243e+00
5.1351112127e-01
9.4814419746e-01
9.6997314692e-01
1.2500092983e+00
1.1565555632e-01
-3.8969069719e-02
-2.9586600140e-03
4.4844917953e-02
5.8684479445e-02
-4.2351654172e-01
-8.2449519634e-01
-3.1625223160e-01
-2.3287867010e-01
-6.6183857620e-02
1.1970626116e+00
-1.2332003117e+00
-3.5735487938e-01
-6.7810672522e-01
2.0181767941e+00
1.3424313068e-01
1.2548159063e-01
-3.4273065627e-02
-1.3760291040e-01
-2.1086989343e-01
2.8973205015e-02
-1.7647411674e-02
1.8638961017e-02
-3.3864122815e-03
5.8041103184e-03
-7.9303964972e-02
-1.1581549644e+00
7.4778199196e-01
-5.5504250526e-01
3.1172215939e-01
9.1240126640e-03
9.7969109192e-03
-6.9137290120e-02
-1.0518693924e-01
-7.6755180955e-02
9.0422533453e-02
-2.9912948608e-02
9.8938755691e-02
3.6207314581e-02
1.2180507928e-01
6.6406518221e-01
-4.4652274251e-01
7.3822313547e-01
-7.3514670134e-01
1.9062346220e-01
2.5793008506e-02
8.8487312198e-02
3.4837133884e+00
7.0764058828e-01
1.4958176613e+00
1.5613578260e-02
-2.2966176271e-02
6.4004413784e-02
1.3326686807e-02
-8.5007749498e-02
-7.0639044046e-01
-3.8580731489e-03
6.2725567818e-01
2.5109833479e-01
3.3582574129e-01
7.4789866805e-02
-1.2902531028e-01
-1.9893012941e-01
-6.3886833377e-03
4.0903121233e-02
2.1912341937e-02
2.0070552826e-02
-1.7109470442e-02
-4.7626146115e-03
-8.6032189429e-02
3.4652841091e-01
-1.0114724636e+00
5.1348018646e-01
-6.4757160842e-02
-8.2443875074e-01
1.1674435437e-01
-7.1852856874e-01
-6.0365968943e-01
-5.9024888277e-01
5.7728892565e-01
-4.5830169320e-01
-6.1546319723e-01
1.8131626844e+00
1.8032349646e-01
-1.2725248337e+00
5.0506118685e-02
5.7037714869e-02
1.2298025191e-01
-2.5946238637e-01
2.5278556347e-01
9.1987781227e-02
2.5188165903e-01
4.1402515769e-01
1.2199088931e-01
-1.5261921287e-01
2.7187038213e-02
1.1017426103e-01
1.5704739839e-02
4.1587881744e-02
3.1404383481e-02
-1.4955717325e-01
-8.7891757488e-02
-6.7909114063e-02
-1.2170191854e-02
3.0508344993e-02
-8.7048625946e-01
-7.6194363832e-01
-2.1077072620e-01
4.5809647441e-01
7.5690549612e-01
-9.8011521623e-03
6.7048497498e-02
-4.2840637267e-02
-7.2454527020e-02
-4.1238564998e-02
-1.5216131695e-02
-3.4921462648e-03
-5.9588975273e-03
4.1827125824e-04
-4.4780885219e-04
2.2721225396e-02
1.6084136069e-01
3.4734528512e-02
-9.0616747737e-02
-7.6198451221e-02
-2.9118409753e-01
-2.6850730181e-01
-2.3811630905e-01
-9.3809001148e-02
-1.2239398062e-01
-1.1019492149e-01
-3.6084003747e-02
1.6353684664e-01
-1.3452301733e-02
5.2600339055e-02
1.1792889982e-01
1.4638815820e-01
1.4409698546e-01
-5.4348758422e-03
-2.4493271112e-01
-3.0237907171e-01
2.6207789779e-02
-5.2078992128e-01
6.8230980635e-01
-2.1127295494e-01
-8.3015166223e-02
3.4526053071e-01
-1.7432096601e-01
7.6002351940e-02
-4.6352994442e-01
-1.9879427552e-01
-3.4777319431e-01
1.5537412167e+00
-9.4362318516e-01
2.9058867693e-01
-2.3452016711e-01
4.0885666013e-01
-4.3000522256e-01
4.1622843593e-02
-2.5649103522e-01
2.0551174879e-02
1.7703907192e-01
-1.1252747476e-01
4.7652661800e-02
-9.3821547925e-02
-1.2551692314e-02
-4.1615402699e-01
1.4363206625e+00
-1.3794578612e-01
-4.2708986998e-01
-1.3006561995e+00
9.1953200102e-01
-6.2340116501e-01
-8.4770783782e-02
-1.1370600015e-01
4.2351190001e-02
7.9575307667e-02
5.3623221815e-02
1.3040784001e-01
-4.0487114340e-02
1.3138172030e-01
5.0805008411e-01
9.9680227041e-01
-2.7811551094e-01
6.5702879429e-01
-1.0635658503e+00
1.0510838032e+00
-7.8117275238e-01
-9.5716297626e-01
1.8787169456e+00
-1.5774400905e-02
-4.3301340193e-02
3.6558736116e-02
5.8187309653e-02
-5.7064569555e-03
2.7318954468e-02
3.0445238948e-01
-1.1617802829e-01
5.8502411842e-01
3.7092930079e-01
-1.2607832253e-01
9.5411819220e-01
-5.7726347446e-01
3.7729474902e-01
6.5823817253e-01
-2.2717757523e-01
-1.5760330856e-01
-7.6914966106e-02
-4.9299083650e-02
-1.9745662808e-01
6.3910081983e-02
-3.7168011069e-01
-1.3100883365e-01
-1.6260133684e-01
7.4150222540e-01
7.2758309543e-02
-2.8808206320e-02
8.7794460356e-02
-1.9321404397e-02
3.9005327970e-02
2.9254326224e-01
-3.1985986233e-01
6.5471661091e-01
-5.6123691611e-03
4.0440112352e-01
-3.0207440257e-02
-6.0067396611e-02
4.0407367051e-02
-7.2556734085e-02
4.2988479137e-01
-5.5176740885e-01
1.5772221982e-01
-1.5476848185e-01
-7.4349351227e-02
7.2776518762e-02
-7.4461452663e-02
-9.4847634435e-02
2.6892444491e-01
-1.1920764297e-01
-1.7222250998e-01
1.9520012140e+00
1.2442308664e+00
1.3677694798e+00
-2.0996065140e+00
8.5582292080e-01
9.6103566885e-01
5.5130773783e-01
1.0306773186e+00
4.8097763211e-02
-6.0572236776e-01
-3.8247860968e-02
-2.3808095604e-02
3.9767399430e-03
1.3294677436e-01
3.6486022174e-02
-3.3578211069e-01
1.7838317435e-03
3.1750062108e-01
-1.0760355741e-01
6.1135864258e-01
-3.4351298213e-01
1.8845532835e-01
1.7139843106e-01
-1.5009751916e-01
-3.3484074473e-01
1.6192961931e+00
5.6358915567e-01
-8.1201620400e-02
-5.3585892916e-01
9.2210245132e-01
-1.3741281033e+00
2.6813607216e+00
4.4058498740e-01
-1.8263067007e+00
-2.5652790070e+00
-2.5332665443e-01
6.6386565566e-02
1.6793785617e-02
-1.8943394721e-01
-2.6909266599e-03
3.0092103407e-02
5.8390215039e-02
1.1982103810e-02
1.8356226385e-02
2.7013551444e-02
-2.4217563868e-01
2.7331697941e-01
-1.7652343214e-01
-7.9329237342e-02
-3.0713221431e-01
2.1206572652e-02
-7.9424642026e-03
2.1847812459e-02
2.0731927827e-02
6.2804832123e-03
6.0036245733e-02
-2.0979752764e-02
-3.5422205925e-02
1.9652014598e-02
3.7437818944e-02
5.3073860705e-02
-3.2642883062e-01
8.7804180384e-01
-1.1344501972e+00
5.5993014574e-01
9.9034678936e-01
7.7152216434e-01
-1.2291458845e+00
4.2239683867e-01
3.6713340878e-01
9.2258192599e-02
-1.9429206848e-02
-2.8600230813e-01
4.0669897199e-01
3.0224785209e-02
7.6927945018e-02
-2.1768327057e-01
3.4454262257e-01
-1.7786128819e-01
9.6213006973e-01
-7.0197266340e-01
1.0549106598e+00
1.2312629223e+00
-5.7341051102e-01
-1.6547123194e+00
3.4338364005e-01
2.5095421076e-01
9.2993520200e-02
1.1762022041e-02
-4.6979966760e-01
-5.4540365934e-01
5.1120227575e-01
-3.1602507830e-01
-4.9476858974e-01
5.0510066748e-01
-6.6207125783e-02
2.2703966498e-01
-9.5478706062e-02
-7.0263497531e-02
8.3652362227e-02
9.1079819202e-01
3.8409450650e-01
1.0693848133e+00
-2.6706082821e+00
1.3385149240e+00
-2.0514781475e+00
6.7300814390e-01
2.1032207012e+00
-2.2417047024e+00
-3.0209972858e+00
9.6328270435e-01
-2.1150337160e-01
-2.8351834416e-01
-3.3617562056e-01
-3.8859301805e-01
-1.9573901594e-01
-2.4408547580e-01
-1.4422121644e-01
-1.1862730235e-01
-1.4610750601e-02
5.2968092263e-02
7.7735759318e-02
-3.0345894396e-02
-2.3514637724e-03
2.1048981696e-02
-1.8722604215e-01
-1.0753574781e-02
6.0999587178e-02
6.8221890926e-01
-1.1832451075e-01
2.4598654360e-02
5.0286978483e-02
-1.6498796642e-02
6.1267152429e-02
-6.2808040529e-03
-1.8049616814e+00
5.3209823370e-01
-1.9273145497e-01
2.4771006405e-01
-1.8284782767e-01
6.3202999532e-02
1.5087056160e+00
1.9765174389e+00
-1.2289456129e+00
-1.0591731071e+00
4.3601447344e-01
-7.6566672325e-01
1.3625276089e-01
-2.9075192288e-02
-4.4781193137e-02
-1.0496594906e+00
1.4210993052e+00
-3.9123094082e-01
-1.9873847961e+00
1.0354286432e+00
2.6902707294e-02
-1.4982716180e-02
6.0227606446e-04
2.3639516905e-02
1.3317187317e-02
-2.0410518646e+00
4.0757045150e-01
-3.3315292001e-01
-1.5563130379e-01
-5.4390031099e-01
-6.3452194445e-03
-7.5807720423e-02
-4.7980409116e-02
1.7841582000e-01
3.2802697271e-02
1.7377206087e+00
1.2456700802e+00
-1.8807400763e-01
1.0530971736e-01
-8.6365908384e-01
-2.6029432192e-02
3.2488305122e-02
-5.7382132858e-02
-3.5678446293e-02
-1.1468500644e-01
5.0419416279e-02
-1.0212150216e-01
-4.7293329239e-01
7.8899115324e-01
-4.1266638041e-01
-2.7810133994e-02
1.7788162455e-02
6.8564571440e-02
-2.0368815958e-01
-5.5657014251e-02
7.2195515037e-02
2.2575783730e+00
-2.3650272191e-01
-9.1926604509e-01
-2.8194782734e+00
2.3340413570e+00
1.0040059090e+00
1.3540076017e+00
-1.0302373171e+00
-8.3910304308e-01
-1.6914469888e-03
5.4960727692e-01
-5.4482859373e-01
4.9805110693e-01
3.7549939752e-01
1.5003770590e+00
-1.0363229513e+00
9.1404837370e-01
1.1888735294e+00
-1.3266503811e+00
-1.2506313622e-02
2.2794583812e-02
-1.6044082120e-02
-1.0849567130e-02
1.0971441865e-02
5.3760357201e-02
-2.5122217834e-02
3.0692966655e-02
6.1042658985e-02
3.5040598363e-02
-4.7135975212e-02
-1.7978169024e-02
-4.3637100607e-02
-1.0609623976e-02
-2.2490447387e-02
-8.2857114077e-01
3.1476581097e-01
-3.3753374219e-01
2.9267844558e-01
4.3941311538e-02
8.8097415864e-03
-1.1947617866e-02
7.7297635376e-02
-1.7360545695e-02
-1.2424041331e-01
4.6352431178e-01
7.6242007315e-02
-4.1130796075e-02
-6.2739355490e-03
2.5224772096e-01
6.1965439469e-02
2.3399950936e-02
-1.2386837043e-02
-2.6140758768e-02
1.3873878866e-02
1.3512675464e-01
-3.7978254259e-02
-8.1131786108e-02
-9.4145303592e-03
1.2937940657e-02
-1.0837057233e-01
-1.1195037514e-01
-8.7772071362e-02
-5.0959475338e-02
2.2709265351e-02
4.2362704873e-01
3.7361478806e-01
3.9734566212e-01
-1.6387477517e-01
-2.3246105015e-01
2.0536424592e-02
-9.1079911217e-03
-8.1821903586e-02
5.1150206476e-02
6.8857908249e-02
1.1359433085e-01
-1.8538592756e-01
2.5644224882e-01
2.0355395973e-01
-2.1188697219e-01
-2.8524386883e-01
-3.9561769366e-01
7.3146694899e-01
-3.2764929533e-01
5.5585861206e-01
-1.1040943116e-01
1.0375093669e-02
-9.6666745842e-02
-5.5166728795e-02
-6.9419950247e-02
-5.3785806894e-01
8.0146163702e-01
5.5236774683e-01
-3.3567619324e-01
-5.7409411669e-01
-4.0312070632e-04
-1.5552326106e-02
1.6851584613e-01
2.3910497129e-01
1.4057774842e-01
1.1975128204e-02
3.8654632866e-02
1.7924469430e-03
-4.2705070227e-03
1.0228385217e-02
6.2040817738e-01
-3.2898780704e-01
3.8186115026e-01
-2.7441996336e-01
1.3438704610e-01
1.0381742567e-01
5.3324662149e-02
-1.0557559878e-01
1.5690137446e-01
-4.7377184033e-02
-8.3744935691e-02
7.0100086741e-03
-1.1879498512e-01
-5.1954776049e-01
1.0017912090e-01
-3.1015027314e-02
-6.8502053618e-02
-3.0867427588e-02
3.8382839411e-03
3.7972044200e-02
-3.0958792195e-02
9.5558408648e-03
-4.3335445225e-02
8.5504706949e-03
-1.0149118491e-02
-1.7904041335e-02
-1.5283423662e-01
3.1756035984e-02
-2.0482391119e-01
-2.6640640572e-02
-2.8670581058e-02
6.3784070313e-02
4.9055557698e-02
-2.0290322602e-02
-2.5703997817e-03
-5.2056320012e-02
-3.3120429516e-01
5.4275073111e-02
-2.0389595628e-01
-5.3222423792e-01
1.6468520164e+00
-1.4950077534e+00
-3.5733449459e+00
-2.2117805481e+00
4.8989945650e-01
-1.2615139782e-01
-7.0017509162e-02
-6.8659365177e-02
1.1170474812e-02
-1.2842290103e-01
1.4114858210e-01
-6.8564668298e-02
-1.6561479867e-01
7.1181744337e-02
-1.6722224653e-02
3.4819722176e-01
6.2304693460e-01
1.4725296199e-01
-1.2265486270e-01
3.1960913539e-01
3.7431597710e-02
4.4631768018e-02
3.4916304052e-02
2.4576976895e-02
3.5388950258e-02
1.0514969826e+00
-8.2626658678e-01
8.7634241581e-01
1.9313530624e-01
-3.0098125339e-01
9.1964796185e-02
1.7168590426e-01
1.9981781021e-02
1.9259000197e-02
6.9111302495e-02
2.6065510511e-01
5.7460386306e-02
1.4325396717e-01
2.3865412176e-01
1.6835345328e-01
-2.3046571016e-01
4.0374796838e-02
-2.1884673834e-01
-7.0377385616e-01
2.9965060949e-01
-7.1001909673e-02
-1.7310321331e-02
-1.0057270527e-02
-7.7989786863e-02
2.0077649504e-02
-3.2282296568e-02
-5.6000679731e-02
-5.2315641195e-02
-3.7139222026e-02
-8.6692087352e-02
2.3137086828e-05
2.7468238026e-02
2.4430749472e-03
1.6762573272e-02
-1.7208989011e-03
-1.6527780890e-01
1.7544627190e+00
1.1224058867e+00
6.9981873035e-02
2.1551821232e+00
8.4353853017e-03
-4.2163185775e-02
-3.9373531938e-02
-3.9790548384e-02
-3.7950577098e-04
-3.2926909626e-02
-2.4317905307e-01
-5.8733808994e-01
-1.6563373804e-01
-2.2786784172e-01
6.6057085991e-01
2.2292547226e+00
8.9070731401e-01
1.8896836042e+00
-3.2354133129e+00
1.7863665521e-01
2.6495799422e-01
2.4860584736e-01
1.4097158611e-01
1.0661685839e-02
1.7518163659e-03
-2.6467813179e-02
-1.2202024460e-02
-2.6371477172e-02
-6.1281155795e-03
-2.3212203383e-01
-6.3922889531e-02
1.1792610586e-01
-5.8765119314e-01
-9.5509603620e-02
3.8955293130e-03
-1.2204026803e-02
-1.0802675039e-02
4.5468444005e-03
-2.8565170243e-02
-5.2469493821e-03
-6.2516890466e-02
6.2543965876e-02
3.1024787575e-02
4.3546617031e-02
1.5683057718e-03
-3.1426471472e-01
7.0937472582e-01
1.9442985952e-01
-1.5236750245e-01
1.4394536018e+00
7.5619286299e-01
-5.2080690861e-01
-5.4200547934e-01
6.4907604456e-01
5.5427700281e-02
1.4106014371e-01
-2.6225601323e-04
-1.5016777441e-02
-8.0685980618e-02
-2.5637617707e-01
6.6061370075e-02
-1.7874139547e-01
-4.6135404706e-01
-6.1418343335e-02
-8.4237776697e-02
-9.0070486069e-02
-3.6454945803e-02
2.6889121160e-02
8.6780413985e-02
-3.2393041998e-02
-1.2706434354e-03
1.0946022812e-03
1.0731808841e-02
8.6144872010e-02
-5.5451911688e-01
-2.7407529950e-01
2.1167230606e-01
6.7052632570e-02
6.4915162325e-01
1.0341152549e-02
1.4451147290e-03
-8.2492925227e-02
2.1660923958e-02
-5.7442706823e-01
1.2010363340e+00
1.5914326906e+00
1.3365776539e+00
1.7220062017e+00
1.7727330923e+00
4.7766022384e-02
-1.2591749430e-01
2.1430133283e-01
9.7630389035e-02
6.3196891546e-01
-1.5850035846e-01
1.5573853254e-01
1.5831765532e-01
-1.1072079092e-01
3.1890133023e-01
-1.9169699401e-02
3.6500003189e-02
7.8155554831e-02
1.7108136788e-02
-3.6884929985e-02
3.8338303566e-02
-5.5519416928e-02
-1.4435113408e-02
-9.8757129163e-03
-4.4879764318e-02
1.4542135596e-01
7.0150631666e-01
2.1120922565e+00
1.0382622480e+00
-1.3119145632e+00
2.5470854715e-02
1.6698855907e-02
4.2766295373e-02
2.1138931625e-03
-3.8828253746e-02
4.4995211065e-03
1.4848197810e-02
-4.7477083281e-03
1.4978306368e-02
1.4242582954e-02
-4.8532694578e-02
3.2064631581e-02
1.1680238694e-01
1.0483111441e-01
7.0938654244e-02
-4.0956777520e-03
3.8361939788e-01
1.7947182059e-01
-4.7960650176e-02
4.8055704683e-02
3.3119904995e-01
-3.0579894781e-01
-2.1543161571e-01
-2.6385784149e-01
-3.7758503109e-02
2.2674615029e-03
1.4856781065e-01
1.5628565848e-01
2.4117261171e-02
1.0187972337e-01
6.8433278799e-01
1.2259420156e+00
9.8004573584e-01
-2.6619932055e-01
-2.5350889564e-01
4.1764277965e-02
-6.8826310337e-02
-2.0706140995e-01
-7.4330620468e-02
-5.2046394348e-01
9.7396230698e-01
2.4833571911e+00
3.6664170027e-01
7.7936154604e-01
-7.4337437749e-02
1.1079309136e-01
-2.8751134872e-01
2.3187886178e-01
2.0336142182e-01
-1.0515584797e-01
-6.4711906016e-02
6.1979293823e-02
6.7055352032e-02
1.0806321353e-01
-2.6997094974e-02
8.5218846798e-01
-1.4014534950e+00
-3.4008225799e-01
9.3060523272e-01
-3.9474940300e-01
-4.6437287331e-01
5.9927946329e-01
8.4023520350e-02
1.7285646871e-02
-2.1396440268e-01
6.0181096196e-02
-6.2264729291e-02
-1.3321082108e-02
-6.9438561797e-02
-4.5426681638e-02
-9.4870436192e-01
-5.1994657516e-01
7.6168668270e-01
1.1369738579e+00
6.8173897266e-01
9.7643214464e-01
1.8223117590e+00
1.1697567254e-01
1.4393754005e+00
-4.7145399451e-01
4.8398833722e-02
-1.1008143425e-01
4.4085932896e-03
8.5843957961e-02
3.0546078458e-02
8.5999481380e-02
7.6465643942e-02
-7.0873558521e-01
-1.8562717736e-01
-1.7202551663e-01
9.5367886126e-02
4.8773437738e-01
-4.6527832747e-01
-2.0282875001e-01
-1.3045476377e-01
-2.5036230683e-01
-2.2402346134e-02
2.6731893420e-02
1.0546498001e-01
6.9042704999e-02
-9.6046626568e-02
-1.0752993077e-01
-1.3122357428e-01
2.4060130119e-01
-1.0967812687e-01
6.1066489667e-02
3.0005889013e-02
2.5461444631e-02
1.1636058986e-01
7.7571004629e-02
4.2587019503e-02
4.6206137538e-01
2.6864226907e-02
1.3699956238e-01
2.3023484647e-01
-4.4130925089e-02
-1.1673363298e-01
-3.5152408481e-01
-1.8948048353e-01
7.3611140251e-01
-3.0332818627e-01
1.9719409943e-01
1.9999648631e-01
-1.0150643997e-02
9.5211356878e-02
-2.5991195440e-01
2.6268118620e-01
-8.2744872198e-03
1.6404178739e-01
2.1111461520e-01
-1.1599110365e+00
-1.8392843008e+00
-1.8925215006e+00
-6.0262119770e-01
-9.6516782045e-01
1.2290499210e+00
9.1683268547e-01
1.1668993235e+00
6.5529143810e-01
-3.7107983232e-01
-9.0547818691e-03
6.5812721848e-02
-1.2396815419e-01
4.2815458030e-02
6.4115539193e-02
-7.8627862036e-02
-4.5606198907e-01
1.5557138622e-01
-2.3681350052e-01
1.5627545118e-01
1.9202832878e-01
-2.2991527617e-01
-5.1638603210e-01
-3.4912083298e-02
1.8617214262e-01
1.6074019670e+00
1.5029172897e+00
1.9170920849e+00
1.6062585115e+00
-1.3246954679e+00
1.8181025982e+00
2.6061210632e+00
3.6313412189e+00
2.0071833134e+00
5.2815473080e-01
-4.9806516618e-02
1.6674487293e-01
-3.7816983461e-01
3.4753978252e-02
2.3967545480e-02
3.0219903216e-02
-1.1119091883e-02
5.3843412548e-02
1.4389930665e-01
-1.5466272831e-02
-9.3592369556e-01
5.6471252441e-01
3.0594453216e-01
2.0241053104e+00
-1.3142147660e-01
-1.7457734793e-02
-3.5297791474e-03
3.5546799190e-03
2.7280507609e-02
3.0943369493e-02
5.0134181976e-02
2.1202849224e-02
1.1499261111e-01
9.0793728828e-02
5.5602617562e-02
-1.0360333323e-01
-1.1567565054e-01
3.8600277901e-01
-6.3232615590e-02
-8.2080811262e-01
9.9366980791e-01
-6.7094874382e-01
1.5235440731e+00
-4.2805179954e-02
-1.6831842661e+00
2.9969634488e-02
-4.2349115014e-01
1.0012634844e-01
2.6641994715e-01
1.8170009553e-01
8.2561321557e-02
4.9349203706e-02
3.2539138198e-01
2.0574252307e-01
5.8324581385e-01
9.4342637062e-01
-5.7323205471e-01
-5.3042840958e-01
-8.9216470718e-01
6.4820575714e-01
1.0311184078e-01
3.5143278539e-02
-8.9303672314e-01
7.7039486170e-01
-7.3813390732e-01
-1.8554434180e-01
3.9337196946e-01
2.6896229386e-01
1.3508948684e-01
-7.9336637259e-01
-3.3888559788e-02
-2.1617762744e-01
4.0865033865e-01
-1.5520979464e-01
-2.2071288526e-01
-5.4406249523e-01
1.5628284216e+00
-1.4681888819e+00
2.4418182373e+00
8.1033021212e-01
-4.1741752625e-01
1.5456968546e+00
-6.6107109189e-02
5.5748373270e-01
-1.6152138710e+00
2.4051882327e-01
5.7069689035e-01
-6.1355662346e-01
2.9063540697e-01
-1.1626754999e+00
4.6462112665e-01
1.6048461199e-01
-1.1047337204e-01
1.4028602839e-01
-2.8025282547e-02
-3.4656099975e-02
6.8943530321e-02
-2.0123781636e-02
2.8304061852e-03
4.6278271824e-02
1.3317734003e-01
3.3650735021e-01
3.6313813180e-02
1.0705225468e+00
3.7070244551e-01
2.4520581588e-02
-5.0688687712e-02
5.7041360997e-03
5.8200486004e-02
1.5303741395e-01
7.6846337318e-01
-6.3229791820e-02
-1.7875836790e-01
5.8735102415e-01
4.7930431366e-01
2.3217518628e-01
3.5727137327e-01
-2.9357954860e-01
8.7032362819e-02
1.4394942522e+00
3.5615123808e-02
-4.4022119045e-01
-3.9771750569e-01
8.8481515646e-02
1.2029130757e-01
8.8612830639e-01
3.0494117737e-01
-3.1114229560e-01
3.9531159401e-01
-1.6468148232e+00
9.2041492462e-02
6.3069492579e-02
-1.1680960655e-02
2.0577883348e-02
6.0188181698e-02
2.9093132019e+00
2.7515275478e+00
-5.1783305407e-01
-5.3910917044e-01
-2.5809434056e-01
-7.3344118893e-02
-2.8052458167e-01
-2.2750593722e-01
-6.6300161183e-02
1.1713182926e-01
6.4780378342e-01
2.8924280405e-01
2.9882544279e-01
-6.8310070038e-01
-1.5760940313e+00
-1.7298778519e-02
8.1197224557e-02
6.8303123116e-02
6.4419500530e-02
1.4559900761e-01
5.8974033594e-01
-1.6268911958e-01
6.9912415743e-01
-4.3635103852e-02
8.2352048159e-01
-3.9620287716e-03
-1.0170924664e-01
-2.3989932239e-01
1.0167277604e-01
-7.6766580343e-02
4.4360721111e-01
-3.8248258829e-01
3.3771732450e-01
-3.0964192748e-01
2.1243841648e+00
-1.9127929211e+00
-3.7780693173e-01
-7.1287363768e-01
1.4942432642e+00
2.7953114510e+00
-4.2113715410e-01
-1.0898358822e+00
5.1513248682e-01
-4.0917208791e-01
1.0227566212e-01
3.9912974834e-01
8.4241896868e-01
6.9019907713e-01
2.0097129047e-01
3.0927273631e-01
-4.3498128653e-02
-1.9498765469e-02
-2.1194198634e-03
-3.4934796393e-02
-1.7888579750e-03
1.9737017155e-01
9.5687024295e-02
4.7247491777e-02
1.3142274320e-01
1.3780388050e-02
-2.9377233237e-02
4.0571689606e-02
5.4104611278e-02
7.1142157540e-03
9.2884518206e-02
1.8708558381e-01
1.9719883800e-01
3.7235054374e-01
1.4848747849e-01
2.4892096221e-01
-2.8671087697e-02
1.1366736144e-02
-1.0160433501e-01
3.1630359590e-02
-1.1965263635e-01
1.2287129462e-01
-4.0104188025e-02
-2.0612247288e-01
-3.2287684083e-01
-1.1416318268e-01
6.8118974566e-02
6.3475698233e-02
5.5957600125e-05
2.5671599433e-02
7.6924008317e-03
1.2703834474e-01
-4.9433901906e-02
-4.2326949537e-02
1.5880493820e-01
1.3808058202e-01
1.8968322873e-01
1.0106021166e-01
1.1945179105e-01
1.9062504172e-02
6.8006120622e-02
-2.3234616220e-01
3.6233335733e-01
4.7490194440e-01
2.2518436611e-01
-2.2071009502e-02
-2.1228814498e-02
-1.4956139959e-02
8.2690700889e-02
-4.9189217389e-02
8.6390584707e-02
-1.1742317677e-01
-1.0612661391e-01
-2.1308588982e-01
2.6966385543e-02
4.6632274985e-01
2.4063968658e-01
4.9038834870e-02
2.8029403090e-01
5.3363090754e-01
1.6670964658e-01
-1.9478280842e-01
2.5652740151e-02
1.0565537214e-01
4.8573154956e-02
-2.0914945751e-02
-1.4391808510e+00
1.6292226315e-01
1.2046001852e-02
-3.8298439980e-01
4.7475627065e-01
-1.2597620487e-01
2.1880442277e-02
-1.2500512600e-01
-6.4543202519e-02
-2.7090764046e-01
-7.9899780452e-02
-6.6570959985e-02
-2.4354752153e-02
-5.4190414958e-03
-3.0941704288e-02
4.6449065208e-01
4.1822457314e-01
9.0398035944e-02
-2.0060829818e-02
-2.9256311059e-01
-4.1055622697e-01
-3.9564639330e-01
6.1930026859e-02
1.0285367817e-01
4.7957450151e-02
-2.8393745888e-03
2.0505642518e-02
1.7976632714e-01
9.0187251568e-02
-4.8591816425e-01
-2.5188814849e-02
-3.0357964337e-02
-3.8979451638e-03
-3.3221233636e-02
1.6311159730e-01
-2.8093236033e-03
-4.9712877721e-02
9.7421601415e-02
2.6224389672e-02
-2.9139672406e-03
1.2697806954e-01
1.1368241161e-01
1.1662916839e-01
-2.1700317040e-02
-9.2598095536e-02
1.6858613491e-01
3.2241005450e-02
5.1779378206e-02
-5.0991792232e-02
-4.0977418423e-02
1.9938403368e-01
-7.7314071357e-02
3.9552661777e-01
-1.5667794645e-01
3.6652213335e-01
-1.7354786396e+00
-1.5420062542e+00
-2.6676075459e+00
3.4903416038e-01
2.1764845848e+00
4.4330712408e-03
2.6295641437e-02
2.8366196784e-04
-4.3644136749e-03
9.3715317547e-02
1.7293481156e-02
-2.5567221642e-01
-3.1314145774e-02
7.9148761928e-02
-4.6106267837e-04
1.2996816635e-01
1.2125519663e-01
-1.7146062106e-02
1.7561590672e-01
-3.8197880983e-01
-1.4873875305e-02
8.8627794757e-03
-2.4350548163e-02
1.2162446044e-02
-4.0317837149e-02
1.0805847645e+00
5.7493537664e-01
-6.9358319044e-01
-6.1087477207e-01
7.2450417280e-01
-5.1322735846e-02
1.2187513523e-02
-1.7058032751e-01
-1.4451688528e-01
2.7310791612e-01
1.9738005102e-01
1.3748753071e-01
2.5294693187e-02
-3.9310455322e-03
-8.6225397885e-02
2.3056338727e-01
5.7211214304e-01
5.5834896863e-02
8.6854714900e-03
-4.5885682106e-02
-1.4299914241e-01
-1.3151843846e-01
-1.1859586090e-01
-2.2467743605e-02
-3.7273220718e-02
1.1769476347e-02
-5.4549507797e-02
5.8685792610e-03
-2.2061074153e-02
-3.2454635948e-02
-1.4635119587e-02
-3.6647211760e-02
2.2686185315e-02
1.2754292227e-02
2.5087043643e-02
-2.7327153683e+00
-2.2129333019e+00
-2.3827738762e+00
1.0294286013e+00
1.3346076012e+00
-1.8229556084e-01
-3.3679965883e-02
-2.1717421710e-02
4.6645887196e-02
2.2027125582e-02
7.5893861055e-01
3.4755334258e-01
7.9648733139e-01
-5.3515627980e-02
2.3082502186e-01
3.8438606262e+00
7.1744475365e+00
4.8529095650e+00
2.1949648857e+00
2.0512535572e+00
-2.7130430564e-02
-3.7696573138e-01
1.8822130561e-01
2.0129783452e-01
-1.0576408356e-01
-2.4634789675e-02
-3.2324925065e-02
-1.2036298402e-02
1.4633655548e-02
1.5859603882e-02
8.5403062403e-03
-4.1747805476e-01
8.8024652004e-01
-1.0273514688e-01
-8.0164992809e-01
-1.0300486349e-02
5.9695843607e-02
5.7522471994e-02
4.5083653182e-02
4.5320622623e-02
1.0819726158e-03
-7.0792756975e-02
-1.2022823840e-01
-9.1716565192e-02
-1.3866822422e-01
9.7439669073e-02
2.1839613095e-02
-4.6844998002e-01
2.3616434634e-01
2.3965109885e-01
-3.0519063473e+00
-2.6124875546e+00
-2.5147352219e+00
-3.8847428560e-01
1.3885234594e+00
8.2710376009e-03
-1.7040345818e-02
-5.2203908563e-02
-1.2010891736e-01
-1.1849497445e-02
4.0248054266e-01
-2.9762116075e-01
-7.6410329342e-01
-3.7015479803e-01
-1.6844779253e-01
1.7282430083e-02
2.2947570309e-02
1.1989422143e-01
6.2281068414e-02
9.1999582946e-02
-7.2117745876e-02
-5.4819162935e-02
1.0426977649e-02
6.9707455114e-03
-1.5993768349e-02
-1.8456032276e+00
-1.1998641491e+00
8.7042963505e-01
1.4292034507e-01
1.8939551711e-01
6.4016902447e-01
6.9056242704e-01
1.0923288018e-01
8.2424151897e-01
-5.5738586187e-01
3.7835168839e+00
3.7510414124e+00
4.1313891411e+00
5.3889387846e-01
2.8571250439e+00
-1.8719565868e-01
3.0828677118e-02
3.4721702337e-01
4.3369850516e-01
-9.5825564861e-01
-9.6991461515e-01
-3.2991456985e-01
6.8311162293e-02
-3.0447742343e-01
1.7058990896e-01
3.5276859999e-02
-1.0386006907e-02
1.0724031180e-01
6.8553313613e-02
-4.1464071721e-02
2.3333457112e-01
4.7527533025e-02
1.9698990509e-02
7.4628079310e-03
3.0039351434e-02
-3.5793167353e-01
-9.2779684067e-01
-4.6098539233e-01
-2.5713276863e-01
2.4882328510e+00
-1.5144730918e-02
-5.2042655647e-02
3.6054123193e-03
1.7191970721e-02
2.1389435977e-02
-3.6799374968e-02
3.7795465905e-03
-2.4748237804e-02
-1.5091300011e-02
-2.5783410296e-02
-6.5787985921e-02
-1.8695528805e-01
6.0363721102e-02
-1.9611177966e-02
8.3417974412e-02
1.6433811188e-01
-3.4311801195e-02
6.3694335520e-02
2.5771731511e-02
2.0350189507e-01
-2.0041853189e-02
1.5100124478e-01
8.3372294903e-02
-1.4245641232e-01
-8.7874568999e-02
1.3840916753e-01
-6.8136438727e-02
5.6729483604e-01
-1.0661065578e-01
2.6661187410e-02
1.2486171722e+00
4.2498898506e-01
2.8734397888e-01
-5.3308039904e-01
-4.4263981283e-02
-2.7747544646e-01
3.3618700504e-01
-7.7321678400e-02
4.1479498148e-02
7.7800083160e-01
1.0738588572e+00
-1.9828565419e-01
-4.7677242756e-01
-2.3832547665e+00
-1.8236281872e+00
-6.5992051363e-01
1.9537366927e-02
7.3325750418e-03
-3.8202789426e-01
1.9170047343e-01
-2.8155997396e-01
-6.2510156631e-01
-1.0325562954e-01
3.4840721637e-02
-2.1768406034e-01
-6.2303602695e-01
1.6672326326e+00
-6.8718177080e-01
-7.7889356762e-03
2.9131752253e-01
2.6384902000e+00
7.8423458338e-01
3.8095384836e-01
6.1693948507e-01
-6.9811940193e-01
9.0745121241e-02
1.2683737278e-01
-1.2330131605e-02
6.8969562650e-02
-4.5596596599e-01
-1.5809099376e-01
-2.1398901939e-01
1.6892045736e-01
-1.0750375986e+00
-2.8403148055e-01
-2.7891257405e-01
5.9292489290e-01
2.0577433109e+00
-1.2867417336e+00
1.1463336647e-01
-1.6252452135e-01
-1.7187422514e-01
1.7763439566e-02
-2.4200941622e-01
-8.6313396692e-02
6.9410347939e-01
2.1087716520e-01
-7.4425533414e-02
9.0716975927e-01
-1.0247222185e+00
-3.2877910417e-03
1.9928486645e-01
6.8662941456e-01
-9.9440795183e-01
4.9283170700e-01
1.0423450172e-01
5.4935938120e-01
3.1700465083e-01
-1.6464582086e-01
2.3959563673e-01
2.1527928114e-01
1.2332972884e-01
-4.2127096653e-01
7.3531627655e-01
-4.3838400394e-02
-1.3526415825e-01
4.6773314476e-02
-3.0413471162e-02
6.7263938487e-02
-1.2361101806e-01
8.5033707321e-02
2.7879300714e-01
-1.3069398701e-01
-1.0193133354e-01
3.9062302560e-02
-4.2199847102e-01
-4.0392181277e-01
1.2852607667e-01
-2.8605303168e-01
-2.7868101373e-02
4.7330129147e-01
-5.6306076050e-01
3.1613954902e-01
-4.1075378656e-02
3.5283660889e-01
-4.5815905929e-01
4.7134810686e-01
-2.4612177163e-02
2.6134201884e-01
-1.8680033088e-01
-2.8992841244e+00
-2.5883015990e-01
-1.1432001591e+00
2.3316247463e+00
-1.7030349970e+00
1.9183687866e-01
1.0107611418e+00
6.4154464006e-01
9.2173051834e-01
-4.2669406533e-01
-5.3621925414e-02
6.6310048103e-02
1.7625044286e-01
1.5410317481e-01
1.0326299071e-01
5.1703387499e-01
-2.6778909564e-01
1.9145369530e-01
-1.0165968537e-01
-7.8031414747e-01
1.6245654225e-01
-1.5040235519e+00
1.5939474106e-01
2.0325861871e-02
2.8889653087e-01
7.1901065111e-01
-3.0849665403e-01
2.4846421182e-01
7.0669150352e-01
1.1594212055e+00
2.0544488430e+00
-9.5076316595e-01
1.3869483471e+00
5.3764694929e-01
-4.0221595764e-01
-7.2050772607e-02
-1.9070071867e-03
-5.2046215534e-01
-5.3251892328e-02
1.3873723149e-01
-4.3001636863e-02
2.6378293987e-03
-4.2568105273e-03
-2.0515326411e-02
-1.7142247409e-02
-1.3723270893e+00
-1.0195305347e+00
3.1521291733e+00
-1.9240676165e+00
-2.6611763239e-01
1.5735406429e-02
1.1312548071e-01
-2.6034751907e-02
1.6430497169e-02
1.9376006676e-03
7.0950418711e-02
7.2319246829e-02
-5.0284247845e-02
-6.5330392681e-03
-4.1684329510e-02
-2.0954640210e-01
2.9903262854e-01
7.6150506735e-01
1.1109935492e-01
-8.7707775831e-01
2.6331660151e-01
-2.4618064985e-02
2.4862463772e-01
1.1656054109e-01
-4.6370944381e-01
1.5056404471e-01
6.3951921463e-01
-5.9807324409e-01
2.5509613752e-01
8.6130825803e-03
2.7064892650e-01
-7.6774924994e-02
-2.6608547568e-01
4.1728833318e-01
-2.4124044180e-01
1.1268472672e+00
3.8240581751e-01
3.2842054963e-01
3.1168940663e-01
7.5965672731e-01
-4.9966040254e-01
7.5121855736e-01
6.5605211258e-01
-1.1805018783e-01
-2.4178519845e-01
8.7581232190e-02
-1.1416695267e-01
-2.5585487485e-01
5.4130309820e-01
-1.7451722920e-01
6.5771870315e-02
-4.1301429272e-02
4.8480904102e-01
1.9554963708e-01
-5.3961324692e-01
2.1295395494e-01
-1.3978238106e+00
-2.1640481949e+00
1.9005620480e+00
-8.3313137293e-01
6.7159259319e-01
-6.7329071462e-02
-1.2902146578e+00
1.5226440430e+00
-1.0925462246e+00
1.4532723427e+00
-1.3114787340e+00
5.5872458220e-01
-1.0030874014e+00
-8.1240510941e-01
5.2655071020e-01
1.6065087169e-02
-1.3584792614e-01
2.4844005704e-01
1.7440488935e-01
4.8147063702e-02
-7.4485260993e-03
8.8450700045e-02
-5.2452660166e-03
2.4353193119e-02
-1.2292289734e-01
3.1322756410e-01
-2.6086977124e-01
9.8777443171e-01
2.2337152064e-01
7.5354181230e-02
-4.9996681511e-02
-4.1814867407e-02
-1.1676581204e-01
-8.3084508777e-02
9.0187180042e-01
1.3674483299e+00
3.5980048776e-01
-1.2760248184e+00
-4.1041368246e-01
1.1555136442e+00
-4.9923071265e-01
1.0952697992e+00
8.3997780085e-01
1.1555704288e-02
1.0890311003e-01
-2.8696414828e-01
4.8114672303e-02
-4.5862311125e-01
3.4246053547e-02
1.0592851639e+00
3.7169075012e-01
6.2015485764e-01
-1.0624094009e+00
-1.5884957314e+00
5.1103550941e-02
-1.0334122926e-01
-8.6451694369e-02
2.7668865398e-02
-1.0984730907e-02
1.9322814941e+00
9.4092506170e-01
-5.4094403982e-02
-1.4623068571e+00
2.3346331716e-01
1.5112787485e-01
-1.1801599711e-01
2.2381301969e-02
7.9558148980e-02
6.3095524907e-02
-3.5247058868e+00
-4.3089407682e-01
9.3622833490e-01
1.6946556568e+00
9.1344779730e-01
-2.1394049749e-02
-2.1576182544e-01
2.4764055386e-02
-6.1694223434e-02
8.0692782998e-02
-1.1848612130e-01
6.2108165026e-01
-5.9222960472e-01
2.1870890260e-01
2.5690239668e-01
4.3890453875e-02
2.2009573877e-01
4.7541725636e-01
1.1788690835e-01
-5.1565170288e-02
1.6171971336e-02
-4.1720709205e-01
2.6309242845e-01
-1.2838097811e+00
-2.0500006676e+00
-2.4868574142e+00
-4.3947811127e+00
3.7756413221e-01
3.7482028008e+00
3.5552623272e+00
-1.4246517420e+00
-8.5165975615e-03
-3.7445002794e-01
-2.0254410803e-01
-2.1330130100e-01
-8.2274788618e-01
-3.7281250954e-01
-8.4413999319e-01
1.9878355265e+00
7.9609251022e-01
-2.4313365575e-03
-3.2367546111e-02
-6.1796782538e-03
-3.9206705987e-03
-4.0149413981e-03
2.7259746566e-02
-2.5179423392e-02
1.0005610436e-01
6.4838051796e-02
6.2331784517e-02
-3.2796636224e-02
5.5547844619e-02
1.6059858724e-02
-3.1864489429e-03
7.1658000350e-02
1.4035114646e-01
-3.4998267889e-01
2.2645872831e-01
-1.7659547925e-01
-1.6147401184e-02
-1.0695167817e-02
-5.7615142316e-02
1.1761327833e-01
-6.4708597958e-02
9.4786629081e-02
-5.2047723532e-01
1.1573495716e-01
-1.4265288599e-02
2.0190114155e-02
-2.3202310503e-01
-2.6804687455e-02
-1.2783916295e-01
2.0880188793e-02
6.1132875271e-04
7.2904497385e-02
1.2787686288e-01
-1.5847835690e-02
1.1133003980e-01
4.5715369284e-02
-2.0467658341e-01
-5.2881445736e-02
1.3932509720e-01
4.7799780965e-02
3.2673884183e-02
-5.6420009583e-02
-7.0203232765e-01
-3.3474084735e-01
-9.8082885146e-02
4.2165392637e-01
4.5837592334e-02
7.7294640243e-02
4.7133944929e-02
5.9672735631e-02
-8.6188763380e-02
-5.1915984601e-02
1.6692878306e-01
2.4971021712e-01
-5.3606176376e-01
1.5960974991e-01
-2.2943772376e-01
-1.9948348403e-02
3.0558946729e-01
3.9800953865e-01
1.8345704675e-01
1.5731137991e-01
5.2082519978e-03
1.3069874048e-01
-2.5084635243e-02
5.8162633330e-02
3.7236470729e-02
2.1931426227e-01
-6.8217432499e-01
-1.0732527971e+00
-5.6594651937e-01
6.9557738304e-01
1.4906318486e-01
-1.2595529854e-01
-2.6636248827e-01
7.9390369356e-02
-1.0470979661e-01
1.3917572796e-02
-1.0548276827e-02
-9.7634881735e-02
4.4801946729e-02
1.6839114949e-02
-1.6862839460e-01
-3.3144888282e-01
1.2039713562e-01
-5.4328534752e-02
6.6967433691e-01
-2.2093367577e-01
1.5166303515e-01
-4.4862169772e-02
3.1176662073e-02
2.5804182887e-01
1.7176334560e-01
4.7421026975e-02
7.2559013963e-02
2.5628575683e-01
2.1131524444e-01
-3.7925884128e-02
-1.1631536298e-02
3.6313666496e-03
1.5905786306e-02
7.4592144229e-03
7.2138734162e-02
-4.2140118778e-02
-2.8573388234e-02
-9.9657148123e-02
1.6608335078e-01
1.3727177680e-01
1.9837230444e-01
-1.7673218250e-01
7.4268572032e-02
3.4069146961e-02
1.0114268400e-02
-1.1548838578e-02
2.5238635018e-02
7.0193029940e-02
4.9635287374e-02
-2.5053945184e-01
-4.8120439053e-02
5.7780635357e-01
-7.4868810177e-01
5.7271993160e-01
2.2175180912e+00
4.7931303978e+00
4.1711544991e+00
2.5010616779e+00
7.0121759176e-01
-2.9820362106e-02
4.3170921504e-02
2.1081668139e-01
3.2369095832e-02
1.6358506680e-01
-3.6489389837e-02
-7.0977434516e-03
6.0290750116e-02
2.6393011212e-02
-1.1249247938e-01
3.3512502909e-01
2.5828340650e-01
-5.8109569550e-01
-2.2159498930e-01
1.2745888531e-01
-3.2561514527e-02
-3.4795884043e-02
-3.8690450601e-03
-4.1481461376e-03
-1.7244486138e-02
-2.3364689946e-01
-4.5599392615e-03
-3.4077167511e-01
2.7026822791e-03
-4.8004019260e-01
-2.1032322198e-02
7.4251040816e-02
-2.2430479527e-01
1.6002611816e-01
-1.5317332745e-01
2.4841201305e-01
-5.3903359175e-01
-2.8463876247e-01
-9.0407438576e-02
-9.9985405803e-02
-7.4859052896e-01
2.5406408310e-01
2.4222205579e-01
-6.6688805819e-01
1.1601704359e-01
-1.1868865229e-02
7.4176541530e-03
-4.8403795809e-02
2.1687289700e-02
-7.3965527117e-02
1.7901960760e-02
3.8037281483e-02
1.3064247323e-03
-5.0437898608e-04
-5.1935114898e-03
5.3649037145e-03
7.0635271259e-03
-4.8873834312e-03
-5.5309910327e-02
1.7305912916e-03
1.3170598745e+00
-2.7427533269e-01
2.9971380234e+00
-1.1898918152e+00
-1.2524360418e+00
8.4974437952e-02
-4.2411081493e-02
2.1098529920e-02
9.4576291740e-03
4.8250831664e-02
-1.0382919014e-01
7.3025536537e-01
7.5377422571e-01
-2.1785822511e-01
-1.1156897992e-02
2.6763722301e-01
-7.9129385948e-01
-2.2960646152e+00
-2.9136023521e+00
-3.2925662994e+00
-1.7276127636e-01
-1.6597610712e-01
1.0064086318e-01
-2.7053120732e-01
-2.7111992240e-03
-4.4123423286e-03
2.3092491552e-02
9.3737440184e-03
-9.4995088875e-03
-5.4230005480e-03
-3.7917543203e-02
-1.9946953654e-01
9.1457712650e-01
2.1815891564e-01
4.0831768513e-01
-5.0618719310e-02
2.3019681685e-03
7.5593912043e-03
7.7050700784e-02
7.8426718712e-02
1.3199043460e-02
1.7279508710e-01
3.1528666615e-02
6.3245736063e-02
-4.3023701757e-02
-6.0642093420e-01
1.0672144890e+00
-5.2636407316e-02
-1.5367618203e-01
8.2153476775e-02
9.6455204487e-01
-1.4642750025e+00
3.1351900101e-01
-6.5889114141e-01
-4.9798816442e-01
-2.0175909996e-01
1.0651977360e-01
7.1280798875e-04
1.9327336922e-02
-2.0750737190e-01
2.4975815415e-01
1.2989410758e-01
2.8231447935e-01
-1.3906399906e-01
1.1309673637e-01
5.7240284979e-02
1.4459581673e-01
3.0734259635e-02
6.6927701235e-02
-9.9319748580e-02
-6.5176360309e-02
-4.4662281871e-02
5.9225293808e-03
1.4835935086e-02
-3.9043266326e-02
6.0176849365e-01
-2.0797055960e-01
-7.5898051262e-01
-6.9557204843e-02
-1.0720570385e-01
-3.8705936074e-01
8.2450717688e-01
-6.4005799592e-02
-7.2097200155e-01
7.9144823551e-01
-2.8554087877e-01
-2.1601665020e+00
-2.1586143970e+00
-1.3368226290e+00
-2.8475182056e+00
-1.2734907866e-01
8.1516563892e-02
-1.4946873486e-01
-3.5484415293e-01
-8.6244635284e-02
6.4964252710e-01
-1.4703986049e-01
7.5375400484e-02
-1.3174179196e-01
-8.1162825227e-02
1.5778921545e-02
-1.1336949654e-02
-2.4548703805e-02
-8.2321874797e-02
-3.8415536983e-04
1.4123174548e-01
8.5149332881e-02
-2.4461287539e-03
6.1070886441e-03
-9.0070791543e-02
7.9684585333e-02
-1.6500093043e-01
3.4281641245e-01
-1.8345859647e-01
-1.4657324553e+00
-8.2250304520e-02
1.1842831969e-01
1.2397442013e-01
5.2802331746e-02
-6.3110597432e-02
5.6074906141e-02
-1.5565037727e-02
2.3847227916e-02
-5.7829275727e-02
4.7083008103e-03
-8.0683074892e-02
8.0858878791e-02
-1.3165166974e-01
-1.1490768194e-01
-1.5823831782e-02
4.9959620833e-01
3.4465521574e-01
2.6034379005e-01
-1.6775313765e-02
2.8632947803e-01
-9.2287249863e-02
7.5865477324e-01
-2.3374129832e-01
-4.2340070009e-01
-1.8646837771e-01
3.3060154319e-01
-9.5572844148e-02
5.1654458046e-02
-1.1754175276e-01
7.0579886436e-02
3.3278480172e-01
-6.7839652300e-01
6.4519427717e-02
2.3437591270e-02
-4.7528289258e-02
-2.4944254756e-01
4.8231467605e-01
-2.8425949812e-01
6.4390814304e-01
-5.6416910887e-01
2.7770185471e-01
-1.9904414415e+00
4.7650065273e-02
1.2916460037e+00
-9.1712528467e-01
2.4459803104e-01
6.9765204191e-01
-1.0708887130e-01
-2.4937358499e-01
3.6017414927e-01
1.1995166540e-02
-1.3096165657e-01
7.0803694427e-02
-1.5271243453e-01
2.0804679021e-02
1.1844695807e+00
-1.6164307594e+00
1.6583651304e-01
7.5271415710e-01
-5.7905316353e-01
-1.6822864115e-01
-8.3910232782e-01
1.4310847521e+00
1.3433456421e+00
3.5243958235e-01
-4.2464159429e-02
1.4261098206e-01
-6.5711610019e-02
1.8582986295e-01
-1.5534183383e-01
8.7392663956e-01
-1.2431371957e-02
-1.4048799872e-01
1.6328783035e+00
-3.1144800782e-01
-1.6354413331e-01
-1.3885834217e+00
-5.6122797728e-01
1.1509773731e+00
4.3259927630e-01
-4.2458914220e-02
-1.4598701894e-01
-2.0304319263e-01
2.8280371428e-01
-2.9476650059e-02
1.4197944105e-01
-1.3900381327e+00
-2.7789407969e-01
7.1361291409e-01
-5.7271862030e-01
-3.6663195491e-01
8.6775487661e-01
-2.5337153673e-01
-4.1276100278e-01
8.1421446800e-01
7.7785378695e-01
1.8606005609e-01
3.5239759088e-01
5.6960504502e-02
7.2773545980e-02
9.1109499335e-02
-7.1028016508e-02
-5.6602065451e-03
3.8388156891e-01
-7.2221601009e-01
-9.1025400907e-03
4.6461001039e-03
1.4578053355e-01
-1.1618358083e-02
2.2432534024e-03
-9.9568754435e-02
3.2955476642e-01
-1.0613325983e-01
-1.8093737960e-01
-1.1601661891e-01
-5.1524732262e-02
-1.5401023626e-01
6.9174148142e-02
4.4578674436e-01
-2.8538879752e-01
6.0191914439e-02
6.3628740609e-02
-1.3912712038e-01
-2.9269787669e-01
2.1517337859e-01
4.5809734613e-02
-5.5175762624e-02
-2.4944493175e-01
4.2575549334e-02
-5.9028532356e-02
-3.1070287228e+00
2.7051940560e-01
-1.9737462997e+00
1.9551075697e+00
-1.1074305773e+00
-7.7126733959e-02
6.3498520851e-01
-2.5310456753e+00
9.5606309175e-01
-1.8948583305e-01
-5.9103928506e-03
1.0434111580e-02
-1.8409559131e-01
3.2577723265e-01
-4.7672748566e-02
3.0429098010e-01
-1.4826069772e-01
-2.2281672060e-01
-1.0148122162e-01
-1.9352812320e-02
-1.4728905261e-01
-1.2698055245e-02
4.3080097437e-01
-5.4708218575e-01
2.2169679403e-02
-1.0737327337e+00
1.0626557469e-01
5.7421624660e-01
1.8159089088e+00
-1.9711278677e+00
-1.4458823204e+00
-2.1469881535e+00
-1.4573737383e+00
2.8634662628e+00
-5.0891909748e-02
5.1730006933e-02
5.6526158005e-02
-3.0676841736e-02
2.1862554550e-01
4.7746833414e-02
-8.9080557227e-02
-2.6505775750e-02
-1.6251282394e-01
1.1169990152e-01
6.3115723431e-02
-6.8558341265e-01
-4.5122817159e-01
-7.3057122529e-02
1.5448929071e+00
-1.1048295498e+00
-3.8629405200e-02
-3.0045406893e-02
-1.9607361406e-02
7.5953319669e-02
-5.8942604810e-03
-1.3682131469e-01
-1.3384625316e-01
-1.3835898601e-02
-2.4797725677e-01
-3.1169455498e-02
7.0220291615e-02
9.4099885225e-01
-6.1583882570e-01
7.7648115158e-01
-5.5914431810e-01
4.3839955330e-01
2.7384066582e-01
6.0159307718e-01
-2.0508589745e+00
-2.1466499567e-01
4.1691857576e-01
-7.5305938721e-02
3.7405532598e-01
-4.4027054310e-01
-2.6245799661e-01
-3.4033153206e-02
-4.6408824623e-02
2.7970206738e-01
-7.1034204960e-01
2.3035574704e-03
-1.1687746048e+00
-3.8833647966e-01
-1.4111787081e+00
1.1211465597e+00
-5.0951004028e-01
-8.7703424692e-01
4.2282107472e-01
1.8794554472e-01
1.7087476328e-02
-9.4916301966e-01
4.5185655355e-01
5.3843927383e-01
7.9995458946e-03
-4.6440893412e-01
6.1720234156e-01
-2.4727183580e-01
1.0842088610e-01
5.2204232663e-02
1.4853042364e-01
1.6654179990e-01
-7.6852291822e-01
-2.8516850471e+00
3.6784765124e-01
-1.4564098418e-01
-5.4796481133e-01
9.3235337734e-01
-2.8727648258e+00
-1.1010624170e+00
2.6526808739e+00
-3.7358757854e-01
7.1554303169e-01
5.4022067785e-01
-8.9437291026e-02
1.2383813858e+00
3.6523917317e-01
1.9571113586e-01
-5.1533351652e-03
-1.3381111436e-02
-1.5612891316e-01
-9.5182303339e-03
-1.6930992901e-01
1.7704069614e-02
1.3467192650e-01
-8.1950649619e-02
3.8970768452e-02
-1.2912297249e-01
-5.7266939431e-02
3.0447220802e-01
-2.0986247063e+00
1.1560534239e+00
-3.7814830430e-03
-1.0036557913e-01
1.0726058483e-01
-2.6640048251e-02
9.8059298471e-03
1.7953462899e-01
-1.4647954702e+00
6.0572821647e-02
6.6377997398e-01
3.1907759607e-02
-1.5621972084e-01
-2.6278214455e+00
1.9788941741e-01
1.8929822445e+00
-1.6715358496e+00
-6.5720462799e-01
1.2621594667e+00
-2.6683557034e-01
4.9917500466e-02
4.5473601669e-02
-1.7785190344e+00
-2.4051177502e+00
8.1924599409e-01
1.2553827763e+00
2.5769376755e-01
8.0776266754e-02
-8.0998353660e-02
-6.7610200495e-03
4.7015190125e-02
-2.5399586186e-02
1.0302777588e-01
-4.5276767015e-01
8.5321795940e-01
1.8908945322e+00
-2.4827700853e-01
-1.2413459830e-02
1.5276174247e-01
-5.0310355425e-01
9.0888049453e-03
-2.3966763914e-01
-1.2761164904e+00
6.5261119604e-01
-8.2383769751e-01
2.0158205926e-01
-1.5658472776e+00
3.1102860346e-02
1.0004771501e-01
3.0294612050e-01
-1.2018319219e-01
1.3950353861e-01
-4.1171163321e-01
9.2932975292e-01
5.6656277180e-01
-1.4099128246e+00
3.1930556893e-01
4.8445136053e-04
2.4468789995e-01
3.1000286341e-01
6.2811538577e-02
-9.0271852911e-02
-1.5778819323e+00
-1.7103619874e-01
1.1324341297e+00
3.5846879482e+00
-1.2768819332e+00
5.0061398745e-01
-2.3764075711e-02
1.6941463947e+00
2.0405507088e+00
-5.7637298107e-01
-3.4402051568e-01
7.6385039091e-01
2.5408777595e-01
-1.2054483891e+00
2.1748550236e-02
7.9308502376e-02
5.1312148571e-01
-1.0352545977e+00
3.8368445635e-01
1.1670236588e+00
2.4894323200e-02
2.5167370215e-02
2.8978740796e-02
-3.2993037254e-02
-3.1731110066e-02
1.3960836828e-01
-7.5993306935e-02
-5.2263993770e-02
-6.6923417151e-02
-8.7716542184e-02
1.5101135708e-02
2.4413267151e-02
5.3768124431e-02
-4.6334851533e-02
5.9582348913e-02
2.1933780611e-01
-1.1202995777e+00
2.5602534413e-01
3.2366529107e-01
-5.1284715533e-02
-5.3362548351e-04
-5.2825525403e-02
-9.7363092005e-02
4.5156281441e-02
1.9237330556e-01
-8.4561921656e-02
-6.7624107003e-02
-6.7023247480e-02
-8.8345646858e-02
2.8869503736e-01
3.4466095269e-02
5.8256117627e-03
8.0525816884e-04
-4.1530117393e-02
1.8779641017e-02
1.2513171136e-01
4.9167685211e-03
-1.9170824438e-02
-2.7220452204e-02
-1.4664700627e-01
8.3508253098e-02
-1.8451996148e-02
7.2276137769e-02
-1.2457495183e-01
1.8801381811e-02
-1.0450420380e+00
5.2906066179e-01
-1.3373835385e-01
7.7253021300e-02
2.1219544113e-01
9.4614475965e-02
-2.8308143839e-02
-1.3243837282e-02
-5.2980585024e-03
1.3174582273e-02
-4.8099374399e-03
-2.1728393435e-01
-1.1732926220e-01
-1.8410317600e-01
1.0754370689e-01
3.1778132915e-01
4.2475628853e-01
1.6880090535e-01
1.2827365100e-01
-1.7093163729e-01
1.9501348957e-02
-6.4821265638e-02
-5.5167293176e-03
-6.3329100609e-02
1.6471508890e-02
-6.5939027071e-01
1.6303122044e+00
-2.6155242324e-01
-4.5702359080e-01
2.2222192585e-01
-2.8866928816e-01
1.4676830173e-01
-1.3010476530e-01
-1.6110694036e-02
-8.4154911339e-02
6.4058214426e-02
-3.0551180243e-03
2.3126667365e-02
-4.4878399931e-03
-6.0033082962e-02
-3.8906615973e-01
1.3095030189e-01
-1.0984905064e-01
-5.8304965496e-01
4.0066319704e-01
-2.3789107800e-01
-3.1781366467e-01
2.5797101855e-01
9.9480085075e-02
4.3232914060e-02
6.0931872576e-02
-1.5403990448e-01
-4.5157160610e-02
4.1896238923e-01
-1.1290013045e-01
1.4250762761e-02
2.7945920825e-02
-3.6473199725e-02
-2.5713721290e-02
-2.4086728692e-02
-1.1384447105e-02
-4.3518394232e-02
1.3204811513e-01
-1.5081657469e-01
-1.0883469880e-01
-1.3205976784e-01
2.5035670400e-01
-3.1565338373e-02
-1.3635082543e-01
7.1240738034e-02
3.5778872669e-02
-1.1952847987e-01
2.4529393762e-02
7.6285608113e-02
5.7085461915e-02
1.4426018298e-01
1.9699241221e-01
2.3563624918e-01
-5.4302090406e-01
-1.1658507586e-01
-1.1908984184e+00
-6.3492608070e-01
3.4702506065e+00
2.0137003064e-01
-6.4599323273e-01
-4.7746170312e-02
4.6914923936e-02
-3.9269831032e-03
-7.5305858627e-03
1.8215347826e-01
6.1025664210e-02
1.1544574052e-01
-2.7309518307e-02
-5.2386004478e-02
-9.5062404871e-03
9.0142168105e-02
5.8389914036e-01
1.6038307548e-01
2.3070736229e-01
-4.9994960427e-01
-5.9542320669e-03
-1.8614286557e-02
-3.4509409219e-02
-3.6559734493e-02
-2.4877579883e-02
-5.7282102108e-01
-7.6458770037e-01
6.4237588644e-01
-1.5263989568e-01
6.4625078812e-03
-8.8743190281e-04
-1.6165004671e-01
1.9282668829e-01
-1.8362563848e-01
-1.4090362191e-01
-1.8902158737e-01
2.6706689596e-01
5.9464581311e-02
-7.4461594224e-02
-8.4052905440e-02
-5.2815192938e-01
2.7302661538e-01
-2.0398260653e-01
-2.8598520439e-03
1.0174191743e-01
4.3024131656e-01
-1.6469243914e-02
-2.7284070849e-02
7.6939657331e-02
-9.4128593802e-02
-7.4240984395e-04
2.4354645982e-02
4.0838200599e-02
2.0316125825e-02
1.1379094794e-03
4.3221879750e-02
-2.0761840045e-02
2.6285564527e-02
-6.0765175149e-03
6.8052983843e-03
2.8824833035e-01
-9.8357528448e-01
2.7290323377e-01
-3.5895588994e-01
-1.3343352079e+00
-2.1510481834e-02
-4.5989238424e-04
4.2501445860e-03
3.5441443324e-02
2.3871622980e-02
-1.2688545883e-01
-1.7929753661e-01
5.8744776249e-01
-3.1430378556e-02
-4.0628874302e-01
2.2855157852e+00
1.1995828152e+00
-3.7032967806e-01
-1.8438661098e+00
5.0045533180e+00
-5.3704578429e-02
-2.4531243742e-01
-1.8861992657e-01
-9.2265300453e-02
6.4782872796e-02
-5.4545188323e-03
7.0220202906e-04
1.8269658089e-02
1.4618425630e-02
-8.0031016842e-03
-3.8756063581e-01
7.6786416769e-01
-4.5359772444e-01
7.2773270309e-02
-1.4395810664e-01
-5.0686325878e-02
-1.7094891518e-02
-7.3802955449e-02
-3.8647208363e-02
1.2522574980e-03
1.5887671709e-01
-2.7091626078e-02
-6.1596937478e-02
6.8898219615e-03
1.5458439011e-03
3.1264600158e-01
-2.2121439874e-01
7.2977447510e-01
-8.8146018982e-01
-4.8369917274e-01
-4.4434291124e-01
-2.9843266010e+00
4.8277744651e-01
8.8117796183e-01
-2.9038257599e+00
-2.0253390074e-02
-9.9734850228e-02
1.8592434004e-02
1.2266867608e-01
-3.5034082830e-02
-1.0836325586e-01
-3.7219339609e-01
3.4151637554e-01
2.6926082373e-01
1.4279636741e-01
3.8026256952e-03
-1.5900383890e-01
8.5403367877e-02
2.7148965746e-02
-7.9975336790e-02
4.1591439396e-02
1.1940989643e-02
5.1466342062e-02
1.0178776458e-02
-6.4496897161e-02
-1.8833547365e-03
2.3965966702e-01
1.3445566595e-01
2.5545528531e-01
-1.6527344286e-01
-7.8053081036e-01
-6.8842637539e-01
6.0353934765e-01
3.4127652645e-01
-3.9446124434e-01
2.5309813023e+00
2.2587363720e+00
1.9113106728e+00
-3.2331100106e-01
-1.0316439867e+00
5.1369260997e-02
-8.1210300326e-02
1.5691694617e-01
-3.1574812531e-01
-5.2258551121e-01
-2.2421383858e-01
-1.0338731110e-01
-3.2983686775e-02
-4.4819511473e-02
2.6674345136e-01
2.8840484098e-02
6.2717817724e-02
-3.9596870542e-02
-1.9954483211e-01
-4.8492126167e-02
3.0573522672e-02
-7.2286032140e-02
1.8419159576e-02
3.9404174313e-03
2.8011004906e-03
5.6019756943e-02
-1.3515716791e+00
1.1628698111e+00
2.2016450763e-01
-1.7386871576e+00
-7.0700235665e-02
-7.3073790409e-03
-2.2880543023e-02
3.3632669598e-02
3.7442307919e-02
5.1410671324e-02
3.6585830152e-02
-2.1642984357e-03
1.1928863823e-03
-6.4960978925e-03
4.5144174248e-02
1.5543580055e-02
-4.7045852989e-02
2.9708396643e-02
1.3708301820e-02
3.5773241520e-01
-1.7728935182e-01
1.2540778518e-01
-5.5125165731e-02
2.4285720661e-02
-5.2263498306e-01
1.5449686348e-01
-8.7057024240e-02
-4.3420428038e-01
7.3844797909e-02
4.3440271169e-02
-6.9551873207e-01
-4.5477682352e-01
3.2289803028e-02
1.7830239609e-02
3.7914702296e-01
3.5847234726e-01
8.0156522989e-01
-2.1007992327e-01
1.2017871439e-01
4.6852584928e-02
3.4256485105e-01
-5.2890151739e-01
1.6133332253e+00
-1.8393709660e+00
-2.3214228153e+00
-5.7763373852e-01
6.7440646887e-01
3.1699457169e+00
-4.1545975208e-01
-5.2005916834e-01
1.2788659334e-01
3.7454828620e-01
-9.6254086494e-01
-3.8485690951e-01
-1.3956409693e-01
-2.3524339497e-01
7.5752830505e-01
-4.7667527199e-01
2.3486860096e-01
4.6592277288e-01
3.9468526840e-02
1.0753388517e-02
4.5953832567e-02
-2.8200047091e-02
-1.9767715037e-01
-1.0593081713e+00
-1.3907866478e+00
9.9672228098e-01
1.9040629864e+00
-2.8298071027e-01
8.8140867651e-02
-6.3320010900e-02
3.4183758497e-01
-1.6008743644e-01
2.1138517559e-01
-2.9414618015e-01
-4.3086999655e-01
2.1697597504e+00
-7.0258206129e-01
-1.3490880728e+00
-1.1241589785e+00
2.8907164931e-01
3.4594185352e+00
3.2646846771e-01
-2.9778728262e-02
1.5599220991e-01
5.5843973160e-01
-2.7220588923e-01
-2.5543189049e-01
6.1689358950e-01
-7.3100364208e-01
1.1304715872e+00
-1.0765850544e+00
1.6767957211e+00
2.5993350148e-01
-1.7992261052e-01
2.6543954015e-01
-1.9966702461e+00
9.4602960348e-01
1.6089184284e+00
-7.0006507635e-01
-2.3278976977e-01
2.4554006755e-01
-5.8537889272e-02
1.0061743855e-01
-4.4574412704e-01
8.2879520953e-02
-6.1800909042e-01
-9.0082412958e-01
1.0041370988e-01
-1.3228581846e-01
-1.6466026008e-01
4.6172788739e-01
-5.4450595379e-01
5.8516001701e-01
4.4767984748e-01
-9.1298490763e-01
1.4563861489e-01
-1.9248503447e-01
5.7793211937e-01
8.1256413460e-01
-2.3062448204e-01
-8.2865148783e-02
5.2549886703e-01
7.2193908691e-01
-2.2171626985e-01
2.5521919131e-01
-4.4765764475e-01
1.6127966344e-02
1.1135369539e+00
7.5618433952e-01
-4.6978905797e-02
6.0084097087e-02
4.2004933953e-01
-1.9170805812e-02
6.9659459591e-01
-8.7726163864e-01
3.0583078861e+00
3.0454761982e+00
-1.8455420434e-01
-1.3767592907e+00
1.0504659414e+00
-6.2953490019e-01
7.3504507542e-01
2.3788981140e-02
-1.0011701286e-01
-2.5336360931e-01
2.4050199986e-01
-1.1853034794e-01
-5.2570390701e-01
4.2306971550e-01
-3.7666153908e-01
-5.5829441547e-01
1.0114436597e-01
1.6747172177e-01
4.5823697001e-02
6.0904407501e-01
-4.2548418045e-01
-4.7605815530e-01
-9.3668049574e-01
-5.6082034111e-01
2.6312372088e-01
-1.6162656248e-01
-1.5065878630e+00
3.6349231005e-01
-2.8523874283e+00
-1.0502711535e+00
1.7457861900e+00
1.9582644701e+00
4.2725765705e-01
-1.8510995805e-01
-3.1387633085e-01
5.8653461933e-01
-9.6705630422e-02
-6.3773930073e-02
-1.1109982431e-01
-1.9358210266e-01
1.9101674855e-01
-4.6067360044e-01
-1.9286032021e-01
-1.2580907345e+00
5.4505455494e-01
1.2421866655e+00
1.4818587303e+00
6.0639034957e-02
2.4547484517e-01
-4.7207054496e-01
-3.6635810137e-01
2.7196630836e-01
3.3249971271e-01
-7.4852898717e-02
2.3419995606e-01
2.7626356483e-01
-2.9654014111e-01
3.6776486039e-01
-1.5041753054e+00
-5.0894949585e-02
6.5015739202e-01
2.4858218431e-01
-1.2367209196e+00
-1.4219092131e+00
2.6517171860e+00
-2.2031655312e+00
1.1380109787e+00
-1.7983242869e-01
-2.7688413858e-01
5.9407746792e-01
3.9378276467e-01
-2.8816947341e-01
3.0310344696e-01
1.1240655184e-01
2.6062363759e-02
3.3455780149e-01
-1.0847121477e+00
3.8317102194e-01
1.2114300728e+00
-2.7525830269e+00
-4.6219095588e-01
2.0558590889e+00
-2.7365949750e-01
4.1265514493e-01
-1.8147142231e-01
3.6957538128e-01
-2.0368748903e-01
-9.0693730116e-01
4.1323611140e-01
6.7905884981e-01
-7.1428936720e-01
4.6414041519e-01
1.1273756623e-01
3.2933038473e-01
-6.6091289045e-04
1.9028399885e-01
-1.5405078232e-01
2.1094745398e-01
-9.5657330751e-01
-6.8592116237e-02
1.2928488255e+00
7.6602858305e-01
4.4712015986e-01
-2.6584279537e+00
5.1734793931e-02
1.2265495062e+00
3.9818353653e+00
-2.2788050175e+00
1.5555843115e+00
-1.9070477486e+00
4.6165430546e-01
9.8053574562e-01
-2.2574052215e-01
-2.8445789218e-01
-4.2580226064e-01
4.8087920994e-02
-3.3076217771e-01
1.0027079284e-01
-2.0722812414e-01
-2.9689851403e-01
-4.3296656013e-01
5.0301104784e-02
-4.1381332278e-01
2.8500053287e-01
3.2953110337e-01
-1.8472732306e+00
-1.9652962685e-01
1.3711497188e-01
-9.2380076647e-02
2.9785797000e-01
2.2798600793e-01
4.1818770766e-01
5.6331042200e-02
-1.1854470968e+00
2.2878445685e-01
1.4752317965e-01
2.2655749321e-01
-3.1903213263e-01
-2.3913693428e+00
1.8780071288e-02
1.8433172703e+00
-1.8705445528e-01
6.5981574357e-02
1.2522479296e+00
-1.6943883896e-01
3.5886833072e-01
-1.2848202884e-01
-1.7110707760e+00
-2.6653912663e-01
3.7185770273e-01
1.9578197002e+00
4.3484263420e+00
7.5999028981e-02
-1.5356753767e-01
5.1326461136e-02
-1.6433174908e-01
8.2025557756e-02
-9.8118895292e-01
-1.3080849648e+00
-6.9077247381e-01
6.4796155691e-01
1.0732010603e+00
-4.1684046388e-01
8.6121402681e-02
1.7197409272e-01
6.8212434649e-02
-2.7424737811e-01
1.1304068565e+00
-1.3727040589e-01
-1.6173243523e-01
-4.1470520198e-02
7.1990752220e-01
3.5922765732e-01
6.8100857735e-01
3.0353069305e-01
-3.1500869989e-01
-9.3926250935e-02
1.2382915616e-01
-3.1980291009e-01
-4.0095317364e-01
-1.3064676523e-01
-7.7933317423e-01
-4.5978460461e-02
-1.4697077870e-01
2.1714906394e-01
1.2451995164e-02
-1.1088041216e-01
1.0493488312e+00
-6.8959414959e-01
-7.6328527927e-01
3.9310982227e+00
7.9099291563e-01
2.6420359612e+00
2.2455976009e+00
6.3342535496e-01
-8.2949972153e-01
-2.8692591190e+00
1.2267860025e-01
2.4240646362e+00
8.6706691980e-01
5.4394215345e-01
1.9417634606e-01
1.5159051418e+00
-4.1918268800e-01
-6.3297665119e-01
-2.3684597015e+00
1.8358172178e+00
1.0514555126e-01
-7.2057195008e-02
-3.9270333946e-03
4.8896800727e-02
1.5401825309e-02
7.7132008970e-02
9.0073607862e-02
-1.9940470159e-01
-1.4946776628e-01
1.1644592881e-01
7.1525804698e-02
-4.0636699647e-02
3.0680133030e-02
-7.7625527978e-02
-1.6505484283e-01
3.9254227281e-01
3.9827886224e-01
3.5695445538e-01
5.2793169022e-01
-8.9005187154e-02
2.4896323681e-02
-1.5942388773e-01
-1.7263680696e-01
2.4520462751e-01
1.0305590928e-01
-3.1201478839e-01
-3.7980926037e-01
2.3214299977e-01
2.9977938533e-01
-1.4129872620e-01
-3.0743317679e-02
3.6852899939e-02
2.4017307162e-01
-2.7589133009e-02
-4.0133703500e-02
5.9757571667e-02
6.8345129490e-02
-8.4855802357e-02
-4.1954028606e-01
1.2979702652e-01
2.6680940390e-01
5.8709956706e-02
-9.6539087594e-02
2.1375837922e-01
-3.3043754101e-01
-8.9841920137e-01
1.8767465651e-01
-1.0516461134e+00
-2.8842648864e-01
2.1284058690e-01
-1.7333030701e-01
1.0480987839e-02
2.1443836391e-01
9.1897778213e-02
5.9459344484e-03
-4.2031866312e-01
1.5886642039e-01
1.3054700196e-01
-1.7127045989e-01
-3.0998173356e-01
2.4148260057e-01
2.0439538360e-01
5.4389888048e-01
-5.4924780130e-01
3.2710842788e-02
-3.1972743571e-02
-1.2719443068e-02
1.7103572190e-01
-8.5880020633e-03
4.7021903447e-04
1.1314905882e+00
1.4253166914e+00
5.4938811064e-01
-2.3465551436e-01
3.7151166797e-01
-6.1637526751e-01
1.7869441211e-01
-1.1489661783e-01
-9.0929582715e-02
1.1878596246e-01
6.7672654986e-02
-2.1412789822e-01
6.2392670661e-02
-5.2930496633e-02
-1.4564841986e-02
8.5892356932e-02
-3.0381163955e-01
4.9365425110e-01
-5.7205033302e-01
1.7715534568e-01
-1.4892938733e-01
-1.8162778020e-01
1.7154579982e-02
-4.6027082205e-01
-7.1635895967e-01
-5.8718923479e-02
-1.1329343915e-01
-4.5457920432e-01
-2.0298303664e-01
-2.4493668973e-01
-8.3659760654e-02
5.4147414863e-02
-1.9011107087e-01
-7.7181093395e-02
1.3178649358e-02
-5.2402913570e-01
-9.3253046274e-02
-1.5126115084e-01
-2.2507712245e-01
1.5787364542e-01
1.1118284613e-01
-1.6350077465e-02
3.4193500876e-01
-2.7615365386e-01
-1.2161614746e-01
1.4458073676e-01
8.9576086029e-03
1.1902300268e-01
-2.2302941978e-01
8.6507372558e-02
-3.6693078279e-01
5.1127430052e-03
4.0056663752e-01
-5.5799806118e-01
-4.8647385836e-01
3.0022265911e+00
-8.4971314669e-01
2.3878793716e+00
-4.2557778955e-01
-9.6336507797e-01
-3.7095564604e-01
1.8458116055e-01
4.4513879402e-05
4.6359576285e-02
2.4074572325e-01
3.9684832096e-01
-1.5627110004e-01
-3.4405791759e-01
-2.7618885040e-01
-3.1323733926e-01
1.1341948062e-01
5.4072177410e-01
2.1924625337e-01
4.2094364762e-02
-1.4366093278e-01
-2.6092553511e-02
1.8947435543e-02
5.0760194426e-04
3.0696149915e-03
3.5866383463e-02
-5.7444453239e-01
-5.5021339655e-01
7.4949645996e-01
5.5276769400e-01
-1.4537648857e-01
6.4222827554e-02
1.1531733721e-01
1.6186934710e-01
4.3408286572e-01
-1.4842195809e-01
-5.7144212723e-01
5.4276758432e-01
1.9446875155e-01
-1.0299292207e-01
1.4204469323e-01
2.3567862809e-02
-5.9926635027e-01
-2.1335326135e-01
1.3422064483e-01
4.6812489629e-01
1.3213212788e-01
1.9385169446e-01
-3.3812928200e-01
-9.1199457645e-02
1.7041236162e-02
2.9647136107e-02
2.4855467677e-01
1.4290997386e-01
-1.2283893675e-01
-7.0865064859e-02
1.2195009738e-01
-1.6940008104e-01
-1.4150123298e-01
2.3740425706e-02
8.9647226036e-02
2.8960600495e-01
-9.9315655231e-01
2.0192515850e+00
1.5184935331e+00
-1.5058554411e+00
5.3457641602e-01
2.3373425007e-01
-1.9220817089e-01
-7.0790663362e-02
-7.6059527695e-02
4.1497460008e-01
-5.3839969635e-01
5.4073446989e-01
-7.5909680128e-01
-3.8055160642e-01
-1.5861107409e-01
-1.6489125490e+00
-1.9353998899e+00
-3.5890636444e+00
6.2033205032e+00
-2.5252261758e-01
-1.9241565466e-01
6.4215384424e-02
1.4204108156e-02
3.8456444163e-03
-2.2099969909e-02
-8.9294478297e-02
-1.1541987769e-02
-4.5043803751e-02
-2.6774492115e-02
-7.1335524321e-01
6.4604920149e-01
3.2991313934e-01
7.6753109694e-01
3.3584058285e-01
5.5076166987e-02
-2.9227390885e-02
5.1270890981e-03
1.5464156866e-01
2.7586435899e-02
-2.8503209352e-02
-8.2674980164e-02
4.0209329128e-01
-1.8129485846e-01
8.9634880424e-02
-2.2428262979e-02
-2.1560820937e-01
-4.9263373017e-01
-5.3397178650e-01
9.1302233934e-01
-1.1099131405e-01
4.9882146716e-01
9.1541337967e-01
2.8164014816e+00
-2.1517567635e+00
1.8567074835e-01
-8.2146137953e-02
-2.7207168937e-01
1.0229061358e-02
-2.3245658726e-02
1.6524231434e-01
-1.3681526482e-01
-1.7504689097e-01
2.6413321495e-01
-1.8062888086e-01
-9.3534544110e-02
-4.1810847819e-02
-3.2286748290e-02
-1.0521624237e-01
2.0428004861e-01
-4.4108916074e-02
5.6822672486e-02
-1.2456781417e-01
-4.8862911761e-02
-2.6829460263e-01
8.5657060146e-01
8.0206829309e-01
-2.4047493935e-01
-4.9063655734e-01
-1.1252843142e+00
3.9407542348e-01
-6.0866427422e-01
-4.8655893654e-02
-6.7010641098e-01
5.3367346525e-01
1.3638869524e+00
-5.3748011589e-01
-1.2710312009e-01
-5.3740483522e-01
1.4310820103e+00
-5.7158386707e-01
1.4977978170e-01
-5.0377920270e-02
-3.0805474147e-02
-1.0351020098e+00
5.2877926826e-01
2.0497266948e-01
-3.5604923964e-01
-5.5543321371e-01
7.8171566129e-03
-2.2818185389e-01
6.9919884205e-02
9.6994988620e-02
1.3137573004e-01
1.6682879627e-01
2.6780411601e-01
-2.5458058715e-01
-1.3612526655e-01
-9.5314234495e-02
6.0896001756e-02
8.1875550747e-01
1.1398364305e+00
-1.4768838882e+00
-9.8301661015e-01
1.1540048122e+00
-5.1429825835e-03
8.1789955497e-02
-1.6943372786e-01
3.5794287920e-01
2.5278350711e-01
-5.3565818816e-02
1.1202579364e-02
-2.3278843146e-03
-7.8504994512e-02
1.3396338560e-02
-1.9564595819e-01
2.9904070497e-01
2.0628284663e-02
4.5657467097e-02
8.3051674068e-02
4.1170492768e-01
-1.0625091195e-01
-2.7189893648e-02
7.1158837527e-03
-6.2323510647e-02
-1.6218672693e-01
-4.5349815488e-01
-6.9859248400e-01
7.8309774399e-02
9.1281682253e-02
-1.1830265075e-01
-1.5841908753e-01
6.0988836922e-03
3.1126774848e-02
-1.6223244369e-01
2.9044806957e-01
-7.7610602602e-03
-4.9661090970e-01
-5.6581306458e-01
1.3239358366e-01
-6.5302811563e-02
-3.9713060856e-01
4.3988841772e-01
-4.1360104084e-01
2.8773716092e-01
2.7230754495e-01
2.9522829056e+00
-7.7737873793e-01
5.8923238516e-01
-9.5383775234e-01
-2.3373229802e-01
2.8016862273e-01
-1.4227160811e-01
-1.8104302883e-01
2.6727199554e-01
1.6021130979e-01
3.6601117253e-01
-9.7293108702e-02
-5.7620200096e-04
1.0090964288e-01
-8.4057426453e-01
-3.0228260159e-01
-2.2313725948e-01
-7.4080002308e-01
5.4312568903e-01
1.7411289215e+00
1.0536289215e+00
-1.2625894547e+00
-1.1511951685e+00
-2.6185867190e-01
-2.4190545082e-02
-6.4338207245e-02
3.3032280044e-04
-1.7655079067e-01
-1.6063778102e-01
-1.2166560888e+00
-1.5418947935e+00
-1.0082732439e+00
-1.3577984571e+00
-1.1996530294e+00
-3.3196541667e-01
-4.4077855349e-01
3.4879019856e-01
2.0642867684e-01
7.0270299911e-01
-1.2736116536e-02
6.1177536845e-02
-3.1170949340e-02
3.0522560701e-02
4.5197829604e-03
-6.8040090799e-01
1.4298892021e-01
2.4574045837e-01
6.1248771846e-02
6.3151136041e-02
-6.8648940325e-01
3.4348341823e-01
-9.5451682806e-01
1.9116175175e-01
-5.6101477146e-01
-4.4940304756e-01
2.5301015377e-01
-1.1109167337e-01
2.4346518517e-01
-2.1843120456e-02
-1.9263128936e-01
-1.0226533562e-01
-6.8264566362e-02
-1.2826408446e-01
2.8314703703e-01
4.5873157680e-02
-1.2005346268e-01
2.1216145158e-01
-6.3241526484e-02
1.0592989624e-02
3.8268517703e-02
-8.4730312228e-02
-1.1065576971e-01
-2.5315210223e-01
-2.9357704520e-01
-1.2585529685e-01
3.6731615663e-01
2.9147261381e-01
2.4528335035e-01
-4.7349515557e-01
-3.5732898116e-01
4.9727048725e-02
-4.3881315738e-02
3.1475570798e-01
1.5315091610e-01
-6.7186057568e-01
-1.8691323698e-01
-9.1118529439e-02
-1.8867598474e-01
-6.0819916427e-02
2.0480895042e+00
-1.2088359594e+00
-3.6129042506e-01
-7.7192264795e-01
5.1101392508e-01
-6.9518083334e-01
-8.3815461397e-01
5.4322963953e-01
-4.6977883577e-01
-1.0667790473e-01
1.2310640514e-01
6.5578781068e-03
1.7996299267e-01
-1.0637116432e-01
5.5963151157e-02
-4.9396723509e-02
2.9077035189e-01
-2.2396534681e-01
-7.1632808447e-01
-3.7555366755e-01
3.0394968390e-01
-1.7172032595e-01
-3.5758396983e-01
1.5042009950e-01
1.4022215270e-02
1.3803645372e+00
2.1795545518e-01
-2.4584617615e+00
3.7391906977e-01
-1.0059372187e+00
2.2077947855e-01
1.3636165857e+00
3.2499391586e-02
-1.1947337389e+00
-3.2574549317e-02
6.4974695444e-02
6.9934517145e-02
-6.0086313635e-02
-8.4085322917e-02
6.2295585871e-02
-5.5462159216e-02
-1.0506235063e-02
7.8859500587e-02
8.5837682709e-03
4.3662045151e-02
-6.3192826509e-01
8.3306171000e-02
-1.0298562050e+00
-5.4965281487e-01
7.6909118891e-01
-2.8388956562e-02
4.5497510582e-02
1.3848689385e-02
1.0233436525e-01
2.2178424522e-02
-4.8830125481e-02
-4.9453441054e-02
1.6090750694e-02
2.5941587985e-02
-7.0794112980e-02
-4.3097046018e-01
-3.6080256104e-02
1.6485099792e+00
4.0923461318e-01
-3.1920605898e-01
-2.5231631473e-02
8.3372527361e-01
-1.6585002840e-01
1.2737849355e-01
6.6437023878e-01
-7.9812586308e-02
-5.6453835964e-01
3.5487827659e-01
-3.4933766723e-01
1.7102722824e-01
-3.0804437399e-01
-4.3905872852e-02
-2.3813760281e-01
1.8672481179e-01
-2.8398075700e-01
2.3345375061e+00
-3.9099839330e-01
4.7760653496e-01
1.5929222107e-01
4.5131236315e-01
2.2724382579e-01
-3.9699530602e-01
1.0034787469e-02
-1.8405008316e-01
8.0072265863e-01
-2.3328818381e-01
-2.6647984982e-01
1.1971523762e+00
1.4286561310e-01
-2.0608650148e-01
-5.8976940811e-02
-7.9021081328e-02
2.8274941444e-01
-2.5784486905e-02
-1.9879552722e-01
3.9975884557e-01
-1.9953778982e+00
-2.4017012119e+00
-1.2984540462e+00
7.0162415504e-01
1.7766011953e+00
2.1235818863e+00
-2.0024736226e-01
-2.0233950615e+00
-2.8106829524e-01
1.1049242020e+00
-1.0297603905e-01
-2.4410416186e-01
1.0239282846e+00
-5.2735400200e-01
9.3589775264e-02
2.4623978138e-01
-6.4309552312e-02
1.2380877510e-02
6.9970250130e-02
1.4559258707e-02
6.3822038472e-02
4.3427452445e-02
-1.7065228522e-01
-6.8019777536e-02
-2.2267428041e-01
1.7831875384e-01
-1.0086260736e-01
2.5899857283e-01
1.1947627068e+00
-2.4211164564e-02
-1.2971746735e-02
-6.0069561005e-02
-4.1188608855e-02
-6.5786667168e-02
1.7946611643e+00
-5.5769383907e-01
6.6682094336e-01
3.9470647462e-03
3.8777854294e-02
-5.1137667894e-01
3.3728507161e-01
-3.3449316025e-01
-1.0684322119e+00
1.8729658797e-02
2.8498110175e-01
4.4453453273e-02
-4.3326613307e-01
1.7899197340e-01
-2.9293665290e-01
4.2569637299e-01
-2.1774016321e-01
8.8105088472e-01
-4.9233877659e-01
-1.7805825472e+00
-1.1696206033e-01
-4.7435317189e-02
-4.9998637289e-02
3.4512512386e-02
1.6068222001e-02
-2.1118226647e-01
-3.6475348473e-01
1.1830684543e-01
6.8881040812e-01
-8.6887978017e-02
-6.2583737075e-02
-3.1458701938e-02
8.9589677751e-02
1.7389476299e-02
1.9193238020e-01
-1.0401177406e+00
-5.2641493082e-01
1.8196532726e+00
-1.1368918419e+00
-1.8599318266e+00
8.1978902221e-02
-8.6501322687e-02
-5.8784324676e-02
-8.1875696778e-03
-7.4027128518e-02
2.8618764877e-01
2.0403315127e-01
-4.3881195784e-01
7.8831565380e-01
-5.5808488280e-02
3.6942694336e-02
5.1102571888e-04
-1.1366982758e-01
1.5971861780e-01
4.4138476253e-02
-1.1200649738e+00
-2.9092547297e-01
2.7281230688e-01
-1.9095119238e+00
-1.0209097862e+00
-1.2947436571e+00
-2.3624680042e+00
-2.7161955833e+00
-2.6853108406e-01
1.1817893982e+00
2.1084204316e-01
-1.6471797228e+00
-9.6458584070e-01
-1.7871862650e-01
-4.8465177417e-01
-1.2180796862e+00
5.0744181871e-01
-7.1040987968e-01
-9.2911499739e-01
3.9474651217e-01
1.3292618096e-02
-2.5720514823e-03
2.0099112764e-02
2.4371163920e-02
-2.9809974134e-02
-1.7595793307e-01
-4.3345287442e-02
1.4510061592e-03
-4.8373889178e-02
3.4900266677e-02
-4.6231906163e-04
-2.4226844311e-02
1.1754173785e-02
-3.5397626925e-03
-5.3271841258e-02
-5.9744328260e-01
-1.6650156677e-01
-4.0829330683e-01
-1.6502819955e-01
-4.0773835033e-02
-1.3336284459e-01
2.1050864831e-02
1.4184263535e-02
1.1282091588e-01
-4.9354150891e-02
-1.3282874227e-01
8.0186873674e-02
-1.0760060698e-01
-2.8073489666e-01
-1.2795471121e-03
-7.5572043657e-02
-1.3428310864e-02
-3.9235070348e-02
8.5639730096e-03
-2.8412679210e-02
3.2822538167e-02
3.4238547087e-03
2.3320242763e-02
2.0989581943e-02
9.0301595628e-02
9.9077314138e-02
1.3839070685e-02
-1.4511656016e-02
6.9267809391e-02
-7.9186707735e-02
-5.7445353270e-01
-8.6471092701e-01
-9.8197180033e-01
-5.1992624998e-02
7.3123827577e-02
1.9606398419e-02
3.9861224592e-02
6.2950596213e-02
-8.8763952255e-02
-7.3764793575e-02
1.3047468662e-01
-3.6123889685e-01
3.8245718926e-02
-8.3372592926e-03
-1.8816962838e-01
9.6582040191e-02
-2.1001553535e-01
4.9274155498e-01
-1.3794893026e-01
-2.0231212676e-01
9.5045521855e-02
2.1461581811e-02
-1.4487656299e-03
1.1043900996e-01
7.4177697301e-02
1.6427063942e+00
8.2337039709e-01
6.6716361046e-01
-4.7283910215e-02
2.3409642279e-01
1.2054869533e-01
-1.4962853491e-01
1.0322857648e-01
-3.0771496892e-01
-3.6532871425e-02
-3.5104200244e-02
-1.9059289247e-02
-1.3239290565e-02
-2.2153209895e-02
-3.3652298152e-02
-2.4267633259e-01
-6.4678981900e-02
-6.5099552274e-02
-1.5838506818e-01
4.3863317370e-01
-5.5687993765e-01
3.3218353987e-01
1.4793449640e-01
-3.5558527708e-01
1.1027844250e-01
-1.2158756144e-02
-4.4157527387e-02
-6.4614810050e-02
4.7553646564e-01
3.0130216479e-01
3.8748428226e-02
5.2679657936e-02
-4.8818763345e-02
-6.4800441265e-02
-2.4149374664e-01
2.1756837144e-02
7.6586581767e-02
4.4057860970e-02
-2.0006689429e-01
-5.6471731514e-02
3.6343358457e-02
-4.3636266142e-02
-9.0754441917e-02
8.0177765340e-03
1.2591892481e-01
-8.7734453380e-02
-4.6670019627e-02
-3.1245637219e-03
2.1580433473e-02
-2.1090492606e-02
-1.2229556590e-01
3.8614302874e-01
-4.3317627907e-01
2.9252210259e-01
1.0013772249e+00
4.5005526543e+00
3.4589486122e+00
2.0989212990e+00
-8.2396990061e-01
-5.0158071518e-01
9.4831660390e-02
6.1327032745e-02
-1.5224547824e-03
1.2344104052e-01
1.9569024444e-01
-2.9684320092e-01
1.3519701362e-01
-5.7122953236e-02
-1.7372532189e-01
-6.8962812424e-02
4.3434268236e-01
-3.4907689691e-01
-2.9984550551e-02
2.1216952801e-01
1.9724836946e-01
2.9506847262e-02
-2.8842305765e-02
4.2948112823e-03
-5.5802125484e-02
-6.3719101250e-02
1.4425647259e-01
4.8446558416e-02
-1.2076801062e+00
5.4908365011e-01
5.3549987078e-01
7.9603247344e-02
-6.6897936165e-02
-1.0224362463e-01
-4.3841975927e-01
-1.0485481471e-01
-3.6705082655e-01
-4.5087316632e-01
-3.6773180962e-01
-7.2153963149e-02
-1.7825889587e-01
7.0399055257e-03
-1.6018688679e-02
4.8144081235e-01
5.4727739096e-01
-4.5468488336e-01
4.2127758265e-01
7.6634354889e-02
-1.4105578884e-02
3.6573387682e-02
2.4230377376e-01
9.0595381334e-03
2.9979631305e-02
1.8160099164e-02
3.2966088504e-02
4.1011765599e-02
-1.7957676202e-02
5.0928577781e-02
-3.5506996792e-03
-2.9553337023e-02
-2.3418204859e-02
2.3417596817e+00
2.5408477783e+00
5.4493230581e-01
-8.3254086971e-01
-1.9593079090e+00
4.0517549962e-02
-3.8683165330e-03
6.4518399537e-02
-1.0824647732e-02
-2.4321854115e-02
-3.2846206427e-01
2.9527506232e-01
1.3988349587e-02
2.1442127228e-01
3.7041878700e-01
-2.1617217064e+00
-1.2997286320e+00
-2.4220106602e+00
1.3433928490e+00
-2.8423073292e+00
-3.3594641089e-01
-2.1756894886e-01
-3.4639152884e-01
1.2036002427e-01
-1.5147347748e-01
-1.8694708124e-03
1.1743519455e-02
1.7188653350e-02
1.6501678154e-02
6.1172246933e-04
3.6663958430e-01
-2.9523962736e-01
2.0640289783e-01
5.0136037171e-02
-1.8043188751e-01
-4.5811937889e-04
5.8804792352e-03
-8.4163574502e-03
3.6120615900e-02
8.4396257997e-02
1.3523811102e-01
6.9294229150e-02
3.9471209049e-02
7.8928716481e-02
3.9302214980e-02
-9.2205470800e-01
-3.4137152135e-02
-7.9849970341e-01
8.4898614883e-01
-2.6595938206e-01
2.0380706787e+00
1.7887364626e+00
-9.5233231783e-02
-3.1193366647e-01
-6.6882854700e-01
1.4525310695e-01
6.6473402083e-02
-7.3047429323e-02
-7.2649799287e-02
3.3002503216e-02
5.3354248405e-02
1.8442769349e-01
3.1878900528e-01
3.9136549830e-01
2.9212871194e-01
2.9531622306e-02
-8.3308972418e-02
6.2812030315e-02
-2.0498385653e-02
-1.9112367928e-01
5.3176194429e-02
-1.0902824812e-02
-6.1817318201e-02
-1.1493098736e-01
-1.2211035937e-01
8.2217967510e-01
1.5361106396e-01
-2.6558071375e-01
6.6943657398e-01
5.8646184206e-01
5.0392407179e-01
5.7861101627e-01
9.1077141464e-02
-1.1567189693e+00
-4.5900708437e-01
-1.3408136368e+00
-2.2588083744e+00
-1.7565917969e+00
-2.1600687504e+00
-1.1488331556e+00
2.1933652461e-01
-5.1349129528e-02
-3.3919772506e-01
-2.5073403120e-01
-1.9312415272e-02
7.1584993601e-01
-5.1912045479e-01
5.2344664931e-02
-8.2073241472e-02
-4.4387197495e-01
-9.6572384238e-02
-9.7984626889e-02
-8.2718834281e-02
-1.1989003420e-01
-3.8599006832e-02
-1.2506348081e-02
-5.1019638777e-02
-2.7042530477e-02
4.3740849942e-02
-2.0364703611e-02
-6.9442510605e-02
-7.6688855886e-01
-2.3549990654e+00
-2.3227844238e+00
-9.9443453550e-01
-3.2484281808e-02
-5.3482217481e-04
4.4003329240e-03
-8.9750336483e-03
1.5197219327e-02
-1.5693264082e-02
2.9009876773e-02
2.0874502137e-02
-1.6374517232e-02
1.0901692323e-02
1.5079042315e-01
-1.5935305506e-02
-1.3831268251e-01
-1.5870265663e-01
-2.2305879742e-02
-6.6695831716e-02
-8.6741931736e-02
2.7453348041e-01
-1.4531685971e-02
-9.4487361610e-02
-1.0145904869e-01
6.0589209199e-02
3.5339111090e-01
-3.1077983975e-01
-1.9188204408e-01
-1.4288914204e-01
-7.6541103423e-02
-9.6000313759e-02
7.2001285851e-02
-5.5923295021e-01
1.0935328007e+00
-1.1242953539e+00
3.0511119962e-01
-4.8195156455e-01
-3.3251708746e-01
-2.3042254150e-01
-1.2556125224e-01
4.1480574012e-01
-5.1283496618e-01
2.3388445377e-01
2.3187830448e+00
-1.5358393192e+00
8.3623474836e-01
-8.9136642218e-01
-3.7362793088e-01
7.0119899511e-01
-4.6976456046e-01
2.5670126081e-01
-1.3291477226e-02
-8.4108099341e-02
8.7928108871e-02
-1.6725617647e-01
1.4046107233e-01
3.5060979426e-02
2.3464960977e-02
7.4060428143e-01
-9.7490388155e-01
1.4882189035e-01
-7.0398646593e-01
4.6046844125e-01
8.6874282360e-01
-1.7185679674e+00
5.8165258169e-01
1.5106866360e+00
1.1811715364e+00
-1.1415258050e-02
8.4776289761e-02
-1.8317866325e-01
-3.0382254720e-01
-2.4703425169e-01
6.2311273813e-01
-7.3553836346e-01
-6.6026806831e-01
-1.5750216246e+00
-3.8237534463e-02
5.4462456703e-01
-1.4684578180e+00
-4.2479857802e-02
-1.0102488846e-01
1.1960513592e+00
-1.0006004013e-02
3.4223526716e-02
1.2468013912e-01
2.5069387630e-03
1.0116396844e-01
-3.2367557287e-02
-4.0569707751e-01
1.5198360384e-01
2.1797588468e-01
1.2871710956e-01
-5.7871615887e-01
3.7536817789e-01
1.5603558719e-01
2.6902484894e-01
2.9989421368e-01
-7.2852009535e-01
3.8222402334e-01
-1.7707499862e-01
-5.4847709835e-02
2.0211535692e-01
-2.4598389864e-02
-1.0661678016e-01
2.2972006351e-02
-3.9526334405e-01
-4.7674050927e-01
-1.2376575917e-01
3.2174602151e-02
-4.1532656178e-03
1.0345201008e-02
4.7817032784e-02
-3.3398538828e-01
5.0051766634e-01
-4.3021965027e-01
2.4114187062e-01
-1.1367291957e-01
-4.2543911934e-01
2.1120837331e-01
1.6536457837e-01
1.8102377653e-01
7.5923509896e-02
-4.7710159421e-01
-5.3161269426e-01
1.7853522673e-02
-1.4906010032e-01
9.7904890776e-02
3.5675194860e-01
6.2999486923e-02
2.5346851908e-03
1.7810432613e-01
-1.6235981882e-01
3.1642577052e-01
1.0359902382e+00
9.5047795773e-01
-7.4260407686e-01
1.4068535566e+00
4.0850922465e-01
1.8045437336e-01
8.5638296604e-01
-1.5132595301e+00
5.0703018904e-01
2.2427177057e-02
4.5564780012e-03
2.8151327744e-02
-2.9827013612e-02
8.1838369370e-02
-1.7696022987e-01
1.7370346189e-01
2.3810508847e-01
-7.1603298187e-02
2.5400805473e-01
4.2724639177e-02
-3.4966048598e-01
3.5221728683e-01
-2.1164315939e-01
-1.9875036180e-01
-2.0584547520e+00
-3.2647299767e-01
-1.1610199213e+00
1.4474716038e-02
-5.7513475418e-01
-4.5119524002e-01
-3.3106224537e+00
-1.6881474257e+00
-2.9353883117e-02
-1.6629440784e+00
1.1245048791e-01
5.6435730308e-02
1.5172357857e-01
9.8534680903e-02
1.6368107498e-01
-3.3026773483e-02
2.4479774758e-02
6.1322033405e-02
4.4470097870e-02
-3.1392190140e-03
3.0089411139e-01
-2.2691466808e+00
9.2211341858e-01
-1.4664591551e+00
1.3677426577e+00
-2.7575682849e-02
1.2248353101e-02
-2.5443065912e-02
2.4924969301e-02
-7.5740399770e-03
1.0228098370e-02
1.3007840514e-01
8.4739759564e-02
-1.4096776955e-02
-8.3290502429e-02
-4.4634819031e-01
-3.8537788391e-01
8.7867033482e-01
4.6424207091e-01
-5.7461410761e-01
-5.9488368034e-01
6.2045037746e-01
1.1536892653e+00
-1.8937209845e+00
6.4407169819e-01
-1.6691528261e-01
2.1104654670e-01
-3.0104631186e-01
4.1627687216e-01
1.5810693800e-01
-9.2573441565e-02
-2.0294252038e-01
-1.3695029914e-01
2.7312377095e-01
-1.1991341412e-01
-1.7620891333e-01
-6.3234627247e-01
3.0779105425e-01
7.5397389010e-03
1.7924767733e-01
-4.1451908648e-02
9.6319921315e-02
4.4130155444e-01
-7.4268335104e-01
9.8207682371e-01
2.4677707255e-01
-4.7981461883e-01
1.7505453527e-01
1.0328151286e-01
3.3766719699e-01
3.5189725459e-02
-2.3261480033e-01
-7.6955640689e-03
5.0689842552e-02
6.2560886145e-02
-5.3672569990e-01
-1.4888659716e+00
4.6746331453e-01
-3.8490749896e-02
-8.5961014032e-01
1.2751766443e+00
-1.9646016359e+00
3.2573181391e-01
1.0742604733e+00
-1.4977848530e-01
9.8019403219e-01
-1.0621436834e+00
1.4061285257e+00
-1.1074587107e+00
8.2884573936e-01
-4.1118491441e-02
-1.6941744089e-01
3.9026464219e-04
2.0736694336e-01
-1.3089330494e-01
-3.9821494371e-02
-7.9418882728e-02
-4.7399550676e-02
1.2778949738e-01
-8.0168098211e-02
2.0570971072e-01
-1.3673235476e-01
-1.4997325838e-01
1.9197805226e-01
-1.6804727912e-01
-6.7462682724e-02
-6.6124305129e-02
1.7488991842e-02
1.2212689035e-03
-4.4935330749e-02
1.8829545006e-02
-3.2656514645e-01
-5.5467039347e-01
3.5336888395e-03
-1.7535459995e-01
1.0362249613e+00
6.2633073330e-01
-2.1723141670e+00
6.9919431210e-01
1.5940051079e+00
5.0905689597e-02
-1.9375699759e-01
-1.3991676271e-01
2.4632051587e-02
-5.6964801624e-03
1.5590515733e-01
-1.2176489830e+00
1.7214806080e+00
-1.5577059984e+00
4.4598543644e-01
-3.8664784282e-02
3.3475492150e-02
7.0168592036e-02
-3.9102811366e-02
-3.6554917693e-02
1.5600529909e+00
-1.6228799820e+00
8.3451122046e-01
-2.3983881474e+00
-5.4207825661e-01
9.7567014396e-02
1.2944155931e-01
3.1288212538e-01
-1.2760590017e-01
3.7573467940e-02
-8.9559100568e-02
1.6022580862e+00
1.5229526907e-03
-3.9774310589e-01
1.4377261698e-01
-2.8922893107e-02
6.5269134939e-03
4.7627687454e-02
-9.5511384308e-02
-7.3576845229e-02
-1.6921041906e-01
2.7223685384e-01
9.9938213825e-02
6.2958663702e-01
-1.9728067517e-01
8.3416320384e-02
-9.3300387263e-02
-8.6324796081e-02
1.9439616799e-01
-5.9989612550e-02
-3.5655885935e-01
-2.0298256874e+00
1.9797164202e-01
-2.5710721016e+00
-1.0717650652e+00
1.6871699095e+00
1.4896563292e+00
8.8119763136e-01
2.2214949131e+00
1.1141724586e+00
-5.9795892239e-01
2.0423130989e+00
-7.5483989716e-01
-2.6241827011e-01
-3.4952148795e-01
4.8088505864e-01
-1.1183429956e+00
-3.3756199479e-01
-2.0439648628e-01
-3.2767480612e-01
-4.5972608030e-02
-2.2632069886e-02
-3.5642553121e-03
3.4651458263e-03
2.2371198982e-02
-6.8566612899e-02
1.3559862040e-02
8.9677147567e-02
3.7123624235e-02
9.3788221478e-02
-4.6384286135e-02
-2.5231741369e-02
-3.9913295768e-03
1.8872318324e-03
1.6398256412e-03
4.4828566909e-01
-4.9089942127e-02
6.7595535517e-01
-1.8790267408e-01
9.5484755933e-02
-1.3529433869e-02
8.9016659185e-03
4.9989607185e-02
-7.5243078172e-02
1.9751091301e-01
-2.6748001575e-01
-2.8276586533e-01
3.4381549805e-02
-2.8024989367e-01
-3.0927726626e-01
1.9527813420e-02
-4.4667672366e-02
2.3360211402e-02
-6.1563782394e-02
-5.2269524895e-03
-1.0829866678e-01
-1.7415694892e-02
3.3247925341e-02
9.2096747831e-03
-1.6597051173e-02
-1.0677421466e-02
4.8621058464e-02
1.9583141804e-01
1.5526556969e-01
1.2583579123e-01
6.7793965340e-02
1.7837016284e-01
-4.2446639389e-02
1.5071424842e-01
-2.4138577282e-02
2.0792920142e-02
-7.5476340950e-02
1.0464243591e-02
-2.2949403152e-02
-5.7345677167e-02
1.0418574512e-01
1.6404749453e-01
1.2320148759e-02
1.9673669338e-01
-2.2286410630e-01
-5.7054203004e-02
-6.4166575670e-02
4.9277833104e-01
-5.8350837231e-01
1.3447503746e-01
-3.2886728644e-02
1.0224541277e-01
8.6504973471e-02
5.9847239405e-02
6.7076288164e-02
3.0956065655e+00
-2.9931548238e-01
-2.2635139525e-01
2.0123090595e-02
3.7072524428e-01
5.2303776145e-02
-1.7035336792e-01
-8.9599847794e-02
-1.3312223554e-01
-1.2531419098e-01
2.0304994658e-02
-2.8533115983e-03
3.2313238829e-02
3.1433291733e-02
3.4381491132e-03
9.6269071102e-02
-1.9155731797e-01
2.3812547326e-01
-4.0996089578e-01
2.1197618544e-01
-9.1566681862e-02
5.5229559541e-02
-2.4133531377e-02
3.8848316669e-01
2.2357621789e-01
6.7711122334e-02
7.9849427566e-03
-6.2917992473e-02
5.0735108554e-02
1.9267639518e-01
-1.6228424385e-02
-3.6564782262e-02
-1.0107135773e-01
-1.7845043913e-02
-1.4113014936e-01
-1.6988260671e-02
2.4922373891e-01
1.0847857594e-01
-2.2011103574e-03
1.0355371237e-01
1.1541377008e-01
2.9258477688e-01
-2.0921638608e-01
2.1656492725e-02
6.2792032957e-02
-2.6208261028e-02
6.5326862037e-02
5.2962582558e-02
5.2907846868e-02
3.4425964113e-03
-8.3623223007e-02
3.1680189073e-02
1.9041606784e-01
4.9475795031e-01
5.0608462095e-01
5.9116592407e+00
4.9978184700e+00
-1.2665368319e+00
8.0690479279e-01
4.1051170230e-01
7.7715799212e-02
7.5559839606e-02
9.6487008035e-02
4.0048662573e-02
-1.2846596539e-01
-3.3579769731e-01
-8.5465125740e-02
3.7851277739e-02
-1.1318480223e-01
-2.4519012868e-01
2.1546357870e-01
-5.0804245472e-01
1.1272563040e-01
3.0675795674e-01
-2.0249302685e-01
-5.5507440120e-02
1.4275053516e-02
-3.0688306317e-02
-3.1433038414e-02
-1.6202151775e-02
-5.5703288317e-01
-7.7047562599e-01
-5.6394737959e-01
1.6036172211e-01
6.8455584347e-02
-2.9301285744e-02
-1.2038383633e-01
-1.1091939360e-01
-1.3452655077e-01
-2.6443150640e-01
-3.2631781697e-01
-4.5379623771e-01
-5.1576964557e-02
-2.4409563839e-01
4.5392073691e-02
-1.3088610023e-02
2.3733563721e-01
-5.6631181389e-02
-1.6000097990e-01
4.5035085082e-01
-2.4136410654e-01
-1.7917738855e-01
5.0644375384e-02
1.5477484092e-02
6.5095648170e-02
2.9203930870e-02
2.3985359818e-02
3.3246312290e-02
3.6350991577e-02
8.3173708990e-03
-3.8326654583e-02
-7.0267841220e-03
-1.8130784854e-02
4.4564585551e-04
-5.6437286548e-03
5.5570559502e+00
2.3741059303e+00
-4.4911623001e-01
-1.8616271019e+00
-1.9874653816e+00
1.4197412878e-02
1.1862767860e-02
1.6401467845e-02
8.8962037116e-03
-1.2507446110e-02
1.7709618807e-01
5.3160190582e-01
4.8188561201e-01
-4.8290807754e-02
2.8035408258e-01
-2.1006383896e+00
-6.2397222519e+00
-4.0257887840e+00
-4.1117691994e+00
-7.3173251152e+00
-3.1083267927e-01
-2.7961957455e-01
-1.0872581601e-01
1.3458717614e-02
1.2664298713e-01
5.1144375466e-03
3.1475163996e-03
1.1305597611e-02
1.7747061327e-02
2.1156508476e-02
1.5473721921e-01
-1.9079454243e-01
-8.6093318462e-01
-2.8868651390e-01
4.1702860035e-03
-3.4395733383e-03
-6.7251920700e-02
9.1821765527e-03
9.3910150230e-02
8.8799923658e-02
3.4625738859e-02
1.3969296217e-01
-6.1080366373e-02
3.3021584153e-02
-1.1859635264e-01
2.0008459687e-01
2.5981974602e-01
-3.0386731029e-01
-3.3283033967e-01
-6.4537942410e-01
2.3994543552e+00
2.2645602226e+00
2.1460952759e+00
-2.1548483372e+00
1.6024060249e+00
-3.9263896644e-02
1.0886111297e-02
8.3600364625e-02
6.7996914731e-04
9.2066697776e-02
3.3689340949e-01
3.2705675811e-02
-3.2598379254e-01
-2.3517592251e-01
-1.3448582590e-01
1.4492903650e-01
1.5458555520e-01
1.2564101815e-01
-1.7235094681e-02
-3.8004208356e-02
-4.0185198188e-02
-4.9932863563e-02
-6.3125416636e-02
-3.1471818686e-02
-1.1437802017e-01
4.1246905923e-02
2.6929342747e-01
-6.2733262777e-01
1.2153025717e-01
8.5335820913e-01
1.8279348314e-01
-8.8289141655e-01
-4.9870606512e-02
5.8292746544e-01
-2.9785081744e-01
-2.3012681007e+00
-3.2109940052e+00
-4.5030636787e+00
-3.4672849178e+00
-4.3085846901e+00
2.4284249544e-01
5.8800701052e-02
-1.8205569685e-01
4.0965277702e-02
9.8743759096e-02
5.7481306791e-01
-5.9950834513e-01
-4.5118808746e-01
-1.4757461846e-01
-3.3258789778e-01
-3.4045170993e-02
-4.2658507824e-02
-3.2771501690e-02
-1.0093360394e-01
-8.0910392106e-02
1.0262841731e-01
-8.3851486444e-02
-4.2073432356e-02
7.3800779879e-02
3.0052343383e-02
6.4938068390e-01
-2.9946735501e-01
-8.2908630371e-01
3.3591862768e-02
-9.3247872591e-01
-2.2614033893e-02
1.6987001523e-02
-8.2589667290e-03
8.7433932349e-03
5.6047528982e-02
-4.8897694796e-02
1.6193332151e-02
1.4958348125e-02
-1.6960747540e-02
-1.9193862099e-03
-6.1984989792e-02
-1.7455507815e-01
-1.7982415855e-01
-5.5160757154e-02
7.5858980417e-02
2.2672322392e-01
5.0565236807e-01
1.3348203897e-01
-6.5906330943e-02
2.2334374487e-01
-7.0083642006e-01
5.1399284601e-01
-4.0409743786e-01
6.6531181335e-02
-7.9771474004e-02
3.2127123326e-02
-3.0535139143e-02
4.2079601437e-02
-8.3214104176e-02
-2.1168090403e-01
-3.0940327048e-01
-2.7112644911e-01
-1.0987761021e+00
5.2184367180e-01
2.0776426792e-01
-4.7413382679e-02
1.8197341263e-01
-4.7677870840e-02
9.4680005312e-01
-1.3559588194e+00
-5.1649886370e-01
7.8267180920e-01
5.9064602852e-01
3.0746963620e-01
-4.3670248985e-01
9.7574226558e-02
5.5539435148e-01
-1.8389913440e-01
-1.2273009121e-01
-2.4383649230e-02
1.2502276897e-01
-9.2817172408e-02
-1.9570022821e-02
-1.8922707438e-01
2.4683361873e-02
1.0184130818e-01
-6.9179880619e-01
9.8163843155e-01
-7.4309504032e-01
2.3478679359e-01
-3.5594394803e-01
1.7531708479e+00
-1.2895430326e+00
9.4387805462e-01
-7.9693365097e-01
-2.2506646812e-02
-4.5828070492e-02
2.2728648037e-02
3.6175653338e-02
2.4194127321e-01
-6.9003313780e-01
-1.9181600809e+00
-1.6917337179e+00
5.4826462269e-01
-1.6355462074e+00
1.5942524374e-01
1.0947589874e+00
-2.1230938435e+00
2.2952535152e+00
8.8991630077e-01
-2.4989780039e-02
1.4266936481e-01
1.9551740587e-01
-1.6433545947e-01
8.1446468830e-02
-2.3980043828e-01
-4.6018585563e-01
-4.3106096983e-01
2.9056262970e-01
-1.6502535343e-01
1.0798267126e+00
-6.0313951969e-01
-6.0217529535e-01
5.8059799671e-01
-6.8786913157e-01
1.0807807446e+00
-4.5079889894e-01
3.1393024325e-01
1.9090735912e-01
1.1651191860e-01
8.8837176561e-02
-1.4810912311e-01
5.7001546025e-02
1.5036970377e-02
-1.1484055966e-01
-7.4023224413e-02
-7.0407293737e-02
1.2764111161e-01
-1.2484753877e-01
1.5129750594e-02
5.4272568226e-01
-4.8981487751e-01
4.4482842088e-02
-1.0607615113e-01
-2.3494555056e-01
2.1460124850e-01
6.5305536985e-01
-2.9739126563e-01
6.7019563913e-01
-4.3011045456e-01
-2.4610368907e-01
1.5922614932e-01
6.9110877812e-02
-3.1394028664e-01
9.7728043795e-02
-2.1784166992e-01
2.1038398147e-01
-2.0899073780e-01
-3.1634926796e-01
1.5588994324e-01
-1.5758807957e-01
-1.8587318659e+00
-1.0015592575e+00
2.3892390728e+00
4.0616163611e-01
7.9185819626e-01
-1.7563575506e+00
-8.1474518776e-01
7.1771520376e-01
-3.4583699703e-01
-7.0704124868e-02
-6.3088065945e-03
-6.9418132305e-02
1.3205757737e-01
6.2760062516e-02
-1.1717838049e-01
1.1742451042e-01
-1.4440959692e-01
-7.8342688084e-01
-5.9493821859e-01
-7.4746614695e-01
2.6777723432e-01
-3.3989721537e-01
2.9914228246e-02
3.7993062288e-02
1.1640242487e-01
1.4707747698e+00
-1.2948589027e-01
9.8364490271e-01
-4.0876212716e-01
5.4319220781e-01
2.3038578033e+00
-2.0086646080e-01
2.3097479343e+00
1.7137365416e-02
1.3907600939e-01
-6.4183190465e-02
-1.2427695096e-02
-5.5026855320e-02
-4.4326546788e-01
-8.7138094008e-02
-7.6600402594e-02
-7.3504075408e-02
1.2971508503e-01
5.0480943173e-02
5.5635476112e-01
8.6575537920e-01
1.5332745016e-01
1.2481783628e+00
-1.1590535939e-01
-2.7275314555e-02
1.4341495000e-02
-2.3347243667e-02
6.3306435943e-02
3.6436002702e-02
1.6211381182e-02
-1.1434321105e-01
2.0728271455e-02
2.3865045607e-01
-2.0704937924e-05
7.5468420982e-01
-4.0616127849e-01
-1.4225834608e-01
6.8491297960e-01
2.9047974944e-01
-6.7932856083e-01
-5.2549850941e-01
3.3989060670e-02
2.0484197140e-01
-1.2377730608e+00
3.6275392771e-01
-7.6526486874e-01
2.7192190289e-01
-3.1861338019e-01
-2.7557861805e-01
-4.4420206547e-01
2.5268029422e-02
2.0497669280e-01
-4.3003308773e-01
1.1331768036e+00
6.2509679794e-01
-1.4161159992e+00
-1.9047851562e+00
2.5041432381e+00
-1.8953673542e-01
4.7264307737e-02
8.5000061989e-01
-9.7149878740e-02
-8.0167979002e-01
-8.3422958851e-01
2.4065069854e-01
-8.7251275778e-02
-5.0186156295e-03
-2.7678877115e-01
2.0536018908e-01
-2.0083531737e-01
2.6107281446e-01
-8.3099022508e-02
-2.8361904621e-01
3.9870148897e-01
1.7098150253e+00
-2.2982017994e+00
-5.0587880611e-01
-9.0564626455e-01
2.9346668720e-01
-6.7273736000e-01
1.3150696456e-01
2.9584473372e-01
-1.3177736998e+00
2.4306116104e+00
-1.0059562922e+00
9.6537429094e-01
-7.9566484690e-01
8.0922150612e-01
-5.2839559317e-01
1.8672408164e-01
-4.0642794222e-02
4.5214653015e-02
2.7786681894e-03
-1.9967684150e-01
-2.5344023481e-02
1.0271055251e-01
-1.8733675778e-01
-5.9346258640e-02
2.5177311897e-01
2.2072805092e-02
-3.3724486828e-02
2.8858536482e-01
-1.7673599720e+00
1.0580340624e+00
-6.7381456494e-02
4.1502211243e-02
7.5316362083e-02
-3.0752826482e-02
-3.0070101842e-02
1.3300970793e+00
-1.8871112168e-01
1.2901492119e+00
-4.4722157717e-01
-9.8336356878e-01
-5.5571573973e-01
-5.0324213505e-01
2.3181618750e-01
-8.8936215639e-01
3.1765589118e-01
-3.4829476476e-01
8.4383664653e-03
-1.9005511701e-01
3.1689694524e-01
-1.5744523704e-01
-8.6687064171e-01
-5.7442992926e-01
3.0223754048e-01
1.8571473360e+00
2.3705534935e+00
-7.8949868679e-02
-5.7713389397e-02
-1.3262423454e-03
-2.6919787750e-02
-2.5810316205e-02
-5.6552904844e-01
-3.2231670618e-01
-1.3085718155e+00
7.0176523924e-01
3.9014339447e-01
-4.2207982391e-02
1.3770732284e-01
-1.5907767415e-01
-1.2517032027e-01
4.5112159103e-02
-7.0101857185e-01
1.7323295772e-01
-8.2556910813e-02
1.7802373171e+00
-2.1320014000e+00
1.6960892081e-01
-8.8242784142e-02
-3.6218676716e-02
-5.9201646596e-02
2.0503746346e-02
4.6091075987e-02
3.9271575212e-01
-3.6059835553e-01
4.4780680537e-01
-2.6263681054e-01
-3.8747963309e-01
3.9940524101e-01
-1.1590208858e-01
-2.5512639433e-02
7.2306424379e-02
1.7928960323e+00
-2.1652767062e-01
-6.0512953997e-01
3.4521453381e+00
-9.5185482502e-01
-2.2807693481e+00
-1.8408889771e+00
-1.6842675209e+00
-1.1575067043e+00
-3.0959465504e+00
3.6371812224e-01
-7.1223348379e-01
1.1756614447e+00
-1.7485548556e-01
-5.0867021084e-01
-2.3369713128e-01
-7.9119271040e-01
-1.0124793053e+00
-1.2283146381e+00
6.0112649202e-01
3.6713511217e-03
3.4259054810e-02
4.4055710896e-04
1.7376186326e-02
2.7482410893e-02
2.0699259639e-01
-1.0474929959e-01
-2.4548018351e-02
-4.6330805868e-02
-2.5895906612e-02
-3.1878300011e-02
-4.7039337456e-02
2.4303786922e-03
-3.1172521412e-02
4.6767932363e-03
-2.4530826509e-01
-8.4930770099e-02
-2.3315003142e-02
1.9270163774e-01
-4.7387462854e-01
8.7890215218e-03
-1.0366322845e-01
-3.3290538937e-02
9.8794594407e-02
4.6826537699e-02
1.9678501785e-01
-4.8048773408e-01
1.5179088712e-01
1.0235932469e-01
-5.5755149573e-02
7.0847263560e-03
5.7248603553e-02
-1.4148660935e-02
-5.3678121418e-02
8.5946926847e-03
1.2503311038e-01
-1.7449276149e-01
-1.3732177019e-01
-8.6689621210e-02
-8.3416346461e-03
-3.6478515714e-02
1.3066925108e-02
1.3255997002e-01
-7.6892420650e-02
-1.8127927184e-01
-1.2216963768e+00
6.8291008472e-01
-7.6181560755e-02
1.7841003835e-01
9.0388819575e-02
-1.8105769530e-02
3.6441560835e-02
-1.8723066896e-02
7.5530938804e-02
-3.3350523561e-02
-1.1008296907e-01
-1.4538574964e-02
1.1133722961e-01
2.8626203537e-02
-5.1718246192e-02
4.0780305862e-01
1.4284543693e-01
-2.7886897326e-01
2.2060908377e-01
-1.2285599485e-02
1.8074484169e-01
-2.5823742151e-02
3.2742939889e-02
-3.7382926792e-02
-3.4447729588e-02
1.6906322241e+00
1.4716853201e-01
-7.3480838537e-01
3.3178922534e-01
4.2761236429e-01
-1.1117777973e-01
6.8783134222e-02
1.1188614368e-01
7.3086395860e-02
1.1716967821e-01
-2.9413087294e-02
3.1891953200e-02
2.9715592042e-02
-1.2756131589e-02
2.4906208273e-03
3.0597701669e-01
-3.6216232181e-01
-8.5814245045e-02
4.5904624462e-01
2.0237188041e-01
2.4166980386e-01
2.4910409749e-01
1.7390126362e-02
6.6849566996e-02
1.8775999546e-01
5.5105168372e-02
-1.2810121290e-02
-1.0284679383e-01
4.1448286176e-01
-3.0805930495e-02
-6.5053485334e-02
5.1758680493e-02
-8.1050187349e-02
-1.0723105073e-01
-9.0033873916e-02
-4.2596578598e-02
-7.6887421310e-02
5.7216291316e-03
5.1633227617e-02
-1.2564034760e-01
-4.7532461584e-02
2.4170263112e-01
-3.0975273252e-01
1.9154015183e-01
-6.4716547728e-02
1.4189119637e-01
-1.4173583686e-01
-9.1775901616e-02
-1.5013825893e-01
2.1135644987e-02
-6.5485119820e-02
3.9041498303e-01
-9.0644642711e-02
-1.2623225152e-01
2.5645557791e-02
4.9984898567e+00
2.4625890255e+00
5.1626944542e+00
6.2830555439e-01
-1.2492147684e+00
-9.7973555326e-02
2.3963620886e-02
1.1830172688e-01
4.2538043112e-02
1.9429427385e-01
5.8045558631e-02
-2.5347687304e-02
1.5216384828e-01
4.2285859585e-02
2.5555118918e-02
-4.0373101830e-02
-3.2758346200e-01
-3.9663177729e-01
1.7788684368e-01
3.6613836884e-02
2.9438319616e-03
-3.4985035658e-02
-6.5319105983e-02
-4.8955537379e-02
-8.6078775348e-04
-1.1031930447e+00
-5.0646698475e-01
3.0643874407e-01
7.7309578657e-01
-4.3181240559e-01
-4.1501212865e-02
-5.5975228315e-04
-1.1501393467e-01
-3.9222870022e-02
-3.2426652312e-01
-8.7586641312e-03
-8.2558564842e-02
-4.3349394202e-01
-1.2209086120e-01
-1.6285886988e-02
2.6140514016e-01
1.0068939626e-01
1.6938310862e-01
-2.0050852001e-01
-4.5612347126e-01
-8.4193982184e-02
-7.6433122158e-02
-2.3952601850e-01
1.3254266977e-01
1.2030366808e-01
-9.0038916096e-03
6.0505075380e-03
3.9704971015e-02
4.9539916217e-02
-2.1000511944e-02
3.8954168558e-02
5.6799598038e-02
1.6856357455e-02
-6.0876994394e-03
7.6750032604e-03
1.6953338385e+00
3.6555025578e+00
2.4984712601e+00
3.5167253017e+00
-3.1392500401e+00
5.9395208955e-02
4.9068275839e-02
-2.4815922603e-02
-3.8739026058e-03
-3.8676016033e-02
-3.5415306687e-01
-3.4624651074e-01
-1.6156485677e-01
9.5045447350e-02
4.2210137844e-01
-1.7354825735e+00
-8.8494169712e-01
-2.0877311230e+00
-3.3731088638e+00
4.8306593895e+00
-1.9819480181e-01
-7.5730867684e-02
-3.0543813109e-01
4.6744134277e-02
5.3815145046e-02
4.9566435628e-03
1.7753368244e-02
2.3983817548e-02
2.6165520772e-02
2.1025232971e-02
-4.8743408918e-01
4.4042721391e-01
2.1705569327e-01
3.8668613881e-02
5.0333440304e-01
4.8408821225e-02
1.0916833999e-03
-2.2143488750e-03
-1.9257809618e-04
2.4489907548e-02
-6.6416487098e-02
-1.4488486946e-01
1.7239077017e-02
-9.0428568423e-02
4.1233189404e-02
-1.0214086771e+00
5.3471100330e-01
1.6452915967e-01
2.7032136917e-01
-4.3203984387e-03
1.9490169287e+00
1.5826047659e+00
2.0751392841e+00
2.7314774990e+00
-2.4538722038e+00
-1.3718053699e-01
4.7022901475e-02
6.5112069249e-02
2.1519325674e-02
1.9328990579e-01
-1.0657013394e-02
-2.1551738679e-01
4.8753386736e-01
3.5882574320e-01
3.6387056112e-01
-5.6392259896e-02
-6.6723540425e-02
-1.1231405288e-01
5.2566647530e-02
6.3329823315e-02
-1.0200634599e-02
6.1323507689e-03
5.5131632835e-03
-1.0141794570e-02
-5.9045180678e-02
1.0868476629e+00
8.0717188120e-01
4.9580499530e-02
3.4639400244e-01
-1.2123734951e+00
4.7940361500e-01
-1.6731175780e-01
6.1545169353e-01
1.0354413837e-01
-3.8178068399e-01
1.6263462603e-01
-1.0725699663e+00
-1.8015153408e+00
-1.1851153374e+00
-4.3502405286e-01
-1.2154063582e-01
-1.5084287152e-02
-1.9524240494e-01
-1.4984288812e-01
3.3400580287e-01
-1.1762063503e+00
-4.0213522315e-01
3.9506115019e-02
-2.6724529266e-01
-8.8968545198e-02
-1.1144297197e-02
7.8771620989e-02
-6.3080087304e-02
-7.6298234053e-03
5.9965454042e-02
-3.6128312349e-02
-1.3835595548e-01
3.0624054372e-02
8.3998003975e-03
2.4974184111e-02
-8.4212344885e-01
-4.4533890486e-01
9.3863129616e-01
-1.1131342649e+00
2.2492647171e+00
-3.2638888806e-02
-3.0189363286e-02
1.7430558801e-02
4.5302420855e-02
8.8875576854e-02
6.7609608173e-02
5.1898593083e-03
1.8824707717e-02
-1.3002309948e-02
1.3270099647e-02
-3.5658534616e-02
1.0970910639e-01
-5.7305831462e-02
-1.3468693197e-01
-1.4653247781e-02
-2.5184571743e-02
-9.6210673451e-02
2.0710437000e-01
1.3460895419e-01
2.3374891281e-01
4.5466497540e-01
-2.5294622779e-01
-5.4775599390e-02
4.1528142989e-02
1.0054257512e-01
-2.1721994877e-01
-4.5335330069e-03
-2.5828412175e-01
9.8804213107e-02
2.0146948099e-01
-5.0515070558e-02
-8.2506263256e-01
9.3563240767e-01
-2.3045474291e-01
1.1763572693e-01
-1.2995484471e-01
3.1161144376e-01
-1.6205871105e-01
9.9982388318e-02
-1.6350965202e-01
2.1572285891e-01
-9.4733059406e-01
-5.5169171095e-01
1.8297125101e+00
3.0444432050e-02
5.2349793911e-01
-8.6881153286e-02
-2.2842815518e-01
1.6188274324e-01
1.3608720899e-01
-1.0210964829e-02
-1.4967843890e-01
-5.9227101505e-02
-3.5676226020e-02
-2.8855700046e-02
8.8194233179e-01
-1.5733408928e-01
-6.9994723797e-01
6.0486441851e-01
-1.1869429797e-01
-4.4558471441e-01
-8.0182470381e-02
1.1749206781e+00
2.0454578102e-01
5.4142147303e-01
6.6406913102e-02
-1.4593908191e-01
-1.0568913817e-01
9.3262027949e-03
1.2262123078e-01
4.2772871256e-01
1.8841791898e-02
6.8170005083e-01
2.8513672352e+00
2.0760278702e+00
-8.2852119207e-01
-7.4106311798e-01
2.5133941323e-02
1.3228869438e+00
8.3474510908e-01
-1.4963135123e-02
1.2093901634e-01
-1.1022616178e-01
1.5292102098e-01
-6.1344087124e-02
2.9884186387e-01
5.5096961558e-02
3.2837834954e-01
-3.7658745050e-01
-2.2187149152e-02
-6.9748592377e-01
2.3812222481e-01
1.1443634033e+00
-1.0099800825e+00
4.5282256603e-01
5.3358685970e-01
3.5394856334e-01
-5.7948276401e-02
-4.5756269246e-02
4.2109955102e-02
1.2647087872e-01
1.9397217035e-01
-1.1039001867e-02
-2.7785018086e-01
-2.0215928555e-01
6.3534699380e-02
3.7467870861e-02
6.7162737250e-02
3.1394496560e-02
-1.2895400636e-02
-3.8264063001e-01
-2.7798247337e-01
1.9028808177e-01
6.5564149618e-01
4.6524833888e-02
1.2292692810e-01
-1.2999419868e-01
-1.5379105508e-01
-3.3560714126e-01
6.4529113472e-02
4.0085130930e-01
4.1384402663e-02
8.4507547319e-02
-6.1271343380e-02
-7.0478357375e-02
-3.1791073084e-01
-2.7145235799e-03
-9.6014961600e-03
1.1861761101e-02
1.8129946291e-01
-1.5913016796e+00
-1.0982534885e+00
-8.9094662666e-01
4.6744698286e-01
2.6866393089e+00
5.1872861385e-01
5.0646257401e-01
-1.2308169901e-01
-9.2720055580e-01
-2.6271027327e-01
-1.3595801592e-01
3.8268638309e-03
-2.6776432991e-02
-1.6625478864e-01
-6.1775587499e-02
1.6011062264e-01
7.7657938004e-02
9.9358625710e-02
-8.8284067810e-02
-8.5374057293e-02
-4.2073205113e-01
6.5480399132e-01
2.2164775431e-01
4.6824586391e-01
7.8908041120e-02
-1.4711435139e-01
1.1607387066e+00
-3.7738090754e-01
-1.1313968152e-01
-4.1630861163e-01
-1.4858353138e+00
-1.1198990047e-01
3.2078224421e-01
4.8973109573e-02
1.0005298853e+00
-1.1574502103e-02
8.6327515543e-02
-4.3531036377e-01
9.3548215926e-02
1.7341980711e-02
-3.7255752832e-02
4.8320405767e-04
-5.3146470338e-02
5.3717270494e-02
1.7969418317e-02
-1.7709924281e-01
-1.0674214363e+00
-2.7118241787e-01
1.5517101288e+00
1.0690655708e+00
2.7934417129e-02
-2.7119675651e-02
-2.4215655401e-02
3.7700235844e-02
4.9429550767e-02
6.9355040789e-02
4.4824987650e-02
-6.4021922648e-02
-5.1133319736e-02
1.8752327189e-02
3.6465179920e-01
2.5185987353e-01
-6.9408482313e-01
1.4976990223e+00
-7.9743194580e-01
-3.8341432810e-01
-1.5669392347e+00
2.2983932495e+00
1.8372892141e+00
6.4912259579e-01
-1.1609125137e-01
-1.3341840357e-02
-5.4359900951e-01
-2.2884921730e-01
-3.0303207040e-01
-2.7843412012e-02
-2.2128689289e-01
4.1764521599e-01
-9.3306797743e-01
3.4966191649e-01
-5.9377807379e-01
7.8639626503e-01
3.4623256326e-01
-1.4434572458e+00
9.5631442964e-02
-1.2833853252e-02
-3.1350404024e-01
-4.5291647315e-02
2.6939353347e-01
-3.3963215351e-01
-1.1478139162e+00
-2.6010733843e-01
6.4418703318e-01
-8.1109535694e-01
-3.3387997746e-01
-3.0703011155e-01
4.8343624920e-02
7.7264621854e-02
-4.4058886170e-01
7.5349062681e-02
4.1889676452e-01
1.3849945068e+00
1.9961309433e-01
8.9191234112e-01
1.0358637571e+00
1.0098040104e+00
7.7084654570e-01
-1.4690023661e+00
-2.6243102551e-01
3.6485071182e+00
-8.7697160244e-01
-2.0122744143e-01
-3.3345845342e-01
1.4110561609e+00
1.4203753471e+00
5.7215813547e-02
-3.6992076784e-02
-2.9657322913e-02
2.7564489841e-01
-8.4487386048e-02
-4.4056246988e-03
1.4526610263e-02
-1.4415948093e-01
1.1190232635e-01
2.9164563864e-02
-3.0380148441e-02
-1.9647683203e-01
6.5885919333e-01
-6.8243569136e-01
-1.0468330383e+00
3.1927112490e-02
-2.1580783650e-02
3.2152734697e-02
-5.2571851760e-02
4.3870877475e-02
-9.4461017847e-01
-5.4705482721e-01
-2.6167660952e-01
1.0654971600e+00
-2.7513068914e-01
6.5041172504e-01
7.9183316231e-01
-4.2033035308e-02
-5.5410939455e-01
1.5879862309e+00
-2.6719290018e-01
5.5703467131e-01
-6.9427317381e-01
3.8346557412e-03
-1.3905511796e-01
-7.0584917068e-01
-3.2941609621e-01
-4.2896965146e-01
1.2856287956e+00
3.8321261406e+00
3.4197743982e-02
-3.9584234357e-02
-6.2287818640e-02
-9.5665911213e-03
-2.1549876779e-02
-6.5911066532e-01
1.5097292662e+00
-2.8342700005e-01
1.8351434469e+00
5.0735253096e-01
3.2336879522e-02
1.0882382095e-01
-4.5323178172e-02
-4.8869129270e-02
-3.6792308092e-02
1.6315270662e+00
1.2179933786e+00
-5.8605480194e-01
-1.0587626696e+00
8.8254898787e-01
6.6020704806e-02
-1.7128095031e-01
9.9978759885e-02
1.1356668174e-01
2.8689635918e-02
4.5047972351e-02
5.5506533384e-01
-1.4775865711e-02
-5.6437146664e-01
6.5435647964e-01
8.7517321110e-02
9.2455886304e-02
-1.3513436913e-01
-9.9356621504e-03
2.1231362596e-02
-4.7746753693e-01
-1.3044652529e-02
1.5058162808e-01
2.2324991226e+00
3.8941795826e+00
-1.2340550423e+00
9.2393225431e-01
3.8809779286e-01
-2.4968426228e+00
-2.8589947224e+00
-4.8834341764e-01
-5.9784847498e-01
7.5562167168e-01
2.8106105328e-01
-6.1419993639e-01
-4.9977862835e-01
1.8675866127e+00
1.0508985519e+00
-1.4514555931e+00
-5.8523982763e-01
2.7079167776e-03
-2.2514002398e-02
-1.2332315557e-02
-1.6180615872e-02
-1.1949140579e-02
-5.4047752172e-02
5.1374696195e-02
6.5929330885e-02
4.2998600751e-02
1.2607008219e-02
5.3716607392e-02
-1.2163692154e-02
4.6357933432e-02
3.1516738236e-02
3.4505799413e-02
5.8718425035e-01
-3.1027697027e-02
4.3731430173e-01
-2.2778116167e-01
7.3979222216e-03
-9.3976594508e-02
-3.8975216448e-02
-3.9749681950e-02
1.0681929439e-01
1.3173162937e-01
9.9901333451e-02
-2.5326341391e-01
-3.8204735518e-01
-1.1885444820e-01
-1.3725514710e-01
-3.6127232015e-02
-4.3016873300e-02
2.6462288573e-02
2.4151410908e-03
7.8660426661e-03
-1.2981243432e-01
5.8277137578e-02
-1.0351525620e-02
-3.4413788468e-02
9.9233370274e-03
-1.3655015826e-01
-1.9716572016e-02
3.7282116711e-02
9.4344347715e-02
1.9684703648e-01
-2.1792735159e-01
-7.2697602212e-02
1.3542775065e-02
-3.9320733398e-02
4.9301661551e-02
-6.5009966493e-02
-8.2822414115e-03
4.0224622935e-02
-9.5524461940e-03
-1.7431295710e-03
2.2856318951e-01
-3.3630203456e-02
-2.6421699673e-02
-6.5647028387e-02
3.5021367669e-01
-5.4798841476e-01
-5.0231504440e-01
8.0287322402e-02
6.6999936104e-01
-4.8589637876e-01
-6.6874407232e-02
5.9499580413e-02
6.6783443093e-02
4.7639481723e-02
4.5454103500e-02
-3.1917321682e-01
1.3377885818e+00
3.9706334472e-01
4.8097959161e-01
2.8939550743e-02
-1.1074755341e-01
-1.4468102157e-01
-1.8648672104e-01
3.0615990981e-02
-1.5236142278e-01
-4.6458240598e-02
2.2385051474e-02
2.0760174841e-02
-1.9881082699e-02
-2.5410085917e-02
-3.1967148185e-01
-1.9430448115e-01
-5.5216336250e-01
-5.8987089433e-03
2.6459008455e-01
-1.5701572597e-01
5.4821893573e-02
-4.9719769508e-02
1.3626398146e-01
-2.2767186165e-01
-4.7294843942e-02
4.5618183911e-02
1.8212209642e-01
-3.5203509033e-03
-1.9936113060e-01
3.5790447146e-02
1.6758671030e-02
1.2001245283e-02
-3.2754030079e-02
6.9572627544e-02
4.0494270623e-02
1.9448738545e-02
1.3986366987e-01
8.0698475242e-02
1.1801007390e-01
2.3985861242e-01
-4.4868066907e-03
-4.2014840990e-02
2.8184723109e-02
1.2139648944e-01
6.0018461198e-02
1.6873091459e-01
4.8335127532e-02
-1.6080999747e-02
-4.9463327974e-02
3.9338815212e-01
-1.2388990819e-01
-1.7746491358e-02
2.8178432584e-01
1.3353677094e-01
-3.5576119423e+00
-5.8716068268e+00
-2.2313644886e+00
4.8877349496e-01
-4.7162882984e-02
-9.1644898057e-02
-5.3319584578e-02
9.5669105649e-02
-1.6309332103e-02
1.5134820342e-01
-2.3842107505e-02
-1.2077774107e-01
-1.2871125340e-01
-2.8041012585e-02
-2.3062926531e-01
-3.8424590230e-01
2.8020027280e-01
-1.4806394279e-01
5.2628707886e-01
1.0507225990e-01
-2.3576153442e-02
-3.6812141538e-02
-5.6384988129e-02
4.3765902519e-03
1.4070328325e-02
6.7589837313e-01
3.6631572992e-02
-2.5338504463e-02
7.4492144585e-01
-8.7514150143e-01
1.2134083547e-02
-9.8041683435e-02
-3.2929956913e-01
3.2423830032e-01
-4.7550806403e-01
1.8837007880e-01
-2.2619152069e-01
-1.1250480264e-01
-2.3285858333e-01
-3.0548268929e-02
7.4278756976e-02
2.0466242731e-01
-1.2198189646e-01
-3.1987715513e-02
3.8402491808e-01
-1.0504643619e-01
1.5983274579e-01
-1.6239412129e-01
6.0975126922e-02
-7.2360284626e-02
1.8159041181e-02
-2.9423036613e-03
1.7325215042e-02
6.4353384078e-02
2.2531976923e-02
1.6734058037e-02
8.1482287496e-03
1.7604755238e-02
1.6118852422e-02
5.2904095501e-03
-2.1370034218e+00
-5.6497507095e+00
-2.1126208305e+00
2.4725614488e-01
3.8088631630e+00
-4.4340927154e-02
1.9225951284e-02
1.4767140150e-02
1.2613521889e-02
5.4547735490e-03
1.6643957794e-01
6.5671277046e-01
-7.1997188032e-02
1.6674776375e-01
2.6141881943e-01
1.5257687569e+00
4.5080952644e+00
2.2664804459e+00
2.4874372482e+00
3.1434209347e+00
6.5613068640e-02
-1.9395513833e-01
6.7680161446e-03
4.0893277526e-01
-2.0911915600e-01
-1.0609684512e-02
-2.2013401613e-02
-1.7837665509e-03
2.5103311986e-02
2.6003424078e-02
1.0124578327e-01
-1.8926393986e-01
7.5042851269e-02
4.0416151285e-01
-6.5701626241e-02
-1.4954145299e-03
1.1059278622e-02
-5.8330832981e-03
3.3354245126e-02
7.4874803424e-02
2.6364119723e-02
-1.0073951632e-01
-9.5109261572e-02
-1.9588595256e-02
-6.0223169625e-02
-2.3554880172e-02
-6.3891786337e-01
-1.5987141430e-01
2.3165130615e-01
-1.1223909855e+00
-2.1174099445e+00
-1.7520968914e+00
-1.3510322571e+00
-4.7295883298e-01
-1.5857341886e-01
-4.3781235814e-02
-6.9717504084e-02
-4.2572077364e-03
-5.3538203239e-02
-6.5692245960e-02
6.5293170512e-02
-3.5052371025e-01
-6.1594218016e-01
-2.7852471918e-02
-2.8404992819e-01
3.6193657666e-02
1.3052683324e-02
-1.1459658854e-02
1.1958765797e-02
6.4510598779e-02
-4.2379904538e-02
-4.5730274171e-02
2.9889063910e-02
-2.6118081063e-02
-9.2595182359e-02
-8.4934079647e-01
-3.4984316677e-02
2.0461831987e-01
-2.2119933367e-01
8.1507012248e-02
-4.8237007111e-02
-3.6154034734e-01
3.0412647128e-01
4.5385861397e-01
6.4989447594e-02
1.3747851849e+00
2.0139286518e+00
2.5319643021e+00
1.0472121239e+00
3.8655898571e+00
-1.7195402086e-01
-7.4407547712e-02
8.9635513723e-03
3.2179601490e-02
-1.1542471498e-01
-6.2936252356e-01
-2.1050159633e-01
9.5362015069e-02
1.6154362261e-01
-1.8363645300e-02
-1.7473107204e-02
-1.2913244776e-02
-1.9347351044e-02
-9.4085074961e-03
-4.5709824190e-03
1.9759747386e-01
-4.4785548002e-02
8.7122693658e-02
3.9685130119e-02
2.9530756176e-02
-3.2554829121e-01
-4.6307769418e-01
-5.1333022118e-01
-4.7462604940e-02
5.8602172136e-01
2.5146283209e-02
-1.1754748411e-02
-3.9743058383e-02
-1.2958581559e-02
2.4563173950e-01
8.8306103135e-04
2.4733973667e-02
-6.8498204928e-04
1.9304135814e-02
-3.4939453006e-02
7.0252314210e-02
-1.0867728293e-01
-3.4495424479e-02
-3.4487543162e-03
-7.5171396136e-02
1.7859162390e-01
3.2463952899e-01
1.1419304460e-01
-9.4022639096e-02
-1.3813713193e-01
2.6350663393e-04
9.0539723635e-02
1.3634803891e-01
-1.0985401273e-01
-5.1270812750e-01
-2.8432827443e-02
2.1456532180e-01
-1.0852856636e+00
-2.0374584198e-01
1.0255151428e-02
8.9360165596e-01
1.1331663132e+00
-2.4240598083e-01
-8.9266479015e-01
-3.5090938210e-01
4.6889227629e-01
-4.7597240657e-02
9.2746950686e-02
6.9279956818e-01
4.2124456167e-01
1.4984651804e+00
4.7737142444e-01
-1.0762795210e+00
-2.8972198963e+00
-1.9567773342e+00
-4.6592301130e-01
2.2094537318e-01
-2.9369625449e-01
1.4140337706e-01
-8.7118148804e-02
1.9640122354e-01
-1.1198740453e-02
-8.4742270410e-02
1.1923603714e-01
2.3467713594e-01
-5.2559131384e-01
3.4256670624e-02
-9.4065654278e-01
-1.0394513607e+00
8.3953201771e-01
1.5253868103e+00
4.7374629974e-01
9.8955750465e-02
-1.8452723026e+00
-1.7482032776e+00
1.7250815406e-02
1.6576293111e-01
1.9287155569e-01
-1.8849113584e-01
-5.2049714327e-01
-6.9302982092e-01
-1.5405516624e+00
-2.7428331971e-01
-2.0837948322e+00
-1.7867075205e+00
1.2948691845e+00
1.6656102613e-02
1.6789877415e+00
2.1394081414e-01
-7.9466652870e-01
8.4431849420e-02
4.0741708875e-01
1.9819571078e-01
3.6819210649e-01
-1.9095637253e-04
7.2641164064e-01
-6.2196403742e-01
7.4501059949e-02
4.8152498901e-02
-9.1531507671e-02
-9.6416902542e-01
-5.0756162405e-01
7.5033873320e-01
6.8679940701e-01
-1.0657715797e+00
2.5589188933e-01
7.5861759484e-02
1.3493992388e-01
1.3188989460e-01
3.6665853858e-01
-3.6093914509e-01
1.4385189116e-01
8.1790924072e-02
3.8260877132e-01
-1.1580638587e-01
5.9738337994e-02
2.6017645001e-01
-1.0247135907e-01
1.6278769076e-01
1.5023209155e-02
-2.6182487607e-01
1.2042893171e+00
8.6597129703e-02
4.0268862247e-01
3.0286857486e-01
-1.3456015289e-01
-2.3585486412e-01
1.3198746741e-01
6.2869384885e-02
-1.3754789531e-01
-2.5548869371e-01
-1.5412089229e-01
2.5672906637e-01
1.1355018942e-03
6.1375133693e-02
-5.8366864920e-01
-1.0223979503e-01
1.7114253342e-01
2.8635692596e-01
-6.5951995552e-02
-1.7641679049e+00
-3.8572077751e+00
-4.2395436764e-01
-7.4798250198e-01
-3.4670398235e+00
1.6975346804e+00
1.3225765228e+00
5.5684679747e-01
-1.0289693624e-01
-5.0982093811e-01
1.9601434469e-01
3.6853652447e-02
1.9170309603e-01
1.3246460259e-01
1.6692446172e-01
2.3404176533e-01
3.4808631986e-02
-6.9514766335e-02
5.4510450363e-01
-1.0748616606e-01
-2.8699466586e-01
-1.9667363167e-01
7.7405087650e-02
1.8969570100e-01
2.9717683792e-01
1.2239658833e+00
6.7619508505e-01
1.1505010128e+00
2.8429046273e-01
-2.4989964962e+00
2.7520036697e+00
2.8790822029e+00
1.5573012829e+00
1.1384155750e+00
8.5393410921e-01
7.9352512956e-02
-2.3519541323e-01
-4.3471431732e-01
-2.1987493336e-01
1.9469723105e-01
-1.3242213428e-01
-3.2542631030e-02
-1.8208855391e-01
1.4959180355e-01
1.2778680772e-02
5.6008376181e-02
-8.9089713991e-02
9.1555237770e-01
9.4134771824e-01
1.3435629606e+00
-1.6913183033e-01
5.4998928681e-03
-1.0677995533e-01
-7.8199729323e-02
1.4402723312e-01
7.9530194402e-02
-6.3406124711e-02
-6.1114378273e-02
1.8309253454e-01
-1.0312697291e-01
-3.3713978529e-01
2.3715622723e-01
4.6652352810e-01
-1.6805515289e+00
3.0290636420e-01
1.8046057224e+00
1.6091951132e+00
6.4888495207e-01
1.6429185867e+00
-1.1831613779e+00
-2.7117520571e-01
-8.1668928266e-02
-7.2692918777e-01
3.2036954165e-01
2.9745244980e-01
2.5659263134e-01
-1.0850345716e-02
5.9676623344e-01
4.7405965626e-02
2.3520417511e-01
3.6419954896e-01
5.5191230774e-01
-1.6443295479e+00
1.1855418682e+00
-1.2608287334e+00
-7.8164547682e-01
2.2583889961e-01
1.3851772994e-02
7.7276927233e-01
4.2140352726e-01
-9.6666181087e-01
-7.1199871600e-02
4.3841740489e-01
5.8633041382e-01
-6.4168512821e-01
-1.9577978551e-01
1.3747549057e-01
8.5483807325e-01
-5.5346316099e-01
-6.7174935341e-01
-6.3893544674e-01
-1.3334258795e+00
-1.5636250973e+00
-2.3665178567e-02
3.8125351071e-01
3.3304414749e+00
-7.9585671425e-01
-8.9036279917e-01
3.0737116933e-01
-1.6687318087e+00
1.2066111565e+00
5.0758743286e-01
3.8452500105e-01
3.9233830571e-01
-2.4686725140e+00
1.0250173807e+00
3.4686750174e-01
6.7421269417e-01
8.2164925337e-01
-3.0872252584e-01
-7.2121590376e-02
-1.2967509031e-01
2.5699618459e-01
3.6423951387e-01
9.9245630205e-02
1.1598157138e-01
-1.3346189260e-01
1.5218773484e-01
7.0699024200e-01
-2.4819454551e-01
4.0290227532e-01
-2.2746799886e-01
1.1562514305e-01
-1.8843967468e-02
4.1379690170e-02
2.1837935448e+00
1.2479196787e+00
-8.8822293282e-01
-6.7261242867e-01
-8.2150584459e-01
1.9703580141e+00
6.1664867401e-01
-1.9885903597e+00
1.0654545575e-01
6.8769735098e-01
-5.0230020285e-01
3.4963554144e-01
-9.8067991436e-02
-1.3473352790e-01
1.1437387019e-01
5.2385979891e-01
7.8163582087e-01
1.4564428329e+00
-4.7302845120e-01
-2.5760858059e+00
2.2550433874e-01
-2.2327646613e-01
1.3521154225e-01
2.2091075778e-01
-8.8750213385e-02
9.8756426573e-01
2.2307283878e+00
1.2893083096e+00
2.6200413704e-01
-6.9166475534e-01
-8.1666760147e-02
-9.5961347222e-02
-1.5478241444e-01
2.5685053319e-02
-1.0245979764e-02
-4.4794445038e+00
-7.6557368040e-01
-9.0082144737e-01
-8.5451507568e-01
-1.8537973166e+00
-9.9110907316e-01
-1.2945106626e-01
-4.1228899360e-01
1.9795744121e-01
2.4991822243e-01
-1.5323533118e-01
3.0968031287e-01
3.1204482913e-01
4.4173476100e-01
6.0313981771e-01
-2.7280920744e-01
-1.0675110668e-01
-5.2677795291e-02
-5.2228692919e-02
-9.4666117802e-03
2.7888438106e-01
-1.0156434029e-02
2.1521723270e+00
5.0799810886e-01
8.6247152090e-01
-4.1102862358e+00
-4.6656274796e+00
-2.1469430923e+00
2.3471324444e+00
5.3086934090e+00
4.1730749607e-01
-9.1628241539e-01
-2.9628589749e-01
1.2354656123e-02
-6.1002010107e-01
-1.2785611153e+00
1.3769111633e+00
-6.1337149143e-01
1.1328431368e+00
1.5181488991e+00
-6.4155183733e-02
-5.5054370314e-02
8.3069298416e-03
-6.3161350787e-02
1.8018646166e-02
1.3229878247e-01
2.2168060765e-02
1.2911792099e-01
-5.1914315671e-02
-2.2160877287e-01
-3.9196770638e-02
-2.4456057698e-02
-1.6407039948e-03
7.8217908740e-03
6.1715848744e-02
-6.1775219440e-01
1.0813084990e-01
1.9404329360e-01
-3.6268264055e-02
1.8223384023e-01
-3.5182211548e-02
-1.1328414828e-01
6.2574379146e-02
-1.1629877239e-01
-3.8230398297e-01
-9.2480674386e-02
3.1678143889e-02
-1.4259846509e-01
-4.5984539390e-01
3.3268740773e-01
5.5883053690e-02
-6.3863672316e-02
-6.9582648575e-02
-4.1126038879e-02
4.0075059980e-02
-1.2975442223e-02
-3.2857347280e-02
5.2609007806e-02
-8.3349775523e-03
-3.8757935166e-01
-2.8039404750e-01
3.3470478654e-01
1.4572623372e-01
1.8156999722e-02
2.4852223694e-01
-1.4343393967e-02
6.6136574745e-01
-2.6347649097e-01
5.2402514219e-01
5.0961107016e-01
2.6761814952e-01
-8.8215030730e-02
1.8478896469e-02
-1.3460573554e-01
-4.9911402166e-02
3.0547213554e-01
2.8326940536e-01
-4.0431499481e-02
-1.0002206266e-01
-7.9075694084e-02
1.3111597300e-01
-3.4046834707e-01
5.8461749554e-01
-4.0189128369e-02
-4.7603547573e-01
-3.9031773806e-01
-1.0176368058e-01
-1.0272464156e-01
-7.5611136854e-02
-2.4568098597e-03
-1.5589487553e+00
-2.4246034622e+00
9.1667181253e-01
8.5678732395e-01
1.0669609904e-01
4.6982750297e-01
4.4599115849e-01
7.3989689350e-02
-1.5987335145e-01
1.6451478004e-02
-1.1361011118e-01
1.5675784647e-01
-1.0566783696e-01
-5.7526800781e-02
1.7296519876e-01
3.6672094464e-01
1.6603736579e-01
8.3961918950e-02
1.3810750842e-01
3.4531807899e-01
-1.4008949511e-02
6.2765264511e-01
-1.0637044907e-02
5.9512838721e-02
1.1224591173e-02
-1.2076851726e-01
6.3837051392e-02
3.1284546852e-01
3.8065958023e-01
-6.6303515434e-01
-4.8557959497e-02
-9.7557671368e-02
-9.9033683538e-02
7.3982320726e-02
1.8394307792e-01
3.6147195101e-01
-1.3187721372e-01
1.5087448061e-01
-1.4644467831e-01
1.9546981156e-01
-1.3576509058e-01
2.3915797472e-01
-3.7312310189e-02
-3.4322428703e-01
-2.8870606422e-01
-1.0159872472e-01
8.7584875524e-02
1.0611085594e-01
-2.0221330225e-02
-1.4360138774e-01
5.3036558628e-01
-3.0166100711e-02
-1.1758021265e-01
8.7643629313e-01
4.6404719353e-02
8.6143010855e-01
1.8604582548e+00
-1.2239046097e+00
1.4619660378e+00
-4.1127151251e-01
-1.4133362472e-01
1.6694843769e-02
4.5506097376e-02
-1.8430188298e-01
2.2879134119e-01
5.9403353930e-01
1.7177109420e-01
4.0733039379e-02
2.2945018113e-01
-1.5424662828e-01
1.0705830902e-01
4.2017191648e-01
2.0452745259e-01
4.7156121582e-02
2.2014352679e-01
9.9360430613e-03
4.8183783889e-02
1.5396527946e-02
6.6173575819e-02
-6.3709944487e-02
-6.5940719843e-01
6.4837360382e-01
2.7176746726e-01
-4.2793422937e-01
-6.7504668236e-01
-5.9244953096e-02
-7.7444851398e-02
2.9264816642e-01
-1.7585779727e-01
-2.4646949768e-01
1.7934179306e-01
-2.7149283886e-01
-2.8134569526e-01
4.4155482203e-02
2.3616646230e-01
6.4413684607e-01
1.7423640937e-02
-2.9882943630e-01
-9.3906283379e-02
-4.4015344977e-01
7.4526554346e-01
8.5816904902e-02
-7.1071431041e-02
2.3524856567e-01
-1.4168384671e-01
-5.5420298129e-02
-6.5727703273e-02
-2.8435207903e-02
6.4492389560e-02
9.3708485365e-02
-9.1829068959e-02
1.7425548285e-02
2.1340856329e-02
7.4024505913e-02
5.1384642720e-02
-2.2023656368e+00
5.2536595613e-02
-7.2661268711e-01
-2.3934123516e+00
-3.7817978859e-01
3.5393020511e-01
-5.2770830691e-02
-5.6774192490e-03
-4.3210577220e-02
5.4811120033e-02
6.8781906366e-01
-3.6742937565e-01
5.5085361004e-01
-1.1827179044e-01
-6.7643117905e-01
1.6972459555e+00
2.4461846352e+00
3.6565787792e+00
4.8731760979e+00
1.2924869061e+00
1.1381044053e-02
-6.9942466915e-02
5.7607012987e-01
-2.2942958772e-01
1.1809027940e-01
-3.7622435484e-03
-2.1591911092e-02
1.4205905609e-04
-3.1493019313e-02
-1.6342517920e-03
1.2823532820e+00
-5.1169061661e-01
2.7234753966e-01
3.1041595340e-01
-5.8319652081e-01
7.9631552100e-02
-9.0182632208e-02
-3.1464282423e-02
5.1509074867e-02
2.5309428573e-01
-4.1688628495e-02
-6.5961562097e-02
-1.6928586364e-01
1.6856473684e-01
-9.4018559903e-03
-1.9072782993e-01
-1.0590760410e-01
7.1514922380e-01
3.8633245230e-01
-3.1802791357e-01
5.2280843258e-01
-1.4185119867e+00
-1.5664308071e+00
-2.5519990921e+00
-1.1133027077e+00
-1.0248203576e-01
2.3476718366e-01
-1.1138064414e-01
2.5730671361e-02
-1.4678299427e-01
2.7450710535e-01
-1.7376650870e-01
-1.9453762472e-01
2.0371428132e-01
-3.7695500255e-01
-1.2100704014e-01
2.0105552673e-01
-1.8406611681e-01
3.4655907750e-01
-1.3115483522e-01
-7.5473114848e-02
-1.0715572536e-01
-1.7605515197e-02
8.3189725876e-02
4.4926013798e-02
-1.0034775734e-01
-4.3075761199e-01
-2.2090281546e-01
6.4996436238e-02
1.1257081479e-01
-2.0876139402e-01
-5.0893723965e-01
2.5712108240e-02
5.1621299982e-01
-1.6703256965e-01
1.8522201478e-01
1.4997826815e+00
2.7265000343e+00
1.3952232599e+00
1.3988747597e+00
4.0661182255e-02
-2.0571969450e-01
5.6299317628e-02
8.1652604043e-02
-3.5390296578e-01
4.7139286995e-01
3.1400468946e-01
-1.0471587628e-01
2.7323269844e-01
4.1685456038e-01
1.1522673070e-01
-2.8143543750e-02
-6.1325516552e-02
-1.7934314907e-01
-7.3939204216e-02
6.7922785878e-02
-4.2808204889e-02
2.5245314464e-02
1.0106946528e-01
3.0141143128e-02
8.4167981148e-01
-2.2423877716e+00
-1.9849658012e+00
-2.1796817780e+00
-1.6022092104e+00
-1.2036606669e-01
6.9375939667e-02
-5.5810365826e-02
-1.5748407692e-02
-2.1020556986e-01
5.6675714441e-03
7.4655801058e-02
4.0326777846e-02
2.2999711335e-02
-4.0832951665e-02
-7.1178711951e-02
1.9287110263e-05
7.0478540147e-04
-3.0516609550e-01
1.0360876471e-01
-4.4441697001e-01
2.2288997471e-01
-2.0695717633e-01
5.2736049891e-01
-2.2888852656e-01
4.1183415055e-01
-5.8215051889e-01
-1.5024316311e-01
2.5625392795e-01
4.6149981022e-01
-2.7047994733e-01
3.7718251348e-01
3.6145609617e-01
1.1415164918e-01
9.0092957020e-02
8.0555433035e-01
1.4415397644e+00
-1.1850857735e+00
-3.8190928102e-01
-2.0877502859e-01
5.1678061485e-01
1.0504703969e-01
-3.4920093417e-01
2.6100820303e-01
-6.2473541498e-01
7.3024010658e-01
5.4300103188e+00
-9.6692395210e-01
1.0124389827e-01
-8.3398860693e-01
3.4707084298e-01
1.6946168244e-01
-3.5645550489e-01
8.1970036030e-01
1.4349662699e-02
-3.1230326742e-02
-1.1234553158e-01
-1.9527624547e-01
-1.4637921751e-01
1.0566980392e-01
1.2299710512e+00
1.0473356247e+00
-3.6289855838e-01
2.8015029430e-01
-7.0369285345e-01
1.6573995352e-01
2.6696763039e+00
1.9081362486e+00
-1.2432187796e+00
-1.6159855127e+00
1.5904475749e-01
-4.6074077487e-01
-1.6313704848e-01
2.7574703097e-01
4.7116777301e-01
-1.1661802530e+00
3.3593213558e-01
-1.8083648384e-01
-5.5157816410e-01
-1.6462793350e+00
2.5812250376e-01
2.6270143986e+00
5.3578394651e-01
-1.1956255138e-01
7.2968381643e-01
9.1031171381e-02
2.6798203588e-01
-6.9058954716e-01
5.9135115147e-01
2.4782338738e-01
6.8367533386e-02
8.2272756100e-01
-5.8271014690e-01
8.0939108133e-01
-1.8327085972e+00
1.2702660561e+00
-7.8324985504e-01
2.7892825007e-01
-5.0525581837e-01
8.7505525351e-01
-5.0861489028e-02
-1.2302792072e+00
5.4352390766e-01
2.4754218757e-01
-3.8963863254e-01
2.9508808628e-02
-6.7695295811e-01
1.3496282697e-01
2.1266964078e-01
6.5483140945e-01
1.3760396838e-01
-4.0113413334e-01
-5.3732049465e-01
3.4876811504e-01
4.6992085874e-02
9.4758458436e-02
-1.3594472408e+00
7.2841835022e-01
-4.9507257342e-01
-3.2558277249e-01
6.7403399944e-01
-6.9622290134e-01
4.5749026537e-01
-1.9167681038e-01
4.8854145408e-01
-8.4834867716e-01
7.1710443497e-01
-6.9980031252e-01
8.1541508436e-01
-1.3492244482e-01
-1.5174249411e+00
-2.9650798440e-01
3.7355443835e-01
2.0115387440e-01
4.2680874467e-01
3.4700274467e+00
-1.7191979885e+00
-1.8542721868e-01
9.3603777885e-01
-1.1770029068e+00
7.8189629316e-01
-9.1119527817e-02
2.2577366829e+00
-4.0072959661e-01
-2.1812219918e-01
-1.0667926073e-01
-3.3466044068e-01
4.6025279164e-01
2.1392907202e-01
-2.1232534945e-01
3.9935475588e-01
-1.6493973136e-01
3.5109333694e-02
-3.0514711142e-01
-5.8222061396e-01
-2.4773031473e-01
5.3054571152e-01
-1.0740733147e+00
5.3967243433e-01
-1.7883709073e-01
2.6637630463e+00
2.6644954681e+00
1.0853221416e+00
4.2730322480e-01
4.1253140569e-01
1.0203386098e-01
7.0015835762e+00
2.5575234890e+00
6.4637392759e-02
-1.8846007586e+00
9.2346750200e-02
2.6864394546e-01
3.9256978035e-01
-4.9587476254e-01
4.2499322444e-02
7.9495787621e-02
9.3419119716e-02
1.1110013723e-01
-9.3841157854e-02
-1.6963568330e-01
2.4467887878e+00
2.6943268776e+00
-2.2640292645e+00
3.4647965431e-01
2.3633584380e-01
-1.7986562848e-01
-3.4455206990e-01
2.8077894449e-01
2.0790384710e-01
1.0869926959e-01
5.7809579372e-01
2.7123564482e-01
6.3498341478e-04
4.7902993858e-02
-1.8095721304e-01
1.3209850788e+00
1.1105220765e-01
-1.7550509423e-02
9.3182569742e-01
4.2930996418e-01
-6.0704618692e-01
3.2498061657e-01
-1.4407109022e+00
4.4966229796e-01
-5.2418500185e-01
6.9617229700e-01
-5.0286358595e-01
2.8445124626e-01
-1.3444992304e+00
-1.6447010636e-01
3.3072766662e-01
-4.9408695102e-01
-6.6527062654e-01
1.4742656052e-01
2.1699948311e+00
2.2599043846e+00
5.4657661915e-01
-3.1945240498e-01
-1.4133727551e-01
-1.6546539962e-01
1.8847301006e+00
9.6190875769e-01
-3.4799069166e-01
4.9183753133e-01
-2.1369342804e+00
-4.1351649165e-01
-6.8569377065e-02
1.9395828247e-01
-5.3178459406e-02
-2.7976587415e-01
-1.4273326099e-01
6.3645583391e-01
-7.5566381216e-01
2.9374301434e-01
-1.1412698030e-01
3.5826601982e+00
2.6155710220e+00
-1.0805102587e+00
-3.1432173252e+00
-1.9884433746e+00
-4.3151128292e-01
4.6645603180e+00
8.2444572449e-01
-1.3309146166e+00
-7.7858263254e-01
-3.0774843693e-01
7.4270480871e-01
-5.3412520885e-01
-8.1923747063e-01
-4.6057468653e-01
-3.8312616944e-01
6.4706116915e-01
-3.2437565923e-01
2.3255337775e-01
-1.8387424946e-01
-6.9919794798e-02
-7.1693450212e-01
1.9154897332e-01
-9.9203222990e-01
2.5946742296e-01
-4.0831893682e-01
-8.6651593447e-02
4.6430435032e-02
8.1545692682e-01
2.5337407589e+00
-3.0008384585e-01
3.6569583416e-01
-3.3884531260e-01
7.0828527212e-02
-5.7257667184e-02
7.6588428020e-01
2.0896738768e-01
1.0478765517e-01
-6.2859988213e-01
1.5656264126e-01
-8.5355132818e-02
1.0700058937e+00
2.2782991827e-01
-2.6541790962e+00
-1.3901600838e+00
9.1517798603e-02
-1.5110709667e+00
3.9063993096e-01
-2.2181777656e-01
1.3494226336e-01
7.6083606482e-01
1.9575196505e+00
-3.6023396254e-01
2.5103595853e-01
-1.2009325027e+00
-2.2121724486e-01
4.7616383433e-01
-1.1557471938e-02
2.1511307359e-01
-1.5422996879e-01
-2.1037480831e+00
1.7104099989e+00
-1.7414920330e+00
9.2114299536e-01
4.2589113116e-01
2.5564506650e-02
2.7227035165e-01
-1.5530255437e-01
1.6634432971e-01
2.0636212826e-01
2.4358584881e+00
-9.3489986658e-01
8.8042467833e-01
3.0954450369e-01
-1.4586220980e+00
3.2734596729e-01
-2.0849235356e-01
3.6543983221e-01
-5.9327709675e-01
4.8068925738e-02
7.6601564884e-01
-1.4310389757e+00
8.4965246916e-01
8.2866989076e-02
3.5321620107e-01
-3.1392183155e-02
7.3843288422e-01
-7.1417856216e-01
9.1801479459e-02
-1.1224246025e-01
-7.0601439476e-01
2.8481307030e+00
-1.6014838219e+00
5.5551129580e-01
-7.4171680212e-01
-2.8912730217e+00
-2.8099193573e+00
-2.2041947842e+00
-2.5257561207e+00
-9.4515681267e-01
-4.8895829916e-01
-1.8767977953e+00
-1.9774524868e-01
7.8552132845e-01
-7.0561850071e-01
-2.5681893826e+00
1.4670638740e-01
-4.1146883368e-01
5.2669111639e-02
-8.5799646378e-01
1.0353769362e-01
-6.1881355941e-02
1.9401192665e-02
5.2428204566e-02
-5.8710062876e-03
1.0835462064e-01
3.3751558512e-02
-1.2934121490e-01
-5.7186607271e-02
2.1841569245e-01
1.0691477917e-02
8.0904392526e-03
-1.0758633167e-01
7.4490122497e-02
2.4455934763e-02
-1.6093552113e-01
2.2373655438e-01
-7.7895170450e-01
6.4580851793e-01
5.8929282427e-01
5.0445385277e-02
1.0467566550e-01
5.0197429955e-02
-2.4558329955e-02
-1.5344926715e-01
-1.6371668875e-01
-2.4386784434e-01
-1.8381373584e-01
1.1398132145e-01
3.0483035371e-02
-8.2205601037e-02
1.4794401824e-02
-6.7810580134e-02
1.7633162439e-02
-9.9934116006e-02
2.3611149192e-01
-3.1629465520e-02
8.1085547805e-02
-2.6314960793e-02
1.2675406039e-01
-2.5720575452e-01
-8.6111389101e-02
-5.5062031746e-01
1.1649244279e-01
-4.5106306672e-01
-3.3022180200e-02
-9.9815517664e-01
6.6428500414e-01
-7.5926208496e-01
3.0498841405e-01
-9.8158888519e-02
-1.5162914991e-01
-5.7948414236e-02
4.3400142342e-02
1.6045893729e-01
-2.6367422938e-01
1.5458118916e-01
-3.2195678353e-01
5.0835188478e-02
4.0368834138e-01
-1.5267993510e-01
-7.3754616082e-02
-2.2755253315e-01
1.6844035685e-01
-1.9060403109e-01
4.5455666259e-03
6.1699111015e-02
-6.5864503384e-02
-2.8194645420e-02
-8.8314168155e-02
4.2333599925e-01
1.1820123196e+00
-4.8001340032e-01
-2.8053328395e-01
3.2798472047e-01
-1.1554103345e-01
-8.7951523066e-01
3.6142636091e-02
-5.8845305443e-01
1.9403213263e-01
-3.0638743192e-02
-9.3878738582e-02
1.0275202990e-01
-7.2244822979e-02
1.3875542581e-01
-2.1978360415e-01
-2.5192376971e-01
8.2375310361e-02
-5.5529732257e-02
-4.4125390053e-01
2.9491761327e-01
-9.2802204192e-02
-2.1699564159e-01
-8.9937485754e-02
-2.7477273345e-01
-1.3150210679e-01
-3.0724993348e-01
-1.6173389554e-01
2.4171435833e-01
-5.8272741735e-02
-2.7885653079e-02
2.6907555759e-02
-4.7022558749e-02
3.2677315176e-02
-1.2500075996e-01
-2.7291910723e-02
-1.6345708072e-01
1.6091395169e-02
2.5487223268e-01
-3.9833435416e-01
6.6363227367e-01
-2.5468605757e-01
-5.9722888470e-01
1.6965599358e-01
2.2095631063e-01
9.3470573425e-02
3.9253361523e-02
-7.2109609842e-02
-2.7053013444e-01
6.5728522837e-02
-4.1647650301e-02
5.1181655377e-02
3.7270057201e-01
1.2240042686e+00
-3.0104398727e-01
4.7950239182e+00
1.8441339731e+00
2.2203259468e+00
-3.3164348602e+00
-3.8946256042e-01
-2.3032826185e-01
5.7486847043e-02
-2.8612422943e-01
1.8801385164e-01
4.9309164286e-02
3.7045541406e-01
-1.4210540056e-01
3.8959062099e-01
2.8340566158e-01
-8.8494323194e-02
-2.6951602101e-01
-5.6252771616e-01
2.5603666902e-01
-3.4417936206e-01
2.0816110075e-01
2.1605098620e-02
-7.1200661361e-02
-3.9868932217e-02
-4.7717306763e-02
-4.6524450183e-02
5.7780612260e-02
-5.7252132893e-01
-5.7769056410e-02
-6.4793980122e-01
-4.5785871148e-01
-1.0849659145e-01
-2.2071978450e-01
-3.9532223344e-01
4.5811995864e-01
-3.7929737568e-01
7.4348985218e-03
5.3422176838e-01
-2.7619367838e-01
-1.4948855340e-01
-1.8048910424e-02
-7.8755468130e-02
-1.2327936292e-01
4.1406956315e-01
8.6036257446e-02
2.9286649823e-01
-7.2992056608e-01
1.4895795286e-01
2.8208008409e-01
-1.8831798434e-01
1.6955617815e-02
7.4744638987e-03
-1.9085186720e-01
-6.7529357970e-02
-1.0843365453e-02
2.3089602590e-02
-5.7667724788e-02
4.2938787490e-02
-1.8834911287e-02
-4.2622346431e-02
-5.7463911362e-03
-7.2442978621e-01
4.9815492630e+00
9.9608951807e-01
1.3171282597e-02
-1.5736489296e+00
-4.7912903130e-02
2.9878281057e-02
-1.0910794139e-01
1.1490102112e-01
-1.0705441236e-02
6.3778862357e-02
-4.1156890988e-01
1.5849387273e-02
3.5727226734e-01
7.3268830776e-01
-5.5542931557e+00
-1.5454826355e+00
-5.5896639824e-01
3.0468866825e+00
4.6896788478e-01
-6.8575508893e-02
-3.4432068467e-02
-3.3020246029e-01
1.3036561012e-01
-3.6817970872e-01
3.8105539978e-02
9.9505707622e-03
-1.3500011526e-02
3.0162928626e-02
-1.8141174689e-02
-5.1904809475e-01
1.0528873205e+00
2.5305422023e-02
6.2551802397e-01
-3.5678827763e-01
9.4555385411e-02
-1.6115648672e-02
9.3729496002e-02
8.8479027152e-02
5.5989768356e-02
8.7271071970e-02
-1.0913976282e-01
2.0245870575e-02
-4.4314512610e-01
1.4081841707e-01
-2.6555079222e-01
2.8160157800e-01
-2.1347384155e-01
3.3337068558e-01
-1.9521871209e-01
3.4670836926e+00
8.4344816208e+00
3.3663108349e+00
1.1843069792e+00
1.1001116037e+00
-6.2013198622e-03
4.3099228293e-02
1.5656033158e-01
-5.5228952318e-02
7.2438471019e-02
-1.0360193253e+00
2.2864388302e-02
1.4148268104e-01
-2.7665203810e-01
2.0070317388e-01
1.6266506910e-01
3.3820405602e-02
1.7526240647e-01
-1.9361568987e-01
2.9756042361e-01
9.6190750599e-02
-1.6878616810e-01
1.8406310678e-01
-1.4324147999e-01
7.0394240320e-02
4.5365518332e-01
-6.6664779186e-01
-4.6014106274e-01
3.6277952790e-01
1.5160731971e-01
-2.9671001434e-01
-1.1239761114e-01
-6.2434548140e-01
6.5978705883e-01
1.0329075158e-01
-1.1243044138e+00
-1.8171277046e+00
-1.9511882216e-02
-2.1841835976e+00
-5.8284950256e-01
-3.7962868810e-01
2.3664060235e-01
-2.6733285189e-01
4.8715621233e-01
4.7032985091e-01
-1.8725035712e-02
-2.4709716439e-02
6.6419072449e-02
-6.3758917153e-02
1.8751573563e-01
-9.7722494975e-03
-1.2025908381e-01
-6.8266041577e-02
-4.0249996819e-03
-1.6274173558e-01
1.0417374782e-02
-1.4859791100e-01
1.3864824176e-01
1.1525999755e-01
1.4888888597e-01
-1.9783580303e+00
-6.2038558722e-01
3.9630371332e-01
-1.8880984783e+00
-1.2142901421e+00
1.0980346054e-01
-4.1388861835e-02
3.0697371811e-02
-4.7804132104e-02
1.3787075877e-01
9.2195369303e-02
-2.9398972169e-02
3.0019457918e-03
-1.6085861251e-02
-1.5547539108e-02
2.3701071739e-01
6.4826428890e-02
6.7491680384e-02
-2.3467051983e-01
1.8804575503e-01
-2.5946250185e-02
-2.6789209247e-01
3.5679271817e-01
1.8136249855e-02
9.1267302632e-02
2.1995005663e-03
-4.0877255797e-01
-5.6814428419e-02
-2.2060209513e-01
-4.6062931418e-02
-4.8657298088e-02
-2.0738351345e-01
2.4166768789e-01
-5.0424072891e-02
1.4432635903e-01
-2.5833371282e-01
-7.0102369785e-01
5.4797434807e-01
-8.5968263447e-02
-2.1865262091e-01
-8.0198690295e-02
-1.0985003412e-01
-6.5612152219e-02
-4.7670125961e-02
6.0040555894e-02
7.2878092527e-01
-1.1051893234e+00
-9.3940263987e-01
-2.2247456014e-01
3.5112562776e-01
-8.0694213510e-02
-2.1811173856e-01
-1.8609559536e-01
9.1276422143e-02
-1.4641645364e-02
6.2554338947e-03
-1.6816967726e-01
1.6042321920e-02
2.6046207640e-03
4.7922707163e-03
6.9125097990e-01
-2.4329285324e-01
-8.6191886663e-01
7.8232336044e-01
-3.3007755876e-01
3.0904757977e-01
-8.6030983925e-01
-2.5400573015e-01
1.1679011583e+00
-1.3853900433e+00
-4.6072952449e-02
-3.2112237066e-02
-1.2100771070e-02
-8.9296892285e-02
-7.5717188418e-02
1.1396998167e+00
5.8242154121e-01
-2.1777182817e-01
-1.0795294046e+00
-9.1315126419e-01
6.0488432646e-01
3.7326365709e-01
-2.9005855322e-01
1.4457300305e-01
-1.2246912718e+00
-1.0156518966e-01
1.1477708071e-01
1.1786417663e-01
8.3252839744e-02
-9.9383197725e-02
1.8097837269e-01
3.0503666401e-01
-4.9773842096e-01
4.2275694013e-01
-3.8316953182e-01
7.8106224537e-01
-1.6715080738e+00
2.2336294875e-02
1.6761403531e-02
3.9576557279e-01
-1.9856674969e-01
2.2618694603e-01
-7.6060146093e-02
-9.6463292837e-02
-4.0084742010e-02
4.0819868445e-03
-2.4614757858e-03
-1.5965643525e-01
3.7561863661e-02
2.5218278170e-01
8.4810992703e-03
-5.0863921642e-02
3.8040775806e-02
5.9790038504e-03
-4.2369715869e-02
-1.7652509734e-02
2.5869986415e-01
-4.2503365874e-01
-1.2148790807e-01
-1.9777467847e-01
5.3143668175e-01
-5.2001023293e-01
-9.3173064291e-02
3.8450607657e-01
-1.0344904661e-01
-3.4390229732e-02
-2.6869051158e-02
2.6646718383e-01
-7.1089439094e-02
1.2283702195e-01
-8.4938570857e-02
2.4264477193e-02
-1.0087706894e-01
3.1551989913e-01
-1.9344057143e-01
-5.0175988674e-01
7.2913116217e-01
-9.8542881012e-01
1.5765626431e+00
1.1078621149e+00
9.4888949394e-01
-1.8538696766e+00
1.0220489502e+00
2.6341509819e-01
-2.6340955496e-01
4.0505575016e-03
-2.5513773784e-02
-2.0995683968e-01
-1.9865259528e-01
2.2782135755e-02
4.8966085911e-01
2.9685369134e-01
1.7572808266e-01
-1.0446968079e+00
-6.4461821318e-01
1.4547151327e-01
-6.6870659590e-02
7.2956003249e-02
2.2362069786e-01
4.9840626307e-03
-5.7124686241e-01
6.3525432348e-01
-9.7362965345e-01
-6.6290903091e-01
1.0950123072e+00
2.6277465820e+00
-2.6256892681e+00
-6.1832696199e-01
2.3687489033e+00
1.2394028902e+00
7.3377721012e-02
2.8049793094e-02
2.0961451530e-01
-1.0127908736e-01
1.1708841473e-01
-3.5201292485e-02
-1.4300185721e-03
-3.1122365966e-02
5.5783037096e-02
4.7069355845e-02
-2.6641163230e-01
-1.6730967760e+00
5.8611196280e-01
1.4327946901e+00
-6.5479338169e-01
3.0937168747e-02
-1.4624095522e-02
1.5477250330e-02
8.4647178650e-02
1.2312907726e-02
7.8387208283e-02
4.7687724233e-02
-7.6806321740e-02
4.1874680668e-02
1.7848631367e-02
4.1789226234e-03
1.9274657965e-01
-3.3990490437e-01
2.2884531021e+00
-8.6785686016e-01
-4.4684764743e-01
-2.8638112545e-01
9.7390902042e-01
-4.7841423750e-01
-2.0511670113e+00
-9.5131903887e-02
1.1219256371e-01
-1.9764441252e-01
-2.7493011206e-02
-4.5781778172e-03
-1.7664116621e-01
2.1324484050e-01
-1.1816779524e-01
1.3430052996e-01
-4.6168765426e-01
-6.5482646227e-02
2.2690691054e-01
-1.0515081882e+00
1.7403522730e+00
1.4519209862e+00
3.3116129041e-01
2.2907511890e-01
-1.2277369201e-01
1.1430213600e-01
2.0869208872e-01
-4.6542945504e-01
2.6195415854e-01
-6.8174827099e-01
-6.9959551096e-01
-1.3965262473e-01
4.4492457062e-02
1.7743311822e-01
2.8533270955e-01
1.2938818894e-02
2.1421325207e-01
-5.6887793541e-01
-1.3587480783e-01
-1.9416684285e-02
8.5443407297e-01
-1.1097648144e+00
1.9380407333e+00
4.7956243157e-01
-1.9897997379e+00
4.3061193824e-01
1.6376354694e+00
8.5720092058e-01
-3.7968853116e-01
4.7722899914e-01
-4.7908705473e-01
1.5600600243e+00
2.9696506262e-01
2.7547925711e-01
-7.0640072227e-03
1.8823184073e-01
9.6822746098e-02
8.2816384733e-02
2.6752019301e-02
6.9820065983e-03
4.3492931873e-02
1.1566965282e-01
-1.0954476148e-01
-9.7694464028e-02
-8.1159777939e-02
-6.2067363411e-02
-5.4774093628e-01
-3.3145699650e-02
-4.6968754381e-02
-2.5936089456e-02
-5.4118677974e-02
-1.1819218099e-01
-6.1335259676e-01
-6.1893749237e-01
8.0941826105e-01
1.2981595099e-01
-2.4723587930e-01
-5.3094732761e-01
-3.0558624864e-01
1.2409452349e-01
-1.3893114030e-01
2.4471554160e-01
2.6522892714e-01
-2.3588377237e-01
-2.7996903658e-01
3.2243657857e-02
-1.0574552417e-01
1.3994696140e+00
-6.8525463343e-01
6.1660009623e-01
-8.7032067776e-01
-3.9250355959e-01
-4.6919640154e-02
-7.7060118318e-02
5.8201495558e-03
1.3489160687e-02
-6.5553435124e-03
-2.6674151421e-01
4.2118927836e-01
-1.7392191887e+00
-7.9910331964e-01
-1.6836839914e-01
4.9045506865e-02
-1.5751150250e-01
1.5755464137e-01
1.4890713990e-01
5.0328273326e-02
-1.9303601980e+00
-3.9389157295e-01
1.4851430655e+00
-5.2953165770e-01
1.2257719040e+00
-3.6579396576e-02
4.5114580542e-02
5.3667414933e-02
4.4994592667e-02
-4.4183067977e-02
-2.2130972147e-01
3.4410706162e-01
1.9398148358e-01
-2.6325985789e-01
1.8763568997e-01
-4.0804240853e-02
9.5573887229e-03
1.5877661109e-01
-6.1513710767e-02
-8.1153377891e-02
1.1655757427e+00
-1.1883691549e+00
-1.0525776148e+00
3.5124266148e-01
-5.9920841455e-01
-6.9540280104e-01
-1.6043893099e+00
1.6340944916e-02
2.9524490237e-01
-1.1082440615e+00
-3.0277264118e-01
-2.9010769725e-01
-2.3112924770e-02
-1.7380255461e-01
-1.0216545314e-02
-1.2343219519e+00
-4.5576912165e-01
-9.7805917263e-01
1.2951766253e+00
-6.4918136597e-01
1.5789529309e-02
1.4603566378e-02
2.8189435601e-02
2.5136603042e-02
1.6284845769e-02
4.8290345818e-02
-5.7595673949e-02
-6.9486122811e-04
-3.0480394140e-02
-3.0630577356e-02
4.0016219020e-02
6.6439852118e-02
9.1639041901e-02
-8.5631143302e-03
2.2853258997e-02
4.3449816108e-01
3.9141771197e-01
-4.8458996415e-01
-3.4902885556e-01
-2.8276607394e-01
-4.6722330153e-03
-4.0042504668e-02
-7.2683185339e-02
2.6066603139e-02
-8.7089464068e-03
-1.4485858381e-01
-2.0081341267e-01
3.1219109893e-01
-6.1220306903e-02
-7.4778944254e-02
-8.1219889224e-02
-8.6797520518e-02
-2.9389534146e-02
-6.3443668187e-02
-2.9063440859e-02
-8.6693629622e-02
-5.9991203249e-02
-8.2961447537e-02
8.3838090301e-02
-1.5146593750e-01
-1.1256270111e-01
6.9542512298e-02
-6.2733262777e-02
3.9342153817e-02
-5.8357216418e-02
-5.9946203232e-01
1.0635480285e-01
-7.1450769901e-02
-2.8400510550e-01
5.5979572237e-02
2.1604405716e-02
1.1640933342e-02
1.0661844164e-01
-7.1478642523e-02
-9.5006013289e-03
-1.2747591734e-01
8.5841618478e-02
6.4240030944e-02
-1.1693289131e-01
1.1398788542e-01
2.1360477805e-01
-1.5169079416e-02
-3.7058994174e-01
-5.2849896252e-02
2.3179878294e-01
8.3282910287e-02
1.4465568960e-01
6.2410902232e-02
1.1295286939e-02
-2.0316326991e-02
2.4638311863e+00
-2.3619954288e-01
-4.5390829444e-01
2.3266150057e-01
4.7984883189e-01
1.5813393891e-01
-1.1788277328e-01
3.3684853464e-02
-1.1401847005e-01
-6.0252595693e-02
3.7866294384e-02
-5.8794327080e-02
2.3259822279e-02
2.5025229901e-02
1.7442094162e-02
-4.1847792268e-01
-6.4688766003e-01
4.8920024186e-02
9.8915919662e-02
-2.3919683695e-01
1.8018110096e-01
4.1747833602e-03
1.8727234006e-01
-3.0209854245e-01
-3.5098829865e-01
1.0313206911e-01
1.6081124544e-02
2.9542362690e-01
-8.2231514156e-02
2.9730993509e-01
5.6285627186e-02
1.3463603333e-02
2.4096716195e-02
-5.8583859354e-02
-2.3912943900e-02
1.5968492255e-02
9.2778064311e-02
1.8559876829e-02
-2.1275077015e-02
-5.7073071599e-02
5.2140783519e-02
2.2333459556e-01
1.0215827823e-01
7.5750581920e-02
1.8625991046e-01
-1.3707089424e-01
-7.1930475533e-02
-7.2494715452e-02
-1.6826756299e-02
2.9998639598e-02
1.2765274942e-01
-3.3654030412e-02
1.9922831655e-01
1.6592784226e-01
-2.4454243481e-01
1.8868377209e+00
3.7943179607e+00
3.8766343594e+00
1.4265277982e-01
-5.2555543184e-01
-8.8426589966e-02
-4.8155393451e-03
1.1062501371e-01
-5.6025486439e-02
-1.3507910073e-02
-6.3274591230e-03
5.8665398508e-02
2.1053850651e-01
-5.2188582718e-02
-2.3836719990e-01
-6.1053622514e-02
1.1116638780e-01
4.6344283968e-02
-5.8382999897e-01
3.7860274315e-01
-1.9681768492e-02
-3.5724218935e-02
-1.3315653428e-02
-8.4423869848e-03
-4.5094612986e-02
-5.4440181702e-02
4.8081610352e-02
-8.3448207378e-01
1.2302024364e+00
-5.2848184109e-01
-1.2581560016e-01
-8.1679828465e-02
-6.5470665693e-02
3.0383387581e-02
-1.7967683077e-01
6.9674447179e-02
-2.9672724009e-01
-3.2347720861e-01
-1.4417335391e-01
-1.1281678081e-01
-2.8832235932e-01
2.3508641124e-01
7.6655316353e-01
1.3091665506e-01
-1.0850813240e-01
-3.8258400559e-01
-6.3532918692e-02
3.9072126150e-02
1.3167117536e-01
2.1893622354e-02
-2.9089847580e-02
1.7556844279e-02
-1.3136377092e-03
2.5689277798e-02
5.6511196308e-03
3.1324051321e-02
2.2798206657e-02
2.2194655612e-02
2.4831448682e-03
-2.6837687939e-02
9.0290564299e-01
1.9835045338e+00
4.7042384744e-01
1.9834038615e-01
-1.6376737356e+00
7.2057999671e-02
1.6131937504e-02
-1.3608145528e-03
1.0234748945e-02
2.8868652880e-02
2.5847336650e-01
-7.5535446405e-02
1.0874503851e-01
1.3905245066e-01
1.2376115471e-01
-1.2048785686e+00
-6.8482786417e-01
-9.0610854328e-02
-1.7628859282e+00
-2.8930293396e-02
-3.9948767424e-01
-1.0820828378e-01
8.9124068618e-02
-9.9830254912e-02
-1.3860104978e-01
1.8012864515e-02
2.4385847151e-02
1.7321266234e-02
1.0858627968e-02
5.0308764912e-04
-1.4270137250e-01
3.3305823803e-01
-2.9103377461e-01
-1.5337873995e-01
1.3627638817e+00
-8.3113589790e-04
-3.0139725655e-02
-6.5195659408e-04
1.7174184322e-02
5.5841308087e-02
4.2451024055e-02
1.8209291622e-02
-4.4302031398e-02
2.7418049052e-02
-5.9876970947e-02
4.1466361284e-01
-3.3739089966e-01
3.8542863727e-01
1.1059187353e-01
4.5683425665e-01
-2.5134825706e-01
1.1254249513e-01
-1.8019329011e-01
1.1251617968e-01
-1.0588850975e+00
-3.1629115343e-02
-1.9511980936e-02
-6.7008011043e-02
-1.2974658608e-01
-2.7093231678e-02
8.6225531995e-02
9.8541736603e-02
2.7643021941e-01
2.0261557400e-01
3.1020000577e-01
1.7664106563e-02
2.8202647343e-02
-4.3251320720e-02
-3.4668516368e-02
-5.0362646580e-02
8.1532588229e-03
1.6919021728e-03
1.1946259998e-02
5.4847863503e-03
-3.0264450237e-02
3.4746250510e-01
-8.5318726301e-01
-9.7468443215e-02
-1.1935000867e-01
4.9711909145e-02
2.4641463161e-01
6.2379080057e-01
-4.1945743561e-01
3.0007037520e-01
7.0788697340e-03
2.2972096503e-01
-7.3941057920e-01
-1.1914364100e+00
-4.9067372084e-01
-2.1914167404e+00
-4.6608105302e-02
-7.8917980194e-02
3.4639395773e-02
-3.1864935160e-01
-4.6082559228e-01
3.5427716374e-01
6.4331456088e-03
-6.0658648610e-02
-1.4058594592e-02
-3.6867666245e-01
1.9147781655e-02
2.0150208846e-02
-1.0977369547e-01
-7.8280366957e-02
-5.5655300617e-02
-1.6546506435e-02
-2.8731198981e-02
3.5868398845e-02
2.1580727771e-02
8.6965877563e-03
-6.6538721323e-01
2.2272212803e-01
-6.2326502800e-01
-6.5213429928e-01
1.0957901478e+00
2.3260414600e-02
1.3454289176e-02
6.3762262464e-02
2.2097304463e-02
-5.7430487126e-02
-1.2405878864e-02
1.5578864142e-02
1.5490063233e-03
9.9119199440e-03
-1.6261173412e-02
9.0433508158e-02
-6.1907541007e-02
-1.0460966080e-01
-1.1558119208e-01
1.5257620253e-03
1.3094423711e-01
2.5840198994e-01
1.2207579613e-01
-1.7899122834e-01
2.0111609995e-01
-9.6735194325e-02
-3.5419243574e-01
2.4715878069e-02
-9.8610959947e-02
-1.2022270262e-01
-3.2832130790e-01
-9.3859061599e-02
-1.1445571668e-02
-1.9864596426e-01
2.4437189102e-01
3.7071248889e-01
3.1646910310e-01
-2.9468256235e-01
8.5380496457e-03
-7.0187307894e-02
8.9067339897e-02
2.7785977721e-01
-1.5298876166e-01
2.6763775945e-01
-4.4927945733e-01
-1.5533750057e+00
-3.4413659573e-01
3.8781982660e-01
2.0448014736e+00
7.7212321758e-01
1.1397910118e-01
1.8499882519e-01
1.6740542650e-01
-3.1365582347e-01
-1.0383302718e-01
1.2532621622e-01
3.7938110530e-02
2.7452202514e-02
-2.0046061277e-01
1.4464935660e-01
5.7547372580e-01
-6.9474637508e-01
1.3344376087e+00
-9.6720695496e-01
-5.7189226151e-02
-1.7255067825e-01
-8.9741295576e-01
3.4766304493e-01
2.9778985977e+00
1.5264334679e+00
-1.2135791034e-01
2.1837374568e-01
-1.8659746647e-01
1.0327681899e-01
-4.3540027738e-01
4.5997983217e-01
1.5291902423e-01
-8.3905905485e-01
2.3072686195e+00
-5.5384777486e-02
-2.2946971655e-01
-6.4691382647e-01
2.8477269411e-01
1.0189229250e+00
-6.9487535954e-01
2.9771314934e-02
-2.1915319562e-01
2.8319522738e-01
-1.2991920114e-01
-1.1155249923e-01
-5.7948648930e-01
-6.3166141510e-02
-3.0416619778e-01
7.3443956673e-02
8.6057174206e-01
6.0679042339e-01
5.2555769682e-01
-2.9596835375e-02
-5.4609149694e-01
2.6817079633e-02
8.9370012283e-01
-5.8215446770e-02
-1.2255392224e-01
3.5667276382e-01
-2.1599936485e-01
-2.7048880234e-02
-2.7201190591e-01
1.7798335850e-01
-4.0261700749e-01
3.7204107642e-01
-9.8119758070e-02
1.9208358228e-01
2.2500187159e-01
6.3917219639e-02
-2.0192842185e-01
-2.1490879357e-01
1.1360733770e-02
3.0434635282e-01
-4.5562735200e-01
-3.3523952961e-01
3.9756858349e-01
-2.0583881438e-01
5.0354927778e-01
-1.8418405950e-01
-7.7017642558e-02
-1.5833853185e-01
-3.6694461107e-01
2.4107289314e-01
-1.0117087513e-01
-1.4839287102e-01
2.6192137599e-01
3.5203832388e-01
-2.7794569731e-01
-1.9018238783e-01
-1.4812614024e-01
9.0696668625e-01
3.2781460285e+00
-1.3180481195e+00
2.8313269615e+00
2.6302115917e+00
1.3048396111e+00
-9.1827422380e-02
-2.3226182461e+00
4.7441330552e-01
-3.6068651080e-01
-1.1122795939e-01
6.2618128955e-02
1.4047619700e-01
-3.3280851785e-03
2.7393018827e-02
-2.2288061678e-01
-3.5952341557e-01
5.6667346507e-02
8.1318646669e-02
-6.2834674120e-01
2.3771484196e-01
6.2636643648e-01
-1.7592977732e-02
2.6528128982e-01
1.6076628864e-01
-7.3065394163e-01
2.0025627688e-02
-1.3013478518e+00
1.3552939892e+00
4.0615344048e-01
-2.8286942840e-01
-3.6509318352e+00
-2.2635610104e+00
4.9683097005e-01
8.6110019684e-01
2.6117315888e-01
-2.1437296644e-02
-1.1343071610e-01
1.5473280847e-01
5.0405062735e-02
-9.8799839616e-02
5.9558037668e-02
1.0964500718e-02
9.0857688338e-03
-1.3818511367e-01
1.3299758434e+00
1.8514673412e-01
2.5197911263e-01
1.5633963346e+00
-8.3858084679e-01
-3.6205101758e-02
-2.1143738180e-02
-4.2455315590e-02
-3.5427801311e-02
-3.3574201167e-02
-1.3006277382e-02
5.9102110565e-02
-1.5083488822e-01
-7.7780340798e-03
8.8426232338e-02
1.0427487642e-01
-8.7295782566e-01
5.6201922894e-01
1.3500825167e+00
-4.4481062889e-01
-3.5984757543e-01
3.2524570823e-01
9.6285724640e-01
3.4537881613e-01
1.2410669327e+00
2.9655164480e-01
-3.2234495878e-01
-7.8589998186e-02
-1.6825166345e-01
3.5300660133e-01
2.2616270144e-05
1.0309407115e-01
-3.3507856727e-01
-7.7783122659e-02
-1.4466145635e-01
5.6601846218e-01
2.0398974419e-01
1.8572512269e-01
7.1214163303e-01
3.2295517921e+00
-2.8968831897e-01
7.7485078573e-01
1.4605881274e-01
-5.8676999807e-01
-5.3508293629e-01
6.0443311930e-01
-1.6506849229e-01
6.3659358025e-01
-2.8599792719e-01
1.5768240690e+00
-1.1046281457e-01
-2.0894651115e-01
-5.1775600761e-02
7.8393690288e-02
-1.0602734983e-01
4.0487819910e-01
6.3778239489e-01
4.1715866327e-01
1.3404769897e+00
-1.7336771488e+00
-4.8114851117e-01
-3.5530629158e+00
1.7536734343e+00
2.7738597393e+00
2.3820638657e+00
5.1418554783e-01
7.8394234180e-02
-2.4314530194e-01
1.3480937481e+00
5.6814238429e-02
2.1033108234e-01
-3.1755614281e-01
1.7000509799e-01
-1.7099717259e-01
-6.3170880079e-02
3.9043317083e-03
5.3485300392e-02
-3.7061937619e-03
1.7726247013e-01
-1.0406161100e-01
-1.7090913653e-01
1.3410808519e-02
4.0923815966e-01
-1.3305002451e+00
1.5367891788e+00
-1.4943778515e-02
-1.0876256274e-03
1.0415207595e-01
-5.8446344920e-03
3.0867017806e-02
-9.0256738663e-01
-5.6652981043e-01
1.7562714219e-01
-6.2277895212e-01
3.6886826158e-01
-1.1526520252e+00
8.1832088530e-02
-7.7936846018e-01
1.4622825384e+00
3.0058863759e-01
-6.6412305832e-01
-1.2712921202e-01
-6.7786268890e-02
-1.3675084338e-02
-1.5070703626e-01
-1.7293697596e+00
-3.9730276912e-02
1.2204208374e+00
1.9483667612e+00
1.7425707579e+00
-1.7235901207e-02
-5.6309543550e-02
9.6063809469e-03
4.8998873681e-02
8.0061279237e-02
4.6987365931e-02
-3.1931963563e-01
1.3570765257e+00
5.3333920240e-01
7.4383139610e-01
7.1954607964e-02
1.3057117164e-01
-2.9910657555e-02
-1.3604022563e-01
1.0641648434e-02
1.5699517727e+00
-3.6305555701e-01
1.0067825317e+00
1.5992569923e+00
-1.4345809817e-01
-1.1045507155e-02
-1.6518695280e-02
1.8453606963e-01
-2.7462261915e-01
-6.5100826323e-02
-1.5260803699e-01
5.8342379332e-01
-3.6342719197e-01
-1.1999922246e-01
-4.3219918013e-01
1.6405674815e-01
-6.9509469904e-03
-1.9251286983e-01
2.9151668772e-02
4.2473379523e-02
-3.8087004423e-01
-1.4557465315e+00
-1.9329295158e+00
7.8978466988e-01
-3.0074999332e+00
2.6583425999e+00
1.8246083260e+00
-7.7353537083e-02
-2.0072822571e+00
-1.5437332392e+00
1.0158017874e+00
1.0394619703e+00
6.4895629883e-02
-2.5798588991e-01
-3.1826999038e-02
2.0593442917e+00
-2.0245018005e+00
-1.0747487545e+00
-2.5159370899e+00
3.6107146740e-01
-5.3802255541e-02
-1.5920177102e-02
-1.9729083404e-02
3.4113835543e-02
-1.1845646426e-02
-1.0871228576e-01
-3.2988820225e-02
8.0067478120e-03
-4.3755322695e-02
6.8078376353e-02
3.1768076122e-02
1.0045709088e-02
2.7282580733e-02
1.6312723979e-02
-1.2127435766e-02
8.0709256232e-02
3.0586078763e-01
2.4729007483e-01
2.3879379034e-01
-4.4141954184e-01
-3.7858288735e-02
5.4041948169e-02
-1.2894356251e-01
-1.2195057422e-01
2.9478442669e-01
6.7066662014e-02
-4.8344254494e-01
2.6497560740e-01
3.9491555095e-01
-3.7421858311e-01
-2.7774315327e-02
4.6902272850e-02
3.2958947122e-03
2.1051211283e-02
-3.0263673514e-02
4.4920694083e-02
-1.0232054442e-01
-6.0760706663e-02
-1.9367982447e-01
-1.2429905683e-01
-8.9468006045e-03
-2.7713295072e-02
2.8903510422e-02
-3.3298995346e-02
-2.1083299816e-01
-1.1162352562e+00
-4.0430638194e-01
7.0192873478e-01
1.0077746958e-01
3.3727318048e-01
-7.2458321229e-03
1.3205854595e-01
-6.4783863723e-02
1.5042873099e-02
-2.5986643508e-02
1.6945030540e-02
-3.1372558326e-02
-1.9449171424e-01
1.7789671198e-02
-2.2247630358e-01
-2.6041895151e-01
2.0892357826e-01
8.4151342511e-02
-2.1988809109e-01
1.7089639604e-01
7.9845324159e-02
-2.2644179408e-03
5.7555572130e-03
7.9786181450e-02
4.3246243149e-02
1.4574334621e+00
1.9675282240e+00
-1.0814626217e+00
3.6339733750e-02
-2.9634300619e-02
-2.3688450456e-01
-1.5610679984e-02
-1.6673897207e-01
-8.8007591665e-02
1.1787457764e-01
-6.1515867710e-02
-3.2269626856e-02
-7.6195229776e-03
-9.7764357924e-02
-1.1038970202e-01
1.9055067003e-01
2.8988641500e-01
4.6381533146e-01
5.9947784990e-02
-1.0487923622e+00
-1.0870046914e-01
-4.3489098549e-01
1.3625021279e-01
8.1644318998e-02
-3.1793396920e-02
1.2887755036e-01
2.0160540938e-01
-1.0123331845e-01
-5.1846619695e-02
-1.3591030240e-01
-1.0014051944e-01
6.4767017961e-02
-8.7831273675e-02
-1.1516115814e-01
-1.7853092402e-02
-1.8570344150e-01
4.4184293598e-02
1.0497184843e-01
2.0367253572e-02
2.2124018520e-02
-1.5684010088e-01
1.7536866665e-01
1.2295806780e-02
2.2562287748e-01
1.7950968444e-01
1.2805445492e-01
-8.0255836248e-02
-9.4459168613e-02
2.0951615646e-02
3.9062667638e-02
3.8292187452e-01
7.2242610157e-02
1.8753219396e-02
5.9610205889e-01
3.2069259882e-01
-1.5244826078e+00
-7.8424060345e-01
-6.7997448146e-02
-2.9892816544e+00
-1.1500523090e+00
-1.4531736262e-02
1.3048745692e-02
6.1250012368e-02
2.0383542404e-02
-8.8447220623e-03
-6.6601760685e-02
-4.9657328054e-03
4.5655716211e-02
9.3689166009e-02
1.1970793456e-01
4.7077676654e-01
4.1592892259e-02
2.8169646859e-01
-3.9772433043e-01
-3.8208714128e-01
3.9287019521e-02
-2.9606917873e-02
-1.1587996036e-02
-7.9446740448e-02
1.0989447124e-02
-1.2676665783e+00
4.7055861354e-01
4.2937949300e-01
-4.5267122984e-01
4.3667677790e-02
1.4753965661e-02
-1.1285308003e-01
-3.1706047058e-01
2.1240217984e-01
-1.1373235285e-01
-1.9705221057e-01
-3.1791436672e-01
2.2452821955e-02
-1.8580431119e-02
-7.5914040208e-02
-6.6542071104e-01
3.3542045951e-01
-3.4814533591e-01
3.8576358557e-01
-5.9120759368e-02
9.2535465956e-02
1.4046494663e-01
-1.1636741459e-01
4.0582355112e-02
1.9790132344e-01
1.9040444866e-02
3.9421055466e-02
1.9135506824e-02
2.7722848579e-02
-6.9521352649e-02
6.0279509053e-03
1.8723100657e-03
-3.6559179425e-02
4.5188809745e-03
-1.9817443099e-03
3.0585823059e+00
-4.6917358041e-01
-2.1370075643e-01
2.0680248737e+00
-2.3125986755e-01
2.7121746913e-02
4.3713297695e-02
2.9286814854e-02
-1.4271856286e-02
-1.8632223830e-02
5.5297847837e-02
-6.2504661083e-01
-6.2161646783e-02
2.7130287886e-01
5.9284406900e-01
1.7525129318e+00
-4.4336855412e-02
-2.6601147652e+00
-1.9258735180e+00
4.1509194374e+00
-2.1442188323e-01
-7.9838074744e-02
-3.2534211874e-01
-1.6838079691e-01
4.1897016764e-01
7.6146395877e-03
1.2759515084e-02
1.7803087831e-02
2.1732956171e-02
2.5558011606e-02
-5.3577041626e-01
-6.1561512947e-01
-5.0628262758e-01
6.7908036709e-01
2.6748535037e-01
-2.4962697178e-02
-8.8773682714e-02
-2.7912316844e-02
-2.4597156793e-02
2.4050267413e-02
1.8081769347e-01
1.8571214750e-02
-2.7114553377e-02
1.1796724051e-02
1.5272389166e-02
2.8010261059e-01
-5.8423948288e-01
-3.8955528289e-02
-1.9190338254e-01
-1.7351539433e-01
-9.8694729805e-01
2.1688644886e+00
3.7331025600e+00
3.1982789040e+00
2.2407352924e-01
2.6964599267e-02
2.1802724805e-03
9.9120855331e-02
1.9661292434e-02
2.4186606705e-01
3.0924183130e-01
1.9537779689e-01
1.8952336907e-01
-8.0041408539e-02
1.9302089512e-01
-1.7897862196e-01
-9.2039406300e-02
2.4414223433e-01
-6.3423752785e-02
-7.2559304535e-03
4.1671566665e-02
-5.3006254137e-02
-3.9122302085e-02
-2.2946659476e-02
-4.5748338103e-02
1.2034660578e+00
5.9584416449e-02
-1.0880722851e-01
-2.9646083713e-01
-1.5064274073e+00
1.2289230525e-01
8.1761145592e-01
-5.3046363592e-01
-1.0933947563e+00
3.1466236711e-01
1.8788053095e-01
-1.3286057711e+00
-4.0379247069e-01
-7.6478320360e-01
1.6157500744e+00
1.5775328875e-01
9.0964592993e-02
-7.6250739396e-02
2.5551584363e-01
-2.0032195747e-01
-4.2030158639e-01
-5.3180921078e-01
-8.8545558974e-03
-5.5627351999e-01
-1.4445874095e-01
-1.3818684220e-01
1.7232283950e-02
3.4310169518e-02
4.8027273268e-02
3.9088293910e-02
-1.9978165627e-02
-6.7217960954e-02
-7.7844455838e-02
7.9412855208e-02
-4.1727902135e-04
7.0177286863e-01
-1.2383898497e+00
8.5823041201e-01
7.5847965479e-01
2.5731846690e-01
-8.6752295494e-02
2.9156439006e-02
-1.8996957690e-02
-5.6415792555e-02
2.1657912433e-01
-1.6006307676e-02
-4.7486204654e-02
3.1983442605e-02
1.1300287209e-02
3.2424375415e-02
-6.0184877366e-02
5.5783283897e-03
-1.8406824768e-01
4.0160724893e-03
-2.0898616314e-01
-1.1412321776e-01
1.1599832773e-01
2.0202519000e-01
4.4888950884e-02
-1.2095522881e-01
3.9055828005e-02
-4.3138563633e-02
2.8313121200e-01
-3.0125165358e-02
1.8176972866e-02
6.2083948404e-02
-1.0213340819e-01
-4.2337894440e-01
-9.9568225443e-02
-6.3617758453e-02
1.9206745923e-01
2.8674000502e-01
6.4231532812e-01
-5.5069190264e-01
3.8339529186e-02
-5.7654738426e-02
1.7450371385e-01
-3.6418777704e-01
-1.4419995248e-01
7.2137677670e-01
-5.7066959143e-01
8.6217713356e-01
1.6844278574e-01
-8.9885896444e-01
-9.5882683992e-01
6.3019901514e-02
1.5986472368e-02
-1.1682458967e-01
1.5178902447e-01
2.6681759953e-01
-1.1998479813e-01
2.9019989073e-02
4.2413473129e-02
-6.3958667219e-02
-1.2580285966e-01
3.0639639497e-01
1.9820801914e-01
3.8916286826e-01
1.7215897143e-01
2.1116234362e-01
-9.7560882568e-01
4.9460774660e-01
-2.4548424780e-01
-6.8002367020e-01
7.0402431488e-01
5.6714575738e-02
6.5979324281e-02
1.6576848924e-01
1.7473788559e-01
-1.3128553331e-01
1.2818322182e+00
6.5103632212e-01
7.4261611700e-01
-9.6818357706e-01
-1.2495112419e+00
2.4596558511e-01
2.0765852928e-01
2.0662868023e+00
-4.4801530242e-01
-1.0791827440e+00
8.9181646705e-02
-8.8453881443e-02
-2.1217321977e-02
1.0527846217e-01
4.4996872544e-02
-3.4478932619e-01
5.4496949911e-01
-3.0460965633e-01
7.5667433441e-02
-4.8263496161e-01
3.0848592520e-01
-1.0556801558e+00
2.5540325046e-01
-5.6973356009e-01
4.2762431502e-01
3.4509915113e-01
-4.9473872781e-01
1.5289472044e-01
2.4245715141e-01
-1.6044536605e-02
-5.4328469560e-03
-2.3190590739e-01
1.7279522121e-01
2.2761762142e-01
-4.6610605717e-01
7.7106662095e-02
1.3186719269e-02
-5.4951496422e-02
-3.3190578222e-02
8.4380328655e-02
9.1932505369e-02
6.2398600578e-01
-1.3850213587e-01
-4.3736230582e-02
2.5026327372e-01
3.7556722760e-01
-2.6592412591e-01
-1.6460362077e-01
-2.9404431581e-01
2.3207214475e-01
2.6996091008e-01
8.0454483628e-02
-1.7699481547e-01
-1.1495420337e-01
-4.0057364851e-02
-1.3111647964e-01
-9.4267778099e-02
4.7248739749e-02
2.6198303699e-01
-3.8424402475e-02
-2.9375147820e+00
-1.1138252020e+00
6.7535144091e-01
-7.4534541368e-01
-3.0086126328e+00
-3.9827135205e-01
9.1292083263e-01
9.4376876950e-02
6.7436569929e-01
4.7633033991e-01
-2.4050166830e-02
2.7955675498e-02
1.8854765594e-01
-1.2991195917e-01
4.2312312871e-02
-1.9228996336e-01
-2.4740147591e-01
2.5099989772e-01
1.6587474942e-01
2.4695474654e-02
6.0514248908e-02
9.1660082340e-02
2.5402648374e-02
-3.9770539850e-02
3.1539939344e-02
2.6415321827e+00
3.0867287517e-01
1.6009386778e+00
-3.0224010348e-01
4.7406589985e-01
9.9687516689e-01
3.1890387535e+00
1.4394326210e+00
5.4757654667e-01
2.3920179904e-01
-1.1506567895e-01
-1.1956404895e-01
-7.4390187860e-02
3.2252073288e-02
1.1425571144e-01
1.2312355451e-02
4.4773727655e-02
5.9452280402e-04
-5.6270074099e-02
-3.1889472157e-02
-8.8380777836e-01
1.3849269152e+00
1.0675889254e+00
1.2844218016e+00
-9.6836501360e-01
5.1579628140e-02
5.5345967412e-02
1.5628030524e-02
-4.5488454401e-02
1.1613150127e-02
2.1464183927e-02
-1.0379508883e-01
8.0040590838e-03
3.7225436419e-02
6.1393801123e-02
1.5366894007e-01
3.0358114839e-01
-1.1900644749e-01
-1.1925071478e+00
-3.3553082496e-02
2.5506713390e+00
-3.8985317945e-01
4.5376181602e-01
-1.0148119926e+00
-3.3472307026e-02
-1.1568757892e-01
-1.3828386366e-01
4.9495556951e-01
-2.5757652521e-01
2.3536119610e-02
1.5560317039e-01
4.3460953981e-02
-1.5728485584e-01
6.1623293161e-01
-4.9490296841e-01
-7.3484814167e-01
1.5819217265e-01
7.0293419063e-02
-1.1130957305e-01
-1.1644418240e+00
2.6162147522e-01
4.7702815384e-02
5.7632911205e-01
-4.2375838757e-01
-6.2438088655e-01
-5.3704559803e-01
1.0867726803e+00
-8.7332332134e-01
-4.0313273668e-02
-4.0490606427e-01
-1.4057053626e-01
3.0005890131e-01
1.7051437497e-01
-4.1871011257e-02
-6.3611693680e-02
-1.2006594241e-01
-1.5983788967e+00
-1.1095761061e+00
-1.0200600326e-01
3.5008868575e-01
4.4633066654e-01
-4.6503192186e-01
2.1097986028e-02
-8.8803821802e-01
-6.7439597845e-01
8.8269269466e-01
-4.5782944560e-01
3.2442688942e-01
-8.8016641140e-01
-1.4878402948e+00
3.1784433872e-02
5.6163709611e-02
2.4448056519e-01
-5.8833923191e-02
-7.1777820587e-02
-1.6681082547e-02
-3.3324360847e-02
1.3260293007e-01
-4.5275330544e-02
-8.9208282530e-02
9.4590522349e-02
5.6079994887e-02
-1.5493489802e-01
6.8142366409e-01
2.5939026475e-01
2.3231824860e-02
3.0234895647e-02
-1.5305079520e-02
3.4015432000e-02
3.6987897009e-02
-5.9611457586e-01
1.0304481983e+00
-1.0821371078e+00
1.4398019016e-01
-6.1313861609e-01
-1.0163654089e+00
-2.1503296494e-01
2.3336453438e+00
-2.0952188969e+00
5.3687709570e-01
-7.2643734515e-02
-2.2657380998e-01
2.4802973866e-01
3.1417340040e-01
-1.4265444130e-02
9.0063601732e-02
-2.6843065396e-02
-8.7404805422e-01
7.2926543653e-02
-1.3082737923e+00
6.9135151803e-02
-1.1546701426e-03
-1.5535856597e-02
-6.7214271985e-04
1.4240893535e-02
8.2207721472e-01
-4.5909419656e-01
-3.8121554255e-01
-1.0294603109e+00
1.1922147125e-01
-1.3365286589e-01
-3.2048214227e-02
-2.8774887323e-01
-1.2926036119e-01
5.1735661924e-02
-1.6359393597e+00
-1.2909111381e-01
4.8035421968e-01
-1.7143419981e+00
2.6485732198e-01
-1.5150486492e-02
-2.5111850351e-02
-2.5476703420e-02
3.5306803882e-02
1.2231863290e-01
-9.5062427223e-02
-1.0022225324e-03
-4.1298779845e-01
3.5028281808e-01
3.4438931942e-01
1.3034862280e-01
5.5575031787e-02
1.5954403579e-01
-8.1100657582e-02
-3.6113977432e-02
-5.2420485020e-01
7.3728007078e-01
7.5318020582e-01
7.0656728745e-01
-5.8682537079e-01
-1.4293328524e+00
-1.4344011545e+00
8.5348546505e-01
1.4135665894e+00
2.4914228916e+00
-5.4263192415e-01
7.0925647020e-01
1.7888201773e-01
5.5758710951e-02
5.2465170622e-01
3.7713807821e-01
5.4508614540e-01
-1.5462061763e-01
1.6377425194e+00
2.2716424465e+00
1.8086681375e-03
-9.3213552609e-03
-1.7210710794e-03
-1.5928791836e-02
-6.6040046513e-03
8.2016661763e-02
5.9740904719e-02
2.7841992676e-02
-6.4020603895e-02
-6.6711761057e-02
6.5383883193e-03
-3.0950676650e-02
-1.1871825904e-02
-2.4559978396e-02
1.1484944262e-02
-7.3972195387e-02
-3.4282395244e-01
-8.7527379394e-02
-3.1206685305e-01
2.0084547997e-01
1.2438348494e-02
-2.5658141822e-02
5.7802885771e-02
-1.8793021142e-01
-7.4063166976e-02
-1.1323456466e-01
3.0284363031e-01
1.3417291641e-01
1.5250635147e-01
4.0877613425e-01
2.9729481786e-02
8.7318889797e-02
-4.7002799693e-04
2.1994620562e-02
6.9261498749e-02
5.0325822085e-02
5.3454607725e-02
-2.5577455759e-02
1.1508062482e-01
4.4350274839e-03
1.2457708269e-01
1.3794772327e-01
-6.4989283681e-02
-6.8361759186e-02
6.9837324321e-02
4.7758030891e-01
1.9215855002e-01
-1.1227143556e-01
8.1159792840e-02
-1.0987732559e-01
6.0891117901e-02
-8.8366288692e-03
5.8665566146e-02
-4.3554067612e-02
5.8629639447e-02
5.8071494102e-01
-3.2024517655e-01
-2.5777697563e-01
3.8498285413e-01
-4.9227472395e-02
2.1434465051e-01
-2.7482929826e-01
4.6759728342e-02
9.9183330312e-03
-1.0211914778e+00
-4.7426954843e-03
-6.9619946182e-02
-7.0105172694e-02
-7.3697835207e-02
-4.3154731393e-02
-3.0292849541e+00
-1.5273768902e+00
1.3603217900e-01
4.6334171295e-01
-1.6249205172e-01
3.7835422903e-02
4.9941137433e-02
-6.0280982405e-02
1.7196662724e-01
3.0436913949e-03
-8.8014043868e-03
-1.4006660320e-02
-1.6567001119e-02
5.3014930338e-02
-3.7605026737e-03
-1.5676525235e-01
2.3990708590e-01
2.9067531228e-01
-6.3465557992e-02
-6.3508796692e-01
-5.4772192240e-01
-1.1122456193e-01
1.5222474933e-01
-1.9549457356e-02
-1.0094077140e-01
-2.3955831304e-02
7.7208825387e-03
-1.6721786559e-01
-1.7078121891e-03
-3.8535216451e-01
-1.3641454279e-02
2.3336397484e-02
4.5744955540e-02
2.6797467843e-02
4.4400628656e-02
1.5300834551e-02
3.7458443549e-03
-5.4624322802e-02
4.5731317252e-02
5.6187156588e-02
-1.1850202829e-01
1.1373416334e-01
7.6506428421e-02
2.3954806849e-02
-2.3965993896e-02
-1.5239302069e-02
1.0731925257e-02
-2.4320678785e-02
2.1836843807e-03
-1.4352273429e-03
3.1448525190e-01
-2.8080508113e-01
-6.4942508936e-02
-4.6468418837e-01
-5.6117165089e-01
-5.0307669640e+00
-1.9853497744e+00
-1.0272651911e+00
1.2840627432e+00
-1.9378770888e-01
7.1809470654e-02
4.1482277215e-02
-1.6345342994e-01
-2.2180078924e-01
-5.0133854151e-02
1.5451835096e-01
-6.2001533806e-02
-6.1917889863e-02
-8.2908067852e-03
2.1385022998e-01
-5.6222975254e-01
4.2678737640e-01
-2.1411876380e-01
-8.0047063529e-02
-2.8916594386e-01
6.1921469867e-02
3.6104153842e-02
3.8874682039e-02
6.1830826104e-02
3.2808743417e-03
5.1667734981e-02
-2.2824343294e-02
1.0036339760e+00
6.1579865217e-01
-7.2719097137e-02
-3.3595710993e-02
1.2177186459e-01
1.7680592835e-01
1.9988770783e-01
2.5126519799e-01
-1.7508869991e-02
-5.6469682604e-02
4.9237269908e-02
2.1191047132e-01
1.0980550945e-01
1.7881048843e-02
2.7463480830e-01
2.8753218055e-01
1.6212654114e-01
2.4614724517e-01
1.5276710689e-01
2.2497993708e-01
-6.6991768777e-02
-1.2972702086e-01
-1.8339493871e-01
-2.1433198825e-02
1.8517317250e-02
-4.3990284204e-02
-6.9479659200e-02
-3.6475416273e-02
-8.9731700718e-03
-3.6199696362e-02
-9.2070922256e-03
3.0602205545e-02
2.9464861378e-02
-3.7397024632e+00
-5.9683551788e+00
-3.0442731380e+00
-1.4659248590e+00
1.7946379185e+00
1.4338721521e-02
-2.7074038982e-02
-1.1763252318e-02
-1.2128711678e-02
1.5081184683e-03
-1.4513535798e-01
-5.7681836188e-02
3.4411382675e-01
-4.2458018661e-01
-2.3202364147e-01
3.5516831875e+00
7.2259292603e+00
5.6569957733e+00
5.6564502716e+00
1.2390295267e+00
3.7271887064e-01
1.1049777269e-01
1.3653331995e-01
-3.1306374073e-01
4.1218677163e-01
-1.1548653245e-02
-8.6241643876e-03
-1.7772104591e-02
-2.3450933397e-02
-3.0700094067e-03
-3.0492225289e-01
-1.6674569249e-01
-3.4632226825e-01
1.3517880440e-01
6.0465898365e-02
-7.1668118471e-04
1.5984186903e-02
1.8064260483e-02
-2.9418401420e-02
-6.6795676947e-02
-2.9913460836e-02
-3.3222950995e-02
3.0838040635e-02
1.1673244834e-01
-1.9917557016e-02
2.1345447004e-01
-2.1347332001e-01
-2.7753680944e-01
8.1779040396e-02
4.9131479859e-01
-2.9637153149e+00
-3.0732874870e+00
-3.0406680107e+00
-2.8409774303e+00
-1.0328929424e+00
-5.0430190749e-03
-6.8130165339e-02
-1.0517861694e-01
-1.5568576753e-01
-1.7524339259e-01
3.4097254276e-01
-3.0401227996e-02
-8.1023976207e-02
5.0669871271e-02
9.8955474794e-02
-8.2213722169e-02
-8.1018775702e-02
-4.8255242407e-02
4.7078620642e-02
-9.7046233714e-03
2.3328812793e-02
6.1474245740e-04
4.1493330151e-02
7.1163892746e-02
6.3838914037e-02
-4.5685777068e-01
-1.6365449876e-02
3.0719566345e-01
2.4776686728e-01
2.5228190422e-01
1.0496767610e-01
-3.5406920314e-01
-6.1345195770e-01
9.3274146318e-01
4.7050759196e-01
4.5368962288e+00
4.3046088219e+00
4.6359291077e+00
3.9012157917e+00
3.1616289616e+00
1.3410212100e-01
1.0398813337e-01
7.8751407564e-02
-6.9240443408e-02
-7.5918430090e-01
1.0142563581e+00
3.5085856915e-01
-9.8782166839e-02
2.1301087737e-01
2.0518377423e-01
4.1692689061e-02
-1.2969084084e-02
1.1240861565e-01
6.8130828440e-02
4.7104530036e-02
-8.3374001086e-02
1.9048996270e-02
-3.5272374749e-02
-2.0622959360e-02
-2.2720787674e-02
4.7969406843e-01
6.7899990082e-01
2.4241588116e+00
8.5565739870e-01
1.1775132418e+00
7.7441357076e-02
1.6994776204e-02
9.3286670744e-03
1.7208701000e-02
-5.5220313370e-02
1.2919966131e-02
-2.0265994594e-02
-5.0925635733e-03
-3.3988807350e-02
-7.4713397771e-03
-1.5894923359e-02
3.8411688060e-02
1.1218105257e-01
4.1736524552e-02
9.1210536659e-02
-4.9621972442e-01
-2.3107844591e-01
1.3046827912e-01
1.9158479571e-01
1.1542792618e-01
1.1499625444e-01
1.5185745060e-01
-7.0060320199e-02
2.3506960273e-01
1.1633443087e-01
4.0928542614e-02
1.4868475497e-01
1.4635717496e-02
3.1096708775e-01
7.3117357679e-03
5.3373974562e-01
1.5269602537e+00
-2.1760186553e-01
4.4994678348e-02
1.5501633286e-01
1.8544828519e-02
1.4831633866e-01
1.7125606537e-01
-6.8984794617e-01
3.9686715603e-01
-3.0112981796e-01
9.4319057465e-01
-2.0607016087e+00
3.9043405652e-01
-4.3324217200e-01
4.9747791886e-01
7.3988687992e-01
2.6757669449e-01
1.1069352925e-01
5.6603893638e-02
1.6160158813e-01
4.4223252684e-02
-4.3046075106e-01
-1.3595607877e-01
-2.0563533530e-02
5.7037490606e-01
3.2126477361e-01
2.1092239767e-03
-9.3299336731e-02
5.7491932064e-02
-1.0222088099e+00
1.2523567677e+00
-1.0562614202e+00
-3.5328292847e-01
6.6646093130e-01
4.0222834796e-02
7.5231879950e-02
-1.4699968696e-01
2.8411045671e-01
4.1245278716e-01
-6.0823696852e-01
-4.2803573608e-01
-8.7550079823e-01
-1.4690302312e-01
9.2076253891e-01
-4.6648088098e-01
1.3233454227e+00
-1.9839689732e+00
-8.2264745235e-01
7.5994536281e-02
-8.1992700696e-02
-8.5635297000e-02
3.2819792628e-02
-1.0900645703e-01
-1.3484457135e-01
-1.1296281964e-01
4.4315859675e-01
-1.8808533251e-01
-2.2309669852e-01
-1.0270090103e+00
-2.6909975335e-02
-1.4630426466e-01
-9.3271297216e-01
7.8318625689e-01
1.5580281019e+00
5.4655683041e-01
7.2174340487e-01
3.6130055785e-02
1.6094963253e-01
3.4043174982e-01
1.1809322238e-01
-3.8753565401e-02
-3.1255744398e-02
6.8376364652e-04
7.1364063025e-01
1.5840464830e-01
-3.1291894615e-02
-1.7456851900e-01
-1.7320291698e-01
3.8118354976e-02
7.6635533571e-01
-6.7121309042e-01
-2.8437545896e-01
-4.9786609411e-01
-7.3433518410e-02
1.1896126717e-01
1.4891913161e-02
-3.0479970574e-01
-1.5707332641e-02
-1.0756564885e-01
-8.3157911897e-02
2.8328001499e-01
-1.3233591616e-01
4.6414849162e-01
7.4855208397e-02
8.1114247441e-03
-7.2359406948e-01
5.8857488632e-01
2.0521302521e-01
1.1405611038e-01
2.6149058342e+00
-1.4185841084e+00
-5.0494706631e-01
-3.2802951336e-01
-1.4372792244e+00
1.0100817680e+00
-7.8960281610e-01
2.6351985335e-01
-5.3155070543e-01
-4.7072681785e-01
2.7428964153e-02
1.2422769517e-01
2.2186417878e-01
-5.1396757364e-02
-1.8479081988e-01
2.7499672771e-01
3.6273786426e-01
1.4152978361e-01
-2.7958384156e-01
-5.8847099543e-01
-1.7609713972e-01
-3.7443819642e-01
-8.4341681004e-01
2.5431826711e-01
1.9595038891e-01
-4.2524293065e-01
-1.1934988499e+00
-1.3442673683e+00
1.8766028807e-02
8.0223947763e-01
-1.7056953907e+00
2.2191345692e+00
-1.7895009518e+00
-1.4083294868e+00
1.0591408014e+00
-4.9096174538e-02
1.2371349335e-01
3.4455099702e-01
-3.4416060895e-02
7.9337990610e-04
3.5748768598e-02
-1.1499051005e-02
1.1991211772e-01
1.8452955410e-02
8.7443932891e-02
-7.3543781042e-01
1.1230947971e+00
-7.2791415453e-01
-4.7854244709e-01
6.1652976274e-01
2.5832001120e-02
-3.1458802521e-02
1.9774446264e-02
5.5050794035e-02
-5.5643178523e-02
-2.9701514170e-02
-4.0348801762e-02
-2.8956646100e-02
6.0660425574e-02
4.2793091387e-02
4.7868505120e-01
4.7646355629e-01
4.2090731859e-01
-2.6060545444e-01
-5.2159881592e-01
-1.3725903630e-01
1.2883582115e+00
-4.2524358630e-01
-8.0973458290e-01
-6.6932725906e-01
1.1451765150e-01
1.1479320377e-01
-3.1634831429e-01
-1.9430968910e-02
-2.2476217151e-01
3.0668643117e-01
1.9872748852e-01
-3.5458240658e-02
-1.1313149333e-01
3.8827428222e-01
-1.0085047483e+00
4.3490079045e-01
-1.1747130752e-01
-9.2532110214e-01
-6.8815243244e-01
1.2412376702e-01
1.2121804804e-01
5.2631038427e-01
1.7765241861e-01
1.8405781686e-01
-3.0483838916e-01
2.0426939428e-01
-8.5522931814e-01
-6.9479489326e-01
4.7151279449e-01
-3.0558162928e-01
1.6143308952e-02
-2.9171067476e-01
5.3963065147e-01
2.5249442458e-01
2.1186594963e+00
1.7510213852e+00
-1.1243920326e+00
-3.6637446284e-01
1.8291178942e+00
-2.0418450832e+00
2.1246261597e+00
-8.1787919998e-01
-1.4316747189e+00
1.7333199978e+00
1.3647454977e-01
1.5714108944e+00
-8.9634752274e-01
5.6235939264e-01
-3.9581274986e-01
-1.9745215774e-01
4.1965308785e-01
-1.1979743093e-01
1.7323230207e-01
1.7034591734e-01
-4.0720690042e-02
-1.4721378684e-01
-1.4396767132e-02
-7.5284250081e-02
-3.3682838548e-03
1.1056757718e-01
1.1393267661e-01
2.4034243822e-01
-3.0358269811e-01
-2.4257777631e-01
-5.9331711382e-03
1.2854781933e-02
-1.0506679863e-01
3.7943307310e-02
-6.3867762685e-02
1.3942656517e+00
5.5027860403e-01
7.5803208351e-01
-1.1478897333e+00
2.7397105098e-01
-1.0761730671e+00
-1.3714145124e-01
-9.2377531528e-01
-8.2043129206e-01
1.1411844492e+00
3.4896448255e-01
-3.6446833611e-01
1.7477843165e-01
9.8550111055e-02
2.7124008536e-01
-4.5041173697e-01
-2.9178851843e-01
-6.0680288076e-01
-3.2401222736e-02
9.0878772736e-01
-6.4043767750e-02
5.4122313857e-02
4.7318663448e-02
6.3359387219e-02
1.2505332008e-02
-8.9427623898e-03
1.7379127741e+00
-2.7030330896e-01
-1.1834160089e+00
-6.5706157684e-01
-6.9679155946e-02
-5.8779351413e-02
5.3081292659e-02
1.6988511384e-01
-7.3171608150e-02
9.1979765892e-01
-4.4909581542e-01
2.2023603320e-01
2.6658017635e+00
3.3182868361e-01
-9.9371820688e-02
6.3440658152e-02
-1.8273748457e-02
-1.0703675449e-01
1.6481362283e-01
1.8651866913e-01
-1.3873855770e-01
-3.7011477351e-01
3.5205134749e-01
-9.3772642314e-02
1.6318444908e-01
5.3509213030e-02
-4.6143078804e-01
9.8802737892e-02
5.2389777265e-03
1.3438019156e-01
1.1291748285e+00
2.6617166400e-01
-1.2860383987e+00
-8.9089833200e-02
-2.6097140312e+00
-1.8987360001e+00
-2.1944091320e+00
-1.6795965433e+00
7.0802211761e-01
3.1893885136e-01
-1.7709054947e+00
-1.0492725372e+00
-5.8961366303e-03
-1.9119499624e-01
-1.4265589714e+00
-2.6477482319e+00
-1.1074569076e-01
5.4180133343e-01
-6.8469750881e-01
5.6191999465e-02
4.4108100235e-02
1.1057577096e-02
2.5272406638e-02
-1.0906560346e-02
7.8371338546e-02
8.1680729985e-02
1.5679951757e-02
2.0929846913e-02
4.6109292656e-02
2.0794413984e-02
2.7700277045e-02
-6.9587276084e-04
7.1664646268e-02
-5.1527276635e-02
-6.5380698442e-01
-2.6328966022e-01
-7.3529475927e-01
-1.0289856046e-01
-2.6809865236e-01
3.5985961556e-02
-3.2704267651e-02
-1.8577637151e-02
-1.6633221507e-01
7.8749477863e-02
4.2271825671e-01
3.6652728915e-02
-2.0939309895e-01
2.6684245467e-01
1.6353240609e-01
-2.6606157422e-02
-1.0327047855e-01
-4.4582705945e-02
1.0912658647e-02
-6.3247988001e-03
-6.2197301537e-02
5.8056034148e-02
6.9204449654e-02
4.1665781289e-02
-1.6224148870e-01
-1.7982436717e-01
-1.1666617543e-01
-2.0034098625e-01
-1.2800501287e-01
-6.0886137187e-02
-1.5553323925e-01
1.8878349662e-01
7.5914062560e-02
4.1989317536e-01
1.6335111856e-01
-3.3901743591e-02
-6.3646860421e-02
1.8544988334e-01
6.9160677493e-02
-1.1411055923e-01
-2.6601636410e-01
6.8714290857e-02
-2.3094706237e-01
-4.5862603188e-01
-2.6945513487e-01
-5.2650600672e-01
-5.8677166700e-01
-5.7223904133e-01
5.8836269379e-01
-2.9604613781e-02
2.6555848122e-01
3.8963064551e-02
-2.6723643765e-02
-4.2145222425e-02
-8.1367984414e-02
-4.2818269134e-01
2.6374164224e-01
-2.6537808776e-01
3.5720837116e-01
-5.9392040968e-01
2.2841301560e-01
9.9363274872e-02
3.9533212781e-01
-1.1678970605e-01
5.6962955743e-02
2.7098455466e-03
1.0768047720e-01
-3.1036619097e-02
-3.2620597631e-02
1.5985935926e-02
-4.6522533894e-01
-1.1503288746e+00
-4.0439614654e-01
-7.1964956820e-02
5.9856927395e-01
4.1667097807e-01
2.3256881535e-01
-1.8475407362e-01
-4.3398281932e-01
-2.7718755603e-01
-4.2189355940e-02
-5.2084553987e-02
2.5356882811e-01
1.3938902318e-01
2.4356889725e-01
-9.9696349353e-03
3.5213716328e-02
9.9372528493e-02
3.7714000791e-03
6.0014218092e-02
1.1424880475e-02
-2.4153525010e-02
-9.3357130885e-02
-2.3403267562e-01
-6.0341577977e-02
1.6432526708e-01
4.0283080190e-02
-1.9202920794e-01
4.5876465738e-02
2.9585701227e-01
-1.2654668093e-01
-6.5095797181e-02
-7.9470835626e-02
-8.8486306369e-02
5.0401646644e-02
-2.0031340420e-01
3.4907702357e-03
1.2090613693e-01
3.8983362913e-01
1.8177002668e-02
5.4536061287e+00
6.7028818130e+00
5.7915277481e+00
-7.9152069986e-02
2.1422915459e+00
-3.9869200438e-02
-9.7237445414e-02
-1.6952389479e-01
-3.9103325456e-02
9.5148205757e-02
7.6083853841e-02
1.5491722524e-01
1.5438975394e-01
4.7199301422e-02
-2.5100722909e-01
3.4359222651e-01
1.4145700634e-01
-1.4465567470e-01
3.9454478770e-02
5.4744637012e-01
-1.3360703364e-02
-7.7068567276e-02
-1.3144346885e-02
-1.0127852438e-03
7.3649361730e-03
-6.5269076824e-01
-8.0416679382e-01
-8.2987046242e-01
3.7637844682e-01
-4.5356720686e-02
6.6948751919e-03
1.5295268595e-01
-2.2095187008e-01
4.4342350215e-02
-4.2386803031e-01
-4.6215763688e-01
-7.4950355338e-04
-9.2689776793e-03
-1.7461366951e-03
-9.5082506537e-02
-4.7044223547e-01
-1.0963256657e-01
1.3471250236e-01
1.6811296344e-01
-3.5553023219e-01
-2.7515923977e-01
-1.4286749996e-02
2.1998514235e-01
9.8451562226e-02
4.9538016319e-02
8.3516417071e-03
5.3456317633e-02
2.2564422339e-02
-2.6298645884e-02
2.5320984423e-02
-1.6711076722e-02
4.6580787748e-02
4.1344359517e-02
2.1701943129e-02
2.9899347574e-02
5.5061054230e-01
2.6455614567e+00
-9.4623073936e-02
-1.6326801777e+00
2.2476615906e+00
4.6454329044e-02
1.0839042813e-01
6.0654755682e-02
2.9505031183e-02
2.7239566669e-02
2.0779614151e-01
-7.3065572977e-01
-6.1649892479e-02
2.9312133789e-01
6.3037168980e-01
-4.4450654984e+00
-3.1131465435e+00
-3.2365636826e+00
-3.6062171459e+00
-6.5621671677e+00
-3.6450007558e-01
-1.5243880451e-01
4.1063141823e-01
4.5337704942e-03
1.1698169261e-01
7.8395968303e-03
4.6304564923e-02
1.0405926965e-02
3.4696951043e-03
-2.3335054517e-02
4.0913182497e-01
1.0906884670e+00
2.5763612986e-01
8.3326935768e-01
1.0270330906e+00
1.1613721028e-02
2.1927600726e-02
9.9051343277e-03
9.2409417266e-04
-1.8277825788e-02
-1.1309804767e-01
-7.0223271847e-02
-5.2048258483e-02
2.1348798182e-03
-3.5549808294e-02
-3.1180852652e-01
-3.9917002432e-03
2.3827962577e-01
-2.1022975445e-01
8.2518473268e-02
3.0058833957e-01
6.5067076683e+00
5.2347359657e+00
-2.5392873287e+00
2.0698752403e+00
3.3088192344e-02
7.2226397693e-02
6.6936570220e-03
5.4390560836e-02
1.7264343798e-01
-4.2675465345e-02
2.8151991963e-01
4.2978447676e-01
5.9430390596e-01
5.4065150023e-01
5.5173676461e-02
1.5649261186e-03
-8.0194287002e-02
8.1866513938e-03
-6.9485962391e-02
5.0750534981e-02
1.9775379449e-02
3.8208062761e-03
-2.2494331002e-02
-3.7887331098e-02
-8.0587452650e-01
7.0882040262e-01
-3.4293067455e-01
-6.8103915453e-01
2.0091998577e-01
-9.8307710886e-01
5.4326134920e-01
-8.8982433081e-01
-1.1125099659e+00
-1.2244328111e-01
-3.1781749725e+00
-1.8987932205e+00
-3.6125137806e+00
-3.6137113571e+00
-5.3870282173e+00
6.1376430094e-02
5.0313197076e-02
-2.3459553719e-01
1.8048483133e-01
7.3714070022e-02
-1.0586152077e+00
-4.5776251704e-02
8.6629785597e-02
-3.6516468972e-02
-5.0125360489e-02
-3.2011487056e-03
-7.0214038715e-03
-1.3267326355e-01
-9.2560105026e-02
1.2532382272e-02
-2.6095470414e-02
1.0290806741e-01
1.8173160031e-02
2.2494675592e-02
6.5358742140e-03
-2.5257151127e+00
-1.0417636484e-02
-2.4568414688e+00
-1.1767039299e+00
-1.5898600817e+00
2.1339584142e-02
-2.1358873695e-02
2.4044297636e-02
-4.6646669507e-02
1.9151680171e-01
4.8091214150e-02
-1.1710407212e-02
-3.8721419871e-02
-2.0191675052e-02
1.5923345461e-02
9.2162966728e-02
1.8440848589e-01
-1.5991617739e-01
-5.5832449347e-02
-2.2604684532e-01
-1.1961694956e+00
-1.1820982695e+00
-2.1144573390e-01
3.7814259529e-01
-9.7209334373e-02
-1.3097946644e+00
-8.0041426420e-01
-4.8315244913e-01
-1.4477165937e+00
-3.0423960090e-01
-6.2906157970e-01
4.0334340930e-01
4.7605821490e-01
-5.0500577688e-01
3.9120090008e-01
-3.1019847393e+00
-4.7037467957e+00
3.2939085364e-01
-8.5006996989e-02
5.7588702440e-01
-1.7925266027e+00
2.9537680149e+00
3.2019236684e-01
2.8329935074e+00
1.5491665900e-01
-7.7639288902e+00
-3.4047713280e+00
-1.1437127590e+00
-9.8350924253e-01
-8.2078719139e-01
-2.5884199142e+00
1.6614984274e+00
-2.4297766387e-01
-8.4813892841e-01
5.6498026848e-01
-2.5906935334e-01
-1.5434852242e-01
2.9229575396e-01
-8.8672578335e-02
-2.0776747167e-01
-2.4104967117e+00
-9.2158299685e-01
8.3562928438e-01
-5.6617289782e-01
8.6658638716e-01
-2.9990556240e+00
-4.4971885681e+00
2.2246745229e-01
-2.5977044106e+00
-1.5100073814e+00
-1.4164534807e+00
6.9311743975e-01
-1.6102686524e-01
-1.6895885468e+00
-2.0463231206e-01
1.2128446102e+00
-2.7566137314e+00
2.0461611748e+00
8.6266505718e-01
2.3876183033e+00
-5.4955112934e-01
4.5282444358e-01
3.6195182800e-01
-1.6231164932e+00
-3.1722302437e+00
-1.4251275063e+00
2.3238430917e-01
-5.5446378887e-02
-1.7128029466e-01
-4.4643044472e-01
-6.5085215569e+00
4.8831617832e-01
2.7100114822e+00
-1.1062481403e+00
-6.0304081440e-01
-4.9854683876e+00
-1.7597411871e+00
-2.9993474483e-01
2.1899433136e+00
-1.1077193022e+00
9.1820275784e-01
-5.9986811876e-01
-8.4253346920e-01
-3.5763848573e-02
-3.0558952689e-01
-1.5654864311e+00
1.1890895367e+00
-9.5628875494e-01
4.2618364096e-01
-5.1736241579e-01
-1.3970761299e+00
-9.1527909040e-02
-4.6897232533e-01
-1.7112822831e-01
-6.8913894892e-01
1.0829101801e+00
2.2329957485e+00
-1.6552686691e-01
-4.4078104198e-02
-1.8500031531e-01
1.6310741901e+00
4.9409937859e-01
-5.8231061697e-01
-1.4305108786e-01
-4.8799711466e-01
-1.1198893785e+00
-1.4786822796e+00
2.2773450613e-01
-5.0853359699e-01
7.7792811394e-01
3.3710620403e+00
1.0931766033e+00
-7.2260135412e-01
-8.8449513912e-01
-1.2517517805e+00
-6.3718771935e+00
-1.4926482439e+00
3.4001076221e+00
8.0314886570e-01
-2.0519454479e+00
-5.1900129318e+00
1.6685047150e+00
3.9550461769e+00
-1.1546237469e+00
-1.3016028404e+00
-7.2070395947e-01
4.3912419677e-01
2.2540314496e-01
-1.3840429485e-01
-5.7665580511e-01
8.4842192009e-03
-3.8798919320e-01
-3.8041792810e-02
8.5686665773e-01
-3.7471154332e-01
-8.7989777327e-01
1.1510249376e+00
-6.7945104837e-01
3.8879156113e-01
-4.7616559267e-01
-4.4620943069e+00
-4.3764982224e+00
2.8219606876e+00
8.8572514057e-01
-7.9554957151e-01
-4.5179882050e+00
-7.5314102173e+00
1.7274405956e+00
-1.1090342999e+00
-4.2622801661e-01
4.8604133725e-01
-5.3881172091e-02
2.6718733311e+00
-2.8651422262e-01
-2.3720994592e-01
-3.2241302729e-01
1.9251872301e+00
-3.4930288792e-02
2.3572468758e+00
-3.5402658582e-01
-2.9027662277e+00
3.1891472340e+00
1.1247190237e+00
1.8736958504e+00
-4.9573330879e+00
-4.6783658862e-01
5.9299111366e-01
4.6290999651e-01
-6.0178913176e-02
-3.2891544700e-01
-6.5340530872e-01
3.1684830785e-01
-9.7550606728e-01
-2.2167536616e-01
7.2708815336e-01
-8.5470169783e-01
-3.6469824314e+00
-5.1990070343e+00
-2.2144842148e+00
2.8874796629e-01
-1.6650398970e+00
-5.4550228119e+00
-2.4796897173e-01
-2.0889191628e+00
-5.7000207901e-01
-2.2511768341e+00
3.6577716470e-01
2.3831897974e-01
-2.8838005662e-01
-8.0451285839e-01
-3.4963419437e+00
9.6084970236e-01
-8.2692998648e-01
-5.9336805344e-01
-2.1250402555e-02
-2.9157657623e+00
-2.7166080475e+00
-1.2583210468e+00
6.0776549578e-01
6.3163882494e-01
-2.8690810204e+00
-3.2737481594e+00
2.7865278721e+00
-2.1911238134e-01
-9.6859949827e-01
3.0579801649e-02
-1.0791585445e+00
-1.4019886255e+00
6.1390483379e-01
1.1791414022e+00
1.3182699680e+00
-2.7175372839e-01
6.4633405209e-01
1.6842004657e-01
3.8965785503e-01
-4.8838744164e+00
3.8558533788e-01
2.4937005043e+00
5.4580988884e+00
1.2851554155e+00
-2.2235620022e+00
-6.2774639130e+00
2.5270538330e+00
-1.1630158424e+00
7.7753567696e-01
3.4588374197e-02
4.9749389291e-01
5.6471043825e-01
1.4861513674e-01
1.3127497435e+00
-2.6452207565e+00
-1.2549170256e+00
3.2208597660e-01
4.6915796399e-01
2.9481711984e-01
2.5712108612e-01
8.1537812948e-02
-1.7055515945e-01
-1.9785715267e-02
-1.3969935179e+00
-9.7720801830e-01
2.1292915344e+00
-1.6209415197e+00
2.8457757831e-01
6.9240683317e-01
-1.0216208696e+00
1.6909377277e-01
-4.7163090110e-01
7.0358568430e-01
-3.8437426090e-01
-5.1311821938e+00
2.3671600223e-01
9.2215228081e-01
-1.7582312822e+00
-2.3584732413e-01
-3.4386441708e+00
2.7860552073e-01
3.2819714546e+00
-1.0043237209e+00
-6.9595378637e-01
8.3680945635e-01
1.4212791920e+00
-2.8751128912e-01
-3.0021959543e-01
-8.3963435888e-01
-2.8670542240e+00
-7.3041009903e-01
-1.1579008102e+00
-2.8836447001e-01
-6.1324870586e-01
1.3021970987e+00
2.8620144352e-02
1.7102301121e+00
-3.2967528701e-01
-5.7991385460e-01
-1.4721341133e+00
4.1263046265e+00
9.7711014748e-01
2.2889301777e+00
4.8305269331e-02
-1.4330718517e+00
4.6086025238e-01
8.8182902336e-01
-6.7617148161e-01
2.4545777123e-03
-3.2231597900e+00
-1.9328595400e+00
1.4106973410e+00
7.7311486006e-01
1.5341869593e+00
2.1252660453e-01
-2.4036395550e+00
4.5225235820e-01
1.4059408903e+00
-1.0430904627e+00
2.1211740971e+00
2.9431855679e+00
1.6023665667e+00
1.4086545706e+00
1.3015366793e+00
2.8926271200e-01
5.4536104202e-01
1.8316386640e-01
6.2517277896e-02
-2.4367494881e-01
-1.4527219534e+00
-2.6509904861e+00
1.6613990068e+00
2.6723676920e-01
3.3060440421e-01
1.0926419497e+00
1.2944842577e+00
7.4979286194e+00
2.7490897179e+00
1.9632092714e+00
2.0979080200e+00
2.2176406384e+00
4.5444467664e-01
-1.6372653246e+00
-6.4553892612e-01
-1.2378886938e+00
-3.4135470390e+00
-2.9114000797e+00
2.8723390102e+00
1.4121727943e+00
3.1335183978e-01
4.1947674006e-02
1.4748396352e-02
-2.7987697721e-01
-3.1391526572e-03
-1.1381891556e-02
-6.5354478359e-01
2.9477941990e-01
2.4640710652e-01
1.0289530456e-01
1.2466269732e-01
-2.1171312034e-01
-1.1646036804e-01
-3.4580913186e-01
-2.3085492849e-01
-1.9811013713e-02
-1.0704271793e+00
5.6767767668e-01
-3.7286007404e-01
-2.2952154279e-01
-2.1668621898e-01
-1.7133466899e-01
-3.3293592930e-01
-3.7806713581e-01
3.2401973009e-01
-2.3844016716e-02
1.8816140294e-01
-5.1544183493e-01
-9.7487032413e-01
-4.6421331167e-01
-2.9928665608e-02
6.7760899663e-02
3.0290642381e-01
3.1318955123e-02
-8.8801980019e-02
-1.0653868318e-01
-3.3042427152e-02
3.0199052766e-02
7.9791790247e-01
5.1369696856e-01
1.9660425186e-01
-7.6038204134e-02
-9.3273825943e-02
-7.5383430719e-01
-6.2873631716e-02
9.8899775743e-01
-1.2200034857e+00
-2.4495403469e-01
-8.2827605307e-02
6.1629951000e-01
-1.5879577398e-01
2.6904240251e-01
-1.8808124959e-01
-8.6818173528e-02
-1.9253852963e-01
-4.6458420157e-01
-2.2457234561e-01
-2.1281962097e-01
2.9199919105e-01
-3.6096757650e-01
7.2458618879e-01
-2.8558957577e-01
8.4662246704e-01
9.2048931122e-01
5.6585955620e-01
4.3493592739e-01
-5.7797437906e-01
9.6585705876e-02
9.2908293009e-02
-2.6371831074e-02
-1.2739651680e+01
-6.0509090424e+00
-1.1039475203e+00
1.4265502691e+00
-4.3001789600e-02
3.4754881263e-01
8.5893172026e-01
-3.8675251603e-01
-2.6678910851e-01
-1.7737509310e-01
6.2856346369e-01
3.1581935287e-01
-2.7638426423e-01
7.1018062532e-02
3.0866116285e-01
-5.5381369591e-01
5.8699709177e-01
-9.6941873431e-02
5.2794027328e-01
3.0315789580e-01
-1.3902413845e-01
5.4743957520e-01
7.7590817818e-04
-1.7447546124e-01
-1.4966416173e-02
-4.6740539372e-02
-1.6071780026e-01
2.3193933070e-02
1.3318966143e-02
9.1315114498e-01
2.4016726017e-01
6.7707017064e-02
2.1040800959e-02
-7.6272867620e-02
-2.2246593237e-01
3.2406859100e-02
3.8071535528e-02
-2.6109856367e-01
-2.5402450562e-01
-7.9405978322e-02
-3.1490474939e-01
2.0817415416e-01
-7.2516930103e-01
-8.4238149226e-02
-8.5479813814e-01
-2.3344375193e-01
8.6357139051e-02
3.3427438140e-01
8.4757477045e-02
3.5911434889e-01
1.5019214153e-01
3.9452183247e-01
-4.9811267853e-01
5.2220094204e-01
5.7180726528e-01
-1.7253610611e+01
-1.3611902237e+01
-7.3787021637e+00
-4.8973932266e+00
-1.0064158440e+00
-4.2281821370e-01
-8.8287824392e-01
-1.5345256031e-01
-7.7924154699e-02
5.5539357662e-01
5.0124600530e-02
3.5039567947e-01
-5.1114916801e-01
2.8623729944e-01
6.9790370762e-03
-7.3282521963e-01
-4.5881462097e-01
9.5056802034e-02
1.8080741167e-01
-1.8810220063e-01
1.9573125243e-01
-2.1633380651e-01
1.8725132570e-02
-2.3566675186e-01
-2.8681880794e-03
-6.7143859342e-03
4.3179091811e-01
3.2987049222e-01
3.3805206418e-01
-2.6302620769e-01
-7.4299588799e-02
2.8425928950e-01
1.6942699254e-01
2.7566850185e-01
1.0590053797e+00
4.3953236938e-01
-9.2510747910e-01
1.5116849542e-01
-1.3846817613e-01
-1.8499654531e-01
7.3137384653e-01
-1.7345872521e-01
1.9665284455e-01
5.0480417907e-02
-5.8058444411e-02
1.5645476580e+00
3.3244818449e-01
2.2337476909e-01
2.8344899416e-01
1.1807012558e-01
1.1741077900e-01
3.0064871535e-02
1.3635253906e-01
6.6005505621e-02
3.9071783423e-01
3.9574831724e-01
-7.7300570905e-02
-1.9881986082e-02
-4.8137474805e-02
2.7146523818e-02
-1.2011782646e+01
-1.0674443245e+01
-7.4789056778e+00
-4.8204631805e+00
1.9030439854e+00
3.7075996399e-01
3.7791438401e-02
-3.7723195553e-01
3.0677381158e-01
6.4229947329e-01
3.2598805428e-01
2.9094156623e-01
-8.6755621433e-01
2.0882928371e-01
4.7148668766e-01
1.8350483179e+00
-2.3723697662e+00
2.1108376980e+00
2.3089189529e+00
-3.1789660454e+00
5.8345502615e-01
-1.5256124735e-01
3.6225134134e-01
-1.4352989197e+00
4.0198770165e-01
1.8706978858e-01
-3.1555429101e-02
8.1626370549e-02
-7.0344880223e-02
3.9140172303e-02
-9.0888470411e-01
-4.6181454659e+00
7.9648590088e-01
2.5478705764e-01
3.5403463244e-01
2.1009249985e-01
2.5877702981e-02
-6.2507479452e-03
1.4861761034e-01
1.7298187315e-01
5.1659101248e-01
-4.7536272556e-02
1.7805077136e-01
3.1078863144e-01
2.6539063081e-02
-2.3780181408e+00
-1.2911713123e+00
-1.7368592322e-01
1.5487214550e-02
-4.6992748976e-01
-1.8113803864e+01
-2.0462009430e+01
-1.6869827271e+01
-1.4186223984e+01
-1.3578868866e+01
-1.3205835223e-01
-5.2959378809e-02
3.1179803610e-01
-6.7639872432e-02
1.9492439926e-01
7.0683556795e-01
-2.6464587450e-01
-3.6680021882e-01
1.8539555371e-01
4.0626361966e-01
-8.4735222161e-02
6.4399945736e-01
-1.9159008563e-01
7.6751895249e-02
2.0112688839e-01
-1.9256627560e-01
4.4847629964e-02
-1.8796156347e-01
-4.5614808798e-02
1.8036761880e-01
-1.0254513025e+00
-7.9998087883e-01
-2.1073243022e-01
-5.9517616034e-01
4.5907634497e-01
-9.3750602007e-01
-1.6245599091e-01
9.2220894992e-02
-4.6004202962e-01
2.1545138955e-01
-2.7630627155e+00
-3.2933762074e+00
-1.3773776293e+00
-3.9443784952e-01
-1.1231539249e+00
-2.9229229316e-02
-3.1050899625e-01
2.9534196854e-01
-1.0551537573e-01
-2.7021897957e-02
7.5950008631e-01
-1.1007534266e+00
5.0169235468e-01
2.9938891530e-01
7.7863830328e-01
-1.1930093914e-01
2.6012744755e-02
-2.7823695540e-01
-3.5802736878e-01
-5.5590015836e-04
-9.3462154269e-02
-1.6429577768e-01
4.5949015766e-02
-3.7324169278e-01
-2.3354148492e-02
-1.4682935178e-01
-2.8030781746e+00
-3.4475567341e+00
-2.1383449435e-01
2.1560688019e+00
-1.2556992471e-01
-6.7780256271e-02
-1.0376713239e-02
2.7430796623e-01
9.4096513931e-04
-2.4895912409e-01
-1.1052120477e-01
-2.9367098212e-01
-1.9149589539e-01
-1.6782389581e-01
4.6553826332e-01
5.5063575506e-01
-1.8491072580e-02
1.8309991807e-02
1.0385937989e-01
-8.3526057005e-01
-2.9962086678e-01
-2.6961657405e-01
-1.0239081830e-01
-2.7880689502e-01
-8.6010646820e-01
-9.7746109962e-01
6.6592437029e-01
3.7221196294e-01
9.3401139975e-01
2.4610736966e-01
-3.0514320731e-01
4.2470750213e-01
-7.5137215853e-01
3.3409953117e-02
-2.5743978024e+00
4.5936313272e-01
-1.3595876098e-01
6.9061172009e-01
8.3662885427e-01
5.0137954950e-01
1.0836251825e-01
-4.6216586232e-01
7.5155025721e-01
-1.8412171602e+00
-1.9426915646e+00
5.4342895746e-01
-1.2332279980e-01
1.5029937960e-02
2.8256341815e-01
-8.0004021525e-02
8.1003731489e-01
-1.4914512634e-01
-2.5233146548e-01
-5.1585811377e-01
3.9330926538e-01
6.5978550911e-01
1.0711684078e-01
5.8185156435e-02
-1.3025188446e-01
-1.1000432968e+00
-1.4227981865e-01
1.3558424711e+00
-7.0664483309e-01
1.0275658220e-01
-1.6287130117e+00
1.5361109376e-01
-1.2474163771e+00
-9.1630440950e-01
-1.0082020760e+00
-7.7335372567e-02
5.7777129114e-02
1.2005088478e-01
-1.3367266953e-01
-3.1728258729e-01
3.7468469143e-01
1.3268879056e-01
-1.8740971386e-01
-2.4815118313e+00
-1.7490220070e+00
-4.2314281464e+00
-1.0724430084e+00
-1.8963146210e+00
-4.8651263118e-01
-1.2904727459e+00
2.5434501469e-02
-3.3638852835e-01
-5.0599390268e-01
-1.5660387278e-01
4.8465285450e-02
4.1804623604e-01
1.6886364669e-02
-1.4794236422e-01
9.3832087517e-01
1.8323833942e+00
2.8720426559e-01
6.1712419987e-01
-1.4588278532e+00
3.5747146606e-01
8.1649124622e-01
-8.3648124710e-03
1.3762322068e-01
-6.3166958094e-01
2.1650303900e-01
1.5391102433e-01
3.4505563974e-01
-4.1232499480e-01
2.1463997662e-01
-7.8900837898e-01
-6.7265689373e-01
7.5509095192e-01
6.4815790392e-03
4.7022858262e-01
-2.4217249453e-01
5.8877640963e-01
1.0737718344e+00
3.6871284246e-02
7.8116953373e-02
-6.0689949989e-01
-8.7398397923e-01
8.4576442838e-02
3.3780437708e-01
-5.1480293274e-01
-3.3224946260e-01
-3.0566912889e-01
-8.0581301451e-01
9.0052820742e-02
-6.2739098072e-01
3.0465837568e-02
-1.3303247094e-01
2.3506872654e+00
-6.3370054960e-01
2.4481181800e-01
-2.1423374116e-01
-2.8076055646e-01
1.6522527933e+00
4.3029532433e+00
2.2204446793e+00
2.1589482203e-02
3.7412455678e-01
-1.4172313213e+00
-1.7925734520e+00
-1.5574386120e+00
-1.2402534485e+00
3.6727732420e-01
-4.3810795993e-02
-2.4753896520e-02
7.4073173106e-02
1.4727892354e-02
-2.4629144371e-01
2.0524400473e-01
3.8850745559e-01
-1.0093812943e+00
5.7028198242e-01
-3.2606276870e-01
-2.0407813787e-01
7.0767186582e-02
7.8080302477e-01
-2.3663520813e-02
-2.4447850883e-01
-1.5441446304e+00
-3.7727715969e+00
-1.5216807127e+00
-6.6964536905e-01
-4.0633344650e-01
-2.9570648670e+00
-3.8137960434e+00
-4.0705146790e+00
-5.0816688538e+00
-4.0725903511e+00
2.7677750587e-01
4.0111023188e-01
1.4422321320e-01
-3.9008572698e-01
-1.9575758278e-01
1.0703834891e-01
-3.3608895540e-01
-2.1297024190e-01
1.6219907999e-01
1.6815558076e-01
1.3381035328e+00
4.0865907073e-01
-2.2131547928e+00
-1.7386336327e+00
7.2056603432e-01
2.5720033050e-01
-1.7202289775e-02
2.5492113829e-01
-9.9786087871e-02
-7.5653240085e-02
-5.1364672184e-01
7.6317727566e-02
3.3603975177e-01
-5.8796953410e-02
-3.0757373571e-01
9.9560454488e-02
1.2157536745e+00
2.3604421616e+00
5.3904247284e-01
2.5614228249e+00
-1.3705085516e+00
-5.9284543991e-01
-1.7407779694e+00
-1.8473827839e+00
1.5597087145e+00
4.6315452456e-01
1.3855919242e-01
8.8817369938e-01
5.9829656035e-02
-4.8837012053e-01
-2.9576206207e-01
-1.4344349504e-01
-9.7512878478e-02
-3.2316622138e-01
-3.2270267606e-01
-3.5425713658e-01
7.8317105770e-01
9.9408835173e-01
-1.0487000942e+00
-1.4880399406e-01
1.2222879380e-01
-4.0420362353e-01
2.0508417487e-01
-3.1028354168e-01
3.3751842380e-01
-5.5268771946e-02
2.6824203134e-01
-8.8346165419e-01
9.7156989574e-01
1.9399048090e+00
1.7927314341e-01
-2.1206511557e-01
4.1706845164e-01
8.1969648600e-01
4.0082079172e-01
-1.3641195297e+00
-1.0552440882e+00
2.8966972828e+00
-2.3745844364e+00
-3.1053718925e-01
-2.6203284264e+00
-1.0315908194e+00
1.9204336405e+00
-6.9634902477e-01
-2.4403975010e+00
-1.6965185404e+00
2.3431874812e-01
-8.9867061377e-01
-8.3460539579e-01
-5.8142429590e-01
-3.1566145420e+00
-1.2885034084e+00
-4.7457528114e-01
-7.6646931469e-02
-2.9642343521e-01
-5.4814971983e-02
9.6857985482e-03
-2.5082933903e-01
1.0265623778e-01
-5.7976320386e-02
2.0510356128e-01
-6.6586926579e-02
2.4813567102e-01
-6.2361937761e-01
-1.1681897193e-01
6.2611505389e-02
-4.0101733804e-01
7.8351713717e-02
2.2407889366e-02
-4.4780692458e-01
-4.5619573593e+00
-2.3048100471e+00
7.7105784416e-01
-1.1958405972e+00
8.0551117659e-01
-3.2639124393e+00
-5.4803466797e-01
9.5337539911e-01
-2.3105262220e-01
-8.7725645304e-01
6.2393736839e-01
1.3887724876e+00
5.0186026096e-01
-4.0859621763e-01
-5.6686854362e-01
-1.9506573677e+00
3.3425351977e-01
-1.5968860388e+00
-2.1323390007e+00
-2.1875369549e+00
-5.7826157659e-02
-7.1787953377e-02
4.2618599534e-01
-9.4562970102e-02
-7.7392190695e-02
-3.8808021545e+00
-3.1174383163e+00
-1.1189970970e+00
-1.3045212030e+00
-1.0376636982e+00
-4.2827781290e-02
5.3533947468e-01
-8.5173934698e-02
-4.4771128893e-01
1.2295058370e-01
3.0072736740e+00
2.4990355968e+00
-1.4933522940e+00
1.7185026780e-02
6.6690140963e-01
6.8297070265e-01
-2.3136258125e-01
9.3996852636e-02
1.7688070238e-01
-1.3546265662e-01
4.0300816298e-01
-7.6791071892e-01
-7.6625537872e-01
1.0032530129e-01
-1.3430281878e+00
-4.4716882706e-01
1.7115068436e-01
2.1997367963e-02
-1.8466782570e-01
-1.9604685903e-01
-8.0946636200e-01
-1.1228652000e+00
-7.4694252014e-01
-1.9169888496e+00
-3.7572453022e+00
5.3102364540e+00
4.3459601402e+00
2.9904799461e+00
-2.4659667015e+00
-3.0409231186e+00
1.5507721901e+00
1.9440702200e+00
9.7705113888e-01
8.5426497459e-01
2.2500908375e+00
1.3969066143e+00
-7.1032786369e-01
8.9702960104e-03
1.4792388678e-01
1.1876600236e-01
1.2740235031e-01
7.9854838550e-02
-2.0729359984e-01
1.7800556961e-03
-2.2583644837e-02
-5.3645610809e-01
-2.5320875645e-01
-9.3608953059e-02
-1.5703415871e-01
2.2145988047e-01
2.0770294964e-01
1.8421879038e-02
-6.3214845955e-02
-5.4638352245e-02
-1.2708783150e-01
-3.2109040022e-01
3.9165958762e-02
-5.0213521719e-01
1.5496225357e+00
5.2797621489e-01
-1.7600575462e-02
-7.3667198420e-02
-3.8942391984e-03
-3.2672089338e-01
6.9497108459e-02
-3.7210538983e-01
-9.0043298900e-02
3.5551074892e-02
2.5623926520e-01
-5.2947795391e-01
-2.7861121297e-01
2.4080796167e-02
-1.4812590182e-01
-5.0425879657e-02
-1.1716356874e-01
-4.4680929184e-01
-9.9944733083e-02
-1.8646010756e-01
-4.6644136310e-02
2.9376700521e-01
-4.4294381142e-01
-5.8612358570e-01
-1.0723926127e-01
5.8182692528e-01
3.2550211996e-02
2.6300564408e-01
5.4222956300e-02
1.5379386023e-02
-1.9929650426e-01
-2.3782964051e-01
-2.3101483285e-01
-1.5612387657e-01
4.6987533569e-02
-3.3425759524e-02
-1.2607942522e-01
5.3812748194e-01
-3.0670776963e-01
2.2530502081e-01
1.2854717672e-01
-5.1234714687e-02
-1.4693929255e-01
-3.8827666640e-01
2.3010767996e-01
5.5455821753e-01
-8.4057308733e-02
4.0662688017e-01
1.2865664065e-01
1.0179260373e-01
5.3947940469e-02
4.0996178985e-02
-1.2028213739e+00
5.2245903015e-01
1.8539186716e+00
6.7955338955e-01
5.7116266340e-02
-6.0818815231e-01
-5.0296670198e-01
4.0179646015e-01
-2.8041681647e-01
-3.8799059391e-01
-2.7804166079e-01
-2.0801879466e-01
1.0148948431e-01
9.2276617885e-02
9.6180692315e-02
4.6317234635e-01
-4.6437737346e-01
-4.2552568018e-02
-4.7145515680e-01
-1.9794400036e-01
1.6733162105e-01
1.2070175260e-01
2.5488966703e-01
-7.9589881003e-02
1.0744956881e-01
-4.0520269424e-02
-1.1337753385e-01
-2.4066932499e-01
3.9686232805e-02
3.5115855932e-01
-7.3572285473e-03
-5.6991979480e-02
-2.3183482885e-01
1.2007113546e-01
9.3732193112e-02
1.2392576784e-01
2.5717720389e-01
-2.6887685061e-01
2.6295754313e-01
-1.5706242621e-01
2.3016354442e-01
-1.5951722860e-01
-1.0061181337e-01
2.1495635808e-01
-3.3556345105e-01
-3.3970174193e-01
-1.2730152905e-01
1.3341395557e-01
7.9473435879e-02
2.9050064087e-01
3.3630004525e-01
-4.8752254248e-01
1.5901064873e-01
2.4336986244e-01
-1.7146858573e-01
-1.0962905735e-01
1.6924044490e-01
1.5047522783e+00
-2.1437840462e+00
-2.4864718914e+00
5.1230385900e-02
-1.1937870085e-01
8.7797239423e-02
-3.1973786652e-02
-8.5083380342e-02
-2.4932508171e-01
-1.2171771377e-01
-2.1856302023e-01
-5.2196961641e-01
-4.2208142579e-02
-1.7506937683e-01
-8.3556598425e-01
2.3649536073e-01
5.6021310389e-02
-7.8510060906e-02
-1.7533239722e-01
1.5669228509e-02
-1.3931123912e-01
-6.4830638468e-02
-1.6334770620e-01
-9.6932268143e-01
-4.6833232045e-01
9.0954357386e-01
1.7741927505e-01
-9.0901637077e-01
-4.6744197607e-02
1.4830277860e-01
-3.6727136374e-01
3.9826691151e-01
2.4412891269e-01
-5.0127148628e-01
1.4410947263e-01
1.7834123969e-01
1.0211654007e-01
8.8417537510e-02
-1.9497236609e-01
1.1183377355e-01
-1.4957647026e-01
5.6469446421e-01
2.8083458543e-02
-2.4356319010e-01
5.4170880467e-02
6.1007492244e-02
1.6509464383e-01
6.8847954273e-01
5.5475957692e-02
1.2090016901e-01
-2.4793151021e-01
3.2854743302e-02
2.1847891808e-01
1.6810145229e-02
-1.6215483844e-01
9.1706939042e-02
6.6577773541e-03
-2.2269085050e-01
1.8050675392e+00
3.2348523140e+00
-9.0682543814e-02
-3.3336293697e-01
1.2621076405e-01
4.0260106325e-01
-3.0328866839e-01
1.0360728949e-01
2.2740098834e-01
3.3754149079e-01
3.7368535995e-01
-5.6698936224e-01
-3.3547252417e-01
3.9778526872e-02
1.3765868545e-01
-3.1899795532e+00
-7.7810935974e+00
-5.3186836243e+00
-5.3547554016e+00
-6.4256367683e+00
-4.5219165087e-01
-2.3709957302e-01
-2.8652605414e-01
9.7710765898e-02
-1.6483086348e-01
-4.8335656524e-02
-2.0540531725e-02
1.9337151200e-02
7.4892520905e-02
-5.5656578392e-02
-7.5523006916e-01
-3.8464665413e-01
-2.3855037987e-02
8.4604039788e-02
4.0285640955e-01
1.2457599863e-02
3.9221189916e-02
-1.7997497320e-01
9.2760473490e-02
-1.0868294537e-01
-2.0323176682e-01
-3.3311787993e-02
3.2939049602e-01
7.3830500245e-02
1.6017325222e-02
-2.3745501041e-01
3.6804088950e-01
2.0899264514e-01
-6.0363376141e-01
2.9002979398e-01
-2.8760197759e-01
1.0318540335e+00
3.4521820545e+00
2.6430795193e+00
1.4998865128e+00
-8.7181538343e-02
7.1052148938e-02
-1.7474651337e-01
-2.5631999969e-01
1.8033371866e-01
-2.5227692723e-01
4.0152904391e-01
3.4031413496e-02
2.1729268134e-01
4.6743080020e-01
-5.6261247396e-01
-2.2355809808e-01
5.7544026524e-02
-2.4325601757e-01
-9.2742271721e-02
8.8824434206e-03
-5.0466299057e-02
-7.0101795718e-03
-1.6996400058e-01
-2.3880620301e-01
9.1449916363e-01
4.0722289681e-01
3.8319566846e-01
6.3986808062e-01
3.9829590917e-01
1.5033350885e-01
-5.6842780113e-01
6.5439537168e-02
-5.3172177076e-01
2.5644081831e-01
-4.1450228691e+00
-2.1958901882e+00
-2.4516956806e+00
-3.7508294582e+00
-4.6914129257e+00
2.3112200201e-01
2.1880979836e-01
1.2344934046e-01
4.6194595098e-01
-1.6090133786e-01
-1.7668329477e+00
4.1627830267e-01
8.5513597727e-01
-4.0940392017e-01
-4.4780060649e-02
-3.1833380461e-01
8.5809119046e-02
9.4939684495e-03
9.7349934280e-02
2.4781878293e-01
-1.5841385722e-01
-5.7742737234e-02
5.3057458252e-02
5.8346092701e-03
3.6662429571e-02
-6.5730029345e-01
-9.3665254116e-01
-2.3508884013e-01
4.2950850725e-01
8.6083811522e-01
1.6950395703e-01
-1.1603567749e-02
1.0504433513e-01
-1.2941735983e-01
2.4804392457e-01
2.3094100878e-02
-5.0097774714e-02
-6.9114789367e-02
-9.7280062735e-02
5.0200045109e-02
-6.2891356647e-02
1.9651646912e-01
2.0332388580e-02
1.6600573063e-01
-2.1944931149e-01
1.9675811753e-02
-9.1657534242e-02
1.3766176999e-01
6.1362892389e-02
1.3431730866e-01
1.1005742848e-01
-2.9801487923e-01
4.2623403668e-01
8.2951098680e-01
7.7652521431e-02
-4.7948040068e-02
1.2360723689e-02
3.0668067932e-01
-1.1341168731e-01
1.4060926437e-01
6.3169807196e-01
1.2345767021e+00
-5.0434875488e-01
-3.3705953509e-02
-7.6543074846e-01
1.7183771357e-02
-4.8481017351e-01
2.0166572928e-01
-1.2197613716e-01
5.5351299047e-01
6.0814380646e-01
4.9725806713e-01
-1.4286837578e+00
-1.0670323372e+00
7.1494323015e-01
-2.0504094660e-01
7.9739578068e-02
-1.7375300825e-01
9.4329603016e-02
-5.2094891667e-02
2.2201463580e-01
3.9392700791e-01
-3.9588034153e-01
-1.2255454808e-01
1.4071309008e-02
-4.6279892325e-01
8.5662198067e-01
-3.3473879099e-01
-4.8825893551e-02
-4.9761511385e-02
-3.6045864224e-01
1.5247508287e+00
-4.8539790511e-01
1.1975231022e-01
3.5822799802e-01
5.6726686656e-02
8.5965692997e-03
2.8912061825e-02
2.5270351768e-01
-1.7621247470e-01
3.5267663002e-01
2.5853762031e-01
1.0986350775e+00
8.5973012447e-01
1.2207702398e+00
-1.0928759724e-01
1.6981916428e+00
3.3698794246e-01
-1.7099654675e+00
-1.1601388454e+00
8.7266333401e-02
-1.0803909600e-01
4.3306559324e-02
4.0583923459e-02
2.1946633235e-02
-3.7628230453e-01
3.8435998559e-01
8.8009081781e-02
2.8837800026e-01
4.0024418384e-02
-1.0189509392e+00
-2.8334623203e-02
7.6193356514e-01
-5.8882129192e-01
8.6123943329e-01
-7.4844546616e-02
2.3734438419e-01
-6.0315649956e-02
2.9976978898e-01
6.9261714816e-03
-9.9044851959e-02
1.9214625657e-01
-1.0805007070e-02
3.6008376628e-02
1.1273003817e+00
4.6474315226e-02
-3.1212003902e-02
-2.3431966081e-02
1.1173823848e-02
-8.4788398817e-03
-3.5392972827e-01
3.3840212226e-01
-2.0890052617e-01
3.9144318551e-02
3.4120082273e-04
-2.6910153031e-01
-8.5553094745e-02
1.6792586446e-01
-7.2181409597e-01
-3.7365108728e-02
-2.4929173291e-01
-3.3446073532e-01
1.3488070667e-01
1.3109187782e-01
-7.8092060983e-02
-1.4249058068e-01
-5.5664908886e-01
-1.1777540669e-02
3.4915253520e-02
1.7287375033e-01
1.0268836021e+00
-1.2029418349e-01
-5.9410929680e-01
-9.1218090057e-01
-8.1759083271e-01
9.5986358821e-02
-2.0575806499e-01
-4.1358292103e-01
-8.0032914877e-01
7.0097625256e-02
2.9615361243e-02
-1.5762911737e-01
3.2275121659e-02
7.5867779553e-02
1.7748373793e-03
1.2843872607e-01
8.4120936692e-02
-1.1480689794e-01
-4.9174994230e-01
-3.6246404052e-01
2.0567253232e-02
3.3504679799e-01
-1.5031778812e-01
1.5764988959e-01
1.4770111442e-01
1.2300587893e+00
2.7950577438e-02
5.4555290937e-01
1.1645662785e+00
8.5283792019e-01
-2.3477482796e+00
2.0453324318e+00
-1.3988364935e+00
-8.4281897545e-01
2.3348968029e+00
-3.5639826208e-02
-1.3941815495e-01
7.9820103943e-02
-9.2152684927e-02
2.4444401264e-01
6.2526792288e-02
-1.2694958597e-02
2.1620964631e-02
-7.0251755416e-02
1.1650380678e-02
-4.7096323967e-01
3.2238113880e-01
-7.8888428211e-01
6.7479920387e-01
4.6643388271e-01
-6.3335046172e-02
9.8124882206e-03
1.1808406562e-01
-6.1802715063e-03
1.2741416693e-02
2.3067034781e-03
3.8879904896e-02
-1.3889797032e-02
-6.9261887111e-03
-1.0680311173e-01
3.7897181511e-01
-6.1677938700e-01
1.0174942017e+00
1.1432046443e-01
-7.7099382877e-01
9.9300250411e-02
3.1384378672e-01
5.8772373199e-01
1.4446934462e+00
-5.7471442223e-01
4.1354793310e-01
2.9158660769e-01
-6.9766193628e-01
-1.1544590443e-01
1.4605480433e-01
2.9502540827e-01
2.1298034489e-01
-5.3631138057e-02
2.5370034575e-01
4.5301637053e-01
-3.2844979316e-02
1.0297662765e-01
5.4893946648e-01
-1.3919779062e+00
1.5381914377e+00
-4.0358665586e-01
-1.6460031271e-01
4.9106493592e-01
2.0903788507e-02
3.2123848796e-01
-2.5522759557e-01
-4.3910360336e-01
-8.4900967777e-03
-1.1631451547e-01
-2.2065056860e-01
1.8894943595e-01
-5.9213203192e-01
1.6442100704e-01
2.7650423348e-02
1.5885186195e-01
7.9460674524e-01
-3.4085792303e-01
6.2603175640e-01
-1.0241144150e-01
9.4482272863e-01
7.3924893141e-01
1.5192476511e+00
5.3786244243e-02
-1.8675290048e-01
-3.3236971498e-01
3.2272057142e-03
3.5507088900e-01
1.0543843508e+00
5.6036472321e-01
1.8713282049e-01
-1.6048034653e-02
4.1020530462e-01
-9.0626396239e-02
2.1362611651e-01
1.6287185252e-01
4.9514714628e-02
-6.1405647546e-02
1.0512538254e-01
-1.9303140044e-01
-1.6461448371e-01
-2.2701673210e-01
-2.5427678227e-01
6.9838099182e-02
6.6568619013e-01
-4.0836980939e-01
3.2973036170e-02
6.4135886729e-02
-8.3090521395e-02
1.3102926314e-02
-6.9742508233e-02
-1.2258473635e+00
1.6692337990e+00
2.9260516167e-01
-6.5814155340e-01
9.7312378883e-01
2.0161575079e-01
2.1028599739e+00
1.3462400436e+00
-2.0090367794e+00
1.9814064503e+00
-3.7567850947e-01
-8.4819799662e-01
-3.4895554185e-02
3.0938768759e-02
1.7530584335e-01
2.1817867458e-01
1.9314271212e-01
1.7278444022e-02
1.8126189709e+00
-1.2396134138e+00
-5.7169377804e-02
-1.6319286078e-02
-6.2707304955e-02
1.1789035052e-01
9.2657685280e-02
-4.2860314250e-01
1.2483516932e+00
1.2801306248e+00
8.2698106766e-01
1.2341517210e+00
1.1934260838e-03
1.5696215630e-01
-2.5268334150e-01
-3.6620043218e-02
1.0214801878e-02
8.2688115537e-02
2.4544030428e-01
-3.5956329107e-01
5.0556463003e-01
-1.3434635401e+00
-1.5067823231e-01
-1.5494143963e-01
7.1368955076e-02
-2.0656157285e-02
-6.1380222440e-02
1.0316537619e+00
-8.8866186142e-01
-2.4416795373e-01
-3.4091016650e-01
3.2492926717e-01
2.1948304772e-01
-2.6259097457e-01
1.1369878799e-01
4.6141138300e-03
2.9898904264e-02
-7.2203695774e-01
1.5580427647e+00
-2.1719400883e+00
-5.6386221200e-02
-1.4641876519e-01
-3.0405263901e+00
-1.6426210403e+00
-1.4882378578e+00
-1.5414352417e+00
1.2010806799e+00
4.1249403358e-01
4.8353233933e-01
6.7528349161e-01
-2.6438993216e-01
-3.0263862014e-01
-4.6134254336e-01
8.4158706665e-01
-4.2840215564e-01
1.5044492483e+00
-1.9238258600e+00
1.2307890691e-02
-7.9735163599e-03
-1.1803584173e-02
-1.0149701498e-02
-3.1602989882e-02
5.3512763232e-02
-9.8433919251e-02
2.5793125853e-02
-2.9518164694e-02
-1.7106166109e-02
-3.9329319261e-03
4.8371545970e-02
6.0750819743e-02
6.7802816629e-02
2.3380273953e-02
-6.2769883871e-01
-2.8610426188e-01
-1.4992478490e-01
-4.9035543203e-01
3.7636272609e-02
5.7913749479e-03
-2.8616100550e-02
-6.9405943155e-02
-9.7683966160e-02
-1.7518540844e-02
1.3241802342e-02
4.9063984305e-02
1.1966052651e-01
-1.5767844021e-01
1.9655633718e-02
-5.6665226817e-02
-4.1374783963e-02
-6.1525125057e-02
1.6893176362e-02
-2.9220443685e-03
-2.3079814389e-02
-7.0464089513e-02
4.0172156878e-04
-1.8582630157e-01
-6.5751306713e-02
-9.9421478808e-03
-3.9983995259e-02
-1.9101925194e-01
2.3981641978e-02
-3.6827594042e-02
7.7384585142e-01
-1.2331268787e+00
-1.6242559254e-01
-2.0671477914e-01
1.3057591021e-01
-5.8608772233e-03
7.5516193174e-03
-8.4284003824e-03
-3.5884253681e-02
-2.1019041538e-02
8.6915276945e-02
-5.4803442210e-02
-2.9470130801e-01
-1.0395495594e-01
5.9108864516e-02
4.0534314513e-01
5.0956322812e-03
1.4712585509e-01
4.5531108975e-01
-1.9619959593e-01
4.9018554389e-02
8.5362814367e-02
-3.7673834711e-02
3.5962529480e-02
1.7758555710e-02
-2.2063086033e+00
2.3788549900e+00
-2.0409096032e-02
-3.0096572638e-01
1.4039361477e-01
1.4398653805e-01
1.2334281206e-01
2.5694808364e-01
-1.6892161965e-01
2.3193581402e-01
-1.3948927633e-02
-1.2508751824e-02
2.9061444104e-02
5.3647678345e-02
7.6866109157e-04
2.9905912280e-01
5.0409889221e-01
3.1729122996e-01
2.9404443502e-01
-3.8941702247e-01
-2.3075766861e-02
1.1903470010e-01
-7.7739797533e-02
4.7733701766e-02
1.2818473577e-01
9.8361745477e-02
-5.2022826858e-03
7.4120514095e-02
4.1720438749e-02
-7.1170471609e-02
1.0537672788e-01
5.5873427540e-02
3.0022712424e-02
8.4231689572e-02
-4.7949984670e-02
7.6488949358e-02
9.2567205429e-02
-9.5274172723e-02
-9.0934745967e-02
-1.0544008762e-01
1.4510563016e-01
-1.4766480029e-01
5.7944782078e-02
5.4392494261e-02
-2.5793287903e-02
-1.0334225744e-01
-7.4699565768e-02
-3.4133031964e-02
-1.0285359807e-02
3.5031996667e-02
1.8378269672e-01
-9.8757401109e-02
-2.3550522327e-01
9.3970334530e-01
-3.3026060462e-01
-1.4721206427e+00
-8.8938933611e-01
-1.4955306053e+00
-2.2457137108e+00
-7.9543471336e-01
-1.8041368574e-02
-4.5981965959e-02
-2.6138650253e-02
6.2595754862e-02
3.0864989385e-02
-4.5687243342e-02
1.4227923751e-01
8.4266550839e-02
-1.4412834309e-02
3.9739899337e-02
6.7454952002e-01
-2.5717246532e-01
6.7332468927e-02
1.9162474573e-01
4.7259220481e-01
3.2482765615e-02
-1.8496468663e-02
-2.3468681611e-03
2.1410251036e-02
-1.4223151840e-02
-1.0907115787e-01
-2.9811915755e-01
1.0729898214e+00
-8.7983168662e-02
-1.1962498426e+00
9.4469070435e-02
1.2231475860e-01
2.5793464854e-02
1.1548608309e-03
3.3134919405e-01
2.2124820948e-01
-8.1235721707e-02
-3.5247662663e-01
4.0173728019e-02
-3.3243358135e-02
-5.3118956089e-01
2.4573731422e-01
-1.8457164988e-02
9.0162597597e-02
-1.3027457893e-01
1.4708850533e-02
3.3036097884e-01
1.8222562969e-01
-6.0283511877e-02
1.5606969595e-01
1.0864765383e-02
2.2246699780e-02
-3.3608172089e-02
-1.5711387619e-02
-1.9645504653e-02
9.2992521822e-03
4.4890046120e-02
1.3319538266e-04
2.3474192247e-02
-1.5590928495e-02
-2.4048457146e+00
-1.7641366720e+00
-4.2080869675e+00
-2.5213923454e+00
3.1914968491e+00
1.0635278188e-02
1.5566989779e-02
-8.6731147021e-03
1.8696019426e-02
4.5432850718e-02
1.5141019598e-02
-1.5945175290e-01
-4.4746330380e-01
5.5328615010e-02
2.1327818930e-01
4.0919082239e-03
1.4824966192e+00
2.1338241100e+00
2.5837981701e+00
6.4888554811e-01
4.5224927366e-02
2.3002560437e-01
1.5966032445e-01
-1.3453702629e-01
-1.7303295434e-01
2.3861648515e-02
2.0060772076e-02
1.6012549167e-03
1.7653334653e-03
3.3051404171e-03
6.6902935505e-01
-2.2337858379e-01
-1.2314359099e-01
-4.3356698751e-01
9.5426148176e-01
-3.4856520593e-02
-1.7051661387e-02
-4.5142890885e-03
-8.4056004882e-02
-4.0786266327e-02
6.5059632063e-02
-4.9754466861e-02
8.5702426732e-02
4.4195543975e-02
1.1796297133e-01
-4.5582213998e-01
-2.9156452417e-01
3.4813717008e-01
8.1001203507e-03
-4.5493993908e-02
-1.2814919949e+00
-1.2849354744e+00
-3.2505528927e+00
-1.6728647947e+00
2.9093360901e-01
-2.4933427572e-02
-1.8422732130e-02
-1.7932252586e-01
7.1680761874e-02
-6.7311331630e-02
3.3987247944e-01
2.6898184419e-01
4.5183300972e-01
3.5420128703e-01
4.3275666237e-01
-3.5541482270e-02
4.5131102204e-02
-3.6951284856e-02
-7.7860191464e-02
5.1764361560e-02
1.2993855402e-02
2.5468457490e-02
2.5398112833e-02
-4.5891962945e-02
-4.0683973581e-02
-7.2338320315e-02
-3.8527506590e-01
3.8593083620e-01
1.4313043654e-01
7.2806254029e-02
-5.1891505718e-01
1.2439477444e+00
3.7935215235e-01
8.3523970842e-01
2.4679087102e-02
1.6778894663e+00
7.5981235504e-01
1.8229917288e+00
1.5331084728e+00
2.0221853256e+00
2.4063181132e-02
9.4006769359e-02
-3.5216277838e-01
-4.1067037731e-02
1.3042041659e-01
-9.1344499588e-01
1.8033498526e-01
9.9804639816e-02
8.9195020497e-02
-1.8281863630e-01
-4.0878750384e-02
6.3226707280e-02
-2.6047132909e-02
-4.3655559421e-02
5.3099088371e-02
2.3668808863e-02
4.2732063681e-02
2.3440329358e-02
-9.8412334919e-03
1.2022674782e-03
9.8718059063e-01
-1.5687021017e+00
8.3953315020e-01
1.5658580065e+00
5.3878223896e-01
9.7518740222e-03
-5.2951622754e-02
-9.2031722888e-03
1.0298694251e-03
-5.8176849037e-02
2.2622177377e-02
6.7386776209e-03
-1.9653551280e-02
2.1717526019e-02
6.3122645952e-03
5.2841305733e-02
-7.4469735846e-03
1.0248833150e-01
-8.9084677398e-02
-8.9797861874e-02
6.0941022635e-01
-7.4613742530e-02
2.9546070099e-01
1.1535234004e-01
1.5795421600e-01
-2.2888836265e-01
3.1563770771e-01
-2.1539629996e-01
-2.6765629649e-01
-2.5528943166e-02
2.2806124762e-02
1.4182730019e-01
-4.1868746281e-01
-2.0588777959e-01
-5.0247240067e-01
8.7568491697e-01
1.3950307667e-01
1.2442134619e+00
-3.4541642666e-01
2.8016665578e-01
-3.0242049694e-01
4.4019210339e-01
-3.7459339947e-02
4.1685360670e-01
-1.0389063358e+00
-8.6034333706e-01
-7.0850110054e-01
1.1312196255e+00
1.5167164803e+00
1.9457439184e+00
2.7486914396e-01
-6.1666083336e-01
5.2271372080e-01
-1.6754920781e-01
1.3136750460e-01
-6.1666358262e-02
-4.0410539508e-01
3.3594784141e-01
-3.1733040232e-03
-1.9249427319e-01
1.3647106886e+00
-1.6017731428e+00
3.3619335294e-01
-1.5064260364e-01
-1.9526155293e-01
-6.5576571226e-01
-2.4651069641e+00
1.4217193425e-01
5.9308564663e-01
3.7569916248e-01
1.4827276580e-02
1.4048245549e-01
-8.0832734704e-02
1.4327640831e-01
4.7110607848e-03
1.1905525923e+00
-1.6380980611e-02
-6.7918652296e-01
1.3013316393e+00
1.1089643240e+00
7.8851856291e-02
-9.6173065901e-01
1.2593615055e+00
7.4192130566e-01
5.7309013605e-01
-7.6731242239e-02
2.6055634022e-01
-3.9776322246e-01
2.0162755251e-01
-1.9382987916e-01
1.1905735731e+00
-2.3758552969e-01
-3.9772480726e-01
8.9513495564e-02
-7.1962743998e-02
-4.0189459920e-01
-3.4138777852e-01
7.0635390282e-01
-7.4442356825e-01
-4.0666228533e-01
3.5987070203e-01
4.8508757353e-01
-2.6076927781e-01
-5.3846627474e-02
-1.0168325156e-01
4.9058306962e-02
1.1296902597e-01
-9.6650294960e-02
-6.7333638668e-01
2.8499743342e-01
-1.3219094276e-01
-5.6312453002e-02
1.5706785023e-01
1.3040740974e-02
-1.1250378937e-01
-4.2638111115e-01
6.3578635454e-01
6.5009677410e-01
2.6654177904e-01
-1.4738310128e-02
-2.8184893727e-01
8.0248188972e-01
-2.9689270258e-01
-1.4022664726e-01
1.8880745769e-01
8.5784518719e-01
-2.9641073942e-01
5.4526954889e-01
-1.2386554480e-01
-2.6865862310e-02
6.1954479665e-02
2.3546954989e-01
-1.2081340887e-02
-2.5800039992e-02
7.9176113009e-02
-2.8152120113e+00
3.6287441850e-01
-2.5533654690e+00
7.2597205639e-01
2.8610987663e+00
-3.7383276224e-01
5.7362902164e-01
-1.4467897415e+00
1.0071517229e+00
-6.1448019743e-01
5.9356000274e-02
-5.3614985198e-02
-3.4578964114e-01
-1.6495068371e-01
3.4011829644e-02
-1.5975211561e-01
-1.0140338540e-01
-4.6806305647e-01
6.2797927856e-01
-2.0831850171e-01
4.0458849072e-01
1.1936894059e-01
5.6342661381e-01
-3.5877127200e-02
-1.9662150741e-01
-9.9282258749e-01
-1.5477113724e+00
5.7227182388e-01
-1.6406258345e+00
1.0982683301e-01
7.0368510485e-01
-3.9372060299e+00
-6.1067086458e-01
5.3063523769e-01
1.7544422150e+00
1.2910030782e-01
-1.7587500811e-01
-4.3296343088e-01
4.2986440659e-01
-1.4764969051e-01
-4.3408762664e-02
1.6813038290e-01
-1.9297714531e-01
1.0907924175e-01
2.0402468741e-01
-4.4409996271e-01
-1.2507902458e-02
-2.0823688805e-01
3.9901438355e-01
1.6033915281e+00
5.0864852965e-02
4.2915567756e-02
3.4661579877e-02
-5.7902727276e-02
-2.0729066804e-02
8.5320368409e-02
4.7110904008e-02
2.9000487924e-01
2.3574231192e-02
9.8906651139e-02
3.4992420673e-01
-9.6370851994e-01
-3.2806104422e-01
5.2152347565e-01
8.2285875082e-01
-1.7527768612e+00
-7.6134288311e-01
1.7664575577e+00
1.4567859173e+00
7.1975266933e-01
-4.2296755314e-01
3.9092254639e-01
-2.2015395761e-01
-3.1647779047e-02
3.1905326247e-01
-3.3432275057e-02
9.9870339036e-02
3.8978371769e-02
-2.8422021866e-01
-1.2053713799e+00
9.8199182749e-01
-2.3754505813e-01
-5.7192397118e-01
5.5808091164e-01
3.9881640673e-01
-1.3319230080e-01
2.4904739857e-01
-6.9079512358e-01
-2.9200362042e-02
1.4197142422e-01
-9.1973733902e-01
-8.1358216703e-02
3.9140197635e-01
-1.0773941129e-01
-1.9666327536e-01
-3.6941197515e-01
1.5233518183e-01
4.9106264114e-01
-6.4860874414e-01
1.5404753387e-01
-1.7435855865e+00
9.0365064144e-01
1.4660310745e+00
1.6051508188e+00
-1.2846097350e-01
1.0065253973e+00
-1.5267188549e+00
-1.0244895220e+00
1.9690349102e+00
2.3155853748e+00
1.5284790099e-01
-1.9778300524e+00
1.1110768467e-01
-5.6766986847e-01
2.6691229343e+00
3.1727093458e-01
-3.0828347802e-01
7.2485916317e-02
1.1256866856e-03
-3.3194884658e-02
-5.0080239773e-02
1.3858129084e-01
-1.9207249582e-01
-4.9085963517e-02
-1.5478023887e-01
1.4702118933e-01
-1.9427412748e-01
1.8688385189e-01
-5.2914589643e-01
-1.1062881947e+00
2.1350197494e-02
-3.3504551649e-01
8.8741883636e-02
-1.7544556409e-02
9.1947562993e-02
-1.4274200797e-01
4.6472501755e-01
4.5308548212e-01
1.1248830557e+00
-3.8885462284e-01
3.1284970045e-01
-1.0354146957e+00
-4.5845946670e-01
-4.1788017750e-01
2.7426521778e+00
-1.0245344788e-01
7.9324185848e-01
-4.2812362313e-01
-7.1487382054e-02
1.3987932354e-02
-9.7967930138e-02
-1.1062395573e+00
-2.6989120245e-01
2.1532690525e+00
2.2776083946e+00
-3.5371877253e-02
5.7592853904e-02
-1.1630073935e-01
1.1171714868e-03
3.7162911147e-02
-1.2178657055e+00
1.2222114950e-02
-4.9003037810e-01
1.7006027699e+00
1.4576920271e+00
-2.7414643764e-01
-3.8286682963e-01
1.2717865407e-01
-4.6801295131e-02
-2.0394335687e-01
1.8175750971e+00
-8.3696800470e-01
1.1460248232e+00
-2.1611156464e+00
2.3636522293e+00
-9.0816400945e-02
-6.6682137549e-02
3.9281487465e-02
-9.6337437630e-02
-1.1691813171e-01
-3.3489844203e-01
1.1426829733e-02
4.0136578679e-01
-1.0748060942e+00
2.8494939208e-01
-1.1317929626e-01
7.2286099195e-01
1.2140913866e-02
1.8695029616e-01
-2.9034512118e-02
-1.1588648558e+00
5.6353050470e-01
1.1917607784e+00
2.8606238365e+00
2.0044612885e+00
3.1372516155e+00
3.8293066025e+00
7.6534569263e-01
-1.9468165636e+00
-3.8882873058e+00
-8.1278413534e-01
6.9844084978e-01
6.7662663758e-02
-5.5150073767e-01
-4.1123726964e-01
9.0752482414e-01
-3.0269277096e-01
3.2330816984e-01
-8.6731773615e-01
-7.8578037024e-01
-2.8480058536e-02
1.3311179355e-02
-2.6737464592e-02
5.8361729607e-03
2.1935047582e-02
4.1831225157e-01
-6.2121972442e-02
7.5753822923e-02
1.4740947634e-02
-8.5937649012e-02
-5.1779202186e-03
7.2900662199e-03
-1.1080161668e-02
2.2512365133e-02
-3.5685535520e-02
4.6918132901e-01
3.2170242071e-01
2.9294535518e-01
7.7644144185e-03
-5.1873737574e-01
3.1852956861e-02
2.0817397162e-02
7.2096988559e-02
-2.0102122426e-01
7.9295299947e-02
3.7602058053e-01
-1.1636169255e-01
2.0800543949e-02
-5.3613718599e-02
3.1674903631e-01
1.4249061048e-01
-1.8275888637e-02
4.0956899524e-02
1.3089230284e-02
1.2115376303e-03
-8.7979421020e-02
-1.0614749044e-01
2.1832179278e-02
-2.3722976912e-03
8.9913364500e-03
3.2428134233e-02
1.8288309872e-01
-1.6109284014e-02
2.4672548473e-01
2.5678411126e-01
2.0320130885e-01
4.4865918159e-01
-2.5944274664e-01
-3.7892382592e-02
3.8236729801e-02
2.4623716250e-02
9.1562807560e-02
-4.8467009328e-03
3.5915877670e-02
2.1147251129e-02
5.8639287949e-01
1.5354552865e-01
-9.0449918061e-03
-3.7717369199e-01
7.7785350382e-02
5.2003669739e-01
8.3230012655e-01
-4.7336903214e-01
-2.3991481960e-01
2.2041436750e-03
-9.2918938026e-03
-4.8542145640e-02
7.6834578067e-03
-3.6197835580e-03
8.1644944847e-02
2.6690208912e+00
8.8429981470e-01
-2.2322197258e-01
-6.2622553110e-01
1.8840710819e-01
9.3265071511e-02
-1.6805368662e-01
-3.9690202475e-01
1.8146978319e-01
-2.1953070164e-01
-4.6723354608e-02
4.4250149280e-02
1.7986189574e-02
1.9705226645e-02
-5.7390775532e-02
-1.1617896147e-02
3.8317796588e-01
3.5418760031e-02
-7.4704968929e-01
6.8743236363e-02
1.9466015697e-01
3.7499330938e-02
-1.2077606469e-01
-3.7859028578e-01
-7.9101391137e-02
4.2108032852e-02
2.3613817990e-01
-2.0940239727e-01
-2.1371762455e-01
-5.0243604183e-01
1.1680833995e-01
-7.9054124653e-03
-7.3490567505e-02
5.5911662057e-03
-3.9499597624e-03
8.8051110506e-03
-4.7865144908e-02
5.3193312138e-02
6.6659152508e-02
1.4829008281e-01
-2.1614293754e-01
3.5220485926e-01
4.7293521464e-02
-1.4841200411e-01
1.8759617209e-01
8.9557975531e-02
-1.6956962645e-02
-1.0020536371e-02
8.0055028200e-02
-1.5784313902e-02
2.7451803908e-02
3.5387083888e-01
5.5330556631e-01
-1.9324439764e-01
-2.1665850282e-01
-3.8955054283e+00
-4.9948730469e+00
-3.9155242443e+00
6.8350774236e-03
-4.7341227531e-01
-1.4469234273e-02
1.6068200767e-01
1.1438025534e-01
-1.7150409520e-01
8.0806061625e-02
-3.5080204252e-03
-2.5198730826e-01
-1.6295292974e-01
1.3090297580e-01
-6.8555422127e-02
4.0173432231e-01
-3.2340753824e-02
-2.8773212433e-01
-1.5033777803e-02
2.3608450592e-01
-1.8951978534e-02
7.4180707335e-02
-2.7953078970e-02
-3.0727472622e-03
1.8740594387e-02
2.0373328030e-01
-4.1124943644e-02
3.2776618004e-01
8.6776769161e-01
5.7259935141e-01
-1.0806195438e-01
-1.6199541092e-01
-2.1070793271e-01
6.9156631827e-02
6.8388175964e-01
1.9656382501e-01
1.1120025814e-01
1.5762990713e-01
-1.8480330706e-01
-1.9938936457e-02
-2.5119289756e-02
2.9043933749e-01
5.0136357546e-01
1.0363256931e-01
3.2368823886e-01
-7.7556215227e-02
-3.5515025258e-01
-1.8194957078e-01
6.3774891198e-02
-4.3475488201e-03
-3.7208955735e-02
1.0895297676e-01
6.6592641175e-02
8.8084749877e-03
-2.7111453936e-02
2.2361181676e-02
2.5121059269e-02
8.0984337255e-03
2.1965559572e-02
2.1109011024e-02
6.8780153990e-01
-3.3107779026e+00
-2.4859735966e+00
5.6729209423e-01
1.8944324255e+00
-1.1552990228e-01
2.1621091291e-02
5.1750037819e-02
-4.3852776289e-02
-3.3459875733e-02
1.6725718975e-01
3.5005125403e-01
-2.3240135983e-02
-4.7732362151e-01
8.0386810005e-03
5.1541152000e+00
3.6158714294e+00
1.9533190727e+00
8.1598186493e-01
2.1671772003e+00
-1.1073876172e-01
-7.9935282469e-02
4.0926742554e-01
-7.3226518929e-02
2.1119850874e-01
-1.1300243437e-02
1.0290975915e-03
4.4588497840e-03
-1.0695039295e-02
-3.5317901522e-02
-6.8511241674e-01
-7.1810323000e-01
-8.2240957022e-01
1.8796211109e-02
-2.1243578196e-01
-1.8667113036e-02
2.0959008485e-02
-7.2889052331e-02
4.4887719559e-04
9.3866817653e-02
-3.7466087379e-03
6.9503346458e-03
-6.5680541098e-02
-4.7444090247e-02
-4.8457264900e-02
2.8586676717e-01
-3.8620361686e-01
1.9216889516e-02
-1.1176919192e-01
-2.0439827815e-02
-1.1396360397e+00
-5.0728340149e+00
1.3491864204e+00
2.3849408627e+00
2.7597155571e+00
4.8193089664e-02
1.1928443611e-01
-4.8845272511e-02
1.4156225324e-01
-8.4751628339e-02
-4.0465220809e-01
-4.7506666183e-01
3.0256396532e-01
-8.3173416555e-02
-1.4214332402e-01
-1.1780891567e-01
1.2253709882e-01
-1.5176780522e-01
1.0361193866e-01
-9.5718927681e-02
2.5811512023e-02
7.0469483733e-02
-1.1994102970e-02
-3.1074646860e-02
-1.5228020493e-04
-1.2637515068e+00
-4.0117031336e-01
-6.5147250891e-01
1.3308941126e+00
-3.1427237391e-01
1.9118802249e-01
5.1346737146e-01
-1.3912643194e+00
-4.7982800007e-01
-9.4516855478e-01
1.2770164013e+00
1.4106694460e+00
1.5447047949e+00
1.1793878078e+00
3.6945140362e+00
-4.9717657268e-02
5.2070084959e-02
2.2630199790e-01
-2.7573868632e-01
-6.9385969639e-01
-2.6080498099e-01
3.4409168363e-01
3.8607734442e-01
-2.8987875581e-01
-1.2423217297e-01
-8.2138754427e-02
-5.0585433841e-02
1.2658129632e-01
5.2071642131e-02
-3.8567378651e-03
-4.9261588603e-02
4.4374845922e-02
4.9484656192e-03
-1.1883202940e-01
1.4852238819e-02
1.2688672543e+00
-8.9491629601e-01
-1.6322982311e+00
6.1425453424e-01
7.1171022952e-02
-4.7777895816e-03
4.3946076185e-02
9.8314303905e-03
-2.1687990054e-02
2.3365561664e-01
2.1125450730e-02
-1.8922487274e-02
1.0688743554e-02
-3.0430126935e-03
-3.0589628965e-02
-2.8001132607e-01
7.1515262127e-02
8.9012280107e-02
-5.3706668317e-02
9.4302631915e-02
8.0733489990e-01
9.5658558607e-01
-1.1653092504e-01
5.1343286037e-01
-3.8640734553e-01
-2.0227925777e+00
-1.9147510529e+00
-2.3989820480e+00
-1.4146295786e+00
-2.6192750931e+00
-3.0911856890e-01
7.2000253201e-01
-9.1084808111e-01
1.6064147651e-01
1.9039720297e-02
3.3025083542e+00
2.9667479992e+00
8.8745254278e-01
-1.6119256020e+00
-4.5597896576e+00
1.5123763084e+00
-2.6660534739e-01
3.1410729885e-01
-1.3507444859e+00
-2.8688833714e+00
5.2890028954e+00
4.6848626137e+00
7.7818846703e-01
-1.3060690165e+00
-7.3836436272e+00
1.6343735456e+00
8.0002439022e-01
6.8513387442e-01
-5.5824194103e-02
-3.4902245998e+00
-3.8380926847e-01
3.4025737643e-01
-6.2563025951e-01
6.6932463646e-01
-3.6998829246e-01
1.4824895859e+00
1.0313181877e+00
2.6147800684e-01
-5.8824092150e-02
-2.2887442112e+00
9.7158497572e-01
2.8953399658e+00
-9.4089734554e-01
-2.5275316238e+00
-3.1738839149e+00
3.3937123418e-01
1.9687858224e-01
-8.9005881548e-01
-2.0083155632e+00
-5.3165783882e+00
-9.1609609127e-01
1.6521987915e+00
-1.1004810333e+00
-1.5613307953e+00
-4.7846326828e+00
5.0294604301e+00
2.7058780193e+00
1.9016411304e+00
5.4067878723e+00
5.1448702812e-01
8.4852427244e-02
-4.7837149352e-02
3.7137830257e-01
-1.2752148509e-01
-1.0736562014e+00
2.0441300869e+00
1.3236576319e+00
-3.2728734612e-01
2.8391249180e+00
-3.3226866722e+00
2.9543440342e+00
6.1103707552e-01
-1.2163047791e+00
2.5493249297e-01
2.4867849350e+00
-1.2894119024e+00
-6.7711251974e-01
-9.2227119207e-01
8.7628138065e-01
-1.3532927036e+00
-9.5988005400e-01
-1.0704538822e+00
5.2950626612e-01
-1.3773078918e+00
-2.5843852758e-01
1.7510326207e-01
-2.8861933947e-01
2.4862001836e-01
-7.1457028389e-01
-7.6978808641e-01
-3.4002947807e-01
-3.4694483876e-01
1.4371599257e-01
-7.7686738968e-01
-1.7129651308e+00
-5.7630884647e-01
-3.4457263350e-01
-1.2093613148e+00
4.7410601377e-01
1.5609639883e+00
8.3839547634e-01
1.4703952074e+00
-2.5129744411e-01
9.8981261253e-01
-9.5596128702e-01
-1.0930308104e+00
7.7357226610e-01
1.7937963009e+00
-4.5419669151e-01
-4.1733002663e+00
1.1594071388e+00
-4.1336784363e+00
-2.9067575932e+00
3.2194697857e-01
-6.0928783417e+00
2.8945541382e+00
1.1812245846e+00
1.8413040638e+00
2.1369125843e+00
-4.3138327599e+00
-2.8332984447e-01
1.3186608255e-01
2.4340115488e-01
1.3476853073e-01
-3.6688724160e-01
-5.7809448242e-01
-4.5980921388e-01
8.6518406868e-01
2.6918735504e+00
4.1228628159e-01
-7.4074983597e-01
-1.8840243816e+00
-1.6707230806e+00
-1.9260890782e-01
-8.2223877311e-02
5.7290935516e+00
4.1250543594e+00
-1.2480384111e+00
-3.8408682346e+00
-1.8983808756e+00
4.0474915504e+00
6.8191661835e+00
3.2042300701e+00
2.9609193802e+00
-2.5040590763e+00
-5.4529362917e-01
3.6776530743e-01
-9.1486549377e-01
7.9718947411e-01
1.7826203108e+00
-2.0119689405e-01
-9.1523164511e-01
4.5254182070e-02
-1.9657312632e+00
-4.9231920391e-02
6.6928046942e-01
4.0120553970e+00
1.8528527021e+00
-2.3289940357e+00
-2.2689833641e+00
2.7125060558e-01
-1.0536482334e+00
2.7120453119e-01
3.4035485983e-01
-9.1331344843e-01
1.7328910530e-01
2.0562423766e-01
-7.8099131584e-01
-9.8318122327e-02
4.1839185357e-01
7.8979969025e-01
-5.1236051321e-01
-2.2946653366e+00
-4.9179339409e+00
-3.5079615116e+00
3.7872064114e+00
3.9618921280e+00
1.4973156452e+00
1.6400922537e+00
-2.0709195137e+00
-1.2972794771e+00
-9.6397495270e-01
-6.4897231758e-02
-6.6718302667e-02
-1.5762395859e+00
-1.5225675106e+00
-8.9901405573e-01
1.0262590647e+00
6.2087750435e-01
4.5095568895e-01
4.4883346558e+00
2.4653472900e+00
-9.6820175648e-01
-4.2475576401e+00
-4.8182439804e+00
3.0982425213e+00
2.1138699055e+00
-1.9880188704e+00
3.6711277962e+00
-1.5633561611e+00
-3.1372061372e-01
1.3790252209e+00
-9.6537774801e-01
-2.4060323238e+00
-1.6350249052e+00
2.0922887325e+00
8.2423549891e-01
-2.0756404847e-02
4.5022207499e-01
-4.5173937082e-01
5.2511005402e+00
1.4517618418e+00
-3.2563831806e+00
-1.5726158619e+00
2.6344883442e+00
5.6040368080e+00
4.6533651352e+00
-1.3326725960e+00
-2.3982162476e+00
-7.4918293953e-01
1.4255758524e+00
2.0295047760e+00
-3.4591537714e-01
-2.9569711685e+00
-8.3809127808e+00
1.1336301565e+00
1.7329327762e-01
-1.3303599358e+00
-1.2069509029e+00
-1.1148884296e+00
-2.2174824774e-01
1.8490788341e-01
9.1310203075e-01
-1.0952913761e+00
-8.0351120234e-01
-7.6774638891e-01
-6.0291820765e-01
1.2591667175e+00
-6.6310673952e-01
2.6489570141e+00
-6.4784961939e-01
4.8101627827e-01
-1.2749341726e+00
-8.1714028120e-01
2.5786393881e-01
5.9671325684e+00
-8.8874220848e-01
1.1845358610e+00
-4.0745425224e+00
1.9209496975e+00
3.3932578564e+00
2.4282230437e-01
-2.3724448681e+00
-8.1310427189e-01
1.1127312183e+00
-1.1147009134e+00
-1.1340775490e+00
-1.1113150120e+00
-5.8220523596e-01
-6.2311643362e-01
6.0251665115e+00
2.1838083267e+00
1.5235364437e+00
3.7917976379e+00
2.0021884441e+00
6.9542676210e-02
-1.0060336590e+00
8.2481473684e-01
1.8485976458e+00
-7.8098511696e-01
1.7979131937e+00
3.4377737045e+00
1.8162192106e+00
-1.4020541906e+00
-4.8655247688e+00
-7.5943410397e-01
1.8671679497e-01
8.3432704210e-02
2.9249870777e-01
-1.2982369661e+00
1.2658574581e+00
-3.2280619144e+00
-3.2524511814e+00
-3.5320320129e+00
-1.8851749897e+00
5.8636926115e-02
6.2997078896e-01
-6.0281008482e-01
2.1915696561e-01
6.4182370901e-01
-1.9475486875e-01
-6.3116289675e-03
6.8119579554e-01
4.6706609726e+00
4.9419841766e+00
-6.9614224136e-02
1.9850617647e-01
-9.1090631485e-01
3.9662802219e-01
7.0834234357e-02
1.2335642576e+00
1.8830702305e+00
1.7273266315e+00
-1.2308120728e+00
-2.6954374313e+00
-3.9913787842e+00
-3.0418989658e+00
-3.9699704647e+00
3.7433511019e-01
2.7181363106e+00
-3.0461564064e+00
-8.9943164587e-01
1.2449966669e+00
-8.8582381606e-02
-1.1731663942e+00
-4.5969071388e+00
-4.6290893555e+00
-1.5063189268e+00
-7.1494708061e+00
-8.1801748276e+00
1.1226569861e-01
7.0756904781e-02
8.0561123788e-02
-1.9553487003e-01
1.8338792026e-01
9.4627624750e-01
3.7988334894e-01
1.2073610723e-01
2.1490956843e-01
-7.4789129198e-02
-3.6372515559e-01
-1.4491337538e-01
-2.4770271778e-01
-3.7544333935e-01
-2.8138587251e-02
1.9177737832e-01
6.2310606241e-02
2.5044155121e-01
-7.5219839811e-02
3.1740355492e-01
-9.8604867235e-03
-1.5070843697e-01
-4.7191700339e-01
-2.8441956639e-01
6.5967893600e-01
3.3889397979e-01
-2.6462820172e-01
7.3367245495e-02
3.1551215053e-01
1.3894888759e-01
9.6234016120e-02
2.3104390502e-01
-5.7284064591e-02
-3.0227139592e-01
-2.5970494747e-01
4.3689021468e-01
3.3470101655e-02
2.8873261809e-01
3.7801685929e-01
4.2199245095e-01
2.7351462841e-01
-4.2676433921e-02
-7.7742320299e-01
3.8028699160e-01
-2.9230296612e-01
-1.7675554752e+00
-2.5712430477e-01
5.1026701927e-01
2.2214524448e-01
2.4413551390e-01
5.2812004089e-01
-1.7233251035e-01
-1.9735670090e-01
1.1689293198e-02
-3.2231573015e-02
-2.6813358068e-01
5.0009989738e-01
5.0676947832e-01
1.9043336809e-01
-7.8176647425e-01
-1.2067014724e-01
-5.9945564717e-02
5.8491241932e-01
4.5390194654e-01
3.2348170877e-01
-4.1667562723e-01
-1.1464162171e-01
-3.9290055633e-01
-2.6041802764e-01
-2.3189504445e-01
-1.4218831062e-01
-7.6504236460e-01
-1.5654923916e+00
-1.2662409544e+00
-1.4578006268e+00
-7.0446306467e-01
-7.8523188829e-01
-1.0754219443e-01
4.9665600061e-01
9.2626035213e-01
5.6364059448e-01
2.0795108378e-01
1.5954077244e-01
2.5888398290e-01
1.9268105924e-01
3.0119574070e-01
-9.4598494470e-02
4.6716123819e-01
3.8744619489e-01
1.5464496613e-01
3.8090762496e-01
3.8633993268e-01
-1.1719415337e-01
-3.4214246273e-01
-1.2807087898e+00
-2.2682546079e-01
-1.4094085991e-01
-2.3641209304e-01
-8.1927812099e-01
-8.2574486732e-01
-1.4968569577e-01
-1.8130728975e-02
-2.4657744169e-01
1.2685102224e-01
-1.0702390671e+00
-3.3224633336e-01
-4.3537294865e-01
-1.8497180939e-01
-5.4244637489e-01
-3.4184236079e-02
-7.1290588379e-01
-1.1306151152e+00
5.3337693214e-01
-6.7700558901e-01
-1.0067946464e-01
4.4244018197e-01
1.9986929372e-02
-1.4726108313e-01
-4.7396909446e-02
-1.5196803212e-01
6.5632981062e-01
5.0010776520e-01
1.1055432558e+00
-7.9772269726e-01
-1.3714041710e+00
-1.9983671904e+00
2.2940776348e+00
1.7649792433e+00
3.7450969219e-01
2.3130137920e+00
-1.8391576409e-01
3.8105688989e-02
-1.4273893833e-01
1.1915776879e-01
7.5935637951e-01
9.4676953554e-01
2.2540967166e-01
4.9046456814e-02
3.9488801360e-01
8.7619185448e-02
-1.5495876968e-01
2.9731562734e-01
2.6759514213e-01
4.2025431991e-01
2.1491847932e-02
1.8970908225e-01
-2.4102048948e-02
-1.4249804616e-01
2.5112402439e-01
-1.7908290029e-01
-4.7192242742e-01
6.8656794727e-02
1.3432986103e-02
3.2139446586e-02
6.1933195591e-01
-6.2398597598e-02
-2.2442707419e-01
2.1294786036e-01
-9.7133778036e-02
4.9737265706e-01
1.4475623369e+00
4.4854453206e-01
-6.2961846590e-01
-2.6057552546e-02
3.3792757988e-01
-2.0303595066e-01
3.5192167759e-01
4.5338433981e-01
5.6215241551e-02
2.6659128070e-01
1.5575303137e-01
8.3917044103e-02
-6.5202194452e-01
-3.1440742314e-02
-6.5725082159e-01
6.2203639746e-01
3.3963519335e-01
4.9511615187e-02
4.2585244775e-01
5.8423179388e-01
1.9077461958e-01
-3.6560818553e-02
-2.6964101195e-01
-5.9335432947e-02
-2.1916830540e-01
-1.0608531952e+01
-5.6169986725e+00
-5.1929740906e+00
-2.0214548111e+00
-3.8283736706e+00
-1.0399760306e-01
2.4967864156e-01
-1.7334814370e-01
2.1264381707e-02
2.8333902359e-01
3.0285057425e-01
-7.4561381340e-01
3.3197697997e-01
-9.4345104694e-01
-1.7437635660e+00
4.9580469131e+00
8.9730587006e+00
5.3534326553e+00
3.1878197193e+00
-3.8681265712e-01
-8.5598626174e-04
-2.9068967700e-01
-1.5514063649e-02
-2.8798258305e-01
-8.7258264422e-02
2.2603306174e-01
2.2668550909e-01
-1.1982598156e-01
-9.3764625490e-02
2.1568726003e-01
-6.4344704151e-01
7.9849079251e-02
-1.2863188982e+00
-1.8693846464e-01
-7.0777916908e-01
-5.0199866295e-02
2.0553357899e-01
2.0678897202e-01
-1.5962195396e-01
1.3293259777e-02
-4.2394489050e-02
2.7614197135e-01
-2.1389599144e-01
6.7485652864e-02
-4.2426344752e-01
-4.9370774627e-01
5.9630900621e-01
-3.0048897024e-03
-3.6220753193e-01
-2.5073528290e+00
-1.7762834549e+01
-1.2391547203e+01
-1.2728250504e+01
-1.1218325615e+01
-4.8109254837e+00
7.6610803604e-02
2.6027089357e-01
1.6288363934e-01
-9.6091873944e-02
-6.3750481606e-01
-4.7268128395e-01
-1.2579220533e+00
-4.6321591735e-01
-8.4392094612e-01
-5.2565163374e-01
-2.0188527182e-02
-4.6897405386e-01
-4.3470260501e-01
8.9732371271e-03
-1.3091780245e-01
1.3052274287e-01
-8.1174939871e-02
-2.8092393279e-01
1.2871849537e-01
-2.2732633352e-01
1.2697734833e+00
3.9463874698e-01
-6.8130455911e-02
6.9919711351e-01
-5.3504049778e-02
-5.0806474686e-01
4.0173932910e-01
3.6843433976e-01
-1.0691331699e-02
-2.2438397408e+00
7.6288552284e+00
5.8636679649e+00
5.9609913826e+00
3.4705843925e+00
2.1422071457e+00
6.2920737267e-01
2.3543560505e-01
-1.4391317964e-01
1.6506172717e-01
-2.2675895691e-01
-3.6133712530e-01
-1.6272523403e+00
-2.9157298803e-01
-8.1689551473e-02
6.6607403755e-01
4.8962068558e-01
1.8117298186e-01
-2.5583499670e-01
-1.2115336210e-01
-1.0501244664e-01
-1.1053623259e-01
-3.2881733775e-01
-1.5262892842e-01
2.0473016798e-01
-1.1874247342e-01
-2.6979653835e+00
-5.1836508512e-01
1.0374215990e-01
-1.3896142244e+00
-2.4994306564e+00
-2.2561386228e-02
-3.8495395333e-02
-3.6636880040e-01
3.3713391423e-01
-6.7977494001e-01
-2.9587525874e-02
-2.5004082918e-01
-3.3577847481e-01
-2.3364429176e-01
-4.9988057464e-02
1.3436533511e-01
3.1812950969e-01
-1.8337219954e-02
-2.8812840581e-01
-2.2340286523e-02
-3.6456264555e-02
-3.9682263136e-01
4.1627445817e-01
-3.6886626482e-01
5.9742577374e-02
-2.2567713261e+00
-2.0912575722e+00
-2.1024818420e+00
-1.8899990320e+00
-8.4916418791e-01
-1.7781242728e-01
3.5222467035e-02
-3.9846330881e-01
3.1528168917e-01
4.3103542924e-01
-1.8852722645e-01
-6.8898063898e-01
-1.0441566706e+00
-1.5481144190e+00
-1.1316584349e+00
4.8908641934e-01
2.1769556403e-01
2.1925382316e-01
-4.1758614779e-01
7.3907679319e-01
2.5556063652e+00
1.0928484201e+00
1.4554539919e+00
2.2525143623e+00
2.6189379692e+00
2.3699378967e-01
-1.3695099354e+00
4.0800368786e-01
-6.3749265671e-01
-3.5305935889e-02
-8.1554360688e-02
-1.3310685754e-01
2.1287459880e-02
3.5797518492e-01
2.8503106907e-02
1.0949794054e+00
-7.0582844317e-02
2.8450286388e-01
-3.3182021976e-01
6.1583393812e-01
3.3281090856e-01
2.3097856045e+00
2.4641507864e-01
1.5552637577e+00
3.3826959133e+00
-5.6267923117e-01
9.6097448841e-03
-6.4501744509e-01
-1.2927348614e+00
-4.7968533635e-01
1.2694017887e+00
-4.3141028285e-01
-5.5792713165e-01
-2.7707965374e+00
-1.5048987865e+00
2.7621624470e+00
-8.7449383736e-01
2.0423262119e+00
3.7496080399e+00
2.8915383816e+00
9.2399165034e-02
-7.9704582458e-04
3.7255242467e-02
2.0877884701e-02
-3.0686166883e-01
7.3569232225e-01
-5.7664477825e-01
-2.9339215159e-01
1.0834915936e-01
6.5399438143e-01
2.0242168903e+00
-7.7302706242e-01
-1.1805105209e+00
3.6729100347e-01
-8.1396505237e-02
4.8573657870e-01
-1.2211643159e-01
-5.7017457485e-01
1.3525260985e-01
-6.6127532721e-01
-1.0723063946e+00
-2.5313079357e-01
-1.1371279508e-01
-3.7260863185e-01
-1.6236603260e-01
-1.8688738346e-01
1.7003613710e-01
-1.8365342915e-01
-3.4671834111e-01
6.7229881883e-02
-4.3211835623e-01
-1.3438314199e-01
3.9728075266e-02
2.0462718606e-01
-6.7615747452e-01
-2.4586574733e-01
1.6911804676e-01
4.9475219846e-01
4.9629008770e-01
-8.1072986126e-01
6.2718224525e-01
-5.2120810747e-01
5.7716816664e-01
-3.5540384054e-01
-1.5632864088e-02
-1.1357364058e-01
-5.7680451870e-01
-1.0641489923e-01
-3.0917859077e-01
-1.3122688532e+00
1.2595946789e+00
2.0645608902e+00
1.7234157324e+00
4.5087070465e+00
2.4890613556e+00
6.8666452169e-01
6.3049226999e-01
1.1084407568e+00
6.2841749191e-01
6.4156436920e-01
-1.5647044778e-01
6.9360621274e-02
-1.1228710413e-01
1.3474938273e-01
-1.1568208784e-01
8.5252696276e-01
8.9019566774e-01
1.5446560085e-01
6.6700595617e-01
-1.7413829267e-01
2.3771820962e-01
-5.3584641218e-01
4.3200233579e-01
6.4531706274e-02
-5.5021321774e-01
1.3648629189e+00
-4.8056548834e-01
1.7822556496e+00
2.6441082954e+00
3.3758246899e+00
1.5772020817e+00
-1.2414129823e-01
-1.5514534712e+00
1.3742940426e+00
3.2248520851e+00
-8.0088498071e-03
-1.3860097528e-01
-5.3146386147e-01
1.5910765529e-01
-2.4769157171e-01
-8.5897341371e-02
6.3786633313e-02
1.4674821496e-01
-1.9159369171e-01
1.1595739424e-01
3.3031568527e+00
-6.5195947886e-01
-4.0428510308e-01
1.1374260187e+00
-8.1968277693e-02
-5.8499485254e-02
6.5423496068e-02
1.5040050447e-01
-3.4769684076e-02
-3.5421612859e-01
2.6176521182e-01
-4.1528344154e-02
-6.0265731066e-02
-9.0757347643e-02
4.7609883547e-01
-2.7422472835e-01
1.1376848221e+00
9.0032833815e-01
5.3295266628e-01
1.2668807507e+00
2.5985734463e+00
8.3979260921e-01
8.5690087080e-01
-1.2065912485e+00
1.1415334940e+00
-1.1443704367e+00
-5.1814727485e-02
5.3103786707e-01
7.2600638866e-01
-1.2288324833e+00
-1.5322337151e+00
-4.4882228971e-01
-7.3131370544e-01
-3.4701335430e-01
-8.3372211456e-01
2.9356557131e-01
1.8468923569e+00
-2.2824580669e+00
1.1942871809e+00
4.7200074196e+00
2.1210744381e+00
-2.5478294492e-01
7.2228395939e-01
-2.3954815865e+00
-4.4242253900e-01
3.3608287573e-01
1.1279053688e+00
-1.1769204140e+00
1.8805196285e+00
1.2095675468e+00
7.1966743469e-01
1.0740526021e-01
2.6739987731e-01
6.0458678007e-01
4.9749180675e-01
2.1917841434e+00
1.0127751827e+00
-9.6058362722e-01
6.0588479042e-01
-3.8123598695e-01
3.6229338646e+00
2.0734469891e+00
-1.6416338682e+00
3.2439665794e+00
2.5835106373e+00
1.4136928320e+00
-1.5151058137e-01
1.2440365553e+00
-1.0715177059e+00
3.0403566360e+00
-7.1923106909e-01
-1.3679697514e+00
-4.2361140251e-01
-5.1737105846e-01
-4.0325146914e-01
4.0844038129e-02
-2.7532860637e-01
-2.3546819389e-01
6.0786768794e-02
-4.6179091930e-01
-8.6970382929e-01
-2.0915043354e-01
3.4701073170e-01
-3.2811447978e-01
-3.5447690170e-03
-1.4105020463e-01
4.8081614077e-02
4.5496046543e-02
-1.7767114937e-01
-2.6498624682e-01
-8.2135337591e-01
9.9946951866e-01
5.6718820333e-01
-7.0418488979e-01
6.6731804609e-01
1.2601151466e+00
1.1373416185e+00
-7.8599482775e-01
1.9267965555e+00
3.6748523712e+00
4.4303882122e-01
-6.9709056616e-01
6.6954158247e-02
-7.3217827082e-01
-3.5815092921e-01
3.4310586452e+00
1.0780845881e+00
1.6400467157e+00
1.9691967964e-01
2.0486490726e+00
-9.3737766147e-02
-1.8354367465e-02
5.1594471931e-01
-1.1484130472e-01
4.7048175335e-01
-5.6482982635e-01
-3.0195751190e+00
1.1670569181e+00
-1.6098400354e+00
2.9522035122e+00
-3.4558203816e-01
-2.3555403948e-01
8.0058735609e-01
-3.3947277069e-01
-2.6684701443e-01
1.7183477879e+00
-3.4358182549e-01
1.9078136683e+00
-3.8091319799e-01
2.7735939026e+00
-3.7493753433e-01
-4.3311253190e-01
5.1740348339e-01
-4.1546046734e-01
5.7961392403e-01
-4.9343863130e-01
1.7353196442e-01
4.0935152769e-01
2.6205015182e-01
9.9570319057e-02
8.9122220874e-02
-6.0085082054e-01
4.8989564180e-01
-3.3483561128e-02
-1.6339898109e-01
-9.7306877375e-01
-2.1867246628e+00
-1.5590480566e+00
-2.2554936409e+00
-1.5588548183e+00
4.4641356468e+00
3.5193390846e+00
-7.0623093843e-01
8.0680012703e-01
2.9774494171e+00
7.7426511049e-01
-3.3857145905e-01
-1.2934594154e+00
2.0163919032e-01
-1.3316309452e+00
-6.9291788340e-01
-1.9545639753e+00
-9.7472977638e-01
-1.7579165697e+00
-5.8610111475e-01
-1.7866194248e-01
-3.6246731877e-02
-1.7667807639e-02
1.4739335515e-02
-2.8680770192e-03
2.2720402107e-02
-3.7261641026e-01
-1.2670621276e-01
-3.2126951218e-01
-2.0585429668e-01
-1.7110748589e-01
-1.6113752127e-01
-1.1793186516e-01
-1.7633852363e-01
-2.2778519988e-01
6.9044452906e-01
2.4703621864e-01
4.4370406866e-01
1.9839949906e-01
7.7260783873e-03
5.5778384209e-02
1.3864499331e-01
-1.3242419064e-01
-1.4728602767e-01
2.2603377700e-02
2.4375352263e-01
7.3095753789e-02
1.4369955659e-01
-3.3136689663e-01
-4.9208262563e-01
-1.6993698478e-01
3.3035453409e-02
-7.0585325360e-02
-4.4188600034e-02
-4.9910899252e-02
9.4151757658e-02
1.8660780787e-01
1.2965776026e-01
-1.2050081044e-01
-4.1289287806e-01
1.0936728865e-01
-1.1459993571e-01
-8.3446070552e-02
-1.8629452586e-01
-3.2915145159e-01
-5.1052725315e-01
3.7859919667e-01
-9.4641911983e-01
9.5234073699e-02
1.0967730731e-01
1.7120134830e-01
1.6981287301e-01
-5.4432563484e-03
-1.3686999679e-01
6.9016329944e-03
4.2400372028e-01
-1.1969222873e-01
-1.9240517169e-02
-1.5834899247e-01
1.4280059375e-02
4.0441501141e-01
4.5994693041e-01
1.4676624537e-01
-1.6168532893e-02
5.5720496178e-01
-2.7601461858e-02
-2.8871342540e-01
3.0352473259e-02
1.9148640335e-02
2.5785243139e-02
3.7351942062e+00
-3.3679780364e-01
-4.0341570973e-01
-2.4918261170e-01
-2.2411642969e-01
5.8724665642e-01
-5.7696545124e-01
-5.8017635345e-01
-1.9407813251e-01
-3.2654896379e-01
-1.5117776394e-01
-2.0107360184e-01
3.2039895654e-01
1.5698906779e-01
1.6378796101e-01
1.0833849013e-01
6.1614733934e-01
-1.2756891549e-01
-3.0188423395e-01
-2.5080561638e-01
-1.4503026009e-01
-6.2735992670e-01
-5.1618450880e-01
-2.7558124065e-01
1.2108473480e-01
-2.7515503764e-01
-2.0181155205e-01
-5.6885153055e-01
-5.8441686630e-01
-1.7366294563e-01
6.2289256603e-02
-1.0254456848e-01
-2.7776724100e-01
-1.6970376670e-01
-6.4140982926e-02
-1.9011010230e-01
9.9035531282e-02
-2.1065220237e-01
2.5669330359e-01
2.6371154189e-01
-9.9132075906e-02
-3.6288410425e-02
3.6796274781e-01
5.1742553711e-02
-4.8045206070e-01
-1.9955573976e-01
-2.0378623903e-01
-3.8605947047e-02
8.6386039853e-02
-2.0985201001e-01
6.6582572460e-01
3.6680498719e-01
-9.5904606581e-01
-4.4579836726e-01
-2.0824210346e-01
1.2394243479e+00
6.6800041199e+00
2.4619574547e+00
2.3729884624e+00
3.3200138807e-01
3.1446911395e-02
1.0654292256e-01
2.1625478566e-01
1.8220479786e-01
5.4712057114e-01
5.5035805702e-01
-2.0917363465e-01
9.1702848673e-02
2.1237799525e-01
1.3278260827e-01
-1.4483606815e-01
-1.4472077787e-01
-4.5721154660e-02
4.2934766412e-01
-2.7305161953e-01
-7.1881182492e-02
-2.7324058115e-02
-3.3428139985e-02
-6.5052895807e-03
-2.5725436863e-03
-2.5131475925e-01
9.1360443830e-01
-2.0977777243e-01
5.0288438797e-01
-1.1224997789e-01
-2.3822703958e-01
-4.9896666408e-01
-9.5398038626e-02
5.0527048111e-01
1.6752578318e-01
2.0704570413e-01
-4.5229920745e-01
1.2553267181e-01
1.1107800901e-01
8.2443416119e-02
-2.5881144404e-01
-2.0176610351e-01
1.3487063348e-01
2.5379955769e-01
4.9532538652e-01
-9.3356913328e-01
2.4113442004e-01
-1.9252900779e-01
-4.2818214744e-02
-1.0729300976e-01
-7.3127172887e-02
-3.2587803900e-02
-4.4089504518e-03
1.8037229776e-02
1.3941180706e-01
-5.5910721421e-02
-3.8809720427e-02
3.2681025565e-02
1.5733771026e-02
-6.6291585565e-02
4.4379532337e-02
3.0268236995e-01
-1.6834024191e+00
2.2911579609e+00
2.6958646774e+00
2.9997465014e-01
-3.8348428905e-02
1.2190154940e-01
-1.2613245845e-01
5.7009053417e-03
4.5857310295e-01
5.5838849396e-02
-2.2929571569e-01
-8.8983696699e-01
-7.8746098280e-01
3.9303545952e+00
2.8285782337e+00
4.2695918083e+00
-2.4729063511e+00
-1.2709892988e+00
-7.0604157448e-01
-6.6053998470e-01
-2.5119569898e-01
2.1557591856e-01
-2.5503003597e-01
3.5359550267e-02
4.7022309154e-02
6.3763193786e-02
1.4834483154e-02
-4.4064640999e-02
4.7858372331e-01
-1.7798932791e+00
3.0515041947e-01
-8.8406640291e-01
1.2308236957e-01
-1.6132451128e-04
-1.3734799623e-01
-1.0153688490e-01
1.2475623935e-01
-8.0010689795e-02
8.2558162510e-02
1.8086113036e-01
4.8360726237e-01
1.0914582759e-01
-1.3598552346e-01
-9.0968137980e-01
2.6371103525e-01
-1.1168908328e-01
3.2575199008e-01
-4.0410709381e-01
-4.9729404449e+00
-1.3625106812e+00
-1.5309499502e+00
-2.6262104511e+00
4.8859891891e+00
1.7368690670e-01
-1.3484056294e-01
-2.1713399887e-01
-2.1137349308e-01
-3.0735772848e-01
-1.3479684293e-01
-4.1007123888e-02
1.7115201056e-01
3.6287680268e-01
-8.6616516113e-02
-7.7645452693e-03
-8.6923018098e-02
-5.5419102311e-02
-4.5934328437e-01
-2.9285803437e-01
-1.3244679570e-01
5.1569547504e-02
-1.4446277916e-01
-1.5441681445e-01
1.9674573839e-01
1.0883053541e+00
-5.7160621881e-01
3.0931174755e-01
8.4632200003e-01
-5.9823238850e-01
-2.1076832712e-01
-2.8480106592e-01
-1.0288252831e+00
9.1394239664e-01
1.4754188061e-01
5.6672940254e+00
6.6017551422e+00
3.2950065136e+00
4.2653384209e+00
-5.8947581053e-01
-1.0930119082e-02
-3.8243878633e-02
-5.3888624907e-01
-9.3589976430e-02
-5.4216170311e-01
1.3229016066e+00
-5.5030506849e-01
3.0201585963e-02
2.5208598375e-01
-6.0353440046e-01
-5.7169855572e-03
-5.6854002178e-02
-1.4451572672e-02
8.7634660304e-02
7.5497743674e-03
-3.4087285399e-01
-3.1171774864e-01
-1.2782183290e-01
-8.9557111263e-02
-7.7396713197e-02
-3.5427093506e-01
1.2689298391e+00
1.3157688379e+00
3.0623469353e+00
2.6293082237e+00
1.0055787116e-01
5.9302445501e-02
-1.4217635989e-01
-2.7300196886e-01
-2.0347920060e-01
-9.0373881161e-02
-5.2681300789e-02
-1.1878005462e-03
-3.6724168807e-02
-7.2361096740e-02
2.3947825655e-02
-1.4073695242e-01
-5.7111665606e-02
-1.8152302504e-01
-2.1232027560e-02
-7.1393811703e-01
5.3174042702e-01
-2.2718898952e-01
-2.7968171239e-01
1.3390254974e-01
-1.6849428415e-01
-5.0425496884e-03
-7.7624872327e-02
5.0068879128e-01
-5.7088249922e-01
-3.0290663242e-01
1.8232761323e-01
2.1201211214e-01
1.0903108120e-01
-2.3243706673e-02
7.6971030235e-01
-3.9573812485e-01
7.0810729265e-01
3.1300279498e-01
2.0358629525e-02
5.5977797508e-01
-7.5691395998e-01
2.7978330851e-01
-2.1083177626e-01
5.1102739573e-01
2.5365371704e+00
2.8649983406e+00
1.8461148441e-01
-2.6418976784e+00
-9.5323896408e-01
-7.0405036211e-02
7.5914934278e-02
-2.4981369078e-01
3.3972054720e-01
2.8466600180e-01
-5.5816110224e-02
1.0151036829e-01
-2.3641037941e-01
-3.3096489310e-01
1.3408623636e-02
-1.1651095003e-01
6.8818360567e-01
7.0524686575e-01
2.0833925903e-01
1.4878286980e-02
1.8857935667e+00
1.9819785357e+00
8.0160576105e-01
2.4453006685e-01
-2.1102029085e-01
-7.5816020370e-02
-3.2236844301e-01
-2.3289862275e-01
3.3045285940e-01
-4.7834295779e-02
-1.3076657057e-01
-3.3253404498e-01
-3.0646890402e-01
-1.5835512877e+00
-4.1070165634e+00
2.1194727421e+00
1.0784695148e+00
1.4444899559e+00
-1.8293595314e-01
-2.5381565094e+00
-3.7172332406e-01
1.0673369467e-01
-8.6787128448e-01
-2.6041391492e-01
5.5365222692e-01
-2.2688670158e+00
1.1618694067e+00
4.1847890615e-01
2.8571581468e-02
1.0730030388e-01
-5.3339749575e-01
-5.5537775159e-02
5.1138663292e-01
-3.3865398169e-01
-2.3719768226e-01
-2.8858095407e-01
-4.9423491955e-01
2.7170035243e-01
1.9361172616e-01
-2.5935530663e-01
-4.5484358072e-01
-1.3212467730e-01
-4.7815311700e-02
3.9105764031e-01
6.7595529556e-01
-7.1302674711e-02
2.4879896082e-03
3.4943930805e-02
-1.2857995927e-01
1.1840751022e-01
-3.7174192071e-01
-1.1869341135e+00
-3.2647928596e-01
4.5706737787e-02
-1.2671242654e-01
2.7235728502e-01
-3.8785770535e-01
-1.9927421212e-01
3.6419281363e-01
5.7709032297e-01
-7.7840423584e-01
5.4645651579e-01
-5.8255082369e-01
3.7654268742e-01
1.1748646945e-01
-9.7957408428e-01
-4.1524368525e-01
3.0845707655e-01
6.0550935566e-02
-2.5439521670e-01
3.1144964695e-01
-2.4128415585e+00
8.6326408386e-01
-8.7413954735e-01
-1.2029162645e+00
1.7235327959e+00
1.7369192839e+00
9.5700353384e-01
1.2581549883e+00
7.7397805452e-01
9.4945626333e-03
-4.8391561955e-02
2.3174980283e-01
1.4680324495e-01
-1.5452305973e-01
3.7345889211e-01
1.9010965526e-01
-7.0067453384e-01
-2.5046309829e-01
3.9135032892e-01
-3.5986018181e-01
-4.1252866387e-01
-2.7362048626e-01
-8.5166633129e-02
-3.0303171277e-01
1.2760232687e+00
2.8586914539e+00
-3.2880213112e-02
-7.4431049824e-01
1.0591417551e+00
9.1686755419e-01
4.3760266304e+00
6.0182958841e-01
-4.4936293364e-01
-5.4167336226e-01
-1.0191135854e-01
-2.8148922324e-01
2.3738051951e-01
-1.7060253769e-02
7.7514894307e-02
-2.5729376823e-02
-2.8364032507e-02
1.2622095644e-01
-2.5467219949e-01
1.1700909585e-01
1.0353283882e+00
1.1564465761e+00
-2.9335498810e-01
-2.6934140921e-01
-6.2650138140e-01
-1.0287506133e-01
-1.0184464045e-03
3.8143640757e-01
1.4388383925e-01
-2.4603903294e-01
-5.1359839737e-02
4.8020511866e-01
-1.7891609669e-01
-7.2045832872e-01
3.3630719781e-01
7.1908557415e-01
-9.1125959158e-01
1.5032364130e+00
4.5282542706e-02
6.6126638651e-01
1.5228896141e+00
2.1815063953e+00
-1.0174167156e+00
8.8914155960e-01
-3.5023489594e-01
2.1200744808e-01
-4.4106036425e-01
1.3749246299e-01
-1.9946960732e-02
4.0511029959e-01
-8.0942794681e-02
-4.1232138872e-01
-2.5803783908e-02
4.2225715518e-01
6.2066382170e-01
1.0302485228e+00
7.3386114836e-01
-6.1582499743e-01
-3.2635024190e-01
2.1785788238e-01
-5.8561187983e-01
1.7587521672e-01
3.7842893600e-01
2.0386347547e-02
-3.1853941083e-01
3.4354606271e-01
-1.1727862358e+00
-7.9091772437e-02
5.3978073597e-01
-3.5017219186e-01
1.7890530825e-01
1.5541604720e-02
-5.0256299973e-01
-9.3670539558e-02
-1.9999182224e-01
2.5588705540e+00
-8.4054732323e-01
-2.1556758881e+00
-2.7508909702e+00
-5.4593205452e-01
5.7861000299e-01
4.6371283531e+00
3.7430804968e-01
6.8663686514e-02
-2.7045261860e+00
8.9181158692e-03
1.0868238211e+00
-8.7382584810e-01
-4.7571438551e-01
-1.8874636889e+00
-1.2986999005e-02
1.6747131944e-01
1.7061503604e-02
3.8287201524e-01
1.4642027020e-01
2.4091246724e-01
-5.2723024040e-02
4.6903249621e-01
2.1330385061e-04
5.1648700237e-01
-4.2523518205e-02
-9.1784358025e-02
9.0861797333e-02
7.4733281136e-01
1.5039991140e+00
-5.3883655928e-03
3.8607567549e-01
-4.5879516006e-01
-7.7298030257e-02
-3.4157657623e-01
2.2830240726e+00
2.4844846725e+00
3.5257804394e-01
1.2725859880e+00
-2.0654587746e+00
8.4467291832e-01
1.2942898273e+00
8.2913406193e-02
-8.7725383043e-01
-5.4384434223e-01
8.2556933165e-01
-1.3297517300e+00
4.2473948002e-01
1.7488483340e-02
-7.5187147595e-03
2.6888477802e+00
9.9976605177e-01
1.5203271806e-01
1.6671042144e-01
-4.1811456680e+00
1.6249160469e-01
4.0429972112e-02
2.9274052382e-01
9.9698469043e-02
3.3004280925e-01
-1.5990002453e-01
3.0941030979e+00
-1.1259250641e+00
3.2108345628e-01
-1.7243630886e+00
-1.3183989562e-02
-4.2512778193e-02
4.1846115142e-02
6.3282564282e-02
2.4954247475e-01
-9.8931545019e-01
-6.0822308064e-01
-1.8796025515e+00
-1.1521323919e+00
-1.8884569407e-02
-4.5305740833e-01
-6.7345470190e-01
3.9673686028e-01
-3.9741453528e-01
-2.7623617649e-01
-7.3171246052e-01
3.7573397160e-01
6.9047278166e-01
2.6830238104e-01
8.9414250851e-01
4.6352859586e-02
-4.4637861848e-01
-1.4608161151e-01
-2.2155053914e-02
1.0389008373e-01
-8.5287749767e-01
1.3016663790e+00
-1.3583419323e+00
-1.3753666878e+00
-2.8493094444e+00
-4.6240267754e+00
-2.7014837265e+00
-1.6616351604e+00
9.5135885477e-01
2.7242605686e+00
-1.3609579206e-01
-2.5037860870e+00
5.8917832375e-01
3.3277217299e-02
-4.6044561267e-01
-9.6773970127e-01
-2.5277755260e+00
-4.0170171857e-01
1.1070041656e+00
-7.1778488159e-01
2.3226454854e-02
-2.9632328078e-02
-4.4117704034e-02
-1.3255977072e-02
3.0270736665e-02
2.6384774595e-02
2.1512836218e-01
-1.6114790738e-01
-3.6690339446e-02
2.6749485731e-01
-1.7021276290e-03
-8.1190995872e-02
-8.8014625013e-02
-8.3752185106e-02
1.2856979668e-01
-3.3236199617e-01
1.7338152230e-01
-4.0530154109e-01
4.8709240556e-01
4.8918583989e-01
-7.2485737503e-02
-7.7902711928e-02
-2.0975658845e-04
-6.1438877136e-02
4.0177494287e-02
-4.2706093192e-01
-1.1341019720e-01
-1.5276688337e-01
1.1287965626e-01
5.8680218458e-01
-2.2701734304e-01
2.7296517044e-02
-1.4113874733e-01
-9.5828361809e-02
-7.1184799075e-02
4.1566661000e-01
7.0233523846e-02
1.2325108796e-01
-3.1980544329e-01
-9.1583088040e-02
1.0880023241e-01
-5.4766976833e-01
2.2738802433e-01
4.6874886751e-01
5.2962977439e-02
-8.7647551298e-01
1.5975263715e-01
3.4535139799e-01
3.3249881864e-01
1.9547095522e-02
2.8932636976e-01
-5.1482431591e-02
-1.8850708008e-01
-9.0309428051e-03
1.0281576216e-01
2.0694856346e-01
-2.3601053655e-01
-5.2501805127e-02
1.5210922062e-01
1.7617484927e-01
-4.6604928374e-01
-8.6791917682e-02
-1.5177567303e-01
-6.2102967501e-01
3.2810950279e-01
-2.6603302360e-01
-2.3225912452e-01
-3.1802915037e-02
-8.3963528275e-02
2.1796556190e-02
8.7417072058e-01
-8.6438429356e-01
-1.7880485058e+00
-1.0561082363e+00
-8.9994132519e-02
2.6314726472e-01
2.8086078167e-01
-1.9680832326e-01
-8.0066941679e-02
2.7938589454e-01
2.0679931343e-01
-6.7993141711e-02
-1.2388413399e-01
1.3604401052e-01
6.0868863016e-02
-2.4821865559e-01
-2.3181678355e-01
-1.3094718754e-01
5.1148694754e-01
2.1028804779e-01
4.6972793341e-01
1.4457887411e-01
1.6739064455e-01
1.1170591414e-01
-2.0977778733e-01
-6.1842512339e-02
1.7407587171e-01
2.4950410426e-01
6.6324901581e-01
1.4284922183e-01
4.1957285255e-02
-2.9848960694e-03
4.1237790138e-02
-2.6976829767e-01
-1.8091112375e-02
4.9709716439e-01
2.1747246385e-01
-2.3577965796e-01
2.2562083602e-01
-1.7216442525e-01
-5.8666780591e-02
9.4331083819e-03
-1.5307015739e-02
1.7872321606e-01
-2.3992604017e-01
-1.3868018985e-01
-1.0041859001e-01
-8.0137223005e-02
7.5734704733e-03
3.9775487036e-02
4.6465066075e-01
1.2818725407e-01
7.9308915138e-01
9.5542168617e-01
9.2183721066e-01
8.6738166809e+00
6.7516551018e+00
4.4695954323e+00
2.1540651321e+00
-3.9421108365e-01
-1.6279014945e-01
1.0386222601e-01
1.8204422295e-01
-2.6147110388e-02
1.4410007000e-01
2.0813968778e-01
2.5654006004e-01
5.3524628282e-02
4.0168259293e-02
-1.7022471130e-01
1.1702931672e-01
-6.0791248083e-01
5.9574544430e-01
2.5577309728e-01
-9.0243786573e-01
-8.9353188872e-02
-1.1570278555e-01
7.1648873389e-02
-1.9515186548e-02
1.1932547390e-01
-1.9325642586e+00
1.2989927530e+00
-2.9881200194e-01
-2.0390855148e-02
1.3193620741e-01
1.4943865128e-02
-3.5313370824e-01
-2.7677017450e-01
-7.7028656006e-01
-5.4378920794e-01
3.9631822705e-01
5.7932114601e-01
-1.9712045789e-01
5.5973984301e-02
-2.6116741821e-02
1.8034276366e-01
1.7151319981e-01
4.0240755677e-01
2.5031289086e-02
6.3284981251e-01
-1.1347686499e-01
-3.2488701399e-03
-1.4616294205e-01
-2.4182173610e-01
-9.7450643778e-02
6.4260117710e-02
-7.9141922295e-02
1.2145218253e-01
9.1777361929e-02
-1.7683904618e-02
1.9703689218e-01
5.9920549393e-02
-1.3311168551e-01
-1.2709051371e-01
-2.9762623832e-02
6.9777518511e-01
6.0234265327e+00
-2.1315158904e-01
-2.7461090088e+00
-2.8250284195e+00
4.1874575615e-01
1.3415221870e-01
-4.1061797738e-01
-5.2046764642e-02
-5.9503812343e-02
-1.0297219753e+00
1.1176344007e-01
3.1486856937e-01
6.1999952793e-01
-6.2373928726e-02
-4.3613324165e+00
-3.6437184811e+00
-2.5306172371e+00
-3.3234333992e+00
-8.2123432159e+00
1.0305215418e-01
-2.7067598701e-01
3.4434252977e-01
-8.0259971321e-02
-6.7744410038e-01
5.0821803510e-02
7.9832747579e-02
-2.2972660139e-02
-3.5720139742e-02
6.1646990478e-02
-6.1006315053e-02
2.2359101772e+00
-2.5624362752e-02
4.7444620728e-01
5.0331592560e-01
-7.4477165937e-02
3.7427149713e-02
4.3918762356e-02
-1.2782059610e-01
-4.0080319159e-03
5.5847698450e-01
6.7358978093e-02
1.4591359533e-02
-1.5856672823e-01
1.7016342282e-01
3.2101552933e-02
2.8224661946e-01
-4.0831014514e-01
2.3112219572e-01
-7.1270543337e-01
5.4876413345e+00
9.6278028488e+00
4.9295849800e+00
-7.4200260639e-01
9.2112666368e-01
6.5973289311e-02
5.4349716753e-02
-1.5129433945e-02
-1.2902778387e-01
-1.9547709823e-01
-3.8357213140e-01
-1.2325034291e-01
1.3091838360e-01
-7.5870253146e-02
2.1623221040e-01
-2.7627242729e-02
1.1657866091e-01
-9.0930007398e-02
-1.1644765735e-01
1.9860915840e-01
-5.3720790893e-02
-2.6022404432e-02
6.3469126821e-02
1.2168605812e-02
3.0946023762e-02
8.1916630268e-01
1.2733837962e-01
-2.9566380382e-01
-6.0721826553e-01
6.9021660089e-01
-1.6478835344e+00
3.6890125275e-01
-3.0783230066e-01
8.8685029745e-01
-2.1396228671e-01
-8.4815311432e-01
-2.6925489902e+00
-2.0630638599e+00
-4.1548290253e+00
-5.9343805313e+00
2.7350279689e-01
7.2692133486e-02
-6.2046509236e-02
6.3533651829e-01
7.0581756532e-02
1.1985988170e-01
-4.3661037087e-01
-6.6080629826e-01
4.4192171097e-01
5.2673280239e-01
-4.6735208482e-02
9.2865228653e-02
1.0196974874e-01
-1.2447151821e-03
-9.4133116305e-02
-4.0202990174e-02
1.5512178838e-01
7.3155507445e-02
7.6520111179e-04
1.7127582431e-01
8.0205567181e-02
1.1757053137e+00
3.7970367074e-01
-2.1676218510e+00
-1.8836848736e+00
1.7873249948e-02
-6.6148944199e-02
-1.4706484973e-01
-4.1561778635e-02
1.7229115963e-01
6.1959136277e-02
-3.2559022307e-02
-9.1015249491e-02
-9.0239709243e-03
-5.4465297610e-02
1.1334135383e-01
-2.5820985436e-01
1.3171321154e-01
-1.4859585464e-01
-4.3486708403e-01
1.2066122890e-01
-2.2389489412e-01
-1.0135117173e-01
-1.3703469932e-01
-6.5116770566e-02
-3.6861348152e-01
-2.4964204431e-01
-1.0968071222e-01
1.9037693739e-01
1.1292477697e-01
1.9069713354e-01
-7.9522244632e-02
-2.3077057302e-01
-4.4683951139e-01
1.3367368281e-01
-6.2246602774e-01
7.7188068628e-01
-9.3794125319e-01
-2.6307153702e-01
2.7355554700e-01
3.5704385489e-02
3.9901714772e-02
-8.6953029037e-02
2.9338422418e-01
-3.5924723744e-01
-4.5562058687e-01
-1.3351687193e+00
3.4658959508e-01
-9.8794840276e-02
-2.6503763199e+00
1.6895000637e-01
-4.4852212071e-02
-3.9469879866e-01
-1.5627032518e-01
1.1948943883e-01
3.3534552902e-02
8.2475908101e-02
1.8834541738e-01
-1.0387562960e-01
6.1716283672e-03
-7.5588083267e-01
5.3590399027e-01
5.9223401546e-01
1.7100673169e-02
-4.8446472734e-02
6.0017585754e-01
-4.2419627309e-01
8.3994501829e-01
-1.1376123428e+00
-2.5802293420e-01
7.3035396636e-02
8.0065587536e-03
1.5561166406e-01
1.5212881565e-01
-2.1790897846e-01
5.2867043018e-01
1.3582296669e-01
-1.8673769236e+00
1.5024186671e-01
-2.4394965172e+00
-3.0461493134e-01
-4.1347333789e-01
-1.1530231237e+00
1.4183348417e+00
-2.8411993980e+00
-6.6640995443e-02
-3.9477635175e-02
7.5799480081e-02
-2.4364545941e-01
-4.0371198207e-02
-2.1134298295e-02
-2.9508113861e-01
1.2097951770e-01
7.7695685625e-01
-1.4232812822e-01
3.9104753733e-01
-1.1493154764e+00
-7.6900857687e-01
2.1801583469e-02
2.9092440009e-01
5.4323452711e-01
-2.8938311338e-01
2.0236884058e-01
1.7675881088e-01
6.6763818264e-02
2.2474374622e-02
9.2974022031e-02
6.0377575457e-02
2.4905304611e-01
-7.1922957897e-01
-4.0995605290e-02
-1.5831742436e-02
4.3626423925e-02
-1.0845266283e-01
-7.7437847853e-02
-3.6603850126e-01
4.3857577443e-01
-2.6674669981e-01
-3.7572780252e-01
-5.0155639648e-02
8.9792488143e-03
3.0379223824e-01
-1.1210600287e-01
-4.2293205857e-01
-1.1210000515e-01
-2.8554570675e-01
1.4832669497e-01
-1.4030854404e-01
-2.3725299537e-01
-5.8378921822e-03
2.6240307093e-01
-1.2687903643e-01
-2.1817001700e-01
-1.2890398502e-01
-4.7144513577e-02
2.2974550724e-01
-2.6725101471e-01
1.6718196869e-01
2.4449431896e+00
-2.7751870155e+00
1.8169155121e+00
-2.4504072964e-01
-7.1817350388e-01
8.8929593563e-01
-1.3972033560e-01
-1.2630012818e-02
-9.3998135999e-03
-5.0303183496e-02
-6.5570868552e-02
-5.3771793842e-02
-3.2946580648e-01
2.0510829985e-01
-1.6631753743e-01
1.5134270303e-02
-2.1189941466e-01
-3.2144394517e-01
-1.9761870801e-01
-3.9501583576e-01
-1.5455946326e-01
9.2839285731e-02
3.3288398385e-01
-4.5910459757e-01
-7.4407231808e-01
-2.1075651646e+00
-9.7955209017e-01
-3.9537798613e-02
-1.7236541510e+00
-1.1343479156e+00
1.4248503447e+00
-5.7809084654e-01
9.5581710339e-02
-3.1988631934e-02
1.5166608617e-02
2.3433361948e-01
-1.3564644754e-01
-1.2337330729e-01
-1.5196119435e-02
7.9979319125e-03
3.8318291306e-02
3.6955203861e-02
-4.1628494859e-01
-2.6699453592e-01
5.2201867104e-01
2.0209820569e-01
-8.9352077246e-01
1.5469416976e-02
1.3873004355e-02
2.3589635268e-02
-1.9874645397e-02
-6.6198654473e-02
-6.3217796385e-02
-7.5721472502e-02
5.8491542935e-02
-2.9665542766e-02
-1.5150812268e-01
-2.6048511267e-01
9.7048681974e-01
-4.5890456438e-01
-8.7744873762e-01
7.5458508730e-01
-2.9490074515e-01
-7.4774175882e-02
-4.9512398243e-01
-3.7296476960e-01
-8.1551742554e-01
1.3716495037e-01
1.0834852606e-01
1.0592449903e+00
1.4334566891e-01
1.7611689866e-02
-5.4735578597e-02
-2.7541734278e-02
-2.4334220216e-02
-3.5322898626e-01
3.1715592742e-01
9.3043887615e-01
-5.3188574314e-01
1.6149276495e-01
6.5375804901e-01
4.3050745130e-01
9.4216279685e-02
-1.2796607614e-01
-4.2728421092e-01
-6.1590349674e-01
-7.9414224625e-01
-4.5570399612e-02
-3.2448496670e-02
-5.8506304026e-01
7.1377670765e-01
5.6732922792e-01
-9.3227930367e-02
3.1806860119e-02
1.5247081220e-01
2.7199161053e-01
-2.5589632988e-01
-1.5070246458e+00
-2.2893872261e+00
-2.0806951821e-01
-3.4384402633e-01
3.4127395600e-02
3.8015869260e-01
-1.6215285063e+00
9.8630321026e-01
8.0296009779e-01
-3.1585472822e-01
-6.5918302536e-01
4.8926356435e-01
4.7877302766e-01
-4.7532588243e-01
-1.0396921635e+00
2.3126588762e-01
-1.6617704928e-01
2.8562068939e-01
2.5483153760e-02
-2.5612938404e-01
1.7956970260e-02
9.3901239336e-02
2.6576693635e-03
2.7900170535e-02
1.0476920754e-01
-6.1143547297e-02
-8.7667502463e-02
7.5825184584e-02
-4.0760445595e-01
1.7741110325e+00
-8.5999229923e-03
5.5622618645e-02
5.9122718871e-02
-1.2348960154e-02
-7.3616795242e-02
-1.1152236909e-01
2.9012832046e-01
-1.9967754185e-01
-6.7755299807e-01
4.5092558861e-01
-2.9354974627e-01
-1.4329048395e+00
-7.6345163584e-01
7.6206034422e-01
-7.0765787363e-01
9.0165331960e-02
2.3521858454e-01
2.5844720006e-01
8.0573476851e-02
-3.9318010211e-02
-2.3979774117e-01
-5.3759258986e-01
-4.0755704045e-02
4.0874469280e-01
-1.1725812405e-01
-5.4511338472e-02
-3.1932346523e-02
3.2972868532e-02
8.4177441895e-02
3.6435429007e-02
-1.5102022886e+00
-5.0027137995e-01
8.7331891060e-01
-7.2788077593e-01
-1.4513214827e+00
-2.8985038400e-02
-1.5297678113e-01
-1.2489798665e-01
1.6114202142e-01
-3.7042267621e-02
-1.0805809498e+00
-1.1503112316e+00
-3.5810968280e-01
4.4694125652e-01
-1.4641275406e+00
-1.4123138972e-02
-1.2943032384e-01
3.4651837777e-03
-1.1584904045e-01
-1.7421999946e-03
-2.5252169371e-01
5.0938850641e-01
-7.1895621717e-02
-8.9310091734e-01
1.8398876488e-01
-4.1401810944e-02
8.3367228508e-02
3.5722497106e-01
1.1966034770e-01
-2.0081463456e-01
-1.3450390100e-01
-6.0210889578e-01
-8.1697261333e-01
1.2357772589e+00
-3.0300805569e+00
7.8187155724e-01
-6.0753101110e-01
-1.2629939318e+00
1.6265694797e-01
-1.3740452528e+00
5.4729282856e-01
6.9150161743e-01
6.2855607271e-01
-8.8644611835e-01
-5.6706243753e-01
-1.3279452920e-02
-8.7277883291e-01
-4.8464101553e-01
-2.5226005912e-01
2.0114338398e+00
2.8051231056e-02
2.4880576879e-02
1.2620816939e-02
3.2075051218e-02
-6.1230729334e-03
1.0036695004e-01
-6.3269861042e-02
-4.5986194164e-02
-7.6707758009e-02
-6.5677478909e-02
-2.9058804736e-02
-3.9643011987e-02
1.2811519206e-02
7.6787099242e-03
-7.8818062320e-03
-6.4971280098e-01
-6.5098953247e-01
-3.0918270350e-01
-2.8133398294e-01
1.0872542113e-01
2.0561560988e-02
-5.0182964653e-02
-2.7417343110e-02
-3.8093868643e-02
-1.0252720118e-01
2.0100352168e-01
7.6245732605e-02
9.3495376408e-02
-1.1309648305e-01
3.2682374120e-01
5.3275957704e-02
-3.7107668817e-02
5.4914443754e-03
-2.1812049672e-02
-4.0975663811e-02
-1.0010465048e-02
-4.5195412822e-03
-1.5003649890e-01
1.2352994084e-01
-1.4923946559e-01
-1.7788499594e-01
1.1580590159e-01
-1.6973888502e-02
-1.7608369887e-01
-1.0845971853e-01
-1.6872224808e+00
6.2168890238e-01
4.0801186115e-02
-2.0934360102e-02
2.5829318911e-02
-2.2265773267e-02
4.7890614718e-02
1.5232241713e-02
2.1377688274e-02
-1.2716750614e-02
5.3259961307e-02
-4.0177905560e-01
-1.7600397766e-01
1.1779451370e-01
-2.7316489816e-01
2.3458482325e-01
-2.5300690532e-01
-2.9918089509e-01
-5.4622437805e-02
6.0158241540e-03
1.0556263849e-02
3.2074175775e-02
-9.0362995863e-02
-1.0961490124e-01
-3.6827728152e-02
-1.1622110754e-01
-6.6590362787e-01
7.3908753693e-02
1.1196788400e-01
2.6639002562e-01
9.2465959489e-02
2.5301722810e-02
3.8379366742e-04
1.3808945194e-02
2.3573121428e-01
1.1516506225e-01
2.2999059409e-02
2.3982699960e-02
6.4791508019e-02
-3.0130714178e-02
4.6019694209e-01
2.2273372114e-01
-7.8943945467e-02
-1.9631247222e-01
4.8271274567e-01
1.8648618832e-02
1.9939921796e-01
2.3105682433e-01
-3.1473001838e-01
-3.5518374294e-02
-3.6238659173e-02
-4.8963308334e-02
1.7275266349e-01
-1.4202933013e-01
2.0400269330e-01
3.2004706562e-02
4.0204849094e-02
-1.5160435811e-02
-2.8975286987e-03
-9.0347044170e-02
7.0938533172e-03
-3.2511565834e-02
-5.2607897669e-02
-9.9498391151e-02
-1.0509415716e-01
-5.6456483901e-02
-1.4006984234e-01
7.7914446592e-02
-2.5455951691e-02
1.9034291804e-01
-1.6372466087e-01
-1.0845211893e-01
-2.2781115025e-02
-5.2558444440e-03
7.7152103186e-02
-4.3859567493e-02
-1.8915651739e-01
-4.1833224893e-01
2.6792976260e-01
-4.4455033541e-01
3.4964065552e+00
4.8914551735e+00
3.9860303402e+00
1.9120562077e+00
-1.4462664127e+00
-1.4506256580e-01
-5.1100652665e-02
9.5832841471e-03
-1.0266249627e-01
1.0762961954e-01
1.6921079159e-01
1.2235247344e-01
1.3646699488e-01
2.1778114140e-02
6.6859319806e-02
-4.7123631835e-01
8.7348923087e-02
-2.5825029612e-01
1.2499326468e-01
1.8992744386e-01
2.6984123513e-02
-4.0979287587e-03
1.1690218002e-02
1.9459323958e-02
-9.8509732634e-03
-1.0475546122e+00
-5.9631448984e-01
7.0151740313e-01
1.0604769737e-01
-1.0300153494e+00
4.0282875299e-02
-1.2933392823e-01
1.2188532948e-01
3.4249350429e-01
-1.9271656871e-01
-3.7406906486e-01
-5.7993922383e-02
1.8408197165e-01
3.8080051541e-02
6.4054168761e-02
-5.2119326591e-01
1.1132814735e-01
4.3204343319e-01
6.7065572739e-01
-6.0493725538e-01
2.8932383657e-01
4.0819549561e-01
-1.9090490043e-01
3.1354945153e-02
-2.8741577640e-02
6.3161356375e-03
2.3816552013e-02
-7.4124778621e-03
-1.6586845741e-02
-4.0550466627e-02
2.1780148149e-02
4.7614276409e-03
1.3004202396e-02
3.5484295338e-02
3.6273814738e-02
3.1438982487e+00
2.3281495571e+00
-9.2913049459e-01
-1.6215921640e+00
-3.9949333668e+00
9.8008349538e-02
-8.0465808511e-02
3.8187734783e-02
1.4811861329e-03
7.2381151840e-03
-6.4343267679e-01
2.4937435985e-02
-2.0686982572e-01
-3.6237579584e-01
-7.5542695820e-02
-7.1513640881e-01
-1.4262332916e+00
-1.3460631371e+00
-5.0152951479e-01
5.7063090801e-01
-1.1000845581e-01
1.5119902790e-01
2.0158688724e-01
-4.2392540723e-02
2.1871018410e-01
8.4814559668e-03
8.5638212040e-03
9.5799081028e-03
7.8002936789e-05
-6.8577677011e-03
4.3709431775e-03
7.9500734806e-01
1.8669754267e-01
9.1011017561e-02
3.7009611726e-01
-8.4325633943e-03
-5.9997934848e-02
-3.7762809545e-02
-3.9555002004e-02
-4.7697588801e-02
-2.1915836260e-02
-3.2934781164e-02
6.5291829407e-02
1.2226755172e-01
7.0964597166e-02
-1.8105715513e-01
9.6376709640e-02
4.5552054048e-01
-2.4784044921e-01
1.2050726451e-02
9.6625316143e-01
8.6979192495e-01
-3.2153964043e-02
-4.5720392466e-01
-1.1755632162e+00
3.3213701099e-02
-1.6507038847e-02
8.2335360348e-02
3.2992821652e-03
-1.6557878256e-01
3.9009055495e-01
-6.1499555595e-03
6.7831462622e-01
3.4802800417e-01
3.9451774955e-01
-4.5415878296e-02
-9.7421973944e-02
-1.2519087642e-02
9.9708057940e-02
2.0771689713e-02
3.7109673023e-02
3.6037050188e-02
2.7700789273e-02
2.7932235971e-03
-7.9196672887e-03
1.0992894173e+00
-3.6227250099e-01
7.3118987493e-03
5.8213245869e-01
-2.9759320617e-01
-1.2044689804e-01
6.5655887127e-01
-2.2845824063e-01
-4.3498155475e-01
7.0311361551e-01
-9.6581518650e-01
-1.3867812157e+00
5.7477670908e-01
-1.2306262255e+00
-1.9694014788e+00
2.7007684112e-01
1.9088646770e-01
4.5006372035e-02
-3.9019802213e-01
2.0128829405e-02
8.7200844288e-01
3.2157877088e-01
-2.5449675322e-01
4.7970354557e-02
-1.1609472334e-01
-2.9832763597e-02
1.3698667288e-02
1.7628151923e-02
4.0906970389e-03
1.3260173611e-02
-1.5196478367e-01
-4.9325581640e-02
4.3154072016e-02
2.1535931155e-02
-6.6197238863e-02
-1.1139321327e+00
1.4699792862e-01
-2.1171851084e-02
-1.7035381794e+00
-1.1580830812e+00
-2.4747336283e-02
3.0574321747e-02
-2.7333761100e-03
-1.5939209610e-02
-4.6040650457e-02
3.0050493777e-02
4.0742415003e-03
2.8713425621e-02
-8.4115620703e-03
-5.5366624147e-03
1.3421837986e-01
9.9596463144e-02
-1.8070748076e-02
-4.0908120573e-02
7.2834035382e-03
-3.4960779548e-01
-3.4879609942e-01
-3.2726106048e-01
-1.4002136886e-01
-1.3481731527e-02
2.6207226515e-01
-6.5312975645e-01
1.3350954652e-01
-5.3776610643e-02
2.0820683241e-01
-1.0744730383e-01
3.6232137680e-01
-6.1547666788e-01
1.0677392036e-01
1.6428156197e-01
-2.6951873302e-01
3.3442955464e-02
-1.0772149563e+00
3.0524790287e-02
-3.6344197392e-01
-9.1258592904e-02
-3.0737015605e-01
1.4299478531e+00
-1.0575942993e+00
1.3394159079e+00
-1.5437133610e-01
1.5892986059e+00
8.2810901105e-02
-3.2718808651e+00
-1.2072509527e+00
-2.9037830234e-01
-1.0029416084e+00
1.4927326143e-01
-2.6176610962e-02
1.5428304672e-01
-3.4571405500e-02
-2.6883688569e-01
-3.4851896763e-01
-1.9808068871e-01
-8.9862875640e-02
-1.5539736748e+00
-1.9469839334e-01
1.2120739222e+00
-1.1698246002e+00
-4.1644194722e-01
4.5275908709e-01
-2.7340030670e-01
-8.5094416142e-01
-3.6387202740e+00
-1.8470234871e+00
1.8299396336e-01
-1.4684596658e-01
3.9845731854e-01
-4.3002414703e-01
-1.1184304953e+00
-5.9048116207e-01
-5.2923554182e-01
1.2156625986e+00
-3.4450447559e+00
-1.5488148928e+00
2.6210870743e+00
3.8596254587e-01
-2.5103285909e-01
-1.4782377481e+00
-1.9659185410e+00
3.8871267438e-01
-8.0943524837e-01
-1.4574413002e-01
3.6507913470e-01
3.2078659534e-01
1.2210718393e+00
7.7472305298e-01
5.7432407141e-01
1.7867937684e-01
1.0295622349e+00
1.6854010820e+00
-7.8660637140e-01
3.6953321099e-01
2.6263627410e-01
1.4598177671e+00
-9.4924336672e-01
-5.5932056904e-01
-3.5592770576e-01
-8.4701083601e-02
-1.2734426558e-01
7.4073962867e-02
-1.0195452720e-01
-1.6028548777e-01
5.6771999598e-01
4.8827043176e-01
-2.5360277295e-01
8.4428817034e-02
-1.2545511127e-01
-9.7299642861e-02
1.3806007802e-01
1.1944965124e+00
-1.4966884851e+00
1.1838180013e-02
-2.7120110393e-01
-1.9449513406e-02
-6.9001328945e-01
-3.4697666764e-01
-2.9890432954e-01
1.3668324053e-01
2.8668072820e-01
-6.8234479427e-01
8.6270846426e-02
-2.7567818761e-01
3.4853649139e-01
-1.1228399724e-01
9.5674127340e-01
-5.3218167275e-02
2.3171800375e-01
-1.1618267745e-01
-5.1721411943e-01
3.0914568901e+00
-5.6432008743e-01
1.4886927605e+00
-2.5426228046e+00
-3.5691859722e+00
-3.9894610643e-01
-3.1595546007e-01
1.3446458578e+00
-1.7983399630e+00
-6.4471518993e-01
-4.9924389459e-03
1.1222142726e-01
3.2509675622e-01
-1.3853716850e-01
-1.0870044678e-01
6.1978936195e-01
1.4283080399e-01
-8.7674103677e-02
1.0305172205e+00
5.5309265852e-01
3.5072094202e-01
-4.5911613107e-01
-2.2728057206e-01
3.7429523468e-01
-2.5237447023e-01
3.6097057164e-02
-6.9375795126e-01
-1.2070344687e+00
-1.7734236717e+00
1.2268449068e+00
-1.1772315502e+00
2.1792728901e+00
-4.7870275378e-01
-4.8907079697e+00
-2.7218146324e+00
-3.9122420549e-01
3.7594056129e-01
3.0424889922e-01
-1.0496056825e-01
-4.6361628920e-02
1.1783967912e-01
-1.0379558057e-01
2.0679090917e-01
-1.6864712536e-01
-6.3180379570e-02
9.5150804520e-01
1.4335685968e+00
-1.5720348358e+00
-2.0994105339e+00
-1.6161681414e+00
-1.4756333828e-01
-1.3967341185e-01
2.8719237447e-01
6.4384392463e-03
2.7650834993e-02
6.6019348800e-02
-6.8749338388e-02
5.4492098279e-03
1.4144620299e-01
1.3605436683e-01
1.3995292187e+00
-1.3963849843e-01
8.1656798720e-02
-1.0601700097e-01
2.7633365989e-01
8.8260501623e-01
-3.9728137851e-01
-2.6945587248e-02
-1.8169126511e+00
5.7233870029e-01
-1.4629729092e-01
-3.4593161941e-01
2.1743762493e-01
-2.7521380782e-01
1.4367676340e-02
-1.5851495788e-02
-5.5316323042e-01
2.5348562747e-02
-1.9555117190e-01
1.1294355392e+00
7.7759139240e-02
6.4238637686e-02
1.3920307159e+00
-1.0213053226e+00
-5.7665467262e-01
1.1908621341e-01
-6.9515210390e-01
5.0865364075e-01
2.2387312353e-01
7.9806494713e-01
1.3340685368e+00
-1.1670104265e+00
4.7532546520e-01
2.3604677618e-01
-3.4131732583e-01
3.7999835610e-01
3.5729181767e-01
-4.3034356833e-01
-2.2797180712e-01
2.7517268062e-01
9.8194241524e-01
6.5841871500e-01
-2.0414149761e+00
-1.5992805958e+00
-7.7255380154e-01
-8.2510501146e-01
3.5472133160e+00
1.3023614883e+00
-3.2159039974e+00
-4.8172574043e+00
-1.1072053909e+00
6.6995501518e-01
-5.0442892313e-01
-1.4793782234e+00
-1.3649121523e+00
-1.7918211222e-01
-1.0240934789e-01
2.3993463814e-01
-1.8420194089e-01
4.1385483742e-01
-2.5617781281e-01
-1.3805606961e-01
-2.3662342131e-01
3.1010663509e-01
8.6149588227e-02
8.8839329779e-02
-1.1161275953e-01
-5.1285815239e-01
2.5253224373e+00
5.2891546488e-01
-8.7816484272e-02
-1.1070510000e-01
-1.6025103629e-01
-1.6303314269e-01
-5.0403839350e-01
-2.1572978497e+00
-9.1293042898e-01
7.2564922273e-02
-1.3972377777e+00
-2.0213763416e-01
-7.6201486588e-01
1.8798900843e+00
1.6042324305e+00
-4.5368914604e+00
-3.2002151012e-01
1.0439256430e+00
-1.5775917768e+00
4.9758583307e-02
-2.8301194310e-01
-1.3980524242e-01
2.9740405083e+00
1.1297734976e+00
-1.8926130533e+00
-3.0511775017e+00
-2.7927703857e+00
1.6015496105e-02
3.7846416235e-01
-3.7715047598e-02
-7.7940799296e-02
1.1015789956e-01
-4.1977393627e-01
7.9622808844e-03
-1.5256331861e-01
-3.0449144840e+00
-3.6207976341e+00
1.3746528327e-01
-1.2636226602e-02
1.5395665169e-01
1.0486917198e-01
-4.0044587106e-02
-2.7568922043e+00
-1.0516390800e+00
-1.1560361385e+00
-1.5902544260e+00
-3.1474018097e+00
-5.8008903265e-01
3.3606588840e-02
-4.2409774661e-01
9.9262855947e-03
-4.1748639196e-03
-8.6539737880e-02
2.2368717194e-01
-7.9434865713e-01
3.5614141822e-01
5.7692849636e-01
4.5982748270e-01
5.9002292156e-01
-4.4350391626e-01
4.9434531480e-02
2.0731987432e-02
-2.1974487305e+00
-7.0006418228e-01
-9.0575325489e-01
-6.4121088982e+00
-2.3013734818e+00
-4.2434306145e+00
-2.4687180519e+00
-1.7916302383e-01
9.7754091024e-01
4.2598385811e+00
1.9591169059e-01
-1.9237686396e+00
-2.4354037642e-01
-1.5262654424e-01
9.2743968964e-01
-3.9079502225e-01
2.0634278655e-01
6.9174963236e-01
2.0205559731e+00
1.9071816206e+00
-4.6091035008e-02
-2.1564787254e-02
-4.1927572340e-02
3.3316116780e-02
-6.8378530443e-02
-7.1254575253e-01
-3.9125364274e-03
1.9265823066e-01
5.1146693528e-02
1.5410387516e-01
-1.3451647013e-02
3.8521874696e-02
4.6156975441e-03
8.5162296891e-02
1.0177583434e-02
-1.2927967310e-01
7.8566384315e-01
6.1205279827e-01
1.8787710369e-01
-3.0287953094e-02
9.1346085072e-02
1.1495132931e-02
-2.8876814991e-02
1.7192798853e-01
-1.3358569145e-01
1.3886247762e-02
5.2967768908e-01
-2.1884487569e-01
-3.5339421034e-01
1.2381414324e-01
-7.2802931070e-02
-1.6009430587e-01
-2.0647589862e-01
1.1534401029e-01
6.1176024377e-02
5.1012028009e-02
-3.0081772804e-01
1.9085630774e-01
-2.1264446899e-02
-2.1863314509e-01
1.7597800493e-01
-1.5746881068e-01
6.4292199910e-02
-5.1062208414e-01
-5.0476598553e-03
-7.9439759254e-01
4.0507707000e-01
3.9422761649e-02
-3.8618558645e-01
5.8841686696e-02
1.5092012286e-01
-7.7323317528e-02
-5.5757187307e-02
-6.1937369406e-02
1.4000085182e-02
-4.7013752162e-02
7.4487112463e-02
-3.1972798705e-01
-4.1388243437e-01
4.6782743931e-01
-4.7433173656e-01
-8.8295973837e-02
-6.6360030323e-03
6.7835021019e-01
-7.9802709818e-01
3.0194547772e-01
3.0949604511e-01
2.6486758143e-02
1.5855216980e-01
-9.1090619564e-02
4.0779650211e-02
-1.5858559608e+00
5.5348724127e-01
7.8323870897e-01
3.1250510365e-02
4.5652538538e-01
2.7430179715e-01
5.5753599852e-02
-4.9870055169e-02
3.4400981665e-01
-1.5125457942e-01
2.8424220160e-02
-6.6361948848e-02
6.7423880100e-03
-8.9935988188e-02
-2.1506060660e-01
7.5967656448e-03
1.1706674099e-01
2.5935214758e-01
7.3444150388e-02
-1.4585542679e-01
-2.5448176265e-01
-7.1798251010e-03
2.0704847574e-01
-2.0426532626e-01
-6.7593693733e-02
8.5791155696e-02
5.8373475075e-01
6.4325141907e-01
4.7649163008e-01
2.2774673998e-02
-2.8669871390e-02
1.2690511346e-01
-4.5445393771e-02
2.6384460926e-01
5.9894001484e-01
2.3510158062e-01
-2.8077003360e-01
-1.8068557978e-01
-4.3908071518e-01
-1.8632549047e-01
-7.1159762144e-01
3.0552536249e-01
-2.7556699514e-01
5.4627183825e-02
-2.8178790212e-01
1.0300842114e-02
1.7292942107e-01
1.5091772377e-01
-1.3371048868e-01
1.1705898494e-01
-4.8391690850e-01
4.7867521644e-02
6.3912808895e-01
-7.6097428799e-02
1.6936111450e+00
2.0455272198e+00
-2.8498172760e+00
-1.1621748209e+00
-3.9287474006e-02
-4.1458949447e-01
2.1723483503e-01
-9.7298085690e-02
7.8107915819e-02
-1.1518935114e-01
-6.6316895187e-02
3.6527866125e-01
-3.4681344032e-01
-1.0764051229e-01
-3.3696806431e-01
-5.9210270643e-01
-2.1076662838e-01
-5.8144623041e-01
2.4767820537e-01
2.7347704768e-01
-2.3168940842e-01
2.6248337701e-02
-2.4315875024e-02
-7.3106368072e-03
5.0275247544e-02
-6.6655939817e-01
7.2421193123e-02
-5.8528727293e-01
-4.0763620287e-02
-1.1634266376e+00
1.2880015373e-01
-2.1886935830e-01
-3.5603672266e-01
-2.1180751920e-01
-5.0478982925e-01
-8.3769649267e-02
-2.2792100906e-01
-1.0429403931e-01
3.6388042569e-01
1.6024355590e-01
8.1126905978e-02
2.6793652214e-03
-4.9636521935e-01
-3.2757216692e-01
1.4679118991e-01
1.3649655879e-01
-3.3870065212e-01
-1.8914420903e-01
-1.4497004449e-01
-5.5004071444e-02
-5.0263959914e-02
-4.6650398523e-02
-1.8289506435e-01
-3.5529881716e-02
8.0033309758e-02
5.2106487565e-03
-1.4734422788e-02
2.6485651731e-02
-4.4485639781e-02
-2.5387419388e-02
-2.9816999435e+00
1.8891332150e+00
-1.5153014660e+00
-6.1724157333e+00
-1.7526929379e+00
6.8088537082e-03
-7.6212631539e-03
-2.2756831720e-02
2.1556833386e-01
-2.9665583745e-02
-5.2401804924e-01
-3.8973933458e-01
1.3433718681e-01
1.7465730011e-01
2.8881074861e-02
-6.5533814430e+00
-5.5862388611e+00
-5.1028308868e+00
1.5843734741e+00
-7.8392505646e+00
4.3710640073e-01
-2.8482621908e-01
-3.3504733443e-01
-2.1913893521e-01
-2.4510961771e-01
3.3005345613e-02
2.1663431544e-03
-5.1538944244e-02
2.9315365478e-02
-1.9306009635e-02
3.2090187073e-01
-9.0663522482e-01
1.0785171986e+00
-1.0416269302e+00
9.9062961340e-01
-7.3164440691e-02
7.5431481004e-02
-8.1074638292e-03
1.7352488637e-01
7.9333215952e-02
3.0510452390e-01
-1.1466628313e-01
1.3114607334e-01
-7.9089678824e-02
-7.6646232046e-03
2.3964883387e-01
5.8370029926e-01
2.0730803907e-01
-1.0644772649e-01
7.1127028205e-03
1.4902875423e+00
2.3450992107e+00
-9.2773205042e-01
-2.9829313755e+00
-1.7671591043e+00
1.5413516760e-01
9.4423018396e-02
9.2969395220e-02
1.2258753181e-01
-4.1872221231e-01
-7.2416722775e-01
-3.9230081439e-01
2.0146997122e-04
-1.6333383322e-01
-1.7421288788e-01
5.6724059582e-01
1.4612121880e-01
-5.0940988585e-03
-7.6355122030e-02
-1.1205390841e-01
1.6492617130e-01
1.2775862217e-01
8.5293697193e-03
-8.4430538118e-02
-1.3055827003e-03
7.6230771840e-02
-1.1570911407e+00
9.0203315020e-02
-3.0769541860e-01
7.2350496054e-01
4.7807682306e-02
-1.6738815606e-01
-5.2382457256e-01
1.9148838520e-01
-2.3604328930e-01
-2.1695227623e+00
-4.0237135887e+00
-4.8930320740e+00
-4.0540385246e+00
-5.3145904541e+00
7.1658384800e-01
-4.4173738360e-01
-3.0091100931e-01
7.6379436255e-01
3.9493087679e-02
4.0192732215e-01
-4.2791023850e-01
3.3568447828e-01
6.0107517242e-01
4.8253494501e-01
-6.7222758662e-04
-6.4414732158e-02
1.3097785413e-01
1.6702070832e-02
-2.0293362439e-01
6.3484489918e-02
4.9788650125e-02
1.2656620145e-01
1.2519203126e-01
1.6548353434e-01
6.8610459566e-01
1.4772968292e+00
-6.4385110140e-01
-1.2752106190e+00
-1.3838763535e-01
-6.0992229730e-02
-1.9376561977e-03
1.3210260868e-01
-8.7982669473e-02
-2.8203070164e-01
8.3491772413e-02
-4.4632125646e-03
-5.9439051896e-02
3.3991377801e-02
-6.5727606416e-02
1.5069818497e-01
-1.1247754842e-01
-3.2126955688e-02
-3.1263601780e-01
-1.5446801484e-01
-1.1318679899e-01
-7.6051855087e-01
-1.8388981000e-02
-2.3806926608e-01
4.1207361966e-02
-1.3968554139e-01
-5.7197481394e-01
-6.5849870443e-01
-2.3388983309e-01
2.4788488448e-01
1.4862251282e-01
3.7292701006e-01
9.5666185021e-02
-6.2817877531e-01
-1.1674755812e-01
1.0213683844e+00
-6.0181474686e-01
-6.7014235258e-01
-2.0422594622e-02
-3.5003401339e-02
2.2428606451e-01
-5.0663232803e-01
-1.6894716769e-02
3.1324914098e-01
4.0231987834e-01
3.3910626173e-01
7.7366876602e-01
1.4664243460e+00
2.1430940628e+00
9.5259338617e-02
1.7517372966e-01
1.1211706400e+00
5.5240279436e-01
2.7535498142e-01
8.4346346557e-02
-1.3856795430e-01
-1.4050347731e-02
3.9212261327e-03
-1.3563400507e-01
1.8752131611e-02
-2.7925473452e-01
4.0487316251e-01
-5.0948113203e-01
1.4265750647e+00
-8.9644253254e-02
-1.3003635406e+00
-4.0180280805e-01
-5.1082991064e-02
5.0464469194e-01
-4.6162033081e-01
-8.8521707803e-03
-2.6130110025e-02
-3.2210266590e-01
-2.2166407108e-01
-6.9958806038e-01
4.8364958167e-01
3.7943392992e-01
-2.4049682617e+00
-1.2943269014e+00
-2.7299585342e+00
-2.9185221195e+00
-3.4363775253e+00
-1.1389569044e+00
8.5187566280e-01
5.9133452177e-01
3.6244046688e-01
6.3794058561e-01
-1.2290938199e-01
3.8686418533e-01
-2.2964537144e-01
3.8293972611e-01
-5.5193656683e-01
3.7891769409e-01
1.7120534182e+00
6.8735682964e-01
-9.0469920635e-01
1.0295076370e+00
-9.2720633745e-01
-7.5524449348e-01
7.9167759418e-01
-1.1575178802e-01
-2.7907338738e-01
-6.9842815399e-02
1.4198361337e-01
-1.4892628789e-01
6.2522456050e-02
1.4985461533e-01
-4.6887224913e-01
1.2297348678e-01
-1.0581951141e+00
3.2550328970e-01
1.2205307372e-02
-1.6138176620e-01
7.1268910170e-01
3.8108712435e-01
8.7557423115e-01
3.0191087723e-01
2.2425377369e-01
1.4953030646e-01
-1.0889487714e-01
2.3188675940e-01
4.2044430971e-01
9.3820756674e-01
1.1683544144e-03
-7.7194817364e-02
-4.3862199783e-01
-4.2381301522e-01
1.4441616833e-02
-9.9979586899e-02
4.2037522793e-01
1.5742534399e-01
3.5203732550e-02
3.6168450117e-01
2.0277464762e-02
-3.1715333462e-01
2.7970213890e+00
5.1610965729e+00
2.1659221649e+00
3.1776821613e+00
1.4599941969e+00
-2.0196743011e+00
-1.6581907272e+00
2.6572489738e-01
1.8873567581e+00
8.6725485325e-01
-1.2963405252e-01
-1.8227101862e-01
-1.9167260826e-01
-2.1960645914e-01
-9.7752185538e-03
-7.1236770600e-03
3.7521037459e-01
5.2086168528e-01
-9.4528740644e-01
4.6556788683e-01
1.2960100174e-01
5.6657600403e-01
6.1334067583e-01
-2.6792186499e-01
-1.1934337020e-01
-1.5737107992e+00
-5.2846093178e+00
-1.5028617382e+00
8.5023945570e-01
5.3376728296e-01
7.2669528425e-02
-2.8610520363e+00
-5.2221879959e+00
-2.3491702080e+00
-7.5397658348e-01
1.7449040711e-01
2.5777482986e-01
4.4228124619e-01
6.3877403736e-02
5.7448387146e-02
-3.5380974412e-01
9.7764097154e-03
-8.6724571884e-02
3.2188668847e-01
-2.3755538464e-01
1.4752368927e+00
-9.1259650886e-02
-1.8233400583e-01
-7.5263470411e-01
-4.5302554965e-01
3.8447844982e-01
7.0357733965e-01
8.0385625362e-02
-4.2353570461e-02
8.8543415070e-01
5.8715963364e-01
-1.0574492812e-01
-1.1113528162e-01
1.8713518977e-02
-2.8863170743e-01
1.4712846279e+00
5.9273469448e-01
2.9828145504e+00
3.1919465065e+00
3.3876957893e+00
2.7709040791e-02
7.4273830652e-01
-1.0724080801e+00
4.5946545899e-02
-2.8125330806e-01
3.4113553166e-01
-6.2407892197e-02
6.0539156199e-01
7.2967767715e-01
1.0574744642e-01
-4.6834680438e-01
3.4560152888e-01
6.1675757170e-02
-4.5938607305e-02
-1.4592493773e+00
-1.1319669485e+00
8.2705956697e-01
8.0161750317e-01
2.2504918575e+00
-2.2694874555e-02
1.8958976269e+00
3.2214972377e-01
2.1131883562e-01
-4.3634265661e-01
4.4510394335e-01
2.6259779930e-01
1.4016251564e+00
2.9661399126e-01
8.6859190464e-01
3.7634372711e-01
3.4853777289e-01
2.9079008102e-01
-1.8432414532e-01
-5.2306022495e-02
-9.1882544756e-01
-1.1797814369e+00
-1.7196470499e-01
-1.8998360634e+00
-8.1228816509e-01
-1.6649547815e+00
6.5034174919e-01
1.5119830146e-02
-1.0155559778e+00
3.3672568798e+00
-1.3856867552e+00
7.3191875219e-01
8.5157513618e-01
1.1060084105e+00
-9.3431081623e-03
1.7909392118e+00
-8.1215107441e-01
-5.7156240940e-01
-3.8740672171e-02
4.4008764625e-01
9.7471356392e-02
6.2209084630e-02
-5.2758222818e-01
-3.0993098021e-01
-8.7774597108e-02
-5.1590394974e-01
1.8615672365e-02
4.4745671749e-01
-2.6851272583e-01
-6.0778860003e-02
-3.4086877108e-01
-3.4902474284e-01
4.5308991685e-04
7.0786662400e-04
-2.5402384996e-01
-2.4224600196e-01
-3.5675177574e+00
-1.1483877897e+00
-1.0297430754e+00
1.8842529058e+00
1.1772612333e+00
6.6757345200e-01
9.6559393406e-01
2.5619678497e+00
1.5333148241e+00
1.0043308139e-01
7.4325239658e-01
1.5504050255e+00
7.1624636650e-01
3.1843802333e-01
-2.4102276191e-02
-1.0957421064e+00
3.9014437795e-01
-7.4631911516e-01
-1.0520938635e+00
-3.1605911255e+00
1.7565689981e-01
1.8419396877e-01
5.7071489096e-01
5.2448749542e-01
5.2115559578e-01
-2.6621592045e+00
-2.3130757809e+00
-1.6073842049e+00
-7.9509997368e-01
4.4935294986e-01
-2.0655961335e-01
9.7132615745e-02
-5.2162343264e-01
1.2512700260e-01
1.3584887981e-01
1.2554943562e+00
8.3358067274e-01
1.6844476461e+00
-5.9107309580e-01
3.6271214485e-01
4.1107478738e-01
2.0934766531e-01
4.0620288253e-01
-1.3839781284e-01
-5.2870595455e-01
5.3511798382e-01
-4.6577984095e-01
-5.0066268444e-01
-1.3883631229e+00
1.8936708570e-01
2.2710961103e-01
4.0260817856e-02
5.0440615416e-01
-2.6129648089e-01
-1.5940632671e-02
-1.9185377359e+00
-4.5383501053e-01
-1.4942477942e+00
-2.0343122482e+00
-2.7879421711e+00
4.8653502464e+00
2.9223699570e+00
1.9692736864e+00
7.1493363380e-01
2.7058885098e+00
4.2693033814e-01
2.1623313427e+00
1.2701461315e+00
1.0974318981e+00
6.1641621590e-01
-1.4497731626e-01
2.5686850548e+00
3.9943039417e-01
-2.3646497726e+00
7.4603468180e-01
-8.9245200157e-02
-1.9057886302e-01
-6.4052402973e-02
-6.8872377276e-02
-4.6929232776e-02
3.6418184638e-01
-1.7671068013e-01
1.4575596899e-02
-5.2150063217e-02
1.3282129169e-01
-4.3547701091e-02
-1.7005994916e-01
-2.3528887331e-01
-8.1625923514e-02
-9.5429364592e-03
2.6491373777e-01
7.9583853483e-01
4.0987759829e-01
4.3865823746e-01
7.9673391581e-01
2.5799248368e-02
-5.2431665361e-02
2.5739859790e-02
-1.3784122467e-01
-2.5403058156e-02
8.1575907767e-02
4.9100759625e-01
2.4136967957e-01
-2.1571911871e-01
4.5330694318e-01
-1.7749188840e-01
1.0826616548e-02
-1.7885084450e-01
-3.7613566965e-02
1.9475353882e-02
2.0854502916e-01
1.5774171054e-01
-2.2501164675e-01
-1.1509639770e-01
-2.7767378837e-02
-1.2952394783e-01
1.6770716012e-01
-2.6637807488e-01
3.4143275023e-01
-1.0635952652e-01
7.8409934044e-01
2.8389382362e-01
5.2250236273e-02
6.5295916796e-01
1.1315575838e+00
-3.4014973044e-01
-1.1281739175e-01
-3.9876017720e-02
1.0627303272e-02
1.5621292591e-01
-1.1316379905e-01
-7.7132798731e-02
2.1452227235e-01
-1.0379496962e-01
-3.5616418719e-01
-3.0147236586e-01
-4.3251878023e-01
-7.0740371943e-02
-5.2142667770e-01
2.5818520784e-01
7.7006570995e-02
8.0212056637e-02
4.0752034634e-02
6.3025087118e-02
1.2225626968e-02
2.7005352974e+00
2.4966833591e+00
1.7024022341e+00
-1.9160409272e-01
2.4840188026e-01
-6.0024267435e-01
-5.3485113382e-01
-5.9753954411e-01
3.7838887423e-02
-6.5126127005e-01
8.8871255517e-02
-3.9239618927e-02
1.6770923138e-01
1.6351050138e-01
-2.8862515464e-02
-7.7565029263e-02
-3.2030668855e-01
2.5292107463e-01
-6.0136699677e-01
9.0006075799e-02
-2.9087545350e-02
2.7298590541e-01
5.0521016121e-01
-2.8521604836e-02
3.0974394083e-01
-1.1000345647e-01
-5.6869253516e-02
1.6774801910e-01
3.6056411266e-01
9.6300017834e-01
1.1596059427e-02
8.6143903434e-02
-7.0650987327e-02
-1.9450033084e-02
-1.1241531372e-01
-2.1941602230e-01
-2.1597535908e-01
-5.8360707760e-01
5.4249536246e-02
-1.0065533221e-01
3.1224137172e-02
-2.8688305616e-01
-1.3830849528e-01
-1.3210307062e-01
2.0035292208e-01
-7.7720776200e-02
-4.7363679856e-02
1.3894854486e-01
-6.5937355161e-02
1.9649824128e-02
5.9311002493e-02
4.0596628189e-01
5.6601917744e-01
1.3789297640e-01
-1.4297841489e-01
3.8488623500e-01
3.8606941700e+00
2.9601204395e+00
-7.5645703077e-01
-9.4352340698e-01
-3.7550839782e-01
2.4422056973e-01
-7.9487070441e-02
1.0378848761e-01
2.8453532606e-02
3.2307586074e-01
1.1048974842e-01
5.5029100180e-01
3.8303821348e-03
-2.7488985658e-01
-1.6294701397e-01
7.2164016962e-01
7.4571684003e-02
-8.8140147924e-01
1.4356537163e-01
1.7087021470e-01
-9.9441073835e-03
-1.2204857916e-01
-1.0463998467e-01
-1.3591615856e-01
4.3118470907e-01
-1.2306965590e+00
2.5806042552e-01
6.6576647758e-01
4.1568261385e-01
-7.7723033726e-02
-1.1101836339e-02
4.2325761169e-02
4.8150762916e-01
2.6946341991e-01
5.8817464113e-01
-3.4573298693e-01
-5.7603302412e-03
-5.9874445200e-02
9.4393119216e-02
-3.0935531855e-01
-2.9581731558e-01
-1.9617547095e-01
1.2024936825e-01
2.0861247182e-01
1.1620923877e-01
2.1112813056e-01
1.0153130442e-01
-1.3245717622e-02
-3.5925030708e-02
8.1212386489e-02
6.0696923174e-04
1.2959789485e-02
-1.7396634817e-01
8.7869845331e-02
-2.2687071562e-01
2.3434802890e-02
2.2587018088e-02
-4.3769419193e-02
-6.7276030779e-02
4.2489471436e+00
2.3993988037e+00
2.7273707390e+00
2.8833895922e-01
-1.4769295454e+00
-6.4477577806e-02
-3.1671965122e-01
2.5332417339e-02
7.5073713064e-01
-1.8781222403e-01
4.3086305261e-01
6.2343323231e-01
7.9472744465e-01
-2.1677671373e-01
1.1127437353e+00
-6.4050668478e-01
-8.8680305481e+00
-1.0206470490e+01
-5.9291024208e+00
-6.1636557579e+00
5.5204983801e-02
-3.0879750848e-01
9.2749133706e-02
1.7697727680e-01
-1.9077032804e-02
-1.0143593699e-01
-3.5920247436e-02
9.5989942551e-02
2.3039080203e-02
-1.3830417767e-02
-3.8758754730e-01
1.1008102894e+00
-5.4241847992e-01
-1.3585874438e-01
1.3632717729e-01
6.2491472811e-02
-2.7576903813e-03
-1.1584563553e-01
-6.8996049464e-02
-1.5490384772e-02
-4.9857047200e-01
1.5975545347e-01
-3.2887628675e-01
-3.7241965532e-01
5.2872605622e-02
-3.6251288652e-01
-1.4329104125e-01
-2.5460433960e-01
-5.5545175076e-01
7.3029953241e-01
2.7436437607e+00
1.7870230675e+00
6.0161762238e+00
4.4087605476e+00
4.1847929955e+00
4.3799676001e-02
1.7144764960e-01
-1.3313299417e-01
-3.3872517943e-01
-3.8814708591e-01
-3.4378507733e-01
5.8077611029e-02
2.9408332705e-01
1.6941960156e-01
1.1382689327e-01
-4.9198403955e-01
-6.9917030632e-02
-2.2325721383e-01
-2.0208056271e-01
-1.8737232313e-02
-5.4413277656e-02
1.1415967345e-01
1.3681140542e-01
3.0451841652e-02
-1.4089702070e-01
1.4060460329e+00
1.2529610395e+00
3.7833553553e-01
6.7781972885e-01
1.6123141348e-01
-5.7814294100e-01
-5.4307049513e-01
3.5820238292e-02
-8.8744711876e-01
-4.4109232724e-02
-2.1254985332e+00
-3.5705883503e+00
-4.4851040840e+00
-5.2822990417e+00
-8.9576387405e+00
1.2721705437e-01
1.9013679028e-01
-1.8627516925e-01
-8.3032175899e-02
2.5093728304e-01
6.4206665754e-01
1.7037515640e+00
7.7975457907e-01
2.7547129989e-01
6.0866445303e-01
-7.0116452873e-02
-1.1442796886e-01
-1.2076929212e-01
1.5493127704e-01
-2.3599140346e-01
-1.0778386891e-01
-9.1949626803e-02
-1.0234334506e-02
-1.6790579259e-01
1.7076422274e-01
7.9365873337e-01
2.8388273716e+00
2.1389362812e+00
2.5456476212e+00
2.4943223000e+00
-5.7537097484e-02
-9.4268850982e-02
-7.0473328233e-02
-5.6231752038e-02
-3.0463191867e-01
2.6271192357e-02
-1.0884787142e-01
6.1749406159e-02
-1.8383486569e-01
-7.9315543175e-02
-1.7185477540e-02
-4.1216883063e-01
-1.6625346243e-01
-2.8691930696e-02
-2.0747385919e-02
1.2486895919e-01
3.1134603545e-02
-3.6209814250e-02
-3.8072802126e-02
3.4415341914e-02
-1.1150295846e-02
-3.6041682959e-01
5.7165527344e-01
-2.3599261418e-02
-1.4724814333e-02
1.0439435393e-01
-1.1075118557e-02
-3.4854844213e-01
-3.2075595856e-01
-2.7225954458e-02
1.3419661522e+00
-6.6171896458e-01
-8.5338211060e-01
-4.9663379788e-01
1.8499357998e-01
-1.4236538112e-01
-1.8703164160e-01
4.4755747914e-01
-7.0524221659e-01
7.4599534273e-01
4.0058696270e-01
-1.2848823071e+00
1.8338845968e+00
-1.1152650118e+00
-1.0448361933e-01
-1.9623842090e-02
-4.4584929943e-01
-3.0900986865e-02
9.0523570776e-02
-9.0784475207e-02
-1.0896790773e-01
-7.8362986445e-02
2.1759246290e-01
6.5170519054e-02
-7.3420256376e-02
1.6073340178e-01
-3.4835466743e-01
7.4156463146e-01
-6.7014759779e-01
2.1718335152e-01
2.7670350671e-01
-1.7802419662e+00
2.8872865438e-01
-1.5733376145e-01
3.6536645889e-01
-1.7151381820e-02
1.3176739216e-01
1.1189074069e-01
-1.0013633966e-01
3.4077693708e-03
7.1113049984e-01
-4.9522668123e-01
-1.0883116722e-01
-2.4565315247e+00
-1.5616004467e+00
1.7454759777e-01
2.1478778124e-01
1.2759542465e+00
-6.4265000820e-01
3.5658192635e-01
3.0525408685e-02
-4.6618353575e-02
-2.0394426584e-01
-5.4148424417e-02
2.1310079843e-02
5.9587534517e-02
-1.1804834753e-01
5.0772953033e-01
-4.0647155046e-01
2.6737344265e-01
2.9687914252e-01
-1.0565999746e+00
-9.1956235468e-02
1.0780701637e+00
1.7255200446e-01
-6.5292710066e-01
6.0101807117e-01
-1.1703754216e-01
-8.0569319427e-02
-1.5034322627e-02
1.3687570393e-01
3.2125136256e-01
5.9076443315e-02
-3.1284928322e-01
-1.4563417435e-01
-1.1184317619e-01
2.2265987471e-02
-9.4141319394e-02
-4.4378571212e-02
1.8256079406e-02
-3.2146674395e-01
7.0028722286e-01
-1.5586635470e-01
-2.2877453268e-01
-9.8120979965e-02
3.8326598704e-02
1.3144503534e-01
-1.0068371892e-01
-2.8096756339e-01
-6.6130131483e-02
2.3943281174e-01
-1.7896242440e-01
1.9097329676e-01
1.1233749986e-01
-4.8372372985e-02
-8.1186041236e-02
8.5859343410e-02
-3.8957942277e-02
-1.6145382077e-02
2.1973993629e-02
2.8255498409e-01
-9.0000569820e-02
2.3288419247e+00
-2.7643778324e+00
2.1749828756e-01
4.1351994872e-01
2.7309951186e-01
8.1307256222e-01
-8.8753104210e-01
6.2454444170e-01
1.1503824592e-01
1.3159049675e-02
-4.1893072426e-02
-4.0290318429e-03
-2.7492100373e-02
1.3410978019e-01
-2.5327581912e-02
-3.0969762802e-01
5.5112195015e-01
-2.3961925507e-01
4.5819678903e-01
2.1624960005e-01
-1.9839072600e-02
-9.3070864677e-02
-3.9813838899e-02
1.1754994392e+00
-2.8233501315e-01
7.0137917995e-01
-1.4280437231e+00
2.1059787273e+00
5.1937490702e-01
-6.0549336672e-01
2.0929090977e+00
-8.9903390408e-01
5.2843493223e-01
-4.4544257224e-02
-9.1347329319e-02
8.4179736674e-02
2.1814424545e-02
2.3895339109e-03
9.5199316740e-02
2.0381318405e-02
9.4739668071e-02
-6.2265064567e-02
-4.4426497072e-02
2.1367020607e+00
-2.5207934380e+00
3.8099792600e-01
-2.8681662679e-01
2.2561954334e-02
3.5753689706e-02
-9.7654750571e-03
3.0277924612e-02
-2.4674247950e-02
-5.6081585353e-04
-2.4063317105e-02
1.3491782593e-03
-8.3543427289e-02
4.1181421839e-03
-3.4476626664e-02
5.1795434207e-02
-1.7528983951e-01
-5.5674105883e-02
-1.0721740723e+00
6.7701166868e-01
1.1882122755e+00
5.1946508884e-01
-2.6756766438e-01
-1.5480813980e+00
2.1049020290e+00
-3.6999344826e-01
1.1930472218e-02
6.7508846521e-02
1.8322010338e-01
3.0228051543e-01
-3.7418816239e-02
8.1297829747e-03
-3.5835307091e-02
5.9594798088e-01
-2.6246267557e-01
1.5459474921e-01
-1.2350916862e-01
8.4260165691e-01
-5.0595968962e-01
-6.0214936733e-01
-7.7723577619e-02
-6.1400824785e-01
6.4056241512e-01
-1.1546043158e+00
1.3792015314e+00
1.8956281245e-02
-3.2258597016e-01
7.7982127666e-02
-1.8741218746e-01
-1.8206531182e-02
1.3116925955e-02
-3.7356771529e-02
1.1889204383e-01
-7.7643029392e-02
2.4211207405e-02
1.4922819138e+00
-2.5309004784e+00
7.3514258862e-01
-1.0420479774e+00
7.2932237387e-01
1.4254556894e+00
-1.9338330626e-01
1.6941610575e+00
-9.3476051092e-01
-2.6470893621e-01
2.8484547138e-01
-1.1766185760e+00
7.6891046762e-01
-3.9439728856e-01
5.2483105659e-01
1.4532499015e-01
-2.1702760458e-01
2.7880275249e-01
-2.0290410519e-01
-1.9309069216e-01
8.9346021414e-02
-3.1726315618e-02
1.7654949625e-04
2.9831075668e-01
-3.2705508173e-02
1.6106523573e-01
-1.1837353557e-01
-4.5132112503e-01
1.2641398907e+00
-2.5284590665e-03
6.2508337200e-02
-5.5978372693e-03
4.1415762156e-02
2.7631975710e-02
-3.3387374133e-02
-5.0226761959e-03
2.6463167667e+00
-1.4618320465e+00
1.5131828785e+00
-8.6882448196e-01
-5.8252394199e-01
5.4556202888e-01
-1.6742782295e-01
-6.0804033279e-01
1.2250238657e+00
5.0554031134e-01
-2.6825037599e-01
-7.1568667889e-02
1.4810977876e-01
-5.7245172560e-02
1.0209993124e+00
1.0393705368e+00
5.6582856178e-01
-1.8600027263e-01
-2.2424657345e+00
-8.2925576717e-03
-2.4415187538e-02
3.8412827998e-02
-1.1573881842e-02
4.2705539614e-02
2.5555205345e-01
-1.7535005808e+00
2.3952169418e+00
-1.7385157347e+00
1.1320496798e+00
-2.6224674657e-02
8.5051760077e-02
1.5042491257e-01
6.9575794041e-03
-1.6919107735e-01
7.2098815441e-01
1.5073069334e+00
-6.5204226971e-01
-2.0939407349e+00
2.2968847752e+00
-2.9564095661e-02
-2.1731372923e-02
-7.1347326040e-02
7.3059305549e-02
-6.4242564142e-02
-5.3009998798e-01
3.4335926175e-01
-1.4237773418e-01
5.0799604505e-02
-3.1435218453e-01
3.3957150578e-01
-7.7602207661e-02
-1.4671181142e-01
-7.9241827130e-02
-8.1250958145e-02
1.3278870583e+00
-2.0608148575e+00
4.7355210781e-01
-1.7510925531e+00
1.0287306458e-01
1.6952773333e+00
1.8548606634e+00
-3.3746594191e-01
2.0572626591e+00
1.4376491308e+00
2.9912725091e-01
1.2844297886e+00
-2.7861332893e-01
-3.4462890029e-01
1.3751837425e-02
-2.0398078859e-01
-9.2109835148e-01
-4.5605230331e-01
7.5522094965e-01
7.5679761171e-01
2.7599092573e-02
3.3249396831e-02
-2.0750879776e-03
8.1447241828e-03
3.7837296259e-03
-2.4942565709e-02
-1.5703304112e-01
2.5643084198e-02
-5.1017452031e-02
-7.2464533150e-02
-6.2400460243e-02
8.6350394413e-03
-6.2409941107e-02
-2.7461744845e-02
-2.2991811857e-02
2.2489735484e-01
-3.6055853963e-01
8.7882094085e-02
-6.8661928177e-01
1.7656861246e-01
2.0924178883e-02
-3.7694323808e-02
-7.8563150018e-03
-9.3783281744e-02
-9.3043446541e-02
2.3594406247e-01
2.4432311952e-01
-1.2057355791e-01
-1.0645613074e-01
1.6401714087e-01
-2.4672290310e-02
-7.9818509519e-02
1.4944503084e-02
-7.2954553179e-03
-2.7157681063e-02
-7.4249036610e-02
-2.4456134066e-02
-4.9922972918e-02
-4.9610588700e-02
-4.3396256864e-02
-3.1149268150e-02
-8.1275418401e-02
-3.2081868500e-02
1.7334671319e-01
-7.7291563153e-02
3.6036694050e-01
1.3470612466e-01
-3.6635708809e-01
-2.7837336063e-01
-1.9761413336e-01
1.7867511138e-02
2.8906723484e-02
4.2420543730e-02
1.0542713106e-02
-2.4871086702e-02
-3.3323478699e-01
-3.0523008108e-01
5.1170814782e-02
1.2607313693e-01
2.4534325302e-01
5.9595537186e-01
3.6137521267e-01
3.1279367208e-01
-2.6727563143e-01
5.5672711134e-01
-5.7353130542e-03
1.1859389395e-01
-9.3663021922e-02
-7.0799782872e-02
-4.3298792094e-02
1.4621645212e+00
-1.3638780117e+00
-5.4044264555e-01
2.0909138024e-01
-2.9955280945e-02
2.3036915064e-01
8.2342304289e-02
1.3615159690e-01
2.8662547469e-01
6.2748849392e-02
-3.2980195247e-03
4.9449514598e-02
2.7474036440e-02
7.1626636200e-03
-3.4646096174e-03
-4.3439537287e-01
3.9394652843e-01
-2.4575997889e-01
7.0721477270e-02
-2.4284216762e-01
-1.5750249848e-02
-1.8114788830e-01
3.3930458128e-02
2.8054502606e-01
-6.1923217773e-01
5.6559864432e-02
9.0738207102e-02
-1.4752404392e-01
-1.5070885420e-02
-1.7209963500e-01
-2.2407058626e-02
5.7120207697e-02
4.1024636477e-02
3.2303109765e-02
-2.5318501517e-02
-8.3202801645e-02
1.0015829653e-01
-3.7112548947e-02
-5.3418073803e-02
-5.6496147066e-02
-1.9189883769e-01
6.2502108514e-02
-3.2603183389e-01
-1.3791854680e-01
8.4670431912e-02
-1.9261652231e-01
-5.9082031250e-02
-2.1842919290e-02
1.8549948931e-02
2.7021111920e-02
8.6910404265e-02
-3.2862931490e-02
1.9170731306e-01
1.6384841874e-02
-4.7966787219e-01
5.0569577217e+00
2.4263639450e+00
-1.2790752649e+00
-9.3599307537e-01
-3.3066492081e+00
6.9828860462e-02
-6.1079687439e-03
-8.2265660167e-03
1.4805452665e-03
1.3194101863e-02
7.2408214211e-02
1.2162207812e-01
1.3559702039e-01
6.8953260779e-02
1.8877872825e-01
-6.3375991583e-01
-5.3495340049e-02
9.6902891994e-02
3.8584396243e-01
2.7824807167e-01
1.3715226203e-02
6.1653103679e-02
3.9589818567e-02
-1.6387706622e-02
-4.0542781353e-03
-1.9159339368e-01
7.4226051569e-01
9.4750040770e-01
6.3856571913e-01
-2.6423949003e-01
1.0255390406e-01
1.2102168798e-01
-6.7527815700e-02
1.6973261535e-01
3.1954243779e-01
1.2460764498e-01
-3.2671582699e-01
2.9404465109e-02
1.4026446640e-01
4.1089568287e-02
2.6189610362e-01
-1.6894873977e-01
1.4502420090e-02
2.6465970278e-01
2.4470433593e-01
4.5128525235e-03
-8.9774459600e-02
1.0781498998e-01
5.2192013711e-02
9.4362564385e-02
-2.4848310277e-02
2.4493480101e-02
8.8663473725e-03
-3.4135673195e-02
3.4552272409e-02
2.8745468706e-02
-1.9451178610e-02
-2.6799404994e-02
-1.6110779718e-02
-4.1009988636e-02
4.8046898842e+00
2.2439937592e+00
1.3370563984e+00
-1.6209990978e+00
-6.1903294176e-02
1.1323592067e-01
-9.2294573551e-04
1.7563929781e-02
-1.5905614942e-02
2.4000287056e-02
-4.2462447286e-01
-2.0267800987e-01
1.1690149456e-01
-3.5129746795e-01
-2.1623922884e-01
-1.0206905603e+00
-2.9154045582e+00
-1.8130534887e-01
2.1296155453e+00
-3.5931699276e+00
-5.0012189895e-02
5.6808030605e-01
2.5242300704e-02
-4.8273779452e-02
2.5906497613e-03
1.4291827567e-02
1.2917181477e-02
1.5259844949e-03
-2.4240836501e-02
2.1053856472e-04
-1.1247900873e-01
2.7680960298e-01
-2.9873657227e-01
-4.9020183086e-01
6.4235055447e-01
1.4893080108e-02
-3.9962497540e-03
-5.2105903625e-02
-4.0948390961e-02
-8.6874671280e-02
8.8952183723e-03
5.3572542965e-02
5.6418839842e-02
2.9291227460e-02
9.4309121370e-02
-2.0438283682e-03
6.8705538288e-03
2.3968979716e-01
-9.2774635553e-01
8.5759043694e-01
3.6245741844e+00
1.5496271849e+00
3.1615081429e-01
-5.2787899971e-01
6.8083328009e-01
1.1358908378e-02
6.4450934529e-02
-5.4434671998e-02
-1.0963206738e-01
-1.8483668566e-01
1.6889593005e-01
-3.6175039411e-01
1.3766288757e-01
2.9371500015e-01
3.8413661718e-01
-2.1554645151e-02
2.9861100018e-02
2.9443521053e-02
3.6351822782e-03
5.4118942469e-02
2.9647445306e-02
2.7818888426e-02
3.0645594001e-02
1.9255064428e-02
-2.3767525330e-02
-6.4136761427e-01
-6.4339798689e-01
2.8931427002e-01
3.1215396523e-01
2.3959915340e-01
-1.5887857974e-01
-5.1621782780e-01
-2.1973961592e-01
-1.4218714833e-01
5.4119545221e-01
-2.1205368042e+00
-2.1539153159e-01
-1.0929186828e-02
1.2654052973e+00
-2.3520543575e+00
3.6355067044e-02
2.8367045522e-01
-4.5280855894e-01
-1.2185314298e-01
1.0115762055e-01
7.3898977041e-01
-9.6376985312e-02
8.0384016037e-02
2.8230720758e-01
-2.2060234845e-01
-1.9235929474e-02
-5.6744255126e-02
-3.6205030978e-02
1.3728625141e-02
1.7321022227e-02
-1.0571046174e-01
2.4988792837e-02
-8.2518018782e-02
1.1946015991e-02
-1.4607381076e-02
1.6567564011e+00
-2.8734102845e-01
-4.6895974874e-01
-9.8836106062e-01
-1.1472978592e+00
3.4019824117e-02
2.8229463845e-02
-2.3007083684e-02
-1.3432952762e-01
-1.6650159657e-01
1.0975800455e-02
1.9529720885e-04
-1.7344305292e-02
4.3404903263e-03
2.5028051808e-02
-1.2314558029e-02
1.3444946706e-01
1.1996119283e-02
5.2997365594e-02
-1.9273700193e-02
6.3534483314e-02
4.0615406632e-01
-4.9486947060e-01
-9.0438075364e-02
1.7595498264e-01
1.3016745448e-01
-1.3020245731e-01
-4.0937832091e-04
-9.3127869070e-02
1.3510853052e-01
-2.2187651694e-01
-4.9668785185e-02
3.9337623119e-01
-6.7795509100e-01
-7.2179764509e-02
-3.0042970181e-01
1.1195603609e+00
5.2721560001e-01
-4.2259028554e-01
-7.3790431023e-01
2.9553020000e-01
-8.7117022276e-01
1.1954656839e+00
-7.6790577173e-01
6.0105693340e-01
-1.5094945431e+00
-2.6294069290e+00
2.3625159264e+00
-1.2647752464e-01
4.9611791968e-01
8.3595126867e-01
-3.8422149420e-01
4.7466039658e-01
3.0364047736e-02
-1.2129097432e-01
1.4747166075e-02
2.2383716702e-01
9.0002402663e-02
-2.0950058475e-02
-3.5216173530e-01
3.1650087237e-01
-9.1853469610e-01
7.1811825037e-01
3.6559653282e-01
3.8237544894e-01
-2.5259180069e+00
-9.8441284895e-01
-2.0555474758e+00
-2.0226211548e+00
2.1993701812e-03
2.1713647246e-01
-9.1699779034e-02
-1.2614439428e-01
-5.2325111628e-01
-5.3636610508e-02
5.8842873573e-01
-6.9761562347e-01
-6.1745816469e-01
-1.9378935099e+00
-1.7468756437e+00
-3.5161557198e+00
-7.6248657703e-01
-1.4598480463e+00
-2.6629643440e+00
-3.8736977577e+00
-1.2784193456e-01
-1.9927090406e-01
7.6248759031e-01
-2.0640210807e-01
-4.3083161116e-02
3.4508460760e-01
-6.8916773796e-01
1.5993620157e+00
-1.2972514331e-01
1.5601646900e-01
3.3330816031e-01
2.4811808020e-02
5.7178676128e-01
7.9762989283e-01
1.6737675667e-01
-5.0289463997e-01
-3.3380064368e-01
-4.2474335432e-01
-1.8432432413e-01
9.5631100237e-02
2.3508678377e-01
1.4379261993e-02
-1.1730941385e-01
1.5907795727e-01
-7.4873006344e-01
-4.7877868637e-03
-4.0392541885e-01
7.4611300230e-01
-1.4328385890e-01
5.1519161463e-01
5.8236360550e-01
1.1607293040e-01
-1.7096365988e-01
-1.5576577187e-01
-3.1582000852e-01
6.0753375292e-01
-6.6700047255e-01
3.1861898303e-01
-3.0391678214e-01
-2.6790457964e-01
-6.0732918978e-01
-6.3547146320e-01
-2.3969870806e-01
-8.6492419243e-02
1.4577214420e-01
1.3968569040e+00
2.3196135461e-01
-2.6561373472e-01
2.8898558021e-01
-5.0499492884e-01
2.9676408768e+00
2.8908140659e+00
4.4348044395e+00
-1.5305446386e+00
1.3306652009e-01
-2.4362564087e+00
-4.0897008777e-01
4.4905641675e-01
-1.3702130318e+00
4.7219911218e-01
-2.9411470890e-01
5.3246945143e-01
6.3734334707e-01
2.8736928105e-01
5.9650942683e-02
6.4449107647e-01
-2.2237718105e-01
-7.4513748288e-02
1.3600175083e-01
7.9351425171e-01
-5.2140261978e-02
-2.6322638988e-01
-2.0180246234e-01
-3.7138178945e-01
5.1772132516e-02
-2.0299956799e+00
-1.6112227440e+00
-2.3962745667e+00
-1.1571404934e+00
-1.2093694210e+00
-3.5499696732e+00
-3.7419142723e+00
-1.8324333429e+00
-4.0196728706e+00
-1.4081389904e+00
8.8430210948e-02
2.5278273225e-01
-2.9308313504e-02
-1.1080791056e-01
3.0223268270e-01
-9.1008068994e-03
3.9444014430e-02
-2.4354761839e-01
3.5638961196e-01
-6.4741149545e-02
1.5214456320e+00
-8.2714432478e-01
-4.3641597033e-01
-4.3220591545e+00
-8.7224620581e-01
6.6480547190e-01
-1.2123510242e-01
-1.3113084435e-01
-1.4050662518e-01
2.9432627559e-01
4.6324664354e-01
-3.0767509341e-01
1.7456005514e-01
-1.2004951388e-01
4.6924486756e-02
5.4355043173e-01
-6.3470877707e-02
-1.5565726161e-01
1.1597436666e+00
3.9013639092e-01
1.5082345903e-01
-2.1390137672e+00
-1.2039999962e+00
-1.7842999697e+00
1.2036651373e+00
8.3491355181e-02
3.4657984972e-01
2.1216356754e-01
5.3559798002e-01
4.5400347561e-02
5.2556288242e-01
-9.5321550965e-02
-1.3147059083e-01
-7.7316254377e-01
-8.5860908031e-01
-1.5150576830e+00
-8.0425280333e-01
2.7238395810e-01
-6.0526293516e-01
9.9956524372e-01
1.4539462328e+00
-2.9228317738e-01
1.9102631807e+00
-6.5484714508e-01
9.7231054306e-01
5.2867609262e-01
3.8214242458e-01
3.5802909732e-01
4.9094545841e-01
-1.9151230156e-01
1.2709699571e-01
7.7352803946e-01
7.0779524744e-02
4.8717421293e-01
5.4028427601e-01
-9.5467787981e-01
-1.2367669344e+00
1.3622291088e+00
-1.0547097921e+00
-2.6990032196e+00
-2.8518171310e+00
-1.8097591400e+00
1.8988379240e+00
-2.5624878407e+00
-1.6684247553e-01
-7.7223278582e-02
-2.7040643692e+00
2.2998936176e+00
-7.4016934633e-01
-3.2654705644e-01
-2.2487235069e+00
-8.6677759886e-01
2.8347000480e-01
1.7757768929e-01
-4.4337379932e-01
2.7384278178e-01
-1.8204079568e-01
2.0350620151e-01
-1.1576943398e+00
-3.1288545579e-02
2.1034948528e-01
2.7852675319e-01
-4.2455654591e-02
1.0843398571e+00
-4.7385075688e-01
1.7715486884e-01
-4.0390199423e-01
5.8258678764e-02
-2.1644267440e-01
-4.7135356069e-01
-2.7431535721e+00
-3.0287018418e-01
-1.4867235422e+00
-8.0753189325e-01
-1.2028829753e-01
-3.3709168434e+00
-5.8002847433e-01
3.1942758560e+00
-1.5317641497e+00
-1.5117605925e+00
9.3266832829e-01
4.4122996926e-01
1.0572700948e-01
2.5461611152e-01
-1.5258102119e-01
-2.7099199295e+00
7.6071783900e-02
9.0920603275e-01
-2.2299900055e+00
-4.5641870499e+00
-1.4440935850e-01
2.3905199766e-01
2.3335286975e-01
1.9374689087e-02
-2.2616077214e-02
-1.1478430033e+00
-3.9878709316e+00
-2.0256388187e+00
-1.9965368509e+00
-2.9694304466e+00
-2.5274640322e-01
-1.8387052417e-01
8.8739192486e-01
1.6606660187e-01
3.0069136620e-01
-3.4287101030e-01
1.6611459255e+00
-1.1405559778e+00
-2.0864062309e+00
1.0607819557e+00
-2.9184627533e-01
3.9625346661e-01
-3.8832068443e-01
-2.0400080085e-01
1.2567499280e-01
1.0684522390e+00
5.9469354153e-01
-6.1551588774e-01
-5.0256335735e-01
-1.0323041677e+00
4.5784909278e-02
-1.2853293121e-01
-1.1410044134e-01
-6.4735442400e-02
-4.7208067030e-02
-4.9041280150e-01
-4.7083392739e-01
-2.8133621216e+00
-3.8950693607e+00
-2.6853404045e+00
3.9784970284e+00
3.8936576843e+00
4.9404339790e+00
3.7291395664e+00
3.0715270042e+00
1.4021303654e+00
9.5131599903e-01
2.8157377243e-01
1.3631031513e+00
6.1954057217e-01
-2.8062751889e-01
1.1415759325e+00
-4.7113534808e-01
1.3600445986e+00
2.3755755424e+00
-1.0454937816e-01
-5.5937871337e-02
-4.7704383731e-02
9.5639996231e-02
9.9986255169e-02
-4.2961347103e-01
-1.9491657615e-01
-1.1833108962e-01
1.0373258591e-01
1.8803104758e-01
-8.0496735871e-02
1.5589356422e-01
-5.3004864603e-02
2.0779471099e-01
-3.9886955172e-02
3.0501469970e-01
-5.6570470333e-01
6.8980991840e-01
3.6941397190e-01
-3.3448278904e-02
3.6903664470e-02
1.9969947636e-01
-9.9550098181e-02
-1.7332192510e-02
-4.8687523231e-03
1.0420026630e-01
-2.0829422772e-01
1.1308800429e-01
6.5219365060e-02
-8.2892561331e-03
1.0855918750e-02
2.2529996932e-02
-1.0883420706e-01
-4.6909447759e-02
-3.8412880152e-02
-8.8565692306e-02
-3.1380549073e-01
-1.1053790897e-01
-8.3074383438e-02
1.6827416420e-01
4.7717787325e-02
2.5206395984e-01
1.4348561876e-02
5.8640994132e-02
-8.1388622522e-01
8.7691295147e-01
-2.4326983094e-01
8.5505270958e-01
2.6167196035e-01
5.2775305510e-01
-2.3345468938e-01
-7.2870656848e-02
2.4264048785e-02
-8.8974535465e-02
1.3609671593e-01
-1.1536055058e-01
-1.9299937785e-01
1.4990845323e-01
-5.2026909590e-01
2.1293506026e-01
4.9727728963e-01
6.6756004095e-01
5.4165665060e-02
-6.4185297489e-01
-3.5172555596e-02
7.1202546358e-02
1.4386151917e-02
-3.2868452836e-03
1.7365339398e-01
1.4016431570e-01
4.6729025245e-01
-2.5485886727e-03
-3.3201324940e-01
-4.9732714891e-01
5.7673019171e-01
-1.4610868692e-01
-3.3126026392e-01
-4.8705255985e-01
7.3260311037e-03
-2.4184843898e-01
1.4073460363e-02
-9.6176803112e-02
-6.4333349466e-02
-2.9764416814e-01
-1.4062166214e-01
-4.8026502132e-02
3.7310278416e-01
8.9123263955e-02
2.3436205089e-01
-3.8117358088e-01
1.1578997970e-01
-2.0394136012e-01
3.6774333566e-02
5.6093919277e-01
-1.9954140484e-01
2.5109080598e-02
1.0270353407e-01
7.1558319032e-02
6.4669001102e-01
-7.2570554912e-02
4.2337891646e-03
-8.1712186337e-02
-1.4811098576e-01
-1.2673289515e-02
-2.1788582206e-01
3.3939397335e-01
-2.3566758633e-01
2.6877120137e-01
2.5211700797e-01
-3.7915068865e-01
2.8976139426e-01
-4.4376778603e-01
-3.2190832496e-01
7.4969053268e-01
5.5409300327e-01
-1.8805105984e-01
2.1086710691e-01
1.2479840219e-01
-2.1379480138e-02
-1.5979160368e-01
3.4946680069e-02
-2.9948970675e-01
-2.3402899504e-01
5.6398642063e-01
-1.6599261761e-01
-8.2683078945e-02
1.0968685150e+00
-1.3106520176e+00
-1.8937038183e+00
-1.4034622908e+00
2.5728261471e-01
2.5125616789e-01
-6.2822568417e-01
-4.7284725308e-01
6.1027818918e-01
-9.5501706004e-02
-1.5027791262e-01
-3.2931253314e-01
-1.8230371177e-01
-5.5965489149e-01
4.6830752492e-01
2.4614220858e-01
1.3080343604e-01
1.4773394167e-01
-2.5323903561e-01
8.3891406655e-02
-1.9215770066e-01
5.2287600935e-02
5.4150022566e-02
-4.9067813903e-02
-8.1643551588e-01
-3.6621090770e-01
4.3217819929e-01
6.1871421337e-01
-5.5607628822e-01
1.4724689722e-01
-3.8655710220e-01
1.0809106380e-01
-8.8735423982e-02
4.4174677134e-01
7.5672399998e-01
-9.6581362188e-02
2.2844535112e-01
1.3786071539e-01
-1.7694273591e-01
-3.0232435465e-01
5.4078623652e-03
-7.6415836811e-01
1.6364315152e-01
-2.3711019754e-01
-3.3779871464e-01
-1.7742379010e-01
3.5445421934e-01
2.4568594992e-01
1.2984170020e-01
2.3673628271e-01
1.5025936067e-01
6.6126987338e-02
1.7222400010e-01
-1.2009060383e-01
-5.5002026260e-02
-2.9457475990e-02
-6.0184672475e-02
-2.5074872375e-01
-1.5679867566e-01
3.5215456486e+00
1.4565402269e+00
-1.6317623854e+00
-5.2473826408e+00
-2.5923266411e+00
2.1115991473e-01
1.7654009163e-01
-5.8391168714e-02
1.8375204504e-01
2.9758391902e-02
-2.3322931956e-03
-2.0648156106e-01
-6.8611018360e-02
-1.3271082938e-01
2.2847224772e-01
-2.4366202354e+00
-6.2107882500e+00
-5.8623342514e+00
-7.2127558291e-02
-1.0723687172e+01
-6.4882254228e-03
3.6201751232e-01
-4.6197617054e-01
-2.3524531722e-01
4.9567365646e-01
-8.1355080009e-02
-8.6825206876e-02
2.0513061434e-02
1.0682984442e-01
-1.9910391420e-02
1.6366353631e-01
-4.7699329257e-01
-6.7467963696e-01
7.7480226755e-02
-2.0705689490e-01
-1.9287863374e-01
-1.5988901258e-01
3.1505491585e-02
2.4357312918e-01
-1.7299699783e-01
4.5063909888e-01
6.9409191608e-02
2.0673806965e-01
6.8631790578e-02
-2.0066480339e-01
4.7832089663e-01
3.3308634162e-01
9.1131456196e-02
-2.7448558807e-01
-7.3062971234e-02
1.8727606535e+00
2.2319743633e+00
1.0099216700e+00
1.0741468668e+00
-5.0967061520e-01
-1.5767663717e-01
-5.3683016449e-02
-6.7822918296e-02
-3.3336186409e-01
6.4188115299e-02
-3.5682696104e-01
-1.5666048229e-01
4.8863485456e-02
2.6389020681e-01
5.8338576928e-03
-2.7975043654e-01
-2.9384076595e-01
-1.1958594620e-01
-1.4402230084e-01
2.3419424891e-01
-1.0456154495e-01
1.2376947701e-01
1.1001283675e-01
-1.2028277665e-01
-2.0368252695e-01
-2.1306093037e-01
6.4253437519e-01
3.8230368495e-01
-1.7974789441e-01
7.5261479616e-01
1.5148971975e-01
3.1438323855e-01
4.5220240951e-01
5.9253752232e-01
-1.3407280445e+00
-1.5848308802e+00
-2.9550650120e+00
-4.4442830086e+00
-5.5710315704e+00
-7.2178030014e+00
3.2828098536e-01
-6.3861362636e-02
-2.6200577617e-01
1.9871501625e-01
3.4778502584e-01
-5.6487041712e-01
-3.5421299934e-01
3.6213785410e-01
-7.1102023125e-01
1.8768824637e-01
-2.5682744384e-01
-4.7846805304e-02
2.0123118535e-02
4.3481294066e-02
9.4635069370e-02
-4.0010690689e-02
-1.1363863945e-01
-1.6436988115e-01
-4.8892430961e-02
-1.0272014141e-01
4.6703830361e-01
1.1869888306e+00
2.4731757641e+00
2.5629954338e+00
1.9724701643e+00
-1.0039397329e-01
6.0186319053e-02
1.2000342458e-01
-1.0515084863e-01
-4.4652438164e-01
1.3015066274e-02
2.1843392402e-02
-3.4883372486e-02
4.5090816915e-02
-2.4233361706e-02
-3.5117927194e-01
2.9666635394e-01
5.5333681405e-02
1.6081891954e-01
2.9869094491e-01
-2.9650467634e-01
-3.4756141901e-01
2.3277941346e-01
-8.6103536189e-02
-2.6616445184e-01
4.0793132782e-01
-3.3079603314e-01
-9.5603138208e-02
-1.2201528996e-01
4.0400441736e-02
-1.6995074227e-02
3.1321790814e-01
-6.3899099827e-01
-1.4171744883e-01
-1.5410783887e-01
5.4905200005e-01
4.7621864080e-01
6.8753731251e-01
-7.7753484249e-01
2.7415490150e-01
3.3516937494e-01
-1.1374701262e+00
8.6627948284e-01
-1.1614303589e+00
2.0603022575e+00
1.9400289059e+00
-1.3754941225e+00
1.7514400184e-01
-2.4048302174e+00
1.2597050667e+00
6.0253506899e-01
-3.4434863925e-01
-8.9019753039e-02
-6.9018386304e-02
-1.1183316261e-01
1.8446005881e-01
-4.1960945725e-01
-5.3460694849e-02
1.5078157187e-01
-1.7903524637e-01
-2.9571268708e-02
1.4138097763e+00
-9.2492187023e-01
6.0939338058e-02
-6.4668834209e-02
1.1102459431e+00
1.9028827548e-01
3.8692966104e-01
-7.9050399363e-02
7.2338098288e-01
-5.2127100527e-02
3.0104839802e-01
1.7726993561e-01
-5.7174837589e-01
-7.8104251623e-01
-7.5080700219e-02
4.3132875115e-02
-1.9905822277e+00
-3.6169674397e+00
-7.0964699984e-01
6.2170237303e-01
-1.0849635303e-01
3.2203501463e-01
-8.4485691786e-01
-1.0779391527e+00
-2.2514486313e-01
1.6261147335e-02
-1.6962981224e-01
5.2579623461e-01
-5.2237856388e-01
1.1003828049e+00
-1.7069036961e+00
3.0732169747e-01
1.4204530418e-01
5.6086969376e-01
1.5286715031e+00
-1.0098036528e+00
4.5161239803e-02
-2.2148904204e-01
6.5789264441e-01
-1.7093229294e+00
6.6071474552e-01
-9.2291496694e-02
-1.6752153635e-01
1.9783276320e-01
1.3507010881e-03
3.6365461349e-01
-3.9430686831e-01
7.0326042175e-01
2.1702259779e-01
5.4378300905e-02
-8.3561554551e-02
3.2369697094e-01
9.8955273628e-02
9.2564187944e-02
-4.7285950184e-01
8.1719106436e-01
-4.3941697478e-01
-1.0581866652e-01
2.3647148162e-02
-5.7063269615e-01
-2.0873621106e-01
-5.0832625479e-02
-1.5176069736e-01
-8.8041253388e-02
6.7192894220e-01
-6.9524973631e-01
8.1248724461e-01
-3.8924291730e-01
-6.2845647335e-02
-6.8422228098e-01
8.5432985798e-03
5.5820572376e-01
7.0734508336e-02
-3.6667454243e-01
3.2353731990e-01
1.1151893139e+00
2.5976676941e+00
-1.5834572315e+00
7.7733081579e-01
1.4001700096e-02
-8.7844914198e-01
2.6539566517e+00
-1.1997283697e+00
-2.6880776882e-01
1.3929481804e-01
1.5294370055e-01
-3.0031736940e-02
-2.1564622223e-01
2.6201729197e-03
5.1468759775e-01
-3.4840817098e-03
-2.0618062466e-02
1.9334547222e-02
4.8193439841e-01
9.0479308367e-01
-1.1667839289e+00
5.9874597937e-02
-2.4107670784e-01
2.4738502502e-01
-3.1675377488e-01
-1.5117329359e+00
-1.3956338167e+00
-3.6050969362e-01
2.8243024349e+00
2.4959213734e+00
-1.3462331295e+00
-1.5020544529e+00
-2.0195984840e+00
1.6467645168e+00
-5.9625405818e-02
3.4006655216e-01
-3.5586667061e-01
1.3705677353e-02
2.5030025840e-01
6.1397496611e-02
9.5639713109e-02
-2.5402104855e-01
-1.0284244269e-01
2.7555426583e-02
3.1121106148e+00
-1.0341166258e+00
1.7118242979e+00
-1.8477400541e+00
4.8160129786e-01
6.9995918311e-03
2.9594780877e-02
-6.4523488283e-02
-1.8430700898e-01
-4.0528114885e-02
-2.4290405214e-01
-1.1349677294e-01
-7.0843175054e-02
7.9510524869e-02
2.4549047649e-01
-9.3899720907e-01
1.7519333363e+00
5.8084193617e-02
2.0192370415e+00
-6.6068077087e-01
2.2267432213e+00
-3.9578449726e-01
-6.4495074749e-01
-2.0580215454e+00
-1.0703037977e+00
-7.3945331573e-01
5.9988421202e-01
-7.4047319591e-02
-3.3390529454e-02
1.0991411284e-02
6.7938983440e-01
-3.8117960095e-01
-7.9868346453e-02
8.5624510050e-01
4.8454183340e-01
6.6801548004e-01
3.2013216615e-01
-1.3445882797e+00
8.3994752169e-01
1.5676923990e+00
-2.3282255232e-01
-7.5599813461e-01
1.1877803802e+00
-1.2181808949e+00
7.2379493713e-01
1.0152804852e+00
6.7709577084e-01
-1.0995744467e+00
-1.1086112261e+00
8.1045500934e-02
2.9531893134e-01
-4.8350265622e-01
-2.6582515240e-01
3.2728340477e-02
-3.1612810493e-01
1.7283099890e+00
-1.1623614281e-01
-3.6164867878e-01
3.9828322828e-02
-9.3308800459e-01
-1.0671611875e-01
3.0579087138e-01
-4.2609629035e-01
-2.8758922219e-01
1.5987361670e+00
1.8454273939e+00
-1.0014983416e+00
1.1206998825e+00
-7.5423103571e-01
5.6506168842e-01
1.6180993989e-02
-4.5695719123e-01
4.5010688901e-01
-2.4616153911e-02
8.4655173123e-02
1.1380012333e-01
1.5007402748e-02
3.3838632703e-01
2.8001827002e-01
2.7171742916e-01
2.7394128963e-02
-1.7513429048e-03
-7.2781807184e-01
3.4686498642e+00
-1.4891015291e+00
2.4839401245e-02
-1.7721009254e-01
1.4364267699e-02
5.8919142932e-02
-1.2732362747e-01
-3.3829113841e-01
7.1182543039e-01
-2.7363973856e-01
2.3861509562e-01
-5.6487780064e-02
1.2851212919e-01
-8.8092952967e-01
5.6743395329e-01
-9.3801563978e-01
1.4817807674e+00
4.9686917663e-01
-1.2024165392e+00
3.1459364295e-01
-3.5481947660e-01
1.7623999715e-01
1.9064729214e+00
-8.3030986786e-01
1.2562204599e+00
-2.7180838585e+00
-1.7931314707e+00
-3.0916579068e-02
-1.5312798321e-02
1.5736807883e-01
2.8581413627e-01
-2.3324440699e-03
5.8670037985e-01
-7.6322823763e-01
1.9196989536e+00
-1.7191776037e+00
1.0673614740e+00
-5.5204171687e-02
-4.8216548748e-03
-6.4910210669e-02
-1.3289742172e-01
2.7046683431e-01
-4.8479780555e-01
1.0225408077e+00
5.2471977472e-01
1.0114829540e+00
1.1577320099e+00
-3.7241590023e-01
1.9401039183e-01
-3.3749327064e-01
1.2929370999e-01
1.8021212518e-01
-2.1994438022e-02
-1.0834376514e-01
1.9900408387e-01
6.9993770123e-01
-1.4677798748e-01
3.4419396520e-01
-3.6030432582e-01
-9.0099312365e-02
4.5018464327e-01
-1.0319085419e-01
5.8958488703e-01
-4.2696887255e-01
8.7935566902e-01
-3.2040696144e+00
3.7074005604e-01
2.7343552113e+00
3.0707415938e-01
5.0182723999e-01
1.1198827028e+00
2.1561796665e+00
-2.7671572566e-01
1.5839220285e+00
2.5418674946e-01
1.0665397644e+00
-6.6517210007e-01
-1.8685462475e+00
-2.3472528458e+00
-2.2383942604e+00
1.2900503874e+00
4.3951985240e-01
-1.7968267202e-02
-3.3353220671e-02
1.4578196220e-02
-2.1844184026e-02
-5.7680677623e-02
4.9837559462e-02
2.3060446605e-02
9.5910161734e-02
1.1989013106e-01
-8.4085613489e-02
2.2799694911e-02
-3.7461455911e-02
3.4182984382e-02
-2.5811642408e-02
-6.0758199543e-02
5.1856017113e-01
-4.5908384025e-02
3.1561642885e-01
-9.5765404403e-02
-3.1116452813e-01
-7.8447103500e-02
1.6800007224e-01
-1.9957722723e-01
-2.5036528707e-02
-3.3013030887e-02
2.1711000800e-01
-1.3994152658e-02
-1.4525811374e-01
-3.0872550607e-01
-5.3093028069e-01
-1.1500459164e-02
-3.8832496852e-02
-3.3493231982e-02
-1.5271092765e-02
-3.4578751773e-02
-3.1263637543e-01
6.8078324199e-02
-1.1898351461e-01
1.7315128446e-01
-1.1056538671e-01
-3.6253273487e-01
1.8737700582e-01
3.3157534897e-02
2.3139709234e-01
7.0277065039e-02
8.0850470066e-01
3.8734084368e-01
-1.7958290875e-01
1.2614160776e-01
-2.0265763998e-01
4.0157265961e-02
-2.7602529153e-02
8.7693377282e-05
1.0952077061e-01
-1.3417965174e-01
3.4765297174e-01
5.1926082373e-01
-6.3713870943e-02
1.8491144478e-01
-1.1079056561e-01
-2.5724068284e-01
1.3186356425e-01
-2.2731998563e-01
-1.3060656190e-01
1.5114498138e-01
-1.0060224682e-02
9.9587731063e-02
5.2316125482e-02
-4.6597775072e-03
-7.6401303522e-03
1.3308087587e+00
-5.0400859118e-01
2.8349044919e-01
5.8606451750e-01
-3.2329601049e-01
4.5992526412e-01
1.3676640391e-01
2.5581791997e-01
-3.5155110061e-02
-1.8984705210e-01
-1.9503220916e-01
-2.0348742604e-02
1.5169161558e-01
3.7881184369e-02
1.3807804883e-01
2.4594691396e-01
-2.7081969380e-01
-2.9025763273e-01
1.3663412631e-01
7.3046892881e-02
7.1508683264e-02
2.4083352089e-01
4.3944099545e-01
1.1997552589e-02
1.0714115947e-01
2.6551586390e-01
1.7950806022e-01
-6.7228808999e-02
-2.4131360650e-01
7.2278320789e-01
4.7461695969e-02
-3.2177455723e-02
-6.1559308320e-02
4.6844549477e-02
-1.0446058959e-01
-2.4869735539e-01
1.0298190266e-01
-2.0717768371e-01
-3.1524875667e-03
1.5872123837e-01
1.8832686543e-01
1.3292913139e-01
-1.5031497180e-01
2.9226304963e-02
1.2831331789e-01
-1.9887715578e-01
2.8790421784e-02
5.1505353302e-02
-4.0647793561e-02
2.7686357498e-02
2.3252229393e-01
1.6423283145e-02
4.8945081234e-01
-4.4267612696e-01
-1.0782005787e+00
-8.1949390471e-02
4.7163791656e+00
1.9069749117e+00
-1.1119003296e+00
-2.3666424751e+00
3.2489668578e-02
2.7670631185e-02
1.1032576859e-01
1.8062989414e-01
5.5695079267e-02
1.4837580919e-01
-4.5933476090e-01
1.6456714272e-01
-1.5989485383e-01
-2.0980083942e-01
-1.9287872314e-01
8.8763214648e-02
-3.0069574714e-01
2.5588127971e-01
-2.9664790630e-01
-8.5228420794e-02
9.4270624220e-02
-2.1918842569e-02
8.6545348167e-03
-4.9850851297e-02
-6.0294002295e-01
-2.4526318908e-01
6.0431861877e-01
2.5065055490e-01
-1.0750039816e+00
-7.9661287367e-02
1.2669299543e-01
1.7946253717e-01
-4.0902116895e-01
-2.0914010704e-01
3.0807399750e-01
-1.0095872879e+00
2.3547782004e-01
8.0208443105e-02
-1.6149881482e-01
-4.9172347784e-01
-3.7550824881e-01
-7.6922722161e-02
-3.2784196734e-01
6.5417177975e-02
-2.2805118561e-01
-7.2281993926e-02
7.8041382134e-02
-5.7810574770e-02
-1.5963254869e-01
-5.8698620647e-02
4.0774807334e-02
-1.8672669306e-02
-6.9348081946e-02
-4.0809776634e-02
-9.8216198385e-02
-3.3643282950e-02
5.5607616901e-02
1.8017702969e-03
5.5864877999e-02
1.5311776400e+00
1.2560042143e+00
3.1904966831e+00
-7.6115983725e-01
4.2302279472e+00
2.6951792836e-01
-2.4831408262e-01
1.5914085507e-01
-3.3457189798e-02
1.2290423363e-01
-2.4108977616e-01
6.9595670700e-01
-2.7380108833e-01
-6.4501899481e-01
-2.9892407358e-02
-2.2106239796e+00
-4.9324636459e+00
-2.5212028027e+00
-1.7673639059e+00
-8.0106668472e+00
8.1595607102e-02
3.1430488825e-01
2.4352429807e-01
2.0102940500e-02
-1.4080765843e-01
-2.5975491852e-02
7.4881978799e-04
-1.1628679931e-02
5.2408704505e-05
-2.1399393678e-02
7.3380744457e-01
-1.2023812532e+00
3.9447495341e-01
-8.1951558590e-01
-1.1568010598e-01
4.9242857844e-02
-9.4358451664e-02
-7.1904428303e-02
1.0313753039e-01
-1.5381367505e-01
-2.6636026800e-02
-1.1165839434e-01
1.0496111959e-01
-8.5291951895e-02
3.6171433330e-01
-9.2785656452e-02
-1.7613430321e-01
5.3282812238e-02
-2.1820579469e-01
3.1568139791e-02
4.9780693054e+00
5.1395440102e+00
7.4296278954e+00
3.3966403008e+00
4.6993522644e+00
2.0304143429e-02
-1.6995935142e-01
-2.9830999672e-02
-1.1006285250e-01
1.3723365963e-01
-3.0575640500e-02
-1.7390288413e-02
1.0932893306e-01
1.8021559715e-01
6.1967048794e-02
2.9396030307e-01
3.2179441303e-02
6.9792300463e-02
-8.2404188812e-02
2.0665958524e-02
-1.5776852146e-02
-5.5648677051e-02
6.0622062534e-02
-6.6471070051e-02
-4.0539775044e-02
5.5233120918e-02
-2.0492918789e-01
-1.4389382303e-01
6.1220121384e-01
-3.1234878302e-01
3.6344859004e-01
1.0199933499e-01
-5.3283220530e-01
2.2351132333e-01
4.6957471967e-01
-1.8414229155e+00
-1.8100879192e+00
-2.4555430412e+00
-2.1612551212e+00
-6.5003023148e+00
2.6484814286e-01
-3.5195159912e-01
-1.7293021083e-01
1.5220014751e-01
1.0304340124e+00
1.1093454361e+00
4.6706494689e-01
3.7475419044e-01
3.6527529359e-01
-1.2391813844e-01
-7.0560470223e-02
-9.1134747490e-03
2.7970338240e-02
8.6490176618e-02
4.0611352772e-02
-9.3678385019e-02
-5.0248991698e-02
6.5660834312e-02
3.5261236131e-02
2.4478062987e-02
-7.6462782919e-02
-9.9650603533e-01
-1.2323063612e+00
-1.5761897564e+00
3.6931139231e-01
3.9712968282e-03
-2.4388907477e-02
1.5333952382e-02
9.5032699406e-02
-2.4878016114e-01
-6.4464651048e-02
-6.9780930877e-02
-3.6579865962e-02
5.7510670274e-02
-8.2170292735e-03
1.7466662824e-01
-9.3636669219e-02
-1.0169580579e-01
1.2138456106e-01
-3.3554509282e-02
4.3632411957e-01
-1.2814134359e-01
1.2308681011e-01
-1.0186471790e-01
4.5715343952e-01
5.5552545935e-02
5.0468719006e-01
4.1035962105e-01
-1.6134613752e-01
-3.6000677943e-01
-4.9258295447e-02
8.5974894464e-03
-1.3114634156e-01
-3.0517655611e-01
2.0220379531e-01
1.0592039824e+00
-2.1502647400e+00
5.4674917459e-01
-6.6980250180e-02
7.5812530518e-01
-2.7246639132e-01
2.2099113464e-01
2.0645880699e-01
2.3553667963e-01
1.9435279071e-02
-8.2935231924e-01
-2.2870430946e+00
-3.0139139295e-01
1.9556617364e-02
-1.5014918149e-01
2.7722120285e-01
1.9343987107e-01
-3.3452466130e-02
-1.0884420015e-02
4.0297055244e-01
5.4452884942e-02
-1.5392430127e-01
1.5475352108e-01
1.1016476899e-02
3.0951865017e-02
7.1148686111e-02
1.9991506636e-01
-4.1594481468e-01
1.4510364830e-01
-1.2850520015e-01
1.0864078999e+00
-1.9218668938e+00
7.5743997097e-01
-4.0931921452e-02
-2.3836882412e-01
-2.8253452852e-02
1.4295168221e-01
2.9905861616e-01
-7.7155530453e-02
-6.1786055565e-01
8.2667577267e-01
1.1267690659e+00
9.4562017918e-01
1.2778357267e+00
1.8194105625e+00
3.4449797869e-01
-1.2797895670e+00
6.0887128115e-01
6.1967980862e-01
-2.8661063313e-01
-1.5465924144e-01
1.5228067338e-01
-2.5061330199e-01
1.7522090673e-01
-9.5490500331e-02
7.2808516026e-01
-9.2455554008e-01
-3.3922135830e-01
2.2408473492e-01
-9.0291672945e-01
-1.1013476849e+00
-4.5822210610e-02
4.8528024554e-01
-5.6618505716e-01
-3.1566551328e-01
2.2210091352e-01
1.3132604361e+00
-6.5001432085e-04
-3.4326085448e-01
-3.4121207427e-03
5.3717416525e-01
-2.2681707144e-01
-2.7727909386e-02
-4.0326094627e-01
-1.4212818444e-01
-1.0640246794e-02
-1.8440629542e-01
1.3104747236e-01
6.6072121263e-02
1.3515627012e-02
-3.8109973073e-01
1.0056930780e+00
-8.0128787085e-03
1.7787251621e-02
2.3113729060e-01
1.5486332588e-02
-5.5677559227e-02
-3.5087323189e-01
-4.8937346786e-02
2.4367721751e-02
9.1579228640e-01
-7.4920368195e-01
3.7147453427e-01
-4.3256700039e-01
1.3038754463e-01
2.0271272957e-01
3.3058553934e-01
-3.5357847810e-01
2.4750949442e-01
-1.2602287531e-01
-4.0486578941e+00
1.3515701294e+00
4.2257350683e-01
3.1483632326e-01
-1.0689280033e+00
4.7445315123e-01
1.5878276527e-01
-1.6475331783e-01
1.7131407261e+00
-4.9604120851e-01
6.7291907966e-02
-9.6895925701e-02
-1.0496052355e-01
1.3989737630e-01
-1.4479647577e-01
-4.3875426054e-01
-1.3820810243e-02
1.2748360634e-01
-1.5429657698e-01
7.2658285499e-02
2.5432029366e-01
-1.0200388432e+00
1.3068429232e+00
-1.4714512229e-01
1.3257193565e-01
-2.2183222771e+00
-2.7381217480e+00
6.4095151424e-01
9.4435220957e-01
1.3986092806e+00
-1.3857262135e+00
-4.9298601151e+00
-3.4933072329e-01
-7.4686008692e-01
5.3987038136e-01
4.8966359347e-02
-1.0999815911e-01
-3.1521254778e-01
7.1862377226e-02
2.2207160294e-01
-1.2565971911e-01
2.7012741193e-02
-1.7836655676e-01
8.6358979344e-02
1.0398392379e-01
-2.5132219791e+00
-4.8490604758e-01
2.3817141056e+00
-1.0072454214e+00
8.6501473188e-01
1.3243547082e-01
1.5407660604e-01
-1.9283789396e-01
-1.1121767014e-01
3.8011942059e-02
-2.5776496157e-02
4.0715625882e-01
-2.4168045819e-01
3.2644506544e-02
8.3992570639e-02
1.4138275757e-02
6.6440385580e-01
-2.8332698345e-01
4.2219457030e-01
7.4288435280e-02
-5.2608460188e-01
-2.9772531986e-01
1.3159556389e+00
8.4016722441e-01
-1.4901856184e+00
-3.1254485250e-01
6.5499675274e-01
-4.7131443024e-01
1.1512647867e+00
-9.6260055900e-02
3.9253780246e-01
4.6162605286e-01
-1.0878895968e-01
-1.7649712041e-02
-1.1767468452e+00
-7.4948549271e-02
-5.0650620461e-01
6.6650772095e-01
8.4377199411e-01
-9.1814321280e-01
-1.4971336126e+00
6.1280512810e-01
-3.5798299313e-01
-2.3356880993e-03
-6.4749234915e-01
-8.8194692135e-01
8.5114651918e-01
1.9919827580e-01
5.7177758217e-01
-9.3592554331e-01
1.4111517929e-02
7.0237115026e-02
7.5696408749e-01
-2.7251198888e-01
-5.3620064259e-01
-4.0723080635e+00
-6.2140953541e-01
7.1269434690e-01
2.0744724274e+00
7.2744794190e-02
1.0252710581e+00
-3.1600234509e+00
-3.8167873025e-01
1.5120567083e+00
-2.3343975544e+00
7.8404545784e-01
-2.3667187691e+00
-1.2971229851e-01
1.3172388077e+00
5.3430223465e-01
7.7593469620e-01
-6.0046935081e-01
1.3478283584e-01
-1.1530371010e-01
2.4302643538e-01
1.0320932418e-01
-2.0497564226e-02
-2.4992540479e-02
7.5691223145e-02
1.4136905782e-02
-5.3613532335e-02
1.2358868122e-01
-6.8883433938e-02
7.6699775457e-01
-1.9737559557e+00
-4.4320229441e-02
-1.3674319489e-03
1.7161573470e-01
-1.4388346672e-01
1.5503293276e-01
-8.4354740381e-01
4.4366058707e-01
-1.4525715113e+00
1.1997767687e+00
-6.6380637884e-01
5.8644431829e-01
-4.9816688895e-01
4.6887078881e-01
1.3322545290e+00
8.1257790327e-02
-3.2124879956e-01
1.4616167545e+00
-5.2693349123e-01
-1.5547107160e-01
-2.5741866231e-01
-1.3007713556e+00
-3.2485714555e-01
1.6709307432e+00
4.9336957932e-01
-1.3654409647e+00
-6.1274833977e-02
-1.6543269157e-01
1.6976794228e-02
7.7082379721e-03
-5.7087540627e-02
1.0723592043e+00
-1.4755466580e-01
3.8292836398e-02
1.3749883175e+00
-2.7967295051e-01
1.2629760802e-01
-2.9186877608e-01
-1.7484284937e-01
1.1047601700e-01
-9.1443106532e-02
-3.0630586147e+00
1.9669828415e+00
-3.8141548634e-01
-6.9883298874e-01
8.3699464798e-01
-2.1100050211e-01
-1.8683272600e-01
-1.8953983486e-01
1.9169300795e-01
1.3679625094e-01
-3.2088485360e-01
9.6802739426e-03
6.3709783554e-01
-3.4468761086e-01
5.2891069651e-01
-7.3738701642e-02
-5.2374404669e-01
1.0482144356e-01
-1.5521526337e-01
5.9369374067e-02
1.0155193806e+00
-2.2873935699e+00
1.2506381273e+00
7.7485090494e-01
8.3003394306e-02
-1.3342157006e-01
2.7506568432e+00
2.5194010735e+00
1.0741571188e+00
3.5670870543e-01
3.4813088179e-01
1.7863599062e+00
-1.1221828461e+00
-1.1400713921e+00
-9.7914658487e-02
1.8042755127e+00
3.7671494484e-01
1.1443027258e+00
6.9973629713e-01
-9.8042190075e-01
-2.2207921371e-02
4.3499097228e-03
-6.2856283039e-03
-1.9415959716e-02
-1.5846816823e-02
1.3530328870e-01
4.6538185328e-02
8.8134668767e-02
-1.1557387561e-01
-1.3402995467e-01
-3.9264701307e-02
-3.2099958509e-02
7.5642012060e-02
-6.9557122886e-02
3.5883598030e-02
2.8167831898e-01
-3.8489264250e-01
7.0477479696e-01
-3.7016946077e-01
-5.1905614138e-01
-7.5380131602e-02
1.1263788491e-01
5.2770651877e-02
-6.4840503037e-02
6.1839062721e-02
4.1899734735e-01
-9.1840043664e-02
5.3222024441e-01
-2.9947993159e-01
4.2926433682e-01
1.3683971763e-01
3.1401071697e-02
1.1039035767e-01
3.0102720484e-03
4.2771205306e-02
-5.0366371870e-02
-7.1550540626e-02
9.6519716084e-02
-5.3820688277e-02
1.6940601170e-02
5.5246409029e-02
-4.3062355369e-02
2.8640985489e-02
3.8171187043e-02
2.8388726711e-01
-9.5647501945e-01
3.7101924419e-01
-4.6322840452e-01
-2.1222874522e-01
3.4271159768e-01
3.7089433521e-02
2.4999817833e-02
6.8769916892e-02
-1.3696233928e-01
-5.6492462754e-03
3.8170510530e-01
-2.1283287555e-02
-7.2976867668e-03
-1.2699547410e-01
-1.2815761566e-01
5.6424617767e-02
2.7422213554e-01
1.7808589339e-01
6.1067048460e-02
1.5377946198e-02
-1.1231268197e-01
-1.0187412053e-01
2.3273786530e-02
5.8189120144e-02
8.3028547466e-02
-3.3636519313e-01
-1.6996166706e+00
1.3682062626e+00
-1.0955456644e-01
6.6721089184e-02
-1.2735934556e-01
-2.4306321517e-02
-7.8994758427e-02
2.6951959729e-01
-5.0231951475e-01
7.2244830430e-02
-1.6893586144e-02
5.2837967873e-02
1.3087055087e-01
-1.7258960754e-02
-1.2414710969e-01
-4.9607661366e-01
-1.2215809524e-01
3.8106173277e-01
9.4159789383e-02
1.4669335447e-02
-7.4003621936e-02
1.7189390957e-02
-2.4947614968e-01
-2.6306304336e-01
2.0450590551e-01
8.0328561366e-02
2.3388909176e-02
1.7974540591e-01
-3.3839035034e-01
3.7788476795e-02
3.9182975888e-02
-4.0326695889e-02
-1.5992763638e-01
-6.8240058608e-03
2.9373733327e-02
2.0732273161e-01
6.6191479564e-02
-1.9615595043e-01
1.9043731689e-01
-5.8506160975e-01
9.9072551727e-01
-9.8238013685e-02
2.5545388460e-01
-5.5383197963e-02
1.0282398760e-01
-2.0877406001e-01
1.5118931234e-01
2.0251053572e-01
-8.8934935629e-02
-3.5307779908e-02
2.1812383831e-01
3.5228390247e-02
-5.8646345139e-01
-7.3142153025e-01
-1.3254373074e+00
1.6121022701e+00
-1.2294651270e+00
-1.6832511127e-01
-2.6039978862e-01
9.4911560416e-02
2.3632432520e-01
1.9032239914e-01
1.6510479152e-01
-1.5782122314e-01
4.7427275777e-01
-2.7509701252e-01
1.7359516025e-01
-2.1469570696e-01
1.3479802012e-01
-3.3790504932e-01
-3.0120584369e-01
2.5220149755e-01
2.5595584512e-01
2.5837063789e-01
9.4599630684e-03
2.0842805505e-02
-4.0318709798e-03
2.2275192663e-02
4.7824405134e-02
8.6053408682e-02
-4.0612411499e-01
7.0525276661e-01
-7.4636571109e-02
-6.0842591524e-01
-8.2491599023e-02
-1.8258428574e-01
-3.1469020247e-01
1.4518037438e-01
3.2720977068e-01
3.4634950757e-01
-4.1786387563e-01
3.3194321394e-01
-3.8512162864e-02
-3.1728100032e-02
-5.4508483410e-01
2.6070764661e-01
6.2165167183e-03
-3.6102914810e-01
-1.0889806598e-01
-2.5905868411e-01
-5.1338630915e-01
-4.6092558652e-02
1.1168975383e-01
-2.3612628877e-01
-4.1014719754e-02
-1.2127364753e-03
5.9456322342e-02
3.2907269895e-02
-2.3724432103e-03
1.3670751825e-02
-5.2880048752e-02
-5.6864760816e-02
1.6914369538e-02
-4.0233172476e-02
2.6714036465e+00
-1.6961319447e+00
1.6377385855e+00
-3.3749434948e+00
1.8576307297e+00
-6.9541685283e-02
-9.0000152588e-02
-1.4747943729e-02
-7.2851832956e-03
-3.3700302243e-02
-1.6155955195e-01
-2.6783971116e-02
5.3683298826e-01
-9.5779222250e-01
-8.1581860781e-01
4.0610051155e+00
4.8228928447e-01
1.4197906256e+00
1.9829096794e+00
3.1884274483e+00
2.4998866022e-01
6.8109445274e-02
-3.0573779345e-01
2.6472610235e-01
-1.3840129972e-01
-1.5294812620e-02
-2.7505229227e-03
2.7433533221e-02
-2.3286195472e-02
-7.4236798100e-03
3.9199952036e-02
2.7826496959e-01
2.2712452710e-01
5.6010758877e-01
-4.0646148846e-03
9.8510989919e-03
-4.2437739670e-02
-6.3550360501e-02
5.6879483163e-03
-3.8364425302e-02
-2.3959346116e-01
-5.5607300252e-02
2.5084847584e-02
1.1504199356e-01
-3.6293208599e-02
8.2731865346e-02
4.4891181588e-01
7.4448204041e-01
2.8146529198e-01
-3.7628746033e-01
4.1843470931e-01
-6.5952429771e+00
-1.9439409971e+00
4.7158137895e-03
-6.6426038742e-01
-9.3732282519e-02
6.0556434095e-02
-8.4610357881e-03
1.1690919846e-01
-1.7677435279e-01
9.9342195317e-03
-1.6573701799e-01
4.3209093809e-01
2.7640715241e-01
6.2952615321e-02
2.4349305034e-01
-7.1182139218e-02
-3.7882778794e-02
2.0778368413e-01
1.4324663579e-01
-3.5387318581e-02
-3.2517079264e-02
9.4772629440e-02
-1.3089668751e-01
6.1464443803e-02
-8.1759971380e-01
7.8016656637e-01
-6.6363489628e-01
1.0852173567e+00
2.7081742883e-01
3.5424980521e-01
4.0564587712e-01
1.2380759716e+00
-8.7758398056e-01
6.6308379173e-01
-2.8259757161e-01
6.4720675349e-02
1.2242947817e+00
3.3199656010e+00
2.6913909912e+00
5.0890498096e-04
2.4323675781e-02
1.8656060100e-01
4.7850497067e-02
-3.8789395243e-02
7.0310395956e-01
-1.6947805882e-01
4.6641293913e-02
1.9141608477e-01
-2.3550987244e-01
-1.7601219937e-02
-5.9545785189e-02
-9.6382580698e-02
8.7286360562e-02
1.9346484542e-01
1.7249338329e-01
-3.4948073328e-02
1.1929265410e-01
-1.0898584872e-01
-3.5195752978e-02
-4.3912932277e-01
-2.3686873913e+00
-2.1633759141e-01
1.2154195309e+00
-9.1012352705e-01
5.9103101492e-02
7.2469905019e-02
-6.7228406668e-02
1.5138174593e-01
-1.3956809044e-01
-6.3347242773e-02
1.9352452829e-02
1.0400971398e-02
5.2924998105e-02
4.4962234795e-02
1.8272975460e-02
-2.5544380769e-02
3.4825935960e-02
1.5683040023e-02
4.4014636427e-02
1.5078411996e-01
-1.4938868582e-01
3.4512767196e-01
-6.6530056298e-02
1.5781214833e-01
1.6877464950e-01
1.4406360686e-02
-4.2152261734e-01
-4.3894910812e-01
3.9932809770e-02
2.3669205606e-01
1.3496957719e-01
-1.0405495763e-01
4.1140633821e-01
1.9002254307e-01
-5.5078171194e-02
4.8905048519e-02
4.5089030266e-01
-6.4193302393e-01
-5.3342364728e-02
-2.1268801391e-01
-3.1373161077e-01
2.8506571054e-01
-3.8193199039e-01
3.8980180025e-01
3.0969142914e-01
1.6141363382e+00
3.6108955741e-02
-1.3355412483e+00
1.2918730080e-01
2.5373423100e-01
-1.3499592245e-01
-3.3852194902e-03
2.5265811011e-02
1.3678506017e-01
-2.6044051629e-03
-5.5447602645e-03
-6.2366161495e-02
1.2214110047e-01
-4.3316848576e-02
-5.1882618666e-01
1.0681358576e+00
-1.8463504314e-01
-1.6256797314e-01
6.8254299462e-02
-1.3144159317e+00
7.4006253481e-01
-8.7934166193e-01
-7.5714617968e-01
1.8066331148e+00
7.0445649326e-02
-5.4709188640e-02
-1.7415916920e-01
-1.8725699186e-01
7.0661060512e-02
-1.1141357422e+00
9.3987429142e-01
-1.8426977098e-01
6.5912538767e-01
1.9899454117e+00
8.2932102680e-01
-4.7805958986e-01
-5.1550847292e-01
1.4714285135e+00
-1.8617188931e-01
-1.1801683344e-02
3.9576672018e-02
-1.1465055868e-02
1.0765426606e-01
-8.1319615245e-02
-2.1952077746e-02
-7.5358889997e-02
-4.7465464473e-01
3.0345803499e-01
-6.2609352171e-02
2.2193388939e+00
-6.7510807514e-01
-7.3354941607e-01
8.4812265635e-01
-7.3015481234e-01
4.4028484821e-01
-1.0371860117e-02
1.1180424690e-01
3.5714623332e-01
3.2330024987e-02
-8.2784984261e-03
-3.7909217179e-02
-2.7950537205e-01
-5.5412530899e-02
-2.4113066494e-02
-6.7309454083e-02
-1.0468348861e-02
-9.7582014278e-03
3.2375294715e-02
-1.9293328514e-03
-1.1621559411e-01
-5.3211128712e-01
-1.4969271421e-01
1.5760524198e-02
-4.4910758734e-02
-3.1599262357e-01
2.0745986700e-01
2.8727090359e-01
1.5302316844e-01
-1.6013653949e-02
2.4442575872e-01
1.6947166622e-01
3.8388568163e-01
6.0858853161e-02
-1.5962796286e-02
-5.8353537321e-01
-3.5252094269e-02
1.5212814510e-01
7.6860964298e-02
2.5211814046e-01
3.8704225421e-01
-1.6777555943e+00
-2.1815927327e-01
7.7833473682e-02
2.1409013271e+00
2.7960138395e-02
-1.7976044416e+00
-9.9064290524e-01
6.2351620197e-01
-7.3188984394e-01
7.3337718844e-02
3.1309642363e-03
-2.6803466678e-01
-3.2010763884e-01
9.3854255974e-02
3.7027573586e-01
-2.0456731319e-01
-1.2567818165e-01
3.0560606718e-01
-2.9740381986e-02
-9.0779699385e-02
7.4217975140e-01
-3.6767533422e-01
-1.2981428206e-01
-1.5219084918e-01
2.1387372017e+00
1.5886127949e+00
-9.3659228086e-01
-6.5882396884e-03
3.2668966055e-01
2.0061814785e+00
3.3153977394e+00
-5.6601262093e-01
-5.0755250454e-01
2.3422071934e+00
3.3197797835e-02
4.9568481743e-02
-1.5552975237e-01
-2.0462428033e-01
-2.6821892709e-02
5.3105182946e-02
-1.4008803293e-02
4.0807358921e-02
5.3794365376e-02
2.5841064751e-02
-3.7686437368e-02
-2.7389758825e-01
-7.6218140125e-01
2.8903603554e-01
1.3071484566e+00
-5.5244341493e-02
1.5870129690e-02
5.9486761689e-02
5.9438988566e-02
2.8282612562e-02
-5.1625967026e-02
2.1138332784e-02
8.2063190639e-02
9.2354886234e-02
1.7513204366e-03
2.1542829275e-01
-2.3146691918e-01
1.1162574291e+00
-1.2306379080e+00
9.4935375452e-01
-6.8426630460e-03
-8.4992367029e-01
1.0692294836e+00
-7.5494718552e-01
3.1327891350e-01
1.8806657195e-01
-4.8226344585e-01
4.9143496156e-01
-7.9226657748e-02
-5.3943313658e-02
-2.5259193778e-01
3.6674311757e-01
1.5564640053e-02
-3.6508283019e-01
5.8391157538e-02
1.5678626299e-01
5.6137573719e-01
-6.2771970034e-01
-1.2258399278e-01
1.1533719301e+00
3.8373932242e-01
-6.7688155174e-01
3.2234466076e-01
-7.2673779726e-01
2.8988677263e-01
1.2594266236e-01
3.3769509196e-01
2.0379465818e-01
4.5843586326e-02
4.6017038822e-01
-2.0880056918e-01
-1.1584401131e-01
-1.8630678952e-01
4.8860128969e-02
3.7128961086e-01
3.0797431469e+00
-1.9855427742e-01
-9.2838698626e-01
-1.0352478027e+00
1.1409708261e+00
1.3802750111e+00
1.8034512997e+00
-5.7228797674e-01
-6.4193719625e-01
3.2596840858e+00
-1.7902225256e-02
-5.5822002888e-01
-8.8516694307e-01
3.1265002489e-01
-1.3648692518e-02
8.9312419295e-02
3.5626795888e-01
8.2989178598e-02
8.1141762435e-02
1.2811826169e-01
8.3533830941e-02
-9.4567239285e-02
9.9735908210e-02
-2.2708022967e-02
-2.5969696045e-01
-2.5621339679e-01
7.1814924479e-02
2.2339369357e-01
-3.9663642645e-01
-2.4078047276e-01
-4.9378979020e-03
-4.8802006990e-02
-7.7043031342e-03
5.6110467762e-02
-1.6843378544e-02
9.7866851091e-01
-1.2757201195e+00
-4.7296062112e-01
-1.7914745212e-01
7.3865723610e-01
8.7949496508e-01
-1.2964607775e-01
-8.8767743111e-01
-1.0713658333e+00
3.8252344728e-01
-1.7367330194e-01
3.1715020537e-01
5.9462983161e-02
-2.3236405104e-02
-3.0491614714e-02
3.7263174057e+00
-2.3556199670e-01
1.4437972307e+00
6.9852764718e-03
2.8344807625e+00
-2.5217955932e-02
3.4200800583e-03
-1.4706823044e-02
1.1951374821e-02
-8.4586199373e-03
6.7944633961e-01
-1.4507466555e+00
-4.5347815752e-01
-1.4802487195e-01
4.9718415737e-01
1.3041985035e-01
6.5021961927e-02
-1.3059130311e-01
2.4150659144e-01
1.9480144978e-01
1.5228115320e+00
-2.7875089645e-01
8.5404413939e-01
5.8143234253e-01
-2.3054057360e-01
-1.1330843717e-01
7.8189291060e-02
1.4061791822e-02
4.3137256056e-02
-2.3278409615e-02
2.8857132792e-01
2.0690426230e-01
3.3671483397e-02
3.1978198886e-01
-2.7092564851e-02
-8.7689027190e-02
6.5755113959e-02
-9.3344040215e-02
7.1538865566e-02
3.1270917505e-02
3.8801342249e-01
8.4215253592e-01
8.2469207048e-01
9.0922820568e-01
2.0512790680e+00
-1.8732532263e+00
-9.7197568417e-01
-1.6572333574e+00
-2.0093355179e+00
-1.3106323481e+00
-4.0945547819e-01
-1.0002461672e+00
2.9886666685e-02
5.3446763754e-01
8.7764874101e-02
-4.9257051945e-01
5.0153636932e-01
1.3992517255e-02
-1.4052574635e+00
-9.9507409334e-01
1.6859030584e-03
-2.0096793771e-02
-1.4436536003e-03
-9.4950189814e-03
-4.6957363375e-03
6.3529156148e-02
2.6942094788e-02
1.1490894109e-01
8.6565054953e-02
6.8819716573e-02
-2.3094510660e-02
-1.6576759517e-02
-1.0105618276e-03
4.7058135271e-02
-6.0412734747e-03
3.0929470062e-01
4.0289324522e-01
1.3747277856e-01
2.3057426512e-01
-2.7418628335e-01
-5.9255979955e-02
7.7383302152e-02
5.2313841879e-03
1.6225410998e-01
4.5080841519e-03
-3.2063186169e-02
-2.1915611625e-01
-1.5475010872e-01
-2.1285806596e-01
-5.6139729917e-02
5.4661552422e-03
-2.1330995485e-02
2.7714725584e-02
-4.4783581048e-02
-5.4891753942e-02
-1.2729471922e-01
-9.5905683935e-02
-1.8029943109e-02
3.4558423795e-04
5.6594379246e-02
-9.4966113567e-02
3.4955844283e-02
1.0555288196e-01
1.4899362624e-01
2.5368480012e-02
-4.4769245386e-01
3.8008651137e-01
9.9323817994e-04
2.0123380423e-01
4.9543354660e-02
4.2998999357e-02
-3.5556547344e-02
-7.4714735150e-02
-5.4856099188e-02
3.0979907140e-02
1.7317616940e-01
-3.2563027740e-01
1.6323678195e-02
2.5369944051e-02
1.6763399541e-01
5.6467425823e-01
2.7111176401e-02
-1.4944525063e-01
-3.8058859110e-01
-8.1685942411e-01
-8.5485719144e-02
2.4505225942e-02
3.5919547081e-02
5.7786654681e-02
1.2202051282e-01
-1.3414708376e+00
6.3149213791e-02
6.0466766357e-02
5.6945592165e-01
2.0943550766e-01
-3.4234188497e-02
-5.3838384338e-03
-9.5031134784e-02
-3.2365384698e-01
-7.9303033650e-02
1.7806963995e-02
1.9901435822e-02
9.7536956891e-03
-3.6928519607e-02
5.0990376621e-02
-2.2836969793e-01
-1.1948104203e-01
8.9899174869e-02
1.1101613939e-01
2.7712321281e-01
3.1836828589e-01
1.6145373881e-01
3.1513762474e-01
-1.5058368444e-02
9.0605363250e-02
1.4768511057e-01
1.0019291192e-01
-3.4789475799e-01
1.2403529882e-01
3.5727933049e-01
2.7168756351e-02
-4.8810351640e-02
-1.3447487727e-02
-1.0823798925e-01
-1.0430677980e-01
-3.4676250070e-02
6.2550731003e-02
-5.0650099292e-03
1.1328410357e-01
3.6182824522e-02
7.4870578945e-02
-8.3485864103e-02
8.3048075438e-02
3.1837046146e-01
-4.8755545169e-02
7.4795946479e-02
1.0836640000e-01
-7.0839665830e-02
-8.7230607867e-02
-7.0037305355e-02
6.1749299057e-03
-4.9941997975e-02
5.7023465633e-01
3.2119783759e-01
1.1749885976e-01
2.5389602184e+00
4.7326463461e-01
3.7972552776e+00
1.6955504417e+00
1.2784286737e+00
7.0327743888e-02
4.7800730914e-02
1.1868422478e-01
-4.6167448163e-02
-1.1640354991e-02
-2.5924904272e-02
-3.1358298659e-01
-9.6338376403e-02
-3.9202585816e-02
-8.1624649465e-02
2.3347412050e-01
-2.6494371891e-01
-3.0061401427e-02
1.8874825537e-01
-3.5619089007e-01
-1.9391855458e-03
-1.3512224890e-02
-4.1287176311e-02
-4.1835838929e-03
-3.1757861376e-02
-9.6757805347e-01
5.9507634491e-02
5.8700537682e-01
-2.6942843199e-01
-1.5422196686e-01
6.4783886075e-02
-1.9273076952e-01
-2.5335412472e-02
-3.0676698685e-01
1.6623948514e-01
6.1687475443e-01
-1.5863500535e-01
-2.9372519255e-01
-1.8534407020e-01
-8.8516883552e-02
-2.7996477485e-01
1.9560135901e-01
-6.2640827894e-01
4.8270463943e-01
4.1141957045e-02
-2.2595666349e-01
-5.2206766605e-01
-2.7318215370e-01
1.9981861115e-02
-4.5512884855e-02
-2.5370267686e-03
2.9234435409e-02
5.9405151755e-02
-2.3967098445e-02
-7.2900876403e-02
-2.0077929366e-03
-3.9622951299e-03
1.1320025660e-03
-1.6479397193e-02
-1.6496289521e-02
1.6771268845e+00
-1.5622501373e+00
3.3704623580e-02
1.3450976610e+00
-3.1309476495e-01
-1.5803320333e-02
2.9734896496e-02
-6.2721492723e-03
1.6649590805e-02
-1.3688821346e-03
-1.1667460203e-01
3.2897874713e-01
-2.0525023341e-01
5.3038620949e-01
6.3509297371e-01
-8.2727992535e-01
7.5561451912e-01
-2.6486725807e+00
-6.4642983675e-01
1.5711571276e-01
-1.4862859249e-01
-1.6988007724e-01
1.8185997009e-01
6.9571663626e-03
3.8682073355e-02
-3.7518300116e-02
-2.7696760371e-03
3.3773068339e-02
3.0320346355e-02
1.8961295718e-03
5.6118619442e-01
-1.7426112294e-01
3.2057440281e-01
-6.3109534979e-01
2.4583713710e-01
2.6234833524e-02
3.2161768526e-02
-1.3344522566e-02
-4.7455374151e-03
1.1882769316e-01
-1.0575472377e-02
-6.7801393569e-02
-4.2912416160e-02
1.3694060966e-02
-2.5781163946e-02
6.7362648249e-01
-2.9135116935e-01
-2.3497931659e-01
-4.9962553382e-01
-8.1735920906e-01
4.7916895151e-01
1.3746889830e+00
2.3347811401e-01
9.8779964447e-01
-4.0293934941e-01
1.4531786554e-02
-1.0161364824e-01
-1.8744122982e-01
5.6257791817e-02
1.5566444397e-01
-6.1088718474e-02
-3.9665453136e-02
-3.9518553019e-01
6.9087147713e-02
-2.2141802311e-01
-5.9663329273e-02
8.6479283869e-02
-1.4343445003e-01
4.2459162069e-04
1.6332356632e-01
-1.3108589686e-02
-4.7141939402e-02
-7.7516011894e-02
-1.1639655381e-01
-1.2386230752e-02
3.8572737575e-01
2.2339163721e-01
-1.1088716239e-01
5.3919155151e-02
-7.3107853532e-02
4.2720988393e-01
-3.4168806672e-01
-2.2252702713e-01
-5.9954226017e-01
-1.3792507350e-01
2.5437479019e+00
1.1988089085e+00
-1.3933950663e+00
-4.6160030365e-01
-1.2269244194e+00
-6.4317502081e-02
-7.2202540934e-02
-1.2928059697e-01
-2.0919442177e-01
-2.5652381778e-01
-6.6401910782e-01
-1.5204250813e-01
-1.9816402346e-02
-2.4623844028e-01
-3.1995150447e-01
2.9209107161e-02
4.4140432030e-02
-2.6832247153e-02
-3.2787993550e-02
-1.5893192962e-02
1.4778861403e-01
-2.5479760021e-02
-4.5633755624e-02
3.0769288540e-02
4.5968595892e-02
8.7387162447e-01
1.6528701782e+00
-1.5131049156e+00
-3.0799882412e+00
-1.0237292051e+00
2.3360667750e-02
-4.8431321979e-02
4.7114830464e-02
-1.3247015886e-02
2.2829720378e-01
2.8994781896e-02
-1.1351556517e-02
-4.7188973986e-03
9.5168147236e-03
7.1818898432e-03
-1.0481850803e-01
-1.0265869647e-01
-2.3738152813e-03
-1.5106903017e-01
5.3623415530e-02
-1.2577379942e+00
-1.4412410259e+00
2.2190310955e+00
-7.5993961096e-01
-1.3431571722e+00
-1.5935269594e+00
-9.3337398767e-01
-7.5908535719e-01
-9.5373326540e-01
-6.0688197613e-01
5.4885721207e-01
1.6614910960e-01
-7.3423057795e-01
-1.4468700886e+00
-6.6159546375e-01
-1.0294851303e+01
-6.9495506287e+00
-2.9838101864e+00
4.0963202715e-01
-4.1462460160e-01
-4.1565256119e+00
1.2303330898e+00
-5.1767462492e-01
7.4628281593e-01
9.0938448906e-01
-9.7119932175e+00
-5.0458402634e+00
-4.1900396347e-01
3.0161893368e+00
3.1328392029e+00
2.0621754229e-01
2.8827729225e+00
1.4226475954e+00
-5.0551640987e-01
7.8228443861e-01
-7.2880864143e-01
-8.2893151045e-01
1.9776841998e-01
7.9015547037e-01
-1.0212265253e+00
-1.8755072355e+00
8.0383342505e-01
1.0738838911e+00
7.4508774281e-01
2.2374610603e-01
-3.5303804874e+00
-3.6026129723e+00
-2.6799309254e+00
2.1631371975e+00
2.6466436386e+00
-8.7854671478e-01
-4.4505244493e-01
-2.4679094553e-01
1.0632989407e+00
2.9786465168e+00
-2.4975032806e+00
-1.7231299877e+00
1.1514245272e+00
5.9194025993e+00
7.8905129433e+00
-1.6160012484e+00
-3.5149161816e+00
-2.8343377113e+00
-1.8979473412e-01
-5.7176053524e-01
-2.2758285999e+00
-1.2936090231e+00
-6.7743855715e-01
8.2922101021e-01
-1.1800462753e-01
-3.3262009621e+00
1.4237928391e+00
1.1271471977e+00
-3.7907201052e-01
-1.1792106628e+00
-6.7105236053e+00
-2.3158962727e+00
1.1446000338e+00
2.8850793839e+00
-1.0621575117e+00
1.6275663376e+00
2.3673418164e-01
7.0364582539e-01
-7.7128213644e-01
-2.0053615570e+00
-1.3058099747e+00
7.0045046508e-02
-5.1387101412e-01
-2.0854951441e-01
-1.2235728502e+00
-2.2020568848e+00
-1.6977443695e+00
-7.7694183588e-01
5.4621571302e-01
5.4484134912e-01
4.7959952354e+00
3.0155942440e+00
1.4866749942e-01
-7.8794801235e-01
-2.0116722584e+00
4.2692403793e+00
1.6844866276e+00
4.8807218671e-01
-1.7569096088e+00
-3.7348053455e+00
-1.9516396523e+00
-5.7944750786e-01
1.5499285460e+00
-1.0828195810e+00
-1.1704252660e-01
6.7257041931e+00
2.0313851833e+00
-9.6525168419e-01
-4.3385524303e-02
1.7635844946e+00
-5.6233968735e+00
5.5578500032e-01
3.7262198925e+00
2.8598036766e+00
3.4383630753e+00
-2.3370082378e+00
2.3997209072e+00
-3.6278417706e-01
8.6701637506e-01
6.4672972076e-04
-8.3821696043e-01
-1.2866096199e-01
-6.1510026455e-01
-7.5317424536e-01
-1.1553497314e+00
2.6260845661e+00
1.0021078587e+00
2.3312881589e-01
-2.0929174423e+00
-4.4437913895e+00
2.3620307446e+00
-7.2713885456e-03
-2.2224195302e-01
5.2471339703e-01
-1.5697927475e+00
-9.2396373749e+00
-3.2835762501e+00
1.5688320398e+00
1.6131603718e+00
5.6885447353e-02
-7.2149949074e+00
-5.4987182617e+00
-3.7945921421e+00
1.3649861813e+00
3.6983561516e+00
1.8934997916e-01
1.9253553152e+00
4.4461745769e-02
-5.5877554417e-01
-5.5467557907e-01
-1.4152715206e+00
1.4952495098e+00
1.2873469591e+00
5.2912950516e-01
-3.1714746356e-01
2.6221425533e+00
-3.7499518394e+00
5.9905844927e-01
5.6508314610e-01
6.5291965008e-01
-3.0982508659e+00
2.1882945299e-01
-1.3658453226e+00
1.2188975811e+00
-1.3358689845e-01
2.4982735515e-02
-1.6627420187e+00
-5.8970624208e-01
7.4453294277e-01
1.5041674674e-01
-3.7090945244e+00
-4.5451674461e+00
-3.8199448586e+00
9.0756189823e-01
1.5336130857e+00
-7.6379742622e+00
-6.3520479202e+00
1.8298625946e-01
2.4660289288e-01
1.1302799731e-01
-1.1029264927e+00
3.1070438027e-01
-3.9683413506e-01
-4.9625033140e-01
-1.6399732828e+00
-2.9617116451e+00
-7.6603776217e-01
-1.1183258295e+00
-7.5855478644e-02
-1.6482400894e+00
-7.8533835411e+00
-5.9997878075e+00
-1.6986337900e+00
2.8665320873e+00
3.9679629803e+00
-6.5092649460e+00
-2.1251125336e+00
2.3848273754e+00
-4.1680124402e-01
-1.9413043261e+00
-4.2088274956e+00
-3.5963516235e+00
-6.7111873627e-01
2.5817387104e+00
2.2040309906e+00
-1.3644874096e+00
-2.4037887156e-01
3.2315760851e-02
-1.0621147156e+00
1.1339112520e+00
-3.9724092484e+00
-1.6123970747e+00
2.8983252048e+00
6.6212601662e+00
3.9554674625e+00
-9.3669672012e+00
-4.2563905716e+00
-3.8865351677e+00
2.2936642170e+00
4.7330760956e+00
-3.0797543526e+00
-3.0883839130e+00
-4.2461309433e+00
-3.7017654628e-02
3.8464660645e+00
-5.7022547722e+00
-3.1767461300e+00
-1.9160109758e+00
5.0986635685e-01
9.1493517160e-01
-1.2260951996e+00
-3.2246398926e-01
-1.8686639071e+00
-5.3857380152e-01
-3.4853744507e-01
-5.8008617163e-01
1.5906934738e+00
3.1979089975e-01
-7.9054045677e-01
-2.7160236835e+00
1.7277091742e-01
-2.2447683811e+00
1.2327643633e+00
3.9374306798e-03
2.4838896468e-02
-5.9419002533e+00
8.5857033730e-01
5.3644734621e-01
1.6498218477e-01
-5.5521923304e-01
-3.5965993404e+00
3.9083841443e-01
-1.3859119415e+00
-1.7779806256e-01
5.7265096903e-01
3.6156687737e+00
3.1017286777e+00
1.0535255671e+00
-1.0855133832e-01
-2.0525600910e+00
-5.1203689575e+00
-5.4255032539e+00
-1.2134238482e+00
4.4565873146e+00
3.5177769661e+00
-1.4549000263e+00
2.7232918739e+00
-1.6910942793e+00
8.8574475050e-01
-8.7118059397e-01
-1.6121199131e+00
6.9955366850e-01
-1.5041583776e+00
1.7803641558e+00
5.0819911957e+00
-1.1033084393e+00
5.4898810387e-01
-2.3552405834e-01
-8.4314122796e-03
-8.6379563808e-01
-2.3442649841e+00
6.2533164024e-01
2.4131100178e+00
4.1235227585e+00
4.0690898895e+00
-2.6600987911e+00
-1.4406344891e+00
2.1425831318e+00
3.1691795588e-01
2.0574066043e-01
4.3678832054e+00
2.5673215389e+00
1.8872183561e+00
-2.1456159651e-02
-1.3353357315e+00
1.5703730583e+00
-8.9143013954e-01
-1.3152766228e-01
6.5862780809e-01
-1.2579456568e+00
-5.2162561417e+00
-2.7291932106e+00
-1.6065722704e-01
4.4276633263e+00
6.9851732254e+00
1.3874515295e+00
4.4439601898e+00
1.3372097015e+00
-1.7914572954e+00
-2.4481937885e+00
5.9408559799e+00
4.1089134216e+00
5.1552933455e-01
-2.7075607777e+00
-3.8974874020e+00
-4.3230748177e+00
-3.9423124790e+00
-7.4121922255e-01
2.1487340927e+00
2.1033408642e+00
6.3766591251e-02
-8.7234616280e-02
2.0281115174e-01
-6.1520393938e-02
-4.6948837116e-03
-2.2619884014e+00
-1.1375613213e+00
7.6551847160e-02
-2.0264610648e-01
6.6610097885e-02
-3.9259970188e-01
-1.8582960963e-01
2.5837880373e-01
-1.0685136914e-01
3.0704733729e-01
-7.0146882534e-01
-6.5337961912e-01
6.4583110809e-01
6.1197018623e-01
8.8279819489e-01
-2.2881822288e-01
-2.4222785234e-01
-1.9137835503e-01
-1.9162321091e-01
2.9121452570e-01
-1.1231975555e+00
-6.6432291269e-01
-3.1040120125e-01
8.0492004752e-02
-7.4502491951e-01
-1.5176837444e+00
-1.8074591458e-01
4.4048056006e-01
2.3543153703e-01
3.1292340159e-01
9.4740396738e-01
3.4492143989e-01
4.2061460018e-01
2.1009024978e-01
7.7903336287e-01
-4.7024449706e-01
-1.1303654909e+00
-4.3045347929e-01
-2.3810145259e-01
-4.8995664716e-01
1.2692044973e+00
5.4528329521e-02
5.8942687511e-01
1.9654506445e-01
1.4422061443e+00
-6.4193254709e-01
2.7250444517e-02
4.1757741570e-01
3.1310623884e-01
-6.1352204531e-02
3.0881240964e-01
3.7233784795e-01
2.0132634044e-01
-6.7779517174e-01
-7.9630887508e-01
4.5924776793e-01
6.1391073465e-01
4.8920673132e-01
5.4044461250e-01
-9.0669482946e-02
-1.8251799047e-01
-2.9469284415e-01
4.0149620175e-01
2.9504564404e-01
2.6525568962e-01
-1.4977874756e+01
-8.2969980240e+00
-3.1756310463e+00
-3.8897542953e+00
-2.6813523769e+00
1.1268969774e+00
9.9118846655e-01
2.0062726736e-01
-1.3923900127e+00
-1.3556190729e+00
2.3568284512e-01
-1.3440774381e-01
5.8142203093e-01
3.4607481956e-01
1.5427720547e-01
-5.9525692463e-01
-3.8965415955e-01
-1.8603131175e-01
4.7772753239e-01
-9.5378184319e-01
-1.5587006509e-01
-2.0467096567e-01
1.0492764413e-02
-2.1398198605e-01
-9.7179047763e-02
-3.8420057297e-01
-7.0257604122e-01
-1.0968227386e+00
1.6809625924e-01
5.4148256779e-01
-3.2198053598e-01
-5.2400904894e-01
-1.7385045066e-03
-2.6373919845e-01
-6.9289557636e-02
5.6655484438e-01
1.0106241331e-02
2.2348983213e-02
-2.4147316813e-01
-9.6061652899e-01
3.7440660596e-01
-7.7161359787e-01
-6.1365485191e-01
-1.5628236532e+00
-1.5875562429e+00
-1.5846483707e+00
-4.6683004498e-01
1.2846836448e-01
2.3902010918e-01
2.4996937811e-01
-7.5720649958e-01
-1.0886516571e+00
-1.3211946487e+00
-2.6502889395e-01
1.4756593704e+00
-2.0702465057e+01
-1.9239568710e+01
-1.4767609596e+01
-1.0491028786e+01
-4.1127853394e+00
-7.2509065270e-02
3.3167529851e-02
7.3225110769e-01
1.0002728701e+00
9.1134887934e-01
-3.2845860720e-01
1.8516258895e-01
-2.7677673101e-01
-7.1194976568e-02
-5.8019012213e-01
-1.1735019684e+00
-1.5153915882e+00
-1.4349845052e-01
-1.1269509559e-03
-1.9164711237e-01
-3.5018581152e-01
-3.7164950371e-01
1.1184967309e-01
5.1644438505e-01
1.8999710679e-01
4.1138830781e-01
5.1447875798e-02
5.4689586163e-01
4.1692066193e-01
-1.2688196264e-02
-5.0618731976e-01
-2.0702259243e-01
-8.0665689707e-01
-5.2617090940e-01
-1.1167222261e-01
-5.3151097298e+00
-2.4097671509e+00
-5.5641078949e-01
-7.9433619976e-01
9.7105853260e-02
3.6311796308e-01
1.4396370947e-01
7.7546423674e-01
-2.0657750964e-01
-7.8416603804e-01
-1.4161789417e-01
-1.2302495539e-01
3.6079132557e-01
3.6853837967e-01
2.9458022118e-01
1.0028517246e-01
-2.6521247625e-01
-4.5505788922e-01
2.1895377338e-01
6.7536753416e-01
3.2475680113e-01
-1.8310600892e-02
2.0157274604e-01
-1.3545734109e-03
-1.5465873480e-01
-1.3229194641e+01
-9.6093091965e+00
-8.2591066360e+00
-4.7878316045e-01
9.0727336705e-02
-3.2843180001e-02
7.7598989010e-02
5.7671141624e-01
7.0658254623e-01
7.6808530092e-01
-3.1562313437e-01
-6.1056740582e-02
2.6918113232e-01
7.1886849403e-01
2.3916623592e+00
-4.4933352470e+00
-2.8141615391e+00
3.3549242020e+00
-3.0979926586e+00
2.2752804756e+00
-8.9335478842e-02
1.1728736758e-01
-1.0776451230e-01
-7.3000532389e-01
-9.4742578268e-01
2.5090667605e-01
7.2446592152e-02
2.4430681765e-01
-4.0059223771e-02
-3.5400267690e-02
-3.2783746719e+00
-6.7953381538e+00
-9.1317176819e-01
-2.1981520653e+00
2.9524275661e-01
5.3587692976e-01
-7.5808219612e-02
-4.0956266224e-02
-1.6786435246e-01
4.4214871526e-01
8.9633184671e-01
5.4889243841e-01
7.0628918707e-02
-4.0770462155e-01
-9.2864766717e-02
-3.8462259769e+00
-1.6417982578e+00
-2.7912312746e-01
-5.8945426717e-03
2.0453965664e-01
-1.9964038849e+01
-1.6423557281e+01
-1.7551630020e+01
-1.0508029938e+01
-5.5443739891e+00
-3.3045738935e-01
-5.2381384373e-01
4.9363136292e-01
-8.3138942719e-02
6.6382855177e-01
-1.2289514393e-01
-2.3344966769e-01
-2.8107523918e-01
2.1608822048e-02
1.3053387403e-01
1.5921492577e+00
7.0513314009e-01
8.0558702350e-02
-6.6984206438e-01
2.3521256447e-01
-1.6463683546e-01
-2.0019191504e-01
-1.7504259944e-01
-2.7502295375e-01
-1.1486574262e-01
-1.7262032032e+00
4.4932356104e-03
-6.9503590465e-02
-1.1005985737e+00
-1.2037787437e+00
-1.3877797127e+00
-1.6684484482e-01
-1.8744108081e-01
2.3971478641e-01
5.7823377848e-01
-5.2053604126e+00
-2.8685452938e+00
-8.1437194347e-01
-7.0945930481e-01
3.7968041897e+00
-1.3862960339e+00
-8.2201862335e-01
2.6644274592e-02
-2.4607366323e-01
1.5790356696e-01
-1.1468603611e+00
5.3006559610e-02
4.8451423645e-01
7.0122873783e-01
1.6993649006e+00
8.1013403833e-02
5.9402272105e-02
3.3670101315e-02
-2.6976877451e-01
-4.1548725963e-01
-6.3522011042e-01
-4.3951177597e-01
-2.7741718292e-01
2.6649609208e-01
2.5279423594e-01
-1.3376709223e+00
-4.7739572525e+00
-5.3283824921e+00
-4.8501893878e-01
7.8908598423e-01
-4.0921464562e-02
-4.1675159335e-01
3.9793497324e-01
6.4997926354e-02
5.3514534235e-01
-3.7298044562e-01
-4.9547192454e-01
3.8769242167e-01
1.0604446754e-02
3.7929195911e-02
4.9298581481e-01
1.3108158112e-01
8.7888156995e-03
-2.8467047215e-01
-5.8410614729e-01
-3.8388204575e-01
-4.1185018420e-01
-5.8184996247e-02
2.8331533074e-01
-1.4337360859e-01
1.2539991736e-01
-1.7542359233e-01
4.2077177763e-01
8.8468663394e-02
1.6349399090e-01
-2.5473314524e-01
-5.0934165716e-02
1.0155103356e-01
1.8368528783e-01
5.7197099924e-01
-1.3579123020e+00
8.3590048552e-01
-4.7791042924e-01
-1.2505823374e+00
-3.6534187198e-01
7.2575157881e-01
-1.5378960371e+00
1.3513685465e+00
-1.7333432436e+00
9.5856249332e-01
1.6314154863e-01
2.4738414586e-01
-6.4754605293e-01
-2.9917893410e+00
7.2311794758e-01
-4.9185699224e-01
2.4655517936e-01
-4.7681033611e-01
3.3481720090e-01
2.4678310752e-01
-3.1892582774e-01
2.0941071212e-01
-2.5570830703e-01
-1.8804964423e-01
-2.0249722525e-02
2.2894766927e-01
-1.2294222116e+00
1.0413148403e+00
-1.1845805645e+00
5.8790045977e-01
-1.1395665407e+00
2.2783721983e-01
1.5566235781e-01
-1.6284728050e+00
-2.5400516987e+00
2.7806037664e-01
-2.8697955608e-01
1.5116237104e-01
-5.8912283182e-01
1.6024357080e-01
-1.3559918404e+00
-1.1014387608e+00
-2.4728110433e-01
-5.2069492340e+00
-1.1993527412e+00
5.3459262848e-01
2.2456035614e+00
-4.4630101323e-01
-1.5832761526e+00
-2.6793160439e+00
3.9868313074e-01
-5.4117256403e-01
5.9714335203e-01
2.7469828725e-01
4.1289842129e-01
-5.4344224930e-01
-2.3036880791e-01
9.2613226175e-01
-1.2271633148e+00
9.5762032270e-01
5.0332859159e-02
-6.4287394285e-01
5.0711816549e-01
-5.3478902578e-01
-1.4387212694e-01
-1.1219924688e+00
-5.5407416821e-01
2.5560966134e-01
-2.2964169085e-01
-1.2787832879e-02
6.7543141544e-02
1.3641361892e-01
-6.5124495886e-03
2.0154933631e-01
-1.1633539945e-01
1.7276413739e-01
1.1288425326e-01
-4.3589225411e-01
5.9892779589e-01
5.3558969498e-01
6.4774870872e-01
-5.4511970282e-01
-3.8070169091e-01
-6.4751021564e-02
1.0071831942e-01
1.0958357714e-02
4.0456440300e-02
-1.8779091537e-01
5.7624691725e-01
-4.0350040793e-01
-5.3985410929e-01
3.1472831033e-03
-5.9426391125e-01
2.6852890849e-01
-2.0014695823e-01
5.1360599697e-02
-8.7056708336e-01
6.9690608978e-01
-1.2853750587e-01
-1.3490192890e+00
3.1987414360e+00
-6.2801069021e-01
2.1696650982e+00
-2.6843049526e+00
-1.7384723425e+00
-1.8717411757e+00
7.2368037701e-01
2.9145128727e+00
-1.2432339191e+00
-3.2144784927e-01
-3.0717056990e-01
9.7700007260e-02
6.3608258963e-01
-2.2748130560e-01
-1.0509910993e-02
-7.9082316160e-01
2.5885248184e-01
-2.2539600730e-01
9.9271923304e-01
-2.4126613513e-02
-1.1494861543e-01
-1.5013441443e-01
-4.0302476287e-01
-5.4063372314e-02
-1.0495087504e-01
2.1349450946e-01
1.1350070685e-01
-1.0388797522e-01
-5.0447046757e-01
1.0135841370e+00
-3.3325145245e+00
3.0555086136e+00
-1.0368951410e-01
-4.8302474022e+00
-2.1405081749e+00
-1.4407898486e-01
2.4176913500e-01
1.8975050747e-01
-2.0198078454e-01
4.7194335610e-02
-4.5622516423e-02
-1.4074003696e-01
-2.9982177541e-02
-3.1429675221e-01
-2.6543202996e-01
4.8591431975e-01
2.3976130486e+00
-3.5515603423e-01
-3.1736905575e+00
-1.5307353735e+00
1.1649756879e-01
1.5467636287e-01
4.9009671807e-01
-1.0511069559e-02
-1.6500872374e-01
9.6869641542e-01
-9.4661724567e-01
1.8036466092e-02
1.1159475148e-01
6.4913654327e-01
2.4356016517e-01
4.0746167302e-01
1.1856402159e+00
-1.4382047653e+00
-2.3230965436e-01
1.2729880810e+00
1.2704830170e+00
-2.7103178501e+00
-2.1200112998e-01
8.3113199472e-01
1.1289058626e-01
3.8510045409e-01
4.1897952557e-01
2.2796958685e-01
1.5611298382e-01
6.1068277806e-02
-1.9656683505e-01
-5.0009214878e-01
-7.5552904606e-01
2.0977191925e+00
-3.1441438198e-01
1.1095730066e+00
1.9481452703e+00
-8.8779079914e-01
-3.9220049977e-01
1.0868967772e+00
6.3271194696e-01
-4.9925921485e-03
5.6535500288e-01
3.5278046131e-01
8.2983863354e-01
-5.5832636356e-01
1.6128654778e-01
-3.6858311296e-01
-1.2807574272e+00
8.6098903418e-01
3.3975493908e-01
1.9299870357e-02
-8.4822052717e-01
9.2848932743e-01
1.5450227261e+00
1.1263637245e-01
-7.0574986935e-01
-1.0596688986e+00
4.8585611582e-01
-2.8387579918e+00
2.0890982151e+00
8.3953380585e-02
-2.8552603722e+00
-3.7883274555e+00
-5.3230810165e-01
1.9807033241e-01
-2.6014456153e-01
-5.0700742006e-01
-8.7762665749e-01
-5.7937473059e-01
-4.4128465652e-01
1.3444716111e-02
2.7348071337e-01
-8.5065014660e-02
1.0298430175e-01
-2.4114875495e-01
6.2437254190e-01
-1.6032280028e-01
-5.2340723574e-02
3.2705965638e-01
1.1094458168e-03
-3.8570013642e-01
3.0527529716e+00
1.0414987057e-01
2.9503360391e-01
-2.0561714470e-01
-3.4128114581e-01
-8.6625777185e-02
-3.2442495227e-01
-8.1675267220e-01
1.0932842493e+00
-4.8277860880e-01
-3.3703869581e-01
6.1366951466e-01
-1.7240637541e+00
7.0426362753e-01
9.8184865713e-01
-1.4521981478e+00
-1.8099975586e+00
1.3338714838e+00
2.6398632675e-02
-2.0294979215e-01
-3.9979931712e-01
9.4984561205e-02
-7.9474711418e-01
6.0222613811e-01
-1.2273193598e+00
-3.5312671661e+00
-4.2246761322e+00
-2.8323122859e-01
3.0926179886e-01
4.2551410198e-01
-1.8934570253e-02
1.4990358055e-01
-7.9764378071e-01
7.6517730951e-01
-1.6955443621e+00
-1.8158122301e+00
-1.2038016319e+00
-3.9129018784e-01
-5.0772792101e-01
1.5848128498e-01
2.4204958230e-02
-5.5063617229e-01
-4.2874953151e-01
5.6981819868e-01
-2.8231340647e-01
-5.7053846121e-01
-1.2137186527e+00
-9.7162020206e-01
6.3901019096e-01
-5.8976829052e-01
-2.5909511372e-02
-3.4994557500e-01
5.4115104675e-01
-1.1384146214e+00
3.2282176614e-01
6.3339126110e-01
-7.0941507816e-01
7.2719536722e-02
-2.6262104511e-01
-3.4265759587e-01
-2.0748525858e-01
-7.3232548311e-03
-2.3670709133e+00
1.3220537901e+00
-2.0135164261e+00
-5.1692728996e+00
-2.9395921230e+00
1.4505572319e+00
1.5835460424e+00
1.2296867371e+00
9.3918758631e-01
3.3090627193e+00
7.4449795485e-01
-1.2370741367e+00
-1.5529841185e+00
1.9661615789e-01
6.5459027886e-02
-1.2554367781e+00
6.5881860256e-01
-8.0562397838e-02
1.5880419016e+00
7.7208960056e-01
6.4115248621e-02
-6.4239902422e-03
-7.6742932200e-02
-6.8509001285e-03
8.8779814541e-02
-5.4800057411e-01
-1.2806244195e-01
-1.7450982332e-01
-8.7661176920e-02
8.4858097136e-02
-4.7161765397e-02
2.6948034763e-02
-6.7300111055e-02
1.2841773033e-01
-3.9628934115e-02
-4.3840879202e-01
-2.6775968075e-01
-5.0894296169e-01
1.2123411894e+00
1.8432925642e-01
2.3731574416e-02
2.2687411308e-01
-2.0336584747e-01
-6.9724164903e-02
-4.0139134973e-02
-4.8885476589e-01
1.1881168932e-01
-1.5273539722e-01
-1.2726658583e-01
4.2215347290e-01
2.2812013328e-01
-6.6772595048e-02
-1.4575564861e-01
4.2677357793e-02
2.7100158855e-02
-2.6284050196e-02
4.2725723237e-02
-1.4690606296e-01
-7.5431704521e-02
4.2422211170e-01
-5.1943135262e-01
-1.0539222509e-01
-1.9598531723e-01
3.8945829868e-01
6.5931873396e-03
1.1182560921e+00
3.5443034768e-01
-2.7520217001e-02
-3.7496227026e-01
-1.2325143814e-01
-1.8574424088e-01
5.7916358113e-02
-7.9782418907e-03
-8.8950380683e-02
8.1645019352e-02
-2.7045837045e-01
5.2329409122e-01
1.1912170798e-01
4.6926724911e-01
-1.1008558422e-01
3.1641876698e-01
2.3623302579e-01
3.8099229336e-01
-2.1103918552e-01
-2.3274954408e-02
1.0700836778e-01
1.1224598438e-01
-7.1370601654e-02
2.5612648576e-02
5.8287065476e-02
-2.3687522411e+00
-2.2150533199e+00
6.8627786636e-01
5.0510436296e-01
1.1292882264e-01
7.0272666216e-01
-6.4459457994e-02
-4.4508441351e-03
-4.8172160983e-02
1.3043772196e-03
-4.1840415448e-02
-3.4889474511e-02
-9.0929687023e-02
1.2828975916e-02
-9.2916809022e-02
-3.2748371363e-01
-2.9393356293e-02
-6.3131940365e-01
3.9360436797e-01
-1.5985499322e-01
-7.4762798846e-02
7.4446171522e-02
-1.6539177299e-01
-1.6262917221e-01
3.7177246064e-02
-8.1176437438e-02
-9.3586571515e-02
-2.6687556878e-02
-4.3898379803e-01
1.2416580915e+00
-5.4457113147e-02
-9.1363891959e-02
1.3154362142e-01
-1.1009140871e-02
2.9245042801e-01
2.3125359416e-01
-7.0378780365e-02
-2.4159640074e-01
3.0853402615e-01
-1.1331835389e-01
-1.3622766733e-01
-2.1712042391e-01
-4.2261645198e-02
3.2768554986e-02
2.9934909940e-01
-7.4169345200e-02
3.3271078020e-02
-1.2327173352e-01
-1.2063717097e-01
-6.4628086984e-02
-1.8012769520e-01
-5.4538291693e-01
-6.6183650494e-01
1.9224828482e-01
-4.1658762097e-01
1.1586022377e+00
4.7656100988e-01
5.1026970148e-01
-2.3932079971e-01
-1.4714549482e-01
-5.9574805200e-03
1.0238843411e-01
-7.6773636043e-02
-1.1468304694e-01
1.1587306857e-01
-1.5931463242e-01
3.1275287271e-01
6.0253036022e-01
-8.8688530028e-02
-3.3054954838e-03
1.5181082487e+00
3.7419217825e-01
-5.2890974283e-01
-5.5038392544e-01
6.2835252285e-01
-1.2932452559e-01
3.6020684987e-02
3.3227827400e-02
-4.5606378466e-02
3.6342948675e-02
-1.0179033503e-02
-6.8383693695e-01
5.7731652260e-01
2.7002996206e-01
-3.5133481026e-01
9.0468384326e-02
-1.8112756312e-02
-1.6278506815e-01
5.0039464235e-01
-1.5600870550e-01
1.2005869299e-01
-3.6727386713e-01
-3.0183383822e-01
-2.0623885095e-01
6.4340285957e-02
5.0936287642e-01
-7.0093017817e-01
-4.3569526076e-01
-3.1488704681e-01
2.4408473074e-01
4.2246824503e-01
7.0735406876e-01
6.1378824711e-01
-1.1111636646e-02
2.4277940392e-01
-2.8114849329e-01
9.6276789904e-02
1.0380011052e-02
-3.4648872912e-02
-1.0141995549e-01
2.8348572552e-02
1.0048843920e-01
-4.0624663234e-02
5.5427808315e-02
5.7844929397e-02
-2.3389768600e+00
1.6296327114e+00
-8.4555178881e-01
-1.7667043209e+00
3.2754406333e-01
4.4758382440e-01
-1.0112734884e-01
-1.0028302670e-02
5.0271924585e-02
-9.7774736583e-02
-4.9420177937e-02
-2.2754201666e-02
-5.6119227409e-01
3.5890579224e-01
5.1403033733e-01
-1.3224684000e+00
-1.2204322815e+00
-4.2437079549e-01
2.0746760368e+00
-8.2647075653e+00
8.0138534307e-02
7.7264904976e-02
3.1991422176e-01
-4.3714311719e-01
-9.0917035937e-02
2.0924145356e-02
7.7102042735e-02
-4.2722068727e-02
4.9814809114e-02
-6.0504123569e-02
7.7656793594e-01
-2.3285291195e+00
1.1152239144e-01
-7.7517241240e-01
-1.0585372448e+00
-3.6491438746e-02
-1.2488540262e-01
1.2656566687e-02
4.8632230610e-02
-2.6913553476e-01
-2.8439670801e-01
-4.7428645194e-02
-2.0540444180e-02
1.1123586446e-02
1.8760633469e-01
-3.8148015738e-01
7.5110024773e-03
3.0496940017e-01
-1.5094652772e-01
-1.3230729103e-01
-2.7043986320e+00
1.2041662931e+00
-1.1016640067e-01
-1.3311358690e+00
1.6960779428e+00
1.1770080030e-01
2.6669142768e-02
-5.6900378317e-02
6.0659356415e-02
-1.0250665247e-01
-6.6529119015e-01
9.4091854990e-02
4.5310616493e-02
-1.9287788868e-01
-9.6115492284e-02
3.3048731089e-01
-3.9896227419e-02
-7.3492616415e-02
-1.2004385889e-01
2.3015367985e-01
1.7818979919e-02
2.4850061163e-02
2.1179972589e-01
-1.0508634150e-01
6.5555542707e-02
-1.3439224660e-01
-6.6934257746e-01
6.4191657305e-01
2.1936823428e-01
3.1967544556e-01
-4.3727102876e-01
-1.2103284150e-01
-6.4127081633e-01
-8.3847677708e-01
-1.3947278261e-01
5.8495360613e-01
1.6106212139e+00
1.0022726059e+00
-9.1195635498e-02
2.0471931994e-01
7.1370291710e-01
-4.1486358643e-01
-1.9579367340e-01
-1.5929381549e-01
6.9211578369e-01
1.4742780924e+00
6.3801085949e-01
3.8850751519e-01
4.5639067888e-01
4.3303631246e-02
4.3255541474e-02
1.9355206192e-01
6.2904590741e-03
-7.3880076408e-02
-1.5293309093e-01
-2.0241682231e-01
-5.1616374403e-02
-7.3804758489e-02
8.8732086122e-02
-1.3280196488e-01
5.4821550846e-02
-6.5675634146e-01
1.6112654209e+00
4.4325405359e-01
7.9084652662e-01
3.0514918268e-02
-3.6444813013e-02
6.5347261727e-02
-2.9540994763e-01
-6.3204234838e-01
-1.2438975275e-01
2.5202762336e-02
6.8327048793e-03
8.2362284884e-03
-7.7112852596e-03
3.8410449633e-04
6.7972436547e-02
8.6039463058e-03
2.1922221780e-01
-1.2220035493e-01
-2.9867738485e-01
2.4003052711e-01
-5.1729723811e-02
7.2871737182e-02
-1.4399257302e-01
-5.0777149200e-01
1.2503106892e-01
1.0495529324e-01
2.8731790185e-01
1.8129687011e-01
1.9454137981e-01
-1.9863748550e-01
-1.0897178203e-01
1.2516807020e-01
-1.9767405093e-01
1.0364556313e+00
1.8912807703e+00
-4.5027020574e-01
3.5612916946e-01
-3.2859435678e-01
2.5436529517e-01
-3.4770673513e-01
-2.8634062409e-01
-6.9205880165e-02
-6.8776386976e-01
6.1858379841e-01
1.2048970461e+00
-2.3537240028e+00
5.1468813419e-01
-4.9776336551e-01
3.2021912932e-01
1.5154576302e-01
-1.8551960588e-01
-4.5017328113e-02
-8.9982181787e-02
-1.2414997816e-01
1.5651461482e-01
-2.7826839685e-01
-6.8201206625e-02
-9.9097557366e-02
3.3814096451e-01
-3.6589819193e-01
2.1505396068e-01
1.7177063227e-01
-1.4682514966e-01
8.6386106908e-02
1.7563728094e+00
3.2537373900e-01
3.3466321230e-01
-9.1269123554e-01
1.4165323973e-01
5.6764792651e-02
1.1509803683e-01
9.1627068818e-02
2.7530872822e-01
4.3876916170e-01
1.0634936094e+00
3.1020998955e-01
1.0378226042e+00
-2.0118322573e-04
1.6287257671e+00
1.3757081032e+00
-9.8066306114e-01
-9.9168020487e-01
-2.6470834017e-01
-4.4954784214e-02
-4.1248124093e-02
4.5313529670e-02
1.1662554741e-01
8.8930323720e-02
-1.9519187510e-01
3.3100703359e-01
-1.9132483006e-01
7.6981715858e-02
1.4412061870e-01
1.0694348812e+00
-3.4568682313e-01
1.3346949816e+00
-1.1129604578e+00
-4.2896181345e-01
3.1162652373e-01
-6.0728603601e-01
3.9951050282e-01
2.3104482889e-01
-1.4972162247e-01
7.7477213927e-03
1.1431178451e-01
7.9300822690e-03
2.4408276379e-01
9.5608997345e-01
5.9331296943e-03
2.0118656754e-01
-3.6236183951e-04
4.8923008144e-02
-1.7594167730e-03
8.0453038216e-01
-7.5540649891e-01
4.2506899685e-02
9.5883302391e-02
1.8674875796e-01
2.9516297579e-01
-4.3078726530e-01
-1.5924663842e-01
-5.1873315126e-02
-2.1850630641e-01
-2.5018334389e-01
6.2103259563e-01
-1.7010073364e-01
1.5407618880e-01
-7.1510903537e-02
-4.5552498102e-01
-4.4270873070e-01
5.4655444622e-01
-3.7361106277e-01
3.4871223569e-01
8.5782194138e-01
-1.9042066336e+00
-1.1180292368e+00
4.2152982950e-01
-4.5721836388e-02
-3.1304523349e-02
5.2818781137e-01
1.4409509897e+00
1.1343994141e+00
-4.2175722122e-01
4.3845087290e-02
6.8575158715e-02
9.6514791250e-02
4.3656777591e-02
-1.1838630587e-01
1.9107335247e-03
1.2337784469e-01
2.9871740937e-01
-6.7172110081e-01
-3.1651756167e-01
5.7332523167e-02
4.4815889001e-01
-1.3457974792e-01
2.5955140591e-01
-4.5971687883e-02
7.7332770824e-01
3.1086111069e+00
7.9791110754e-01
1.1744508743e+00
-9.0327584743e-01
-3.5526943207e-01
3.3062558174e+00
4.7297230363e-01
2.0133385658e+00
-2.9970452189e-01
-6.9952279329e-02
-1.9837619364e-01
4.7485582530e-02
-4.5791473985e-01
2.5705359876e-02
7.1548357606e-02
6.3372910954e-03
9.6055544913e-02
-1.3184710406e-02
2.9164934531e-02
-1.8777353764e+00
1.6034836769e+00
-4.4170138240e-01
2.3081817627e+00
2.3721528053e-01
-4.9241159111e-02
-7.6226249337e-02
9.2838115990e-02
2.2616360337e-02
3.8859523833e-02
4.3675541878e-02
-8.9705027640e-02
-1.0112427920e-01
4.0588308126e-02
2.2003857419e-02
-2.9619836807e-01
6.8592739105e-01
-4.2323416471e-01
-2.6522750035e-02
-6.6978043318e-01
-2.4590983987e-01
6.0512506962e-01
-6.9361382723e-01
1.5286982059e+00
3.2317569852e-01
3.2681503892e-01
7.7953860164e-02
-1.9449135289e-02
-7.2264242172e-01
-2.4408063293e-01
3.0884546041e-01
-2.1487590671e-01
5.1380974054e-01
-5.0797712803e-01
2.9067501426e-01
7.3505413532e-01
6.0243612528e-01
3.0012419820e-01
1.4065483809e+00
-1.4477497339e+00
2.5246031582e-02
-8.5347548127e-02
4.1821902990e-01
1.3957560062e+00
2.9950529337e-01
5.5058157444e-01
-4.1418295354e-02
3.8528469205e-01
-1.1232120991e+00
-5.7702028751e-01
-1.2957555056e-01
-7.9294897616e-02
4.8197973520e-02
2.0546199754e-02
3.9085462689e-02
1.1887258291e+00
6.0933077335e-01
-1.4985224605e-01
2.2738736868e-01
-4.4255104661e-01
1.9210559130e+00
2.2904169559e+00
-9.6452230215e-01
1.6230378151e+00
2.4122387171e-01
1.4338541031e-01
6.8683111668e-01
3.6046665162e-02
2.2370375693e-01
-2.3544700146e+00
-1.9293741882e-01
4.8664456606e-01
1.2790007517e-02
1.1581704021e-01
7.9762049019e-02
1.0066325217e-01
6.1061855406e-02
-3.1812727451e-02
1.1370024085e-01
1.4483453333e-01
-6.7892871797e-02
5.6940790266e-02
1.1950618029e-01
-6.5519016981e-01
1.6642357111e+00
5.0514429808e-02
-3.4228634089e-02
-5.0071682781e-03
4.2179021984e-02
-3.1651451718e-03
1.1579873413e-01
2.9029533267e-01
3.7827470899e-01
-7.4909096956e-01
6.8823593855e-01
2.2928228378e+00
7.3390060663e-01
-1.0920665264e+00
6.2904638052e-01
1.8542301655e-01
-2.2418308258e-01
-2.0006419718e-01
1.3657851517e-01
1.1555045843e-01
1.7067617178e-01
2.8382601738e+00
-1.2178217173e+00
-3.8531509042e-01
2.5767786503e+00
6.7771351337e-01
2.0260548219e-02
5.8105211705e-02
-5.6141763926e-02
8.4402844310e-02
6.2814377248e-02
4.3727859855e-02
2.3412535191e+00
-1.4740714431e-01
1.6951200962e+00
5.7172650099e-01
-6.6101443954e-03
2.9383957386e-01
-4.2130362988e-01
1.6030001640e-01
9.7706250846e-02
-9.5736014843e-01
-2.2210741043e+00
-7.0233702660e-01
1.1880757809e+00
-4.5610722154e-02
-2.3421955109e-01
9.7093351185e-02
-1.0943025351e-02
2.5960732251e-02
-7.3468282819e-02
3.5174378753e-01
-8.9335441589e-01
5.5716162920e-01
8.3008050919e-02
-2.8947335482e-01
2.1362131834e-01
4.3397009373e-01
-2.5592094660e-01
1.1809466034e-01
-8.1524131820e-03
-1.0420346260e+00
-5.7647727430e-02
-6.9432502985e-01
1.3474031687e+00
-1.5371599793e-01
-1.2653150558e+00
-2.4028167725e+00
-1.6809127331e+00
-2.2272183001e-01
-1.1301789284e+00
-4.1080591083e-01
-5.6493741274e-01
5.9421014786e-01
2.4038267136e-01
1.5311446786e-01
-5.2749454975e-01
-5.3091382980e-01
1.2921737432e+00
3.6688908935e-01
2.2383612394e-01
5.6700672954e-02
1.6759784892e-02
4.0839212015e-03
-1.0881346650e-02
-1.7274163663e-02
2.0262919366e-01
-9.3406457454e-03
1.5218550339e-02
1.4580159914e-03
-5.4095827043e-02
2.9544213321e-03
-1.3599762693e-02
1.3946250081e-02
2.3370290175e-02
2.4304825813e-02
-9.7160732746e-01
9.9090263247e-02
-9.4440692663e-01
2.8936138749e-01
-5.3970605135e-02
-2.4127904326e-03
3.7151508033e-02
-8.8674217463e-02
-6.1590954661e-02
-1.1007566005e-01
2.3288264871e-01
8.7484102696e-03
1.5398013592e-01
2.9829347134e-01
4.7759974003e-01
-3.0646096915e-02
-2.7238322422e-02
-1.8911642954e-02
-5.7540629059e-02
2.1073205397e-02
9.1695785522e-02
-7.7977679670e-02
-1.3926485181e-01
1.6216753051e-02
8.0869197845e-02
-1.8266726285e-02
7.5012363493e-02
-2.3248182237e-01
-1.5918833017e-01
-1.6883928329e-02
-8.5735279322e-01
1.7699369788e-01
5.1638197899e-01
1.4757221937e-01
-2.9091146588e-01
8.4414489567e-02
3.0664136633e-02
1.2030240148e-02
-3.4669188317e-03
2.9142618179e-02
1.1292333156e-01
-5.4013766348e-02
-5.6734140962e-03
3.7632688880e-01
4.0654453635e-01
-6.2671583891e-01
-1.5421979129e-01
6.1592433602e-02
3.3283507824e-01
-2.3732744157e-01
6.5685473382e-02
6.8250574172e-02
-2.3208271712e-02
-7.4485845864e-02
-8.2558497787e-02
-5.5967634916e-01
1.4079033136e+00
-5.4576432705e-01
-5.8467614651e-01
-2.7268748730e-02
5.2669730037e-02
1.1466124654e-01
1.7704923451e-01
1.7713377252e-02
1.2666003406e-01
-2.1438172087e-02
2.4761976674e-02
2.7331239544e-03
4.0291327983e-02
4.6718437225e-02
1.7259915173e-01
-3.6025923491e-01
8.0697454512e-02
-2.8977647424e-01
-3.0145737529e-01
2.0173470676e-01
-1.3191929460e-01
2.4429732561e-01
4.3256903155e-05
3.6074232310e-02
-8.9094281197e-02
8.7378174067e-02
7.4679985642e-02
-2.1306630969e-01
2.0144018531e-01
2.6382295415e-02
5.0083801150e-02
2.7043074369e-02
1.7689805478e-02
-5.2812658250e-02
6.1875205487e-02
-1.5474239364e-02
-4.4922819361e-03
9.1991007328e-02
-1.6143262386e-01
-4.0799647570e-02
-7.5046531856e-02
9.7255147994e-02
2.4146135896e-02
5.6449235417e-03
-9.2988744378e-02
-1.1222860962e-01
-4.3462298810e-02
-1.4045190811e-01
1.0086075962e-01
1.3971097767e-01
-3.2661107183e-01
7.7572323382e-02
-3.2099288702e-01
-3.1700572371e-01
-1.3634504080e+00
-3.4147553444e+00
1.1488460302e+00
2.0544649661e-01
2.4584597349e-01
-6.5998360515e-02
-9.6998594701e-02
-7.1963645518e-02
-2.3425927386e-02
4.9844611436e-02
1.2490317971e-01
1.0257238895e-01
4.3678414077e-02
3.2098125666e-02
1.1743374914e-01
-2.1728843451e-01
3.1468614936e-01
-4.3561661243e-01
6.7805565894e-02
1.5991608799e-01
7.8306555748e-02
-2.2615663707e-02
3.7719488144e-02
1.0732004419e-02
-3.1291484833e-02
2.0492264628e-01
-8.3016725257e-03
-8.8179565966e-02
-2.2369414568e-01
7.8036135435e-01
1.1144069582e-01
7.1159251034e-02
7.8604824841e-02
2.0375251770e-03
1.5728273988e-01
5.1658939570e-02
5.8527642488e-01
-8.2529306412e-02
1.4930731058e-01
-7.0474021137e-02
-3.2567527890e-01
-3.5890918970e-01
7.2029769421e-02
1.1480108649e-01
-2.1204021573e-01
1.4487965964e-02
-9.3043230474e-02
-7.9574592412e-02
-7.6105788350e-02
1.8305242062e-02
-2.4992845953e-02
-2.2304038794e-05
-3.4347385168e-02
-2.1919887513e-03
5.5977188051e-02
4.3760839850e-02
2.1785903722e-02
1.3218498789e-02
3.2605931163e-02
7.5274356641e-03
-2.8498771191e+00
3.3834549785e-01
-2.5519251823e+00
2.5141701698e+00
3.9253896475e-01
4.7020193189e-02
-2.4514794350e-03
2.0772863179e-02
7.2541349800e-04
3.7154514343e-02
1.9435742497e-01
-2.2394099832e-01
3.1101133674e-02
-6.0288764536e-02
-2.2677373886e-01
1.4776957035e+00
3.3616101742e+00
2.5038552284e+00
1.3246124983e+00
2.3015317917e+00
3.0317623168e-02
-5.0169102848e-02
1.6233542934e-02
-4.0752136707e-01
2.6953023672e-01
2.1317666396e-02
-1.1532700621e-02
-2.9657805339e-02
4.9280156381e-03
-2.9198069125e-02
8.8047260046e-01
-6.3123267889e-01
5.3139662743e-01
-6.6981053352e-01
1.5667603910e-01
1.5656009316e-02
-1.5127783641e-02
7.4355029501e-03
-5.8995734900e-02
-4.6941529959e-02
-1.1107699573e-01
-2.2382222116e-02
9.2363260686e-02
-5.1886424422e-02
9.6338853240e-02
4.4018381834e-01
-7.3072111607e-01
5.8443266153e-01
7.4620455503e-02
3.4556508064e-01
-1.5527698994e+00
-1.1925620586e-01
-3.1568615437e+00
-8.6788558960e-01
6.4699709415e-02
1.5487797558e-01
-9.2573083937e-02
-1.3193507493e-01
1.0459081084e-01
4.8559125513e-02
-1.3792423904e-01
7.5135521591e-02
6.7816935480e-02
1.2050184608e-01
1.9677910209e-01
-2.2367607057e-01
-1.8247364461e-01
-1.6910907626e-01
2.0036932081e-02
-5.8130167425e-02
2.3092254996e-02
5.5387489498e-02
2.0682422444e-02
2.2359885275e-02
5.9555862099e-02
1.0792539120e+00
-1.1544466019e-01
-8.9990764856e-02
1.4761069417e-01
1.6567592323e-01
-2.1054297686e-01
-2.1458868682e-01
-1.9038444757e-01
-4.7408534556e-06
-8.8401871920e-01
2.2435700893e+00
2.1317188740e+00
1.8341356516e+00
2.6316275597e+00
3.1495859623e+00
-6.5682284534e-02
-2.8890272602e-02
2.4563796818e-01
2.0401643217e-01
-3.2138365507e-01
3.9422791451e-02
1.3024286032e+00
1.8053924432e-03
3.5318338871e-01
-1.0908132046e-01
7.1491658688e-02
3.6200627685e-02
-1.6498887911e-02
4.4101480395e-02
4.8453021795e-02
1.0807555914e-01
8.4374204278e-02
-1.8113264814e-02
-7.1929410100e-02
2.9780315235e-02
5.0221651793e-01
-2.4469694495e-01
3.9376312494e-01
1.2655161619e+00
1.9317468405e+00
6.4092203975e-02
-1.5801107511e-02
3.1846181955e-03
-7.3078930378e-02
9.1313101351e-02
3.4727003425e-02
1.1136160232e-02
-1.8545849249e-02
-1.7958432436e-02
-1.8745249137e-02
-5.1112601068e-04
9.2452242970e-03
9.3543164432e-02
1.1159813032e-02
1.2704269588e-01
9.0397700667e-02
-7.5151669979e-01
-6.7436701059e-01
-3.7426212430e-01
1.6231609881e-01
2.0058865845e-01
2.3635105789e-01
1.0267020017e-01
-2.1038375795e-01
-1.6612495482e-01
-5.0350445509e-01
-2.0761767030e-01
5.2037674189e-01
-5.8008468151e-01
1.5077798627e-02
-4.3568366766e-01
-2.7575860023e+00
-1.6649182141e-01
-4.7723537683e-01
2.3944193125e-01
-5.8016085625e-01
-2.5507120416e-02
1.9346749783e-01
-5.3980737925e-01
3.6416709423e-01
-9.0396142006e-01
-3.9626312256e+00
8.4280055761e-01
-1.0338674784e+00
4.5737692714e-01
1.3075267896e-02
-8.4602612257e-01
6.2719899416e-01
-3.6349958181e-01
3.4580376744e-01
-4.7158401459e-02
-1.2650108337e-01
3.2132387161e-01
-2.9934778810e-01
-5.8653254062e-02
-6.0683721304e-01
-1.2199076414e+00
6.5206301212e-01
1.2757386267e-01
5.5308753252e-01
-4.1033515334e-01
-3.4895966053e+00
-1.6686561704e-01
-3.6795291305e-01
-1.1397811174e+00
-1.3165813684e-01
1.8243347108e-01
-9.3090653419e-02
-2.6005375385e-01
-5.5302917957e-01
-6.4949280024e-01
-7.8418761492e-01
-1.3508957624e+00
-1.7019735575e+00
-1.5447314978e+00
-3.0825588703e+00
-3.5722558498e+00
-1.4248580933e+00
-1.3342895508e+00
-1.4613082409e+00
1.7511357367e-01
-3.9499893785e-02
-2.0791274309e-01
-2.2358447313e-01
5.5505865812e-01
3.7162381411e-01
-1.6169066429e+00
2.3018183708e+00
-5.6650734041e-04
5.2417474985e-01
-9.5846903324e-01
-3.2543843985e-01
3.4016829729e-01
-7.0444367826e-02
-2.0729078352e-01
-3.3182087541e-01
6.0232347250e-01
-3.7728402019e-01
-9.4531849027e-02
-2.2406181693e-01
1.5812776983e-01
4.4293126464e-01
-5.6353193521e-01
-2.6243391633e-01
-1.0122803450e+00
-4.8203313351e-01
1.5658964217e-01
-1.8278075755e-01
3.5021650791e-01
-3.0013772845e-01
4.7480157018e-01
1.1591390371e+00
-3.8356265426e-01
1.4453245699e-01
-1.1879662424e-01
4.4456556439e-01
3.9849194884e-01
6.0763627291e-01
-2.2929732502e-01
-3.4800824523e-01
4.3427464366e-01
-1.1356189251e+00
2.2535713017e-01
-7.1690601110e-01
2.9044002295e-01
1.9383111000e+00
1.4508992434e+00
-8.8972169161e-01
2.3976947367e-01
-6.2118184566e-01
-1.9340175390e-01
3.0072569847e+00
3.6457126141e+00
1.3905981779e+00
-3.0918702483e-01
-8.6817222834e-01
-1.4604542255e+00
-2.4118738174e+00
-1.2001787424e+00
1.3443870544e+00
-3.9945748448e-01
-1.8983985484e-01
-1.1819498986e-01
1.5735293925e-01
1.3613094389e-01
2.5531220436e-01
2.1680964157e-02
3.1335729361e-01
-3.8420471549e-01
7.6975780725e-01
-1.3373987377e-01
-4.4028282166e-01
1.0852501392e+00
-6.5200346708e-01
3.8943415880e-01
-3.3719666004e+00
-4.7939887047e+00
-4.1112685204e-01
-8.6942940950e-01
1.7213078737e+00
-1.7686735392e+00
-6.8196930885e+00
-2.9339513779e+00
-4.9484596252e+00
-2.6571705341e+00
1.5390041471e-01
-3.6218166351e-01
3.8998296857e-01
2.6336428523e-01
-7.3061358929e-01
-2.6682734489e-01
-4.9309793860e-02
-1.7304101959e-02
-2.2436515987e-01
-4.9063143134e-01
6.5602326393e-01
-4.4337840080e+00
6.0251629353e-01
-4.5945138931e+00
2.7044579387e-01
6.1025583744e-01
-4.6954281628e-02
7.6366536319e-02
-2.5577172637e-01
-1.5932174027e-01
-3.9477607608e-01
4.8700216413e-01
3.4950792789e-01
2.1599692106e-01
-1.7053222656e-01
4.7010678053e-01
-2.4352712631e+00
6.4325875044e-01
2.2841963768e+00
6.2052989006e-01
-1.8269481659e+00
-1.7646605968e+00
-2.5216529369e+00
-6.7341619730e-01
-6.7735499144e-01
3.8417813182e-01
6.9165182114e-01
-3.8655710220e-01
1.6674053669e+00
-1.4167170227e-01
1.0257715732e-01
3.7788382173e-01
1.7193426192e-01
-1.8739590049e-01
-1.4440615177e+00
-2.7431716919e+00
-1.3669084311e+00
9.5272791386e-01
1.2693759799e-01
-2.2281822562e-01
-7.7350693941e-01
-5.6020885706e-01
-7.7786093950e-01
1.1018929482e+00
9.6159762144e-01
9.2866730690e-01
-1.1114274263e+00
9.3325763941e-01
1.1022239923e+00
5.7535183430e-01
4.1691565514e-01
7.7017612755e-02
1.8911145627e-01
-4.2541807890e-01
9.2706009746e-02
-3.2402455807e+00
-3.1772899628e+00
2.1048731804e+00
-8.8605403900e-01
-1.5066179037e+00
-1.1946729422e+00
-4.8346648216e+00
-2.4121016264e-01
-3.9274528623e-01
-2.6282455921e+00
3.1284657121e-01
-2.4097750187e+00
7.9137933254e-01
-3.4540879726e-01
1.1890628189e-01
-1.1056607962e+00
-1.4073261023e+00
-2.4813234806e-01
-1.5975873172e-01
2.2218531370e-01
-4.3817035854e-02
6.2711737119e-03
-3.4574467689e-02
-1.5940360725e-01
-5.5296178907e-02
4.3507587165e-02
2.1309278905e-01
9.1432251036e-02
2.0555633307e-01
-1.1420921087e+00
-1.5559130907e-01
7.9713761806e-02
1.5417473018e-01
-4.9272850156e-01
1.3800397515e-01
-1.3065739870e+00
-2.0375342369e+00
-7.8436231613e-01
1.6803034544e+00
-1.7566583157e+00
-5.5574733019e-01
-2.7772717476e+00
8.8034659624e-02
-1.0963439941e-01
-5.5914282799e-01
2.5148183107e-01
2.3594048023e+00
3.6859193444e-01
-6.0986343771e-02
-4.7751399875e-01
-4.2439846992e+00
-2.0087099075e+00
4.5480525494e-01
-4.4347593188e-01
-2.3412675858e+00
2.7486857772e-01
4.1012564301e-01
4.6101254225e-01
-3.5632005334e-01
1.6990574077e-02
-1.8363907337e+00
-3.0858266354e+00
-1.0801222324e+00
-2.4579858780e+00
-2.0379810333e+00
9.1205269098e-02
2.2076040506e-01
-1.7854046822e-01
3.5506644845e-01
-2.6261925697e-01
-3.0916802883e+00
3.1398618221e+00
4.5250937343e-02
-2.8834269047e+00
1.2487607002e+00
2.4269710481e-01
-4.4892147183e-01
4.8076620698e-01
2.9452100396e-01
-1.6460660100e-01
2.0652420819e-02
7.7895201743e-02
-5.8383780718e-01
-1.6793628037e-01
1.1579543352e-01
-3.2017081976e-01
-4.8629292846e-01
1.3285728171e-02
-3.9358308911e-01
-2.9523915052e-01
-3.0849400163e-01
-2.0002837181e+00
-1.0177624226e+00
-2.8944218159e+00
-2.2835180759e+00
2.8449251652e+00
2.8914589882e+00
3.1257331371e+00
2.7551977634e+00
1.3224168122e-01
1.7041431665e+00
1.8180652857e+00
4.3570525944e-02
-5.2883005142e-01
3.0114218593e-01
9.6105057001e-01
-7.1340084076e-01
5.6725826114e-02
-1.0580233335e+00
-1.7487771809e-01
1.0488864779e-01
5.3714122623e-02
-8.7675859686e-04
2.2311007604e-02
-1.2377444655e-01
-1.0954417288e-01
-5.0628829002e-01
-1.5137618780e-01
1.4665908180e-02
7.2117261589e-03
1.0002218932e-01
8.8515244424e-02
4.0456112474e-02
-2.0740197971e-02
3.6606523208e-03
-5.7616740465e-01
-5.9556794167e-01
9.2625045776e-01
-4.3759918213e-01
-6.3842016459e-01
-2.6822270826e-02
-1.0277441889e-01
5.5248495191e-02
8.9768163860e-02
-5.0647281110e-02
1.6329012811e-01
-2.9952624440e-01
2.7017173171e-01
-9.7002021968e-02
-8.9100383222e-02
1.1551208049e-01
1.7173817754e-01
6.0942228884e-03
1.6897122562e-01
9.8744407296e-02
-8.0341212451e-02
-4.9788805842e-01
-2.2870765626e-01
-2.6369729638e-01
-1.5901027620e-01
-3.7390401959e-01
-2.0274679363e-01
2.5187605619e-01
-2.5164196268e-02
-4.4468989968e-01
3.4924700856e-02
9.0965723991e-01
4.3757495284e-01
-3.5207864642e-01
-2.8335252404e-01
-1.5284930170e-01
-9.8316304386e-02
-8.8093623519e-02
-8.7497927248e-02
9.6116904169e-03
-4.2940762639e-01
-8.7297990918e-02
-3.5521246493e-02
-1.9629977643e-01
3.2792100310e-01
-1.5675915405e-02
-8.8996954262e-02
3.6105012894e-01
-1.8603447080e-01
2.8716671467e-01
1.1644477397e-01
7.0490832441e-03
1.0734421015e-01
1.7114549875e-01
-2.4098129943e-02
3.7746174335e+00
1.6454129219e+00
3.4492352605e-01
1.1471178532e+00
-2.1965390444e-01
-2.1139247715e-01
6.4981698990e-02
3.3750161529e-02
2.0219673216e-01
-7.4307346344e-01
-8.2133732736e-02
-1.1201356351e-01
-5.0053413957e-02
-1.5169367194e-01
-2.4114301801e-01
-3.0261722207e-01
-5.2750021219e-01
1.8119959533e-01
4.8335367441e-01
1.3896323740e-01
3.1625550985e-01
-4.9189202487e-02
2.0595338196e-02
8.9693151414e-02
-3.2383918762e-02
-8.9537076652e-02
-1.3233449310e-02
2.6476845145e-01
4.8593539000e-01
2.0639464259e-01
-1.3954760134e-01
1.6238956153e-01
-4.4746786356e-02
-1.1070856452e-01
-3.1170788407e-01
-2.7774435282e-01
-3.8535121083e-01
2.0465677977e-01
9.0117223561e-02
1.6306728125e-01
1.4773923159e-01
1.8391899765e-01
2.3108947277e-01
2.3876503110e-01
-3.6137884855e-01
-6.8583279848e-02
-1.4856094122e-01
8.1929430366e-02
1.8858897686e-01
1.0247448087e-01
1.8101404607e-01
-1.3953003287e-01
-3.1739920378e-01
-3.8420960307e-01
7.4982023239e-01
4.1467684507e-01
2.7226502895e+00
1.7941634357e-01
5.9394575655e-02
-2.8459196091e+00
1.7450708151e-01
2.0470596850e-01
7.6387077570e-02
3.2489457726e-01
-8.6326107383e-02
-2.1357938647e-01
-3.7140015513e-02
-3.6417335272e-01
-5.1692557335e-01
-7.4265904725e-02
-2.0059004426e-01
-3.8495233655e-01
1.3697806001e-01
6.1153566837e-01
-3.7768229842e-01
2.2515121847e-02
3.0877912417e-02
-5.3113926202e-02
-1.0249290615e-01
1.6992588341e-01
-4.2252719402e-01
2.1478785574e-01
-6.4390999079e-01
-1.0572925806e+00
6.9735884666e-01
1.1842996813e-02
-6.1769008636e-02
-1.1047545075e-01
1.6182662547e-01
-2.0151513815e-01
9.3742936850e-02
-2.8117612004e-01
2.8102833033e-01
-4.8201766610e-01
-1.7437823117e-01
9.6584595740e-02
-2.4104082584e-01
-2.8543514013e-01
3.7953323126e-01
-2.5223278999e-01
4.5926487446e-01
2.7366316319e-01
1.7639265954e-01
9.5108814538e-02
2.0734107494e-01
6.9948337972e-02
8.3531603217e-02
1.2715985067e-02
2.4600766599e-01
-2.1990408003e-01
-3.8565132767e-02
8.9288376272e-02
7.1998074651e-02
2.0646784455e-02
3.0553078279e-02
5.7516326904e+00
1.7353377342e+00
3.0130672455e+00
-4.3462667465e+00
-4.7343931198e+00
1.8655617535e-01
-3.9906328917e-01
2.0683313906e-01
3.0853606761e-02
-1.1325724423e-01
-1.8595404923e-01
-6.3931488991e-01
-3.0792197585e-01
-3.0831354856e-01
-5.1402884722e-01
-3.8272657394e+00
-1.1470874786e+01
-9.9574642181e+00
-5.9546327591e+00
-6.5063138008e+00
3.3818807453e-02
2.1059788764e-01
7.9418227077e-02
3.8510307670e-01
-8.6516380310e-02
-6.6281467676e-02
1.6859001480e-03
-1.6305563971e-02
6.1111744493e-02
4.3885365129e-02
-1.5801480412e-01
8.9096248150e-01
-4.3471845984e-01
8.9865851402e-01
6.6130667925e-02
-4.9494075775e-01
-9.0331703424e-02
-1.7810380459e-01
-5.5963046849e-02
1.7888275906e-02
4.7585316934e-03
-1.8197292462e-02
1.3420405984e-01
3.0980509520e-01
-2.7742940187e-01
1.8919626251e-02
-2.1941408515e-01
-6.3035346102e-04
-7.8227204084e-01
-3.9920446277e-01
3.8452866077e+00
5.0405569077e+00
7.1131362915e+00
3.9430770874e+00
2.2399296761e+00
6.8189166486e-02
-1.9287598133e-01
-1.6243150830e-01
1.8459532410e-02
-7.2313934565e-02
9.4162724912e-02
-3.6347370595e-02
8.3606809378e-02
-5.0329741091e-02
1.7122054100e-01
-5.8075394481e-02
-1.0435129702e-01
-6.6449004412e-01
1.1491232365e-01
-1.6504865885e-01
2.9628688097e-01
2.3819375783e-02
-1.5755753219e-01
-1.3087444007e-01
-1.7685903236e-02
3.6975014210e-01
6.8483954668e-01
1.1283608675e+00
-1.1878094822e-01
-9.9325401243e-04
-1.2771594524e-01
-5.2211636305e-01
5.9466612339e-01
4.8594012856e-01
-4.6952813864e-02
-7.1881432533e+00
-5.7528495789e+00
-6.5253629684e+00
-6.3055496216e+00
-7.5878448486e+00
1.6918507218e-01
-1.7465723678e-02
9.3426242471e-02
5.7282274961e-01
-1.9542247057e-02
7.2394788265e-01
-5.1238340139e-01
7.6297956705e-01
-3.1918436289e-01
3.2409223914e-01
5.1389303058e-02
2.6599019766e-01
9.7823664546e-02
-9.1521702707e-02
1.7019067705e-01
-1.8990553916e-02
-9.9305752665e-03
-1.3020487130e-01
-1.4158958197e-01
6.1172012240e-02
-1.0234031677e+00
-1.3611251116e+00
-2.2248971462e+00
-1.5365080833e+00
-1.4004452229e+00
9.7499221563e-02
1.0841309279e-01
1.1990215629e-01
4.0037173778e-02
-9.9420405924e-02
-1.8601183593e-01
-5.6629002094e-02
1.0271400213e-01
2.2081446368e-03
4.4796735048e-02
1.1756379902e-01
-2.5184562802e-01
-2.4276216328e-01
1.8150849268e-02
9.0343691409e-02
4.7428140044e-01
-9.3510913849e-01
2.5130918622e-01
-4.8427394032e-01
4.6021122485e-02
2.1600987017e-01
1.6864325106e-01
2.0126806200e-01
-8.2848107815e-01
-3.3531215042e-02
-5.9410876036e-01
-1.7372454703e-01
-3.8523745537e-01
1.7657485604e-01
6.8277865648e-02
-6.0152137280e-01
-1.2767958641e+00
4.5243319869e-01
8.8094733655e-03
-2.1643340588e-01
-5.7459288836e-01
2.4854825437e-01
-9.9641025066e-01
4.0136101842e-01
1.5093326569e+00
-1.2429525703e-01
-3.0585699081e+00
-1.2021683455e+00
8.1699270010e-01
3.1999805570e-01
-1.1745808274e-01
-2.6765644550e-01
5.0566112995e-01
-5.5435705185e-01
-3.3755987883e-01
-1.9413246214e-01
-3.6847174168e-01
5.2803200483e-01
4.8371773213e-02
-9.7486279905e-02
-6.3311320543e-01
-1.0435739756e+00
1.2989917397e-01
5.9118705988e-01
-7.2272372246e-01
1.5164103508e+00
-1.7345962524e+00
1.1802629232e+00
-4.6141353250e-01
7.9110926390e-01
-3.7064835429e-02
2.9726567864e-01
-6.0473620892e-02
-9.0518690646e-02
-2.6017266512e-01
-9.2009371519e-01
8.7220048904e-01
4.7849744558e-01
5.0845843554e-01
2.1398465633e+00
5.3462844342e-02
-1.8266335726e+00
-9.7238123417e-01
3.2817235589e-01
4.6249842644e-01
2.2756426036e-01
3.0697193742e-01
-8.6166465282e-01
-1.3952371664e-02
5.7763032615e-02
1.5340198278e+00
-1.9666584730e+00
-3.8564822078e-01
5.4074418545e-01
8.8613849878e-01
-4.3358501792e-01
-1.5674117208e-01
8.2711535692e-01
-5.0650984049e-01
-1.4509260654e-01
-5.7891052216e-02
7.3632270098e-01
3.9377447963e-01
-2.5172379613e-01
7.6031610370e-02
4.3130695820e-01
4.5790868998e-01
1.5589241683e-01
-7.7053166926e-02
-1.1670360565e+00
1.5624396503e-01
-2.9606701806e-02
-2.0845328271e-01
1.3010658324e-01
-5.0773841143e-01
1.4813005924e-01
9.7155928612e-01
-1.8821993470e-01
-3.4598654509e-01
5.7341158390e-01
-1.2753206491e-01
7.1030163765e-01
4.7912582755e-01
-1.2810535729e-01
-7.8738284111e-01
1.6366153955e+00
-5.8306801319e-01
1.1976658106e+00
-3.9054521918e-01
2.3451179266e-01
7.0819324255e-01
6.3937133551e-01
-4.2232596874e-01
1.7912612855e-01
8.6540147662e-02
-4.1673440933e+00
1.6646668911e+00
4.3106511235e-01
1.1594451666e+00
1.4135622978e+00
-1.4470758438e+00
-8.0436497927e-01
1.4405760169e-01
1.5672045946e+00
2.7923041582e-01
1.2838737108e-02
1.3015884161e-01
-7.0123076439e-01
-1.1020018160e-01
7.4318051338e-02
-4.4787147641e-01
1.4654736221e-01
-8.3978509903e-01
-5.3927171230e-01
7.5267171860e-01
2.3496495187e-01
-1.5805625916e-01
9.4268703461e-01
-5.0313264132e-01
3.5956194997e-01
-1.4927723408e+00
-3.5505049229e+00
-8.6700874567e-01
1.1530891657e+00
2.1416802406e+00
-6.9734022021e-02
-4.9690217972e+00
-7.0974344015e-01
8.7609577179e-01
2.5523183346e+00
-5.6955446489e-03
-6.9917857647e-02
-5.5154556036e-01
4.8142722249e-01
-1.6006071866e-01
2.1871712059e-02
-3.9885614067e-02
-2.4972699583e-01
-3.3305266500e-01
2.5330159068e-01
-8.6415135860e-01
-2.0159873962e+00
2.1196732521e+00
1.9809971750e-01
-4.5124185085e-01
-1.8903050572e-02
6.3739411533e-02
1.9488880411e-02
7.1448594332e-02
-1.1796114594e-01
4.2961124331e-02
-1.1735083163e-01
1.9980020821e-01
-9.5174778253e-03
8.7128825486e-02
-1.7665660009e-02
-8.8837659359e-01
-6.4309525490e-01
-5.3775697015e-03
1.4040130377e-01
1.8394157290e-01
-7.0374238491e-01
7.4008834362e-01
-1.6416950226e+00
1.1945281029e+00
-3.1271883845e-01
4.0602606535e-01
-6.1915852129e-02
1.0732190609e+00
-1.0975314677e-01
1.4952400327e-01
9.1046042740e-02
2.6500561833e-01
-2.3399908841e-01
-1.9373410940e+00
-1.3986854553e+00
-9.4387847185e-01
-1.6107806563e-01
6.5689915419e-01
1.1623630524e+00
7.3190295696e-01
-1.6677102447e-01
5.5598221719e-02
-3.7440535426e-01
-3.1507682800e-01
-4.9757626653e-01
1.4931037426e+00
1.0248812437e+00
-1.3781611919e+00
3.6811727285e-01
3.3485859632e-01
-3.0255684257e-01
4.1145345569e-01
-2.5301378965e-01
-5.7516396046e-01
-2.0568144321e+00
-1.7794811726e+00
-1.5536741912e-01
2.6688265800e+00
2.1047039032e+00
2.3503148556e+00
-2.1337959766e+00
-2.1069378853e+00
2.7772228718e+00
1.4351313114e+00
6.6199183464e-01
4.7673410177e-01
8.1855309010e-01
-3.4808099270e-02
1.1079531908e+00
9.9919748306e-01
-6.3375002146e-01
4.5757108927e-01
8.7792508304e-02
-7.2593337297e-01
-1.2497608364e-01
2.3364360631e-01
2.6634693146e-02
5.9763413668e-01
-5.5370867252e-01
3.3880022168e-01
4.9500086904e-01
-5.7142817974e-01
-2.5302872062e-01
-2.0955061913e+00
2.5504744053e-01
-3.4002670646e-01
5.0868582726e-01
-6.6610760987e-02
7.3610268533e-02
1.9539250433e-01
-5.4114705324e-01
1.8949787319e-01
7.1280184202e-03
-1.5522046387e-01
4.0475107729e-02
2.3096497357e-01
-1.1771292686e+00
1.9745188951e+00
4.8405307531e-01
3.3142372966e-02
2.1046566963e+00
-1.3985463977e-01
-1.0485705920e-02
-3.5074260831e-01
-1.9418408871e+00
-1.6731045246e+00
1.3338782787e+00
-5.9201496840e-01
1.4643731117e+00
5.8094631881e-02
-2.8767678142e-01
-5.0889477134e-03
-2.1814107895e-01
9.8388649523e-02
1.9854791164e+00
3.3289682865e-01
6.3817036152e-01
-3.5506293178e-01
3.9217761159e-01
-4.8825004697e-01
-3.5857558250e-01
-6.2660388649e-02
-4.8946881294e-01
-2.1819163859e-01
-1.4751219749e+00
1.2916647196e+00
2.4861460924e-01
4.6358925104e-01
2.4050545692e+00
1.2772084773e-01
2.9904830456e-01
1.7267702520e-01
2.5756773353e-01
-1.4855669811e-02
-2.5291290879e-01
5.2098959684e-01
1.3403719664e-01
-2.9832929373e-01
9.4238770008e-01
-5.5839318782e-02
-3.6446124315e-02
1.8898902833e-01
-5.8007899672e-02
-8.7197616696e-02
7.4210262299e-01
-2.2951340675e+00
2.7892715931e+00
5.5851453543e-01
2.8120939732e+00
2.5902221203e+00
2.8891730309e+00
3.0358333588e+00
1.8229427338e+00
-2.7514121532e+00
-3.6347222328e-01
1.7821823359e+00
1.3076789379e+00
-1.8823057413e-01
-3.4846973419e-01
1.3037184477e+00
4.7689768672e-01
-5.3026574850e-01
-8.5386532545e-01
1.2499765158e+00
-3.7823591381e-02
3.1428080983e-03
2.7747951448e-02
-5.7859890163e-02
9.5029681921e-02
2.9116842151e-01
-8.7922610343e-02
2.0793193951e-02
-9.7023159266e-02
-2.4336326122e-01
2.3514313623e-02
4.7373209149e-02
2.5466455147e-02
3.8318339735e-02
-3.8407677785e-03
6.8408900499e-01
-2.6351365447e-01
-2.7197715640e-01
-6.2991315126e-01
-2.7592933178e-01
2.9095072299e-02
3.6916844547e-02
-2.5112612173e-02
3.5035680979e-02
1.7700752616e-01
3.6343067884e-01
8.4450863302e-02
1.1758359522e-01
-1.4282932878e-01
3.2966202497e-01
2.2731898725e-01
2.7048274875e-02
1.4674745500e-01
-7.6311089098e-02
4.1635043919e-02
3.4926678985e-02
1.8371921778e-01
-1.8364365399e-01
2.7564601041e-03
1.1052358896e-02
6.9373048842e-02
2.9798795003e-03
3.7995761633e-01
3.7814286351e-01
8.0650442839e-01
1.8847161531e-01
-3.1462781131e-02
5.6887519360e-01
2.3780907691e-01
6.1555790901e-01
-1.1227317154e-01
1.6681452096e-01
1.7426237464e-01
6.0068041086e-02
-1.2487827986e-01
-7.2250086069e-01
2.1987760067e-01
-3.1625904143e-02
-1.3129033148e-01
4.3549308181e-01
-4.0565079451e-01
-3.0952671170e-01
-3.3503115177e-02
2.3061582446e-01
-9.1757468879e-02
-6.2183089554e-02
-1.1192935705e-01
6.7953623831e-02
8.2807160914e-02
6.7010529339e-02
-4.0613025427e-01
-1.0123993158e+00
1.0914326906e+00
3.5535123944e-01
4.7623592615e-01
-1.3536036015e-01
-1.5421116352e-01
-2.5536316633e-01
2.8218671679e-01
1.9040110707e-01
7.6792814070e-04
1.4081321657e-02
-3.1367823482e-02
6.5421216190e-02
1.0319505632e-01
2.0243746042e-01
-9.2573240399e-02
-1.3054117560e-01
-1.0096797347e-01
-1.8705168366e-01
1.5439746901e-02
-7.6051048934e-02
6.9242655300e-03
2.5544443727e-01
3.5388001800e-01
1.2774556875e-01
9.0316340327e-02
2.0776212215e-01
1.5409564367e-03
-2.3386263847e-01
5.8821719140e-02
8.7086409330e-03
-1.8964643776e-01
-6.2272448093e-02
-2.3138624430e-01
1.2057994306e-01
-1.5080264211e-01
-2.6927331090e-01
-4.8629081249e-01
5.9681051970e-01
3.4219506383e-01
4.6965479851e-01
2.0394442976e-01
-2.9131654650e-02
1.2850578129e-01
-4.0421220474e-03
7.9484514892e-02
1.9707867503e-01
7.8848287463e-02
-1.0597762652e-02
-2.3062121868e-01
-1.2666688859e-01
-6.8078058958e-01
3.6181199551e-01
-1.3273736835e-01
-1.0283986330e+00
1.0136268139e+00
3.9444048405e+00
1.2999629974e+00
-1.7175831795e+00
-6.1202768236e-02
8.6614564061e-02
-1.7014492303e-02
-1.8287074566e-01
7.2623476386e-02
-2.8510290384e-01
-3.3171120286e-01
-1.8864445388e-01
-7.9736582935e-02
-2.8954848647e-01
1.0954868793e-01
4.3186643720e-01
-4.0659666061e-02
-2.7993819118e-01
-1.5108324587e-01
8.2760695368e-03
6.1993576586e-02
-1.6545910388e-02
1.0600013286e-01
-8.5460670292e-02
-1.9445219636e-01
-6.7762547731e-01
-7.4685966969e-01
2.6742091775e-01
5.0229632854e-01
-9.0115763247e-02
6.2367156148e-02
2.8867930174e-01
2.0093028247e-01
-5.0776138902e-02
8.3658313751e-01
-4.5335069299e-01
2.2662703693e-01
5.4821606725e-02
-2.6783373952e-01
-1.8499091268e-01
-6.2898677588e-01
2.5807225704e-01
-6.2920466065e-02
-1.1171558872e-02
-4.8905280232e-01
-2.5139313936e-01
-1.1940181255e-02
2.0391188562e-01
-8.1147253513e-03
1.6665704548e-02
2.6684103534e-02
1.2559325993e-01
1.4480608702e-01
-2.4860835075e-01
1.8360385671e-02
2.7065204456e-02
-7.1869738400e-02
1.3315948891e-03
1.2803865597e-02
2.5480313301e+00
-1.4554237127e+00
4.2374372482e+00
3.2453107834e+00
2.9119360447e-01
-3.0668413267e-02
8.9541547000e-02
2.6401871815e-02
2.3156428710e-02
-2.6818487048e-01
-1.2311971188e-01
3.3511516452e-01
-2.4083328247e-01
-4.4853362441e-01
-7.2202366590e-01
1.3878451586e+00
-2.6935086250e+00
-2.6978280544e+00
-4.4286794662e+00
2.3978917599e+00
-2.2029852867e-01
-1.5009884536e-01
3.9026680589e-01
-1.2559758127e-01
-7.6226755977e-02
1.5960363671e-02
-7.5850516558e-02
1.4481202699e-02
-2.8034668416e-02
3.6488506943e-02
-2.6499456167e-01
3.3623507619e-01
-3.3044120669e-01
-5.4763847589e-01
-1.0547348857e-01
-1.1964674294e-01
4.7692131251e-02
-9.8243728280e-02
-4.0689747781e-02
-3.4728623927e-02
1.2761218846e-01
-2.4231998622e-01
9.8716691136e-02
3.2945859432e-01
-1.6205300391e-01
-6.8410366774e-01
-1.1379605532e-01
5.9704279900e-01
-5.8755332232e-01
-1.2748047709e-01
9.8807400465e-01
-5.2511162758e+00
1.8162494898e-01
2.8476002216e+00
1.5701050758e+00
-3.9121836424e-01
-4.7953192145e-02
-1.9604872167e-01
-2.2314872593e-02
9.5444984734e-02
3.2146327198e-02
7.3867194355e-02
1.2722148001e-01
-8.7214209139e-02
-3.3439755440e-01
-9.8883733153e-03
-4.2426794767e-01
1.3992129266e-01
5.2181132138e-02
-2.3994308710e-01
-8.6951116100e-03
-9.4160757959e-02
-8.3352334797e-02
1.4165407419e-01
-2.7625314891e-02
8.8934779167e-01
3.8258883357e-01
3.8501736522e-01
1.0827412605e+00
-1.6220654547e-01
-4.3920439482e-01
-6.1424416304e-01
7.1645915508e-01
-6.4726310968e-01
-2.7561644092e-02
-5.2836328745e-01
-1.0350373983e+00
-5.3592425585e-01
-7.4908018112e-01
-1.6442340612e+00
8.2984469831e-02
2.5320836902e-01
-1.1402689666e-01
-4.3301689625e-01
-2.7359893918e-01
9.9931377172e-01
-6.0814738274e-01
2.4742007256e-01
-9.3724802136e-02
5.1718093455e-02
2.5292330980e-01
3.3455614001e-02
-1.1945586652e-01
6.7213341594e-02
7.3189459741e-02
3.1479157507e-02
-3.5959616303e-02
6.1254646629e-02
-2.2178751230e-01
-1.2804286182e-01
-2.2610297203e+00
-1.3945332766e+00
-1.1422163248e+00
1.6179478168e+00
-8.5949450731e-01
-1.1037062854e-01
6.4551912248e-02
3.9174001664e-02
2.3750524968e-02
-1.1259838939e-02
-8.6353473365e-02
7.5002446771e-02
1.6892481595e-02
1.5008177608e-02
4.1961986572e-03
-8.4627799690e-02
2.2832040489e-01
-8.1984862685e-02
1.3047178090e-01
2.2603514791e-01
1.6036049128e+00
1.6321206093e-01
1.6055151820e-01
-6.6478587687e-02
1.8191304803e-01
-1.8341217935e-01
4.4353625178e-01
3.1798765063e-02
2.1420930326e-01
-3.4507837892e-01
1.9355820492e-02
-3.9816319942e-01
-8.8174305856e-02
5.5555902421e-02
2.3972509801e-01
1.0135639906e+00
-3.8176721334e-01
-4.3531042337e-01
2.1714860201e-01
-7.3311907053e-01
4.5228385925e-01
7.0513039827e-01
-7.7636200190e-01
4.5854860544e-01
2.2876632214e-01
1.4590886235e-01
-1.5956881046e+00
-8.8254332542e-01
2.2283799648e+00
-1.1499419063e-01
5.0413131714e-01
-4.0794447064e-01
8.9909148216e-01
-1.9187532365e-01
-2.8272396326e-01
-6.7035839893e-03
-2.8551107645e-01
-3.3337631822e-01
2.4155019224e-01
6.7242612131e-03
5.8662932366e-02
7.5371164083e-01
-9.4825679064e-01
-6.9357293844e-01
1.0275561363e-01
-5.0638729334e-01
3.8329941034e-01
1.0118466616e+00
1.9500524998e+00
2.7491486073e+00
-3.8414177299e-01
-6.4851634204e-02
5.3746484220e-02
5.2729791403e-01
1.1845576763e+00
1.5719516277e+00
1.5040185452e+00
2.5610988140e+00
4.1094055176e+00
2.9368648529e+00
1.2414294481e+00
-1.2932118177e+00
-1.1330901831e-01
2.4446618557e+00
1.9916815758e+00
1.8712113798e-01
-1.0892854631e-01
2.5260999799e-01
3.0029162765e-01
-4.0610104799e-01
3.0843448639e-01
3.2753759623e-01
-7.2999024391e-01
-6.6549819708e-01
5.2898842096e-01
-7.1269595623e-01
-5.0874823332e-01
3.5032597184e-01
5.6822367013e-02
4.2808285356e-01
1.4426081181e+00
8.8390320539e-01
-2.3806379735e-01
2.3396427929e-01
-4.7106158733e-01
2.6089659333e-01
-9.3430511653e-02
2.2019590437e-01
-2.3681367934e-01
1.1945184320e-01
-4.1758692265e-01
6.6559666395e-01
2.5090426207e-01
-3.7185445428e-01
-5.1288060844e-02
-4.1462838650e-01
4.1588747501e-01
2.2663348913e-01
3.1590467691e-01
2.2640687227e-01
-9.8166711628e-02
1.0331569239e-02
1.5315982699e-01
2.1007746458e-01
-8.7976835668e-02
8.5595417023e-01
-7.6574534178e-01
6.9008958340e-01
7.2294875979e-02
-4.7989536077e-02
-3.6322063208e-01
-4.0607625246e-01
3.3692175150e-01
-2.9016509652e-01
6.9737333059e-01
-2.9129099846e+00
-8.5062658787e-01
-2.0515189171e+00
1.8923645020e+00
2.2156784534e+00
6.4326983690e-01
-3.4468972683e-01
-1.1040719748e+00
1.7847572267e-01
2.6753708720e-01
5.0996768475e-01
3.9994758368e-01
-8.8248038292e-01
3.3149993420e-01
5.2009248734e-01
-1.4727319777e-01
-8.2974410057e-01
3.2734787464e-01
-8.8698846102e-01
-2.9345241189e-01
4.3256033212e-02
4.8355472088e-01
-1.8051616848e-01
-1.7615434527e-01
-6.2209859490e-02
1.0322749615e+00
-5.1884806156e-01
4.1540050507e-01
6.1595588923e-01
-1.3977552652e+00
2.8275911808e+00
-7.3282575607e-01
-3.6826321483e-01
4.1264815331e+00
8.6393254995e-01
-3.3294828609e-03
-1.5903966129e-01
-6.5336477757e-01
-2.7271300554e-01
1.4312076569e-01
-3.1674709916e-01
-1.9475166919e-03
-2.1756008267e-01
4.9648070335e-01
-4.0042299032e-01
-4.4478604198e-01
-5.7557332516e-01
3.7606018782e-01
3.2160711288e+00
5.5770677328e-01
3.8864961267e-01
9.0964369476e-02
-3.4667605162e-01
-1.6678126156e-01
2.9286077619e-01
1.5769215301e-02
-9.5092482865e-02
5.3294175863e-01
-2.7595737949e-02
-2.9870614409e-01
-1.0611245632e+00
5.3289991617e-01
2.1038284898e-01
4.7765201330e-01
-7.4141758680e-01
2.1292750537e-01
-7.7403175831e-01
3.1330525875e+00
1.3593293428e+00
5.7096952200e-01
-2.1510970592e-01
2.3243476450e-01
2.6209220290e-01
7.0971645415e-02
-4.1090551019e-01
-3.2078850269e-01
3.2183662057e-01
6.0165631771e-01
-3.7217593193e-01
-7.9837834835e-01
-1.9538921118e-01
2.4236449599e-01
-1.5266879797e+00
-2.3470930755e-01
7.0544284582e-01
-4.4119641185e-01
-1.1844036579e+00
-2.2530235350e-01
-3.7872189283e-01
4.0290981531e-01
-1.7156809568e+00
1.3957782984e+00
-8.0477601290e-01
-2.8567102551e-01
-1.1522313356e+00
-2.9320329428e-02
5.1692668349e-02
-5.6333488226e-01
-5.2453750372e-01
-1.9476341084e-02
2.3713810742e-01
6.5977829695e-01
5.2739483118e-01
8.6092579365e-01
1.8459204435e+00
1.9131368399e+00
-1.8847360611e+00
-6.1506819725e-01
3.2062792778e-01
2.5849189758e+00
1.7273651063e-01
7.3957312107e-01
-8.8059693575e-01
8.1887632608e-01
1.8957118988e+00
6.0572785139e-01
5.3078609705e-01
8.1107616425e-03
-3.9548718929e-01
1.1075296253e-01
1.2292897701e-01
8.4028191864e-02
-5.4866117239e-01
-2.8177040815e-01
2.6602032781e-01
-4.3698036671e-01
-3.0777856708e-01
1.0661094189e+00
-3.6034700871e+00
-4.3795496225e-01
2.0329618827e-02
1.0235530883e-01
3.6813473701e-01
1.6735188663e-01
5.2921324968e-01
2.0152668953e+00
-1.3577463627e+00
4.6730974317e-01
1.1689378023e+00
1.4269440174e+00
1.8194408417e+00
2.4184162915e-01
-1.5789312124e+00
1.5402607918e+00
1.7659305334e+00
-1.8021916151e+00
8.2110077143e-01
4.7834679484e-01
3.0494058132e-01
1.7715351656e-02
7.9469686747e-01
-9.9100500345e-01
9.1440111399e-01
2.1845057011e+00
5.6304736137e+00
-3.3713907003e-01
-2.4056452513e-01
-6.6078144312e-01
-1.1017277837e-01
1.3038619421e-02
1.5170395374e+00
-3.8105785847e-01
-7.0511657000e-01
4.5544242859e+00
1.1971362829e+00
-1.0496287048e-01
1.5849302709e-01
-3.7925508618e-01
-2.7108800411e-01
-5.1925394684e-02
5.1167941093e-01
-1.3663356304e+00
1.2562470138e-01
7.8379809856e-01
6.8104922771e-01
2.6549497247e-01
4.3557476997e-01
1.2909412384e-01
-5.3299017251e-02
-7.0696115494e-01
2.0803776383e-01
2.2835086286e-01
-8.8828986883e-01
-2.9465314746e-01
6.5647244453e-01
-2.6019245386e-01
-3.4512326121e-02
-2.5198721886e-01
2.6980113983e-01
-7.2611398064e-03
1.8440347910e-01
4.2635318637e-01
1.4088389874e+00
4.1138758659e+00
3.8980832100e+00
1.0676978827e+00
4.2958036065e-01
-3.0605912209e+00
-2.2859539986e+00
-3.6379952431e+00
-2.6326400042e-01
9.9899077415e-01
2.2877767682e-01
2.1395887434e-01
-8.3377993107e-01
8.5691028833e-01
9.9908894300e-01
8.6827445030e-01
-1.9718918800e+00
-1.0848114491e+00
8.3780489862e-02
-8.4556555375e-03
-5.6850221008e-02
7.4386388063e-02
-1.4296188019e-02
4.3242835999e-01
2.0321441814e-02
1.8456508219e-01
-1.8123716116e-01
2.2620085627e-02
1.1384206265e-01
-1.8889437616e-01
-3.2756850123e-02
-5.6620135903e-02
6.8325646222e-02
-3.9637126029e-02
-8.9837551117e-01
-3.9205476642e-01
-7.8738820553e-01
-2.8696499765e-02
-9.9473341834e-04
-7.9022437334e-02
-1.6463252902e-01
1.2756627053e-02
-1.0042498261e-01
-1.8840274215e-01
-8.7288603187e-02
1.8718300760e-01
6.8188369274e-02
-5.3551757336e-01
4.7601549886e-03
-2.3233170807e-01
2.0082116127e-02
-1.9453439862e-02
-4.2652390897e-02
-4.6339150518e-02
1.3507907093e-01
5.2065175027e-02
-8.0027177930e-02
-2.1846301854e-02
1.2589539587e-01
3.6617867649e-02
1.2200923264e-01
1.3964699209e-01
1.0325300694e-01
-7.1310207248e-02
7.3323622346e-02
2.9137563705e-01
-3.9310225844e-01
1.1872375011e-01
1.4050179720e-01
-1.2556783855e-01
1.8999376893e-01
-1.4103700221e-01
7.6414503157e-02
3.0920264125e-01
9.2950195074e-02
-2.0480377972e-01
-1.2401094288e-01
-1.8879493698e-02
-1.3332986832e-01
-1.4838650823e-01
-1.5458221734e-01
9.5352120697e-02
-4.7000867128e-01
-1.3126274943e-01
-2.2134324908e-01
-7.0334963500e-02
-8.9005559683e-02
2.5305722374e-03
2.1024341583e+00
1.5835361481e+00
9.8355704546e-01
1.5856957063e-02
6.1421778053e-02
-6.6559988260e-01
1.7094480991e-01
7.1897283196e-02
2.9440227151e-01
1.9235435128e-01
-8.5401557386e-02
-1.6995642334e-02
5.4868843406e-02
5.8383949101e-02
2.5071341544e-02
-2.5136423111e-01
3.5780364275e-01
1.0256829672e-02
-1.6793616116e-01
2.4183414876e-01
-3.0046658590e-02
4.4906940311e-02
1.5526236594e-01
5.8972317725e-02
4.8785400391e-01
-2.6170846820e-01
7.9034999013e-02
-3.9757034183e-01
-1.6526170075e-01
-1.0721219778e+00
-8.8996931911e-02
6.7678064108e-02
-2.2633899748e-01
8.8177785277e-02
4.4938898645e-03
-5.0733828545e-01
-8.2014985383e-02
-1.3073340058e-01
1.2229754031e-01
3.6409661174e-01
-6.4686592668e-03
-1.3915975578e-02
-3.2999384403e-01
5.0769024529e-03
-2.4654607475e-01
1.0966897756e-01
3.5986840725e-02
1.2937095761e-01
-5.6468278170e-02
1.5578980744e-01
-8.8497705758e-02
-3.1184107065e-01
1.4888124168e-01
5.6606501341e-01
8.6429542303e-01
-4.8740625381e+00
-4.0314211845e+00
-3.3777055740e+00
4.0630906820e-01
1.1749863625e+00
2.3117769510e-02
-4.9943562597e-02
-1.3487843797e-02
6.1939012259e-02
1.1879550666e-01
-3.2677285373e-02
1.1581022292e-01
2.0580551028e-01
-1.5353353322e-01
-2.1731075644e-01
-4.9262523651e-01
3.4908947349e-01
2.6997807622e-01
-2.2214199603e-01
-3.7328997254e-01
-4.5441020280e-02
6.7534118891e-02
2.6886528358e-02
-1.2065651268e-01
-1.0223235190e-01
9.8580628633e-01
8.5704851151e-01
-5.0949782133e-01
5.8543920517e-01
-8.8003903627e-01
2.4976751208e-01
1.1567111313e-01
4.4901555777e-01
4.1145345569e-01
-1.0299501568e-01
2.9850435257e-01
-2.4209596217e-01
-2.9715654254e-01
-6.0282185674e-02
2.0090602338e-01
9.3765612692e-03
5.9775120020e-01
-2.1209278703e-01
-4.5863214135e-01
-4.5925086737e-01
-1.8000487983e-01
-1.6543661058e-01
2.0027596503e-02
1.4380216599e-01
1.2966799736e-01
3.8880243897e-02
2.7868770063e-02
1.0812245309e-01
1.2182917446e-02
7.7333971858e-02
-1.1373237707e-02
-1.1095847003e-02
9.9045015872e-02
5.9786152095e-02
1.3858717680e-01
-8.9034092426e-01
-3.5962696075e+00
-2.4766190052e+00
8.8739353418e-01
1.1505463123e+00
2.7121442556e-01
-1.3406091928e-01
-8.5737772286e-02
1.1155459285e-01
3.9316195995e-02
3.1451117247e-02
-7.9099613428e-01
-1.3385578990e-01
2.2336249053e-01
5.6935900450e-01
7.5714817047e+00
8.0430030823e+00
6.5909013748e+00
7.8432917595e-01
7.5575022697e+00
-2.3473545909e-01
3.5838264227e-01
2.1246351302e-01
3.0154654384e-01
2.9509532452e-01
-1.4795905910e-02
-5.4104808718e-02
2.1201029420e-02
3.5157685488e-05
3.4589163959e-02
5.3248518705e-01
-4.3963441253e-01
7.5215697289e-01
2.9453578591e-01
-3.6501783878e-02
-8.8788799942e-02
4.4899158180e-02
3.4610636067e-03
-6.5939910710e-02
-2.8893316165e-02
-1.7368374765e-01
-4.4111918658e-02
-4.6019214392e-01
1.6665253043e-01
2.3891966790e-02
-4.0636599064e-02
7.3283135891e-01
-4.0576854348e-01
-2.1111147106e-01
-2.5891491771e-01
-2.2087497711e+00
-4.7501640320e+00
-4.0589904785e+00
-3.8942790031e-01
-1.8734265566e+00
2.1695175767e-01
-1.3600786030e-01
-2.1912869811e-01
2.6463154703e-02
2.3436467350e-01
1.1884006858e-01
1.1100741476e-01
-9.3921266496e-02
5.1464283466e-01
3.5421195626e-01
-4.2049959302e-01
-6.9411419332e-02
2.5562046096e-02
2.9658535495e-02
3.3435653895e-02
2.0802665502e-02
-1.0436953604e-01
-4.6648852527e-02
1.9670456648e-01
-1.2358471006e-01
3.1492421031e-01
4.2662657797e-03
-2.0258072019e-01
4.2447876185e-02
-6.4348089695e-01
3.3419090509e-01
1.3259631395e-01
4.6112096310e-01
-1.7304372787e-01
-3.6628365517e-01
3.5282888412e+00
3.5388894081e+00
3.7844111919e+00
3.8460693359e+00
6.3788437843e+00
-7.7647578716e-01
6.1086449772e-02
1.8930587173e-01
-4.7190284729e-01
-4.1916841269e-01
1.2025909424e+00
2.0394915342e-01
-1.7515544593e-01
1.2389328331e-01
-9.3201494217e-01
-1.5327128768e-01
1.0253039002e-01
6.9404686801e-03
3.2538622618e-02
-2.7632430196e-02
-3.9713963866e-02
-8.4950871766e-02
-1.6819275916e-02
-3.2019574195e-02
-1.1294914875e-03
6.7870759964e-01
6.8429660797e-01
3.0560618639e-01
2.6879220009e+00
1.8733451366e+00
-6.2298182398e-02
4.5121386647e-02
-2.7073690295e-01
-1.1038637906e-01
4.5639595389e-01
9.3109279871e-02
-1.7470426857e-02
1.1145367473e-01
-7.3488883674e-02
6.5680786967e-02
-9.4888843596e-02
-1.3077744842e-01
-1.2179277092e-01
-1.0963238776e-01
3.6601397395e-01
-3.4329801798e-01
2.3804388940e-01
-1.0201685876e-01
3.5061937571e-01
-2.3564857244e-01
-1.7271009088e-01
-2.2768603265e-01
-2.6403801516e-02
3.5093680024e-01
-1.9014006853e-01
-1.1059346795e-01
-1.0000168532e-01
6.8456709385e-01
1.4215356112e-01
2.5584617257e-01
-5.0820689648e-02
1.5188682824e-02
-7.7629852295e-01
-4.5326289535e-01
4.6704374254e-02
3.6801582575e-01
-5.6993138045e-02
-8.9842057228e-01
9.4403946400e-01
-1.3844313622e+00
3.6645844579e-01
2.6308534145e+00
1.2504675388e+00
-9.1478139162e-01
-1.1504195929e+00
-1.7282585800e-01
6.9329452515e-01
-1.4696818590e-01
5.1759475470e-01
1.5155774355e-01
-2.7754214406e-01
2.4413792789e-01
6.3419356942e-02
-1.1243630201e-01
1.4324307442e-02
7.6251268387e-01
-1.2892515659e+00
6.3376867771e-01
1.9817425311e-01
-3.8104081154e-01
6.7967677116e-01
1.4653918743e+00
3.7718027830e-01
7.8747940063e-01
-1.8400425911e+00
-1.1614874750e-01
-1.4870959520e-01
-3.1932168640e-03
4.9038399011e-02
3.1257733703e-01
-1.7255322933e+00
1.0206798315e+00
-7.1922916174e-01
2.5484454632e-01
-2.3695321083e+00
1.0263398886e+00
2.9600899220e+00
1.2734360695e+00
5.4218733311e-01
-4.5633497648e-03
-9.4766324759e-01
8.8726323843e-01
-5.0847965479e-01
2.3553432897e-02
1.5701639652e-01
-1.4286881685e+00
1.2222962379e+00
-3.5696941614e-01
-8.7143588066e-01
-1.3656499386e+00
1.0581470728e+00
-1.1345456541e-01
-8.6788296700e-02
-1.1279931068e+00
-5.0469066948e-02
-2.9314836860e-01
-1.2866237760e-01
8.2611575723e-02
6.9637012482e-01
6.3672184944e-02
-3.1485757232e-01
-9.8098255694e-02
5.3088790178e-01
-1.9496251643e-01
8.4893310070e-01
5.6035870314e-01
-2.1984618902e-01
1.5113452077e-01
-3.1697264314e-01
3.8780653477e-01
9.9571353197e-01
-1.3447438478e+00
-1.1467732489e-01
-3.3053627610e-01
-6.5652865171e-01
-3.6525538564e-01
-9.8072595894e-02
2.6414769888e-01
3.9565868676e-02
-2.7059435844e-01
-9.1165679693e-01
2.1072706580e-01
-4.6247172356e-01
4.2657673359e-01
1.2772879004e-01
-5.0849211216e-01
-7.0467907190e-01
4.3511068821e-01
1.1074575037e-01
1.6371907666e-02
1.0000867844e+00
-4.6750006080e-01
-1.8287276030e+00
-1.0427500010e+00
-1.6079206467e+00
1.3586805761e-01
6.2426501513e-01
1.5872523785e+00
4.7257088125e-02
3.9403626323e-01
-1.8109512329e-01
6.3044212759e-02
3.5505992174e-01
1.1915483326e-01
-2.2154185176e-01
-2.1745353937e-01
4.1020953655e-01
1.9600505009e-02
-8.8525587320e-01
-9.8673112690e-02
8.1231027842e-01
4.5760831237e-01
-3.2388913631e-01
2.2085185349e-01
-1.2005449086e-01
1.8312669992e+00
2.8174490929e+00
6.0962539911e-01
-7.4322980642e-01
-7.4210196733e-01
1.1943960190e+00
5.0704364777e+00
2.0498063564e+00
-3.1353911757e-01
-5.2862042189e-01
2.4303164333e-02
-1.3202214241e-01
3.3721651882e-02
7.9584039748e-02
-9.2272877693e-02
7.2444051504e-02
-2.0098941028e-01
2.8442573547e-01
8.6652964354e-02
-5.3378749639e-02
5.4106984288e-02
1.8687862158e+00
-1.1268433332e+00
1.9731081724e+00
-1.5475485325e+00
-5.0358980894e-02
-6.9323256612e-02
2.0003888011e-01
1.9465102255e-01
-4.4287469238e-02
2.3587256670e-01
-3.5704958439e-01
3.2890585065e-01
-1.2118081748e-01
8.6634911597e-02
2.1194279194e-01
4.9686249346e-02
9.0068173409e-01
-1.0242629051e+00
-7.6446747780e-01
-1.0335560143e-01
1.9197267294e+00
-8.4239256382e-01
2.6353909969e+00
1.1618603952e-02
6.2747001648e-01
-1.6888955235e-01
-4.5418895781e-02
-4.9344694614e-01
3.9005810022e-01
-6.5679781139e-02
-3.4147018194e-01
-1.5962861478e-01
1.3915584981e-01
1.0868033171e+00
1.7897812128e+00
1.1672641337e-01
-3.6680045724e-01
-8.4827775136e-03
-2.2394251823e+00
9.6011120081e-01
2.3254494369e-01
4.9846735597e-01
-5.2497559786e-01
-8.0576705933e-01
1.1261056662e+00
-5.3149533272e-01
2.0736102760e-01
-4.9798497558e-01
5.4429018497e-01
7.1752093732e-02
1.9914409518e-01
-7.3737198114e-01
8.5758142173e-02
3.5885274410e-01
3.1074793339e+00
1.8947783709e+00
-1.8527691364e+00
-2.0417194366e+00
6.1845028400e-01
-1.9961491823e+00
2.4693219662e+00
5.8156770468e-01
-2.0853929520e+00
-2.2127742767e+00
1.2084188461e+00
-1.8824714422e-01
2.5211581588e-01
-1.2162410021e+00
-1.9723874331e+00
-8.8994339108e-02
3.1324031949e-01
-3.0957040191e-01
-1.5562136658e-02
-8.7412863970e-02
3.8035947829e-02
6.8634226918e-02
-2.5714198127e-02
-3.2686796784e-01
3.5043027997e-01
-7.1680411696e-02
5.2589815110e-02
-3.2966196537e-01
7.4348524213e-02
1.4218393564e+00
-3.2692201436e-02
1.9156610966e-01
-1.0403897613e-01
-6.8835452199e-02
1.6200245917e-01
1.0516842604e+00
6.3608127832e-01
1.1880313158e+00
7.1692711115e-01
-1.0411457717e-01
-2.1701891422e+00
1.4831887484e+00
1.9979250431e+00
-2.1989941597e+00
-1.8233363330e-01
3.6609390378e-01
-2.1398832798e+00
5.3526604176e-01
1.8100270629e-01
1.3630811870e-01
5.8182591200e-01
1.4638912678e+00
-8.1959611177e-01
-1.0849745274e+00
-9.6745741367e-01
-3.5202536732e-02
-2.2979186475e-01
-1.6165888309e-01
1.6030277312e-01
-2.9462508857e-02
2.1240077913e-01
-8.2459867001e-01
-1.0110785961e+00
1.1405618191e+00
-1.4751225710e-01
9.1605305672e-02
-1.1650694907e-01
-8.1896114349e-01
1.4421620965e-01
-1.2638480961e-01
9.4371724129e-01
4.6521177888e-01
-6.9299846888e-01
3.4505558014e-01
-8.2936179638e-01
2.5641131401e-01
-2.5553420186e-02
9.1493511572e-03
-1.5785114840e-02
3.5032022744e-02
5.9071898460e-02
-1.7607843876e-01
1.3232513666e+00
2.2636152804e-01
2.6731592417e-01
-1.5279518068e-01
5.1540166140e-01
-6.2216979265e-01
-1.9905045629e-01
-1.5557095408e-01
2.6739826798e-01
1.8150583506e+00
1.4586079121e-01
6.4102631807e-01
-6.6768890619e-01
-2.6143975258e+00
-2.5047712326e+00
-1.9539533556e-01
-2.3151186109e-01
3.5245864391e+00
-3.8767442107e-01
-3.0040125847e+00
-7.4770450592e-01
1.3972105458e-02
2.1582211775e-04
-9.3221378326e-01
-2.7788811922e-01
-1.2652834654e+00
1.1802269220e+00
-8.1231993437e-01
9.5800971612e-03
1.8227769062e-02
1.5698865056e-02
1.3281626627e-02
-8.0872112885e-03
-6.2029901892e-02
-8.9356727898e-02
-4.3925251812e-02
6.5050851554e-03
7.0876985788e-02
7.8979246318e-02
-1.1501724273e-01
-1.4470573515e-02
-3.6930456758e-02
3.9723105729e-03
-1.2422161102e+00
1.7800323665e-01
-1.0454550982e+00
-3.5880768299e-01
7.6944237947e-01
3.5874869674e-02
-6.2667213380e-02
-1.8397508562e-01
-4.2131442577e-02
-3.6766093224e-02
-9.3525975943e-02
1.2040748261e-03
-2.1775035560e-01
-1.2288410217e-01
5.8563005924e-01
-1.1495273560e-01
-7.0718713105e-03
-4.1782528162e-02
-4.5159149915e-02
-2.3013379425e-02
8.3321332932e-02
6.6575609148e-02
-4.7855354846e-02
2.3000499234e-02
-5.8233086020e-03
6.5519854426e-02
-1.2494498491e-01
-1.4863541722e-01
2.4630257487e-01
-4.6277228743e-02
-2.9389375821e-02
3.8254171610e-01
5.7813423872e-01
2.6087611914e-01
7.4005953968e-02
-8.5198551416e-02
-1.5789233148e-01
4.8492018133e-02
-5.9119015932e-03
5.6908536702e-02
1.1581744999e-01
-1.1851418763e-01
3.8647715002e-02
-1.2607793510e-01
2.4263894558e-01
-4.5453763008e-01
3.2614281774e-01
-4.7467727214e-02
-4.6386009455e-01
9.9135451019e-02
-6.2925145030e-02
1.0022150725e-01
-7.3244713247e-02
-6.4429298043e-02
-1.0518188775e-01
6.4255160093e-01
5.0374925137e-01
-9.0074396133e-01
-7.5452864170e-01
6.2225991488e-01
4.9551684409e-02
-2.2825572640e-02
-1.3049679995e-01
2.9200820252e-02
3.6722990870e-01
6.7472912371e-02
4.3610844761e-02
-3.1704679132e-02
1.1803117581e-02
-3.5754732788e-02
7.0461010933e-01
1.2079130858e-01
1.7804807425e-01
2.9661527276e-01
-3.9855811000e-01
2.8178068995e-01
1.3175471127e-01
-1.4412572980e-01
4.2151370645e-01
9.9244425073e-03
-1.6102661192e-01
-2.8794112802e-01
2.4086627364e-01
1.0374698788e-01
4.8031696677e-01
-9.2660620809e-02
9.6802681684e-02
-1.6579417512e-02
1.2414547801e-01
3.0089605600e-02
1.2244201452e-01
-1.8080386519e-01
-9.2627070844e-02
1.6046692431e-01
-1.7832343280e-01
-3.3923771232e-02
7.4072703719e-02
9.4395883381e-02
-2.8113549948e-01
2.5290533900e-01
4.9935813993e-02
-4.6162419021e-02
-1.5030147135e-01
-2.4038724601e-01
-8.8625639677e-02
-7.1395210922e-02
1.7764745653e-01
-4.1264021397e-01
7.4709244072e-02
5.4757237434e-01
5.4219918251e+00
3.4495260715e+00
-4.0719494224e-01
-1.2880655527e+00
-5.4107308388e-01
-1.1095219292e-02
-7.4519723654e-02
-4.1958659887e-02
9.6529960632e-02
-8.9669942856e-02
1.2246076018e-02
1.9816933572e-01
1.4129957557e-01
7.1703121066e-02
1.1805286258e-01
-3.2935950160e-01
-5.4834568501e-01
2.3861648142e-01
-6.4453423023e-02
-8.1057377160e-02
-4.7372899950e-02
1.6968900338e-02
3.0826488510e-02
-4.2100097053e-03
1.4508296736e-02
5.7486450672e-01
1.3648626208e-01
-5.9921342134e-01
-7.5354504585e-01
1.8592585325e+00
-1.4338451624e-01
7.8339196742e-02
-1.8302920461e-01
-5.0376769155e-02
1.4158432186e-01
-2.5959646702e-01
4.1684174538e-01
-3.6374035478e-01
-1.6323515773e-01
2.0502842963e-01
5.7154512405e-01
-2.1212217212e-01
4.0736818314e-01
-6.9052497856e-03
1.8934103847e-01
-9.0969845653e-02
2.7055993676e-01
3.8797688484e-01
3.0870616436e-02
1.0116510838e-01
6.2539875507e-02
-6.7957900465e-02
-7.5181899592e-03
4.0096074343e-02
-2.7372857556e-02
3.3193845302e-02
-8.4504671395e-02
5.2763350308e-02
-2.4004852399e-02
1.4039166272e-01
1.4214379787e+00
3.1845548153e+00
9.0851491690e-01
1.9951446056e+00
1.0634804964e+00
1.5082785487e-01
-6.9291234016e-02
-6.7896232009e-02
5.1325056702e-02
-3.1366806477e-02
-1.3735875487e-01
2.3735873401e-01
-1.0139209777e-01
2.9062515497e-01
8.8319376111e-02
7.4713063240e-01
4.1902933121e+00
2.0634660721e+00
1.7083318233e+00
-2.2995152473e+00
-1.5179689229e-01
2.5078398176e-03
-3.0280250311e-01
-3.2477912307e-01
-3.7305942178e-01
3.4332349896e-02
1.8710458651e-02
4.7178664245e-03
-8.1722787581e-04
-1.3012400828e-02
-4.8457343131e-02
-4.8955771327e-01
1.5795699358e+00
2.3420889676e-01
-3.9824423194e-01
6.9797910750e-02
6.5121427178e-02
9.9140673876e-02
-6.5460251644e-03
5.1799435169e-03
-9.9158100784e-02
1.5361052752e-01
-4.9033369869e-02
-1.7791749537e-01
4.1055928916e-02
-3.5794150829e-01
3.6115977168e-01
-7.4593544006e-02
-5.0223220140e-02
2.8887060285e-01
1.2501555681e+00
2.7360470295e+00
-7.6875215769e-01
-9.2841976881e-01
1.2934323549e+00
-9.5692269504e-02
-3.0430987477e-02
3.6350332201e-02
3.6352284253e-02
2.4287308753e-01
-3.2269895077e-01
7.9052010551e-03
1.4402621984e-01
-3.8487839699e-01
1.3087084889e-01
-1.6854372621e-01
-1.1961226165e-01
9.6578299999e-03
-3.1763482094e-01
2.8280079365e-02
5.1043175161e-02
-1.2908804417e-01
4.3039396405e-03
1.4168562368e-02
1.5566493571e-01
9.5974445343e-01
-6.9757139683e-01
-4.5718762279e-01
-5.8692932129e-01
3.6959686875e-01
-3.8935917616e-01
5.5279183388e-01
-1.9907078147e-01
2.0218850672e-01
-9.4752138853e-01
2.9229521751e+00
2.6092972755e+00
3.6001265049e+00
1.1621050835e+00
2.5543662906e-01
5.5148411542e-02
-1.7596831545e-02
-4.9582537264e-02
5.2874368429e-01
1.1897654831e-01
-1.1201219559e+00
7.9142206907e-01
2.5021737814e-01
4.3392276764e-01
1.0303065926e-01
7.6312988997e-02
4.5109227300e-02
-9.5029927790e-02
1.3312415220e-02
-9.6369415522e-02
5.0559978932e-02
-6.7071393132e-02
-4.0297638625e-02
1.3432228006e-02
7.7558450401e-02
-1.0619330406e+00
5.2619117498e-01
2.1351504326e+00
4.9905067682e-01
1.0722149611e+00
-8.5785686970e-03
-8.4086813033e-02
1.9346421584e-02
9.9144978449e-03
-1.2637923658e-01
2.4662362412e-02
6.1768129468e-02
-2.8706453741e-02
1.7245355994e-02
-3.8693811744e-02
2.2448198497e-01
1.0386637598e-01
-8.3845511079e-02
9.7924456000e-02
1.4073842764e-01
-7.5381857157e-01
-5.4267203808e-01
1.0947474092e-01
5.1673734188e-01
-9.9288368225e-01
-3.0684254169e+00
-3.4698421955e+00
-2.3565251827e+00
-9.9977886677e-01
-2.0103123188e+00
-6.6095513105e-01
-3.9056175947e-01
-1.7343623638e+00
5.7256422937e-02
8.3275234699e-01
6.4046964981e-03
5.4591238499e-01
-5.8168846369e-01
-2.8623206615e+00
-1.9276672602e+00
-8.4468400478e-01
4.4063842297e-01
1.2277431488e+00
-2.7349359989e+00
-3.0050404072e+00
3.0310423374e+00
2.7172641754e+00
-4.1483831406e-01
-2.9140810966e+00
-6.2665677071e+00
2.9767695069e-01
1.0776993036e+00
2.8532108665e-01
6.6838091612e-01
-2.5426177979e+00
-2.9760536551e-01
-2.5183194876e-01
-9.6472024918e-01
1.4190367460e+00
-1.0539205074e+00
8.9116901159e-01
1.0335681438e+00
1.9492901564e+00
3.5996332765e-01
-2.8335151672e+00
1.9925496578e+00
2.7603516579e+00
-1.4238073826e+00
-4.3200359344e+00
-2.7188203335e+00
5.1955020428e-01
2.7476173639e-01
5.6680625677e-01
-3.9789898396e+00
-8.5392580032e+00
-1.3214850426e+00
-6.6181862354e-01
1.2114900351e+00
-7.3367953300e+00
-9.4511089325e+00
3.5310299397e+00
4.7704729438e-01
1.1706020683e-01
9.0764445066e-01
-3.5260090828e+00
-6.7197966576e-01
6.4840412140e-01
-7.2905582190e-01
5.8760178089e-01
-2.0035777092e+00
-1.3412443399e+00
1.5135865211e+00
2.2821731567e+00
1.0817748308e+00
-2.9686460495e+00
1.6605454683e+00
-2.2018222809e+00
-1.0791196823e+00
9.1304135323e-01
7.7386546135e-01
-3.4734637737e+00
-8.2486796379e-01
2.4546968937e-01
-3.4103393555e-02
-2.3440337181e+00
-2.2240130901e+00
-6.8080820143e-02
4.5849460363e-01
-3.5969033837e-01
-1.0102758408e+00
-3.7075272202e-01
2.5729089975e-01
-9.9034994841e-01
-2.3997569084e-01
-1.6167101860e+00
3.7410572171e-01
-4.5490992069e-01
-1.1200627089e+00
-2.4933905900e-01
-1.0351902246e+00
5.0802928209e-01
-3.2098379731e-01
-1.6283740997e+00
1.9121636152e+00
2.8014318943e+00
-9.9413555861e-01
3.4086439013e-01
2.5774690509e-01
3.0312106013e-01
-1.0643142462e+00
1.6400017738e+00
6.9224232435e-01
1.6806547642e+00
-1.6385864019e+00
-6.0986213684e+00
-2.0707259178e+00
-1.3646394014e+00
3.0191349983e+00
-1.1811468601e+00
-6.4422235489e+00
-1.7964003980e-01
6.9445115328e-01
3.1009430885e+00
-1.0320911407e+00
-4.3998713493e+00
-9.2063778639e-01
9.5688730478e-02
-1.6183187068e-01
-2.9946619272e-01
-1.4461401701e+00
1.0584299564e+00
6.0663974285e-01
-3.7528595328e-01
3.4438681602e+00
9.3598055840e-01
-1.6400374174e+00
-2.1204543114e+00
-1.1856362820e+00
1.0534763336e+00
-9.8463481665e-01
3.4588088989e+00
-2.2755637169e+00
7.0539230108e-01
-3.0567127466e-01
-3.9758726954e-01
2.0590415001e+00
4.7763905525e+00
1.1265622377e+00
-5.6136341095e+00
-3.9125213623e+00
-1.2343866825e+00
-5.5697292089e-02
-7.2358757257e-01
2.6175987720e-01
3.6440914869e-01
-2.3015522957e+00
-6.9212490320e-01
1.7012112141e+00
-2.5436081886e+00
2.0072801411e-01
2.7057802677e+00
2.6627335548e+00
2.1833345890e+00
-3.9528534412e+00
-2.7587525845e+00
-3.4833621979e-01
-7.5642734766e-01
-7.2046989202e-01
4.4555154443e-01
-2.8435947895e+00
-6.8859353662e-02
5.7159948349e-01
-1.8892855644e+00
1.0707793236e+00
-4.7758218646e-01
1.4065189362e+00
1.5579195321e-01
-2.7999444008e+00
-3.3947768211e+00
-3.1094515324e+00
1.3558443785e+00
-2.4458236694e+00
1.5233912468e+00
8.0453467369e-01
-2.3652172089e-01
-1.2259954214e+00
-5.9316837788e-01
-3.1019383669e-01
9.3437850475e-01
-1.5481352806e+00
-1.9864014387e+00
-1.7471237481e-01
-1.1233323812e+00
5.6370115280e-01
-1.1956220865e+00
1.7919291258e+00
1.4266601801e+00
-1.1705431938e+00
-3.2627103329e+00
-3.8971233368e+00
-2.1281892061e-01
-2.8913643956e-01
1.5467575788e+00
1.3508791924e+00
-5.3566062450e-01
-1.7159363255e-02
1.0246568918e+00
-1.9505798817e+00
-8.2451266050e-01
-7.4936461449e-01
1.8046468496e+00
9.2146050930e-01
-1.5958119929e-01
1.9560904503e+00
2.1239469051e+00
2.8417649865e-01
-4.6876573563e+00
-3.3610720634e+00
4.0564826131e-01
-4.6190282702e-01
1.7840832472e+00
4.3071379662e+00
-2.2148914337e+00
-5.0231165886e+00
-5.0533952713e+00
1.8293728828e+00
1.1397923231e+00
3.4802025557e-01
-4.7108788490e+00
-4.7113780975e+00
-1.6358298063e+00
-9.1831672192e-01
-4.4039696455e-01
-8.4509074688e-01
5.3086295724e-02
-3.5988745093e-01
3.1253343821e-01
1.3364510536e+00
-2.4797420502e+00
-2.4212951958e-01
-1.7033386230e+00
-2.5416767597e-01
-2.1018958092e+00
2.0226936340e+00
4.8840329051e-01
-3.2302096486e-02
3.3951308578e-02
-2.6095008850e-01
1.7810779810e-01
-1.2140046060e-01
-2.3378374577e+00
-4.7348165512e-01
4.6751350164e-02
-3.4392590523e+00
3.2133038044e+00
6.4095325768e-02
2.1088705063e+00
-1.3547637463e+00
-4.1551370621e+00
-2.1923154593e-01
9.5737868547e-01
-4.0798187256e-01
-3.6380919814e-01
-6.0353463888e-01
-2.2841734886e+00
4.5054154396e+00
3.2202258706e-01
-1.8999166489e+00
-9.6684283018e-01
-6.8448214531e+00
-3.7922704220e-01
-6.5123623610e-01
8.7673521042e-01
2.9163002968e-01
-4.1562519073e+00
-7.8905653954e-01
2.4203872681e+00
3.1517889500e+00
-8.1346960068e+00
-5.2956027985e+00
-4.2975386977e-01
8.6011725664e-01
-4.9651166797e-01
4.6806856990e-01
-1.0195909739e+00
-3.2714359760e+00
-2.8113648891e+00
7.2488379478e-01
-2.7757411003e+00
-2.1462699771e-01
-7.6059961319e-01
-1.3924256563e+00
8.1626307964e-01
6.8263614178e-01
-1.0928473473e+00
9.1715753078e-01
7.4644577503e-01
-3.1715944409e-01
2.9592075348e+00
3.4132790565e+00
-2.5794652104e-01
-1.3175851107e+00
-9.5733952522e-01
9.2450839281e-01
-1.3150513172e+00
-1.3554155827e+00
-3.5155630112e-01
1.6524586678e+00
-7.1743845940e+00
-7.4062294960e+00
-2.1347153187e+00
3.8935856819e+00
1.5035936832e+00
1.2574305534e+00
4.1533021927e+00
-6.6877394915e-01
1.0754275322e+00
9.3917489052e-01
6.9600665569e-01
3.1253170967e-01
-3.6778929234e+00
-6.6447505951e+00
-2.1211390495e+00
1.1739974022e+00
2.5489499569e+00
5.4928785563e-01
1.4690889418e-01
-1.9629070163e-01
-7.7559895813e-02
2.7756467462e-01
6.3060230017e-01
7.9744122922e-02
-2.5981831551e-01
1.0096184909e-02
-2.2671947256e-02
1.3347637653e-01
9.2079736292e-02
-5.0316822529e-01
-5.4790675640e-01
1.2578335591e-02
-9.3260496855e-01
-1.2923989296e+00
1.2026144564e-01
-3.1226443127e-02
3.2162177563e-01
-5.1946562529e-01
-5.7334905863e-01
-5.0677114725e-01
6.3833795488e-02
5.5844855309e-01
-4.5999154449e-01
-4.5954051614e-01
-2.4816466868e-01
-2.0924989879e-01
5.7565063238e-01
-5.9405940771e-01
-3.9977145195e-01
-1.4953958988e-01
1.2987871468e-01
2.6774168015e-01
4.7595685720e-01
-4.9409218132e-02
1.2876991928e-01
2.6798635721e-01
1.8883657455e-01
-2.7284911275e-01
-6.8218964338e-01
-8.5911458731e-01
8.0880336463e-02
-5.6944781542e-01
-8.0832886696e-01
-1.1086721420e+00
-7.2701585293e-01
-6.9204574823e-01
-7.3281782866e-01
-7.7682372648e-04
-2.1980339661e-02
2.2280341946e-03
-6.4631081186e-03
-8.8811755180e-02
6.9678403437e-02
3.8297396898e-01
6.0892784595e-01
-1.2402164936e-01
-6.9033861160e-01
-1.3863860369e+00
-9.6435868740e-01
7.5366669893e-01
8.0495864153e-01
8.3707797527e-01
-2.4901805818e-01
-1.7895050347e-01
-2.2364985943e-01
-1.7091321945e-01
-4.3518476188e-02
-1.8256962299e+00
-1.2331805229e+00
5.0730848312e-01
-1.3965622187e+00
-2.9863023758e+00
-6.3712447882e-01
-5.3828090429e-01
-7.0371598005e-01
-2.9654306173e-01
-2.1607725322e-01
8.6176383495e-01
-4.3199561536e-02
-1.6452011466e-01
2.8664529324e-01
2.0565669239e-01
1.4395947568e-02
-1.6297161579e-01
5.0958114862e-01
8.5270595551e-01
7.1851962805e-01
8.3784675598e-01
8.6932674050e-02
3.8188436627e-01
-2.8307819366e-01
-7.0124554634e-01
-4.2645043135e-01
-1.0865934938e-01
2.3238556087e-01
-4.9829849601e-01
1.1740040779e-01
4.2968308926e-01
8.1415854394e-02
-2.1131001413e-01
-6.4809499308e-03
-1.2344688177e+00
-7.7917434275e-02
-2.7060839348e-03
-4.1511744261e-01
-3.5903525352e-01
-6.8607622385e-01
1.1695977449e+00
2.0544029772e-01
-2.2382965684e-01
-2.3506371677e-01
-2.6037400961e-01
-4.7726899385e-01
-1.1729247123e-01
-1.5799963474e-01
2.8859618306e-01
3.5957407951e-01
2.3716083169e-01
2.8931966424e-01
1.4788734913e+00
-9.3255621195e-01
-2.3559532166e+00
-4.9062371254e+00
1.8757115602e+00
-1.0256903172e+00
-2.2489168644e+00
2.9495809078e+00
-1.0976824909e-01
4.1198566556e-01
-3.6497879028e-01
7.1455329657e-02
7.7405005693e-01
6.0870397091e-01
6.7011192441e-02
-1.8543173373e-01
-3.4729254246e-01
-2.9774051905e-01
-4.9684308469e-02
1.2615258992e-01
5.3356166929e-02
2.9361498356e-01
-8.2480706275e-02
2.2266393900e-01
-4.7471430898e-01
-1.1007474363e-01
4.8341682553e-01
2.4687374011e-02
1.5743930638e-01
2.0766440034e-01
-8.3428323269e-02
2.4432446063e-01
1.1888393164e+00
8.2258842885e-02
2.9156178236e-02
-1.7829855205e-03
4.2203760147e-01
1.0914709568e+00
-2.1340692416e-02
-7.2880870104e-01
-8.5495972633e-01
-1.5001311302e+00
-4.0743473172e-01
-1.1838896200e-02
4.1021788120e-01
5.9222984314e-01
3.3578068018e-01
-2.8550481796e-01
3.6543807387e-01
-2.7591848373e-01
-9.6283602715e-01
-4.9474272132e-01
-1.8560969830e-01
8.0797511339e-01
6.5384823084e-01
8.7280802429e-02
1.7222048342e-01
-1.7211578786e-02
5.6255006790e-01
-3.4830877185e-01
-5.2456992865e-01
1.9868628681e-01
2.3688639700e-01
-9.5642509460e+00
-3.7395470142e+00
-3.4767510891e+00
-2.8976213932e+00
1.2798867226e+00
-6.6794180870e-01
-1.1956550926e-01
2.4904455245e-01
4.6397751570e-01
1.0314505100e+00
6.2331551313e-01
2.0924687386e-02
-9.1660356522e-01
-8.8917803764e-01
-1.5077357292e+00
7.3901190758e+00
5.7238688469e+00
6.6764674187e+00
4.4733314514e+00
-6.5972166061e+00
2.5188559294e-01
-5.3230005503e-01
-1.0524570942e+00
-7.3354668915e-02
2.3103262484e-01
3.5896423459e-01
1.7048135400e-01
-2.1183919907e-01
6.8748071790e-02
2.5105422735e-01
1.1779755354e+00
-2.4940557480e+00
4.8364570737e-01
-1.2459149361e+00
-1.8380666971e+00
5.0696563721e-01
4.0744182467e-01
1.2514987588e-01
1.2488190085e-01
4.5627087355e-01
5.7996201515e-01
-1.1108172685e-01
-1.0395973176e-01
-1.3915741444e-01
-4.2325720191e-01
-4.2746607214e-02
6.7317306995e-01
1.7371438444e-02
-4.1906824708e-01
-2.1303400993e+00
-1.8743268967e+01
-7.8057265282e+00
-7.7955107689e+00
-1.1785616875e+01
-3.0960900784e+00
2.5087806582e-01
2.1520654857e-01
1.3066899776e-01
1.1541840620e-02
-4.6274212003e-01
-5.2850985527e-01
-1.9701040983e+00
-6.4886462688e-01
-8.0696791410e-01
-4.9998342991e-01
9.4932842255e-01
1.4773783088e-01
-2.9071021080e-01
1.7689742148e-02
3.2588666677e-01
5.0032353401e-01
3.0122581124e-01
-2.3527750373e-01
3.5039529204e-01
-7.5745636225e-01
-1.6811239719e-01
-4.0782719851e-01
9.9675840139e-01
5.1076442003e-01
8.5952395201e-01
-2.3408499360e-01
5.5878984928e-01
1.3052293658e-01
3.9336606860e-01
-1.6228892803e+00
8.3144111633e+00
7.3702116013e+00
7.0056715012e+00
1.5164898634e+00
-2.2668032646e+00
1.1460477114e+00
-1.4548814297e-01
-4.5097112656e-01
-6.2359023094e-01
-6.7616216838e-02
-1.2691667080e+00
-2.1131784916e+00
6.1929579824e-02
-4.7339150310e-01
5.8765602112e-01
3.3101190347e-03
-1.2726737559e-01
-3.4089431167e-01
-5.2416414022e-01
3.2841491699e-01
-1.4216673374e-01
-7.7648234367e-01
-4.9738526344e-02
9.2585369945e-02
-9.2851169407e-02
5.9588617086e-01
1.3098196983e+00
1.7317012548e+00
1.6796207428e-01
-1.4346275330e+00
4.5136317611e-01
-1.6912835836e-01
-1.6453562677e-01
-2.1691565216e-01
-1.1827261448e+00
1.9043453038e-01
-2.2548739612e-01
-5.0192779303e-01
6.4019352198e-02
1.8394440413e-01
6.8832194805e-01
-2.2165946662e-02
-4.4487856328e-02
1.2296314538e-01
-2.7262976766e-01
5.5618840456e-01
1.9359996542e-02
1.4240983129e-01
5.6197054684e-02
5.6868970394e-02
1.6113422811e-01
5.6444329023e-01
2.5072985888e-01
-2.7106741071e-01
-4.4278043509e-01
1.7994357646e-01
-4.3855953217e-01
-3.6010760069e-01
-3.5182139277e-01
-3.3404301852e-02
-5.9639620781e-01
-1.3224484921e+00
-2.7753406763e-01
8.0694538355e-01
4.0300384164e-01
-8.4083504975e-02
1.3176590204e-01
-2.4590463936e-01
8.2542121410e-01
-6.3570827246e-01
-1.2709151506e+00
-1.2774864435e+00
-1.4049284458e+00
7.4918788671e-01
-5.1497942209e-01
-2.7269783616e-01
3.1575915217e-01
1.0081418604e-01
-3.7894225121e-01
-1.2704802677e-02
-4.0188249201e-02
-4.5453202724e-01
2.0545226336e-01
-3.2204803824e-01
1.1997681111e-01
9.0847708285e-02
-5.7183444500e-02
-1.5360599756e-01
-5.6398612261e-01
3.1800511479e-01
4.2024603486e-01
-1.3925040960e+00
1.2483329773e+00
-1.7862366140e-01
3.7063753605e-01
-2.6982240379e-02
-6.1349719763e-02
-1.2582592666e-01
7.8032754362e-02
-2.1145603061e-01
1.8111553788e-01
3.3976620436e-01
-4.6664652228e-01
-5.9245449305e-01
-1.7929544449e+00
-4.8453858495e-01
-4.2529708147e-01
-1.8466250598e-01
-3.7506133318e-01
1.4081718922e+00
1.5960158408e-01
8.9397907257e-02
-6.5805345774e-02
-1.2199088931e-01
1.2009820342e-01
3.0860093236e-01
-4.3861734867e-01
-4.6414613724e-01
2.0373260975e-01
-2.2650195286e-02
-5.4508797824e-02
1.2276045084e+00
-1.2747164965e+00
-2.7283871174e-01
-1.3618688583e+00
5.2155584097e-01
1.4251089655e-02
-9.5998374745e-03
3.7302162498e-02
-7.1584023535e-02
2.0046773553e-01
2.4716570973e-01
-1.6367390752e-01
5.0182425976e-01
-4.4394293427e-01
-1.6621783376e-01
-6.0146059841e-02
-1.1394255562e-03
-1.0682304390e-02
5.3362313658e-02
-5.3974235058e-01
6.8816810846e-01
-6.2916392088e-01
1.7225942016e-01
-2.8675168753e-01
-2.2294825315e-01
3.5107871890e-01
1.7970013618e-01
-3.8774814457e-02
-3.1672674417e-01
3.0504605174e-01
-8.1974774599e-02
1.9037352502e-01
-2.3286198080e-01
9.7332812846e-02
-2.0149318874e-01
5.0478607416e-01
-4.2922109365e-01
1.7403113842e-01
-9.2751368880e-02
-1.5167515278e+00
1.2776182890e+00
2.0754361153e+00
1.6282418966e+00
-2.4538013339e-01
1.6354306936e+00
-7.6980209351e-01
-1.4984328747e+00
1.0106146336e+00
-2.6668465137e-01
-4.4389519840e-02
-1.3624683022e-01
-4.8110231757e-02
2.1123479307e-01
-7.9327717423e-02
1.4127969742e-01
9.6223212779e-02
-1.3967372477e-01
-4.6827229857e-01
2.6559665799e-01
8.1445753574e-02
-7.3278009892e-01
6.1046528816e-01
-5.4628409445e-02
2.8176516294e-01
-1.7465664148e+00
-9.9015778303e-01
-1.2014963627e+00
1.4235764742e-01
3.7323489785e-01
-1.3894082308e+00
-4.4371132851e+00
-7.4789255857e-01
-1.3230633736e-01
6.7137217522e-01
1.8254582584e-01
-4.9546238035e-02
3.3859103918e-01
1.5352214873e-01
-1.5951766074e-01
-9.3238458037e-02
-7.3981834576e-03
-1.2127091736e-01
-2.9532894492e-02
4.6023454517e-02
-6.0968276113e-02
-8.6203210056e-02
7.6857519150e-01
-3.6999818683e-01
1.3659901619e+00
-3.2130547334e-03
-7.1910701692e-02
-6.1013206840e-02
-5.0986153074e-03
-2.1796228364e-02
-9.8992921412e-02
9.6257336438e-02
9.3361005187e-02
-8.6746945977e-02
-2.8719646856e-02
2.7971971035e-01
-1.0614566803e+00
1.7345622182e-01
1.5374971628e+00
-5.9219878912e-01
3.5327792168e-01
-3.1086215377e-01
-6.1200052500e-01
5.6935077906e-01
-1.1733680964e+00
1.7385788262e-01
-1.7374134064e-01
-4.9121469259e-01
4.2177554965e-01
9.9667161703e-02
-1.8365640938e-01
3.9621427655e-02
5.1191759109e-01
-7.4966843240e-03
-4.5982718468e-01
-7.9228276014e-01
-5.1510661840e-01
-9.8658211529e-02
1.4758318663e+00
1.6993570328e-01
1.1018086970e-01
-4.1778266430e-01
-1.0258266926e+00
7.6690083742e-01
-2.5804918259e-02
1.2624301016e-01
6.1382961273e-01
-1.1505826563e-01
3.4429994226e-01
-6.8868261576e-01
2.0697550476e-01
4.4162261486e-01
-1.8020232022e-01
-1.3541390002e-01
1.4809766784e-02
-2.0695002079e+00
-1.3947108388e-01
1.1929422617e+00
-3.6190882325e-01
-1.3747223616e+00
-2.8280442953e-01
-2.0051832199e+00
-1.8684743345e-01
6.7629861832e-01
9.5247876644e-01
9.6458441019e-01
-6.3380040228e-02
-5.9075820446e-01
9.9184095860e-01
6.2529402971e-01
7.2710806131e-01
-4.7984859347e-01
-1.8791113794e-01
5.3115408868e-02
-6.1412677169e-02
-1.4132831991e-01
1.5249851346e-01
-1.4441372454e-01
-2.1203874052e-01
2.2202514112e-01
-2.2300469875e-01
-3.8219046593e-01
-7.2146475315e-02
-1.0085364580e+00
4.1896125674e-01
-1.8672198057e-01
-4.2364414781e-02
3.1775314361e-02
-1.9743382931e-02
-4.6618003398e-03
1.3532480001e+00
-1.6212849617e+00
1.2550592422e+00
5.2721464634e-01
-1.0066281557e+00
5.9893172979e-01
-2.4108059406e+00
-3.3472087979e-01
1.2632479668e+00
-6.7934077978e-01
-3.0155676603e-01
1.8055931330e+00
2.0889706910e-01
-2.2848285735e-02
-2.0878013968e-01
-8.7255024910e-01
-8.5038435459e-01
7.6562720537e-01
9.0565454960e-01
9.2515629530e-01
3.8592435420e-02
-7.9952580854e-03
-2.0619172603e-02
5.4400116205e-03
2.7884788811e-02
-2.6091749668e+00
4.8298755288e-01
-5.2780622244e-01
6.3063275814e-01
-1.4239363670e+00
-2.4098163471e-02
8.3776593208e-02
-2.8901481628e-01
-1.2975248694e-01
7.7413290739e-02
-2.6322868466e-01
4.3829470873e-01
-4.8945513368e-01
-1.4150366187e-01
1.3485772908e-01
-3.7977825850e-02
-9.1366097331e-02
3.5292801261e-01
-9.3060418963e-02
1.6991445422e-01
-2.0100933313e-01
-1.0170894861e-01
7.0246160030e-01
-4.1787078977e-01
-6.5794545412e-01
6.8843796849e-02
-3.0530510470e-02
6.2654711306e-02
-2.7627459168e-01
-7.8021854162e-02
-1.3980567455e+00
-6.4959359169e-01
5.9843999147e-01
1.0549494028e+00
-1.4314377308e-01
1.9449945688e+00
1.1232630163e-01
1.6746668816e+00
5.6875509024e-01
-2.6680359840e+00
4.4081842899e-01
4.7028130293e-01
1.0874121189e+00
-6.3230854273e-01
-3.9856505394e-01
-2.2758410871e-01
-2.8922611475e-01
2.0602814853e-01
-1.3346117735e+00
-8.0637770891e-01
6.4428456128e-02
1.8839467317e-02
-4.4076559134e-03
8.6471792310e-03
-3.3945992589e-02
1.5688893199e-01
-7.2216026485e-02
-1.0620911419e-01
-9.0898729861e-02
-5.8938659728e-02
-2.5120897219e-02
-2.0459672436e-02
-4.2491637170e-02
-5.0312578678e-02
-5.8786822483e-03
3.0022928119e-01
-4.3033456802e-01
8.1784337759e-02
-4.5726054907e-01
-1.3979449868e-01
3.1906206161e-02
4.4234905392e-02
7.3666940443e-03
-5.3891360760e-02
6.9495238364e-02
1.2026104331e-01
6.6482871771e-02
1.6190697253e-01
2.6060822606e-01
-1.9669760764e-01
3.6526669282e-03
6.8414129317e-02
-1.3787387870e-02
1.2543623336e-02
1.0032803752e-02
8.5103400052e-02
-2.2914081812e-02
-7.8832924366e-02
-8.6910314858e-02
-1.9949014485e-01
4.1494481266e-02
-7.1513772011e-02
1.7414212227e-01
-1.2216731906e-02
-5.7720061392e-02
-6.6635227203e-01
2.6452404261e-01
-3.2812279463e-01
-2.4166192114e-01
1.5325641632e-01
-5.1180791110e-02
4.4966936111e-02
-1.3106244616e-02
4.0879625827e-02
-1.1740563437e-02
6.4493376017e-01
3.9270676672e-02
-5.7829037309e-02
2.1955420077e-01
-5.5996787548e-01
-3.0442702770e-01
3.7102258205e-01
-1.0072013736e-01
-2.7713296935e-02
5.0997614861e-01
7.9598776996e-02
-9.2330977321e-02
6.9374926388e-02
-7.2682894766e-02
-5.9909474105e-02
2.3054478168e+00
4.1432362795e-01
-2.9213604331e-01
2.0816538483e-02
-1.5701784194e-01
-1.8463830650e-01
3.0293685198e-01
-1.1140892282e-02
1.2513110042e-01
2.4004334584e-02
7.0124164224e-02
4.9772370607e-02
5.9157833457e-02
-4.3141422793e-03
7.9009562731e-02
7.9567164183e-02
-5.6778222322e-01
-1.3904775679e-01
-2.9525220394e-01
3.1253570318e-01
1.5163680911e-01
2.0903734863e-01
-1.7224626243e-01
-5.2976059914e-01
-1.9498521090e-01
3.6154203117e-02
-2.0830590278e-02
2.6040104032e-01
2.0905530453e-01
-1.9580094516e-01
-5.8770786971e-02
2.4629525840e-02
-3.3445619047e-02
-7.2035548510e-04
-2.2359201312e-01
-1.1130219698e-01
-1.1998241395e-01
1.3048617542e-01
-1.2001481652e-01
-4.3367497623e-02
-1.5643319488e-01
-1.6607692838e-01
-1.9810386002e-01
3.0722111464e-01
2.7410930395e-01
-5.2687048912e-02
-1.1778771132e-01
-1.9248597324e-02
1.2614448369e-01
1.6740915179e-01
-2.2291627526e-01
-1.6022196412e-01
4.7091901302e-01
-2.8597676754e-01
-5.5721938610e-01
3.8575265408e+00
3.6670281887e+00
2.2904496193e+00
-1.3993861675e+00
-2.5276768208e+00
-9.8533093929e-02
-2.7232209221e-02
-4.8405896872e-02
-5.3312309086e-02
2.0239555836e-01
5.2884414792e-02
8.8730327785e-02
1.1701656133e-01
-1.4397615194e-01
1.5488748252e-01
-5.1487863064e-01
-1.1017527431e-01
4.6508297324e-01
5.5368304253e-01
-4.5950910449e-01
-4.0304165334e-02
-2.0327124745e-02
-3.3451735973e-02
-1.4646556228e-02
5.4121613503e-02
-3.9930060506e-01
-1.0178397894e+00
5.4305884987e-02
-5.2449536324e-01
-1.9621986151e-01
-7.3840275407e-02
4.0777895600e-02
5.6540861726e-02
5.4793853313e-02
-3.6247281823e-03
-1.4093424380e-01
8.9718326926e-02
2.6770216227e-01
1.6293365508e-02
4.7910902649e-02
-2.1909774840e-01
5.4745927453e-02
2.5758421421e-01
-5.3525108099e-01
-2.2175085545e-01
-1.5671122074e-01
-2.2548488341e-03
-1.5898557007e-01
1.5718948841e-01
-4.7226302326e-02
8.9791923761e-02
3.6057006568e-02
-2.5541208684e-02
5.6644186378e-02
6.5742090344e-02
5.1526982337e-02
-2.3402392399e-03
1.5809069155e-03
2.0189853385e-03
-1.0342065245e-02
5.5215554237e+00
3.6679189205e+00
3.7420206070e+00
5.5676418543e-01
-3.9471549988e+00
1.1170293391e-01
-2.9425844550e-02
-1.3567731716e-02
-3.5579778254e-02
-1.0386191308e-02
-6.2813103199e-01
-6.1728066206e-01
2.0914162695e-01
-1.8251834810e-01
-1.5242968500e-01
-2.0844216347e+00
-5.0917873383e+00
-4.4535136223e+00
-3.3553795815e+00
5.1497697830e-01
1.1925152689e-01
4.7853970528e-01
-1.6751381755e-01
-1.3715754449e-01
-1.3074700534e-01
3.7174433470e-02
-1.0249485262e-02
-2.0369458944e-03
-1.6198832542e-02
8.7517881766e-03
-2.3126554489e-01
1.0668295622e+00
3.4259456396e-01
2.0128586888e-01
2.2090001404e-01
1.3144542463e-02
-1.6773207113e-02
-3.4315448254e-02
-4.6331387013e-02
-5.0579786301e-02
-6.1429761350e-02
1.3047258370e-02
-4.9972403795e-03
8.4657862782e-02
3.0944315717e-02
4.4629079103e-01
7.7334547043e-01
6.0458600521e-01
-3.2908138633e-01
-6.3093972206e-01
3.0624718666e+00
4.7890410423e+00
6.0389671326e+00
3.9414663315e+00
-8.6600583792e-01
-2.6923213154e-02
6.7684322596e-02
1.9553759694e-01
1.6362404823e-01
1.8961548805e-01
-3.5073813796e-01
-6.4865447581e-02
5.6643962860e-01
3.4680736065e-01
3.5388463736e-01
-1.3527248800e-01
-1.8290561438e-01
8.7610436603e-03
-1.0603848100e-01
-8.5089303553e-02
9.6988612786e-03
2.7741359547e-02
2.0996127278e-02
4.6483948827e-02
-1.7312575132e-02
1.0877940655e+00
-1.4922672510e-01
8.1987582147e-02
-3.3379215002e-01
-5.5883532763e-01
7.2447463870e-02
5.2946454287e-01
-2.2544936836e-01
7.1034736931e-02
3.5836958885e-01
-2.5128948689e+00
-3.5351197720e+00
-1.9446978569e+00
-2.7773921490e+00
-3.5199670792e+00
1.1240302026e-01
8.8780656457e-02
4.4974796474e-02
3.2688698173e-01
6.5450415015e-02
-2.1864676476e-01
-1.0294009553e-04
-1.8896484375e-01
3.9970704913e-01
-1.5518583357e-01
2.5952370837e-02
-4.3525610119e-02
-6.1659846455e-02
-9.0784564614e-02
1.9768146798e-02
-1.0519434512e-01
-1.1829580180e-02
5.8761823922e-02
-2.6666685939e-02
-4.2866218835e-02
-1.1764893532e+00
-1.9840422869e+00
-1.2760347128e+00
-2.8153412342e+00
-1.2267082930e+00
2.1825777367e-02
-3.6090712994e-02
-5.3682200611e-02
-9.8093925044e-04
-4.1600175202e-02
-2.8101785574e-03
7.8242918244e-04
-1.5239659697e-03
1.4351160266e-02
3.8924586028e-02
6.9067493081e-02
9.2840999365e-02
2.3181598634e-02
-1.0223221034e-02
-1.8306908011e-01
-9.4136565924e-02
-7.4638247490e-01
-3.1296923757e-01
-2.3963466287e-01
-3.9940345287e-01
-1.2761024237e+00
-1.4496785402e+00
-8.1321966648e-01
-8.1286156178e-01
-7.0412587374e-03
-6.0417515039e-01
1.9285629690e-01
1.0952449590e-01
-7.1712505817e-01
-3.0213072896e-01
-1.2830328941e+00
-7.2556442022e-01
1.2564920187e+00
4.5134046674e-01
7.9234533012e-02
3.6459863186e-01
1.0242827982e-01
-1.2232730389e+00
6.6178959608e-01
-2.5686469078e+00
-3.9612966776e-01
7.3778647184e-01
1.8836175203e+00
1.9821673632e+00
-3.9594522119e-01
-1.2734942436e+00
1.1055788994e+00
-4.3917167187e-01
1.6825294495e-01
-8.6867675185e-02
-3.7515479326e-01
1.1896339804e-01
4.5076006651e-01
-2.4948184192e-01
4.3330762535e-02
-6.4959514141e-01
4.6065926552e-02
4.3001782894e-01
7.7163583040e-01
2.9282960296e-01
-2.5456960201e+00
-1.1051760912e+00
-2.9013189673e-01
-2.0312526822e-01
-1.7751892805e+00
-3.4383705258e-01
-8.2273340225e-01
1.2053006142e-01
-4.9310466647e-01
-6.1978620291e-01
3.5351952910e-01
1.0914316177e+00
1.1334892511e+00
1.3486273587e-01
-1.5966782570e+00
-3.1203413010e+00
-1.6821647882e+00
1.2154200077e+00
-6.8220639229e-01
1.7247877121e+00
4.7153297067e-01
2.2923228145e-01
5.2581864595e-01
2.2349326313e-01
7.5022268295e-01
-5.4949706793e-01
4.8396751285e-01
-9.9010980129e-01
1.9031423330e+00
3.5648402572e-01
-1.3180352449e+00
3.5628595948e-01
2.0436623693e-01
-2.1647307873e+00
-8.6883682013e-01
4.1688588262e-01
-1.3702684641e+00
-3.1614917517e-01
2.8933763970e-03
-6.2836140394e-01
-5.0262552500e-01
-3.0513861775e-01
-2.7503284812e-01
-2.9030549526e-01
-5.0126618147e-01
-6.2307395041e-02
1.2441267073e-01
5.0747621059e-01
8.6759042740e-01
-2.3602066934e-01
-4.2435261421e-03
4.5434141159e-01
2.7115955949e-01
-3.2678920031e-01
-1.0278445482e+00
6.8409824371e-01
-1.9426602870e-02
5.9792882204e-01
1.7268122733e-01
5.2906572819e-01
-1.1505175829e+00
-4.2164498568e-01
-6.8104016781e-01
3.8553535938e-01
-1.1291718483e-01
8.9415305853e-01
1.5847001970e-01
2.1817262471e-01
-3.4494438767e-01
-5.6840568781e-01
3.6315929890e+00
4.7339224815e+00
1.7262924910e+00
3.5016493797e+00
-7.2282665968e-01
-2.0674483776e+00
-1.3827514648e+00
-5.1722776890e-01
2.2741119862e+00
7.5977101922e-02
6.3766717911e-02
-1.7484564334e-02
6.4294837415e-02
2.0027773455e-02
-4.0702268481e-01
3.4050825238e-01
-3.0712124705e-01
1.1508479118e+00
5.5463117361e-01
2.8037512302e-01
3.8506120909e-03
6.6761678457e-01
3.3523175865e-02
-3.7782868743e-01
-4.7500398755e-01
-1.8397866488e+00
-1.1165453196e+00
-4.6453824639e-01
-4.0194413066e-01
-1.6194878519e-01
-1.6875222921e+00
-3.3849997520e+00
-1.9778099060e+00
-3.4904911518e+00
-5.7959003448e+00
-1.1174064875e-01
-1.0316310823e-01
9.3456494808e-01
-4.9629184604e-01
-4.1030079126e-01
8.2184955478e-02
1.3339710236e-01
-1.4897944033e-01
-7.3588207364e-02
-2.2148551047e-01
-6.9574463367e-01
2.2406501770e+00
-2.8644604683e+00
1.6580766439e+00
-1.7815761566e+00
3.9866876602e-01
8.4825329483e-02
5.3363013268e-01
1.0871119797e-02
-4.9934509397e-01
-2.0727992058e-01
4.8242485523e-01
-1.1220262945e-01
4.0602508187e-01
-5.0615477562e-01
6.7106205225e-01
2.2222167253e-01
2.0688738823e+00
1.3811689615e+00
1.8101826310e-01
-7.1286261082e-01
1.0589496046e-01
6.5256416798e-01
3.1721875668e+00
9.9692875147e-01
2.3009145260e-01
8.6378548294e-03
5.1648938656e-01
5.0688624382e-01
-2.8669747710e-01
-5.4505091906e-01
-1.4783839695e-02
5.0584274530e-01
-1.1838296652e+00
-8.6028778553e-01
-1.5000593662e+00
2.4362421036e+00
4.1823932528e-01
1.3312937021e+00
-1.5830043554e+00
1.6004869938e+00
-6.5445435047e-01
-8.5380196571e-01
1.5322082043e+00
-3.3816215396e-01
-5.8589670807e-02
5.4892301559e-01
-3.7116810679e-01
5.1883208752e-01
-9.1057980061e-01
8.8596224785e-02
4.9824598432e-01
4.5619708300e-01
5.3242397308e-01
1.6330775619e-01
-3.5721700191e+00
1.0712547302e+00
3.6096078157e-01
-3.2696940899e+00
-2.0677778721e+00
-2.6336262226e+00
-1.8426424265e+00
2.0899827480e+00
-1.4897466898e+00
-5.1157464981e+00
-2.5577872992e-01
-1.0642284155e+00
1.3496482372e+00
-2.6857122779e-01
-4.7788079828e-02
-1.9835484028e+00
-1.0120195150e+00
-7.3289132118e-01
-1.5497228503e-01
-2.5417450070e-01
1.3363105059e-01
-6.3278377056e-01
6.3939738274e-01
-1.2462730408e+00
9.0043491125e-01
8.9132189751e-02
2.3235054314e-01
2.2348010540e-01
-9.2049968243e-01
1.3319835663e+00
2.7183866128e-02
3.2165941596e-01
7.1891672909e-02
-9.8531045020e-02
-4.4580700994e-01
-2.7086920738e+00
-1.4687935114e+00
2.8272535801e+00
4.6942379326e-02
1.8953286409e+00
-1.3895525932e+00
-3.7243309617e-01
3.3825364113e+00
1.8392685652e+00
-2.2121415138e+00
8.4407538176e-01
2.7415838838e-01
-3.0532816052e-01
-2.7662450075e-01
-4.6674057841e-01
-3.3663470745e+00
-2.2981075943e-01
1.1775311828e-01
-2.6480445862e+00
2.1488055587e-01
2.8945821524e-01
-4.1497877240e-01
2.8403359652e-01
-1.3303907216e-01
8.7421065569e-01
-4.1891002655e+00
-9.4152468443e-01
-1.4431428909e+00
-5.8552515507e-01
-2.2927656174e+00
-1.2651129067e-01
2.4332302809e-01
1.6884797812e-01
2.0868006349e-01
1.0569462180e-01
8.3183467388e-01
-3.6948755383e-01
-1.3684060574e+00
-3.6966651678e-01
-2.0171501637e+00
8.8980883360e-01
-5.4118084908e-01
1.1790928841e+00
-2.9365050793e-01
7.7497458458e-01
1.0168002844e+00
2.7676236629e-01
2.7970895171e-01
1.4475151896e-01
-5.6194067001e-01
-6.0929719359e-02
1.7710691690e-01
-1.4634242654e-01
-4.1170242429e-01
-1.0131603479e-01
-2.9194643497e+00
-1.9656116962e+00
-2.4204864502e+00
-3.7183570862e+00
-5.5652637482e+00
3.5703449249e+00
4.1744084358e+00
4.7737545967e+00
1.6513205767e+00
1.9224344492e+00
9.9215787649e-01
1.4280035496e+00
1.3321646452e+00
9.2528021336e-01
-2.8938701749e-01
6.0453724861e-01
1.7650824785e+00
1.1161309481e+00
-1.0873305798e-01
8.2953071594e-01
-3.5418424755e-02
2.2164288908e-02
1.1687354185e-02
1.3655181229e-01
-1.0409893095e-01
-2.9175898433e-01
-2.7807506919e-01
-1.9165195525e-02
3.6206368357e-02
-1.2903982773e-02
-9.1891258955e-02
-2.0987755060e-01
-1.5019966662e-01
-2.1264074743e-01
-9.4306491315e-02
-2.0866057277e-01
-2.8227376938e-01
6.3118182123e-02
5.3407830000e-01
5.8314271271e-02
-8.3252616227e-02
-1.5506373718e-02
-1.5039217472e-01
-2.6465761662e-01
3.0256521702e-01
-6.9928228855e-01
-9.4597086310e-02
-1.0845537484e-01
-7.9256750643e-02
1.5391483903e-01
-2.8422945738e-01
-4.1273422539e-02
-1.2474621832e-01
1.3531691395e-02
-2.0229610801e-01
-1.2122928351e-01
-4.4193717837e-01
2.4154141545e-02
5.5006663315e-03
2.3551508784e-01
1.4624273777e-01
-1.3113367558e-01
-3.5385501385e-01
-6.2826251984e-01
1.3201217353e-01
-1.1501234770e+00
-7.2901874781e-01
-2.0423659682e-01
-6.0624766350e-01
-3.3687520027e-01
-1.1206099391e-01
-2.2164081037e-01
3.5042068339e-04
8.1687055528e-02
-2.9075515270e-01
1.0263372213e-01
-3.3293724060e-01
1.8554730713e-01
1.1777742207e-01
-3.7099249661e-02
1.0199942440e-01
-1.9256740808e-01
1.8291410804e-01
2.8112962842e-01
-2.8395909071e-01
-4.2056910694e-02
1.1088707298e-01
-8.1402361393e-03
-1.0475677997e-01
-4.5617714524e-02
1.2066236734e+00
1.8749938011e+00
1.1380341053e+00
3.9146104455e-01
6.1463451385e-01
4.3953623623e-02
-1.7961941659e-01
-2.7763751149e-01
-4.7324219346e-01
-1.7702283338e-02
5.7134497166e-01
-1.2555857003e-01
5.9072379023e-02
-7.6081849635e-02
-2.0821753144e-01
4.6792194247e-01
6.8240648508e-01
3.7583962083e-01
-4.7916036099e-02
-1.2696312368e-01
-7.2190389037e-02
1.8833538517e-02
-4.0614590049e-01
2.4977482855e-01
1.7851129174e-01
-2.4283571541e-01
-1.3817846775e-01
-1.0680472851e-01
-2.8672346473e-01
-1.0546538234e-01
-3.0890998244e-01
-7.1745209396e-02
-3.2633215189e-02
1.3509631157e-01
5.3084036335e-03
-1.7541022599e-01
1.1265993863e-01
1.0983249173e-02
6.8632429838e-01
-1.4894400537e-01
-8.4388291836e-01
-7.5265651941e-01
9.6305757761e-02
5.2744632959e-01
3.7471768260e-01
-1.6823422909e-01
-2.7978536487e-01
1.1787619442e-01
8.4149003029e-02
1.8596346676e-01
-3.0036117882e-02
4.0709736943e-01
4.5947623253e-01
6.4966315031e-01
4.7147637606e-01
-8.2283496857e+00
-4.8134107590e+00
-5.4364252090e-01
1.1350396872e+00
2.6611275673e+00
8.6353063583e-02
2.7820074558e-01
-4.3666739017e-02
1.2639391422e-01
1.0288084857e-02
2.9835224152e-01
3.0999240279e-01
-5.7528386824e-03
-3.1616067886e-01
1.8746481836e-01
-4.0400284529e-01
3.1873872876e-01
2.4574634433e-01
-4.3693672866e-02
8.0657020211e-02
-2.5713685155e-01
-1.3638746738e-01
-1.5852354467e-01
5.5761817843e-02
6.9860637188e-02
2.6560959220e-01
5.5254530907e-01
8.5517281294e-01
3.7445294857e-01
8.0412179232e-01
1.0552095249e-02
-2.5198560953e-01
-4.0580287576e-01
-3.3516623080e-02
7.7274143696e-01
-2.2871337831e-01
3.1076836586e-01
2.9242822528e-01
-2.6162168384e-01
1.5998588875e-02
4.7538524866e-01
-3.4224804491e-02
-1.5510551631e-01
-2.5914391875e-01
9.3549430370e-02
-1.4128465205e-02
1.6084350646e-01
4.5519616455e-02
8.4155999124e-02
1.8096819520e-01
-9.1960668564e-02
9.2333048582e-02
8.3322361112e-02
3.0403918028e-01
2.4811562896e-01
1.3945899904e-01
1.8614901230e-02
-2.2987529635e-01
-5.8314055204e-02
-1.2147899717e-01
-6.2861838341e+00
-2.3339033127e+00
-3.2653429508e+00
-1.1094840765e+00
-2.0667128563e+00
8.9439496398e-02
4.9761533737e-01
2.9990671203e-02
5.0167196989e-01
-1.5682756901e-01
2.9573875666e-01
4.2958787084e-01
-4.8218479753e-01
6.6713076830e-01
1.2759433985e+00
3.0159807205e+00
1.2455421686e-01
-4.1898718476e-01
7.9130059481e-01
-1.1175429076e-01
-3.5315123200e-01
-5.4532423615e-02
-6.5796178579e-01
-3.4576916695e-01
-4.7205141187e-01
-3.5055771470e-02
-1.8305387348e-02
2.0519427955e-02
-1.4257231355e-01
-1.1460755765e-01
-1.1139844656e+00
6.2384772301e-01
-5.2697610110e-02
2.1082557738e-01
3.5641694069e-01
-3.3316460252e-01
-6.1223106459e-03
-9.1482400894e-02
-2.2421342134e-01
-3.0655065179e-01
-1.6757689416e-01
3.5270169377e-01
-2.2604955733e-01
1.4141958952e-01
2.0344971120e-01
-4.6812921762e-01
1.7323698103e-01
3.2410022616e-01
2.3564337194e-01
-4.4833722711e-01
-1.2420517921e+01
-1.0064742088e+01
-1.1246309280e+01
-7.0317625999e+00
-1.9385541677e+00
2.4119020998e-01
2.7746513486e-01
-3.4820958972e-02
7.9976730049e-02
-2.1161481738e-01
9.2421656847e-01
4.3338191509e-01
1.4560507610e-02
5.0206482410e-01
2.3393872380e-01
-6.2723886967e-01
1.0268735141e-01
-7.9996518791e-02
-3.1892669201e-01
-4.7550985217e-01
9.5671586692e-02
5.9712670743e-02
5.3399685770e-02
-1.0682613403e-01
-7.6505884528e-02
2.1722517014e+00
1.4721723795e+00
8.4819912910e-01
4.2759284377e-01
4.7888231277e-01
-5.0547212362e-01
1.1538494378e-02
9.4524741173e-01
1.6442160308e-01
3.7920382619e-01
1.7618033886e+00
2.5665743351e+00
3.0695555210e+00
1.2102506161e+00
6.2414127588e-01
-8.5878223181e-02
5.9545499086e-01
2.5796275586e-02
-2.3614360392e-01
-7.4619132280e-01
8.0870312452e-01
1.2822039127e+00
1.6430951655e-02
2.4788862467e-01
-3.8967838883e-01
-6.3936184160e-03
5.0782427192e-02
-2.5624900591e-03
-1.6859005392e-01
-2.8011271358e-01
6.2484301627e-02
-2.1455872059e-01
-5.5620837957e-02
9.4080790877e-02
4.0663029999e-02
1.2098754644e+00
1.0168678761e+00
4.5239143372e+00
4.6477732658e+00
5.2190685272e+00
1.1353239417e-01
7.7066160738e-02
-2.0479518175e-01
-4.5069117099e-02
-1.1631479859e-01
-1.5962378681e-01
-1.4084926248e-01
-1.4157071710e-01
-1.5917462111e-01
-4.9240123481e-02
-1.3269923627e-01
1.2373357266e-01
9.6213787794e-02
3.3884331584e-01
-2.1636623144e-01
4.8972505331e-01
-1.0684988648e-01
5.9167200327e-01
4.1190546751e-01
-1.3026824594e-01
-8.1861668825e-01
-3.0010792613e-01
-9.9745756388e-01
-1.2179230154e-01
-7.0712327957e-01
-2.1463003755e-01
1.4787690341e-01
1.2105119228e-01
7.1088433266e-01
-4.4246178865e-01
7.6738882065e-01
-4.4781175256e-01
8.4696328640e-01
-6.5925675631e-01
1.4875675738e-01
-5.0997543335e-01
1.4590214193e-01
9.9064606428e-01
-1.8830000162e+00
2.3516998291e+00
1.5722920895e+00
2.6710281372e+00
-1.0491358489e-01
-1.0987349749e+00
7.3029828072e-01
3.7123167515e-01
-2.3422126472e-01
-5.0870490074e-01
8.7203711271e-01
3.0947083235e-01
7.6884493232e-02
-5.0832480192e-01
-2.8398859501e-01
4.5936894417e-01
2.2533817589e-01
4.2752718925e-01
3.7822052836e-03
3.7814977765e-01
2.1168293059e-01
9.8093533516e-01
3.3401856422e+00
2.7513846755e-01
5.6206542253e-01
-3.5652270913e-01
-9.6545183659e-01
-3.4106850624e-02
-2.9395946860e-01
4.1481256485e-01
-2.6140427589e-01
7.1851837635e-01
9.0317928791e-01
-1.2810553610e-01
1.4455351830e+00
-6.0557103157e-01
2.4425842762e+00
3.1042149067e+00
6.8363261223e-01
2.3043551445e+00
2.4412743747e-01
1.9921718836e+00
-1.7099298537e-01
-2.5648382306e-01
9.4500005245e-02
7.9685372114e-01
-2.1665906534e-02
-1.4775650501e+00
1.5036779642e+00
-4.3383458257e-01
-1.3732856512e-01
4.3661674857e-01
6.6900163889e-01
-1.9232074022e+00
5.2316373587e-01
4.1595357656e-01
2.5211501122e-01
4.3630155921e-01
-4.4734579325e-01
5.4189753532e-01
7.3556557298e-02
-5.6484047323e-02
-1.9149437547e-01
2.1926325560e-01
-4.2411351204e-01
2.7576759458e-01
1.6859284639e+00
-8.9554440975e-01
1.6342435777e-01
-9.1325914860e-01
4.6500018239e-01
-3.8055849075e-01
-7.7868407965e-01
-1.3151174784e+00
6.6015768051e-01
-4.5278564095e-01
3.9217615128e-01
-2.5592377782e-01
-8.0532443523e-01
-2.3998682201e-01
6.9478666782e-01
-2.6633961126e-02
7.5205445290e-01
-3.8441169262e-01
4.9176377058e-01
8.0666935444e-01
-1.1139091104e-02
-1.3699059486e+00
-1.3300980330e+00
-1.9694802165e-01
-7.0574033260e-01
4.4466048479e-01
7.0674896240e-01
-2.8114268780e+00
-8.9705735445e-01
-2.2891647816e+00
-1.2841575146e+00
-2.1176025867e+00
2.6396279335e+00
1.0131371021e-01
-6.5856873989e-01
1.0769518614e+00
6.9704547524e-02
7.9244166613e-01
-4.1339761019e-01
2.2904936969e-01
2.3358117044e-01
-4.0653727949e-02
-3.8246068358e-01
4.7548422217e-01
1.1403104067e+00
-7.1009123325e-01
-1.3525776565e-01
-4.4777250290e-01
-1.3834729195e+00
3.1374287605e-01
-5.0740861893e-01
5.1923785210e+00
1.3375405073e+00
2.3957440853e+00
1.6103767157e+00
8.5133415461e-01
3.2178244591e+00
3.3138470650e+00
3.2761206627e+00
-1.1595482826e+00
-5.1873695850e-01
1.5814948082e-01
-1.1015662923e-02
-3.3137300611e-01
-7.0435303450e-01
1.6395297647e-01
-5.1353750750e-03
4.4187939167e-01
-2.3905669153e-01
-1.0025392771e+00
7.3546046019e-01
-2.5430026650e-01
2.1446361542e+00
-3.6062974930e+00
1.5243754387e+00
-1.7464389801e+00
-1.4731100202e-01
4.9969248474e-02
1.2833962440e+00
-2.9093214869e-01
1.5485859476e-02
-9.2525309324e-01
6.5930312872e-01
-5.3865033388e-01
8.9995735884e-01
-1.5711294413e+00
6.7497587204e-01
-2.2762849927e-01
9.7456872463e-01
-1.5787514448e+00
-7.4240219593e-01
3.9180066586e+00
-1.0774974823e+00
1.1383626461e+00
1.6957694292e+00
-1.1405760050e+00
-4.0566989779e-01
-6.4179223776e-01
-2.3637087643e-01
-6.6424280405e-01
5.0964802504e-01
-1.6735827923e-01
2.6872754097e-01
9.3138515949e-02
-1.7736765742e-01
-1.1009077728e-01
6.3484835625e-01
1.6110273600e+00
-1.3608767986e+00
9.6061551571e-01
1.0539886951e+00
8.3182919025e-01
-1.9277195930e+00
1.5098811388e+00
3.4390380979e-01
4.7268182039e-01
-1.3610670567e+00
7.1798139811e-01
-2.0865743160e+00
1.1994639635e+00
-1.4209092855e+00
-9.4489252567e-01
-3.7346306443e-01
3.9944466949e-01
6.7136728764e-01
-1.1515539885e+00
4.5045914650e+00
-2.3912754655e-01
-2.3774495125e+00
-2.0583467484e+00
1.4655048847e+00
2.7828719616e+00
2.0021176338e+00
7.4865430593e-01
-8.9759838581e-01
1.5297327936e-01
4.1092625260e-01
-2.1790945530e+00
1.7780387402e+00
-2.8816878796e+00
2.3050911427e+00
1.2500248849e-01
6.8387156725e-01
-7.4450090528e-02
7.2320245206e-02
7.6639115810e-02
6.8852341175e-01
-4.0612503886e-01
2.7708187699e-01
-6.5842294693e-01
1.0519983768e+00
-4.8627650738e-01
-3.5101340618e-03
-8.0956481397e-02
4.9082162976e-01
2.7606147528e-01
1.6868522391e-02
-6.6001579165e-02
-6.9349014759e-01
5.2610164881e-01
-3.2930600643e-01
-3.0948045850e-01
2.5778129101e+00
9.1875249147e-01
-1.3086328506e+00
3.5649340153e+00
3.9787659645e+00
-1.5165975690e-01
2.1875962615e-01
-1.3915946484e+00
8.5310977697e-01
-1.6593734920e-01
-2.4302515984e+00
-9.8473650217e-01
2.4171726778e-02
-4.0324199200e-01
3.5676941872e+00
-7.5444728136e-01
1.5940560102e+00
-1.3737173080e+00
1.3709657192e+00
4.6682015061e-01
-2.9757720232e-01
6.0591661930e-01
-1.2373609543e+00
6.0317111015e-01
-2.5932874680e+00
2.0524938107e+00
8.0985748768e-01
-9.2895936966e-01
3.2411892414e+00
3.0555462465e-02
3.5170248151e-01
-1.1258710176e-01
4.4018507004e-01
-4.4024264812e-01
1.5841826200e+00
-1.7595787048e+00
1.4421236515e+00
-1.1325026751e+00
-1.3339947462e+00
1.0893909931e+00
-3.2713046670e-01
-4.2388934642e-02
1.9298892468e-02
5.9374427795e-01
9.3929678202e-01
-3.8629958034e-01
7.0636582375e-01
2.2016167641e+00
-3.9321303368e-01
-3.1153026223e-01
-6.2526160479e-01
-2.4317501485e-01
3.0460152030e-01
-2.7843747288e-02
9.7052103281e-01
6.4534044266e-01
-1.0881900787e-01
-2.0177395344e+00
2.5326044559e+00
-3.0085136890e+00
-2.5443408489e+00
-3.2974243164e+00
8.4987503290e-01
2.4395556450e+00
-5.7582336664e-01
-7.6236820221e-01
2.8742137551e-01
1.2857720852e+00
-5.9088498354e-01
-5.2200090885e-01
-1.4923140407e-01
1.3867822886e+00
-1.4509147406e+00
-9.4203126431e-01
-1.2245086581e-01
-6.9752819836e-02
7.2408430278e-02
-6.7477762699e-02
-2.4808112532e-02
-3.8115796447e-01
2.3999834061e-01
9.8376251757e-02
2.2242125124e-02
-2.4220329523e-01
-5.3855493665e-02
-1.8342712522e-01
8.5620708764e-02
-3.7992641330e-02
3.0102200806e-02
9.6042919904e-03
4.2210420966e-01
-2.4104224145e-01
-4.1591587663e-01
1.0447547436e+00
-2.2871710360e-01
-8.5365295410e-02
-1.8045976758e-01
-2.2993477061e-02
1.3561208546e-01
4.8233497888e-02
1.3207219541e-01
-1.9455139339e-01
-6.0419380665e-01
3.0500981212e-01
-3.6271303892e-01
-1.4897057414e-01
-1.1864100397e-01
1.7785511911e-01
-5.0364829600e-02
3.9274495840e-01
1.4902126789e-01
5.6894883513e-02
-2.3087459803e-01
-2.0503234863e-01
1.7842337489e-01
-5.1773774624e-01
-2.0991386846e-02
-3.4749794006e-01
-6.7103511095e-01
9.8262977600e-01
-4.9427545071e-01
-3.5334649682e-01
-2.0591333508e-01
-1.0909533501e-01
2.5978755951e-01
2.8300939128e-02
-3.7942759693e-02
2.5685131550e-01
-1.1850461364e-01
2.2975414991e-01
-1.5275283949e-03
3.9793026447e-01
3.3059947193e-02
3.9119815826e-01
7.8403133154e-01
7.5414806604e-01
3.5147452354e-01
7.4858599901e-01
-2.2856938839e-01
-4.4288773090e-02
-1.3961394131e-01
-1.8452708423e-01
4.4865209609e-02
-1.5962728858e-01
-1.5494072437e+00
-4.0014929771e+00
-1.1464382410e+00
-5.7084393501e-01
-4.1544342041e-01
6.0329532623e-01
3.1517577171e-01
-4.9790951610e-01
-4.9171981215e-01
7.8169167042e-02
-5.1351401955e-02
-4.2781136930e-02
-2.2988952696e-02
1.2527313828e-01
1.7169836164e-01
3.7148869038e-01
3.9775276184e-01
2.0590360463e-01
-3.3139473200e-01
-7.4686594307e-02
-1.0727904737e-01
5.9403736144e-02
-3.8128021359e-01
3.6955729127e-02
3.2412037253e-02
6.5036460757e-02
-2.2951678932e-01
1.7274498940e-01
-5.7377529144e-01
1.5501417220e-01
-1.2819766998e-01
-3.0716487765e-01
6.4374528825e-02
1.8923792243e-01
9.9932871759e-02
2.9197009280e-02
4.1024002433e-01
-1.6359426081e-01
-2.4822723866e-01
1.9084082544e-01
-5.7901614904e-01
-1.5450409055e-01
-3.1704437733e-01
-1.5493157506e-01
2.8763413429e-01
1.7355285585e-01
-1.5269930661e-01
4.1686221957e-01
4.6572562307e-02
-2.1210456267e-02
2.5451689959e-02
-4.4862559438e-01
6.2101829052e-01
3.9377060533e-01
6.0243821144e-01
-3.7729020119e+00
-2.1210141182e+00
-4.7820043564e+00
9.9926459789e-01
2.4727628231e+00
-1.5180638060e-02
-4.4603113085e-02
1.0167605430e-01
2.3863980174e-01
-2.5970166922e-01
2.9511949420e-01
3.0895331502e-01
-2.1706033498e-02
-2.4162924290e-01
-1.7630477250e-01
-1.9201506674e-01
2.5185722113e-01
-2.7339085937e-01
2.5154337287e-01
-1.7488130927e-01
-1.7886875570e-01
6.2444787472e-02
1.6449680924e-01
1.2465639412e-01
-1.1773945764e-02
-2.8526514769e-01
1.1814613640e-01
-8.8498681784e-02
1.2996856868e-01
3.8817638997e-03
5.3907234222e-02
3.0950367451e-01
3.3265715837e-01
-2.7405673265e-01
-2.1169871092e-01
-7.2979581356e-01
-3.0078622699e-01
-1.5785668790e-01
4.2587473989e-01
-7.5606182218e-02
1.7108336091e-01
2.5314413011e-02
-7.9122304916e-01
-4.2215269804e-01
-5.3417246789e-02
9.5024061203e-01
-4.5791974664e-01
3.0024664477e-02
-2.2278744727e-02
-1.5971040726e-01
1.6531410813e-01
-1.5824848413e-01
-5.3509157151e-02
2.9948142171e-01
2.6515907049e-01
-4.3722812086e-02
2.0959036052e-01
1.0481211543e-01
-3.3061351627e-02
-5.6416112930e-02
-4.4516658783e+00
-3.6060600281e+00
-4.8471598625e+00
-9.8249268532e-01
1.1450260878e+00
4.9485263228e-01
1.3128547370e-01
-2.7603456378e-01
-7.9449385405e-02
-4.3759327382e-02
-6.3075387478e-01
-3.6360341311e-01
-4.2129319906e-01
-1.0877750814e-01
-2.9052066803e-01
1.8658225536e+00
5.1471843719e+00
3.3066174984e+00
4.2700214386e+00
-4.7551236153e+00
4.8836296797e-01
-3.6903512478e-01
-1.8823618069e-02
-3.2245081663e-01
-2.3651006818e-01
-6.1210468411e-02
-9.8743945360e-02
-7.2511330247e-02
-6.4337335527e-02
-2.7685504407e-02
1.8888927698e+00
-3.5653653145e+00
1.0022727251e+00
1.2947782278e+00
-1.7661623657e-01
1.0291940719e-01
4.5414309949e-02
-6.9480933249e-02
-3.6524523050e-02
-1.3239569031e-02
2.7490432840e-03
5.5306009948e-02
-2.1755291149e-02
-1.0870297998e-01
1.6244873405e-01
-7.5057381392e-01
4.4929021597e-01
-7.7418321371e-01
7.4434559792e-03
1.0489345789e+00
-4.9799580574e+00
-4.9400939941e+00
-1.0227429390e+01
-7.1463284492e+00
1.7068931460e-01
-1.5419918299e-01
-4.5849829912e-03
5.7197809219e-02
4.3177101761e-03
6.0387805104e-02
-2.7885103226e-01
1.6058260202e-01
-3.4953498840e-01
1.1610659771e-02
2.7245876193e-01
1.0519410670e-01
-4.2645195127e-01
6.3011109829e-01
-1.1759188771e-01
-1.3903807104e-01
1.0018306784e-02
6.0199324042e-02
2.2539798915e-01
-6.1989817768e-02
-8.3463788033e-03
1.7072468996e-01
-2.2730298340e-01
2.1908245981e-02
-2.1407206357e-01
4.8412215710e-01
-2.0729544759e-01
-6.3441890478e-01
2.4474938214e-01
6.5083968639e-01
-9.0573437512e-02
3.9655532837e+00
2.5399942398e+00
1.7516798973e+00
8.0559802055e-01
-9.2397606373e-01
-1.4401096106e-01
-3.1800882425e-03
-9.1858789325e-02
-1.2565603852e-01
-6.3174717128e-02
2.9128730297e+00
7.7953410149e-01
-2.2852636874e-01
1.1174474955e+00
8.5924394429e-02
1.7872963846e-01
7.5429111719e-02
4.5741032809e-02
3.2445815206e-01
6.5362714231e-02
4.8769887537e-02
4.5945599675e-02
-8.9523106813e-02
9.5505468547e-02
2.5247150660e-01
7.8966552019e-01
-1.6351814568e-01
4.1420378685e+00
-1.0992537737e+00
1.3419785500e+00
9.8331391811e-02
-9.3380184844e-03
4.8689586110e-03
1.2317169458e-02
6.0729868710e-02
-7.4770390987e-02
8.3616539836e-02
-5.3038150072e-02
-5.5698272772e-03
2.8957676142e-02
3.7930586934e-01
-3.5351470113e-02
1.6918133199e-01
-3.8212853670e-01
-1.2486117892e-02
4.4196296483e-02
3.6164808273e-01
2.3452334106e-01
7.8883111477e-02
1.8509204686e-01
1.7636361718e-01
4.4449940324e-01
-1.4241917431e-01
6.2344676256e-01
-5.8298671246e-01
2.6986429095e-01
-1.7879804969e-01
4.3556162715e-01
1.7455637455e-01
7.3456992395e-03
1.9248291254e+00
1.5579562187e+00
-1.0323077440e+00
-2.0281325281e-01
-5.8546638489e-01
2.2133927047e-01
1.7958189547e-01
1.3477900624e-01
2.4116690457e-01
-5.4102307558e-01
2.5880663395e+00
3.2285203934e+00
9.6306002140e-01
8.1337708235e-01
-2.1895871162e+00
-4.7730153799e-01
6.4343869686e-01
2.3812349141e-01
2.7055364847e-01
-1.4221952856e-01
8.9267930016e-03
1.0765526444e-01
-2.6838797331e-01
-4.4171243906e-02
8.7324865162e-03
5.1309680939e-01
9.8771679401e-01
-5.7890325785e-01
1.1849907041e-01
-4.4189503789e-01
1.5713131428e+00
3.2752180099e+00
7.7261596918e-01
6.0475313663e-01
-1.3645161688e-01
1.4638608694e-01
-9.6689406782e-03
-8.2690984011e-02
1.3698743284e-01
8.1138744950e-02
-1.1307972670e+00
-7.9394197464e-01
-1.5345758200e+00
-2.0364351571e-01
-2.2170379162e+00
1.8794640303e+00
8.7909781933e-01
-1.9205145538e-01
9.9561679363e-01
-1.1029121876e+00
-2.0743304491e-01
4.9665075541e-01
-1.4993898571e-01
-9.2057637870e-02
-2.0844806731e-01
-6.4534872770e-01
8.0506348610e-01
-1.9109363854e-01
-5.5080187321e-01
4.8792134970e-02
1.4733467102e+00
1.8465380371e-01
-9.0540045500e-01
3.9478096366e-01
-2.9159042239e-01
-5.2765500546e-01
-3.3050334454e-01
3.6682155728e-01
1.1543766409e-01
1.1832085252e-01
4.9374032766e-02
1.6686866060e-02
-1.4085873961e-01
5.6309586763e-01
5.1031976938e-01
1.4083518088e-01
1.1108376086e-02
4.4153308868e-01
-1.0603410751e-01
-1.9046284258e-01
-1.2649063766e-01
-1.1889549494e+00
-3.7872783840e-02
-2.4728564918e-01
-7.6244652271e-02
5.4249620438e-01
-1.1484287977e+00
1.0853294283e-01
1.1596935242e-01
9.8425053060e-02
-5.2863150835e-01
1.0738306046e+00
-3.2202014327e-01
3.5585325956e-01
-1.5242777765e-01
-1.4752706289e+00
-7.0182049274e-01
4.6850487590e-01
-1.3446371257e-01
7.6252210140e-01
2.2755417824e+00
-3.7184505463e+00
9.1591387987e-02
-1.5091542006e+00
-4.3005919456e-01
2.2635283470e+00
1.3619625568e+00
1.0579060316e+00
1.9463945925e-01
1.2048176527e+00
2.3726686835e-02
1.1517344415e-01
-1.5938316286e-01
1.1815488338e-01
1.0818751156e-01
3.7782534957e-02
1.6198448837e-01
-3.8433691859e-01
-1.1654870510e+00
-4.4786143303e-01
-4.5935105532e-02
3.0913487077e-01
-1.5684916973e+00
4.9277183414e-01
2.1198834479e-01
1.7539955378e+00
2.0792150497e+00
-1.5505934954e+00
5.2053993940e-01
4.2429742217e-01
1.1339702606e+00
5.0702881813e+00
2.0307119191e-01
2.6410310268e+00
2.0682346821e+00
4.2699865997e-02
3.5440829396e-01
-2.1360634267e-01
9.6023187041e-02
-9.8261937499e-02
-7.6236878522e-03
-2.5644591451e-01
5.7028744370e-02
1.3119657338e-01
-1.3310196809e-02
7.9499942064e-01
1.1470124722e+00
-7.1989417076e-01
1.3273258209e+00
4.8377096653e-01
-3.6553051323e-02
-1.6661036015e-01
-1.6813053191e-01
1.2767307460e-01
5.0414733589e-02
-1.3462597132e-01
-4.0555143356e-01
-2.7226677537e-01
-1.2958534062e-01
1.8371069431e-01
7.7467045048e-04
3.6267783493e-02
-2.4593648314e-01
8.9390742779e-01
3.9481240511e-01
9.8854845762e-01
2.3342175484e+00
-8.0153524876e-01
-7.7638751268e-01
-5.7677048445e-01
5.4217171669e-01
-3.8550162315e-01
1.8756003678e-01
-1.0571112633e+00
5.4265797138e-01
-3.3371787518e-02
-2.3261110485e-01
1.3560696505e-02
1.9442415237e-01
7.7148848772e-01
1.4944922924e+00
-1.1430008709e-01
5.4945445061e-01
5.5497175455e-01
2.5021607876e+00
-6.7371018231e-02
1.5046519041e-01
-4.6808931231e-01
-2.5566768646e-01
-5.2665442228e-01
-1.0706990957e-01
-1.8492968380e-01
8.6219388247e-01
-1.9135664701e+00
1.4125840664e+00
1.3639117777e-01
-8.6928429082e-03
-1.1497606039e+00
2.3762652650e-02
-3.1724256277e-01
3.3058934212e+00
1.0807163268e-01
-2.1194870472e+00
5.7164084911e-01
-1.8675103188e+00
1.9465525150e+00
5.1935715675e+00
-4.2505475879e-01
2.5316138268e+00
2.5999529362e+00
4.3179932237e-01
3.4093642235e+00
-5.6696969271e-01
5.0664234161e-01
-8.2225358486e-01
-2.7454590425e-02
1.2008026838e+00
7.3236171156e-03
2.7133885026e-01
9.7518980503e-02
-3.3721584827e-02
1.8518294394e-01
1.6495019197e-01
2.8685268760e-01
2.2965153039e-04
3.4222751856e-01
-2.5639057159e-02
2.6646787301e-02
1.1456359923e-01
1.8346604109e+00
1.6451376677e-01
1.8975481391e-01
-5.5103540421e-02
8.2928963006e-02
-8.4162995219e-02
2.2879312038e+00
1.9637796879e+00
1.1387134790e+00
-3.7334918976e-01
-1.1710546017e+00
5.9974288940e-01
2.9787700176e+00
-8.7786412239e-01
-1.0208342075e+00
8.7892103195e-01
1.3612841070e-01
-1.6178797483e+00
6.5050280094e-01
7.5993247330e-02
-3.7435598671e-02
3.9119205475e+00
1.3180902004e+00
-9.4478404522e-01
2.5943350792e+00
-8.1545376778e-01
3.2525207847e-02
-5.3016383201e-02
1.7176003754e-01
2.8220915794e-01
5.1788154989e-02
2.1934499741e+00
2.2253661156e+00
1.0416603182e-03
2.7208769321e+00
1.4680207968e+00
-7.9736024141e-02
2.7440819144e-01
-1.7845609784e-01
-1.1750158155e-03
3.4876469523e-02
1.0413068533e+00
-1.1372703314e+00
-2.8750422597e-01
2.5125112534e+00
5.5118751526e-01
2.7863346040e-02
-6.4940673113e-01
5.4610695690e-02
1.8751072884e-01
4.5162174851e-02
6.3233792782e-02
-6.1480808258e-01
3.5069441795e-01
2.0782074332e-01
2.6571157575e-01
-1.1692602187e-01
2.1778357029e-01
9.2730961740e-02
2.0299845934e-01
1.6944732517e-02
3.5955950618e-01
2.5142269135e+00
1.5484708548e-01
4.7126561403e-01
1.9228907768e-03
-1.9187780619e+00
-3.1589288712e+00
-4.6554474831e+00
-2.4832549095e+00
2.0609040260e+00
-1.6238608956e-01
-1.7004092932e+00
9.6983656287e-02
-4.9427667260e-01
2.1865665913e-01
-2.8720583916e+00
-1.7100468874e+00
-7.9098242521e-01
-3.9890521765e-01
-2.1141576767e-01
7.5082190335e-02
-1.0003777221e-02
4.7108396888e-02
3.2305669039e-02
-4.6390984207e-02
2.7391597629e-01
3.1251538545e-02
9.1786393896e-03
1.0179892415e-03
7.4954278767e-02
6.9794170558e-02
-8.4699325264e-02
2.2484017536e-02
6.5418384969e-02
4.3612286448e-02
-8.2358866930e-01
3.0332911015e-01
-5.7932794094e-01
5.9070475399e-03
-1.8032869697e-01
-9.5079116523e-02
4.6424992383e-02
-1.4983661473e-01
-1.2876457535e-02
7.9266741872e-02
2.8803238273e-01
-3.0685406178e-02
-2.8541919589e-01
-1.1670263857e-01
7.5374335051e-02
-1.5086232685e-02
7.8423120081e-02
-7.6853133738e-02
-9.5620617270e-02
-7.2640918195e-02
1.0006023943e-01
-1.3512060978e-02
-6.0477584600e-02
-1.3053530455e-01
-1.4180962741e-01
-3.4750916064e-02
-5.9440951794e-02
-2.2610314190e-02
1.2985034287e-01
-2.9141798615e-01
3.4167051315e-01
-5.0687007606e-02
7.1607388556e-02
2.2838886082e-01
-7.3458184488e-03
-6.0145142488e-03
-2.2227759659e-01
1.9315671176e-02
-2.0792536438e-01
-4.8068007454e-03
-1.6393946111e-01
3.7028852105e-01
1.3122235239e-01
7.4371285737e-02
-4.0395987034e-01
-4.2008459568e-01
1.0155761242e-01
-3.9400544763e-01
-3.3727163076e-01
5.2927827835e-01
3.6458197236e-01
-2.1670401096e-02
-3.7737998646e-03
-2.4113872647e-01
-8.8806241751e-02
9.1343887150e-02
5.9919446707e-01
-9.6921795607e-01
-3.8841977715e-01
3.6368381977e-01
8.5464976728e-02
2.0685687661e-01
3.2580927014e-01
8.6941206828e-03
1.3975279033e-01
-1.0537012666e-01
5.5618714541e-02
1.8027557060e-02
4.0640793741e-02
4.2418058962e-02
-1.9824765623e-01
-4.3533161283e-01
-3.8601374626e-01
-1.6162665188e-01
2.8864029050e-01
3.1990087032e-01
4.1210636497e-02
5.4092341661e-01
2.3594482243e-01
-2.0453800261e-01
-5.0123352557e-02
-1.6390243173e-01
1.0602505505e-01
4.4004553556e-01
3.0297130346e-01
-5.0645198673e-02
1.5766684711e-01
1.1825878173e-01
-1.0289777815e-01
-1.1231064796e-01
4.2940932512e-01
-1.6174665093e-01
-2.6761499047e-01
-1.7470854521e-01
-1.4342945814e-01
2.0059815049e-01
-5.0449490547e-02
-1.9861181080e-01
-1.6410179436e-02
2.2726397216e-01
-2.5940816849e-02
-7.4923887849e-02
-5.9716790915e-02
-1.3539816439e-01
1.3078431599e-02
-7.2027081251e-01
-2.4821646512e-01
2.4539425969e-02
8.8605535030e-01
7.1277534962e-01
8.8713102341e+00
6.1197762489e+00
4.3721919060e+00
-2.2509002686e+00
-2.8023529053e+00
-1.9043461978e-01
5.9251446277e-02
8.2007072866e-02
3.0430190265e-02
5.6315336376e-02
6.0630897060e-03
2.3742647469e-01
4.3201753497e-01
1.8806760013e-01
3.3366855979e-01
5.0335168839e-01
-3.4580218792e-01
-2.8298896551e-01
3.5987171531e-01
-3.0964097381e-01
-7.2609470226e-03
-1.2224072963e-01
5.3342119791e-03
-5.5182393640e-02
5.8710569283e-04
-4.2861551046e-02
-9.2040878534e-01
2.4740792811e-01
2.8453347087e-01
-9.6043890715e-01
2.5777536631e-01
-1.4079109766e-02
-1.2522460520e-01
-1.9071117043e-01
-9.6623022109e-03
9.1152869165e-02
8.4358356893e-02
-4.4787529111e-01
2.4386975169e-01
1.3848596811e-01
-2.3756344616e-01
-7.6780283451e-01
3.8253846765e-01
6.2053155899e-01
-3.4232068807e-02
5.1649308205e-01
9.5837064087e-02
-3.0126008391e-01
-8.5796654224e-02
7.7492706478e-02
4.5315720141e-02
-1.4847812057e-01
4.0413723327e-03
-7.4267342687e-02
9.5254994929e-02
4.4393315911e-02
2.9684478417e-02
2.7902675793e-02
-5.7705666404e-04
9.6096917987e-02
5.4246354103e+00
8.8945560455e+00
3.6457545757e+00
1.4182564020e+00
8.0110870302e-02
3.1411230564e-01
-5.5390249938e-02
-1.3563872874e-01
7.5345844030e-02
4.7283697873e-02
-4.3467953801e-01
-5.7513237000e-01
3.4687176347e-01
4.8175099492e-01
4.6753406525e-01
-2.6722910404e+00
-2.1949675083e+00
-2.1780681610e+00
-1.0543268919e+00
1.8143553734e+00
3.3377338201e-02
1.2819591165e-01
-1.9113025069e-01
3.0344149470e-01
-1.5796454251e-01
5.2052941173e-02
-1.2372001074e-02
2.7679840568e-03
-1.2599755079e-02
-7.2119259275e-03
-7.0656257868e-01
9.5803701878e-01
2.4571274221e-01
2.0819482207e-01
1.3608184457e-01
5.4585307837e-02
4.9860529602e-02
6.4609255642e-03
-6.1645679176e-02
-1.4884113334e-02
7.5780667365e-02
6.0612011701e-02
1.1570482701e-01
-2.9719665647e-01
2.0568895340e-01
3.5252526402e-01
-3.0079990625e-01
-2.4276070297e-01
-1.9916461408e-01
2.2301603854e-01
1.0340444565e+01
1.0056665421e+01
8.2906017303e+00
6.1242599487e+00
-2.6826977730e-01
5.8995407075e-02
9.2116154730e-02
1.7908105254e-01
1.8624404073e-01
1.2973351777e-01
-1.0940123349e-01
2.4571515620e-01
3.8924592733e-01
2.6775810122e-01
4.7935128212e-01
3.9670143276e-02
-1.5506160259e-01
1.3499224186e-01
-2.8365957737e-01
1.7065335065e-02
6.7457305267e-03
-9.8099149764e-02
7.3514580727e-02
-8.8721700013e-02
4.3198801577e-02
1.4128452539e+00
-1.6377712786e-01
-3.3173426986e-01
-7.3348736763e-01
4.3198055029e-01
-6.4433045685e-02
9.5402878523e-01
4.3747740984e-01
-6.9206160307e-01
-4.5174884796e-01
-1.3758634329e+00
-1.7537157536e+00
-3.1860527992e+00
-1.3590065241e+00
-1.6976586580e+00
1.9807839394e-01
-1.9002242386e-01
-2.9588708654e-02
2.5327718258e-01
1.2571288645e-01
-1.1187260598e-01
-2.4507302046e-01
1.3830734789e-01
2.6302316785e-01
1.4007586241e-01
3.0879259109e-02
-3.2373521477e-02
-1.3545355201e-01
-2.2341112792e-01
1.3139282353e-02
1.2412242359e-03
-7.4312575161e-02
1.3252195716e-01
3.7577226758e-03
2.1120004356e-01
-1.3519629240e+00
1.5549548864e+00
-4.9905839562e-01
7.3547631502e-01
-1.9376703501e+00
1.3126330078e-01
-1.7001287639e-01
-3.8283828646e-02
1.7842622474e-02
-6.0022599995e-02
9.3491122127e-02
-3.6293812096e-02
-8.2684136927e-02
-2.3247893900e-02
-1.1992409825e-02
4.5058357716e-01
-3.3399048448e-01
4.5936547220e-02
-8.8762804866e-02
-2.4260101840e-02
1.9135923684e-01
-6.0066539794e-02
1.1988251936e-03
6.0206588358e-02
2.0612725616e-01
1.6364848614e-01
-2.1489013731e-01
-6.8616008759e-01
-4.3286332488e-01
1.5532723069e-01
-1.7279219627e-01
2.5049114227e-01
-2.6841813326e-01
1.3415334746e-02
8.5608705878e-02
6.4332932234e-01
-1.8434722424e+00
4.6053978801e-01
-1.4624999464e-01
-1.3226589561e-01
-1.2181559950e-01
1.0349581391e-01
3.8835871220e-01
-7.0392566919e-01
5.1501613855e-01
1.0905213356e+00
-1.1029108763e+00
-1.3653099537e+00
1.3482737541e+00
1.3792812824e+00
-1.0856992006e-01
-6.9901460409e-01
2.8073930740e-01
-1.2048219889e-01
1.4227749407e-01
-7.1698158979e-02
-5.0561624765e-01
1.2237968296e-01
1.1680117808e-02
1.4469986781e-02
-2.8910863400e-01
3.4300062060e-01
-1.1015453339e+00
7.0456033945e-01
-6.3163775206e-01
1.2636250257e+00
1.1337120533e+00
-1.0971558094e+00
7.3748365045e-02
2.9510334134e-02
-1.5812955797e-02
8.5427574813e-02
-2.3859098554e-01
-1.5545994043e-01
1.5641985834e-01
-2.8992310166e-01
-1.1696366072e+00
3.7757375836e-01
-2.3974561691e+00
1.2316881418e+00
3.1133943796e-01
-1.0147503614e+00
-8.3228814602e-01
2.0701247454e-01
1.7165880203e+00
2.0775520802e-01
-2.6501101255e-01
-8.7175391614e-02
2.1888086572e-02
7.1897269227e-03
6.2438380718e-01
-2.1606737375e-01
1.5875704587e-01
-6.3182064332e-03
-5.5488545448e-02
-5.5635219812e-01
-4.7011867166e-01
-6.6723370552e-01
3.1386759877e-01
-2.2750526667e-01
-3.2622379065e-01
5.5421775579e-01
1.5236353874e-01
-1.5785294771e-01
3.3423528075e-03
-3.6186251789e-02
5.5151615292e-02
-1.6764220595e-01
-5.6690055132e-01
1.5242595971e-01
4.8198890872e-03
-1.9773066044e-01
2.3085486889e-01
9.6055649221e-02
2.3403974250e-02
-5.0649547577e-01
8.2327169180e-01
-7.1895939112e-01
3.3609160781e-01
-3.0422253534e-02
-1.9382758439e-01
6.0500228405e-01
-4.1700181365e-01
-1.6599589586e-01
1.6919367015e-01
9.0149104595e-01
-2.9378685355e-01
3.2759770751e-01
-2.8148615360e-01
-4.8184897751e-02
2.5057125092e-01
2.6859149337e-01
-1.4892230928e-01
1.3682046533e-01
-3.6734193563e-01
-1.4867110550e-01
1.4663060904e+00
4.6669706702e-01
4.8574864864e-01
2.3710131645e+00
5.1646739244e-01
-7.8061556816e-01
1.3835649490e+00
-1.0481476784e+00
-1.4213508368e-01
-1.5406095982e-01
4.5175809413e-02
4.3144721538e-02
-1.6425180435e-01
1.0365103930e-01
3.2809835672e-01
-6.1244350672e-01
1.3390547037e+00
-2.4485079944e-01
-2.7936729789e-01
3.8755238056e-01
-4.6786546707e-01
5.2792036533e-01
-1.2035654485e-01
1.3134884834e-01
-1.0303776264e+00
9.5852422714e-01
-1.8996999264e+00
-1.0650548935e+00
-9.2950290442e-01
8.8761776686e-01
-1.7965693474e+00
1.2446464300e+00
-2.7828830481e-01
-1.0309733450e-01
1.5497329831e-01
9.4964832067e-02
-1.3320937753e-01
5.9767879546e-02
-1.3546019793e-01
8.1468611956e-02
9.9486388266e-02
4.9627520144e-02
7.9914920032e-02
5.1907364279e-02
1.5019180775e+00
-4.4471736997e-02
5.0008720160e-01
2.7509152889e-01
-4.8053285480e-01
-4.0901705623e-02
5.3389187902e-02
-5.3246963769e-02
-3.3306572586e-02
5.4388668388e-02
-1.2841057777e-01
2.0307631791e-01
-9.3715697527e-02
1.7178468406e-02
-1.5862968564e-01
-1.1349815130e+00
1.3896083832e+00
-3.5314086080e-01
-5.7549583912e-01
1.6249234676e+00
-6.9826304913e-01
-1.5099451542e+00
1.4893974066e+00
-1.0182088614e+00
1.4202342033e+00
-3.2298460603e-01
3.5246911645e-01
-1.6416214406e-01
-4.0458939970e-02
1.4723040164e-01
-2.2844786942e-01
8.8077872992e-02
-7.8438155353e-02
4.0146735311e-01
-8.8575035334e-01
-1.5416656435e-01
9.7954428196e-01
-4.1466993093e-01
-9.6228629351e-02
9.5971357822e-01
5.8274263144e-01
-6.0054975748e-01
3.7039825320e-01
-4.6437707543e-01
9.7902256250e-01
-2.9088899493e-01
-2.8257709742e-01
5.1407009363e-01
-2.0676283538e-01
-5.6841140985e-01
8.6719214916e-02
6.0938340612e-03
-2.2094380856e-01
-6.3984468579e-02
-6.1017949134e-02
-1.1389349401e-01
-1.8328784406e-01
-6.6665744781e-01
-9.9414512515e-02
7.3136621714e-01
2.1548247337e+00
-2.1513361931e+00
9.3355590105e-01
-3.8760828972e-01
1.3035560846e+00
4.9734744430e-01
-1.3470603228e+00
-1.1182385497e-02
-8.2690834999e-01
1.5460257530e+00
1.2505805492e-01
-1.0884419084e-01
4.7678999603e-02
-1.0782065988e-01
5.8639466763e-02
3.7081368268e-02
7.4769690633e-02
-1.1436872184e-01
-2.6503700018e-01
-1.5179830603e-02
-7.2064742446e-02
-5.5570262484e-03
7.7019251883e-02
1.8147036433e-01
-1.5837821960e+00
7.2713911533e-02
-1.3374251127e-01
1.9424013793e-02
-2.5790765882e-02
-4.8088166863e-02
1.4193686247e+00
-5.6429576874e-01
-6.0854959488e-01
2.4945792556e-01
-2.2981609404e-01
-3.7681278586e-01
-6.6321283579e-01
-7.9150402546e-01
1.2816450000e-01
1.5680807829e+00
6.7140474916e-02
5.7610857487e-01
-1.1897088587e-01
-1.1095877737e-01
-2.7978578210e-01
4.3927878141e-01
-3.9884617925e-01
1.1698124558e-01
-1.7426121235e-01
2.1339735985e+00
9.5386793837e-03
-5.4636780173e-02
-7.6134607196e-02
-6.5444715321e-02
-5.2132442594e-02
8.9893448353e-01
-3.7010469437e+00
1.5032374859e+00
-1.1675226688e+00
1.0057574511e+00
-1.3736870885e-01
2.2373630106e-01
4.3250238895e-01
-5.5493615568e-02
2.1034004167e-02
6.4290308952e-01
1.1185849905e+00
4.1677063704e-01
-1.5957885981e+00
-2.0219497383e-01
1.7365461588e-01
7.2220467031e-02
-2.9627596959e-02
7.0915453136e-02
1.6603481025e-02
-1.3254041970e-01
1.1669196188e-01
-3.9131179452e-01
1.1257261783e-01
2.5905114412e-01
-2.4330851436e-01
-9.7852304578e-02
-8.7526841089e-03
1.3771504164e-01
9.0296724811e-03
1.3812968731e+00
-1.8313640356e+00
8.1092101336e-01
7.0925575495e-01
1.0819773674e+00
2.3231062889e+00
2.2771351337e+00
-1.1687452793e+00
3.7305277586e-01
-2.1417653561e+00
-6.5389162302e-01
2.5673530102e+00
3.0986651778e-01
5.6554988027e-02
-4.2879033089e-01
3.6540201306e-01
-8.2502073050e-01
-8.0896300077e-01
-6.1770844460e-01
-3.9735266566e-01
-3.3919621259e-02
-1.4889230020e-02
7.9817790538e-03
1.6494534910e-02
3.9567060769e-02
2.1671123977e-04
-1.0099005699e-01
6.5730817616e-02
2.5573594496e-02
-5.4330746643e-03
6.9741491461e-04
1.2627676129e-02
7.6385982335e-02
6.0375727480e-04
5.3980249912e-02
1.0447587967e+00
7.6832288504e-01
9.2981344461e-01
4.6585571021e-02
-4.7462439537e-01
-1.2011441868e-03
1.0549164563e-01
-1.1461855844e-02
5.1453355700e-02
1.7205628753e-01
-4.3134564161e-01
-6.3035391271e-02
-3.9992578328e-02
-1.0987582058e-01
-1.5034776926e-01
7.6041452587e-02
1.5412257053e-02
4.1382726282e-02
3.0131332576e-02
7.1400087327e-03
-1.0763385892e-01
-6.8674243987e-02
3.9088539779e-02
6.0796350241e-02
2.1964896470e-02
-1.1913835257e-01
3.5280507058e-02
1.4468817413e-01
5.0123045221e-03
-7.7569752932e-02
1.6986986622e-02
3.4067985415e-01
-2.5903385133e-02
-6.7128646187e-03
1.8295526970e-03
-6.6485577263e-03
-4.5019168407e-02
4.8749893904e-03
8.3924122155e-03
-2.4632388726e-02
-2.0007957518e-01
-2.7249270352e-04
2.1400772035e-01
4.0281620622e-01
-2.6044631004e-01
3.8172278553e-02
-2.3014402390e-01
3.9627394080e-01
1.8585314974e-03
-9.6719086170e-02
7.8092865646e-02
-3.1081281602e-02
4.5578200370e-02
8.2553118467e-02
7.4577271938e-02
1.7837888002e+00
-8.3035522699e-01
6.2152661383e-02
-3.0623617768e-01
4.3006458879e-01
7.1891553700e-02
-2.5755569339e-01
-1.1766193062e-01
-7.1175489575e-03
-2.7458804846e-01
-2.6238590479e-02
-7.0803843439e-02
3.8394317031e-02
-6.4568482339e-02
-4.3206755072e-02
-6.8312492222e-03
-1.4706498384e-01
-6.1230011284e-02
-8.1746689975e-02
9.9654465914e-02
-1.7045190930e-01
8.9425340295e-02
-3.3402003348e-02
-2.5987276435e-01
-1.0881206021e-02
7.3423326015e-02
1.4898812771e-01
-3.5041698813e-01
1.8953515589e-01
-5.6041502953e-01
2.6960698888e-02
-3.3942513168e-02
-3.1458720565e-02
-3.3450074494e-02
3.0965682119e-02
-2.4872932583e-02
1.1659621447e-01
1.0105390102e-01
1.2589989603e-01
1.9664326310e-01
1.0690613836e-01
-4.3159358203e-02
-1.1811145395e-01
2.0443323255e-01
-2.6613310911e-03
-4.0720356628e-03
7.4106678367e-02
-9.7446339205e-03
7.0404157043e-02
-2.3595796898e-02
3.4956306219e-01
2.3283644021e-01
3.0574741960e-01
-4.0804332495e-01
-8.0067533255e-01
7.3284581304e-02
1.0002272129e+00
-5.2329331636e-01
8.8528156281e-01
-1.0413167477e+00
1.1148947291e-02
1.4695438743e-01
-5.8850556612e-02
1.3756933808e-01
-4.0059737861e-02
-2.8969325125e-02
-1.1935169995e-01
-1.1627861299e-02
-2.1451756358e-01
-1.0451479815e-02
-2.1880309284e-01
3.0234211683e-01
-7.6153761148e-01
2.4660769105e-01
3.4100973606e-01
-2.1735164337e-03
1.0243004188e-02
-4.3839685619e-02
-3.5704977810e-02
-2.4772189558e-02
3.7787646055e-01
5.6307703257e-01
-6.4154368639e-01
2.1215894818e-01
1.2342951447e-01
-1.4059902728e-01
-2.2683553398e-01
5.5754729547e-03
-6.8008549511e-02
-1.4725002460e-02
2.3011586070e-01
-3.7934985757e-01
-6.9627471268e-02
-9.9029550329e-03
-5.1089067012e-02
1.4320348203e-01
1.5715165064e-02
-3.7813931704e-01
1.1116686277e-02
5.3202301264e-01
-1.7974588275e-01
-2.2133408487e-01
-4.1004456580e-02
1.5328580141e-01
-4.9563709646e-02
-1.4679148793e-02
1.1243849061e-02
7.2864159942e-02
7.2915531695e-02
1.5244298615e-02
2.1891705692e-03
-5.6314647198e-02
-2.2975552827e-02
1.0184478946e-02
-1.5838745458e-04
1.5687031746e+00
3.8600054383e-01
2.5977873802e+00
2.0035240650e+00
-1.2698796391e-01
3.7898309529e-03
2.7267785743e-02
-9.3211643398e-03
-3.7591319531e-02
-7.3268741369e-02
3.4943711758e-01
4.3368116021e-01
3.5628449917e-01
1.2338604033e-01
-6.1270099133e-02
9.9688965082e-01
-2.4455111027e+00
-1.0449904203e+00
-3.4276777506e-01
-1.5965400934e+00
-2.1186590195e-02
-2.8707775474e-01
-1.4239250124e-01
-5.3781013936e-02
-1.9413803518e-01
-2.0920466632e-02
3.1116113532e-03
1.3883171603e-02
2.7522511780e-02
1.4807342552e-02
1.1642925441e-01
5.8144688606e-01
-4.6920597553e-01
3.6908605695e-01
4.1407799721e-01
1.0265465826e-02
-2.3194441572e-02
-2.9488932341e-02
8.9228905737e-02
3.9152961224e-02
9.5834374428e-02
6.9492891431e-02
-2.1005449817e-02
-1.6560839489e-02
-2.2161662579e-01
-3.0677911639e-01
4.6210095286e-01
-4.4983425736e-01
9.9668180943e-01
-7.3950290680e-01
1.6780998707e+00
-1.3634388447e+00
1.7548758984e+00
9.2918813229e-01
1.3596273661e+00
-6.0623627156e-02
1.6053928062e-02
-2.1732887253e-02
-1.2900381349e-02
1.7193758488e-01
-5.0877672434e-01
-3.3725813031e-01
-1.7956374213e-02
-5.4072357714e-02
-2.2870992124e-01
3.4798422456e-01
1.7416903377e-01
-5.6046321988e-02
-1.0091969371e-01
-3.7750054151e-02
-3.4824080765e-02
-4.7843545675e-02
-2.4999711663e-02
-6.1598852277e-02
-4.9208495766e-02
-5.6571072340e-01
-5.1308941841e-01
-8.4826290607e-02
2.5358638167e-01
-9.0853375196e-01
3.5698419809e-01
-5.4991513491e-01
1.1181434989e-01
-9.3592560291e-01
1.1028552055e+00
-1.4481704235e+00
-9.4362336397e-01
-4.1708418727e-01
5.1866495609e-01
-1.2280620337e+00
-1.8816332519e-01
-3.1444162130e-02
-2.0898461342e-02
-6.7857295275e-02
1.0499957204e-01
8.8815426826e-01
-7.4395120144e-01
7.3785474524e-03
-5.1357887685e-02
-7.1311421692e-02
3.5288549960e-02
-4.7536686063e-02
-2.1300733089e-02
-9.0399913490e-02
-7.5889147818e-02
-4.6376228333e-02
-1.2341580354e-02
-2.0891735330e-02
3.1651098281e-02
7.8455219045e-03
-1.0330773145e-01
1.0818510056e+00
-9.0463995934e-01
-1.0633885860e+00
2.7338936329e+00
3.7048172206e-02
4.0224078111e-03
4.0011834353e-02
4.6448793262e-02
4.8384368420e-02
-3.5767897964e-02
3.1934488565e-02
-2.2947003599e-03
1.6242152080e-02
5.0230496563e-03
2.2090397775e-02
-6.6486082971e-02
-7.2109550238e-02
-9.2056751251e-02
-8.3540886641e-02
