# Shape: [64, 64, 7]
# Original tensor was reshaped from [64, 64, 7] to 1D array
1.4250113070e-01
3.7136366963e-01
4.1035982966e-01
2.6064664125e-01
1.4411370456e-01
1.5470942855e-01
1.2651626766e-01
-4.1342429817e-02
-2.7450793982e-01
2.4259074032e-01
5.3015851974e-01
1.3925535977e-01
3.0923557281e-01
-1.7960019410e-02
1.8403352499e+00
-2.0727078617e-01
1.4441911876e-01
-1.2414934635e+00
-2.5388171673e+00
-1.8110944033e+00
-1.9015249014e+00
1.2231030315e-01
2.0831641555e-01
1.7403252423e-01
5.9979873896e-01
1.3924220204e-01
-2.9122123495e-02
-5.6308639050e-01
-8.3752864599e-01
-2.0001993179e+00
-2.8983521461e+00
-2.7883918285e+00
-2.6831977367e+00
-1.6610835791e+00
-2.3986511230e+00
-2.6350665092e-01
5.5707371235e-01
-8.4941512346e-01
2.0217613876e-01
5.6267052889e-02
3.5766205192e-01
-2.4358652532e-01
-3.4087901115e+00
-8.1088441610e-01
-1.1879392862e+00
-3.2469379902e+00
-2.2565000057e+00
1.1986733675e+00
-6.6008836031e-01
-3.2694149017e-01
-4.0950924158e-01
-7.2538577020e-02
4.7810643911e-01
2.1102352440e-01
-1.0563352145e-02
-3.5153546929e-01
1.7655693293e+00
-5.1934224367e-01
4.9807224274e+00
2.3450810909e+00
2.2245767117e+00
2.9149885178e+00
3.3302932978e-01
-4.0950164795e+00
-1.8117631674e+00
-2.0982971191e+00
-1.4576731920e+00
-3.6238601804e-01
7.5736916065e-01
2.7741091251e+00
1.9483525753e+00
1.3830019236e+00
1.3288859129e+00
2.0755362511e+00
2.7506964207e+00
2.9463763237e+00
7.1408975124e-01
-2.6965503693e+00
-2.1548557281e+00
-1.1481314898e+00
4.6633351594e-02
-1.2294863164e-01
4.1768783331e-01
-1.0300241709e+00
-1.3495662212e+00
-8.3646863699e-01
1.2019126117e-01
1.3010798693e+00
1.9786994457e+00
1.3753801584e+00
-2.6803287864e-01
-2.7066233754e-01
1.3576272726e+00
5.5797410011e-01
-1.0807976723e+00
9.5842570066e-01
4.8953676224e-01
-1.1446662247e-01
-1.3128311932e-01
5.1210093498e-01
-9.7728960216e-02
7.0124411583e-01
-4.5473319292e-01
-9.3958085775e-01
-6.1011946201e-01
-1.0913544893e+00
-1.1563447714e+00
-4.0397605300e-01
-2.3284083605e-01
-2.1466805041e-01
2.9270908237e-01
1.2078630924e-01
5.9190434217e-01
1.1342845857e-01
9.6967875957e-01
1.8493095636e+00
2.4799511433e+00
2.2190318108e+00
5.3550130129e-01
1.1386534572e-01
-8.1986320019e-01
2.6112464070e-01
6.8802070618e-01
2.5976017118e-01
1.1015986651e-01
-3.1019863486e-01
8.6501181126e-01
-2.1558459103e-01
-2.0804197788e+00
-1.1498034000e+00
-3.6581772566e-01
3.0230358243e-01
1.1889820099e+00
1.0601670295e-01
8.1578665972e-01
1.0244104862e+00
2.4673876762e+00
2.7158442140e-01
-4.0607911348e-01
-1.8782061338e+00
-1.0284303129e-01
1.0547881126e+00
-3.9292223752e-02
-3.4729126096e-01
-1.7517977953e+00
-9.9761140347e-01
-4.0294222832e+00
-6.2974220514e-01
-3.9111232758e-01
8.2863080502e-01
5.2270078659e-01
-9.1369682550e-01
-7.5551593304e-01
-2.5564565659e+00
-1.0993922949e+00
-9.8540490866e-01
6.0075587034e-01
9.7044855356e-01
2.3517763615e+00
3.8257052898e+00
2.9080674648e+00
-1.3930721283e+00
-1.4293234348e+00
-1.3153200150e+00
-2.4252171516e+00
-2.2583696842e+00
-2.6135377884e+00
-1.4854813814e+00
-2.8942310810e+00
-1.6887886524e+00
-2.8145405650e-01
9.1667026281e-02
-1.2560020201e-02
1.3802652359e+00
4.2244482040e-01
2.7964324951e+00
1.5132787228e+00
7.7688604593e-01
-1.5132546425e-01
2.4657458067e-01
-8.5046976805e-01
-3.5882019997e-01
-1.8819843531e+00
-2.2452321053e+00
-2.3757135868e+00
-2.4928193092e+00
-2.2841069698e+00
-2.1960949898e+00
-1.8276664019e+00
1.0327821970e+00
1.4442236423e+00
8.5946971178e-01
1.9887155294e+00
1.0044645518e-02
1.7916108370e+00
4.2377084494e-01
-1.0542383194e+00
-2.9908742905e+00
-1.6993377209e+00
2.6095783710e-01
2.8930203915e+00
8.7643283606e-01
2.9327149391e+00
-7.4467164278e-01
-1.2008651495e+00
-5.3137969971e-01
4.0461650491e-01
4.8544654250e-01
1.4616132975e+00
1.3340046406e+00
2.2385208607e+00
-3.9453648031e-02
-2.6437023282e-01
-5.6179827452e-01
-4.2556781322e-02
8.4047161043e-02
5.3058898449e-01
1.1986204237e-01
8.4713578224e-01
5.1936388016e-01
1.8034814596e+00
5.5910670757e-01
3.2715952396e-01
2.2197529674e-01
-4.2553153634e-01
1.1034196615e+00
-1.0680123568e+00
-3.8084026426e-02
-2.1822793484e+00
-2.7608580589e+00
-3.1587042809e+00
-1.8426047266e-01
-2.9017412663e-01
-2.9001280665e-01
-4.2125642300e-01
-1.1303977966e+00
-8.8549083471e-01
-2.9857070446e+00
-2.2942914963e+00
-1.5073592663e+00
7.1097952127e-01
2.3075225353e+00
1.2835808992e+00
1.0860756636e+00
2.5496776104e+00
-1.3345977068e+00
-5.2021586895e-01
-6.2269073725e-01
-4.5175123215e-01
-1.6436163187e+00
-3.5509250164e+00
-4.1910634041e+00
-5.5147832632e-01
-1.7291271687e-01
1.4014048576e+00
3.1636896133e+00
1.1765770912e+00
7.2719983757e-02
6.8274331093e-01
-6.0628557205e-01
-4.8838901520e-01
8.3927102387e-02
4.2251080275e-01
4.1646370292e-01
3.3946406841e-01
1.3149902225e-01
-6.3909572363e-01
-8.0731350183e-01
-1.0655131340e+00
-1.0865142345e+00
-1.2638590336e+00
-8.5829401016e-01
-9.2300587893e-01
1.1681529284e+00
2.1396491528e+00
4.1513210535e-01
-1.6342064142e+00
-4.6341735125e-01
2.5250923634e-01
7.1314483881e-01
2.1935367584e+00
1.7718495131e+00
1.0217945576e+00
3.9303147793e-01
1.3840043545e+00
1.0983560085e+00
1.8867067099e+00
-9.9522048235e-01
-9.4315630198e-01
-7.6275765896e-01
-7.6141792536e-01
-6.5698909760e-01
-6.8864339590e-01
-5.3497791290e-01
8.6492925882e-01
6.9406574965e-01
4.8641961813e-01
6.1356097460e-01
1.6416659355e+00
-1.8419672549e-01
1.3893148899e+00
-5.4384749383e-02
-1.3143968582e-01
9.0744815767e-02
5.0190019608e-01
4.7678047419e-01
2.6962918043e-01
5.3680509329e-01
-2.6957960129e+00
-2.0924015045e+00
-2.1650748253e+00
-2.4554708004e+00
-2.1016077995e+00
-2.7321147919e+00
-2.7495021820e+00
-4.0299314260e-01
-9.2195518315e-02
9.7588473558e-01
3.0630702972e+00
8.7881571054e-01
1.7779724598e+00
-5.2393805981e-01
-1.3043218851e+00
-2.3261456490e+00
8.2369953394e-01
3.1382521987e-01
1.4060840011e-01
-3.5521683097e-01
-2.5215229988e+00
-1.7453199625e-01
-9.9142831564e-01
4.3032857776e-01
5.0953733921e-01
1.7552839518e+00
1.4032160044e+00
5.1880508661e-01
3.2743725181e-01
3.4511521459e-01
5.5029857159e-01
5.2578341961e-01
6.1143195629e-01
4.3144530058e-01
3.3135321736e-01
3.3243477345e+00
-1.4001142979e+00
9.9036604166e-01
1.8399288654e+00
-8.5518878698e-01
3.4675014019e+00
8.2590281963e-01
-7.1471661329e-01
-1.4974998236e+00
4.3014845252e-01
1.8770010769e-01
8.5322177410e-01
8.7371802330e-01
2.1157584190e+00
-6.7911237478e-01
-9.6975511312e-01
-8.6929190159e-01
2.6493501663e+00
3.1799976826e+00
1.2206091881e+00
1.3964356184e+00
-3.5191822797e-02
3.9303123951e-01
1.3500553370e+00
9.8319900036e-01
7.0618945360e-01
-1.5847640038e+00
-1.4220113754e+00
-2.0436384678e+00
-2.0885825157e+00
1.6445423365e+00
1.3659626245e+00
9.4377255440e-01
-3.0852441788e+00
-3.3803169727e+00
-3.9872044325e-01
-4.2974188924e-01
6.1611667275e-02
3.6488765478e-01
5.6747436523e-01
1.4481478371e-02
1.4507416487e+00
-1.1441518068e+00
-9.7525757551e-01
-6.9775086641e-01
-7.2488254309e-01
-7.5061553717e-01
-5.7924777269e-01
-6.9546085596e-01
2.5407774448e+00
1.4198211432e+00
2.9802646637e+00
3.0644619465e+00
2.1420557499e+00
1.1679977179e+00
2.0568299294e+00
-1.1466613412e-01
-3.9168554544e-01
-4.4894814491e-02
6.2382382154e-01
6.1977237463e-01
1.7422578335e+00
1.0930105448e+00
-3.7194216251e+00
-3.0193555355e-01
-2.2221057415e+00
2.4990670681e+00
-1.0591201782e+00
6.3276278973e-01
1.3656342030e-01
1.3411246538e+00
1.2213560343e+00
3.2490041852e-01
-1.8878849745e+00
-3.3397293091e+00
-2.1427881718e+00
-1.0119280815e+00
-3.6046898365e+00
-3.2798197269e+00
-2.1217060089e+00
-2.4142863750e+00
-1.6520467997e+00
-1.9092622995e+00
-2.1020624638e+00
-7.7061504126e-01
-5.7264972478e-02
7.9885476828e-01
1.9577627182e+00
1.0651919842e+00
-1.5528683364e-01
-3.6133417487e-01
1.3902223110e-01
-2.4136029184e-01
2.7643576264e-01
4.4159758091e-01
7.9230181873e-02
1.3145811856e-01
-4.7854684293e-02
-2.0664710999e+00
-1.8215389252e+00
-1.3880299330e+00
5.4375767708e-01
2.1178824902e+00
1.2756061554e+00
6.5930074453e-01
-4.6632571220e+00
-4.1719565392e+00
-3.8421671391e+00
-2.7407476902e+00
-2.3323714733e+00
-1.3637095690e+00
-2.3052996397e-01
-1.1645802259e+00
-4.0891534090e-01
1.6296105087e-01
3.3654460311e-01
3.8420397043e-01
4.0201127529e-01
2.9719907045e-01
-1.1501254141e-01
2.1103261411e-01
1.9081278145e-01
6.1667007208e-01
1.0740571022e+00
2.1887588501e+00
2.3038930893e+00
-2.1338529587e+00
-1.9816446304e+00
-1.2481130362e+00
-8.3967810869e-01
-8.2396078110e-01
-4.7432377934e-01
-2.9975754023e-01
2.7186172009e+00
1.3825006485e+00
1.3783088923e+00
-9.6271842718e-01
-1.1866369247e+00
-1.8120998144e+00
-9.3686336279e-01
-1.4860039577e-02
4.6329224110e-01
6.0534304380e-01
3.6580809951e-01
2.4102500081e-01
5.2873039246e-01
1.3422028162e-02
-2.1343998909e+00
-6.0534186363e+00
-7.9258861542e+00
-1.1175320625e+01
-9.1662721634e+00
-6.4007940292e+00
-3.4833977222e+00
-4.7608327866e+00
-4.8086543083e+00
-5.8983511925e+00
-5.6041641235e+00
-8.1600821018e-01
7.4291944504e-01
6.1257845163e-01
1.5065659285e+00
-2.6490080357e-01
6.4444082975e-01
4.8880928755e-01
1.1026459932e+00
-7.6945644617e-01
-1.4093861580e+00
-3.5179030895e+00
-3.0409655571e+00
-1.5600372553e+00
-5.3446298838e-01
1.5535253286e+00
2.3120296001e+00
1.6855323315e-01
-4.3786841631e-01
-1.5955060720e+00
1.0386036634e+00
1.0922151059e-01
-8.2730658352e-02
-1.7931112051e+00
-2.3633267879e+00
-1.0272095203e+00
-3.4419262409e-01
6.7665249109e-01
1.7312617600e-01
3.3533759415e-02
-3.5191082954e-01
-3.0709713697e-01
-1.9302853346e+00
-1.2859525681e+00
7.3930251598e-01
-1.9360952079e-01
1.1173906177e-01
1.5490828454e-01
-1.1378692836e-01
-1.2880449295e+00
-1.7187229395e+00
-1.6804885864e+00
-2.2372925282e+00
9.3024857342e-02
6.8294966221e-01
-5.4373824596e-01
-4.7771410942e+00
-4.3503713608e+00
-4.2505040169e+00
-3.6875710487e+00
-3.9141743183e+00
-2.5928878784e+00
-1.7424155474e+00
-2.3491744995e+00
-1.5139548779e+00
-9.7544890642e-01
6.2066042423e-01
1.3214485645e+00
1.2489639521e+00
7.6597762108e-01
-6.2900531292e-01
8.4815943241e-01
1.6909554005e+00
1.5030492544e+00
8.1952482462e-01
2.6006701589e-01
-7.9840868711e-01
-6.6776962280e+00
-7.4213128090e+00
-5.9180603027e+00
-3.3863627911e+00
-2.3604016304e+00
-9.5710247755e-01
-3.3664810658e-01
-8.0830430984e-01
-1.4889810085e+00
-1.6116939783e+00
-2.1417191029e+00
-2.1985850334e+00
-1.1227920055e+00
-3.2896107435e-01
1.2545076609e+00
1.0631179810e+00
2.6479217410e-01
2.2746522427e+00
6.0345113277e-01
6.1623215675e-02
-5.5442810990e-03
1.0396823883e+00
4.0566110611e-01
1.0405262709e+00
1.2351112366e+00
3.9250436425e-01
1.1876672506e+00
-5.5735446513e-02
1.1777465791e-01
7.0541217923e-02
1.0754998922e+00
5.4660528898e-01
5.7003420591e-01
-3.7896996737e-01
-5.2200376987e-01
-5.8271354437e-01
-1.1573215574e-01
3.1085792929e-02
-1.8716005981e-01
-1.4319701493e-01
8.4920966625e-01
1.5269795656e+00
3.2075049877e+00
3.4259443283e+00
3.2269577980e+00
2.0604386330e+00
1.0152494907e+00
1.7196294069e+00
2.4489932060e+00
-9.2474575043e+00
-8.4725522995e+00
-5.7198705673e+00
-2.4947638512e+00
-1.1350985765e+00
-1.1815053225e+00
-9.1189670563e-01
-2.8768088818e+00
-3.3372569084e+00
-3.2527289391e+00
-3.6739561558e+00
-4.5904626846e+00
-4.5512413979e+00
-3.3387572765e+00
-8.0435621738e-01
-1.1983422190e-01
6.3626623154e-01
1.7952748537e+00
2.0142743587e+00
2.2495584488e+00
2.6459341049e+00
-1.7028278112e-01
-1.6424897313e-01
-4.3694175780e-02
-3.7273976207e-01
-1.9873085022e+00
-1.3448101282e+00
-1.0694930553e+00
-1.9865068197e+00
9.8748779297e-01
1.0090187788e+00
2.0333616734e+00
4.3327131867e-01
5.9034264088e-01
1.5375316143e+00
-2.7329194546e+00
-2.7627270222e+00
-9.9916273355e-01
-1.0825753957e-01
7.9140014946e-02
1.0823376179e+00
7.0541363955e-01
1.7610260844e-01
1.9257791340e-01
3.4212321043e-01
5.0490029156e-02
2.3965656757e-01
7.1967315674e-01
5.2096939087e-01
-4.7701931000e-01
-7.3383873701e-01
-2.1858748794e-01
-1.0738999844e+00
-3.5980460048e-01
-1.0204493999e+00
-2.1991050243e-01
-1.9416634738e-01
-3.2263612747e-01
-2.4273490999e-03
7.4318192899e-02
3.5300469398e-01
1.3626519442e+00
2.9022735357e-01
-2.7328834534e+00
-2.2306101322e+00
-2.2418391705e+00
-1.2970496416e+00
-1.7126618624e+00
-1.8491927385e+00
-2.6286177635e+00
-2.5619988441e+00
-5.1853626966e-02
-1.0390481949e+00
6.5791082382e-01
2.1398177743e-01
-2.3999209702e-01
2.3367722034e+00
-2.3281559944e+00
-1.7768825293e+00
-1.3715085983e+00
-3.4963136911e-01
-8.2633113861e-01
-3.4325098991e-01
7.5078642368e-01
-1.5309531689e+00
-2.4306748807e-01
-1.1945117265e-02
4.1818693280e-02
2.2498333454e-01
-1.6089689732e-01
2.2006203234e-01
-1.7023907900e+00
-7.4472123384e-01
-1.7430695891e-01
2.7267792821e-01
4.6478873491e-01
5.8808994293e-01
5.2626782656e-01
-1.6853712797e+00
-7.0608627796e-01
-2.1618717909e-01
1.4926558733e+00
1.6422697306e+00
1.7355415821e+00
1.9570332766e+00
4.4510506094e-02
-1.1269439012e-01
-1.3168189526e+00
-1.4266399145e+00
-1.4378107786e+00
-1.3652879000e+00
-3.3121573925e-01
-3.4582845867e-02
-2.6009032726e+00
-1.0311248302e+00
-1.1071001291e+00
-1.7121541500e+00
-4.4748220444e+00
-2.8567955494e+00
4.1518528014e-02
5.1469820738e-01
6.1978006363e-01
1.1977093220e+00
1.5212000608e+00
2.3670396805e+00
2.3253800869e+00
2.2361102104e+00
2.0923178196e+00
2.4149518013e+00
7.7469694614e-01
2.3113975525e+00
9.9827373028e-01
3.6801218987e+00
-3.7459093332e-01
1.3746486045e-02
2.4406632781e-01
2.1149075031e-01
2.2613024712e-01
2.9040598869e-01
2.7581334114e-01
-6.2616062164e+00
-4.5092015266e+00
-1.4708297253e+00
-3.2998189330e-01
2.4231772423e+00
1.6382725239e+00
2.6598746777e+00
-1.1155523062e+00
-6.3141489029e-01
-3.0496427789e-03
-3.8917914033e-02
-1.1951471120e-01
3.8565084338e-01
2.6629912853e-01
7.6317399740e-01
-9.8653697968e-01
8.5274688900e-02
-7.7605271339e-01
-1.2406902313e+00
-1.0278623104e+00
-1.9849139452e+00
-2.8332700729e+00
-1.9035310745e+00
-3.8640362024e-01
-5.4447442293e-01
1.5762083530e+00
5.6393325329e-01
1.9585343599e+00
-2.7285578251e+00
-2.4039669037e+00
-1.5909543037e+00
-3.0238568783e-01
1.2983094156e-01
7.9184061289e-01
1.1046208143e+00
2.3947501183e+00
1.3098286390e+00
1.8457846642e+00
7.6045286655e-01
1.1413471699e+00
1.5909535885e+00
-7.5074069202e-02
8.4235060215e-01
-5.4773628712e-01
7.0695590973e-01
8.7829387188e-01
3.3005031943e-01
4.3065670133e-01
6.9478297234e-01
-2.1461331844e+00
-1.3641982079e+00
-1.3268277645e+00
-5.2135962248e-01
-1.0822691917e+00
-9.2471677065e-01
-3.9692100883e-01
-6.5427705646e-02
-1.7562450841e-02
1.1792835779e-02
-6.5242215991e-02
1.3926818967e-01
-2.9588159919e-01
-3.1614410877e-01
9.0808022022e-01
5.8405244350e-01
-1.7310940027e+00
-2.1184864044e+00
-5.8253739029e-02
3.5153964162e-01
1.0002169758e-02
-5.2169513702e+00
-1.5189332962e+00
-1.2819250822e+00
-7.0874059200e-01
-3.5452809930e-01
4.0086135268e-02
1.1480834335e-02
-1.3757196665e+00
-8.7046474218e-02
1.4441847801e-01
1.5489292145e+00
1.5193746090e+00
2.0031650066e+00
1.8784832954e+00
1.6925663948e+00
-2.7114218473e-01
1.2909535170e+00
1.6441277266e+00
9.2501336336e-01
-6.5553510189e-01
9.0730023384e-01
-7.5062668324e-01
-6.3696366549e-01
1.7430682182e+00
1.5570291281e+00
8.7650555372e-01
2.3164090514e-01
9.9474728107e-01
-3.8505692482e+00
-2.8090162668e-03
-2.7987781167e-01
1.9598553181e+00
4.6315526962e-01
5.8022916317e-01
-4.0598578751e-02
1.3000540733e+00
5.8281427622e-01
6.9800233841e-01
6.9995290041e-01
4.1972607374e-01
1.0394921303e+00
1.5023438931e+00
-4.5315995216e+00
-4.8035116196e+00
-2.7050516605e+00
-5.6228607893e-01
1.9875523448e-01
1.5310881138e+00
2.0648276806e+00
4.7686797380e-01
7.5904674828e-02
2.2578485310e-01
5.3259021044e-01
7.3014330864e-01
1.6060759127e-01
2.0681831241e-01
-4.2341189384e+00
-3.2997028828e+00
-1.8264383078e+00
-1.1334189177e+00
-5.3206002712e-01
-1.4699862897e-01
4.3529551476e-02
-1.0292788744e+00
-5.8465462923e-01
4.1791737080e-01
1.2632392645e+00
1.7986202240e+00
2.6988933086e+00
1.9161597490e+00
-1.6430211067e+00
-2.0664944649e+00
5.3650450706e-01
1.8682841957e-01
-4.2582491040e-01
-4.0046313405e-01
-9.7639703751e-01
-1.5409117937e+00
-5.3370195627e-01
-2.0823806524e-01
-2.1346041560e-01
-1.1533777416e-01
-2.6043353602e-02
2.1768721938e-01
4.1229410172e+00
3.8614807129e+00
3.5852274895e+00
1.5946106911e+00
2.1408057213e+00
7.9173380136e-01
1.5106189251e+00
4.9204677343e-01
1.0394768715e+00
-3.2396532595e-02
3.7666904926e-01
4.7624716163e-01
5.0307786465e-01
5.8616632223e-01
4.5424790382e+00
3.1050951481e+00
4.2196878791e-01
2.7680650353e-01
-1.6528767347e+00
-9.9763214588e-01
-1.6084020138e+00
1.0470519066e+00
1.0066199303e+00
5.2057814598e-01
-9.0919956565e-02
-1.1038092375e+00
-9.4273865223e-01
-8.5267585516e-01
2.0126883686e-01
-8.6261052638e-03
-3.1246974468e+00
-2.2527556419e+00
-5.7074737549e+00
-8.1605348587e+00
-4.7124595642e+00
1.6462966204e+00
1.1680613756e+00
-2.0847360790e-01
-8.9828884602e-01
-8.3403724432e-01
-3.2823262215e+00
-2.3012576103e+00
-1.6119759083e+00
-2.7656993866e+00
2.8175883293e+00
4.5878121257e-01
1.9572725296e+00
6.9885069132e-01
4.4991574287e+00
2.2887992859e+00
1.7469490767e+00
-1.5291633606e+00
-5.7257270813e+00
-3.1092240810e+00
-1.7445555925e+00
-1.0410947800e+00
-4.3175640106e+00
-3.2095930576e+00
-1.0133905411e+00
-4.4184288979e+00
1.3554334641e-02
2.4154458046e+00
4.3015227318e+00
9.4896501303e-01
1.5836139917e+00
9.1443610191e-01
-1.9422402382e+00
-2.1264152527e+00
-1.8913924694e-01
-1.3314973116e+00
-2.8510434628e+00
-1.9645816088e+00
-1.4838765860e+00
1.1392947435e+00
1.9050540924e+00
1.5532908440e+00
9.1840553284e-01
8.3230185509e-01
1.1168684959e+00
-4.1897013783e-02
6.4385539293e-01
-2.1036062241e+00
-2.5440702438e+00
-1.6020206213e+00
3.0616649985e-01
1.8646101952e+00
1.0919435024e+00
7.8424942493e-01
5.2312171459e-01
8.7751120329e-01
5.9181839228e-01
-1.5442825556e+00
-2.0699872971e+00
-1.6808075905e+00
-1.6847075224e+00
-1.3874381781e+00
8.1048786640e-02
5.5313634872e-01
-6.2846809626e-01
-8.1377261877e-01
-3.0836391449e+00
-5.6442360878e+00
-1.7492422462e-01
5.9406954050e-01
2.7217587829e-01
-1.8181298971e+00
-2.3525538445e+00
-5.1578158140e-01
1.5450556576e-01
7.1482419968e-02
7.7689014375e-02
4.2629337311e-01
1.9466178417e+00
1.8860088587e+00
9.8890715837e-01
-7.0084750652e-02
-1.6418713331e+00
-2.8768343925e+00
-2.6650686264e+00
-3.1494790316e-01
5.1815897226e-01
9.8460513353e-01
3.1361937523e-01
2.6498532295e-01
2.7569890022e+00
2.0388069153e+00
1.3159358501e+00
1.3212718964e+00
3.4026114941e+00
1.3367310762e+00
6.9389711134e-03
8.7253153324e-01
6.2162011862e-01
6.4437693357e-01
5.2265948057e-01
5.1605850458e-01
6.8358635902e-01
9.4078499079e-01
9.3640249968e-01
2.1299564838e+00
1.6660167277e-01
1.2214542627e+00
-2.5015408993e+00
-9.6483838558e-01
1.4936143160e+00
7.1851158142e-01
1.1846805811e+00
-2.3661592007e+00
-3.9939017296e+00
-1.8469866514e+00
-1.9900752604e-01
-6.1987864971e-01
-3.7933256626e+00
-1.1013550758e+00
1.6730293036e+00
2.7347970009e-01
-8.7546542287e-02
-4.6814113855e-01
-2.5143554211e+00
4.8126691580e-01
6.1528795958e-01
4.8941769600e+00
4.5847287178e+00
2.9271097183e+00
2.8652129173e+00
2.1582810879e+00
1.5467021465e+00
1.6890076399e+00
-1.5489839315e+00
-1.3184586763e+00
-1.2430289984e+00
-1.4266777039e+00
-1.3247528076e+00
-1.8855323792e+00
-4.9305313826e-01
2.7671205997e+00
2.5841352344e-01
6.4621478319e-01
6.4332580566e-01
1.4590697289e+00
-9.1644980013e-02
9.1101694107e-01
1.4686394930e+00
7.0422917604e-01
-7.4269510806e-02
8.5047692060e-01
-2.1707934141e-01
1.1058775187e+00
2.0274746418e-01
2.8433001041e-01
3.8420766592e-02
-1.4349400997e+00
-1.2971450090e+00
-1.2332835197e+00
-1.1981232166e+00
-2.8651928902e-01
1.9176112115e-01
7.4449461699e-01
-5.0724256039e-01
-2.4622943401e+00
-2.9507277012e+00
-2.5257852077e+00
-9.7245198488e-01
-4.2542514801e+00
-2.2273013592e+00
-1.3711414337e+00
-8.3850598335e-01
-8.5662293434e-01
-9.4951223582e-03
-3.1144728884e-02
3.3273856640e+00
2.0089159012e+00
1.2513307333e+00
1.4381057024e+00
2.6925308704e+00
2.9766330719e+00
1.7229831219e+00
-3.2325761318e+00
-3.8207259178e+00
-1.7162952423e+00
-3.4085154533e+00
-1.9105798006e+00
-8.6654853821e-01
-1.6128022671e+00
-1.6565353870e+00
-4.1055946350e+00
-2.1801877022e+00
-1.3054833412e+00
3.4963417053e-01
1.1341535300e-01
1.1992300749e+00
5.4515118599e+00
4.8652181625e+00
3.8182222843e+00
2.6440117359e+00
2.7455301285e+00
2.1059339046e+00
2.0465843678e+00
6.3062381744e-01
6.1881196499e-01
4.9576219916e-01
4.6273231506e-01
2.6116544008e-01
2.5201743841e-01
1.0260304213e+00
-6.8966603279e+00
-2.2001757622e+00
-6.1766010523e-01
-2.9242974520e-01
-2.2299943864e-01
-2.5301641226e-01
-2.1309882402e-01
-2.6892774105e+00
-2.4254753590e+00
-2.8100135326e+00
-2.6179857254e+00
-3.5908112526e+00
-3.6836683750e+00
-2.9286737442e+00
1.4847016335e+00
1.6469545364e+00
-1.7966170311e+00
-1.8950645924e+00
-1.4953713417e+00
-2.1002244949e+00
-6.4156335592e-01
4.0425996780e+00
1.5766085386e+00
2.9625937343e-01
1.6650058031e+00
3.1623225212e+00
4.8671274185e+00
3.6166951656e+00
-2.1367285252e+00
-2.1050815582e+00
-1.3679375648e+00
-1.5042477846e+00
-1.3883816004e+00
-2.5394091606e+00
-2.0170822144e+00
2.3234457970e+00
3.9829738140e+00
3.6235382557e+00
-4.1086319089e-01
-9.5511674881e-01
6.2468242645e-01
-2.0673082769e-01
-3.8435754180e-01
-5.9361769818e-03
-1.0408651084e-02
-1.1266741902e-01
-4.8595596105e-02
-7.9350925982e-02
-2.2518388927e-02
2.1650443077e+00
4.0483218431e-01
1.8714197874e+00
2.4377319813e+00
3.3182346821e+00
3.1990017891e+00
5.2736124992e+00
-1.3474097252e+00
-2.7644452453e-01
4.5512521267e-01
2.1948164701e-01
2.6518371701e-01
1.6406370699e-01
6.3334691525e-01
-2.7462766171e+00
-2.8749668598e+00
-2.1496012211e+00
-1.7450810671e+00
-9.7027504444e-01
-7.6357042789e-01
-1.0473276377e+00
-1.0570284128e+00
-3.6107819080e+00
-2.4048931599e+00
-1.5037640333e+00
2.3161110282e-01
1.6274092197e+00
2.3922986984e+00
-1.4388220310e+00
-1.3663773537e+00
-1.6503793001e+00
-1.0167391300e+00
-1.0550634861e+00
-1.2368565798e+00
-8.9723986387e-01
2.5226852894e+00
-1.5258571506e-01
3.2664785385e+00
-1.4976996183e-01
6.4095840454e+00
1.0583986044e+00
7.1132926941e+00
3.5125470161e+00
2.7732515708e-02
1.1466913223e+00
-6.3462442160e-01
7.9114091396e-01
1.6233524084e+00
1.6933951378e+00
-1.9923138618e+00
-6.1200603843e-02
-8.6127556860e-03
1.5607703924e+00
3.0455613136e-01
1.2670586109e+00
4.3526120484e-02
-3.9271914959e-01
-1.3676866889e-01
-6.6644638777e-02
1.4273701608e-01
3.2988655567e-01
-5.6663388014e-01
-7.2745144367e-01
-2.6716938019e+00
-3.3184976578e+00
-4.7683248520e+00
-1.9612900019e+00
2.4321947098e+00
3.7553594112e+00
3.7146759033e+00
-1.4860699177e+00
-2.8582234383e+00
-2.7872891426e+00
-2.7861056328e+00
2.7888691425e-01
1.3437818289e+00
1.3745502234e+00
-2.1601903439e+00
-1.9511103630e+00
-1.8111675978e+00
-1.7409055233e+00
-1.7878406048e+00
-1.7749160528e+00
-1.2352324724e+00
3.9094607830e+00
4.4921875000e+00
3.8348305225e+00
5.4925179482e+00
3.0091683865e+00
4.8061814308e+00
4.3427062035e+00
-2.2703418732e+00
-2.7594749928e+00
-1.5005508661e+00
-2.3466951847e+00
2.3873770237e+00
7.8718918562e-01
-8.5992324352e-01
1.3945915699e+00
-3.3493819237e+00
-5.7060227394e+00
-5.2611625195e-01
-1.2365701199e+00
3.0758383274e+00
2.5258632377e-02
3.1409578323e+00
3.2764883041e+00
2.4716627598e+00
1.9973394871e+00
6.3432812691e-01
-1.4177796841e+00
-3.1085102558e+00
-3.1823725700e+00
-3.3576860428e+00
-2.3628420830e+00
-1.8467109203e+00
-1.6618676186e+00
-9.0472471714e-01
3.5175052285e-01
-6.8574794568e-03
7.4426376820e-01
9.6328395605e-01
1.1226683855e+00
1.4349268675e+00
2.6940519810e+00
6.3632650375e+00
-5.0608807802e-01
-2.7949580550e-01
-3.4534519911e-01
-1.4499174058e-01
-1.6713158786e-01
-3.6780580878e-01
8.0612991005e-03
-5.6349749565e+00
-2.7734258175e+00
-3.0929534435e+00
5.5994468927e-01
6.0168087482e-01
1.2890657187e+00
8.2381474972e-01
-3.7369886041e-01
-4.1764208674e-01
-5.8194331825e-02
-2.5688150525e-01
4.7485891730e-02
-2.3863625526e-01
3.0530217290e-01
7.4040807784e-02
5.5022493005e-02
-2.4458209518e-03
-2.7266578749e-02
-8.2549802959e-02
-2.8088392690e-02
1.0630510747e-01
-2.6786503792e+00
-2.2395672798e+00
-3.8729355335e+00
-5.7199716568e+00
-6.3231239319e+00
-5.1982861757e-01
3.7894524634e-02
3.0921268463e-01
2.1883022785e-01
6.4560301602e-02
7.5157687068e-02
3.6065880209e-02
-5.9063702822e-02
8.6241409183e-02
-1.2333375216e+00
1.4513853788e+00
-1.4806095362e+00
-2.8527035713e+00
-3.0509126186e+00
-3.4367821217e+00
-1.1205645800e+00
-6.2439060211e-01
-2.7857539654e+00
-7.7336950302e+00
-7.1079759598e+00
-3.5395278931e+00
-4.1769089699e+00
-2.9383995533e+00
-5.1954264641e+00
-5.6995506287e+00
-1.0527827740e+00
1.5671293437e-01
1.3079603910e+00
8.9397871494e-01
-3.6929342896e-02
-9.5016565323e+00
-8.3736362457e+00
-2.0209474862e-01
4.0731996298e-01
3.5184508562e-01
3.5112567246e-02
1.6852609813e-01
-3.3626338840e-01
-3.9214372635e-01
-2.2529174387e-01
9.9464756250e-01
-7.1680784225e-01
2.3823177814e+00
-1.4599245787e+00
-4.1170940399e+00
-4.0068733692e-01
1.7529231310e+00
5.7045239210e-01
5.0963789225e-01
4.6960368752e-01
1.0153852701e+00
2.7117304802e+00
1.1868845224e+00
8.3249747753e-01
2.9780125618e+00
2.2859585285e+00
3.5819346905e+00
2.0206761360e+00
-2.8509097099e+00
-5.1903921366e-01
1.2358134985e-01
9.0175829828e-02
-9.2891253531e-02
-2.7580162883e-01
-3.4454470873e-01
3.0094686151e-01
-1.0784961283e-01
-7.8269165754e-01
6.0093797743e-02
1.9436879456e-01
-1.1323045492e+00
-2.0689830780e+00
-1.2474832535e+00
-2.9720134735e+00
1.0114473850e-01
4.2834839225e-01
-3.4725695848e-01
1.8567148447e+00
9.7780078650e-01
-5.9856677055e+00
-7.9866714478e+00
-8.1876907349e+00
-3.9436316490e+00
-4.2706060410e-01
3.6356660724e-01
-9.7443558276e-02
-2.7889376879e-01
8.4987869486e-03
-3.0104893446e-01
-4.8769870400e-01
-1.8131299317e-01
-4.7948952764e-02
-1.5741282701e-01
-5.3541833162e-01
-5.9355995618e-03
-2.2019398212e-01
9.5267102122e-02
-8.8484302163e-02
-1.8623474836e+00
-4.7070112228e+00
7.3349642754e-01
-3.7867620122e-03
-3.9420969784e-02
-1.1089005321e-01
2.2717809677e-01
1.2979088724e-01
2.3019704223e-01
-3.5285997391e+00
-3.1497309208e+00
-9.1065454483e-01
-3.9223331213e-01
1.2228523493e+00
9.8994964361e-01
-2.8508344293e-01
9.2460858822e-01
4.6645185351e-01
3.6827489734e-01
3.7334766239e-02
-2.7923614979e+00
-4.8696217537e+00
-5.0658283234e+00
-7.2600269318e+00
-1.8817476034e+00
5.2699315548e-01
1.6017225981e+00
2.9342074394e+00
3.1982715130e+00
2.8847587109e+00
-1.6131833196e-02
5.7166822255e-02
3.4478023648e-01
-7.2914436460e-02
-5.4724893570e+00
-5.0105118752e+00
-6.0946202278e+00
8.4523159266e-01
3.9112040401e-01
4.1821468621e-02
-9.6262596548e-02
-5.3691789508e-02
1.8293021619e-01
-1.1263680458e+00
-1.9771932364e+00
-1.2888880968e+00
-2.4918907881e-01
-1.8226096630e+00
-1.2971301079e+00
-1.4311449528e+00
-1.9562805891e+00
-9.8977403641e+00
-1.6342817545e+00
-3.1087076664e-01
-1.7163068056e-01
1.9691729546e-01
1.6749896109e-01
-1.2690120935e-01
1.3077905178e+00
1.9980251789e+00
1.3300495148e+00
2.2491636276e+00
1.3938093185e+00
2.5572972298e+00
1.1900707483e+00
4.1495221853e-01
5.6393718719e-01
4.6892991662e-01
2.3337879777e-01
2.7669659257e-01
4.7002419829e-01
4.8633042723e-02
9.9419856071e-01
1.0617442131e+00
7.1533137560e-01
1.3002579212e+00
4.5382764935e-01
6.4116734266e-01
1.5483002663e+00
1.2115749121e+00
1.4364819527e+00
1.8105158806e+00
1.3286076784e+00
1.4402717352e+00
-8.2231843472e-01
-2.4191571772e-01
-2.0425150394e+00
-3.9094319940e-01
1.3844057918e-01
2.8569865227e-01
1.4009240270e-01
9.2721617222e-01
5.7746499777e-01
-5.3830676079e+00
-5.7666296959e+00
-1.4500854015e+00
1.1180259287e-02
6.8337470293e-02
1.3513218611e-02
1.3774716295e-02
1.3172991574e-01
5.8657258749e-01
3.2361832261e-01
5.4745107889e-01
2.3223404586e-01
5.6661123037e-01
3.0255609751e-01
-2.5929543972e+00
9.1144353151e-01
-1.3119980097e+00
-8.9177316427e-01
2.5595891476e+00
1.4023908377e+00
1.9441511631e+00
4.2094674706e-01
7.0396018028e-01
6.2435233593e-01
2.2627970576e-01
-2.7925066948e+00
-4.3520340919e+00
-7.1614675522e+00
9.6961414814e-01
3.1042655464e-03
-2.8950387239e-01
8.4861481190e-01
-4.9073138833e-01
2.7586376294e-02
8.1913137436e-01
-7.3792976141e-01
-1.9528816640e-01
1.7929834127e+00
-2.9899702072e+00
-2.6122164726e+00
-8.9359169006e+00
-4.3215618134e+00
-3.0798283219e-01
-3.1317564845e-01
-2.3028631508e-01
3.1455451250e-01
3.8786730170e-01
1.8492089510e+00
-2.2120397091e+00
-1.7716333270e-01
-4.0371146053e-02
-2.5001555681e-02
-6.0438014567e-02
-9.4930827618e-02
-3.0207801610e-02
4.5608688146e-02
2.9904857278e-01
5.4264503717e-01
7.2959762812e-01
4.1823345423e-01
2.7745497227e-01
-2.2582101822e-01
-1.7230847478e-01
-1.4072725773e+00
-1.3392227888e+00
-1.6136901379e+00
-1.0008763075e+00
-1.6750010848e-01
-1.4310155809e-01
-1.4754755795e-01
3.6570876837e-01
1.1298463345e+00
-9.2369347811e-02
1.8275922537e+00
2.7641227245e+00
-5.9083777666e-01
2.1508497000e-01
-6.7207711935e-01
-1.6906823218e-01
1.0807471350e-02
2.2846603394e-01
2.2434964776e-01
1.4941841364e-01
-3.4264236689e-01
5.4612565041e-01
-6.7281329632e-01
1.8962422013e-01
-3.7833440304e-01
1.7674729824e+00
1.2516497374e+00
1.3380286694e+00
-2.1958990023e-02
-4.4411551207e-03
-1.1133043095e-02
-4.9513736740e-03
-8.9293615893e-03
2.6728564873e-02
6.0524996370e-02
2.3116722107e+00
2.1262514591e+00
1.9577178955e+00
8.6619055271e-01
1.2190415859e+00
1.2701704502e+00
3.0236241221e-01
-8.8481165469e-02
-2.7467602491e-01
-3.2512170076e-01
3.2408875227e-01
1.6203315556e-01
-2.0813817978e+00
-5.4492459297e+00
4.4466984272e-01
5.5817013979e-01
1.7204590142e-01
3.3684011549e-02
-2.9059381485e+00
-9.0989112854e+00
-1.0261240959e+01
-9.2061525583e-01
-2.0778067410e-02
-8.5113739967e-01
6.2737393379e-01
-6.1093008518e-01
-1.3501218557e+00
-1.4084615707e+00
1.0635712147e+00
8.7947618961e-01
7.3183894157e-01
4.5042526722e-01
-9.0457670391e-02
-3.5412788391e-01
-3.6694669724e-01
-5.0188708305e-01
-3.8043045998e-01
-1.7279065847e+00
2.1393506229e-01
-3.9308197498e+00
1.0287748575e+00
-3.2049648762e+00
-1.2790501118e+00
-1.2205855846e+00
1.9667283297e+00
8.8665896654e-01
1.8617932796e+00
-5.5743157864e-01
1.0698515177e+00
-4.3692767620e-02
2.1163955331e-01
2.1212315187e-02
-3.1445971131e-01
-6.9425189495e-01
-7.3329968452e+00
-5.0425004959e+00
3.4462038428e-02
1.5534497797e-01
1.3573308289e-01
2.6465955377e-01
-1.1100877523e+00
-8.4075737000e+00
-1.2481583595e+01
-1.1272244155e-01
6.6095793247e-01
1.2377655506e+00
-5.8013421297e-01
1.6265797615e-01
-3.1260786057e+00
-4.0270371437e+00
8.3242225647e-01
4.6503144503e-01
5.3068500757e-01
-4.4255414605e-01
-1.1302928925e+00
3.6803176999e-01
-1.9764228165e-01
-5.6334239244e-01
-8.0635450780e-02
1.2794066966e-01
3.1277361512e-01
2.4890325963e-01
3.3261057734e-01
6.4417593181e-02
-8.4385770559e-01
7.4533385038e-01
1.2462106943e+00
2.0717999935e+00
1.7215523720e+00
3.2082450390e+00
3.1078670025e+00
-3.0552041531e-01
-5.6337201595e-01
1.1087814569e+00
2.0818080902e+00
1.0663696378e-01
-4.3965971470e-01
8.7484592199e-01
-3.5546502471e-01
1.1458643675e+00
-3.5539695621e-01
2.3423694074e-01
-1.3796830550e-02
-8.0595843494e-02
4.7230762243e-01
-2.8673892021e+00
-1.8731540442e+00
-2.9514405727e+00
-2.9264452457e+00
-2.3476464748e+00
-1.6134195030e-01
5.5147570372e-01
7.8834772110e-02
9.3342065811e-03
2.4191540480e-01
2.9647395015e-01
3.2297471166e-01
4.2110544443e-01
2.2638586164e-01
-1.9416725636e-01
2.2336611152e-01
1.6638778150e-01
-7.6393020153e-01
-2.7288465500e+00
-5.9358549118e+00
-3.5668582916e+00
4.2587825656e-01
3.7000110745e-01
2.2837436199e-01
2.1478609741e-01
1.8083851039e-01
8.6498402059e-02
5.2061498165e-02
2.2722184658e-01
1.0152507573e-01
1.8052633107e-01
3.3278170228e-01
7.4769157171e-01
6.3995373249e-01
-3.5123221576e-02
3.9095339179e-01
1.2152328491e+00
1.1440564394e+00
1.8434388936e-01
-5.0361925364e-01
-1.9320775568e-01
-2.1470905840e-01
-6.9640100002e-02
1.2107950449e-01
-5.0468955189e-02
1.8604233861e-01
-2.9073286057e-01
-1.3166494668e-02
-5.1570564508e-01
4.8756771088e+00
5.1826601028e+00
2.4575886726e+00
1.3439128399e+00
2.1445741653e+00
4.5995619893e-01
-9.9995416403e-01
4.2849484086e-01
3.9927157760e-01
4.7302886844e-01
5.6398320198e-01
2.1579362452e-01
4.2774114013e-01
5.0044858456e-01
4.3349680901e+00
5.8415918350e+00
5.1311655045e+00
1.8147276640e+00
8.3369284868e-01
7.0816415548e-01
1.7403998971e-01
3.3927550912e-01
9.4114504755e-02
3.5825324059e-01
1.7651337385e-01
6.5129983425e-01
-1.0298870802e+00
-2.6608881354e-01
5.9854549170e-01
4.3839111924e-01
1.8049241304e+00
1.2288500071e+00
4.3236408234e+00
-1.0789538622e+00
-1.9401693344e+00
-1.8099460006e-01
1.2121255398e+00
1.3855201006e-01
-3.5073343664e-02
-2.8189030290e-01
-6.8408960104e-01
-6.1691337824e-01
-5.3837733269e+00
-4.4200325012e+00
-2.6687834263e+00
-1.9229899645e+00
3.4763116837e+00
3.6490833759e+00
4.7916722298e+00
2.1063182354e+00
5.9346747398e-01
-5.4843431711e-01
-3.9466865063e+00
-3.6381464005e+00
-5.2403998375e+00
-2.8628580570e+00
1.7062891722e+00
3.2453772426e-01
-1.7975629568e+00
-1.6007065773e+00
-3.6265131831e-01
-1.4411960542e-01
2.0433729887e-01
1.2460485697e+00
6.8794578314e-01
7.2612011433e-01
3.4879866242e-01
6.7114788294e-01
1.4199069142e-01
1.0777267218e+00
-1.4629063010e-01
-3.0169842243e+00
-2.2217205167e-01
-3.4403967857e+00
-1.0516102314e+00
2.0400924683e+00
2.9481880665e+00
1.9325447083e+00
2.2151448727e+00
7.7600657940e-01
1.2195553780e+00
-8.3315414190e-01
-2.1869242191e+00
-1.5965106487e+00
4.7624242306e-01
1.2742692232e-01
9.4621115923e-01
5.4585552216e-01
9.1547620296e-01
6.7403542995e-01
1.6790676117e-01
2.0824437141e+00
1.6696132421e+00
1.5545624495e+00
3.1578297615e+00
1.5678445101e+00
1.5006011724e+00
2.1948275566e+00
-3.4418327808e+00
-3.2362673283e+00
-1.3689549267e-01
-1.2009891272e+00
3.4481576085e-01
-1.4467316866e+00
1.7867423296e+00
-5.9606486559e-01
1.0526323318e+00
4.1700524092e-01
2.3177076131e-02
3.5256895423e-01
-4.0127700567e-01
-7.1701312065e-01
7.9916411638e-01
3.7725138664e-01
4.5090875030e-01
4.1885483265e-01
-1.2972264290e+00
-2.2657294273e+00
-2.5582318306e+00
-2.2785267830e+00
-2.8883395195e+00
-3.8867318630e-01
-3.1834524870e-01
6.6482841969e-01
1.6656674147e+00
4.2112469673e+00
7.0122849941e-01
1.4864204824e-01
-6.1799705029e-01
1.9871766865e-01
2.5816681981e-01
-9.4094091654e-01
-1.4430625439e+00
7.1481537819e-01
5.7570439577e-01
-4.0817435831e-02
-1.4070756733e-01
2.7680467814e-02
8.5161012411e-01
5.4790073633e-01
-6.2666499615e-01
1.1670513153e+00
-4.1413598061e+00
-4.8834543228e+00
-3.2595379353e+00
-1.4613152742e+00
1.9110069275e+00
-3.8881053925e+00
-2.5741155148e+00
-5.5690546036e+00
-3.3308043480e+00
-1.9637339115e+00
-2.1401190758e+00
8.1826812029e-01
2.4022417068e+00
3.9500179887e-01
-1.2439426035e-01
-3.5199084878e-01
-2.1501922607e-01
-4.2429342866e-01
-1.8294322491e+00
2.1540431976e+00
3.8106694221e+00
2.3659186363e+00
2.0884294510e+00
2.6581377983e+00
3.6368541718e+00
4.9592227936e+00
-1.2974819541e-01
3.0216956139e-01
7.0015996695e-01
6.4383596182e-01
1.0155308247e+00
4.4598880410e-01
9.3583124876e-01
2.9011088610e-01
8.4891550243e-02
6.5267086029e-01
-3.1385764480e-02
1.6401407719e+00
-4.0465185046e-01
-2.3099844158e-01
1.4547325373e+00
7.8620010614e-01
-1.0012456179e+00
-1.0599045753e+00
-6.2621390820e-01
-2.8259401321e+00
-9.1686829925e-02
5.1605701447e-01
1.4133268595e+00
1.3504596055e-01
-2.8256452084e+00
-2.7153747082e+00
-2.5308573246e+00
-1.1449539661e+00
3.6982411146e-01
3.8200184703e-01
2.3511148989e-01
4.2317207903e-02
-4.8786160350e-01
-1.7772917747e+00
-2.2443914413e+00
-2.5600567460e-01
8.9242917299e-01
-9.8673355579e-01
-2.8505122662e-01
-1.0066312551e+00
4.9478739500e-01
-4.0520879626e-01
7.2440636158e-01
1.5277673304e-01
8.2061570883e-01
8.9922833443e-01
9.3066704273e-01
1.9208488464e+00
1.0366916656e+00
1.9294047356e+00
3.3249328136e+00
1.9634674788e+00
1.2987975776e-01
1.4692265987e+00
2.0603804290e-01
4.7082218528e-01
3.0225262046e-01
-5.5061537027e-01
-8.3725827932e-01
-3.6242785454e+00
-3.3256506920e+00
-1.0648264885e+00
5.9695208073e-01
4.7349643707e+00
4.7437362671e+00
2.7332391739e+00
1.5074042082e+00
1.1196637154e+00
1.9226280451e+00
6.4299178123e-01
-7.5582590103e+00
-5.3282270432e+00
-4.6132850647e+00
-1.2255953550e+00
6.0245639086e-01
1.4832291603e+00
2.8664352894e+00
5.8227145672e-01
6.4852935076e-01
1.3005509041e-02
-1.0361421108e+00
-1.4816689491e+00
-1.8223351240e+00
-1.1491550207e+00
-8.9014284313e-02
-3.9001095295e-01
5.0959545374e-01
1.4340604842e-01
7.9137510061e-01
6.9522053003e-01
2.0998599529e+00
-9.1172251850e-03
4.1450074315e-01
-9.9783509970e-02
1.7494775355e-01
1.7674659193e-01
4.7146597505e-01
-1.4300689697e+00
-1.0922314227e-01
-1.6157864332e+00
-1.0737005472e+00
-3.2915694714e+00
-8.0616629124e-01
1.3217263222e+00
5.5099987984e-01
-2.3310079575e+00
-2.4201269150e+00
-2.3345019817e+00
-2.5827853680e+00
-2.6657712460e+00
-2.3420355320e+00
-2.1493248940e+00
3.0791532993e+00
4.0852742195e+00
1.7217104435e+00
1.0459570885e+00
7.2933316231e-01
-1.4752635360e-01
-3.5121160746e-01
-3.3018058538e-01
-1.9763144851e-01
-5.2401298285e-01
-1.4460088015e+00
-1.5532594919e+00
-1.0729830265e+00
-5.3782922029e-01
4.1014428139e+00
3.1182136536e+00
3.5354530811e+00
3.6339881420e+00
4.0802717209e+00
2.2503397465e+00
7.4069805145e+00
-6.4946875572e+00
-6.8280510902e+00
-5.3727235794e+00
-3.0040419102e+00
-3.7175562978e-01
1.4006118774e+00
2.8852465153e+00
-6.7713513374e+00
-4.7636818886e+00
-4.1598482132e+00
-2.5195372105e+00
1.9276362658e+00
2.4954311848e+00
1.6164057255e+00
1.9416710138e+00
9.1250985861e-01
-1.3423528671e+00
-3.7163436413e+00
-2.3919723034e+00
-2.7909953594e+00
1.3450381756e+00
2.1865405142e-01
-3.3288720250e-01
4.1013869643e-01
5.7076084614e-01
-1.4286169410e-01
6.3314831257e-01
5.2719372511e-01
-1.8616917729e-01
-2.1504735574e-02
1.8103392124e+00
6.8048489094e-01
5.2934098244e+00
1.5545514822e+00
4.6396780014e+00
1.7006832361e+00
-1.9883310422e-02
6.0979896784e-01
1.0043791682e-01
1.7291035652e+00
2.6207580566e+00
2.9199190140e+00
-4.0587759018e+00
-3.2428171635e+00
-3.6916267872e+00
-1.6646358967e+00
-1.9672069550e+00
2.7493386269e+00
2.9770488739e+00
-7.5210781097e+00
-4.7521214485e+00
-3.3662538528e+00
-1.1867500544e+00
-4.4512552023e-01
5.3820896894e-02
5.9159803391e-01
-7.4389511347e-01
-3.1643431187e+00
-2.1067900658e+00
-1.4783935547e+00
3.7727165222e+00
6.0723872185e+00
4.2695417404e+00
2.0956785679e+00
8.6444658041e-01
-2.9089853764e+00
-3.7769026756e+00
-2.7100291252e+00
8.8727128506e-01
-4.4892603159e-01
-2.2792770863e+00
-2.1987330914e+00
-2.2000553608e+00
-2.0809783936e+00
-2.4745719433e+00
-2.3946330547e+00
-2.3757884502e+00
5.5650287867e-01
9.2150596902e-03
1.0733309984e+00
1.9387265444e+00
4.0264739990e+00
4.1513237953e+00
4.3150482178e+00
-1.5977022648e+00
-1.3214825392e+00
-6.2538683414e-01
-6.3014709949e-01
3.1876504421e-02
7.5978887081e-01
8.2185763121e-01
7.2239041328e+00
-1.3945897818e+00
3.3268072605e+00
-1.6655617952e+00
-1.4098578691e+00
-5.9888970852e-01
-9.5185607672e-01
2.0911383629e+00
3.3222167492e+00
3.7136914730e+00
1.8889697790e+00
1.0982280970e+00
6.4432680607e-01
-7.1784496307e-01
5.5184233189e-01
1.4230374098e+00
-2.0075421035e-01
1.3309320807e-01
4.9741336703e-01
-1.0347823054e-01
8.1041979790e-01
-2.6441395283e+00
-1.6174238920e+00
2.4828460813e-01
9.0400779247e-01
1.9340170622e+00
3.2431437969e+00
3.5453333855e+00
6.1184749939e-04
-5.1286024973e-03
-8.4484331310e-02
3.1532436609e-01
2.8679808974e-01
3.5042667389e-01
4.2204953730e-02
8.6971044540e-01
9.7477596998e-01
-3.2539584637e+00
-5.3713903427e+00
-3.1421158314e+00
1.1340366602e+00
2.8451819420e+00
-2.4368367195e+00
-1.0432893038e+00
-9.9941772223e-01
2.6880095005e+00
3.0175695419e+00
1.5476329327e+00
6.4796674252e-01
1.5811605752e-01
3.8187999278e-02
1.0878141224e-01
1.4569373429e-01
8.4459267557e-02
2.5030922145e-02
-2.0109479129e-01
-3.5605039597e+00
-7.2687786818e-01
3.6461654305e-01
3.9876306057e+00
4.3833475113e+00
2.2908625603e+00
6.7474234104e-01
5.0357329845e-01
4.5042395592e-01
4.7035750747e-01
3.7505170703e-01
3.1245642900e-01
2.8704562783e-01
3.2391396165e-01
-4.8299641609e+00
-2.2200479507e+00
-8.1003570557e-01
2.2433817387e+00
1.8411315680e+00
9.8403507471e-01
4.0444493294e+00
-4.1068028659e-02
6.4909273386e-01
-1.9712504745e-01
2.9517450929e-01
-7.4326598644e-01
1.7542198896e+00
1.1879014969e+00
2.9163667932e-02
1.3761843741e-01
-1.0380630493e+00
-1.9416487217e-01
4.4425284863e-01
1.0472561121e+00
6.3632407188e+00
1.9606170058e-01
7.1216666698e-01
5.9260308743e-01
8.0488932133e-01
7.2268098593e-02
8.5701860487e-02
1.1358263344e-01
-1.8283629417e-01
1.3314778805e+00
-3.9466381073e+00
-2.1295807362e+00
-6.8412876129e+00
2.1326832473e-01
2.7089300156e+00
1.4002062082e+00
1.4903726578e+00
5.6743621826e-01
4.9008426070e-01
3.4065443277e-01
1.3694857061e-01
-1.9715349674e+00
2.2795563936e-01
-2.8253200650e-01
-2.7120819092e+00
-3.2723252773e+00
-4.0883703232e+00
-3.9151010513e+00
-2.4057285786e+00
3.4554860592e+00
1.9539781809e+00
1.2339801788e+00
9.7305083275e-01
5.0622063875e-01
4.1959026456e-01
8.2573145628e-02
4.0218394250e-02
3.9298415184e-01
-7.2761368752e-01
-3.9505665302e+00
-3.7776911259e+00
-4.1953516006e+00
-3.3873155117e+00
-1.7764922380e+00
-1.4329820871e+00
-5.4882442951e-01
6.0576236248e-01
2.9258427024e-01
1.0483759642e+00
3.9466845989e-01
-1.8642358482e-01
5.8591687679e-01
2.3609858751e-01
7.9389578104e-01
1.1533178091e+00
8.2551640272e-01
5.6349462271e-01
6.4824980497e-01
9.7351515293e-01
1.1470352411e+00
5.5290508270e-01
1.4871801250e-02
9.7718685865e-01
2.7601113915e-01
1.0301576853e+00
4.0997198224e-01
2.9896708205e-02
-9.2399233580e-01
-6.1012935638e+00
-6.1982669830e+00
-4.7724089622e+00
3.6211428046e-01
3.0065673590e-01
1.1785303056e-01
8.7681286037e-02
1.9839690626e-01
1.0235626996e-01
-2.1525137126e-01
-2.0181953907e+00
-1.2362376451e+00
-1.2743030787e+00
3.6235368252e-01
6.0122233629e-01
1.6643586755e-01
-7.0009309053e-01
-7.8778910637e-01
-1.7781738043e+00
-2.8957171440e+00
-2.3610107899e+00
-2.2678561211e+00
-1.6812435389e+00
-2.0581343174e+00
-3.3809147775e-02
2.2344553471e+00
-1.4746807516e-01
1.2376894951e+00
-2.5482358932e+00
-1.5912642479e+00
-1.7046344280e+00
-3.1955420971e-01
-1.2498502731e+00
-2.3576760292e+00
-7.7853918076e-01
-2.6873073578e+00
-6.7690432072e-01
-1.4187369347e+00
1.6305651516e-02
5.0354743004e-01
5.3240782022e-01
1.1143202782e+00
-2.0923688412e+00
-3.7204415798e+00
-6.8612651825e+00
-6.5087383986e-01
-1.6514704227e+00
-1.8237327337e+00
4.5057162642e-03
-3.3264937401e+00
1.2426114827e-01
-2.7118532658e+00
2.3993017673e+00
7.5533765554e-01
6.7216724157e-01
2.6359364390e-01
-5.9273058176e-01
-7.5094068050e-01
-9.4204151630e-01
-2.3116512299e+00
-4.3606248498e-01
-1.1526650935e-01
5.2571338415e-01
-3.4187832475e-01
-2.4506958202e-02
-1.6149269342e+00
-1.8617594242e-01
-4.5265656710e-01
-2.6757112145e-01
-1.3781499863e-01
-4.0604031086e-01
5.0867222250e-02
-3.4480693936e-01
-4.6159508824e-01
2.6093545556e-01
7.4701863527e-01
1.2300366163e+00
1.3317869902e+00
2.3185517788e+00
1.3445172310e+00
3.9449459314e-01
1.2623171806e+00
1.5245915651e+00
3.9661890268e-01
-6.5463685989e-01
-5.8850580454e-01
1.1912153959e+00
-6.2982040644e-01
-5.8314913511e-01
1.0857148170e+00
-2.8273293376e-01
-6.1144578457e-01
-8.6241263151e-01
-3.6975526810e+00
-2.5642435551e+00
-9.4274073839e-01
-3.9001941681e-01
-4.9937206507e-01
1.0922692716e-01
2.6136755943e-01
2.2698602080e-01
8.1535488367e-02
3.9367967844e-01
-9.0323847532e-01
-4.0693768859e-01
5.1626366377e-01
-5.8093592525e-03
-3.8546258211e-01
-1.6716548204e+00
1.8376480043e-01
-1.0745099783e+00
-1.3084989786e+00
-2.4339382648e+00
-2.4697859287e+00
-9.6454030275e-01
1.8355419636e+00
2.1417150497e+00
1.7341192961e+00
2.6008200645e+00
1.9462783337e+00
2.6590483189e+00
3.2382860184e+00
-7.7928468585e-02
4.7994780540e-01
3.2609781623e-01
-2.3440735042e-01
-9.2450803518e-01
-2.5959901810e+00
-3.7309727669e+00
-1.6115826368e+00
-1.2890541553e+00
-9.5223420858e-01
1.8682017326e+00
3.0228357315e+00
4.5010519028e+00
3.1853499413e+00
4.1379573941e-01
1.4123655856e-01
-7.7023398876e-01
-4.5151629448e+00
-6.6229863167e+00
-5.3630528450e+00
-3.2255582809e+00
-2.9836615920e-01
-2.3351013660e-01
-9.8454035819e-02
1.0319735855e-02
1.0782983899e-01
5.9403780848e-02
-3.3457282186e-01
-2.0583260059e-01
3.3224833012e-01
-2.2859429941e-02
9.4614967704e-02
-3.1022840738e-01
-5.6903354824e-02
8.6907172203e-01
-2.0048856735e+00
-1.9447282553e+00
-7.4074387550e-02
7.7041268349e-01
-8.8489031792e-01
-2.8333979845e-01
1.1167571694e-01
-1.6505262852e+00
-1.9846078157e+00
-2.9516315460e+00
-6.4383025169e+00
-4.7527856827e+00
-1.9417632818e+00
1.0676587820e+00
-1.1279782057e+00
-9.5687323809e-01
-6.9872802496e-01
-5.4681038857e-01
-2.5145345926e-01
-5.7177555561e-01
-2.0876729488e+00
2.5409355164e+00
-8.5578519106e-01
1.4948594570e+00
3.2981016636e+00
2.5821719170e+00
-3.4843730927e-01
-2.1317663193e+00
-5.0410903990e-02
5.2701588720e-03
1.4276239090e-02
4.8895783722e-02
1.3074427843e-01
-2.0611740649e-02
-3.6284595728e-01
-1.8226325512e+00
-3.1663086414e+00
-3.3599228859e+00
-4.4573173523e+00
-5.5037980080e+00
-4.9054946899e+00
-2.8122520447e+00
-1.4069373906e-01
-2.2310794890e-01
-5.4288957268e-02
-1.6918525696e+00
-5.7936110497e+00
-5.9019951820e+00
-4.6200585365e+00
-6.3240462542e-01
3.1493571401e-01
-1.9418252707e+00
-2.8446857929e+00
-3.9192588329e+00
-2.7260959148e+00
5.6596690416e-01
1.6019232273e+00
2.1483376026e+00
1.1488473415e+00
-2.5311425328e-01
-1.1857793331e+00
-3.6052587032e+00
-5.8667354584e+00
3.6382514238e-01
7.7568101883e-01
5.7194018364e-01
7.1046775579e-01
8.9904099703e-01
1.0974980593e+00
1.0482170582e+00
3.7856915593e-01
1.3437916040e+00
-4.0524258614e+00
-5.1562613249e-01
-2.1848802567e+00
-1.9683718681e-01
-2.1973128319e+00
-7.2575300932e-01
-1.5964208841e+00
2.0068287849e+00
1.2122993469e+00
2.6533024311e+00
-2.3374651372e-01
1.3053903580e+00
6.0039383173e-01
-3.0812227726e-01
-1.9749352708e-02
-4.3493337631e+00
-9.6563184261e-01
-5.3967571259e-01
3.8055762649e-01
-1.1990869790e-01
-2.1633067727e-01
-9.5449221134e-01
-4.0567412376e+00
-3.3627820015e+00
-1.5271048546e+00
1.0905412436e+00
1.2567692995e+00
1.2846926451e+00
-1.8813582659e+00
-2.9804813862e+00
-3.3774552345e+00
-4.7510643005e+00
-4.4668259621e+00
-1.2040283531e-01
1.4352642298e+00
3.8100266457e-01
8.7065124512e-01
-9.2627060413e-01
-2.9896912575e+00
-7.8332595825e+00
-3.1092309952e-01
-2.5952127576e-01
-2.4134337902e-01
-6.8577325344e-01
-5.6928980350e-01
-3.5222968459e-01
-6.7060875893e-01
-1.7511224747e+00
-2.1379373074e+00
-3.3560273647e+00
-4.0621252060e+00
-5.3410062790e+00
-5.5456581116e+00
-3.8755323887e+00
-5.1605653763e-01
-7.8080755472e-01
-1.1845884323e+00
-4.0038201213e-01
1.9210765362e+00
1.4205349684e+00
1.5437504053e+00
1.9032937288e+00
-1.4730283022e+00
2.3058400154e+00
6.3065126538e-02
1.7614587545e+00
-1.1821116209e+00
9.3539077044e-01
-5.3123612404e+00
-3.4327352047e+00
1.1035466194e+00
4.6006565094e+00
2.8188185692e+00
1.9320881367e+00
8.1478649378e-01
-1.0773625374e+00
-1.2622468472e+00
-1.1141194031e-02
-2.3846000433e-01
3.0378636718e-01
7.9129999876e-01
-1.3160769641e-01
-1.5728312731e-01
-1.8862633705e+00
-2.6841659546e+00
-2.9446566105e+00
-1.0318372250e+00
-1.9156273603e+00
-8.5634315014e-01
3.5302707553e-01
7.9849314690e-01
6.7072594166e-01
6.1773049831e-01
3.0976969004e-01
1.7425866425e-01
-1.7942748964e-01
5.2715092897e-01
4.7810056806e-01
7.1237713099e-01
8.7854021788e-01
-8.6462539434e-01
-2.6727445126e+00
-3.0073051453e+00
-1.2419512272e+00
-1.0832161903e+00
2.5921707973e-02
5.9245157987e-02
-1.7397379875e+00
-1.0911172628e+00
-5.5130690336e-01
-1.7791633308e-01
-6.4266681671e-02
-1.1136984080e-01
-8.8566586375e-02
-3.3468395472e-02
7.0469208062e-02
1.8296173215e-01
2.9616954327e+00
2.1431457996e+00
2.2413261235e-01
1.0775241852e+00
-1.7333421707e+00
-2.3665537834e+00
-3.9821498394e+00
6.7808622122e-01
6.1237740517e-01
2.8303071856e-01
3.5696250200e-01
3.2759976387e-01
2.5365307927e-01
1.3719305396e-01
4.4987492561e+00
3.8890664577e+00
3.7260463238e+00
2.9503004551e+00
2.6955437660e+00
8.9327180386e-01
-9.5167768002e-01
4.0347862244e-01
7.1247130632e-01
4.0512865782e-01
-2.3133839667e-01
-8.4848874807e-01
-9.4214862585e-01
-1.4032835960e+00
-2.8496605158e-01
-3.5025937557e+00
-4.4203610420e+00
-2.6779217720e+00
-2.2596192360e+00
-4.7641377449e+00
-2.7000620365e+00
-2.0578658581e+00
-1.7963515520e+00
-1.7947704792e+00
-2.1551985741e+00
-1.8318303823e+00
-1.5532141924e+00
8.8309891522e-02
-5.0577646494e-01
-1.6631157398e+00
-1.9658136368e-01
-9.2064881325e-01
1.7400579453e+00
-2.3031089306e+00
3.5026147366e+00
1.4797252417e+00
-2.1533524990e-01
2.2998971939e+00
-2.3047983646e+00
-2.4071841240e+00
6.0549384356e-01
2.3987057805e-01
-2.8136811256e+00
-4.7003436089e+00
-2.8964893818e+00
-1.6043416262e+00
1.7560387850e+00
1.9497994184e+00
3.1178510189e+00
-6.5227937698e+00
-6.7498540878e+00
-4.8301506042e+00
-4.2182154655e+00
-3.2992753983e+00
-9.2409640551e-01
2.4682380259e-01
-3.9958209991e+00
-2.3844356537e+00
-5.8734512329e-01
-1.0392713547e+00
3.2972693443e-02
1.9888083935e+00
5.9258615971e-01
3.8142685890e+00
1.8077034950e+00
2.3907642365e+00
4.8536959291e-01
-2.0572051406e-01
-1.6941955090e+00
-3.9126628637e-01
2.0444068909e+00
1.2196273804e+00
-9.1743510962e-01
9.2547900975e-02
-1.0616204739e+00
-1.4277552366e+00
-1.9756336212e+00
-2.3856217861e+00
-2.9193730354e+00
-1.2143532038e+00
4.7767674923e-01
4.3692740798e-01
2.5445768237e-01
-8.9340007305e-01
-3.1470172405e+00
-5.8766674995e+00
-6.7852563858e+00
-4.4430675507e+00
-7.1319681406e-01
-5.0038200617e-01
1.8066059053e-01
-4.7838172317e-01
1.3027565181e-01
7.7775901556e-01
7.3759597540e-01
3.5332566500e-01
3.2774794102e-01
7.0805281401e-01
1.8103573322e+00
2.4413790703e+00
1.5172903538e+00
7.6374429464e-01
-1.4480320215e+00
-2.5489428043e+00
-1.1723047495e+00
-3.0900156498e-01
3.1452879310e-01
1.3572092056e+00
1.5109547377e+00
1.8373486996e+00
2.9934628010e+00
2.3200581074e+00
1.7087925673e+00
-1.1905493587e-01
-1.5014833212e+00
-8.3042389154e-01
-6.8421840668e-01
-2.7612090111e-01
-9.1610985994e-01
2.0814743638e-01
2.4005729705e-02
4.8382762074e-01
5.0708180666e-01
2.6454582214e+00
8.6643487215e-01
-3.3208146691e-02
-4.3475794792e+00
-3.8916471004e+00
-3.7612719536e+00
-1.9582569599e+00
4.9065750837e-01
1.2753641605e-01
7.7013474703e-01
-3.8865065575e+00
2.4242892265e+00
2.6963348389e+00
-4.7898340225e+00
-3.1019651890e+00
-4.0267643929e+00
-2.6815237999e+00
-2.8512580395e+00
-3.6016197205e+00
-3.6971280575e+00
-1.4660606384e+00
-3.3907967806e-01
1.4881297350e+00
1.0441514254e+00
1.8119870424e+00
1.1016489267e+00
1.0439506769e+00
2.2503011227e+00
1.5613065958e+00
2.4537346363e+00
1.7731311321e+00
-1.2539770603e+00
-1.6064667702e+00
-1.2802920341e+00
-5.7716739178e-01
-2.2949261963e-01
-8.2748770714e-01
-3.3861394972e-02
1.1316201687e+00
7.7758646011e-01
1.8233760595e+00
8.1460195780e-01
9.2025744915e-01
5.1664453745e-01
1.0995522141e-01
-5.0940352678e-01
2.6537699699e+00
-2.3993341625e-01
2.5656752586e+00
2.1033515930e+00
1.2299535275e+00
1.1602824926e+00
-6.4836096764e-01
3.7299048901e-01
-6.5659856796e-01
-1.3073214293e+00
-1.1658393145e+00
5.7456755638e-01
8.7742757797e-01
9.4982385635e-01
3.0570082664e+00
7.5380414724e-01
2.4232693017e-01
-1.8888301849e+00
-2.1271696091e+00
-7.6453363895e-01
-2.5239226818e+00
1.0127446800e-01
-3.9847704768e-01
-1.6689954698e-01
-4.6933683753e-01
6.7177730799e-01
5.3838014603e-02
1.3631778955e+00
3.2527184486e-01
-6.0514070094e-02
1.9244468212e+00
1.7988959551e+00
9.9655973911e-01
8.1019252539e-01
-3.1802282333e+00
-3.9694600105e+00
-4.4124941826e+00
-5.1576428413e+00
-6.5284786224e+00
-6.2696681023e+00
-7.2423858643e+00
-2.5242700577e+00
-1.9009771347e+00
-1.5461454391e+00
-3.7049349397e-02
1.2463016510e+00
9.7876435518e-01
7.7062571049e-01
4.4102377892e+00
2.4748890102e-01
1.5509335995e+00
8.6875706911e-01
-4.6074742079e-01
-1.6582459211e+00
-3.3616416454e+00
6.6175937653e-02
1.2698219717e-01
2.5396245718e-01
2.0458944142e-01
9.6145654097e-03
6.2105828524e-01
5.6182022095e+00
-2.4019474983e+00
-7.9222649336e-01
-5.8387434483e-01
-3.3882129192e-01
-2.6311755180e-01
-5.2508618683e-02
1.6893236339e-01
-1.1711301804e+00
-9.2427539825e-01
-8.8680547476e-01
-6.9694989920e-01
-9.6926933527e-01
-4.5036855340e-01
-6.2333488464e-01
4.4368925691e-01
2.7936868370e-02
4.0797764063e-01
7.1330493689e-01
1.9437146187e-01
-1.2243833542e+00
-1.2760000229e+00
4.7110933065e-01
-1.4748507738e+00
1.1559267342e-01
1.7375043631e+00
2.6888532639e+00
1.8975664377e+00
2.3590743542e+00
-1.9936517477e+00
-1.7468847036e+00
-1.2075681686e+00
-1.3941371441e+00
-1.7176367044e+00
-1.7375006676e+00
-9.2823880911e-01
2.9431619644e+00
3.0387239456e+00
3.3272013068e-01
5.5355787277e-01
-3.0590851307e+00
-6.3675266504e-01
4.1841405630e-01
-1.3226476312e-01
5.3498279303e-02
-7.9354122281e-02
3.2398782670e-02
4.1143815033e-03
1.2345091999e-01
1.6809786856e-01
-1.7947943211e+00
-1.1307691336e+00
-1.0069818497e+00
3.4718254209e-01
5.9907066822e-01
-1.1994708776e+00
5.2005219460e-01
-1.0607717037e+00
-3.2292562723e-01
-5.9165004641e-03
7.6365560293e-02
6.5462243557e-01
3.5080739856e-01
2.6233482361e+00
-3.0900161266e+00
-1.8555856943e+00
-9.5966589451e-01
-1.2858227491e+00
-1.4938045740e+00
-1.8621256351e+00
-2.3171819746e-01
7.7362769842e-01
-8.9933115244e-01
-3.6430118084e+00
-1.2152857780e+00
7.7039641142e-01
2.2821393013e+00
2.1907808781e+00
-2.2919538021e+00
-1.9208077192e+00
-1.2024447918e+00
-1.2238874435e+00
-1.0474759340e+00
-3.1805211306e-01
-1.2641587853e-01
9.5212042332e-01
-9.6072661877e-01
2.0306591988e+00
-1.0092364550e+00
5.2275419235e+00
6.7283219099e-01
2.9913239479e+00
2.7647151947e+00
2.2399640083e+00
4.1116166115e+00
2.3485589027e+00
1.2596633434e+00
1.0353962332e-01
1.9663642645e+00
-8.4968509674e+00
-1.6291368008e+00
-1.1585670710e+00
1.1464723200e-01
-4.4945392013e-01
1.9628764391e+00
3.9475816488e-01
6.6188243218e-03
3.5391399264e-01
2.2884401679e-01
1.5824049711e-01
-4.0711544454e-02
5.5946505070e-01
1.0779367685e+00
-3.4003758430e+00
-3.1086912155e+00
2.5825376511e+00
3.0794205666e+00
3.0063982010e+00
3.8647134304e+00
4.1626181602e+00
-1.1871987581e+00
-1.7139813900e+00
-6.4489442110e-01
-1.3881402016e+00
4.0621370077e-01
1.3101642132e+00
1.4567664862e+00
-2.9402258396e+00
-2.2235827446e+00
-1.9151793718e+00
-1.7202852964e+00
-2.0200543404e+00
-1.7792246342e+00
-1.4938865900e+00
1.3792210817e+00
1.6837948561e+00
2.4522566795e+00
4.5394887924e+00
2.2296571732e+00
2.9469770193e-01
1.5102125406e+00
-1.2916061878e+00
-1.6862121820e+00
4.1739833355e-01
2.3111078739e+00
1.7474284172e+00
1.8511245251e+00
4.6564567089e-01
-4.5129342079e+00
-3.2868313789e+00
-8.8171348572e+00
1.8897421360e+00
4.9947544932e-01
2.5040290356e+00
-5.4052740335e-01
2.6136369705e+00
3.4433317184e+00
1.9971890450e+00
3.9313812256e+00
2.2035832405e+00
-2.2348681092e-01
-2.4871616364e+00
-5.0870137215e+00
-3.8232641220e+00
-2.3773081303e+00
-1.3029698133e+00
-1.6005917788e+00
-1.8309433460e+00
-4.0990382433e-01
-2.9646939039e-01
-1.7658427358e-01
4.0088135749e-02
6.7122566700e-01
7.2385299206e-01
3.5792894363e+00
4.9641232491e+00
7.1107870340e-01
2.9612436891e-01
3.7295031548e-01
2.7033603191e-01
7.3448956013e-02
-1.1103595793e-01
-3.3568967134e-02
-7.7373952866e+00
-4.9586343765e+00
-2.4616608620e+00
-3.7909021974e-01
-2.6675093174e-01
3.2470229268e-01
1.3850978017e-01
-2.5495338440e+00
-2.9092648029e+00
-4.0150289536e+00
-4.2521271706e+00
-3.4085075855e+00
-2.8354983330e+00
-3.1001892090e+00
-1.6195502877e-01
2.4374252558e-01
2.5149503350e-01
-9.5786519349e-02
1.1048327200e-02
-3.7038359791e-02
2.9729520902e-02
1.8001830578e+00
6.0028761625e-01
-1.2247365713e+00
-4.6257737279e-01
-1.1289799213e+00
4.7550565004e-01
-7.1337544918e-01
4.7587406635e-01
-4.6170443296e-01
3.2405546308e-01
-3.3774399757e-01
2.3415441811e-01
9.2751544714e-01
5.2101790905e-01
-1.8446165323e+00
-6.2073156238e-02
7.3293548822e-01
-1.1072134972e+00
-2.6401238441e+00
-2.1798157692e+00
-1.2902863026e+00
-1.8626751900e+00
-1.2242254019e+00
-7.3199445009e-01
-9.3189764023e-01
-1.0410413742e+00
-1.2736389637e+00
-9.9745786190e-01
4.4628974795e-01
1.6045221090e+00
2.9492013454e+00
9.5668715239e-01
8.1761991978e-01
1.7066917419e+00
1.7399355173e+00
-1.0429461002e+00
-7.9754215479e-01
-4.1490209103e-01
1.4701232314e-01
4.6747136116e-01
-1.7300654948e-01
-1.8828600645e-02
2.2046189308e+00
1.9158842564e+00
8.6231446266e-01
1.8987588882e+00
5.7035017014e-01
3.7805099487e+00
2.2757813931e+00
5.9176284075e-01
-3.4433209896e-01
5.0924050808e-01
-1.5783046186e-01
5.6400179863e-01
-1.4321485162e-01
-2.5750810280e-02
-1.1775612831e-01
1.2131915092e+00
1.2877988815e+00
2.5044386387e+00
1.0707693100e+00
1.2235060930e+00
1.3184996843e+00
2.8620650768e+00
2.3539609909e+00
1.6096318960e+00
1.8195112944e+00
6.9082212448e-01
1.3372792006e+00
2.4485411122e-02
-3.1328582764e-01
1.0977119207e+00
2.9470056295e-01
-2.7658328414e-01
-2.2086629868e+00
-3.4654235840e+00
-1.7642407417e+00
1.6706357896e-01
-1.0381093025e+00
1.4979217947e-01
-9.3754762411e-01
-3.6626465619e-02
-2.0243866742e-01
-9.5137320459e-02
2.5597252846e+00
2.1556746960e+00
7.5879800320e-01
6.8467116356e-01
2.9415547848e-01
7.0484928787e-02
8.3233851194e-01
-4.8352885246e-01
1.6099911928e-01
-7.3196333647e-01
-4.0164071321e-01
-1.9525313377e+00
-2.4241981506e+00
-2.9782414436e+00
1.5283119678e+00
1.5304808617e+00
1.3297815323e+00
1.2011229992e+00
-1.3447219133e+00
-4.1811075211e+00
-2.0640385151e+00
-2.8112113476e-01
3.9109516144e-01
-1.1608239263e-01
-3.3483847976e-01
-8.1878006458e-01
2.7748769149e-02
6.3568693399e-01
-4.9147915840e-01
-1.3241863251e-01
4.4758901000e-01
1.1721946001e+00
-5.9564852715e-01
8.9841675758e-01
5.8466863632e-01
1.3133881148e-03
-3.1596192718e-01
-2.9953207970e+00
-2.5167813301e+00
-1.5918556452e+00
-6.3835030794e-01
-5.7974219322e-01
-1.2754887342e+00
-1.5022036433e-01
-8.3451074362e-01
-1.6590352356e-01
-6.9901442528e-01
-4.5400512218e-01
-1.3864588737e+00
-6.7872697115e-01
-1.2650537491e+00
-2.5808739662e+00
-1.6286395788e+00
-2.5458655357e+00
3.9043283463e-01
-3.2305702567e-01
2.0670509338e+00
2.0562820435e+00
7.8064793348e-01
1.5380284786e+00
1.4459955692e+00
1.6369821131e-01
-1.8955756426e+00
-7.3099708557e+00
-8.0220165253e+00
-4.9134726524e+00
-5.6381092072e+00
-5.1925644875e+00
-5.9319548607e+00
-7.1740036011e+00
1.2213146687e+00
1.2536278963e+00
1.7585524321e+00
1.1751216650e+00
-5.7031905651e-01
1.3510353863e-01
-3.1297466159e-01
2.6486060619e+00
3.1982016563e+00
2.7684097290e+00
2.8209319115e+00
3.1328747272e+00
2.0456297398e+00
1.5265738964e+00
-2.4032018185e+00
-2.4404423237e+00
-2.5400032997e+00
-2.6947293282e+00
-2.5986654758e+00
-2.8679504395e+00
-2.7227153778e+00
8.0215007067e-01
3.9040794969e-01
2.3422603309e-01
-6.1285477877e-01
3.0333676934e-01
1.3186752796e+00
-1.7696446180e-01
8.7483859062e-01
-1.3938795030e-01
-3.4706091881e-01
6.9540344179e-02
1.6274348497e+00
-5.6078600883e-01
1.0149061680e+00
-4.8907625675e-01
-6.1880588531e-01
-1.6508702934e-01
2.5869479775e-01
6.0225095600e-02
4.1467124224e-01
-1.4822444916e+00
-1.0408251733e-01
-3.6449503899e-01
-4.2934700847e-01
1.5485947952e-02
-3.8447880745e-01
-9.7402922809e-02
4.8860406876e-01
-7.5721871853e-01
4.0395280719e-01
3.8997548819e-01
-2.3372891545e-01
1.2467832565e+00
-1.5577705344e-03
1.7272208929e+00
1.6529734135e+00
3.2063946724e+00
1.2100208998e+00
1.8640145659e-01
1.1680387706e-01
8.1304861233e-03
-1.0698485374e+00
-2.1639487743e+00
-2.8311462402e+00
-4.4922051430e+00
-5.0695686340e+00
-7.6885657310e+00
-7.4377584457e+00
-5.8857531548e+00
-2.6516756415e-01
1.6058969498e+00
2.8205892444e-01
3.0904192924e+00
1.6936235428e+00
-2.7135413885e-01
-1.9926556945e-01
2.5451269746e-01
-2.8264442086e-01
-8.9325296879e-01
-2.1664559841e+00
-2.4784793854e+00
-2.8930051327e+00
-7.8319150209e-01
-8.8180369139e-01
-2.0829562843e-01
5.3567326069e-01
-6.1323958635e-01
-1.5150557756e+00
-1.8196712732e+00
1.3643540144e+00
-2.0876337588e-01
2.8037542105e-01
3.6771115661e-01
-7.1980401874e-02
2.8468143940e-01
-2.0612709224e-01
4.4330316782e-01
-3.8694882393e-01
-9.1548418999e-01
-9.6947455406e-01
-1.2320640087e+00
-1.3194818497e+00
-1.8383256197e+00
-1.7570742369e+00
8.8390290737e-01
-1.1971147060e+00
-8.7730759382e-01
-4.1045424342e-01
-1.7290084064e-01
5.7415097952e-01
-4.1985896230e-01
2.8212547302e+00
2.6021611691e+00
6.2721073627e-01
1.4689669609e+00
2.2769062519e+00
3.2566013932e-01
-5.3787428886e-02
-4.9342961311e+00
-5.1187314987e+00
-5.4958567619e+00
-5.3118162155e+00
-5.8621406555e+00
-5.9283661842e+00
-6.2798871994e+00
4.0335683823e+00
2.6979582310e+00
4.4931735992e+00
2.1233408153e-01
3.8015658855e+00
4.2741918564e+00
1.5521414280e+00
-2.1733310819e-01
-1.7553678155e-01
-4.9777913839e-02
-1.3224725425e-01
5.0026752055e-02
4.5895871520e-01
1.1318452358e+00
-1.3620514870e+00
-2.5611507893e+00
-2.2080056667e+00
-3.7655363083e+00
-3.0772840977e+00
-3.4983549118e+00
-3.4574875832e+00
-1.0702128708e-01
1.3199459016e-01
1.1155629158e+00
2.3992955685e-01
-1.6408561468e+00
-1.0652211905e+00
-7.1646183729e-01
4.2144453526e-01
-2.2439044714e-01
2.6678353548e-01
-5.1567149162e-01
-1.4817087650e+00
-8.4947770834e-01
-1.5062705278e+00
-2.8557765484e+00
-6.8156304769e-03
2.1681176499e-02
7.2451162338e-01
-9.8464971781e-01
-3.7623906136e+00
-4.3947567940e+00
-1.0028665513e-01
-2.2701647878e-01
-5.4656904936e-01
-1.2513235807e+00
-5.8593314886e-01
-5.5761611462e-01
-3.3807873726e-01
-3.7341678143e-01
9.7209018469e-01
-2.3289864063e+00
1.0701298714e+00
-2.4912354946e+00
2.3737733364e+00
2.2364821434e+00
4.2087188363e-01
-9.6810215712e-01
-2.9568500519e+00
-2.6241540909e+00
-9.9473738670e-01
-3.5615601540e+00
-2.2081568241e+00
1.6954437494e+00
2.5468909740e+00
1.6230214834e+00
-1.4507404566e+00
-1.4424061775e+00
4.2092391849e-01
1.5932427645e+00
-2.4021059275e-01
-7.2130566835e-01
-8.8602685928e-01
-2.1436681747e+00
-5.0011301041e+00
-3.0141532421e+00
-2.5986623764e+00
-1.3102348149e-01
-1.4142451286e+00
-1.4794353247e+00
-3.7733128071e+00
-4.1621861458e+00
-6.6410894394e+00
-5.7020640373e+00
-3.9586508274e-01
-3.1500241756e+00
-1.3142228127e+00
6.1281263828e-01
-2.6750224829e-01
-6.1054605246e-01
-3.2853305340e+00
-4.1238598824e+00
-4.6021595001e+00
-4.8635029793e+00
-5.0466170311e+00
-5.2056465149e+00
-5.0998458862e+00
-5.0298690796e+00
2.7559814453e+00
8.2852804661e-01
2.6553363800e+00
1.6940630674e+00
1.6860320568e+00
1.3370465040e+00
2.3097715378e+00
-1.4275285006e+00
-1.1347185373e+00
-2.2956809998e+00
1.4401357174e+00
8.5536032915e-01
-2.5794111192e-02
1.5043510199e+00
-2.3186411858e+00
-6.2223371118e-02
-2.2248756886e+00
-7.4143540859e-01
1.0976732969e+00
-1.3580393791e+00
1.3489795923e+00
4.8459894955e-02
-9.0583747625e-01
-8.6271125078e-01
-1.9680953026e+00
-1.1539378166e+00
-3.9344480634e-01
-2.0786757767e-01
-1.6279284954e+00
-5.9663879871e-01
6.4953386784e-02
1.0355949402e+00
1.3689733744e+00
2.6454573870e-01
1.1387609243e+00
-4.9658112228e-02
-8.1963890791e-01
-1.5572636127e+00
-2.4725944996e+00
-2.2975711823e+00
6.6109335423e-01
1.8597866297e+00
7.7889360487e-02
-3.6418047547e-01
1.1075560749e-01
1.8613049388e-01
4.6787951142e-02
1.4864980476e-03
5.2096241713e-01
-3.5952267051e-01
3.9320550859e-02
1.8516062200e-01
1.6680952907e-01
2.1739719808e-01
-3.3119246960e+00
-1.9250935316e+00
2.0068264008e+00
1.2177160978e+00
-6.5460431576e-01
-4.1432449222e-01
-1.0609345138e-01
1.5272697210e+00
6.8450546265e-01
6.9614432752e-02
-1.4311510324e-01
-5.6938624382e-01
-3.0750221014e-01
-7.8770712018e-02
3.2356098294e-02
-1.0376458168e+00
-2.5405073166e+00
-1.8139687777e+00
-3.4886960983e+00
-7.4705696106e-01
-1.1187447309e+00
2.4194679260e+00
1.6584510803e+00
1.4944213629e+00
-1.9115854800e-01
2.0421014726e-01
2.3887729645e+00
5.0684022903e-01
2.1005749702e-01
-1.1033307314e+00
-1.0270878077e+00
-4.8130556941e-01
-1.3327820301e+00
6.1806970835e-01
-7.6232314110e-02
1.0731708258e-01
1.0287258625e+00
2.7821072936e-01
2.4920532107e-01
9.3800961971e-01
9.9954873323e-01
2.3363885283e-01
2.7837336063e-01
1.9784636796e-02
-2.8784539700e+00
-1.7024111748e+00
-2.5863339901e+00
1.4495617151e+00
7.4900954962e-01
-5.3906542063e-01
2.6773698330e+00
1.3885769844e+00
1.4168219566e+00
1.7013671398e+00
1.3908554316e+00
1.1950747967e+00
-6.4081442356e-01
-3.7057641149e-01
3.1772356033e+00
1.7852479219e+00
8.2366597652e-01
1.1840723753e+00
-5.0039416552e-01
8.4842711687e-02
-6.1188755035e+00
-5.1370759010e+00
-2.1808996201e+00
-5.2159535885e-01
4.2202207446e-01
4.0052640438e-01
3.8826653361e-01
3.0571779609e-01
1.8831014633e-01
-4.6799566597e-02
2.8361172676e+00
2.2860960960e+00
1.8732163310e-01
-3.8863894343e-01
-1.8025512993e-01
-7.8831305727e-03
1.2247636318e+00
2.8962588310e+00
2.0934960842e+00
8.9758408070e-01
4.3542090803e-02
-2.7443143725e-01
5.8969594538e-03
7.4413943291e-01
1.3424098492e+00
1.3391696215e+00
-1.1981648952e-01
-1.2738302350e-01
-1.5036106110e+00
-9.2224586010e-01
-1.8177127838e+00
1.1992633343e-01
-2.7420768142e-01
3.3998191357e-01
5.4153108597e-01
2.8120615482e+00
-3.4424245358e-01
5.9399747849e-01
4.6654611826e-01
7.8509521484e-01
2.1213692427e-01
1.5919214487e+00
6.0593044758e-01
-5.1176106930e-01
2.0882555842e-01
5.0547522306e-01
1.9792512655e+00
7.0658707619e-01
1.2329081446e-01
-1.8969353437e+00
-1.2928029299e+00
1.4356739521e+00
1.1251248121e+00
1.0494229794e+00
-5.5293786526e-01
4.0351101756e-01
-1.2685515881e+00
1.2222885340e-01
1.3924940825e+00
6.9282704592e-01
4.0522786975e-01
-7.4168801308e-01
5.9651494026e-01
-6.3355219364e-01
-1.2065883875e+00
-1.1474565268e+00
9.2763185501e-01
8.4200608730e-01
6.4479732513e-01
1.4174804688e+00
2.0270972252e+00
2.0887701511e+00
-9.9580383301e-01
3.5525849462e-01
-4.2156673968e-02
-1.6914421320e+00
-1.8036875725e+00
-2.6282889843e+00
1.8852503300e+00
2.3651192188e+00
6.0212349892e-01
8.6604732275e-01
-2.4225015938e-01
2.1851418540e-02
4.2052775621e-02
-1.4418625832e+00
1.4114674330e+00
7.3824626207e-01
1.6042077541e+00
1.1958541870e+00
-1.9107107818e-01
-6.0542672873e-01
-1.2134481668e+00
1.8739800453e+00
1.7142651081e+00
2.4976701736e+00
8.2086539268e-01
-1.5855959058e-01
-6.3359379768e-02
-1.8592654467e+00
-2.7474429607e+00
-2.1175487041e+00
-3.1518988609e+00
-1.0689249039e+00
-7.5071340799e-01
-1.5761488676e+00
-1.9901156425e-01
-2.3227743804e-01
2.1103711128e+00
2.1637148857e+00
2.4263329506e+00
-3.6295673251e-01
-1.0107743740e+00
-4.5815032721e-01
-2.1279468536e+00
2.0794432610e-02
5.6739383936e-01
-9.0895783901e-01
-5.6435797364e-02
-4.9837878346e-01
3.0747771263e-01
7.2541517019e-01
8.3879506588e-01
7.9506313801e-01
5.6865549088e-01
6.4374250174e-01
5.7643693686e-01
-7.5246058404e-02
2.4068255424e+00
2.4209678173e+00
2.1624693871e+00
2.3734705448e+00
1.5048167706e+00
1.4686865807e+00
-7.8199796379e-02
-1.0841306448e+00
2.0411500931e+00
2.2845730782e+00
2.8013327122e+00
2.2550804615e+00
2.6801280975e+00
-5.0692504644e-01
-9.8814773560e-01
-8.4540441632e-02
-3.6301332712e-01
-3.4261295199e-01
-5.4085858166e-02
-9.6365672350e-01
-1.1925774813e+00
-2.0271251202e+00
-5.9005302191e-01
4.0124079585e-01
1.6200884581e+00
1.7689871788e+00
5.2594155073e-01
1.6751824617e+00
8.6937540770e-01
1.8017389774e+00
2.2903299332e+00
1.4172358513e+00
1.0463957787e+00
2.6470395923e-01
8.7140858173e-01
3.8209590316e-01
2.9002568126e-01
7.3158033192e-02
-5.7907935232e-02
-7.8358566761e-01
-1.2357854843e-01
-1.0127987862e+00
8.1919842958e-01
1.1747941971e+00
2.5415146351e+00
1.5953552723e+00
2.4806058407e+00
2.2238185406e+00
8.9869093895e-01
2.4728548527e-01
1.1002756357e+00
8.7658965588e-01
9.1905403137e-01
4.3574520946e-01
9.2362874746e-01
-1.9504599571e+00
-1.1377894878e+00
-4.6349340677e-01
5.7170337439e-01
2.4970403314e-01
1.3071352243e+00
2.5294175148e+00
-1.7944478989e-01
5.4458713531e-01
8.8463073969e-01
1.1377041340e+00
-7.4908506870e-01
7.1597743034e-01
-4.6627259254e-01
-5.4556405544e-01
-1.2019634247e+00
1.3814698160e-01
-6.0606867075e-01
-3.4183678031e-01
-7.3323571682e-01
-7.3884099722e-01
-1.6995050013e-01
-1.6703736782e-01
1.5034009516e-01
3.6965331435e-01
2.2875363007e-02
4.1697597504e-01
2.2784793377e-01
1.1041013002e+00
-4.5165309310e-01
9.6992924809e-02
7.4790775776e-01
7.6136761904e-01
5.3351318836e-01
2.9433643818e+00
-2.0562415123e+00
-6.3626104593e-01
3.6592129618e-02
-2.2966299951e-01
-7.2010302544e-01
-2.9832329750e+00
-3.2973194122e+00
5.7859200239e-01
4.7807794809e-01
2.4497592449e-01
-2.8110685945e-01
-1.5235906839e-01
9.6785329282e-02
-8.1431642175e-02
-2.0981061459e+00
-5.3183096647e-01
3.1902062893e-01
4.3129075319e-02
1.2359979004e-01
1.0515455008e+00
-1.9178216159e-01
-4.4386723638e-01
-7.4167191982e-01
-1.0361329466e-01
-1.9778539240e-01
3.2924592495e-02
-5.9206771851e-01
-3.6471089721e-01
-4.9996309280e+00
-4.2887887955e+00
-3.9310927391e+00
-4.3827638626e+00
-3.5457415581e+00
-4.3791489601e+00
-1.2717566490e+00
-4.8468470573e-01
5.6319999695e-01
1.5970808268e+00
9.4187003374e-01
-9.8087014630e-03
3.7261126041e+00
8.9067265391e-02
-2.4687296152e-01
1.7395405769e+00
1.0867481232e+00
1.0926436186e+00
1.3505218029e+00
-8.5528701544e-01
-1.8775926828e+00
-6.1971360445e-01
-8.8984884322e-02
7.2252577543e-01
1.5921026468e+00
6.7810100317e-01
-4.2803326249e-01
3.8046398759e-01
1.7204843760e+00
1.6841430664e+00
1.4977943897e+00
1.2166060209e+00
1.1360087395e+00
1.1741002798e+00
1.2233786583e+00
1.0221574455e-01
-1.1208105087e+00
2.5058071613e+00
1.8984427452e+00
2.1406511962e-01
2.6131427288e+00
-3.7580723763e+00
-3.2837922573e+00
-4.0089044571e+00
-3.5624232292e+00
-3.3560004234e+00
9.8100101948e-01
-8.3350658417e-02
2.5957405567e+00
5.6243133545e-01
9.9039864540e-01
1.6465389729e+00
1.8917093277e+00
4.0050095320e-01
1.0438109636e+00
5.8793836832e-01
-2.7319177985e-02
5.0179123878e-01
1.1091237068e+00
4.3009144068e-01
6.3877409697e-01
6.7038035393e-01
1.2429680824e+00
1.2897646427e+00
-1.4211113751e-01
2.7920603752e-01
-1.4943308830e+00
-5.0195538998e-01
-2.0367701054e+00
-3.3602972031e+00
-2.3674416542e-01
5.3235644102e-01
1.4774661064e+00
3.1824247837e+00
7.5407558680e-01
1.6749420166e+00
6.6619825363e-01
-2.1112069488e-01
1.8291915953e-01
-2.2421655059e-01
-2.9362678528e-01
1.4021112025e-01
1.0780231096e-02
1.9956518710e-01
1.7596446276e+00
-5.5598086119e-01
-1.0336930752e+00
-2.0995867252e+00
-3.2892603874e+00
-3.3728804588e+00
-3.6303830147e+00
1.3682222366e-01
1.3686665893e-01
1.7767219543e+00
1.0192077160e+00
1.8984131813e+00
3.7286906242e+00
1.7897553444e+00
-2.0304554701e-01
2.4186105728e+00
3.5296967626e-01
-2.7687054873e-01
2.0515744686e+00
-2.0505614281e+00
-1.8559519053e+00
-1.7947212458e+00
-3.7255978584e+00
-4.8293943405e+00
-2.9824264050e+00
-1.0179022551e+00
1.9025678635e+00
1.3162270784e+00
-3.6897487640e+00
-2.1302371025e+00
6.9053478539e-02
1.6077688932e+00
2.7600221634e+00
2.7617619038e+00
2.9268145561e+00
1.6606712341e+00
1.0839902163e+00
1.9137469530e+00
3.9673535824e+00
2.6799979210e+00
1.2814763188e-01
-3.3432039618e-01
2.7598884702e-01
-2.1069820225e-01
-2.2580485046e-01
9.4591557980e-02
-2.1293257177e-01
-9.4299063087e-02
2.4309261143e-01
1.3415945768e+00
1.1560457945e+00
1.0781685114e+00
8.5570520163e-01
1.2458047867e+00
8.6988985538e-01
-1.9052433968e-01
-3.4754514694e-01
-7.0665866137e-01
-1.5275466442e-01
1.2177564949e-01
-8.9992217720e-02
-3.6615610123e-01
-1.0069478303e-01
-1.7993846536e-01
-9.7138136625e-02
-1.9857941195e-02
9.9905133247e-02
-4.1291993111e-02
-3.3061715961e-01
-6.7196255922e-01
1.2776973248e+00
2.7275631428e+00
2.5911009312e+00
-9.2033736408e-02
-2.0104053617e-01
-4.1663038731e-01
-9.8526425660e-02
-2.4086137116e-01
1.7562458292e-02
7.4703991413e-02
2.7502635121e-01
4.3077465892e-01
4.0658110380e-01
6.0099077225e-01
2.3911192417e+00
-2.9365035892e-01
1.7851629257e+00
1.1230423450e+00
1.4768685102e+00
1.9586970806e+00
1.0136853904e-01
-2.0123021603e+00
1.1907706410e-01
-1.4679462910e+00
-6.6900569201e-01
6.2734192610e-01
-5.8297617361e-03
4.2331996560e-01
-7.2472548485e-01
6.5987110138e-01
-6.9849628210e-01
1.3159183264e+00
2.2064976692e+00
1.5906440020e+00
1.4758651257e+00
-1.6380830109e-01
1.7656593025e-01
-4.3443221599e-02
-2.1811486781e-01
-5.0085935742e-02
-4.9264878035e-02
1.1239138991e-01
-8.5056095123e+00
-7.1598887444e+00
-9.1621351242e+00
-6.2264099121e+00
-1.8820199966e+00
-3.9840042591e+00
-2.8150947094e+00
1.6269540787e+00
1.1056748629e+00
1.6266329587e-01
2.2473104764e-03
-2.6912128925e+00
-4.7567362785e+00
-5.5480322838e+00
-3.9621753693e+00
-7.9053860903e-01
-4.5700268745e+00
-5.5195307732e+00
-2.7893688679e+00
-1.4557602406e+00
-4.7333478928e+00
-6.1399936676e-01
1.5932537615e-02
-3.9089840651e-01
-6.8334631622e-02
3.8755762577e-01
-1.8344713748e-01
1.8297878504e+00
-9.8969602585e-01
-3.0506589413e+00
-3.7134480476e+00
-3.4093639851e+00
4.8237684369e-01
1.2570177019e-01
9.5945382118e-01
2.0819082260e+00
1.1267855167e+00
7.6814961433e-01
1.1503391266e+00
-2.4082562327e-01
-9.7256940603e-01
-3.8205044270e+00
-1.1183804832e-02
9.2464125156e-01
7.2478753328e-01
-3.9366737008e-01
-1.0095346719e-01
-2.2372725606e-01
1.8836987019e-01
-1.3170294464e-01
-2.7324616909e-01
-4.6543025970e-01
-2.8966477513e-01
-1.5406072140e+00
-2.1248846054e+00
-2.6879169941e+00
-7.8708089888e-02
-2.3479802608e+00
-4.8880929947e+00
-3.2909934521e+00
-1.7293599844e+00
4.7308620811e-01
4.7224497795e-01
1.4147254825e-01
3.3035737276e-01
4.0676188469e-01
7.4081856012e-01
8.4062463045e-01
5.2039754391e-01
9.9752360582e-01
4.1474175453e-01
1.5493537188e+00
1.5808664560e+00
1.5171114206e+00
2.0244877040e-01
-2.5536000729e+00
-3.5306286812e+00
-3.3680984974e+00
-3.1330513954e+00
-1.2923974991e+00
2.1980710328e-01
-6.2608355284e-01
-9.0289151669e-01
1.2031762600e+00
-9.5310413837e-01
-3.3121004701e-01
-6.1162787676e-01
-7.6155889034e-01
-4.6520933509e-01
1.9315002859e-01
-1.3437703848e+00
-5.6670150757e+00
-1.7654187679e+00
-3.0948071480e+00
-2.6608169079e+00
-2.0477168560e+00
-2.2159440517e+00
-1.3409149647e+00
-1.1781180650e-01
5.1775187254e-01
-5.2476658821e+00
-7.1289906502e+00
-6.2208786011e+00
-3.9052960873e+00
1.3746521473e+00
-1.2692116499e+00
-3.8965514302e-01
-1.8620916605e+00
1.5738288164e+00
9.3836647272e-01
-1.1748069525e+00
-2.4859194458e-01
-3.9634138346e-01
-6.7975759506e-01
-3.0549502373e-01
-4.7967582941e-01
8.2568305731e-01
-7.7271753550e-01
-2.3135071620e-02
-2.0357365608e+00
-1.0881929398e+00
-3.7818803787e+00
-3.2914371490e+00
-4.2586388588e+00
6.3083308935e-01
5.9091749191e+00
1.7098313570e+00
1.7046155930e+00
1.8255103827e+00
1.5335129499e+00
9.5481342077e-01
9.3871033192e-01
4.3760529160e-01
-1.5359543562e+00
7.0418542624e-01
3.9802414179e-01
1.2853951454e+00
2.0808284283e+00
1.8295683861e+00
2.4008283615e+00
-9.9587786198e-01
-3.4238731861e+00
-5.7521748543e+00
-2.3501794338e+00
-2.1739308834e+00
-6.0539388657e-01
-2.2683079243e+00
2.8889152408e-01
4.9909189343e-01
-7.2106909938e-03
-1.2949283123e+00
-2.3863780499e+00
-2.9153673649e+00
-7.8795844316e-01
1.1561008692e+00
3.1544315815e-01
-9.3107640743e-02
1.7887409031e-01
1.8798673153e-01
7.9287476838e-02
-4.1464722157e-01
9.0728116035e-01
2.0724110603e+00
1.7485600710e+00
1.4109547138e+00
1.6126506329e+00
3.0274888873e-01
1.2089484930e+00
-1.4901643991e+00
-1.6646292210e+00
-1.0257383585e+00
-3.3035826683e+00
-1.7026244402e+00
-3.5278153419e+00
-2.3221149445e+00
-1.5460653305e+00
-1.0659246445e+00
-1.3990244865e+00
2.4503900111e-01
-3.0467367172e-01
2.1452149749e-01
4.0791442990e-01
1.3880137205e+00
3.5464802384e-01
1.5059559047e-01
-2.7877948284e+00
-2.7036414146e+00
-3.3532781601e+00
-1.4048670530e+00
-2.3400037289e+00
-1.2579704523e+00
-1.3305958509e+00
5.1504272968e-02
9.6682852507e-01
-7.7806711197e-01
-1.2590655684e-01
-2.5841898918e+00
-3.9725165367e+00
-2.6016249657e+00
-3.0552749634e+00
-1.3243592978e+00
-3.5377926826e+00
-2.2820913792e+00
-2.2211477160e-01
6.1117809266e-02
-2.1794398129e-01
8.7597429752e-02
2.0202292502e-01
-3.6320275068e-01
-1.8587226868e+00
4.5701357722e-01
8.5343718529e-01
5.8214032650e-01
6.4033013582e-01
1.9715304673e-01
-8.0536440015e-02
-1.8681773543e-01
7.7149766684e-01
1.5055503845e+00
-8.9404180646e-02
4.9894362688e-01
2.3392948508e-01
5.5995136499e-01
8.6879946291e-02
-6.2696151733e+00
-6.4818177223e+00
-6.0034403801e+00
-5.8367691040e+00
-6.0298433304e+00
-3.3286719322e+00
-2.1436901093e+00
3.5309612751e+00
2.1809172630e+00
2.7898128033e+00
2.7436935902e+00
2.9049205780e+00
3.4350008965e+00
4.4437727928e+00
-8.2388323545e-01
8.3310127258e-01
-3.0659696460e-01
-6.0510230064e-01
-2.7639713287e+00
-4.8584847450e+00
-6.4670419693e+00
-2.3303594440e-02
1.1643895507e-01
1.3781662285e-01
2.0593397319e-01
3.0974933878e-02
-8.9734929800e-01
-1.5542038679e+00
-2.0705249310e+00
-2.6274979115e+00
-2.3205337524e+00
-1.4432361126e+00
-1.7046309710e+00
-3.3592817783e+00
-5.2558499575e-01
-1.1110042334e+00
-5.5207839012e+00
-8.0371932983e+00
-3.4142651558e+00
-1.9449805021e+00
-1.1632696390e+00
-3.3094513416e+00
-4.1296815872e+00
-6.4520015717e+00
-3.3544621468e+00
7.8362721205e-01
1.1165539026e+00
2.1606788635e+00
1.2551264763e+00
1.5156228542e+00
1.1568312645e+00
-4.7150266171e-01
-4.1899023056e+00
-4.0686922073e+00
-2.1700952947e-01
-8.4120678902e-01
6.7559987307e-02
-4.1798286140e-02
1.7003065348e-01
2.9659286141e-01
2.1516124904e-01
4.2075470090e-01
2.5795072317e-01
-5.4939131737e+00
-1.8128213882e+00
-5.5580844879e+00
-9.1215252876e-01
-8.2615947723e-01
-6.1640042067e-01
-1.3568322659e+00
3.6653387547e+00
1.1260428429e+00
4.1247644424e+00
2.0501587391e+00
2.0315873623e+00
-4.9855384231e-01
1.0120969266e-01
-2.1016473770e+00
-7.9994993210e+00
-5.9798049927e+00
-3.0928623676e+00
-2.0263068676e+00
-8.5344856977e-01
-1.7133479118e+00
-3.2075083256e+00
-5.5682301521e+00
-2.2241096497e+00
9.6941851079e-03
9.0989780426e-01
3.3217713833e+00
2.0425224304e+00
-4.2890830040e+00
-6.7653694153e+00
-5.2202405930e+00
-3.6781291962e+00
-2.6922428608e-01
-1.4534626007e+00
2.0115898550e-01
3.1528449059e+00
1.0195103884e+00
2.4178917706e-01
-2.8276820183e+00
-3.5353064537e+00
-2.2523155212e+00
-1.7362011671e+00
3.4820857048e+00
2.5488955975e+00
2.1822130680e+00
2.8049304485e+00
3.0882596970e+00
3.0329418182e+00
3.5030262470e+00
-5.3551344872e+00
-5.3435416222e+00
-4.9752831459e+00
-4.1917819977e+00
-2.9290289879e+00
-3.7665312290e+00
-3.4939787388e+00
6.9085024297e-02
2.8999108076e-01
-4.0251353383e-01
-3.5513746738e-01
6.6674596071e-01
-7.4060499668e-02
1.2241966724e+00
2.4529845715e+00
-8.4539270401e-01
1.3901349306e+00
-1.5119143724e+00
2.0133592188e-01
-3.4615054131e+00
1.1966282129e+00
1.0679131001e-01
4.2541989684e-01
1.7736928463e+00
-3.5791397095e-01
-5.9695798904e-02
1.9292438030e-01
6.9491431117e-02
5.0902271271e+00
4.4493417740e+00
4.6755189896e+00
3.6934039593e+00
3.2931144238e+00
3.9094252586e+00
3.6692347527e+00
-6.1179018021e+00
-5.3035621643e+00
-2.1539902687e+00
-1.1773377657e+00
-1.5857627392e+00
-1.2298579216e+00
-2.6082682610e+00
-2.9702013731e-01
-2.5885307789e-01
1.3511371613e-01
9.5432698727e-02
1.9126975536e-01
1.9490134716e-01
1.3877472281e-01
-3.2007947564e-02
-1.5001131594e-01
-3.3063135147e+00
-2.3260433674e+00
-2.5894629955e+00
-2.7077054977e+00
-3.2189376354e+00
2.7243299484e+00
1.9838725328e+00
4.0399713516e+00
1.8027890921e+00
5.2289426327e-01
-4.8664987087e-02
-1.2784995139e-01
4.9553433061e-01
4.1568380594e-01
4.8634144664e-01
2.4747380614e-01
-4.5956537127e-02
-5.9631669521e-01
-2.8470675945e+00
8.0079180002e-01
1.4973694086e+00
9.1116529703e-01
-8.7914979458e-01
-8.6775267124e-01
-2.5581476092e-01
-5.3481447697e-01
-3.2021245360e-01
-4.2627444863e-01
-4.2260843515e-01
-3.6083975434e-01
-4.1821041703e-01
-4.3703740835e-01
-7.3943316936e-01
3.6687777042e+00
1.8458161354e+00
1.4975503683e+00
1.5371443033e+00
7.7209627628e-01
5.8015942574e-01
-7.6486271620e-01
-3.8879044056e+00
-2.8820850849e+00
-2.0277729034e+00
-2.1639130116e+00
-1.0021381378e+00
-2.2255392075e+00
-1.7808269262e+00
7.6582551003e-01
-5.0207573175e-01
2.9427462816e-01
2.4506972730e-01
1.3281521797e+00
4.9612677097e-01
1.0884383321e-01
-3.4950309992e-01
-1.3996116817e-01
-3.8957971334e-01
-1.0756189376e-01
3.9733052254e-01
6.0143363476e-01
5.5776840448e-01
-1.3498144150e+00
3.3842213452e-02
-1.2941719592e-01
1.3398569822e+00
2.2509660721e+00
2.2941877842e+00
1.2597994804e+00
1.1279101372e+00
1.4126566648e+00
-3.1682670116e-01
-4.6372491121e-01
-1.8541598320e+00
-2.5342381001e+00
-3.1394228935e+00
1.2505881786e+00
3.5714666843e+00
2.4269716740e+00
2.2195873260e+00
2.3433601856e+00
2.0022587776e+00
2.6132910252e+00
2.0167887211e+00
9.2826932669e-01
9.4129848480e-01
8.8915193081e-01
1.0201728344e+00
1.3999245167e+00
1.0814242363e+00
-1.7221988738e-01
-2.2716631889e+00
-2.8324794769e+00
-1.7635059357e+00
-3.0735653639e-01
-5.7073527575e-01
1.3469907045e+00
-1.0633981228e+00
3.3575552702e-01
-1.8253336847e-01
5.1406897604e-02
1.2887718678e+00
-6.3626414537e-01
-1.0936087370e-01
-1.7760486901e-01
-6.6296599805e-02
-6.1219241470e-02
-1.3320761919e-01
-2.1788227558e-01
-1.4686138928e-01
-1.2277550995e-01
3.8590249419e-01
-1.2355274707e-01
-5.0842398405e-01
-4.7005751729e-01
-1.5733010769e+00
-2.2768740654e+00
-2.2607746124e+00
-1.5624939203e+00
-1.1514340639e+00
-2.2982492447e+00
-7.5664877892e-01
2.4644578993e-01
2.4486591816e+00
2.7727904320e+00
9.4352088869e-02
5.4930484295e-01
8.7310038507e-02
1.1713864654e-01
1.6913639009e-01
6.7095839977e-01
3.0574345961e-02
-1.3438134193e+00
-5.0780498981e-01
6.3274157047e-01
1.5972068310e+00
-1.9828847051e-01
5.7820640504e-02
-2.0791360736e-01
-3.9083786011e+00
-2.9497196674e+00
-3.5794334412e+00
-1.4674665928e+00
2.0740108192e-01
4.2860341072e-01
-1.7366717756e-01
-3.2751555443e+00
-2.5551755428e+00
-1.0653866529e+00
-1.1188176274e-01
-1.0656309128e-01
-2.3520454764e-02
-1.0457264185e+00
-1.3687277794e+01
-1.2840015411e+01
-1.2015116692e+01
-9.2190732956e+00
-6.4734978676e+00
-5.2745728493e+00
-2.7167496681e+00
-1.0764724016e+00
-1.2955862284e+00
-2.7800996304e+00
-3.9295594692e+00
-2.6086723804e+00
-2.1223425865e+00
-6.5998816490e-01
-1.1125366688e+00
-1.7269495130e-01
4.8455130309e-03
1.1273332834e+00
-1.4437440634e+00
2.4005076289e-01
6.6942095757e-01
2.0351581573e+00
7.4118798971e-01
3.6792203784e-01
6.0679864883e-01
1.5510576963e+00
1.1922478676e+00
7.3921656609e-01
-4.4004923105e-01
1.0058324337e+00
1.7796693742e-01
-2.9132440686e-01
9.0809613466e-01
2.4818863869e+00
1.0141365528e+00
5.4776072502e-01
3.9003977180e-01
-2.6434379816e-01
-2.3835185170e-01
-7.2802627087e-01
-1.7491997480e+00
-2.4431135654e+00
-1.5678787231e+00
-1.9073777199e+00
-1.4520231485e+00
-1.8904833794e+00
8.0385431647e-02
2.1810057759e-01
6.1956900358e-01
1.6691404581e+00
1.5714648962e+00
3.8818246126e-01
-4.7543051839e-01
1.2219113111e+00
1.5725857019e+00
1.5782977343e+00
-7.4275612831e-01
4.7608783841e-01
-4.0486940742e-01
-1.1847037077e+00
-3.7601712346e-01
-1.0910511017e+00
5.4869395494e-01
-3.0745393038e-01
-3.8387537934e-03
-3.3063083887e-01
-3.5152351856e-01
-5.3520715237e-01
-1.2259399891e+00
-2.7709755898e+00
-3.6905071139e-01
8.4238015115e-02
9.1012132168e-01
2.4546135962e-01
3.3702221513e-01
2.5079134107e-01
4.4148731977e-02
-2.4842759967e-01
-4.1004102677e-02
2.6467195153e-01
9.0186035633e-01
5.4898977280e-01
4.0559753776e-01
1.4107977152e+00
-5.9988878667e-02
1.3656778336e+00
9.8562395573e-01
1.5547167063e+00
7.2918623686e-01
-8.3917576075e-01
-6.6053515673e-01
1.9962781668e+00
9.6802234650e-01
-6.6836729646e-02
-1.1853218079e+00
-4.9029511213e-01
-4.9857535958e-01
3.2884302735e-01
1.6062408686e+00
1.2069623470e+00
7.4248546362e-01
-3.0671200156e-01
2.1852247417e-01
-1.2330787629e-01
-3.8125744462e-01
-4.4258308411e+00
-2.9842014313e+00
-3.2407243252e+00
-1.4394012690e+00
-1.6463572979e+00
-5.2364993095e-01
2.3108284473e+00
1.1090010405e+00
1.0821583271e+00
9.4602751732e-01
8.9061695337e-01
4.1860371828e-02
-1.6378705502e+00
-5.5209150314e+00
-4.2811122537e-01
-7.6032584906e-01
-6.7358970642e-01
-1.2032696009e+00
-9.9782872200e-01
-1.6226160526e+00
-2.1743657589e+00
-8.4740030766e-01
-8.0394530296e-01
7.7963687479e-02
2.8621691465e-01
1.9545391202e-02
-7.9779446125e-01
-1.4965740442e+00
-1.3956861496e+00
-5.5217701197e-01
-3.1657859683e-01
6.9312822819e-01
6.5067553520e-01
7.7985316515e-01
2.2635507584e+00
3.9432558417e-01
3.7291893363e-01
2.3288562894e-01
-9.1253116727e-02
-3.6068588495e-01
-9.7231239080e-01
-1.1859244108e+00
1.4878872037e-01
-9.9441669881e-02
-1.6250114441e+00
-3.4729917049e+00
-4.9270386696e+00
-5.2971091270e+00
-4.9790105820e+00
4.8960897326e-01
5.3529059887e-01
3.3272951841e-01
-5.3452557325e-01
-2.6777596474e+00
-6.8165378571e+00
-9.5203924179e+00
1.2741875648e+00
1.0509022474e+00
4.3121787906e-01
3.1303909421e-01
-7.9178851843e-01
-1.5603471994e+00
-1.9172923565e+00
-3.1525824070e+00
-5.5597686768e+00
-5.0779376030e+00
-4.5700516701e+00
-4.4018054008e+00
-2.4187393188e+00
6.9275736809e-01
-1.4201397896e+00
-5.1563304663e-01
3.6398848891e-01
7.8217118979e-01
6.3806402683e-01
1.9552497864e+00
8.1956738234e-01
4.3125909567e-01
-3.3220815659e-01
5.3110176325e-01
-1.8678661585e+00
4.5797780156e-01
9.9325573444e-01
3.1326611042e+00
3.2529953122e-01
7.8011929989e-01
5.9820210934e-01
6.1463034153e-01
5.3122627735e-01
3.3566296101e-01
-5.6828570366e-01
-6.8539819717e+00
-3.6156852245e+00
-5.0710444450e+00
-3.7695517540e+00
-2.0143127441e+00
-2.4224412441e+00
1.4777123928e-01
-3.1634092331e-01
-1.8531410694e+00
-1.1278463602e+00
-1.2457234859e+00
-3.8650089502e-01
-6.1744636297e-01
1.5835158825e+00
-2.3566737175e+00
-2.2176291943e+00
-2.4860024452e+00
3.5076963902e-01
-6.5152341127e-01
1.3255755901e+00
2.7905707359e+00
-5.3631143570e+00
-5.2110357285e+00
-2.8611869812e+00
-2.2838854790e+00
-3.0679002404e-02
1.0423711538e+00
1.1161537170e+00
-3.3961181641e+00
-2.7374296188e+00
-2.2024385929e+00
-3.2638924122e+00
6.7022222281e-01
1.4302940369e+00
4.1909041405e+00
8.9883291721e-01
1.7989482880e+00
-5.2158646286e-02
-3.3723990917e+00
-1.4817793369e+00
-9.7473651171e-02
2.1734769344e+00
3.9341989160e-01
5.5195963383e-01
2.0426271856e-01
1.1103880405e-01
-1.4604568481e-01
-4.4403114915e-01
-9.7284293175e-01
-2.6347105503e+00
-2.7582683563e+00
-7.1843230724e-01
-4.0839263797e-01
8.1942492723e-01
1.8374992609e+00
2.5652813911e+00
1.4507905245e+00
2.3258147240e+00
8.6827439070e-01
2.7350682020e-01
8.8111054897e-01
-1.2509212494e+00
-1.6214847565e+00
2.4802451134e+00
4.4422775507e-01
1.8453239202e+00
5.9778660536e-01
2.0591282845e+00
7.5134676695e-01
6.1973965168e-01
7.5245708227e-01
1.3775688410e+00
-2.7301082388e-02
-7.5441724062e-01
-9.6458512545e-01
-5.6790387630e-01
-6.7825561762e-01
3.0096465722e-02
-1.2761323154e-01
-6.8952721357e-01
-6.7873740196e-01
-6.1259233952e-01
-1.1434068680e+00
-1.4535171986e+00
-7.3127770424e+00
-6.4031424522e+00
-4.9303102493e+00
-3.4593515396e+00
-2.0087900162e+00
-8.0802571774e-01
-4.8726415634e-01
-1.4083871245e-01
-1.3374596834e-01
-1.7602851987e-01
-1.6197760403e-01
-3.2081148028e-01
-3.2070708275e-01
-2.5348648429e-01
1.0940816402e+00
1.0897651911e+00
8.6278069019e-01
-1.1544222832e+00
-3.4916131496e+00
-4.8639149666e+00
-4.1332573891e+00
-1.0545049906e+00
-1.4623184204e+00
-7.7189105749e-01
-7.9533118010e-01
-3.5285958648e-01
-3.9992848039e-01
-7.4070310593e-01
-2.2094993293e-01
2.4849775434e-01
-7.9603153467e-01
-1.6712733507e+00
-3.7613894939e+00
-5.9015674591e+00
-5.4351129532e+00
2.9884493351e+00
3.9993402958e+00
2.9795622826e+00
1.8634053469e+00
3.1637203693e+00
2.1824719906e+00
1.7963243723e+00
8.1291884184e-01
9.1307932138e-01
3.4942746162e-01
-1.3699138165e-01
-4.3880276382e-02
-6.3962243497e-02
-5.4343983531e-02
2.1374199390e+00
3.6936328411e+00
4.9145135880e+00
5.1040740013e+00
4.9638605118e+00
3.5877394676e+00
3.4668929577e+00
-2.2204041481e-01
5.9377580881e-02
4.1195103526e-01
5.7937842607e-01
3.3142712712e-01
1.1269358397e+00
5.4245930910e-01
6.7212629318e-01
2.2359572351e-02
2.3510901928e+00
1.5697121620e+00
3.3815815449e+00
2.8391535282e+00
1.7987844348e-01
9.1796660423e-01
2.8095221519e-01
2.6382341981e-01
-2.2798474133e-01
2.0858834684e-01
-7.2551470995e-01
-7.2208255529e-01
-3.8637926579e+00
-2.1897282600e+00
-1.3084908724e+00
-4.1383609176e-01
-1.9842684269e-02
1.7034630775e+00
1.9042693377e+00
2.2146250308e-01
2.3788917065e+00
2.9518005252e-01
-1.9951846600e+00
-2.9379544258e+00
-2.7387993336e+00
-1.4412992001e+00
-1.4762900770e-01
1.1046712399e+00
4.5095631480e-01
-4.1192483902e-01
1.1049535275e+00
1.2125149965e+00
2.8646011353e+00
2.5074458122e+00
1.3660829067e+00
1.4785431623e+00
8.9423775673e-02
9.6787202358e-01
4.9605312943e-01
7.1356666088e-01
-5.2047377825e-01
-1.0268350840e+00
-1.1010878086e+00
-6.8589210510e-01
3.1118428707e-01
-1.1330767721e-01
1.2489604950e+00
5.2884745598e-01
1.4692393541e+00
2.0830001831e+00
7.3948150873e-01
-8.9859193563e-01
-1.5948876143e+00
-8.3716040850e-01
7.8215134144e-01
1.7192678154e-01
-2.2098335624e-01
4.5125809312e-01
4.0090498328e-01
-2.3408994079e-01
-8.1859260798e-02
3.0021715164e-01
1.5831960440e+00
4.1203415394e-01
2.5448279381e+00
7.2161310911e-01
2.7917951345e-01
2.5821998715e-01
-3.3105413914e+00
-2.5981652737e+00
-2.7789957523e+00
-5.8587062359e-01
1.1962298155e+00
5.7551103830e-01
9.1853624582e-01
5.3685855865e-01
3.9650332928e-01
-8.6291879416e-01
-1.3857438564e+00
-1.1485342979e+00
-1.1138006449e+00
-2.4844803810e+00
-1.5947665274e-01
1.6947019100e+00
4.6613302827e-01
1.1470640898e+00
1.2863494158e+00
-9.5028042793e-02
1.0136993974e-01
-4.3990831375e+00
-2.3804967403e+00
-1.2895671129e+00
-7.3654770851e-01
2.3294170201e-01
7.1897333860e-01
2.5931096077e+00
-3.8223786354e+00
-1.8120927811e+00
-1.7231793404e+00
-7.7323794365e-01
-5.5206102133e-01
-3.8266205788e-01
4.2302399874e-01
-2.6322758198e+00
-1.1418223381e+00
-4.6616214514e-01
-1.1617561430e-01
1.4058363438e-01
9.4985967875e-01
7.3660838604e-01
1.3548038006e+00
1.3072113991e+00
7.8848487139e-01
-1.7393016815e+00
4.6330597997e-01
3.2123973966e-01
1.4566762447e+00
-2.7485277653e+00
-9.4563007355e-01
-1.6559188366e+00
-2.0457422733e+00
-2.7547082901e+00
-2.3712260723e+00
9.6159309149e-01
1.5064048767e+00
8.7132865191e-01
5.7014528662e-02
-5.0266444683e-01
-5.9190291166e-01
-2.6801711321e-01
-8.0978327990e-01
5.9815579653e-01
1.0297125578e+00
1.8592597544e-01
9.2541015148e-01
1.8057163954e+00
2.7954018116e+00
3.3308756351e+00
1.1881989241e-01
5.5999517441e-01
3.9419424534e-01
1.1421473026e+00
1.1704782248e+00
7.6922392845e-01
1.1260075569e+00
-1.0725352764e+00
-8.5245382786e-01
-1.2321717739e+00
-3.7388026714e-01
-4.3571329117e-01
3.9170552045e-02
-6.6334289312e-01
3.6690399647e+00
-1.1670354605e+00
2.1784594059e+00
-8.9329105616e-01
1.1137981713e-01
-1.5588238239e+00
-6.1106127501e-01
1.3181477785e+00
2.1827794611e-01
-1.7545647919e-01
-1.9737457037e+00
-2.5917131901e+00
-1.2496464252e+00
-2.1305546761e+00
6.8764187396e-02
5.9550201893e-01
1.0336827040e+00
1.5951946974e+00
7.1422213316e-01
-5.4804766178e-01
-1.2147805691e+00
-4.9739178270e-02
3.7239742279e-01
-1.2663135529e+00
-8.1769889593e-01
-1.8473091125e+00
-1.2679003477e+00
-2.0870189667e+00
3.1742960215e-01
6.4122313261e-01
-1.9635660946e-01
1.1127501726e+00
1.0493612289e+00
2.1987879276e+00
2.2779922485e+00
1.8295378685e+00
2.2580423355e+00
2.3974006176e+00
1.0970010757e+00
-2.3027572036e-01
9.4870328903e-03
-8.4603595734e-01
1.3428031206e+00
-3.1699740887e-01
-1.0648059100e-01
-3.8092756271e+00
-2.2716815472e+00
-2.6028475761e+00
-1.8400677443e+00
3.1683123112e+00
2.6504330635e+00
2.5712242126e+00
7.8026955016e-03
6.2832343578e-01
1.0562291145e+00
1.8359273672e+00
-4.2978482246e+00
-3.5496037006e+00
-4.4206213951e+00
-3.6506817341e+00
-2.9731743336e+00
-5.3984957933e-01
3.1495730877e+00
1.8868593872e-01
2.3517465591e-01
3.3078590035e-01
-2.7664122581e+00
-6.3371253014e+00
-7.6303339005e+00
-6.2356324196e+00
-4.6246263385e-01
-1.7053788528e-02
5.4656755924e-01
-2.3580609262e-01
1.0335265398e+00
6.3436198235e-01
1.0211230516e+00
-8.6058080196e-01
-2.9383661225e-02
1.0578175783e+00
1.7151733637e+00
1.3238869905e+00
1.2399957180e+00
-8.5358995199e-01
1.5365374088e-01
8.7592375278e-01
1.0789504051e+00
8.2356780767e-01
1.8358752728e+00
1.9639456272e+00
3.2156445980e+00
-1.9197692871e+00
-1.1959342957e+00
-1.5634276867e+00
-1.0900130272e+00
-1.0480095148e+00
-5.6653612852e-01
8.2420110703e-02
2.2865347862e+00
4.7263164520e+00
2.8815977573e+00
2.0789113045e+00
7.5316888094e-01
2.1615579128e+00
7.0287370682e-01
-9.7042465210e-01
-1.5030908585e+00
-3.6948771477e+00
-7.9772472382e+00
-9.4794464111e+00
-9.0325717926e+00
-4.9716997147e+00
2.4629802704e+00
1.2807762623e+00
7.0052254200e-01
1.3905776739e+00
2.4321515560e+00
3.3618171215e+00
4.8192119598e+00
-5.4091143608e-01
-1.1928837299e+00
-9.9541717768e-01
-2.6457974911e+00
-7.9373145103e-01
1.0930445194e+00
3.5035333633e+00
-2.4054303169e+00
-4.7889250517e-01
-1.7419320345e+00
-1.4392542839e+00
-8.4774011374e-01
6.6447353363e-01
4.6283394098e-01
1.2777615786e+00
-1.8045538664e-01
-9.5987242460e-01
-1.9340162277e+00
-9.1699904203e-01
-2.4031207561e+00
-2.2823944092e+00
-1.0277292728e+00
-3.7524309754e-01
-5.8814185858e-01
3.8277093321e-02
1.5285213292e-01
2.8674912453e-01
4.7462072968e-01
-4.8285875320e+00
-3.1228725910e+00
-1.4889199734e+00
-2.9396796227e+00
5.5371391773e-01
-1.4591601491e-01
1.5762937069e+00
1.7634928226e+00
1.2733457088e+00
1.9692550898e+00
1.3061696291e+00
1.2242183685e+00
1.4675720930e+00
3.0424571037e+00
-3.6140282154e+00
-2.7362236977e+00
-4.6595468521e+00
-2.1047327518e+00
-2.3452465534e+00
1.4388836622e+00
2.1841828823e+00
-3.4995818138e+00
-3.0442903042e+00
-1.4729908705e+00
-6.2977081537e-01
1.3144844770e-01
1.7129207850e+00
1.2846232653e+00
1.1252835989e+00
6.9907134771e-01
2.7255037427e-01
1.5749183893e+00
2.1846737862e+00
4.6590967178e+00
4.9402508736e+00
1.1767021418e+00
1.7788910866e+00
-1.7162044048e+00
-1.9538962841e+00
-1.4470063448e+00
-2.9555058479e+00
-3.1243824959e+00
-1.6604186296e+00
-1.5025119781e+00
-1.4201166630e+00
-1.2784961462e+00
-1.1760331392e+00
-9.9393075705e-01
-8.7103390694e-01
-1.8598673344e+00
-9.1954052448e-01
7.6227378845e-01
1.5571892262e+00
2.5476572514e+00
3.8076207638e+00
6.1416540146e+00
-3.8292011619e-01
-1.1442885399e+00
-1.2909772396e+00
-2.0165674686e+00
-1.8255022764e+00
-7.5996452570e-01
-5.6828755140e-01
4.6769609451e+00
-2.2609567642e+00
3.0697407722e+00
-1.3247609138e+00
-2.6655769348e-01
1.0372952223e+00
-1.8979086876e+00
1.9845483303e+00
2.3140041828e+00
1.3751208782e+00
1.4396036863e+00
8.3823674917e-01
1.2201546431e+00
3.5494166613e-01
3.1017735004e+00
1.5593807697e+00
4.1773912311e-01
2.9844813049e-02
-5.0757235289e-01
3.4024831653e-01
7.9134023190e-01
-5.0017633438e+00
-3.3788049221e+00
-2.3889231682e+00
-1.4076023102e+00
-4.1962438822e-01
2.3185377121e+00
3.0124049187e+00
2.0805278420e-01
5.4445195198e-01
-1.4705336094e-01
-2.5266271830e-01
-6.9455111027e-01
-5.6916463375e-01
-4.4559887052e-01
-2.9579818249e-01
3.6821585894e-01
-8.0955165625e-01
-5.2638297081e+00
-4.5069656372e+00
-2.3091809750e+00
-3.7228178978e-01
8.8369846344e-02
1.2987666130e+00
5.6555211544e-01
4.2273288965e-01
1.0230586529e+00
1.7395997047e+00
1.7742614746e+00
-6.2296848744e-02
-1.4922356606e-01
7.6995104551e-02
4.9193974584e-02
1.1026374996e-01
-3.3776926994e-01
-9.1469728947e-01
-2.1628410816e+00
-1.8799617290e+00
-3.9520978928e-01
-3.3807051182e-01
1.7203000784e+00
1.7010074854e+00
1.3133399487e+00
-6.5804761648e-01
-1.4291650057e+00
-1.5240716934e+00
-1.6720792055e+00
-1.7835780382e+00
-1.8553745747e+00
-2.2534148693e+00
7.5214523077e-01
-4.1342043877e-01
-1.0886634588e+00
-1.5116943121e+00
1.4085378647e+00
3.4208676815e+00
4.2638592720e+00
-4.2141447067e+00
-1.5360791683e+00
-9.7697889805e-01
3.1806951761e-01
1.2455703020e+00
1.7079628706e+00
1.3474560976e+00
-1.8161020279e+00
-4.1204762459e+00
-1.8906489611e+00
3.7512540817e-01
9.9504601955e-01
1.0510755777e+00
4.8939990997e-01
-5.2194577456e-01
4.5588833094e-01
1.1538623571e+00
9.4536823034e-01
2.9141128063e-01
1.6192473471e-02
-4.3093845248e-01
1.0074675083e+00
-2.2780881822e-01
4.4187255204e-02
-9.0677773952e-01
-1.5742722750e+00
-1.1856660843e+00
-1.3213832378e+00
-1.6759655476e+00
-2.8457179666e-01
1.6665669680e+00
1.3011599779e+00
1.5309683084e+00
6.9229203463e-01
-2.6197904348e-01
2.8886795044e+00
3.5042448044e+00
1.6970293522e+00
1.4332259893e+00
3.3237862587e-01
1.8556485176e+00
2.0633811951e+00
1.9872055054e+00
1.2606928349e+00
1.2867710590e+00
4.6172070503e-01
-3.4921067953e-01
-4.3086835742e-01
-7.3158442974e-01
2.4378294945e+00
9.9146133661e-01
1.2721635103e+00
-1.3772158623e+00
3.1508684158e-01
-3.3262741566e+00
-3.6935083866e+00
-1.7803343534e+00
-1.8610403538e+00
-7.7974623442e-01
3.4169977903e-01
-3.4362322092e-01
2.6242718697e+00
8.9884531498e-01
2.2455251217e+00
1.1061969995e+00
-4.3751606345e-01
-9.3658223748e-02
-2.8148636222e-01
-1.1551027186e-02
-3.0460229516e-01
1.4240960777e-01
3.2486489415e-01
8.7015753984e-01
9.4635623693e-01
1.9835139513e+00
2.2818470001e+00
2.0177516937e+00
3.2587838173e-01
1.4806722403e+00
-2.7315625548e-01
6.7063361406e-01
6.3626658916e-01
-1.5938397646e+00
-3.7049083710e+00
-7.5416344404e-01
-1.6530423164e+00
-2.1602463722e+00
-3.2626726627e+00
-3.5473287106e+00
-4.6442799568e+00
-6.3230128288e+00
-4.1596126556e+00
-1.9648853540e+00
-1.0172699690e+00
1.3291755915e+00
-4.7693453729e-02
2.2465822697e+00
2.7892022133e+00
1.1353390217e+00
1.3505183458e+00
-6.2328726053e-01
-1.4505585432e+00
-2.4978063107e+00
1.9253963232e+00
1.9359328747e+00
-3.9145343304e+00
-1.3021003008e+00
-5.3003334999e-01
-9.6666955948e-01
1.2484282255e+00
3.0164179206e-01
1.7446874380e+00
-5.7374751568e-01
-1.2424097061e+00
-1.2768820524e+00
-2.9033064842e+00
-4.1560206413e+00
-8.0949079990e-01
6.8277025223e-01
-3.8973060250e-01
1.3272769749e-01
1.0826900005e+00
4.0166962147e-01
2.2990284488e-02
-1.8011291027e+00
-2.7470002174e+00
-1.6647678614e+00
-2.3860101700e+00
-1.7314076424e+00
-6.4406496286e-01
-5.9767347574e-01
1.5146744251e+00
1.6709512472e+00
7.3811131716e-01
7.0665401220e-01
7.1422237158e-01
-1.1802306771e-01
-7.5725430250e-01
-6.7345082760e-01
-2.1069290638e+00
1.1870018244e+00
-7.4199117720e-02
7.3148620129e-01
1.9663112164e+00
4.4722490311e+00
3.9272830486e+00
1.4634312391e+00
-4.6228861809e-01
-1.1494747400e+00
-9.9938595295e-01
-1.1913390160e+00
-1.5582914352e+00
-1.1632951498e+00
-3.8181975484e-01
-4.8949069977e+00
-2.6515715122e+00
-4.6649408340e+00
-2.3779590130e+00
-3.7372558117e+00
-1.0537421703e+00
-2.5849802494e+00
-1.1614580154e+00
3.0426099896e-01
1.5010253191e+00
-1.2894147635e+00
1.7059642076e+00
-2.0492436886e+00
1.0191988945e+00
-4.2684096098e-01
-4.5728240162e-02
8.6366492510e-01
-2.8789237142e-01
-9.5860667527e-02
-6.2901568413e-01
-1.3359415531e+00
-5.3124189377e+00
-4.5903735161e+00
-7.9199671745e-01
1.8782316148e-01
4.4776779413e-01
3.0843666196e-01
-1.4221762121e-01
5.4973298311e-01
1.0078011751e+00
4.2185552418e-02
-5.4992640018e-01
-2.9472503811e-02
-5.8093920350e-02
-2.2312164307e-01
-1.7485554218e+00
-1.9081838429e-01
7.9285144806e-02
-4.1665282845e-01
1.5144237280e+00
1.0886516571e+00
2.9480278492e+00
1.8355224133e+00
8.9908570051e-01
3.7414819002e-01
-1.3214572668e+00
-1.0059012175e+00
1.8111135960e+00
1.7241560221e+00
1.8454811573e+00
4.6989214420e-01
2.0586521626e+00
5.2392762899e-01
-9.9882155657e-02
1.1689295620e-01
-1.3425847292e+00
1.8554384708e+00
2.0137201250e-01
-5.0253206491e-01
-1.9064315557e+00
-3.5206159949e-01
9.2093902826e-01
1.9835134745e+00
7.2313624620e-01
-1.9049310684e-01
-1.4826139212e+00
-1.6263580322e+00
-1.4209426641e+00
-2.0876314640e+00
-1.7010403872e+00
4.1679214686e-02
-1.1167666316e-01
4.2079016566e-02
2.6366552711e-01
4.7897851467e-01
-7.0735462010e-02
-6.5688747168e-01
2.8694301844e-01
-4.1522073746e-01
1.8976049125e-01
-3.7143164873e-01
7.0530451834e-02
-2.0732553676e-02
6.1862617731e-01
-2.6868691444e+00
-4.6152091026e+00
-3.9001045227e+00
-3.0396914482e+00
-5.9069514275e-01
-9.9714830518e-02
-7.0025205612e-01
2.6873989105e+00
1.6831877232e+00
2.0087590218e+00
-2.1409472823e-01
2.4547777176e+00
-7.4051684141e-01
7.1418046951e-01
-2.1439282894e+00
-1.9705197811e+00
-1.6313228607e+00
-1.3239322901e+00
-1.4096982479e+00
-1.3430057764e+00
-1.2371050119e+00
-3.0720322132e+00
-1.0840727091e+00
-2.4731879239e-04
1.7100843191e+00
1.5311613083e+00
6.0098022223e-01
5.8362776041e-01
-1.4251460135e-01
6.4538143575e-02
1.7050991952e-01
-2.5420526508e-03
-1.6513980925e-01
-1.1292501688e+00
-2.3634529114e+00
9.4436067343e-01
9.6606105566e-01
6.8439024687e-01
-7.8990840912e-01
-4.2671936750e-01
4.4936320186e-01
3.5535120964e-01
4.5558951795e-02
4.0956553817e-01
8.3344139159e-02
8.5611402988e-02
-1.8286974430e+00
-3.2839391232e+00
-2.1041421890e+00
2.6340228319e-01
1.4402421713e+00
2.1633546352e+00
-6.3236212730e-01
1.2375563383e+00
-7.1585637331e-01
-3.7964120507e-02
8.4607368708e-01
3.0049848557e+00
2.1551840305e+00
3.5839521885e+00
2.0687711239e+00
4.1931524873e-02
-8.6166745424e-01
1.7257918119e+00
1.0513505936e+00
9.1105246544e-01
3.3796319366e-01
3.1640431285e-01
7.2706478834e-01
8.4789884090e-01
9.8971199989e-01
9.7841566801e-01
1.9348019361e-01
-7.1568471193e-01
-1.5647372007e+00
-1.6124142408e+00
-1.6693876982e+00
-3.7114292383e-01
-4.9045796394e+00
-2.3729109764e+00
-4.1759777069e+00
1.1138364077e+00
-1.4106332064e+00
2.3267440796e+00
2.0055999756e+00
1.6860194206e+00
2.7040696144e+00
9.3198996782e-01
-2.3282071948e-01
-3.6939363480e+00
-1.8808380365e+00
1.2184607796e-02
-3.3978879452e-01
-1.1512608528e+00
-2.3556001186e+00
-4.5770063400e+00
-4.5578312874e+00
-3.8104922771e+00
3.1220693588e+00
3.1096284389e+00
7.5941914320e-01
-4.2760914564e-01
-3.7922723293e+00
-3.6579432487e+00
-3.0671162605e+00
1.4287377596e+00
7.8539884090e-01
2.1640937030e-01
1.2234272063e-01
9.4777238369e-01
9.2877089977e-01
-1.9916586876e+00
-2.3579902649e+00
-2.1409802437e+00
-1.7274223566e+00
-1.7657967806e+00
-1.6509796381e+00
-1.6447118521e+00
-1.5565049648e+00
6.3478261232e-01
1.9943842888e+00
2.1195242405e+00
-4.5830443501e-02
-4.8980908468e-03
3.0374197960e+00
3.3204104900e+00
1.0808479786e+00
1.4965651035e+00
1.3964842558e+00
1.5849515200e+00
-1.5575832129e-01
1.1132056713e+00
8.7112307549e-01
-1.3980957270e+00
4.5884215832e-01
-7.6118684374e-03
-3.0355474353e-01
6.9282692671e-01
-9.0788137913e-01
1.0850565434e+00
-6.0666832924e+00
-5.8974900246e+00
-3.3687286377e+00
-1.7138210535e+00
9.1357618570e-01
1.3498322964e+00
1.0523966551e+00
-8.7638741732e-01
-2.3168561459e+00
-2.1912953854e+00
-2.7127971649e+00
-3.5817353725e+00
-3.4079189301e+00
-3.6650576591e+00
6.0654908419e-01
1.1655584574e+00
5.3254014254e-01
-1.7722876072e+00
-3.3226373196e+00
-3.7385327816e+00
-1.3765406609e+00
-4.4047707319e-01
-4.2416206002e-01
-5.9200167656e-01
-4.7771897912e-01
-4.1394159198e-01
-7.1267139912e-01
-1.0450587273e+00
1.9689279795e+00
1.8521672487e+00
1.1027196646e+00
9.9934405088e-01
1.7329950333e+00
1.1837203503e+00
1.1735659838e-01
-6.0336351395e-01
3.9489790797e-02
-9.5003098249e-01
-5.7925528288e-01
-5.7597172260e-01
-7.0285993814e-01
-4.9207353592e-01
6.5561586618e-01
1.3228093386e+00
1.2762780190e+00
1.2706147432e+00
7.9254502058e-01
1.2704006433e+00
6.7203205824e-01
2.3428084850e+00
1.4575599432e+00
-5.0580805540e-01
-6.4195638895e-01
-1.0173727274e+00
-1.0026681423e+00
-1.1170055866e+00
3.1993007660e+00
2.9778453708e-01
-7.9657427967e-02
4.2051196098e+00
-2.3189587593e+00
-4.0684744716e-01
5.0729817152e-01
1.5385441780e+00
1.0157402754e+00
1.1343308687e+00
-8.6127537489e-01
-2.2600083053e-01
-1.4466438293e+00
-2.2760936990e-02
-1.3457958400e-01
-3.7724662572e-02
-5.2514646202e-02
-1.3178864121e-01
-3.8364583254e-01
8.8105428219e-01
4.3104240298e-01
-1.2945518494e+00
-2.3585181236e+00
1.0935041904e+00
8.7000906467e-01
1.9871656895e+00
6.6509711742e-01
-2.9470658302e+00
6.3903445005e-01
3.2965418696e-01
1.0785862207e+00
3.5812026262e-01
-6.1211353540e-01
3.1428609043e-02
4.7028556466e-01
-1.6311324835e+00
2.2219637409e-02
6.9440633059e-01
9.5970058441e-01
1.3026152849e+00
6.5344548225e-01
2.0780830383e+00
1.8065731525e+00
2.4771694839e-01
4.8579612374e-01
-1.2690218687e+00
-1.3980609179e+00
1.4446747303e-01
2.1690265834e-01
5.4786366224e-01
4.1672609746e-02
5.8153527975e-01
3.6308661103e-01
2.3023784161e+00
2.1329278946e+00
2.5248677731e+00
-1.3525835276e+00
-2.4999623299e+00
-9.3154680729e-01
-4.3526110053e-01
5.0731110573e-01
6.9609272480e-01
1.6398729086e+00
-1.8505257368e+00
-1.0122106075e+00
-9.0643376112e-01
-7.0614427328e-01
6.6382938623e-01
6.2657582760e-01
-5.2522355318e-01
2.3289759159e+00
1.3846108913e+00
8.1051248312e-01
-1.0874192715e+00
-5.5321427062e-03
-9.2946523800e-03
-4.1074749827e-01
-4.5145492554e+00
-3.0306921005e+00
-2.0943138599e+00
-1.3445427418e+00
-9.1271001101e-01
-5.8364462852e-01
-5.7583831251e-02
-8.8644725084e-01
-5.0954866409e-01
-5.8891785145e-01
-2.7766814455e-02
-1.4066084288e-02
6.4381748438e-02
5.6195706129e-01
-4.2040295601e+00
-4.3118262291e+00
-4.1163992882e+00
-2.3329510689e+00
-7.2526627779e-01
-1.8716241419e-01
-4.2064011097e-01
3.0264873505e+00
2.1286664009e+00
1.1563163996e+00
2.2566280365e+00
2.2499446869e+00
-1.1491155624e-01
1.7283493280e+00
1.9600741863e+00
1.2746505737e+00
6.4644706249e-01
6.7148029804e-02
-1.1502838135e-01
-2.5620651245e-01
-3.3047873527e-02
-1.2054744959e+00
-1.6005537510e+00
-9.3477511406e-01
-1.3670718670e+00
-3.2741650939e-01
5.6879323721e-01
5.9521877766e-01
-2.2195258141e+00
-1.8557095528e+00
-2.2433054447e+00
-8.2046216726e-01
-1.8207839727e+00
-1.8314794302e+00
-1.4597420692e+00
4.9557328224e-01
7.7443015575e-01
-1.9546961784e-01
1.0022459179e-01
-6.5729755163e-01
-1.1250047684e+00
-1.4951219559e+00
-6.9512832165e-01
-1.6885858774e+00
-2.3922474384e+00
-6.7538279295e-01
-7.1712426841e-02
7.8381502628e-01
1.7377926111e+00
-2.9647846222e+00
-3.0736885071e+00
-2.1622719765e+00
-3.8898015022e+00
-4.6138710976e+00
-4.1961441040e+00
-3.7382149696e+00
-1.5180760622e+00
-5.7759147882e-01
-3.3213192225e-01
8.9997577667e-01
9.0333992243e-01
7.9909104109e-01
1.7825447023e-01
-1.6151587665e-01
1.1292401552e+00
8.9589066803e-02
1.6023930311e+00
1.1139303446e+00
1.9744322300e+00
2.3369715214e+00
-1.2320288420e+00
-1.1892772913e+00
-1.4616392851e+00
-1.8839846849e+00
-1.7061654329e+00
-1.7430078983e+00
-2.2954440117e+00
4.3430376053e+00
4.6624169350e+00
1.9750145674e+00
4.0899081230e+00
3.8568675518e+00
4.1331577301e+00
4.8537688255e+00
-8.9216470718e-02
-2.7581751347e+00
-3.0922515392e+00
-3.3712844849e+00
-2.5731213093e+00
-5.2941908836e+00
-4.3255047798e+00
-4.8896840215e-01
-7.0866888762e-01
-5.3356719017e-01
-3.1633967161e-01
-2.7496233582e-01
-6.1672788858e-01
-7.6923894882e-01
1.6443806887e+00
5.7990741730e-01
-7.1906551719e-02
6.7925632000e-01
-1.1297483742e-01
2.4278860539e-02
4.5207774639e-01
2.9149022102e+00
3.9130442142e+00
3.6173052788e+00
3.1449239254e+00
2.5456857681e+00
2.6927371025e+00
2.5894310474e+00
-1.0036851168e+00
-6.0599845648e-01
2.2818109393e-01
-2.2179560363e-01
-7.9740226269e-01
-4.8474442959e-01
-3.2399681211e-01
-2.8312173672e-03
1.2399056554e-01
2.9114770889e-01
2.1608246863e-01
-2.2374720573e+00
-3.1472806931e+00
-2.7227640152e+00
2.0279385149e-01
1.4418530464e+00
9.4043576717e-01
3.5801160336e-01
2.0504765511e+00
1.2002360821e+00
5.9786558151e-01
-1.4567114413e-01
-4.4742873311e-01
-1.5987284482e-01
-1.6935549974e+00
2.3681496084e-01
-7.7863639593e-01
-1.3444511890e+00
2.5333520025e-02
-2.3258689046e-01
-1.6855360568e-01
-6.3483995199e-01
-6.6927230358e-01
-6.8498432636e-01
8.1986850500e-01
4.5583531260e-01
7.0708805323e-01
1.2249526978e+00
1.5686323643e+00
1.4637184143e+00
-1.1659049243e-01
3.6434456706e-01
-6.2790453434e-01
-8.8489156961e-01
-9.7883015871e-01
-1.1848417521e+00
-1.1272199154e+00
-1.3770956993e+00
-1.7458144426e+00
4.1767930984e-01
3.7686270475e-01
-2.4932777882e-01
-5.3775781393e-01
-2.0017673969e+00
-1.7121894360e+00
2.2477604449e-01
-1.0783281922e-01
5.5733889341e-01
-9.6217894554e-01
1.6515554190e+00
2.8140622377e-01
2.0510644913e+00
1.9035888910e+00
1.0711001158e+00
7.8191316128e-01
6.4443278313e-01
-4.2153432965e-01
-3.9624431729e-01
1.4420852065e-01
4.6638438106e-01
4.7134709358e+00
4.4221816063e+00
2.2586059570e+00
2.7656004429e+00
1.1801347733e+00
1.8563393354e+00
1.3030489683e+00
1.0445677042e+00
2.2432261705e-01
3.7034222484e-01
4.9355649948e-01
-7.5102550909e-03
-2.4171186984e-01
-8.4804117680e-01
-2.0172996521e+00
3.7929016352e-01
2.2267717123e-01
5.7252186537e-01
1.3342026472e+00
1.6850692034e+00
2.6712169647e+00
-5.7513362169e-01
-1.2890566587e+00
-8.2569724321e-01
6.8898993731e-01
3.0622577667e-01
9.9952071905e-01
1.9927628040e+00
-3.5984926224e+00
-3.2497575283e+00
-2.4708735943e+00
-1.3491892815e+00
-1.6801019907e+00
-1.4677459002e+00
-1.7064852715e+00
-6.8312990665e-01
-6.0764449835e-01
-1.1808233261e+00
2.0479924977e-01
8.1236857176e-01
9.1567224264e-01
8.7839253247e-02
-1.8108646870e+00
-1.5886161327e+00
-1.6569895744e+00
-2.0139150620e+00
-1.3676450253e+00
-1.4392033815e+00
-1.4547336102e+00
-3.5491895676e+00
-1.9676084518e+00
-3.5452573299e+00
-1.5789729357e+00
-2.7269186974e+00
-2.0084044933e+00
-3.0772819519e+00
-1.7698099613e+00
-2.9280722141e+00
4.5562601089e-01
2.1325178146e+00
3.1435403824e+00
8.4583783150e-01
-9.2337852716e-01
-3.6175110340e+00
-3.1014587879e+00
-2.2509691715e+00
8.7107010186e-02
7.1713358164e-02
8.7166833878e-01
-3.9768323302e-01
-1.1545277834e+00
-1.3927148581e+00
-7.9569941759e-01
7.2648942471e-01
3.3759523183e-02
1.2299467325e+00
7.9542315006e-01
-2.6771697998e+00
-2.8932571411e+00
6.0143572092e-01
1.3777039051e+00
2.8982143402e+00
1.0146001577e+00
1.5851783752e+00
1.2340433598e+00
1.3307185471e-01
9.9625653028e-01
6.0427033901e-01
2.5101801753e-01
3.8160723448e-01
3.8944911957e-01
1.5876287222e+00
1.0075672865e+00
7.9017704725e-01
4.4646835327e-01
2.6031276584e-01
2.7267882228e-01
6.2043774128e-01
8.8807934523e-01
1.0425903797e+00
9.3694645166e-01
1.1835364103e+00
6.9733327627e-01
9.4709676504e-01
1.9732240438e+00
-1.9089221954e+00
-1.7014167309e+00
-7.7252811193e-01
4.7580686212e-01
2.2160882950e+00
2.2365028858e+00
1.6229807138e+00
5.3536273539e-02
-5.0969421864e-01
-9.3457746506e-01
-5.1537860185e-02
2.9758989811e-01
8.5925066471e-01
-3.9122062922e-01
6.9275623560e-01
2.0523214340e+00
1.9029265642e+00
3.4367275238e-01
-1.3785574436e+00
-2.4479169846e+00
-1.5051671267e+00
-1.1269208193e+00
-1.2406746149e+00
-1.1564081907e+00
-1.5004515648e+00
-6.7564105988e-01
-1.0301963091e+00
-8.1956809759e-01
-1.3008701801e+00
-1.7428932190e+00
-1.5993083715e+00
-6.2980049849e-01
-1.2710047960e+00
3.7215688825e-01
1.1462792158e+00
2.4255290031e+00
2.1747994423e+00
1.3354994357e-01
9.2168681324e-02
1.2480636835e+00
9.4102762640e-02
1.7818062007e-01
-1.2256661654e+00
-1.5494372845e+00
-9.6604800224e-01
-9.1753810644e-01
-6.7368263006e-01
-1.4899623394e+00
-2.0617880821e+00
2.4452414513e+00
2.1872701645e+00
-1.8047736585e-01
-1.0030705929e+00
-1.1450039148e+00
-7.7138930559e-01
1.1555477381e+00
-2.2834231853e+00
-2.3461465836e+00
-2.0755140781e+00
-2.2093474865e+00
-2.1036741734e+00
-2.1859598160e+00
-2.5694122314e+00
-1.1240673065e+00
-1.4561213255e+00
-1.6259580851e+00
-9.1190910339e-01
7.8120484948e-02
1.8542410135e+00
2.7750024796e+00
4.7615781426e-01
3.9444845915e-01
5.6532537937e-01
4.0233296156e-01
4.5438557863e-01
2.1502610296e-02
-1.0259579867e-01
1.3821378946e+00
-7.3087310791e-01
-1.5321531296e+00
-1.2437810898e+00
1.2302469015e+00
2.3094971180e+00
2.9203350544e+00
-5.3230875731e-01
-2.7331188321e-01
-7.9770095646e-02
-2.4805703759e-01
1.9059793651e-01
3.8091441989e-01
-1.1329812557e-01
-9.8849266768e-01
-4.9858951569e+00
-5.6473898888e+00
-2.7494006157e+00
-8.8442033529e-01
2.8256044388e+00
2.1470432281e+00
1.4118549824e+00
1.0025749207e+00
1.2125518322e+00
4.8724630475e-01
-2.1894747019e-01
-1.1691883802e+00
-1.5498154163e+00
2.3820743561e+00
2.3408021927e+00
1.0902973413e+00
1.2013450861e+00
-3.2480660081e-01
-2.7367484570e+00
-2.6614270210e+00
-3.6544594765e+00
-3.2922246456e+00
9.8002858460e-02
1.7730857134e+00
1.9214576483e+00
1.4800974131e+00
4.4122937322e-01
1.5970907211e+00
1.3976790905e+00
2.5083088875e+00
5.9521400928e-01
1.1177889109e+00
1.1464457512e+00
9.4404107332e-01
2.5039491653e+00
1.9248119593e+00
2.6136248112e+00
1.1651000977e+00
1.3457570076e+00
7.9165659845e-03
-8.6047476530e-01
2.9766884446e-01
6.6771310568e-01
2.2935988903e+00
4.7880357504e-01
-8.0270135403e-01
-7.1503883600e-01
-1.3206927776e+00
-2.3296456337e+00
-1.4236267805e+00
-1.1897244453e+00
-1.2570004463e+00
-1.5849125385e-01
6.2992595136e-02
-7.4653320014e-02
1.0678387880e+00
3.9115589857e-01
5.8671063185e-01
1.9954779744e-01
4.4186338782e-02
2.0751232281e-02
-5.1337575912e-01
-1.7343195677e+00
-2.1301085949e+00
-2.2174837589e+00
-1.2479989529e+00
-4.3066274375e-02
5.5794703960e-01
3.9077410698e+00
-6.0408300161e-01
1.3257619143e+00
2.4277248383e+00
8.9969837666e-01
-9.9535804987e-01
-6.5248370171e+00
-6.5273122787e+00
1.2998508215e+00
-4.4114145637e-01
-9.8575562239e-01
-4.5846399665e-01
-1.1326256990e+00
-2.0434391499e+00
-1.7509328127e+00
-1.7425563335e+00
-1.9294906855e+00
-5.2125960588e-01
-9.2779386044e-01
-3.9437550306e-01
-7.5737315416e-01
3.8537418842e-01
1.0520960093e+00
1.6779613495e+00
-5.1155891269e-02
3.0339512974e-02
-4.9774312973e-01
4.0874016285e-01
1.6902101040e+00
1.9679422379e+00
1.1570824385e+00
2.4012382030e+00
1.2417888641e+00
1.5035325289e-01
-3.2082360238e-02
1.9609223306e-01
8.9048439264e-01
5.0951004028e-01
-4.8329019547e-01
-1.0914109945e+00
-8.7368297577e-01
-4.0510192513e-02
9.5549350977e-01
1.9613240659e-01
1.9800760746e+00
1.3138132095e+00
6.4016294479e-01
2.5045497417e+00
-1.2917469740e+00
-2.5100300312e+00
-1.1885725260e+00
-2.1022198200e+00
-1.3303942680e+00
-5.9836584330e-01
3.2333242893e-01
1.0650304556e+00
9.7148346901e-01
2.1865417957e+00
1.2058967352e+00
2.1267793179e+00
2.2306728363e+00
1.5067247152e+00
1.0299965143e+00
-1.2218641043e+00
1.8227363825e+00
3.6328375340e+00
5.1776680946e+00
4.6819767952e+00
6.3983025551e+00
7.7526097298e+00
4.8197326660e+00
-1.0049176216e+00
-1.4519284964e+00
-1.4936224222e+00
-1.7679194212e+00
-1.6704150438e+00
-1.8166871071e+00
-1.8641530275e+00
1.3875435591e+00
1.6271799803e+00
1.0502347946e+00
1.6216192245e+00
4.5659774542e-01
1.1828420162e+00
7.3031616211e-01
-1.7292182446e+00
-5.1774203777e-01
-1.5098274946e+00
-3.9756648540e+00
-2.5000245571e+00
-1.4597846270e+00
-9.2961329222e-01
-4.6185910702e-01
3.3381366730e-01
5.7712566108e-02
1.4139395952e+00
6.7503035069e-01
2.2475163639e-01
-1.6615489721e+00
-3.1537182331e+00
-3.1147089005e+00
-2.2576270103e+00
-9.7335195541e-01
4.3354618549e-01
1.4975144863e+00
1.0431216955e+00
-1.0004473850e-02
6.0109931231e-01
5.5846256018e-01
2.0911346376e-01
-1.1502642632e+00
-1.6244546175e+00
-7.5276118517e-01
2.4758909643e-01
7.6834380627e-02
1.0262959003e+00
7.9617184401e-01
1.2581250668e+00
2.2876794636e-01
9.8786795139e-01
-9.8554974794e-01
-1.7335381508e+00
-8.4389668703e-01
-1.2637488842e+00
-2.2431299090e-01
1.4916094542e+00
1.9459192455e-01
-3.3023908734e-02
1.0007688999e+00
2.0136833191e+00
-6.3909530640e-01
5.7804077864e-01
3.9906778932e-01
-1.1888723373e+00
2.0186612606e+00
4.3257713318e-01
-7.9508447647e-01
-9.1234534979e-01
-4.8033326864e-01
9.6119761467e-01
1.7893120050e+00
1.4501177073e+00
8.8569867611e-01
5.4912328720e-01
-5.0477707386e-01
-2.0025787354e+00
-2.3315305710e+00
-2.1081342697e+00
-2.3148660660e+00
-2.8800442219e+00
-1.7657481432e+00
-1.4472565651e+00
-2.0977575779e+00
-3.8879058361e+00
-3.4929952621e+00
-1.3047447205e+00
-1.6386667490e+00
-2.0554308891e+00
-1.9196722507e+00
-1.7641098499e+00
-2.3045697212e+00
-1.5580193996e+00
-1.3622896671e+00
-1.8973875046e+00
-1.6594858170e+00
-2.6719431877e+00
4.9508768320e-01
1.5239562988e+00
1.3018763065e+00
3.3273904324e+00
1.5871133804e+00
3.8442955017e+00
2.5866971016e+00
3.5358905792e+00
3.2405688763e+00
4.9244618416e+00
-1.1841219664e+00
-7.1468132734e-01
-7.0852965117e-01
-4.5230284333e-01
-4.5437511802e-01
-7.6245510578e-01
-5.2246773243e-01
-1.3631875515e+00
-1.8291069269e+00
-4.1559365392e-01
4.6735092998e-01
-1.1911185980e+00
-1.7068670690e-01
-1.0184081644e-01
-2.1711730957e+00
-1.6908979416e+00
-8.7525063753e-01
-1.0462895632e+00
-1.1094653606e+00
-1.6471747160e+00
-1.8930962086e+00
1.5449721813e+00
1.2820466757e+00
2.8947107792e+00
2.2954554558e+00
1.8448542356e+00
1.1819773912e+00
1.8532344103e+00
8.7030667067e-01
9.1597533226e-01
1.1507582664e+00
1.8212268353e+00
-1.1710184813e+00
-2.7895483971e+00
-3.3823158741e+00
8.5661351681e-01
4.9801969528e-01
1.5431892872e+00
-3.5570684075e-01
6.7485380173e-01
1.2396968156e-01
5.6241792440e-01
-1.4732979536e+00
-1.0453695059e+00
3.5073909163e-01
1.4027571678e+00
1.7053092718e+00
1.4626453817e-01
-1.0679595470e+00
-8.3341354132e-01
-8.8461583853e-01
-1.6395165920e+00
-1.6267269850e+00
-2.4568674564e+00
-2.6924443245e+00
-2.4225642681e+00
1.5412663221e+00
2.1382889748e+00
6.2430417538e-01
1.8466615677e+00
-1.5243384838e+00
-3.1972072124e+00
5.4734313488e-01
-1.7458030581e-01
-1.6000696421e+00
-9.6469223499e-01
-1.6576830149e+00
1.2205603123e+00
1.8923406601e+00
1.9862774611e+00
2.2377192974e+00
3.2137963772e+00
3.1616091728e+00
7.7098685503e-01
-1.0112804174e+00
-2.1508705616e+00
-1.6007258892e+00
3.5945865512e-01
-2.4560429156e-01
-1.1626940221e-01
-1.3483164310e+00
-1.3463981152e+00
-1.7225332260e+00
-5.4450023174e-01
1.2817022800e+00
2.2766916752e+00
2.0725114346e+00
-4.4034704566e-01
-2.2962715626e+00
-1.4695348740e+00
5.5793788284e-02
-1.4935326576e+00
-1.3259772062e+00
-5.8405512571e-01
1.4610285759e+00
1.0510329008e+00
-4.8163908720e-01
-4.1548910737e-01
-8.4667372704e-01
-9.2736029625e-01
-6.8836283684e-01
-7.6664769650e-01
-7.5584006310e-01
-7.1619778872e-01
-1.0582613945e+00
1.9579432011e+00
2.6111919880e+00
1.5176962614e+00
-5.1913361996e-02
1.3290685415e+00
1.9261399508e+00
1.2095364332e+00
-2.6559896469e+00
-1.2237707376e+00
2.7265438437e-01
-7.6224401593e-02
4.5535454154e-01
3.6621615291e-01
-1.0422224998e+00
-2.1882772446e+00
1.3586113453e+00
1.1406877041e+00
-6.6171765327e-01
7.6901745796e-01
-1.7380030155e+00
-2.6176755428e+00
-2.9275357723e+00
-3.7940723896e+00
-3.2051153183e+00
-2.2393457890e+00
-1.3499158621e+00
-5.2985811234e-01
3.1335026026e-01
-4.0277582407e-01
1.6494752839e-02
7.9246830940e-01
1.2148388624e+00
1.5776127577e+00
2.2471437454e+00
1.2907059193e+00
1.6817348003e+00
1.5491113663e+00
1.4998269081e+00
-5.8194673061e-01
-1.3728325367e+00
-2.8629171848e+00
-2.1670603752e+00
3.2496419549e-01
-2.9988208413e-01
-5.6249982119e-01
-4.7534394264e-01
-2.7620062232e-01
-8.5868054628e-01
-8.0402904749e-01
-2.4609074593e+00
-2.0363368988e+00
-7.7125948668e-01
-8.7185591459e-01
-8.9664709568e-01
-3.8294839859e+00
-3.8356120586e+00
1.2422440052e+00
2.5676628947e-01
1.3808621168e+00
9.5682847500e-01
6.1939132214e-01
1.3963201046e+00
9.2433267832e-01
-9.3307679892e-01
-3.6095926166e-01
2.0910787582e-01
1.2282096595e-01
2.0889830589e-01
2.9874021187e-02
-1.9549291581e-02
1.8843153715e+00
1.8474373817e+00
1.5283243656e+00
4.4510117173e-01
2.6861935854e-01
1.0519531369e-01
1.8936805427e-01
3.0757978559e-01
-4.1781935841e-02
-1.6499930620e-01
-6.5880186856e-02
9.2808522284e-02
1.5477130190e-02
8.7235033512e-02
2.8427829742e+00
2.5918684006e+00
2.8102786541e+00
3.2904891968e+00
3.5564467907e+00
-1.6467230022e-01
-2.0814657211e+00
6.2199532986e-01
2.7305433154e-01
-3.1707370281e-01
-1.6765823960e-01
-2.4183015525e-01
-1.5544260740e+00
-1.9471968412e+00
1.2440201044e+00
2.1392223835e+00
3.7322361022e-02
5.9070460498e-02
-1.5534501076e+00
-2.8201704025e+00
-3.3728001118e+00
9.8419016600e-01
1.7276108265e+00
9.5430839062e-01
4.5405349135e-01
7.3082792759e-01
1.6108968854e-01
-6.1758214235e-01
-1.0011530876e+01
-9.3197422028e+00
-1.0166469812e+00
-1.8612756729e+00
1.2899627686e+00
-7.1528249979e-01
1.8329845369e-01
1.9970309734e+00
3.1956834793e+00
3.0844209194e+00
6.2565642595e-01
-4.4759911299e-01
-6.1369481087e+00
-2.5439956188e+00
-5.9703073502e+00
-5.2557730675e+00
-3.7176346779e+00
-5.8086199760e+00
-3.7319228649e+00
-2.1203801632e+00
1.3494856656e-02
2.3998965323e-01
-4.6417835355e-01
-2.5233781338e+00
-2.4283189774e+00
-3.3974602222e+00
-3.2989218235e+00
-1.1958886385e+00
-2.4092211723e+00
-1.5038418770e+00
-3.8189496994e+00
-1.8170601130e+00
-5.8838057518e-01
2.0955452323e-01
2.7369144559e-01
1.5669467449e+00
2.2689299583e+00
9.9243664742e-01
7.1949714422e-01
-4.9167954922e-01
-3.3055872917e+00
-3.4515192509e+00
1.1582123041e+00
1.1923233271e+00
9.1606366634e-01
1.3373024762e-01
-4.7704901546e-02
2.7626350522e-01
2.5043642521e-01
1.1161491871e+00
7.8119993210e-01
4.4552266598e-02
4.0585622191e-01
9.6378296614e-01
-6.6350591183e-01
-1.1041818857e+00
-2.4365656376e+00
-3.4087839127e+00
-3.8897750378e+00
-3.7916285992e+00
-4.5292911530e+00
-2.9299857616e+00
-1.2033487558e+00
-3.6964258552e-01
-9.1802366078e-02
1.3582256436e-01
9.1805231571e-01
1.1651958227e+00
7.9370951653e-01
-2.5682117790e-02
4.0484607220e-01
1.2435340881e+00
6.3628083467e-01
5.9741246700e-01
-1.5686470270e+00
-4.4994397163e+00
-3.7365942001e+00
4.9889214337e-02
-4.4075974822e-01
1.4459495246e-01
8.6086130142e-01
-4.7364291549e-01
2.2467510700e+00
3.9498728514e-01
1.1675144434e+00
7.0789229870e-01
2.6276967525e+00
1.9462057352e+00
-7.2206139565e-01
-1.5479370356e+00
-2.4340283871e+00
2.8701829910e-01
1.5941944718e-01
-1.0112964362e-01
-2.1695297956e-01
7.4080282450e-01
8.8943696022e-01
1.0328970104e-01
3.2215485573e+00
-4.9579300880e+00
-5.2126088142e+00
-6.7779350281e+00
-1.6793634892e+00
8.2689404488e-01
1.4924867153e+00
-2.0700676441e+00
1.1044540405e+00
7.2643393278e-01
7.3065757751e-01
1.5143258572e+00
-2.1299028397e+00
-1.7771089077e+00
1.0427360535e+00
2.1845166385e-01
-7.6317620277e-01
-1.5462130308e+00
-8.3383518457e-01
-2.5316824913e+00
-1.1894239187e+00
3.0163340569e+00
2.3339483738e+00
4.4872224331e-01
-7.0055228472e-01
-1.1763011217e+00
-9.6930593252e-01
-8.5964524746e-01
1.7744933367e+00
1.4013946056e+00
1.6284300089e+00
1.2760316133e+00
6.2542462349e-01
6.4531087875e-01
1.0904822350e+00
6.0346585512e-01
1.1691615582e+00
8.8631194085e-03
1.0630861521e+00
1.7083446681e-01
4.4497483969e-01
-1.1664024591e+00
-5.8399039507e-01
1.4575392008e+00
-4.9042803049e-01
1.3733042479e+00
-5.2566945553e-01
1.3052542210e+00
1.0791461468e+00
5.6300032139e-01
9.7653621435e-01
-7.5133669376e-01
-1.3168292046e+00
-2.5383524895e+00
-2.9572014809e+00
-1.0950074196e+00
6.6928219795e-01
5.9123492241e-01
6.5754777193e-01
1.1882115602e+00
7.0826053619e-02
-3.4242243767e+00
-7.1116776466e+00
-2.1470327377e+00
-1.0050902367e+00
-2.0744905472e+00
-5.7584100962e-01
-3.2088476419e-01
-1.2217182666e-01
3.3303055167e-01
2.0081973076e+00
1.1856526136e-02
1.6611125469e+00
1.7429407835e+00
-1.1102399826e+00
-2.5754871368e+00
-2.0798611641e+00
-3.0561497435e-02
2.2356551886e-01
2.8951448202e-01
9.1001319885e-01
1.6150069237e+00
2.5321369171e+00
1.5924640894e+00
1.9183798134e-01
-3.2186388969e+00
-4.4071168900e+00
-4.9080295563e+00
-3.8463871479e+00
-1.8520478010e+00
2.2480416298e-01
6.9083219767e-01
1.5254589319e+00
1.4669722319e+00
7.7503192425e-01
9.8098203540e-02
7.8941744566e-01
-2.7525514364e-02
-3.7732450962e+00
-1.1653939486e+00
2.6234337687e-01
4.5772925019e-01
3.1064477563e-01
-3.0422912911e-02
2.2891540825e-01
-7.0470619202e-01
-1.5704500675e+00
-7.8204017878e-01
1.3023525476e-01
3.0355414748e-01
-8.1420883536e-02
-2.7060478926e-01
1.2990182638e+00
8.4542083740e-01
7.4360024929e-01
1.0859296322e+00
1.2508128881e+00
5.6565618515e-01
9.6040701866e-01
7.2047102451e-01
1.1112232208e+00
9.8197400570e-01
1.3094019890e+00
-5.6385457516e-01
-1.1998735666e+00
-3.1655042171e+00
-2.0207617283e+00
-1.5823056698e+00
-4.0800070763e+00
-4.2414946556e+00
-3.6219267845e+00
1.1067171097e+00
3.8744220138e-01
1.8966376781e+00
1.6598631144e+00
1.7689384222e+00
1.8096051216e+00
2.1512372494e+00
1.7549904585e+00
2.5565912724e+00
1.5393725634e+00
1.1096889973e+00
1.0714591295e-01
-3.8792073727e+00
-3.7530994415e+00
-4.3132214546e+00
-5.3498449326e+00
-5.0823444128e-01
-2.9382573441e-02
2.1309565008e-01
2.1013557911e-01
-4.9657043070e-02
-1.1227837205e-01
-1.5399913490e-01
-3.9309144020e+00
-3.3883850574e+00
-2.8514962196e+00
-2.0312676430e+00
-1.0650150776e+00
-3.7154891491e+00
-1.5805134773e+00
-5.2067899704e+00
-3.9000735283e+00
-5.3084152937e-01
-2.2403284907e-02
1.9628152251e-01
-4.2600721121e-02
-3.2970994711e-01
-5.2211723328e+00
-3.7831358910e+00
-4.2620778084e+00
-1.6874388456e+00
-4.0821710229e-01
2.2231167555e-01
1.0259745121e+00
1.7486697435e+00
-1.0964269638e+00
-2.8537144661e+00
-1.9333709478e+00
-4.9642152786e+00
-7.5660026073e-01
3.2851096988e-01
1.5294711590e+00
1.3249772787e+00
1.5607227087e+00
1.2327053547e+00
1.7932031155e+00
1.5606577396e+00
1.6112341881e+00
1.9722869396e+00
-9.1871112585e-01
1.1011162996e+00
-1.1058856249e+00
2.6295716763e+00
-5.2556717396e-01
2.1842343807e+00
1.2772415876e+00
3.3660328388e+00
3.2759721279e+00
1.8580479622e+00
6.2405872345e-01
8.9244359732e-01
1.4482859373e+00
-1.2477968931e+00
-2.1221570969e+00
-5.4824213982e+00
3.0368703604e-01
-6.1314803362e-01
3.6988928914e-01
-4.5295804739e-01
-2.0516850948e+00
-7.3561096191e-01
1.1754287407e-02
3.2993879914e-01
-6.6938534379e-02
8.7901785970e-02
-7.8147751093e-01
-6.9257049561e+00
-5.2514648438e+00
-6.0731582642e+00
-4.5053277016e+00
4.5056688786e-01
1.7692557573e+00
1.9438269138e+00
5.2225655317e-01
-3.7444853783e-01
-3.6891012192e+00
-3.8500521183e+00
-2.3669533730e+00
-1.0028612614e+00
-3.7700167298e-01
3.1305602193e-01
6.5226107836e-02
6.0876315832e-01
4.6775975823e-01
5.9498852491e-01
9.0806746483e-01
1.3036574125e+00
1.7694225311e+00
1.7407782078e+00
1.9094338417e+00
4.5909585953e+00
1.9451167583e+00
3.3104783297e-01
-2.4411563575e-01
7.9315197468e-01
8.5234308243e-01
7.3069250584e-01
6.9433486462e-01
2.0304601192e+00
2.4805910587e+00
1.4073780775e+00
5.8088998795e+00
-4.0480771661e-01
-5.5305314064e-01
-3.7269468307e+00
-8.3783206940e+00
1.3500910997e+00
-8.2477903366e-01
3.2537001371e-01
1.7549526691e+00
2.6810834408e+00
1.6336904764e+00
-3.3117738366e-01
-1.8581184149e+00
-2.4803428650e+00
-5.0073152781e-01
7.8794270754e-01
-3.7818855047e-01
-1.9240385294e-01
1.5093675256e-01
-1.8008196354e-01
1.1709837914e+00
-3.7161731720e-01
8.9400105178e-02
3.1795990467e-01
3.5974639654e-01
4.8382648826e-01
6.5943038464e-01
2.7654249668e+00
1.9337907434e-01
1.6918851435e-01
4.6013828367e-02
-3.8769736886e-01
-4.6679545194e-02
-1.5516330302e-01
-1.8557485938e-01
8.0200415850e-01
3.8069185615e-01
-5.1148586273e+00
-2.0076551437e+00
-1.9884474576e-02
7.7256864309e-01
-7.5701719522e-01
6.9055062532e-01
6.8997776508e-01
3.0797478557e-01
2.5272858143e-01
4.3955197930e-01
-4.8700225353e-01
-9.9438399076e-01
6.7646592855e-02
8.8609978557e-02
-1.3132174313e-01
1.9216044247e-01
2.8486630321e-01
2.3774050176e-01
-2.0883094519e-02
-9.9917364120e-01
5.5536252260e-01
-1.1039921045e+00
6.6162830591e-01
-2.2477261722e-02
1.1606434584e+00
-6.5516196191e-02
-9.3094283342e-01
-3.6193776876e-02
-2.4490854144e-01
-2.9171824455e-02
-1.0699726641e-01
1.0291119665e-01
-9.8523244262e-02
1.1519428492e+00
7.9521489143e-01
-1.3153347969e+00
-1.5640769005e+00
-7.3681777716e-01
1.8770866394e+00
2.2825715542e+00
-4.0912704468e+00
-3.7357034683e+00
-2.7185785770e+00
-3.4614262581e+00
-2.8450083733e+00
-4.3399791718e+00
-1.8494812250e+00
1.0866031647e+00
6.1467874050e-01
1.8758931160e+00
2.1778497696e+00
1.4315286875e+00
7.5615060329e-01
1.3478957415e+00
7.2537845373e-01
2.8625550866e-01
6.2935495377e-01
6.9663548470e-01
4.2194667459e-01
8.0509260297e-02
1.1910580397e+00
-1.3477894068e+00
5.0318980217e-01
1.7379342020e-01
1.5939919949e+00
-3.1259274483e-01
-8.7727862597e-01
-8.0130004883e-01
8.2623302937e-01
1.1824302673e+00
1.9592684507e+00
2.2482066154e+00
1.7873499393e+00
4.3060138822e-01
-8.1403441727e-02
6.2010163069e-01
-6.1350893974e-01
-1.7538365722e-01
1.9344756603e+00
2.6853473186e+00
-8.3855104446e-01
-1.8747236729e+00
1.0220454931e+00
1.2668141127e+00
1.5951277018e+00
1.9715678692e+00
1.2825452089e+00
3.1982263923e-01
6.1488103867e-01
1.3184324503e+00
-6.7864686251e-02
1.4414765835e+00
9.6414500475e-01
-3.8430574536e-01
-2.5220589638e+00
-4.1136341095e+00
1.8799709082e+00
-9.7776334733e-03
-9.6168696880e-01
5.2372813225e-01
1.5681972504e+00
8.3649533987e-01
1.1563122272e+00
-3.4577783942e-01
-2.0079506934e-01
-2.2881346941e-01
-1.0348943761e-03
6.6817879677e-02
1.8835285306e-01
-9.1743871570e-02
1.0586934090e+00
4.3148505688e-01
-3.6478409171e-01
-1.4405118227e+00
-2.2331345081e+00
-4.4008483887e+00
-5.7877073288e+00
3.1645643711e-01
1.6140340567e+00
9.2248350382e-01
1.3013268709e+00
6.4517676830e-01
-7.3997080326e-02
-3.0626288056e-01
-1.8984183669e-01
-3.0316305161e-01
-8.8708353043e-01
-1.8517846242e-02
4.2606174946e-01
4.6517467499e-01
2.2926491499e-01
-9.5181953907e-01
-3.7266731262e-01
-6.3819533587e-01
3.0832526088e-01
1.1738227606e+00
2.2747120857e+00
7.8404110670e-01
1.9119305909e-01
-5.6756681204e-01
-6.7780292034e-01
-1.1529456377e+00
-2.1645030975e+00
-3.9581878185e+00
-3.5979404449e+00
-3.9969732761e+00
-2.7436676025e+00
-7.9921799898e-01
-1.9324325025e-01
5.3038552403e-02
5.2389591932e-02
3.5945373774e-01
-7.3184555769e-01
-7.9037642479e-01
-1.7906675339e+00
-2.9388816357e+00
-4.8329138756e+00
-4.9110913277e+00
-4.2458415031e+00
5.8406776190e-01
6.8345046043e-01
1.2829043865e+00
1.6067247391e+00
4.4964140654e-01
1.6550455987e-01
-1.9625830650e+00
-2.4222602844e+00
-3.1964564323e+00
-1.2253222466e+00
-6.8540346622e-01
1.6405832767e-01
-6.0051077604e-01
-1.1593550444e-01
-1.8616183996e+00
9.3841060996e-02
-3.0500796437e-01
3.6039724946e-01
2.5726869702e-01
3.6017894745e-01
7.0768600702e-01
-1.2449197769e+00
-5.6230330467e-01
-1.9739207029e+00
5.2098631859e-01
1.2413452864e+00
3.7829027176e+00
1.2852495909e+00
-2.1968103945e-01
-5.5350130796e-01
-9.2422980070e-01
-1.4858831167e+00
-1.5425671339e+00
-3.3191211224e+00
-3.5374705791e+00
-1.2238320112e+00
-7.1046751738e-01
1.5956479311e-01
7.2914674878e-02
4.0634122491e-01
7.1453964710e-01
6.4329391718e-01
1.2875583172e+00
-4.5602604747e-01
2.2574737072e+00
1.7579901218e+00
2.0378262997e+00
-2.4159640074e-01
-7.2974479198e-01
-1.0358718634e+00
2.3657324910e-01
1.0295664519e-01
1.1619594097e+00
1.4867446423e+00
5.8194869757e-01
-1.4775925875e-01
-1.0461436510e+00
-1.9441422820e-01
-2.5194197893e-01
-2.1425813437e-01
-2.4294650555e-01
4.1298660636e-01
2.3884885013e-01
-1.1021822691e-01
6.5402597189e-01
4.0699100494e-01
4.3813750148e-01
6.5516543388e-01
3.3705258369e-01
5.7040542364e-01
-2.6989016533e+00
-1.8558641672e+00
-1.0305000544e+00
-1.5397374630e+00
-2.8488826752e-01
-2.8935139179e+00
-2.3884525299e+00
1.5175468922e+00
1.2148317099e+00
6.0314851999e-01
2.5879627466e-01
7.0890307426e-02
1.3424901292e-02
-6.2904936075e-01
1.6750465631e+00
9.4347459078e-01
4.5628744364e-01
2.3979074955e+00
1.9541255236e+00
9.7266852856e-01
9.9542135000e-01
-2.2966523170e+00
-1.6079633236e+00
-3.2853906155e+00
-3.0131604671e+00
-1.7062650919e+00
-9.9018204212e-01
-7.9470616579e-01
-2.3324880004e-01
-4.1324576735e-01
9.2203982174e-02
1.4075925946e-01
-2.0344038010e+00
-3.5728149414e+00
-3.8899388313e+00
8.9588314295e-03
-8.2041598856e-02
2.1396498382e-01
6.7630475760e-01
3.0943801627e-02
-1.7180803418e-01
-3.6835458875e-01
-2.5466299057e-01
-5.1732647419e-01
-7.3772853613e-01
-7.0391315222e-01
-1.3476755619e+00
-2.2340898514e+00
-2.3866808414e+00
3.7961199880e-01
-2.0423856378e-01
-6.9897174835e-01
-1.0544620752e+00
-1.2071758509e-01
1.7106868327e-01
1.3672894239e+00
-4.6569305658e-01
-8.7675780058e-01
1.7904312611e+00
4.9365836382e-01
-8.1704426557e-03
-8.5410684347e-01
-1.5981850624e+00
-1.0541324615e+00
-1.3430068493e+00
-9.7189116478e-01
-1.0629124641e+00
2.0110231638e-01
-1.3451428711e-01
6.5433247946e-03
1.5440502167e+00
1.6138775349e+00
1.7584711313e+00
3.1901302338e+00
1.7044038773e+00
2.0896134377e+00
5.0771027803e-01
1.6858375072e-01
3.7246558815e-02
5.2283208817e-02
-5.1046438515e-02
-1.2233524024e-01
-2.9237684608e-01
-5.1698148251e-01
2.7689533234e+00
2.1029243469e+00
1.5726207495e+00
6.4943879843e-01
1.8304102421e+00
-1.5318495035e+00
-1.2076481581e+00
-5.7477855682e-01
3.1611219049e-02
-9.5150582492e-03
-2.3391935229e-01
-2.0013363361e+00
-3.4441502094e+00
-5.6251010895e+00
-1.1200232506e+00
-1.6835649014e+00
-2.2266242504e+00
-3.0367093086e+00
-6.2106781006e+00
-6.5048456192e+00
-5.6816673279e+00
-1.1815477610e+00
-3.8242712617e-01
-1.1107472181e+00
1.5528336763e+00
2.4540017545e-01
-6.4753293991e-01
-1.8699884415e-01
7.3281770945e-01
7.3093008995e-01
8.9559805393e-01
8.4961724281e-01
5.6324583292e-01
2.0420563221e-01
6.6635049880e-02
-1.7481982708e+00
-7.1196168661e-01
-2.0739283562e+00
5.3823739290e-02
-2.6136536598e+00
-6.8010926247e-01
-2.1605548859e+00
-4.9323078990e-01
-1.7071081400e+00
-5.6413161755e-01
-4.4079807401e-01
5.3719937801e-01
-1.9528182745e+00
-2.1971223354e+00
-1.7548982799e-01
-5.1921296120e-01
-7.0647156239e-01
-1.8568928242e+00
-2.1486673355e+00
-4.6097650528e+00
-6.0493831635e+00
3.4718427062e-01
4.1823777556e-01
1.5559408069e-01
-1.4432489872e+00
-5.2492651939e+00
-5.4471898079e+00
-4.3124289513e+00
2.2616610527e+00
1.7442089319e+00
1.6402926445e+00
6.2562614679e-01
2.7265003324e-01
-1.1848621368e+00
-9.0366065502e-01
-8.9921665192e-01
-1.4658780098e+00
1.7622166872e-01
1.6943407059e+00
1.2219136953e+00
-2.2419000044e-02
-2.9108566046e-01
-1.0215317011e+00
-1.4613164663e+00
-1.4606395960e+00
-1.2225993872e+00
-9.2168492079e-01
-4.7149080038e-01
-5.5392813683e-01
-5.9013202786e-02
-4.2959374189e-01
5.3512132168e-01
8.3031100035e-01
1.5085910559e+00
2.9124791622e+00
2.6682255268e+00
-1.9815845490e+00
-2.4137654305e+00
-2.2037036419e+00
-6.3053286076e-01
-5.5123478174e-01
-2.3264503479e+00
-2.4921872616e+00
-4.6568962932e-01
3.3593211174e+00
3.4055429697e-01
-3.1293845177e-01
3.0422511101e+00
-5.3213626146e-01
1.8500087261e+00
3.1308361888e-01
7.2790437937e-01
1.5681682527e-01
-7.1171015501e-01
1.5557130799e-02
3.2709845901e-01
9.2613220215e-01
3.4186751842e+00
2.3095159531e+00
1.6835924387e+00
7.3267930746e-01
1.3967608213e+00
7.1877521276e-01
-5.1647096872e-01
-1.1224950552e+00
-1.3119529486e+00
-1.8290871382e+00
-1.7566304207e+00
-2.9093136787e+00
-3.5372810364e+00
-3.4370675087e+00
-1.9689358771e-02
2.0126940310e-01
1.6686289012e-01
1.2225184590e-01
3.7944239378e-01
2.1283017099e-01
-1.6350536048e-01
1.3553560972e+00
6.7350840569e-01
5.7640236616e-01
6.3720065355e-01
8.3959197998e-01
-3.0931884050e-01
-1.4123698473e+00
3.4252947569e-01
2.0990204811e-01
-6.8625503778e-01
-3.8994047046e-01
-4.2380690575e-01
7.5216698647e-01
1.1881884336e+00
2.9178375378e-02
6.8658262491e-02
4.4878482819e-02
5.1043502986e-02
7.1492202580e-02
5.3953401744e-02
2.1354945004e-01
-4.9579524994e+00
-3.2604348660e+00
-4.0239243507e+00
-4.7222766876e+00
-7.2755093575e+00
-6.3123788834e+00
-3.6919493675e+00
-6.8648058176e-01
-4.3361243606e-01
-9.5502167940e-02
-1.5610578656e-01
1.3032153249e-01
-1.9504605234e-01
2.2000032663e-01
2.7807605267e+00
1.4554429054e+00
-1.0562644005e+00
-1.7772781849e+00
1.4747405052e+00
3.4911277890e-01
-2.6452558041e+00
6.6213697195e-01
1.3382263184e+00
-1.8505469561e+00
-1.1381679773e+00
-3.1209726334e+00
7.8327149153e-01
-1.4775457382e+00
-1.1285160780e+00
-2.4230704308e+00
-5.3972673416e+00
-7.1744465828e+00
-1.5763243437e+00
-2.4409089088e+00
-6.6087055206e-01
-4.2688627243e+00
-1.3028490067e+01
-9.6389951706e+00
-1.7912305593e+00
-2.9082143307e-01
-8.3134457469e-02
-5.6507112458e-03
9.4592034817e-01
1.3929994404e-01
6.4819788933e-01
1.1543049812e+00
-1.1781296730e+00
1.4850229025e+00
-4.2381176949e+00
-7.7183880806e+00
-1.0427150726e+01
-1.6211835146e+00
-1.0118838549e+00
4.6866530180e-01
-1.8763107061e-01
1.8755518198e+00
-5.9446680546e-01
-1.1527255774e+00
-4.5400387049e-01
1.4866427183e+00
1.6100549698e+00
-4.9630317092e-01
-2.5061041117e-01
-9.2547712326e+00
-5.6914038658e+00
-2.7526283264e+00
-5.9141856432e-01
-9.2189610004e-02
-2.3744775355e-01
6.0837093741e-02
-8.4121257067e-01
-1.0770794153e+00
-5.2925288677e-01
-1.1806727201e-01
1.0389757901e-01
-2.3236790299e-01
-8.8658839464e-01
-1.5048029423e+00
-1.9744739532e+00
-2.4704127312e+00
-2.1460273266e+00
-2.6615935564e-01
1.3817442656e+00
1.3613225222e+00
-4.0954031944e+00
-4.6681447029e+00
-6.2849192619e+00
-1.0468003273e+01
-1.2300097466e+01
-3.2276861668e+00
-1.2945742607e+00
8.2883840799e-01
1.3119285107e+00
9.5260435343e-01
8.0424690247e-01
1.0280474424e+00
1.5975335836e+00
2.3152704239e+00
-2.0688042641e+00
-6.2601852417e-01
1.8616642058e-01
7.1789485216e-01
1.7781337500e+00
1.4188894033e+00
-8.1624275446e-01
-1.6808435321e-01
1.6858141869e-02
6.0490500927e-01
-1.2863321602e-01
6.2066882849e-02
1.9509066641e-01
5.5783557892e-01
-3.3203413486e+00
-2.5008060932e+00
-1.6118441820e+00
-3.7300470471e-01
-1.3000178337e-01
9.2827314138e-01
1.8606951237e+00
1.5509471893e+00
1.8056745529e+00
-2.5366234779e-01
7.8502327204e-02
1.4111945033e-01
-2.7264518738e+00
-3.6362473965e+00
7.0312517881e-01
9.3927043676e-01
-4.7368507385e+00
-1.8403248787e+00
-7.0838648081e-01
5.3079617023e-01
-4.2996543646e-01
4.7221517563e-01
6.1574196815e-01
5.9746849537e-01
1.1658741236e+00
9.7334176302e-01
2.7986130118e-01
-6.5534648895e+00
-2.8976187706e+00
3.8885983825e-01
1.3183951378e+00
1.4375258982e-01
1.3322889805e+00
9.8420888186e-01
2.5236347318e-01
2.6182889938e+00
9.1988772154e-01
8.5913217068e-01
2.7179712057e-01
1.5185382366e+00
-7.0411339402e-02
-9.9019265175e-01
-6.5189137459e+00
-5.8320188522e+00
-7.8510129452e-01
-1.0256817192e-01
2.9875457287e-01
-2.4917564588e-04
8.6259759963e-02
-1.2823629379e+00
-4.8262485862e-01
-1.3169448376e+00
-3.8122251630e-01
-1.0311318636e+00
-1.1851063967e+00
-1.6207381487e+00
-6.3618637621e-02
-1.6159263253e-01
-2.0323465765e-01
-7.0067897439e-02
1.4001110196e-01
3.4193208814e-01
5.5340039730e-01
-9.1103577614e-01
3.3426663280e-01
9.5549948514e-02
9.4423961639e-01
4.2774939537e-01
1.6548891068e+00
1.1101920605e+00
-5.5912953615e-01
-1.6713911295e+00
5.1881313324e-01
2.9703652859e-01
1.3086227179e+00
-1.5325250626e+00
1.3064476848e-01
-4.2006473541e+00
-1.5317052603e+00
-4.7865074128e-02
1.3151636720e-01
7.1203720570e-01
5.5945485830e-01
1.0564157963e+00
-1.3608441353e+00
-5.0875406265e+00
-9.6161680222e+00
-3.2621707916e+00
5.0050580502e-01
4.2696672678e-01
1.8933309615e-01
-3.6926138401e-01
1.0733389109e-01
-5.4043221474e-01
8.0434548855e-01
1.3563157618e-01
-1.3897997141e-01
-3.1534957886e-01
-3.6092805862e+00
-3.7573935986e+00
-6.5990147591e+00
-2.1700637341e+00
8.3045655489e-01
-7.0359534025e-01
3.6480945349e-01
4.5516046882e-01
6.4011722803e-01
1.2235569954e+00
1.3049305677e+00
4.4715687633e-01
-5.7127702236e-01
-2.5885825157e+00
-2.3317420483e+00
-1.2432498932e+00
8.8554817438e-01
-2.5768724084e-01
3.8890427351e-01
1.3236525059e+00
6.1706644297e-01
-2.3623199463e+00
4.4535854459e-01
3.1424459815e-01
-9.9879473448e-01
-2.2249510288e+00
-3.7632541656e+00
-4.6071815491e+00
-1.7553105950e-01
-4.7849342227e-01
-5.6281381845e-01
3.4143546224e-01
-5.8905673027e-01
-9.6263790131e-01
-3.2783536911e+00
-5.9289664030e-02
2.1734166890e-02
1.0736457258e-01
-1.8845664337e-02
-3.0958786607e-02
6.0684371740e-02
1.1751624942e-01
1.2212184668e+00
1.2290179729e+00
1.3544672728e+00
9.0041065216e-01
1.1409455538e+00
1.0917254686e+00
1.8044730425e+00
-8.3102464676e-01
-8.9193141460e-01
-3.1389162540e+00
-5.6098179817e+00
7.0247775316e-01
9.8860901594e-01
1.0226120949e+00
1.6111898422e-01
2.1572157741e-01
1.1194283962e+00
4.6825838089e-01
1.9492987394e+00
-1.2426021099e+00
1.3848767281e+00
-7.4893021584e-01
-5.0846791267e-01
-5.5710881948e-01
-4.6178728342e-01
-4.7385284305e-01
-5.9543734789e-01
-8.5189956427e-01
-3.3303511143e+00
-1.6118997335e+00
-6.9219940901e-01
-1.0892355442e+00
1.0737121105e+00
2.3220453262e+00
4.1326708794e+00
-2.9924386181e-03
-5.0656847656e-02
-4.6581178904e-02
5.6926971301e-03
-6.2169183046e-02
-2.0152296871e-02
9.2461757362e-02
-7.0410734415e-01
-7.8764468431e-02
2.7783375978e-01
-1.2128591537e+00
5.8063572645e-01
-1.5729904175e+00
3.9051264524e-01
2.4600222707e-01
2.7404537797e-01
-7.2114312649e-01
-3.0254736543e-01
1.4210822582e+00
4.8334452510e-01
-1.6614210606e-01
-3.6333233118e-02
-1.1138217151e-01
-2.1120827645e-02
6.1073863506e-01
-4.4080331922e-01
-1.1702144146e+00
-3.5108754635e+00
-3.7737448215e+00
-2.5394210815e+00
-2.6943528652e-01
1.5653662384e-01
7.2363001108e-01
4.9096870422e-01
-2.1801087856e+00
5.7370316982e-01
1.0295361280e+00
7.3667562008e-01
8.6630713940e-01
8.0510610342e-01
1.3372409344e+00
1.3430470228e+00
2.4344577789e+00
-4.5850110054e-01
2.0469465256e+00
3.8197748661e+00
5.2866148949e-01
5.1913118362e+00
-2.8047575951e+00
-2.2549679279e+00
-3.1592626572e+00
-5.5897408724e-01
-4.2909765244e-01
1.1235872507e+00
3.8277003169e-01
7.5434333086e-01
7.8875434399e-01
4.7013527155e-01
8.8641434908e-01
7.5180625916e-01
1.4189410210e+00
1.9528535008e-01
2.3277044296e+00
-2.8070986271e-01
-2.9953396320e-01
-3.3660760522e-01
6.7082214355e-01
-6.4452499151e-02
-1.4569082260e+00
-2.8169655800e+00
-3.4190752506e+00
-4.0760221481e+00
2.1170136929e+00
2.7068605423e+00
-5.5518823862e-01
-2.9192001820e+00
-4.0272331238e+00
-1.7632621527e+00
-4.9683567882e-01
1.0096319914e+00
8.4462410212e-01
-6.6483753920e-01
6.1425292492e-01
5.2015855908e-02
-7.6673680544e-01
-4.8383900523e-01
-3.3476248384e-01
-4.0090861917e-01
-3.7792289257e-01
-5.3572994471e-01
-5.5942136049e-01
-2.5270029902e-01
-1.7304925919e+00
-5.3341515362e-02
-9.5401990414e-01
-7.0049399137e-01
-3.2568972111e+00
-1.8403614759e+00
1.1435334682e+00
6.4037764072e-01
1.8326531649e+00
2.2978098392e+00
-1.1291981675e-02
1.9536916018e+00
2.3780244589e-01
-8.1577425003e+00
1.3312180042e+00
-3.1899693608e-01
2.2027420998e+00
-3.6160647869e-01
1.0446985960e+00
4.7704660892e-01
-2.3393075466e+00
-5.8147935867e+00
-5.3815503120e+00
-4.3522834778e+00
-6.0508370399e+00
-6.3844909668e+00
-1.3185738325e+00
-1.1394156218e+00
-1.0890200138e+00
-1.1048148870e+00
-1.0658622980e+00
-1.2116111517e+00
-1.2061873674e+00
-1.1891566515e+00
4.7248107195e-01
1.2849496603e+00
8.3402204514e-01
2.2611804008e+00
2.3923118114e+00
-1.5108960867e-01
-3.5166981220e+00
-7.9761320353e-01
-5.1476824284e-01
-1.6598984599e-01
5.2328135818e-02
-3.3066626638e-03
-4.0959749371e-02
-1.1156418175e-01
3.5243791342e-01
4.6427226067e-01
-1.8468828499e-01
-1.4924395084e-01
-2.1819458902e-01
1.1874607801e+00
1.3930703402e+00
4.2122345418e-02
2.5692325830e-01
6.1023521423e-01
8.2316696644e-01
6.3758134842e-01
8.1387645006e-01
4.1097140312e-01
4.8989185691e-01
6.1678316444e-02
-1.0988841951e-01
4.1648420691e-01
2.7590021491e-01
1.1838992685e-01
1.0420398414e-01
-7.0625704527e-01
-3.2036682963e-01
3.6092084646e-01
-1.5030808449e+00
-4.4000997543e+00
1.6659218073e-01
-5.6107950211e-01
1.3218611479e+00
4.3697732687e-01
8.1777185202e-01
8.6783427000e-01
3.3525764942e-01
3.4630131721e-01
4.8342794180e-01
7.9253822565e-01
3.4812846780e-01
-1.4626196623e+00
1.5120603144e-01
5.5545854568e-01
1.8804261088e-01
-2.5363614559e+00
-1.3684216738e+00
7.6395052671e-01
-9.7240012884e-01
1.8837378025e+00
7.8721189499e-01
1.1335241795e+00
1.5813539922e-01
-1.1147661209e+00
-4.9255213737e+00
-4.5297255516e+00
-8.6539804935e-01
-5.9800252318e-02
3.1123976707e+00
2.5625438690e+00
-1.4562053680e+00
-6.7323350906e+00
-2.3110466003e+00
-7.7418076992e-01
5.2035838366e-01
-1.0223080218e-01
3.1554645300e-01
2.8920454979e+00
2.4314765930e+00
-1.2941633463e+00
1.9632519484e+00
-5.8163366318e+00
-3.9898318052e-01
-1.1382390976e+01
-5.0220842361e+00
-4.4640145302e+00
-3.3294022083e-01
-6.3008886576e-01
1.0778385401e+00
4.9663081765e-01
1.0821814537e+00
-1.8800412416e+00
-2.0172185898e+00
-9.5439746976e-02
2.4083135128e+00
-2.7534470558e+00
-3.0117490292e+00
-3.3586418629e+00
-6.4282703400e+00
-2.5512156487e+00
-1.3401010036e+00
9.3513560295e-01
1.1539391279e+00
1.1964715719e+00
1.5658956766e+00
4.9515947700e-01
1.2430294752e+00
4.3777737021e-01
1.3730986118e+00
1.3587903976e+00
-1.0085133463e-01
-1.3496617079e+00
-2.5389671326e+00
-2.1596353054e+00
-5.9265595675e-01
9.2213273048e-01
1.9195570946e+00
1.0074129105e+00
1.2648316622e+00
-5.9239292145e-01
-5.6957191229e-01
-1.4280078411e+00
-3.2077319622e+00
-3.2598323822e+00
-7.7636641264e-01
-8.8285496458e-03
1.1916365623e+00
1.8535505533e+00
2.1256430149e+00
2.0213639736e+00
1.5492388010e+00
1.5795108080e+00
1.0630558729e+00
-1.1183745861e+00
-1.2488505840e+00
2.7229177952e+00
3.3774952888e+00
1.1260931492e+00
1.1677165329e-01
-1.6026405096e+00
1.3356875181e+00
1.5486330986e+00
1.4241926372e-01
1.2888504267e+00
9.0714561939e-01
9.2778956890e-01
7.1735823154e-01
-3.2059974670e+00
-3.7888014317e+00
-2.3070740700e+00
4.0863028169e-01
1.4244403839e+00
1.9847490788e+00
2.5123136044e+00
1.6932234764e+00
5.2405887842e-01
-3.8359424472e-01
5.0437306054e-03
-2.1093375683e+00
-3.5216085911e+00
-3.5020816326e+00
-1.0309261322e+01
-2.1167566776e+00
-3.4767317120e-03
1.6938120127e+00
2.4325885773e+00
2.5959229469e+00
1.7345476151e+00
2.9731652141e-01
3.2359850407e-01
-4.7420701385e-01
-2.9034271836e-01
-4.8681793213e+00
-1.0437786579e+00
-6.6705381870e-01
4.8120674491e-01
-1.0543382168e+00
3.0192596912e+00
1.8773685694e+00
5.5764365196e-01
6.5569710732e-01
-2.3393261433e+00
-6.8537646532e-01
6.0716319084e-01
-1.3371833563e+00
-1.5739076138e+00
-6.0576878488e-02
-1.4776332676e-01
-1.1135807037e+00
-7.4840879440e+00
-1.5209968090e+00
-1.2718304992e-01
1.2382119894e+00
4.2937880754e-01
1.8692669272e-01
4.1017112136e-01
-1.1072857380e+00
-3.0949454308e+00
-3.2160687447e+00
-4.0235657692e+00
-2.7003936768e+00
-3.2733261585e+00
-3.1975457668e+00
2.4162619114e+00
2.4859185219e+00
2.3293349743e+00
2.1634554863e+00
2.2009592056e+00
2.4242906570e+00
2.5221853256e+00
-5.6516486406e-01
1.8539843559e+00
4.1877064109e-01
2.6061089039e+00
8.1148427725e-01
2.0158977509e+00
1.8233973980e+00
7.8651875257e-01
-1.9544968009e-01
1.2567003965e+00
2.0330893993e-01
1.0306314230e+00
6.2834930420e-01
-1.2505948544e-01
-1.9496648312e+00
-2.1737562120e-01
9.2056500912e-01
8.4624081850e-01
3.5674321651e-01
9.6409869194e-01
4.2972195894e-02
-3.5754258633e+00
-6.4141631126e+00
-2.8319947720e+00
-1.1562769860e-01
1.3558776677e-01
8.9403259754e-01
2.2031779587e-01
5.0432246923e-01
4.4941571355e-01
1.4146447182e+00
1.6512788832e-01
6.6677701473e-01
4.5069620013e-01
-1.2943361700e-01
-3.2796380520e+00
1.9626908302e+00
-1.1649948359e+00
8.4957516193e-01
1.5286223888e+00
-5.5791491270e-01
2.1831451356e-01
8.4626168013e-02
6.9285243750e-01
1.3696675301e+00
1.1262459755e+00
-2.5378954411e-01
-2.3446664810e+00
-7.6549663544e+00
1.3229229450e+00
1.5841155052e+00
2.0236742496e+00
1.6174836159e+00
7.0479410887e-01
1.7503782511e+00
1.5136073828e+00
-2.7282812595e+00
-6.2349468470e-01
-7.4041992426e-02
-1.7901334763e+00
-2.9278900623e+00
-4.0050487518e+00
-4.6236815453e+00
6.3402670622e-01
7.6602697372e-02
3.4583505988e-01
1.5162372589e-01
-6.4238928258e-02
3.7612161040e-01
-3.7831099033e+00
1.1865649223e+00
2.8142261505e-01
-7.7906012535e-02
2.9255023599e-01
3.7961682677e-01
-3.4630492330e-02
2.6019704342e-01
1.8925964832e+00
2.5025682449e+00
2.1515784264e+00
2.4403729439e+00
2.3227694035e+00
2.5116088390e+00
3.0645489693e+00
-2.5588304996e+00
-1.9417725801e+00
-4.6669230461e+00
-2.2569432259e+00
8.2403284311e-01
5.4169350863e-01
1.0781542063e+00
-5.7092733383e+00
-5.9949746132e+00
-3.9473247528e+00
-1.3542272151e-01
-3.6923069954e+00
-8.1107263565e+00
-6.3486013412e+00
4.5027995110e+00
3.6695702076e+00
4.2657542229e+00
4.2803540230e+00
4.5193767548e+00
4.5908470154e+00
5.7125024796e+00
-3.0806877613e+00
-6.3256424665e-01
-9.5090889931e-01
2.6153628826e+00
2.4984750748e+00
2.8811645508e+00
2.1716804504e+00
3.0056464672e-01
-4.7184750438e-02
2.3268742859e-01
1.4919129014e-01
1.5996219218e-01
6.5047688782e-02
2.0546880364e-01
-4.2114919424e-01
-4.8978033662e-01
-7.5876362622e-02
8.2457500696e-01
-2.4159668386e-01
-1.9956700504e-01
-1.7982947826e+00
3.4333798289e-01
1.5473107994e-01
1.8513901532e-01
1.9582803547e-01
-7.9624068737e-01
-1.0537043810e+00
-3.9886467457e+00
-1.5244035423e-01
3.2685625553e-01
-1.9421052188e-02
-3.6797147989e-01
-1.8742798567e+00
-2.0570144653e+00
-7.9411520958e+00
-7.9170870781e-01
-7.9945169389e-02
-3.7068879604e-01
-2.5361320376e-01
-4.3829351664e-01
9.4334155321e-01
7.3482883163e-03
1.5365097523e+00
4.4186589122e-01
1.2389101982e+00
8.1827950478e-01
1.2727034092e+00
1.2697912455e+00
9.2622131109e-01
-1.9309538603e+00
1.2857637405e+00
-2.6270589828e+00
2.3958437443e+00
-9.2423439026e+00
2.5847824290e-02
-5.4915328026e+00
3.2765872478e+00
4.7205605507e+00
6.2578372955e+00
5.9486522675e+00
2.6590895653e+00
-1.8270881176e+00
1.1838916540e+00
5.6137281656e-01
-4.4733142853e-01
1.5010212660e+00
-9.3754631281e-01
-3.4284117818e-01
-6.4804930687e+00
-2.8000450134e+00
1.5245506167e-01
7.2449527681e-02
4.4937819242e-01
1.6024419665e-01
4.5527920127e-01
-1.5743305683e+00
-6.5791764259e+00
-2.0178689957e+00
-1.0633280128e-01
-4.2539185286e-01
-8.2197403908e-01
-3.2279932499e+00
-2.7948670387e+00
-4.7434086800e+00
1.5407527685e+00
1.2111381292e+00
-6.7469710112e-01
-1.3425531387e+00
6.6413366795e-01
9.3098407984e-01
6.6668182611e-02
5.7720599174e+00
4.1166014671e+00
5.5142059326e+00
4.7876758575e+00
5.1441235542e+00
5.2297024727e+00
6.1799669266e+00
-2.0805604458e+00
-1.0947948694e+00
-8.0109238625e-01
-3.3982694149e+00
-4.9470753670e+00
-6.4247050285e+00
-6.1750297546e+00
1.2966225147e+00
5.6474530697e-01
2.5162987709e+00
3.2413578033e+00
1.4845681190e+00
4.7423288226e-01
5.7919889688e-01
-6.0997829437e+00
6.2080616951e+00
-2.7315549850e+00
9.7813534737e-01
7.5659382343e-01
-1.4945003986e+00
3.0901548862e+00
-3.6741845608e+00
-3.0947692394e+00
-4.0134267807e+00
-4.1126480103e+00
-3.6046843529e+00
-1.7437535524e+00
-2.9831314087e-01
6.5488729477e+00
6.4360527992e+00
6.9635171890e+00
5.9771533012e+00
6.0656695366e+00
6.0436811447e+00
5.7592091560e+00
1.4472658932e-01
-3.6149170250e-02
-4.1997656226e-02
-7.2231066227e-01
-3.1464991570e+00
-5.3668847084e+00
-2.7699551582e+00
6.0077750683e-01
-1.6811691225e-02
6.1595940590e-01
4.7670793533e-01
3.1687372923e-01
1.7031185329e-01
1.0964622349e-01
-2.6417669654e-01
1.0786001682e+00
1.2199845314e+00
1.8514293432e-01
-3.1212688191e-04
-9.2110282183e-01
5.4749470949e-01
5.5261331797e-01
1.5345216990e+00
8.5354834795e-01
4.3225771189e-01
3.1732934713e-01
-4.6599380672e-02
2.8595733643e-01
5.7932627201e-01
5.0592625141e-01
7.5571876764e-01
7.1072030067e-01
5.5461609364e-01
1.9059133530e-01
-4.9084383249e-01
7.9869621992e-01
1.5206248760e+00
1.4723351002e+00
1.6089633703e+00
1.3180456161e+00
1.5299100876e+00
8.4333735704e-01
-7.8275746107e-01
-9.3042552471e-01
-3.3202123642e-01
-5.2452743053e-01
-4.1367110610e-01
-2.4151995778e-01
6.1021882296e-01
6.4010836184e-02
-5.3446012735e-01
-5.6008201838e-01
-4.0101435781e-01
-1.0148204565e+00
-4.4688278437e-01
-2.0755932331e+00
2.3051020503e-01
9.1146874428e-01
1.1386322975e+00
6.9446825981e-01
6.9582021236e-01
1.0419348478e+00
1.0339972973e+00
-1.5072498322e+00
-4.9848449230e-01
-1.2011060715e+00
-4.8825931549e-01
-1.1332606077e+00
-1.5376970768e+00
-1.5097513199e+00
1.6122366488e-01
1.5900842845e-01
7.6190674305e-01
1.0689496994e+00
1.4423960447e-01
-5.2364182472e-01
-4.6269938350e-01
-4.3604359627e+00
-5.2045640945e+00
-4.3690657616e+00
-4.0174298286e+00
-3.7768166065e+00
-5.6084432602e+00
-4.6071043015e+00
5.2878767252e-01
1.3176161051e+00
9.6123647690e-01
1.2190742493e+00
-8.4972634912e-02
8.9271271229e-01
2.9570698738e-01
-9.7259396315e-01
-7.3485261202e-01
2.9372164607e-01
8.7535655499e-01
4.0453818440e-01
-3.8839501143e-01
-1.3634341955e-01
-3.1581335068e+00
-3.8485829830e+00
-3.9142158031e+00
-3.1768596172e+00
-3.4950037003e+00
-4.2499265671e+00
-3.1605324745e+00
1.0412630439e-01
2.3687068373e-02
-9.5367354155e-01
-6.6080176830e-01
-3.1103751063e-01
-4.0228319168e-01
7.4247556925e-01
-1.2621144056e+00
-6.1185497046e-01
-1.0055710077e+00
6.1545115709e-01
5.2242547274e-01
4.5732772350e-01
-1.4564450979e+00
6.1716645956e-01
1.1265678406e+00
1.0186445713e+00
1.5139378309e+00
5.7253783941e-01
8.4112262726e-01
5.2490609884e-01
3.4020004272e+00
2.9597929120e-01
2.8288786411e+00
3.5284182429e-01
1.2937384844e+00
-7.7387297153e-01
-7.2084307671e-01
-2.0651383698e-01
-7.7652704716e-01
-3.5822254419e-01
-2.6583641768e-02
-2.8836682905e-03
-7.0797521621e-03
-1.1116836071e+00
-1.0967671871e+00
-1.0527403355e+00
7.8046101332e-01
5.1136916876e-01
7.1848809719e-01
-1.5507337451e-01
8.6770486832e-01
3.4518021345e-01
3.1455652788e-03
6.4074897766e-01
-1.0696118325e-01
-5.8219552040e-01
-1.1485916376e-01
-1.2146371603e+00
1.5987825394e-01
2.0260432363e-01
-5.7242490351e-02
8.9917963743e-01
7.4315834045e-01
1.1087824404e-01
5.5356991291e-01
8.3361440897e-01
7.2464518249e-02
2.0857858658e+00
1.1843217611e+00
2.3051104546e+00
2.8289406300e+00
2.6127996445e+00
-4.4822004437e-01
1.0358141661e+00
1.0243337154e+00
1.0467461348e+00
9.9882769585e-01
1.0390311480e+00
9.6259772778e-01
-1.0174287558e+00
-1.4233226776e+00
-1.4154598713e+00
-8.4419107437e-01
-2.0278518200e+00
-2.8215866089e+00
-3.2534904480e+00
2.9845147133e+00
3.3812010288e+00
3.2578485012e+00
3.9537756443e+00
3.1545279026e+00
3.2074971199e+00
2.5595016479e+00
-2.1329979897e+00
-2.9066116810e+00
-2.5936031342e+00
-2.9836871624e+00
-2.1854562759e+00
-1.8504165411e+00
-1.9284007549e+00
-1.3930789232e+00
-9.1992580891e-01
-2.4295310676e-01
-1.1268527508e+00
-8.3504861593e-01
-1.5141111612e+00
-1.6781408787e+00
2.4244499207e+00
1.9884536266e+00
7.6541215181e-01
4.4353361130e+00
9.8231333494e-01
1.1643481255e-01
1.5091786385e+00
-2.9444968700e-01
4.7445616126e-01
1.4494645409e-02
-1.1880105734e+00
-1.0169109106e+00
-9.4864398241e-01
4.5988225937e-01
-6.2247522175e-02
-7.2854530811e-01
-1.8531746864e+00
-1.2890671492e+00
-7.1005785465e-01
-1.0365495682e+00
-3.6771681905e-01
-4.5616582036e-01
-2.8243869543e-01
8.0705523491e-01
-9.2729121447e-02
-8.6602002382e-01
7.5174111128e-01
-6.2439803034e-02
-3.3065035939e-01
4.3843671679e-01
-4.5224216580e-01
6.1076797545e-02
-5.7042390108e-01
-9.4407629967e-01
-1.4038192034e+00
-2.2725824267e-02
1.7632880807e-01
5.9173589945e-01
2.0216894150e-01
2.4083602428e-01
5.0005990267e-01
7.7542239428e-01
5.2806758881e-01
4.9910655618e-01
1.0267409086e+00
6.4694190025e-01
1.5244048834e+00
1.6697086096e+00
1.4164201021e+00
1.5745275021e+00
1.4515358210e+00
1.5700937510e+00
1.2907934189e+00
1.2840938568e+00
1.7793665826e-01
7.1060448885e-02
-1.2595105171e+00
-7.6432210207e-01
-1.4361280203e+00
-8.7295901775e-01
-1.5375629663e+00
-1.9241645336e+00
-9.6224564314e-01
1.7619558573e+00
7.9101556540e-01
8.7995260954e-01
5.7557511330e-01
4.0201967955e-01
7.5266307592e-01
1.1033142805e+00
-7.2339719534e-01
-1.4560359716e+00
-9.2143565416e-02
-9.1332757473e-01
2.2477112710e-02
5.1615160704e-01
1.0800782442e+00
1.0812503099e-01
4.2527708411e-01
5.1861560345e-01
9.0968942642e-01
-3.3211404085e-01
-4.8996311426e-01
2.9742011428e-01
2.5528039932e+00
2.7445099354e+00
2.0613234043e+00
4.3479194641e+00
2.2146139145e+00
2.0720155239e+00
1.3537999392e+00
4.9035650492e-01
1.4531061053e-01
5.0361865759e-01
-6.5560179949e-01
1.0635218620e+00
2.3166939616e-01
-1.8257281184e-01
-1.3519481421e+00
-1.1744316816e+00
-4.5615378022e-01
-3.1944441795e-01
-6.6306173801e-02
-1.0352852345e+00
-6.1510676146e-01
4.7506661415e+00
5.3459014893e+00
5.0108604431e+00
5.0955648422e+00
3.7726547718e+00
4.4260497093e+00
3.9423692226e+00
-1.2132522464e-01
5.7362258434e-01
-9.0742611885e-01
4.8203459382e-01
-1.8227071762e+00
-1.3401089907e+00
8.5576027632e-01
5.6684863567e-01
1.5160503387e+00
6.1957305670e-01
5.9131461382e-01
2.6261827350e-01
-3.7694349885e-02
1.0032690763e+00
2.3349523544e+00
1.9478532076e+00
1.9271153212e+00
1.7641960382e+00
1.1834235191e+00
4.8423901200e-01
5.2328670025e-01
-1.3136851788e+00
-2.5742285252e+00
-1.8091856241e+00
-2.6770383120e-01
-1.4033146203e-01
3.7216383964e-02
4.0121206641e-01
2.8204530478e-02
-1.1618960649e-01
1.4807224274e-01
-8.5893124342e-01
-1.3279427290e+00
-1.1790820360e+00
-2.0983800888e+00
1.6253557205e+00
2.4885430336e+00
6.0851472616e-01
1.0745630264e+00
7.1195876598e-01
-4.1184785962e-01
3.2236090302e-01
1.8818786144e+00
1.1956228018e+00
1.1470451355e+00
1.1582785845e+00
1.8578083515e+00
1.2223590910e-01
1.5392662287e+00
-1.1887009144e+00
-1.5155471563e+00
-1.6207704544e+00
-1.7565664053e+00
-7.9912650585e-01
-2.3440594673e+00
-1.4962170124e+00
1.4685704708e+00
1.9294899702e+00
1.2750052214e+00
-1.9860194623e-01
-1.2879698277e+00
-1.0766628981e+00
-1.7201755047e+00
-2.2350540161e+00
-1.0520795584e+00
-4.2020219564e-01
-4.6894225478e-01
-2.4208761752e-01
-8.6859726906e-01
-9.2544072866e-01
2.6788899302e-01
1.0676635057e-01
4.3887269497e-01
-6.8534299731e-02
1.1201943159e+00
7.2590172291e-01
-2.3502707481e-01
1.6654270887e+00
1.4507273436e+00
2.1337347031e+00
2.2307522297e+00
2.3830032349e+00
7.2530525923e-01
1.3586238027e-01
1.5383701324e+00
4.9642735720e-01
1.0275309086e+00
6.0947173834e-01
-3.5884711146e-01
-9.5098823309e-01
7.8053957224e-01
4.7904076576e+00
4.6213655472e+00
4.9230790138e+00
4.7883892059e+00
5.0520558357e+00
5.8221573830e+00
5.3994088173e+00
-1.6901427507e+00
-1.4166113138e+00
-7.4164527655e-01
-4.0003117919e-01
-1.4759092331e+00
-2.3583805561e+00
-1.8159286976e+00
2.7516796589e+00
3.5441672802e+00
4.0173015594e+00
2.7444136143e+00
3.1554582119e+00
2.3572349548e+00
2.2376065254e+00
-1.4729799032e+00
-2.9451911449e+00
-2.4515707493e+00
-1.7456059456e+00
-4.2616276741e+00
-2.8561239243e+00
-3.0012638569e+00
-6.6880720854e-01
3.9561611414e-01
-3.7213519216e-01
-2.2640008479e-02
-1.3911357522e-01
4.2428487539e-01
-1.0788850784e+00
3.7166169286e-01
1.0661015511e+00
1.2176048756e+00
2.1037235260e+00
2.6640386581e+00
3.9603724480e+00
4.3957643509e+00
-1.1414209604e+00
-5.5336403847e-01
8.9983099699e-01
4.7113323212e-01
6.7990463972e-01
4.1877391934e-01
8.2589584589e-01
-2.7965492010e-01
-2.9339259863e-01
2.5772253051e-02
4.1136854887e-01
-2.7837288380e-01
3.9372840524e-01
-1.4098313451e-01
-1.3287229538e+00
-4.8430790193e-03
3.3368268609e-01
-2.9335394502e-01
-6.2305647135e-01
-4.9458569288e-01
-9.1200339794e-01
-3.9737325907e-01
-3.3369880915e-01
-8.6777257919e-01
-1.2511355877e+00
-1.6616451740e+00
-8.1048643589e-01
-8.7215542793e-02
-4.3477505445e-02
9.5564775169e-02
4.2463444173e-02
-1.2629756704e-02
-6.8984486163e-02
-6.3248135149e-02
3.3120278269e-02
-1.2703024149e+00
-6.3763058186e-01
-2.5240919590e+00
-2.4665453434e+00
-2.3911089897e+00
-2.0405044556e+00
-2.7410058975e+00
2.2663685679e-01
2.4441635609e-01
1.3545860350e-01
3.1733191013e-01
9.9517621100e-02
1.4413951337e-01
3.2489117980e-01
2.3964555264e+00
6.5374743938e-01
-1.0485520363e+00
-3.5225889683e+00
-2.8468184471e+00
-5.4892120361e+00
-4.8172149658e+00
1.9587850571e-01
6.4504407346e-02
-1.7558478117e+00
-2.1314759254e+00
-3.3068284988e+00
-1.3377213478e+00
-2.3895251751e+00
-9.9657535553e+00
-1.1604122162e+01
-1.0682825089e+01
-7.0305466652e+00
-1.3669117689e+00
3.5550245643e-01
-5.4270315915e-02
-1.0367624283e+01
-1.4994684219e+01
-9.5441169739e+00
-3.5329456329e+00
-1.3494397402e+00
-8.9584696293e-01
-3.4012088180e-01
6.6281104088e-01
-9.1155576706e-01
-1.4231317043e+00
-1.7749117613e+00
-2.5249104500e+00
-3.6305090785e-01
-3.8432211876e+00
-9.1923160553e+00
-7.5577969551e+00
-4.3214988708e+00
-1.8301703930e+00
-8.4624564648e-01
4.0849778801e-02
5.7496321201e-01
1.9459958076e+00
8.3080226183e-01
2.2662506104e+00
2.4825346470e+00
7.2275906801e-01
5.8270078897e-01
-1.2105513811e+00
-9.0354037285e-01
-6.3779300451e-01
-2.4319964647e-01
5.1611393690e-01
2.9658827186e-01
1.9524985552e-01
-9.2582203448e-02
-1.0833899975e+00
2.0462980866e-01
-3.9106893539e-01
1.7447051406e-01
7.5020176172e-01
-1.6429712772e+00
-1.2982031107e+00
-9.5041614771e-01
-5.5880022049e-01
-1.8728896379e+00
-8.2170486450e-01
-2.7924054861e-01
1.0420891047e+00
1.7949217558e+00
-1.0004153252e+01
-1.0656825066e+01
-1.1988759995e+01
-1.1407896996e+01
-9.8567352295e+00
-3.1951029301e+00
-9.8723638058e-01
1.4729882479e+00
1.6876697540e+00
1.6498262882e+00
2.1475694180e+00
1.6647993326e+00
2.1041913033e+00
2.3410303593e+00
-4.5019313693e-02
-6.2902516127e-01
-9.3186676502e-02
1.5023523569e+00
-1.2509909272e-01
-1.8298865855e-01
-1.7771567106e+00
-3.2092243433e-01
1.9781450927e-01
-3.8154646754e-01
-1.0862795264e-01
-1.4439415932e-01
-2.5928092003e-01
-4.9063298106e-01
-1.2512066364e+00
-8.1936085224e-01
-1.2874721289e+00
-1.3575627804e+00
-3.6937063932e-01
7.8134715557e-01
2.0518038273e+00
7.6151376963e-01
6.5801370144e-01
-4.0871571749e-02
-2.5357955694e-01
-3.5995113850e-01
-2.8626520634e+00
-3.4796919823e+00
-2.1246271133e+00
-2.4918484688e+00
-4.1847524643e+00
-1.6950243711e+00
-1.0126240253e+00
1.7196357250e+00
1.5792894363e+00
3.2462358475e-01
1.3084267080e-01
1.4645954370e+00
1.5479390621e+00
9.9741095304e-01
5.0462210178e-01
-2.8159208298e+00
2.3121660948e-01
5.2054214478e-01
6.1762154102e-01
-2.4033175781e-02
-2.4118803442e-01
-6.8318724632e-01
1.5183682442e+00
2.9162561893e+00
7.9082924128e-01
1.9207364321e+00
-3.4815174341e-01
9.1732561588e-01
1.0781998634e+00
8.2238644361e-01
-1.2279322624e+01
-9.6404142380e+00
-4.1580963135e+00
-1.5063383579e+00
-6.8592011929e-01
-8.0376040936e-01
-2.1802882850e-01
-5.5469923019e+00
-8.1850404739e+00
-4.9729466438e+00
-3.6807401180e+00
-5.3043642044e+00
-4.9780888557e+00
-4.9798855782e+00
-2.0932814479e-01
1.5390485525e-01
2.0901018381e-01
3.3961719275e-01
5.3112429380e-01
5.4659014940e-01
1.2033927441e+00
-2.5816458464e-01
-1.2785302103e-01
-3.9446583390e-01
-6.3676379621e-02
4.7220683098e-01
1.3679136038e+00
4.6134099364e-02
1.3696132898e+00
6.1241799593e-01
2.0136568546e+00
1.9747252464e+00
3.4665479660e+00
1.6378172636e+00
3.0283539295e+00
-4.5978293419e+00
-1.7705775499e+00
-2.5183507800e-01
-5.4578018188e-01
3.2042780519e-01
8.9063251019e-01
7.6103115082e-01
-9.6633809805e-01
-3.3777301311e+00
-5.5057654381e+00
-5.4457387924e+00
-1.5223246813e+00
-2.2681413591e-01
9.6059523523e-02
-4.3813154101e-01
5.7029675692e-02
7.9978692532e-01
1.1282728612e-01
2.3723451793e-01
8.7243683636e-02
4.2942810804e-02
-3.7946801186e+00
-3.9947490692e+00
-3.9783697128e+00
-1.3908741474e+00
1.7867586613e+00
2.2377173901e+00
2.5012085438e+00
1.8426800966e+00
1.5020221472e+00
5.5775183439e-01
9.3779730797e-01
7.6364296675e-01
-6.9132471085e-01
-2.2456808090e+00
-1.8211549520e+00
4.2667654157e-01
9.8651088774e-03
1.8568466604e-01
-2.5301179290e-01
6.4926522970e-01
9.4819486141e-01
-1.0777322054e+00
8.3274370432e-01
1.6753681898e+00
5.2715754509e-01
5.6863957644e-01
-2.9481997490e+00
-1.0967038870e+00
-1.1368763447e-01
3.6593976617e-01
-2.5864301249e-02
-1.3130460680e-01
-1.4168329537e-01
-3.8977116346e-01
-1.4797250032e+00
2.3272189498e-01
3.6699756980e-01
7.0775546134e-02
1.8387432396e-01
9.5430210233e-02
-4.5546442270e-02
7.0789039135e-02
-1.3798095286e-01
5.3221887350e-01
4.2725503445e-01
7.8383600712e-01
6.6322696209e-01
7.4013042450e-01
1.4220248461e+00
-9.8116093874e-01
9.5309764147e-01
-1.6112231016e+00
-4.6684002876e+00
-8.9017534256e-01
-2.5806432962e-01
4.6994602680e-01
-8.7852174044e-01
-2.5737581253e+00
-2.6674952507e+00
-2.9415428638e+00
-2.2216854095e+00
-3.5790903568e+00
-1.6645534039e+00
7.8149545193e-01
6.5033572912e-01
6.3278073072e-01
3.6360901594e-01
1.2604451180e-01
-2.2562821209e-01
-4.3941679597e-01
1.8962836266e+00
1.7053637505e+00
2.8934872150e+00
1.9153875113e-01
1.5201177597e+00
1.1580086946e+00
2.3578457832e+00
-3.8045141846e-02
1.3154643821e-03
7.4834874831e-03
5.5743541569e-02
7.3467023671e-02
1.0591631383e-01
-8.1881992519e-02
-1.1289989948e+00
-1.3176123612e-02
2.1715047359e+00
2.9250681400e+00
4.3815073967e+00
2.7943525314e+00
5.3879504204e+00
-1.2602698803e-01
-4.0967967361e-02
1.5511101484e-01
-2.7279826999e-01
2.5584244728e-01
1.5063153207e-01
-1.3768245280e-01
-6.3536065817e-01
-4.5832565427e-01
7.5900834799e-01
7.6879835129e-01
3.4935364127e-01
-2.2926108539e-01
-2.0996766090e+00
-3.7708122730e+00
-1.3798000813e+00
1.1451637745e+00
1.7742816210e+00
8.4895759821e-01
-7.3304283619e-01
-1.0328093767e+00
-5.5498450994e-01
-7.8596764803e-01
-8.7589126825e-01
-6.8451398611e-01
-6.5452146530e-01
-4.8120242357e-01
-5.7024258375e-01
1.0977028608e+00
4.9381947517e-01
1.9387837648e+00
3.3040668964e+00
4.3092092872e-01
3.6667683125e+00
4.7522288561e-01
-7.3982536793e-01
-1.6095257998e+00
4.4842392206e-01
-8.0623164773e-02
1.6860792637e+00
2.0198166370e+00
1.7705544233e+00
-1.8980574608e+00
-1.7625651360e+00
-8.6465930939e-01
1.6166111827e-01
7.1221655607e-01
-1.0823565722e+00
1.5751829743e-01
-2.5153487921e-01
-6.3404798508e-02
-9.7958467901e-02
-1.3687635958e-01
-2.0382550359e-01
-1.9037392139e+00
-3.4330012798e+00
-2.5107998848e+00
-4.3861007690e+00
1.1876498461e+00
1.1402525902e+00
-2.7387745380e+00
-3.0741245747e+00
-1.9911109209e+00
-1.0549579859e+00
1.3110049069e-01
7.0238351822e-01
2.4636904895e-01
-1.2581195831e+00
4.2704802752e-01
5.5563968420e-01
6.2636309862e-01
9.8744302988e-01
5.6618332863e-01
1.7734420300e-01
2.4064479768e-01
-1.1688929051e-01
-6.7129112780e-02
-4.0511173010e-01
-8.3289527893e-01
1.5646228790e+00
8.0312591791e-01
2.2648947239e+00
-7.0437645912e-01
-5.3861600161e-01
1.1247314215e+00
5.5002160370e-02
1.4878441095e+00
-2.5917601585e-01
-8.6111956835e-01
8.0512128770e-03
-1.7872365713e+00
-4.8774442673e+00
7.9615211487e-01
-2.9499500990e-01
1.1951826811e+00
-3.0804932117e-01
4.9055328965e-01
-2.0408770442e-01
6.6721457243e-01
1.3661839962e+00
1.9426121712e+00
1.5997791290e+00
6.6285765171e-01
4.7758263350e-01
-3.9033755660e-01
-1.8599464893e+00
-1.0203498602e+00
-7.7045351267e-01
8.7819069624e-02
1.0851460695e+00
1.4772531986e+00
1.5893450975e+00
-1.0977221245e-04
-7.4754369259e-01
7.6245009899e-01
1.9962804317e+00
8.4914171696e-01
-8.9450460672e-01
-1.1257479191e+00
2.2218045592e-01
3.9806339145e-01
7.6058000326e-02
1.8709596992e-01
2.3592617363e-02
2.5600051507e-02
6.4764723182e-02
4.3475657701e-01
1.3374056816e+00
7.7325183153e-01
8.8718295097e-01
4.7826039791e-01
1.2794736624e+00
2.1907467842e+00
-8.9405679703e-01
6.6691857576e-01
9.5187711716e-01
2.1643111706e+00
9.7392934561e-01
8.4859204292e-01
-5.4058022797e-02
1.6190150380e-01
-9.2551022768e-02
2.1615764499e-01
2.4465048313e-01
2.7081117034e-01
-7.8605733812e-02
-5.9169571847e-02
-7.1417564154e-01
4.0263947845e-01
1.4724138379e-01
4.5419049263e-01
5.3751766682e-01
-5.5570048094e-01
-1.5028774738e+00
3.6083829403e-01
1.5111182630e-01
4.2698293924e-02
1.8511331081e-01
1.5118673444e-01
1.2227363139e-01
7.4304126203e-02
2.9448387623e+00
2.1047801971e+00
3.0007767677e+00
5.5793106556e-01
1.4620292187e-01
2.5951403379e-01
-7.4243396521e-01
-1.8684352934e-01
-6.6270798445e-02
-3.0484852195e-01
2.3287056386e-01
-2.1643050015e-02
3.9334252477e-02
-4.2180109024e-01
1.0769315958e+00
-3.8437104225e-01
1.7577998638e+00
1.1897416115e+00
5.8551383018e-01
-1.5862013102e+00
-5.6986312866e+00
2.2289161384e-01
4.6416696906e-01
7.3665641248e-02
-2.2207723558e-01
-4.2335388064e-01
1.5455540270e-02
1.1038592458e-01
-8.7233896255e+00
-6.8753995895e+00
-2.7968697548e+00
-8.7535953522e-01
2.8847324848e+00
1.8506779671e+00
1.5791866779e+00
1.2285088301e+00
1.8227306604e+00
6.5464812517e-01
-3.4793920517e+00
-5.0554003716e+00
-4.0430636406e+00
-8.1087864935e-02
-2.4188039303e+00
-3.1802425385e+00
-2.2468268871e+00
-2.5216519833e+00
4.0523365140e-01
1.4073116779e+00
3.6079633236e+00
-1.6524596512e-01
-1.0228011012e-01
3.3794749528e-02
1.0691000521e-01
-5.8367687464e-01
-6.7774826288e-01
-7.0666614920e-03
-4.9158425331e+00
-4.3846111298e+00
-1.7803354263e+00
-7.2276532650e-01
6.9903814793e-01
1.7055678368e+00
1.4032901525e+00
6.1486202478e-01
1.6065777540e+00
-7.2442144156e-01
-1.1938071251e-01
-3.3409833908e+00
-3.9813594818e+00
-1.8244433403e+00
1.6469265521e-01
-4.3604884297e-02
1.0765083134e-01
2.9971179366e-01
-1.5699194744e-02
2.5162480772e-02
-2.7917038649e-02
5.5303686857e-01
5.8768540621e-01
1.3581317663e-01
1.6003149748e+00
-8.3686017990e-01
-9.4220660627e-02
-9.0220206976e-01
-7.5407733917e+00
-6.7318701744e+00
-6.3627495766e+00
-3.1976547241e+00
-1.8382257223e+00
7.3732990026e-01
2.9210133553e+00
8.7893046439e-02
6.4681984484e-02
5.6955552101e-01
9.0986567736e-01
8.9538377523e-01
6.5023553371e-01
5.5253827572e-01
9.5405954123e-01
1.5151517391e+00
-3.0433854461e-01
-8.9355951548e-01
-3.0929858685e+00
-4.3563275337e+00
-1.7805120945e+00
-1.0850980282e+00
1.7845468223e-01
-3.0294504762e-01
9.6639430523e-01
9.4453513622e-01
1.3147358894e+00
5.2095526457e-01
-8.9700996876e-01
-3.6219450831e-01
2.5346583128e-01
1.2100911140e+00
1.5067382157e-01
4.9573931098e-01
-4.6890729666e-01
5.5332040787e-01
3.7751370668e-01
2.2798089683e-01
2.1544158459e-01
-3.3723509312e-01
2.0996314287e-01
3.3976730704e-01
-2.3431236744e+00
-6.6482028961e+00
-6.4528169632e+00
-5.7783613205e+00
-3.1474483013e-01
-5.9307312965e-01
1.0313165188e+00
-2.8887157440e+00
-4.4540646672e-01
-8.7297415733e-01
-1.9519445896e+00
-1.6560459137e+00
-1.4518023729e+00
-5.3123193979e-01
7.2286957875e-03
-2.1126568317e-01
-1.2339146137e+00
-1.2785804272e+00
-7.6696765423e-01
7.2527712584e-01
6.0926401615e-01
1.0378797054e+00
-9.2235159874e-01
-1.2625184059e+00
-1.9270551205e+00
-1.0963891745e+00
-2.4646690488e-01
3.1803052425e+00
-7.5864934921e-01
-6.2844353914e-01
-5.9383320808e-01
2.1258603781e-02
-4.0546643734e-01
-6.5140776336e-02
-7.2163818404e-03
7.4625596404e-02
3.4102311730e-01
-1.1771456003e+00
1.3995291293e-01
-1.1070094109e+00
5.9153372049e-01
-1.0901980400e+00
-8.3456957340e-01
-3.7917220592e+00
-2.4662015438e+00
-3.6120622158e+00
-3.4030003548e+00
-3.0052764416e+00
-1.4316189289e+00
1.2078424692e+00
2.9590807855e-02
-1.8619012833e+00
-4.3804883957e+00
-1.6446474791e+00
9.2043299228e-03
7.9042094946e-01
-2.7151712775e-01
3.0962595344e-01
6.2752079964e-01
3.3903621137e-02
-2.4346640110e+00
-6.4667139053e+00
-6.9889488220e+00
-1.4455033541e+00
2.9469272494e-01
3.4645709395e-01
4.0381062031e-01
-1.1562467366e-01
2.6430195570e-01
-9.0300597250e-02
-6.7477726936e-01
5.3001445532e-01
-6.2913769484e-01
1.0020271540e+00
-1.2930473685e-01
8.5593625903e-02
-4.2371505499e-01
-2.3038671911e-01
-5.4760169983e-01
1.0102965683e-01
-1.2522871792e-01
8.8719092309e-02
1.2579883337e+00
1.3581719995e-01
-1.2124791145e+00
-2.8286442757e+00
-4.1599378586e+00
-2.2825667858e+00
-1.2548348904e+00
-2.7624687552e-01
8.5411083698e-01
1.7044798136e+00
9.0506398678e-01
4.1515773535e-01
5.0701844692e-01
7.2868686914e-01
1.6340690851e+00
5.4108601809e-01
-3.0186686516e+00
-7.8865569830e-01
1.4940351248e-01
4.8079288006e-01
4.7416913509e-01
1.2627284229e-01
1.3329740763e+00
-6.5084308386e-02
-9.4469664618e-03
6.7086184025e-01
5.0354069471e-01
4.8665589094e-01
-1.0246872157e-01
-1.8136267364e-01
8.3919152617e-02
3.0989935994e-01
3.7361639738e-01
3.0175992846e-01
1.6550010443e-01
2.9167133570e-01
6.4646406099e-04
2.5689026341e-02
6.2954181433e-01
5.7609319687e-01
8.2302683592e-01
-3.3158618212e-01
-2.4920904636e+00
-4.5553746223e+00
-2.2170014381e+00
-3.6135201454e+00
-1.4216386080e+00
1.6780851781e-01
1.4925953150e+00
5.0076436996e-01
1.2619255781e+00
-1.9344340265e-01
-2.2653315961e-01
1.0846648365e-01
3.8553592563e-01
7.5500047207e-01
8.6238116026e-01
7.8344523907e-01
-1.6319848597e-01
-1.5736629069e-01
-1.4619836807e+00
-4.0517091751e+00
-4.8585267067e+00
-3.3556363583e+00
-1.3502629995e+00
3.0306941271e-01
3.0963185430e-01
4.3435469270e-01
1.2399987876e-01
1.4786359668e-01
1.2413809448e-01
1.0157702118e-01
1.1848779917e+00
4.8731729388e-01
8.1822001934e-01
-8.4240335226e-01
1.1798590422e+00
-4.5969027281e-01
-8.7027889490e-01
-5.2762722969e+00
-3.1927931309e+00
-4.1717439890e-01
4.5716631413e-01
2.9747280478e-01
4.1674810648e-01
1.6408194304e+00
5.7382803410e-02
7.5995832682e-01
5.0856882334e-01
6.0227388144e-01
3.6746191978e-01
6.9259762764e-01
4.5585396886e-01
2.7640743256e+00
-1.6730294228e+00
-3.7366709709e+00
-2.7173733711e+00
-3.4140565991e-01
4.2816540599e-01
3.0278556347e+00
-1.4376447201e+00
-6.5744578838e-01
2.4404041469e-01
7.6798295975e-01
8.6180889606e-01
4.5375525951e-01
1.0853012800e+00
-3.8799975067e-02
-1.1102956533e+00
4.9573218822e-01
-6.5923458338e-01
1.7683339119e+00
7.2924524546e-01
8.4782373905e-01
-1.3486851752e-01
-7.6815700531e-01
6.3846617937e-01
2.3706191778e-01
-2.0931591094e-01
-1.4279303551e+00
1.7375767231e+00
-6.1349434853e+00
-4.7100644112e+00
-1.3870104551e+00
1.0276614428e+00
1.6188812256e+00
2.8325290680e+00
1.8895125389e+00
-8.9075779915e-01
-5.3415030241e-01
-1.1492455751e-01
-1.6519075632e-01
-1.1489108801e+00
-6.9066083431e-01
-3.7559089065e-01
-5.0152716637e+00
-4.3171300888e+00
-6.3482820988e-01
1.2340093851e+00
3.0338313580e+00
2.9939279556e+00
1.1161801815e+00
1.8115749359e+00
4.2197579145e-01
-2.5987441540e+00
-7.2543609142e-01
6.8028616905e-01
3.5948708653e-01
5.0632250309e-01
-5.6943637133e-01
-7.0882201195e-01
-3.2536986470e-01
1.5561994910e-01
2.0774768293e-01
8.7556846440e-02
3.4166759253e-01
-1.3876891136e+00
9.1769441962e-02
1.4769046307e+00
2.0558452606e+00
2.6279516220e+00
2.2055282593e+00
4.3669742346e-01
-1.4859061241e+00
-2.0893979073e+00
-1.1794539690e+00
1.3001932204e-01
1.7738683224e+00
2.4335777760e+00
2.5144233704e+00
2.5244951248e+00
-3.7993714809e+00
-3.9835445881e+00
-2.3770389557e+00
-2.0401740074e+00
2.1742177010e+00
-6.9150918722e-01
9.3880683184e-01
3.7232965231e-01
3.4481745958e-01
8.9763605595e-01
-7.5259029865e-01
-2.2563514709e+00
-4.1546669006e+00
1.1193355322e+00
1.4722870588e+00
1.9387333393e+00
1.5102360249e+00
1.6377729177e+00
1.1704947948e+00
2.3035495281e+00
-1.2619036436e+00
-7.7173614502e-01
-1.2605597079e-01
-2.1853077412e-01
4.2289099097e-01
1.4978168011e+00
1.7444988489e+00
4.1246703267e-01
1.8707901239e-01
1.5151996911e-01
8.8179502636e-03
1.3466545939e-01
2.0384033024e-01
7.7543057501e-02
-5.3205842972e+00
-7.1268448830e+00
-4.7594017982e+00
-1.3890931606e+00
1.6077241898e+00
8.5820460320e-01
4.1312977672e-01
1.6623041630e+00
1.4736210108e+00
9.2612117529e-01
1.7849173546e+00
1.3835475445e+00
-2.3032478988e-01
-6.7411071062e-01
-1.0306196213e+00
-7.8377753496e-01
-3.5691511631e-01
-5.9300892055e-02
1.6622330248e-01
3.7708637118e-01
7.0417588949e-01
6.4290583134e-02
1.5310972929e+00
3.3615273237e-01
1.1854650974e+00
9.9980187416e-01
1.0428708792e+00
-3.8352936506e-01
1.0030729324e-01
-4.5188927650e-01
-2.2232745588e-01
-1.1033775657e-01
7.8626763821e-01
5.3743416071e-01
1.2016822100e+00
-3.2907996178e+00
-1.2756271362e+00
-3.3521859646e+00
-1.6496225595e+00
-2.5893919468e+00
-2.8149824142e+00
2.1632328629e-01
7.8159458935e-02
-2.1969450638e-02
-6.8328899145e-01
2.3104530573e-01
-6.9660264254e-01
-1.0024300218e-01
1.1249960661e+00
-7.7139258385e-01
-3.8123440742e+00
-3.1539239883e+00
-2.8954772949e+00
-2.2360954285e+00
7.2449880838e-01
3.7965634465e-01
-1.0025597811e+00
-6.8748569489e-01
2.0463161170e-01
-1.1715841293e+00
-1.6163648665e-01
2.7061554790e-01
3.8147261739e-01
-1.9333808422e+00
-3.6527645588e+00
-2.6692297459e+00
-2.0566022396e+00
-5.1761126518e+00
-4.8037438393e+00
-1.1227902174e+00
-2.9025268555e-01
1.6866790056e+00
2.7023255825e+00
1.9340714216e+00
1.7626490593e+00
2.8631143570e+00
9.5295071602e-01
5.2076625824e-01
-1.4834585190e+00
3.1743340194e-02
3.4071499109e-01
1.9575750828e-01
-1.2050665617e+00
-4.2204371095e-01
-1.2144558430e+00
-1.1314216852e+00
-9.1853159666e-01
-1.4091528654e+00
-8.9757734537e-01
-2.9422524571e-01
-5.0594085455e-01
-3.6772862077e-01
-3.6024177074e-01
9.4484257698e-01
-1.5802476406e+00
-3.4124931693e-01
1.8344977498e-01
8.3403360844e-01
6.4949572086e-01
1.0340021849e+00
1.0934973955e+00
-4.3421730399e-01
1.9989313185e-01
9.8999571800e-01
5.0441920757e-01
1.5749170780e+00
6.8492323160e-01
1.2323102951e+00
4.2298901081e-01
6.7217147350e-01
2.3493210971e-01
4.5638591051e-01
1.1649458408e+00
5.6465291977e-01
-6.1039870977e-01
-2.0299048424e+00
-3.1987946033e+00
-4.6807661057e+00
-5.1456623077e+00
-1.7750114202e+00
-2.1905963421e+00
-2.8837399483e+00
-3.4080843925e+00
-4.7707033157e+00
-6.2790484428e+00
-4.0526309013e+00
-1.3719466925e+00
-1.2454590797e+00
-2.2896781564e-01
1.2098352909e+00
9.2605710030e-01
1.5793997049e+00
1.7749992609e+00
-7.5576907396e-01
6.6359691322e-02
-2.2680921853e-01
3.2533445954e-01
-4.6766361594e-01
8.1892794697e-04
2.3859506845e-01
6.6372150183e-01
4.9008187652e-01
-1.1693851948e+00
-7.1719336510e-01
1.8025176227e-01
-8.9168399572e-01
6.6483967006e-02
-6.1059468985e-01
-8.5612356663e-01
-1.3073612452e+00
-8.0447292328e-01
-6.0999430716e-02
-1.2511781454e+00
6.3965374231e-01
5.9971725941e-01
4.6487259865e-01
-4.4737342000e-01
-2.4906171858e-01
-6.1734360456e-01
-5.7367300987e-01
-2.6826581359e-01
2.9776352644e-01
3.7064099312e-01
4.2655646801e-01
2.0281048119e-01
3.7687781453e-01
-2.7129271030e+00
-2.6336951256e+00
-6.9472289085e+00
-6.4832520485e+00
-5.5327973366e+00
-5.8746390343e+00
-4.7994198799e+00
-4.7013044357e+00
-2.0688982010e+00
-6.8023240566e-01
-1.9816328287e+00
-1.3471869230e+00
2.0942158997e-02
5.4319792986e-01
1.1143542528e+00
7.2609716654e-01
9.2729941010e-02
2.4076761305e-01
6.3152074814e-02
-8.4008717537e-01
1.0354470462e-01
7.6987761259e-01
1.3726010323e+00
2.7556958199e+00
1.7946561575e+00
1.3103219271e+00
1.1269236356e-01
-2.5364801288e-01
-3.1804533005e+00
-4.6606106758e+00
1.1543160677e+00
1.5740798712e+00
4.2321893573e-01
2.3362386227e+00
9.8676139116e-01
2.0924589634e+00
1.7897045612e+00
3.7582823634e-01
1.9200772047e+00
1.7696511745e+00
2.9054422379e+00
2.8957831860e+00
1.6648820639e+00
6.5208774805e-01
-7.0200312138e-01
-1.3698121905e-01
-2.5408208370e-01
2.4295484647e-02
6.6585099697e-01
-4.7970667481e-01
1.4175088704e-01
3.0653449893e-01
-1.0348327458e-01
-4.6905586123e-01
-7.0964497328e-01
-7.3375618458e-01
1.7199774086e-01
-4.2159113288e-01
-6.3626313210e-01
-4.2646268010e-01
-3.5098987818e-01
7.0477314293e-02
1.3585902750e-01
1.1165939569e+00
1.0549626350e+00
3.1891357899e-01
1.0130922794e+00
-5.2661073208e-01
2.3952978849e-01
-2.4290846288e-01
-5.2355688810e-01
2.8192773461e-01
2.1260218620e+00
1.5598860979e+00
1.4828975201e+00
7.0033383369e-01
-4.3222132325e-01
-1.5885974169e+00
-2.0286438465e+00
-5.0695812702e-01
6.4728403091e-01
1.0735915899e+00
5.8082962036e-01
2.2283763885e+00
1.8820372820e+00
3.2390749454e+00
1.6212086678e+00
1.3051939011e+00
1.3574503660e+00
1.3133801222e+00
2.9877803326e+00
1.4348235130e+00
6.7050528526e-01
1.7588704824e+00
1.0855464935e+00
7.8679674864e-01
3.5001051426e-01
-2.7180370688e-01
2.0622961223e-01
1.2338112593e+00
-1.0516483784e+00
-7.8096473217e-01
-5.4353851080e-01
-2.2504182160e-01
-1.3794218004e-01
1.9286227226e-01
4.6711790562e-01
2.4722626209e+00
1.6151094437e+00
8.0125117302e-01
4.0170794725e-01
4.5354402065e-01
-2.1610500813e+00
-3.0968098640e+00
-4.1084539890e-01
-4.8643752933e-01
-7.1175557375e-01
-5.7712722570e-02
6.4941722155e-01
3.8994905353e-01
-3.1705376506e-01
2.2224628925e+00
1.0387973785e+00
1.2118822336e+00
1.3118861914e+00
8.5816919804e-01
5.4334843159e-01
1.1150205135e+00
-2.0039367676e+00
-2.1480865479e+00
-2.0142450333e+00
-1.5297623873e+00
1.0439080000e+00
-4.6948615462e-02
-2.8722211719e-01
-1.4877903461e-01
8.8412505388e-01
2.2731809616e+00
3.9711236954e+00
4.8272967339e+00
6.0693082809e+00
4.7694416046e+00
-3.0528438091e-01
-3.0615675449e-01
-3.4824714065e-01
1.3706645370e-01
2.5623744726e-01
2.4205364287e-01
4.4793999195e-01
2.2556824684e+00
2.9923596382e+00
2.4989089966e+00
2.3585810661e+00
2.6369097233e+00
1.2208303213e+00
1.6256687641e+00
-2.3181539774e-01
6.8748635054e-01
3.9264941216e-01
5.5553726852e-02
-5.4122036695e-01
-1.0025993586e+00
-1.2096769810e+00
-2.9409635067e+00
-3.0778019428e+00
-3.5768783092e+00
-3.4691534042e+00
-4.6082515717e+00
-3.9335379601e+00
-4.0965733528e+00
-1.1373189688e+00
-1.2915084362e+00
-1.6015092134e+00
-1.4978656769e+00
-1.2992299795e+00
-3.0926527977e+00
-2.2163636684e+00
8.8460749388e-01
7.0385211706e-01
5.6163960695e-01
2.3183198273e-01
-1.6366101801e-02
-1.0419546366e+00
-9.0806955099e-01
4.4903683662e-01
1.2412679195e+00
-1.3880513906e+00
2.7064460516e-01
-1.8796815872e+00
-2.2608032227e+00
-1.0480573177e+00
4.4712381363e+00
3.5443236828e+00
4.1156492233e+00
2.4519202709e+00
1.7896127701e+00
8.4003925323e-01
-1.9293102026e+00
-3.2818561792e-01
-1.1982206106e+00
-2.0616807938e+00
-2.7497642040e+00
-2.9914019108e+00
-4.6801762581e+00
-3.8737785816e+00
3.8054582477e-01
2.9831889272e-01
-2.4826580286e-01
-1.0667653084e+00
-1.1222277880e+00
-8.2447063923e-01
3.1719344854e-01
2.5372760296e+00
3.1518492699e+00
8.9865040779e-01
-2.0061609745e+00
-3.5642061234e+00
-1.1321415901e+00
2.8133210540e-01
-4.4622790068e-02
-1.8116506934e-01
-8.2668960094e-01
5.0118678808e-01
-2.0637044907e+00
-1.2725999355e+00
-1.4604251385e+00
-1.4956767559e+00
-1.6178410053e+00
-2.2084112167e+00
-1.3190683126e+00
6.7711448669e-01
3.3873417974e-01
6.7743653059e-01
1.1809493303e+00
-7.5303971767e-01
-1.1835471392e+00
-7.6075607538e-01
4.4209957123e-01
4.4753384590e-01
-9.8090484738e-02
-3.0100238323e+00
-4.0925192833e+00
-3.9706707001e+00
-4.0176711082e+00
-2.6085305214e+00
-2.8056979179e+00
-1.8316665888e+00
-2.1335952282e+00
-4.5850646496e-01
-1.7427042723e+00
-4.7441163659e-01
-9.8212653399e-01
-4.4554814696e-01
2.7873873711e-01
-7.7786982059e-01
-1.5917731822e-01
4.6669828892e-01
2.1116552353e+00
1.3640685081e+00
1.8118945360e+00
9.1531383991e-01
-1.1619431973e+00
-6.9157858379e-03
1.7455859184e+00
1.3917841911e+00
3.2608048916e+00
2.9567077160e+00
3.6640522480e+00
3.2676382065e+00
1.7151004076e+00
9.2691236734e-01
-4.7085931897e-01
-2.4220807552e+00
-2.9508686066e+00
-2.2808909416e+00
-3.2213175297e-01
-2.7434244752e-01
-2.2333279252e-01
3.6599749327e-01
1.4372815192e-01
1.5407794714e-01
5.2520406246e-01
4.2980983853e-02
-6.9209045172e-01
3.0463555455e-01
3.6605608463e-01
-1.7155140638e-02
-8.9592683315e-01
-2.4646942616e+00
1.7023915425e-02
-1.9435851276e-01
-1.7461061478e-01
-9.3803715706e-01
-1.3071904182e+00
-8.7978881598e-01
-5.7881164551e-01
3.1637653708e-01
8.1676147878e-02
-6.0124760494e-03
-8.1539742649e-02
5.4546456784e-02
5.1214095205e-02
2.1922481060e-01
-1.9941351414e+00
1.9554775953e+00
-2.8620317578e-01
-1.1392195225e+00
-5.4080166817e+00
-2.9819555283e+00
-3.5972294807e+00
4.9339306355e-01
2.3953916132e-01
-1.5920560062e-01
1.9245827198e-01
-1.8416494131e-01
2.8877192736e-01
3.0712544918e-01
1.8578685522e+00
4.6221060753e+00
1.5428009033e+00
-3.6333096027e+00
-3.3689622879e+00
-1.5432496555e-02
3.1515607834e+00
1.5802375972e-02
5.0381225348e-01
-4.0657601357e+00
-2.7169597149e+00
-4.3873462677e+00
-1.9253973961e+00
-2.5844352245e+00
4.5407629013e-01
-1.7938725650e-01
-4.5290556550e-01
-1.9070816040e+00
6.7682540417e-01
-1.7925498486e+00
-2.9228818417e+00
8.1778120995e-01
-4.2209072113e+00
-6.0422458649e+00
-2.7656817436e+00
-9.3598794937e-01
-5.4224431515e-01
-2.7435699105e-01
4.4809846878e+00
1.1203397512e+00
3.4795641899e+00
2.5354156494e+00
-4.1828453541e-01
3.3249344826e+00
-6.0987524986e+00
-5.6173672676e+00
-5.3500533104e+00
1.9066118002e+00
3.3239755034e-01
1.5094916821e+00
2.1783719063e+00
2.4582526684e+00
1.4036288261e+00
-3.3690538406e+00
2.8590452671e+00
6.5671205521e+00
4.8735809326e+00
3.2959344387e+00
1.8325809240e+00
-1.9158390760e+00
2.1508780122e-01
-6.6413664818e-01
8.7759864330e-01
1.0604766011e-01
1.0140786879e-02
2.8093463182e-01
6.6663849354e-01
5.8452236652e-01
-1.7297977209e-01
9.8411953449e-01
1.0375186205e+00
8.3100575209e-01
9.1572783887e-02
1.2512597442e-01
1.7274686694e-01
-2.0707468987e+00
-5.4863184690e-01
1.7136530876e+00
2.0745978355e+00
2.6237173080e+00
-9.9564112723e-02
-3.0814453959e-01
-2.8048830032e+00
-5.8847465515e+00
-7.5425252914e+00
-3.1371765137e+00
-1.5149947405e+00
1.6839452982e+00
1.5201189518e+00
2.1697690487e+00
1.9475470781e+00
1.4615569115e+00
1.1433360577e+00
8.1024956703e-01
-2.3931436539e+00
-8.9037662745e-01
1.0616240501e+00
2.7257158756e+00
1.8109985590e+00
1.0475927591e+00
-5.6985374540e-02
7.2682738304e-01
4.5225965977e-01
-1.6625800729e-01
-1.2910595536e-01
-2.0441687107e-01
-1.5173439682e-01
3.2212144136e-01
-1.7066138983e+00
-3.0006420612e+00
-2.6304428577e+00
-2.2504007816e+00
-4.8131695390e-01
7.2625863552e-01
2.9000282288e+00
1.3236911297e+00
1.9066132307e+00
5.3908646107e-01
-2.5207756087e-02
-2.8010928631e-01
-1.8478064537e+00
-5.4606146812e+00
-6.5916929245e+00
-2.9170067310e+00
-6.1348757744e+00
-2.5182366371e+00
-1.1383825541e+00
2.2583867610e-01
2.8451332450e-01
-4.2906697839e-02
6.8495392799e-01
1.9594700336e+00
8.8927406073e-01
-1.4978168011e+00
-2.3813018799e+00
-6.4506955147e+00
2.4759271145e+00
2.8132113814e-01
1.3352153301e+00
1.0561375618e+00
1.5508100986e+00
4.2713217735e+00
1.4567518234e+00
-3.3798162937e+00
-3.1172268391e+00
-4.3140238523e-01
-3.1323609352e+00
-1.0716345310e+00
-2.4486129284e+00
-2.8195650578e+00
-8.2329578400e+00
-2.5068297386e+00
-6.0981059074e-01
2.0537401736e-01
-4.2682096362e-02
2.2542487085e-01
4.7372448444e-01
2.0847063065e+00
1.1324135065e+00
-1.4509272575e+00
-2.8732759953e+00
-1.6688054800e+00
-2.5805754662e+00
-3.7412490845e+00
5.5712866783e-01
5.3819352388e-01
1.0032912493e+00
5.8089232445e-01
5.0235098600e-01
4.9258452654e-01
4.7418335080e-01
3.1860417128e-01
4.6031743288e-01
1.3829874992e-01
4.1528919339e-01
3.3590272069e-02
9.7357594967e-01
6.9562155008e-01
-2.4712543190e-01
9.9546384811e-01
-3.4474292397e-01
6.5963244438e-01
5.1995491982e-01
7.6612389088e-01
9.6607208252e-01
-2.7108747959e+00
-1.1137970686e+00
-7.1968749166e-02
1.9818207622e-01
3.9802154899e-01
3.0631649494e-01
9.8451626301e-01
-1.5635074377e+00
-4.3308949471e+00
-5.7243213654e+00
-2.5833206177e+00
-1.3798809052e-01
-8.2998320460e-02
-3.6688607186e-02
8.8072363287e-03
9.0194958448e-01
-6.5242305398e-02
-3.6254599690e-01
2.6456552744e-01
-3.0829954147e-01
-2.9647269845e-01
-4.3166985512e+00
2.3132939637e-01
-2.1181859970e+00
-1.6259392500e+00
-4.9913355708e-01
-2.8517804146e+00
-1.8011546135e+00
3.3982229233e+00
3.3965506554e+00
3.4061775208e+00
3.5131139755e+00
4.0985097885e+00
1.3148680925e+00
-3.7646257877e+00
-5.4930704832e-01
1.2940512598e-01
1.3446390629e+00
8.9948320389e-01
7.8743606806e-01
2.1494889259e+00
1.3570975065e+00
2.4313175678e-01
1.7944988012e+00
1.7303295135e+00
-3.9893525839e-01
-2.4881167412e+00
-3.3609442711e+00
-3.0354154110e+00
1.5154731274e-01
7.0681244135e-02
-3.9127466083e-01
6.3101184368e-01
9.9132388830e-01
4.0501734614e-01
-2.1861171722e+00
1.3521458209e-01
5.5895633996e-02
2.0758617669e-02
-9.9031217396e-02
-9.7689829767e-02
4.6933356673e-02
5.0928339362e-02
3.3772104979e-01
8.7017631531e-01
8.1035935879e-01
9.4799971581e-01
5.0217819214e-01
9.6771824360e-01
6.1569821835e-01
-2.9495770931e+00
-2.3292999268e+00
-2.8550353050e+00
-3.9042866230e+00
-1.2527887523e-01
-2.5924810767e-01
-2.2985012829e-01
2.6602141857e+00
-2.0657043457e+00
-2.7268752456e-01
4.3175272942e+00
6.5241456032e+00
1.3114328384e+00
6.1302286386e-01
-1.2051625252e+00
-1.3854795694e+00
-1.5797684193e+00
-2.1513140202e+00
-2.8934514523e+00
-3.7454657555e+00
-4.3689937592e+00
6.3388395309e-01
-3.8751665503e-02
1.8869705200e+00
1.2671145201e+00
2.0026967525e+00
2.6907927990e+00
5.3697900772e+00
1.5329787135e-01
7.8713685274e-02
-4.3958123773e-02
-7.1480814368e-03
2.5239879265e-02
1.8341228366e-01
3.7983268499e-01
1.4201816320e+00
2.4655742645e+00
2.1847178936e+00
2.2311146259e+00
3.0377383232e+00
-3.4498703480e-01
5.2271592617e-01
2.8011742234e-01
2.4726885557e-01
-2.3602078855e-01
-8.9582599699e-02
1.2162333727e+00
1.4156328440e+00
-2.4687899649e-01
3.2142028213e-01
6.0592025518e-01
1.2346954346e+00
7.6266366243e-01
-1.0859807730e+00
-1.6122682393e-01
-4.6743884087e+00
-3.7727200985e+00
-1.2526042461e+00
-1.7798013985e-01
5.0425302237e-02
-1.6009086370e-01
-5.6636952795e-03
1.7317622900e-02
1.3350924253e+00
1.1509919167e+00
1.3103951216e+00
1.1869332790e+00
8.5130655766e-01
8.8353991508e-01
3.8482105732e-01
2.5238540173e+00
1.0764751434e+00
1.3430454731e+00
5.7203793526e+00
-3.5002477169e+00
4.1103711128e+00
-2.4252996445e+00
-1.0202008486e+00
1.8244717121e+00
5.4049153328e+00
5.0956935883e+00
4.6095771790e+00
3.4800102711e+00
3.5899069309e+00
1.8195013702e-01
1.6444317102e+00
1.5699216127e+00
1.6931712627e+00
2.5487570763e+00
-1.2802432775e+00
1.8190263510e+00
2.2780424356e-01
1.6077809036e-01
-3.3707651496e-01
-2.2105856240e-01
7.0372116566e-01
-3.2581385970e-01
-3.6526889801e+00
-1.2258836031e+00
9.9756039679e-02
2.2036247253e+00
2.3272893429e+00
3.0388870239e+00
1.1911695004e+00
-2.6853365898e+00
7.9631584883e-01
1.6145919263e-01
4.8313540220e-01
4.9969878793e-01
-9.4336844981e-02
1.1770247221e+00
1.9013172388e+00
-1.3068295717e+00
-1.5247216225e+00
-1.6028324366e+00
-2.4325704575e+00
-2.4183521271e+00
-3.7116410732e+00
-4.2499699593e+00
1.8444869518e+00
3.4132592678e+00
4.3868036270e+00
6.0083384514e+00
2.0153365135e+00
-4.8955717087e+00
-6.8947930336e+00
-1.1327338219e+00
-2.0111055374e+00
2.2686390877e+00
2.8981149197e+00
-1.4338957146e-02
2.8922557831e+00
-9.6533191204e-01
-5.2693157196e+00
2.7365443707e+00
-6.1535250396e-02
2.8090958595e+00
-7.3368996382e-02
1.5301223993e+00
8.9656847715e-01
-4.0386110544e-01
2.1328454018e+00
-6.1374408007e-01
-2.9357120991e+00
-4.8761067390e+00
-2.2771379948e+00
-5.2275884151e-01
2.6185305119e+00
2.7079505920e+00
3.3123641014e+00
2.6309313774e+00
1.6651203632e+00
1.1439628601e+00
2.0574219525e-01
6.4823687077e-01
6.5074974298e-01
1.3890123367e+00
1.2449094057e+00
5.4220044613e-01
-9.6066617966e-01
-3.9543213844e+00
-4.3039441109e-02
6.6412180662e-02
1.8895870075e-02
5.3782697767e-02
-1.6178694367e-01
-1.4261429012e-01
-1.9419612363e-02
1.3378922939e+00
1.6236538887e+00
1.4150497913e+00
8.3318662643e-01
1.0646015406e+00
2.2878341675e+00
1.8340220451e+00
2.8803663254e+00
1.3551557064e+00
1.4242403507e+00
8.6102259159e-01
5.0904357433e-01
1.1499722004e+00
1.0701371431e+00
-5.1634103060e-01
-2.3998406529e-01
9.0338364244e-02
-1.1766807176e-02
-1.4166107774e-01
-1.4000666142e-01
-1.6871783137e-01
-3.1232997775e-01
-4.8084035516e-01
-2.1130347252e+00
-7.5375002623e-01
-1.1068404466e-01
9.6179181337e-01
1.8485714197e+00
-4.4629940987e+00
-4.2139492035e+00
-3.5211806297e+00
-3.1383996010e+00
-2.5331044197e+00
-2.8780603409e+00
-2.5421872139e+00
3.9157538414e+00
1.9378135204e+00
-1.0525908470e+00
-4.9857468605e+00
-3.3742935658e+00
-1.0164240599e+00
3.8783937693e-01
-6.5868872404e-01
-1.2833836079e+00
-2.6808249950e+00
-4.6258215904e+00
-4.5389161110e+00
-1.5337761641e+00
-2.9613342881e-01
5.4678397179e+00
3.6566307545e+00
2.7908477187e-01
-1.8422806263e+00
-9.4598627090e-01
6.5818494558e-01
2.6235241890e+00
-1.8190013170e+00
-2.1009674072e+00
-6.6320490837e-01
1.2221196294e-01
2.5509646535e-01
9.7371414304e-02
5.6009995937e-01
1.5586117506e+00
6.0535949469e-01
6.7244511843e-01
2.5348857045e-01
-1.5277396142e-01
1.1910828352e+00
-5.7834023237e-01
-9.7745722532e-01
-8.8049906492e-01
9.6186858416e-01
3.1309938431e-01
6.7131048441e-01
2.6041740179e-01
1.0401265621e+00
1.0387442112e+00
3.4963870049e-01
1.6829456091e+00
1.2784854174e+00
1.6733522415e+00
1.9692770243e+00
1.4472215176e+00
7.0894050598e-01
7.9172635078e-01
2.0898060799e+00
3.8213261962e-01
5.3201818466e-01
2.2313863039e-01
6.8677425385e-01
-2.7855993249e-03
1.1863361299e-01
1.7146196365e+00
5.6829810143e-01
1.2680220604e+00
5.6060538627e-03
6.5290820599e-01
-3.2950193882e+00
-2.9089984894e+00
6.8016894162e-02
-2.0564334393e+00
-2.1927446127e-01
-1.9376730919e+00
-1.0021607876e+00
4.7508816719e+00
4.2937912941e+00
9.0022152662e-01
3.3725357056e-01
1.2057849020e-01
-1.0805776119e+00
-1.1912508011e+00
1.4342978597e-01
-6.0507190228e-01
-1.0084021091e+00
-1.3148953915e+00
-1.4970890284e+00
-1.1260097027e+00
-1.1972665787e+00
1.1894694567e+00
1.8391599655e+00
1.7804623842e+00
1.9971454144e+00
1.5946279764e+00
7.5109493732e-01
4.6681740880e-01
-9.7744951248e+00
-1.1239660263e+01
-9.6415195465e+00
-8.0685691833e+00
-7.4560828209e+00
-6.5937438011e+00
-6.2756123543e+00
-2.4886527061e+00
-2.5613408089e+00
-1.1438316107e+00
-5.5329805613e-01
-6.3832992315e-01
4.9269026518e-01
5.3435385227e-02
9.9321019650e-01
6.7967981100e-01
7.5968140364e-01
4.7945204377e-01
-2.8266218305e-01
-6.5117770433e-01
-3.1984239817e-01
1.0997072458e+00
1.4807485342e+00
2.7878633142e-01
-4.1574656963e-01
-2.8549332619e+00
-2.5928957462e+00
-3.0006644726e+00
7.0909410715e-02
5.0662882626e-02
3.7420061231e-01
3.0849534273e-01
-1.4769341797e-03
-5.0067734718e-01
-1.1908743382e+00
1.2854027748e+00
-4.9309529364e-02
4.5191962272e-02
-2.3072473705e-02
9.4131070375e-01
7.5875979662e-01
9.3979513645e-01
1.2081153393e+00
-5.2407151461e-01
9.9214994907e-01
1.5505321026e+00
1.3442132473e+00
-4.0567347407e-01
1.0489048958e+00
-5.5930405855e-01
-6.2325373292e-02
3.7248757482e-01
2.2794173658e-01
7.4957770109e-01
1.0877748728e+00
1.4282047749e+00
2.0856423676e-01
2.7700260282e-01
4.0034478903e-01
-1.9137079716e+00
-7.6463842392e-01
-1.0071997643e+00
-8.5506278276e-01
-4.1043528914e-01
-5.8367836475e-01
-4.1054195166e-01
-6.6646671295e-01
-5.4695546627e-01
-3.9759919047e-01
2.8072239831e-02
-8.2781496048e+00
-7.4459862709e+00
-7.0416364670e+00
-5.6864337921e+00
-5.0227446556e+00
-4.1339082718e+00
-4.5415349007e+00
8.0635678768e-01
9.3593382835e-01
1.9476209879e+00
7.7207052708e-01
7.2562646866e-01
5.7925075293e-01
-2.7602022886e-01
1.2414902449e+00
3.4484741092e-01
1.4510281384e-01
-4.2386487126e-01
-4.3579027057e-01
4.3243387341e-01
1.4325055480e-01
8.1847000122e-01
4.2903624475e-02
-1.1075047255e+00
-1.5031992197e+00
1.7594231665e-01
2.3667076230e-01
4.1732867248e-03
-5.1451854706e+00
-4.4326653481e+00
-3.3204386234e+00
-2.9324207306e+00
-2.0302116871e+00
-1.3595931530e+00
-1.0031126738e+00
4.8449656367e-01
9.3574059010e-01
-2.8990158439e-01
-7.0388722420e-01
-2.3969657421e+00
-2.2480978966e+00
-1.9090952873e+00
-9.4285279512e-01
-1.3887989521e+00
-2.0355813503e+00
-1.3349564075e+00
-1.5854656696e+00
1.7683386803e-01
1.2970478535e+00
-1.5991736650e+00
1.5437422693e-01
1.5098662674e-01
-8.9920979738e-01
9.0586584806e-01
1.5655266047e+00
1.8035123348e+00
2.8522393703e+00
8.3499908447e-01
-1.1050081253e+00
-5.4378741980e-01
-9.5394080877e-01
-4.5278611779e-01
3.0818945169e-01
-1.5596067905e+00
-8.4698200226e-01
3.1601226330e-01
4.9884176254e-01
2.4992342293e-01
1.4429648221e-01
-6.4130198956e-01
-3.6698243022e-01
1.5614069998e-01
3.7752154469e-01
9.9510520697e-02
1.2594713271e-01
-3.5115834326e-02
9.3870706856e-02
2.7487909794e-01
1.8541364372e-01
1.9112760201e-02
3.0087894201e-01
4.5433661342e-01
6.9164437056e-01
6.5419363976e-01
-4.6426010132e-01
-2.0340555906e-01
-7.4964243174e-01
-1.7356851101e+00
-8.7430435419e-01
5.5611819029e-01
-1.0952540673e-02
-1.1291443557e-01
1.4569678903e-01
9.3809014559e-01
2.4256855249e-01
-3.9241716266e-01
4.8969537020e-02
-1.1154383421e+00
-7.4524231255e-02
-5.9234656394e-02
-1.7439261079e-01
-3.1371781230e-01
-5.0615382195e-01
-4.9787706137e-01
-5.9506797791e-01
-1.3455528021e+00
-1.7062187195e+00
-4.6598663926e-01
-2.7969393730e+00
-2.3250963688e+00
-2.1305658817e+00
-3.2401242256e+00
-4.5159825683e-01
-3.3250400424e-01
-2.0514880121e-01
-9.5263496041e-02
-8.4606766701e-02
-8.7415330112e-02
-6.7763745785e-02
-4.4448333979e-01
-1.0073651075e+00
-1.2127749920e+00
-2.1097528934e+00
-1.2459332943e+00
-2.2293567657e+00
-2.1029767990e+00
-8.5861122608e-01
-8.1875419617e-01
-3.9206072688e-01
3.6927294731e-01
1.0622028261e-01
5.2214050293e-01
1.8043154478e-01
7.4809396267e-01
3.8718408346e-01
1.0034935176e-01
3.9937332273e-01
2.3277072608e-01
4.8760572076e-01
-2.9078069329e-01
-8.2630223036e-01
1.9884234667e-01
-1.2155491114e+00
-1.5544399023e+00
-7.6599210501e-01
-1.1323816776e+00
-8.9733713865e-01
1.8136268854e+00
1.7661969662e+00
1.4702285528e+00
1.5876207352e+00
1.6617777348e+00
1.4800978899e+00
1.2011208534e+00
9.7115153074e-01
5.6795245409e-01
6.3428312540e-01
1.2430136204e+00
8.8253420591e-01
2.5277929306e+00
1.3981465995e-01
8.3131754398e-01
7.4077230692e-01
-1.9240275025e-01
-2.8835040331e-01
-2.6312607527e-01
-7.9006606340e-01
-1.5410016775e+00
9.6628916264e-01
1.9557763338e+00
1.1492917538e+00
1.0248534679e+00
1.7242658138e-01
4.0860199928e-01
1.8689491749e+00
-5.6837290525e-01
-2.8737398982e-01
1.0386147350e-01
4.6881553531e-01
6.2078458071e-01
4.4047564268e-01
-4.3936672807e-01
4.6437454224e+00
3.4990077019e+00
5.7575569153e+00
4.5097117424e+00
3.1988384724e+00
2.1690471172e+00
-2.3914999962e+00
-1.8427593708e+00
-2.5398752689e+00
-2.4921717644e+00
-2.8441059589e+00
-1.0289257765e+00
-2.0170478821e+00
-1.6644420624e+00
-3.1899625063e-01
-2.0517170429e-01
-4.3933749199e-01
-4.4308504462e-01
-5.6315052509e-01
-5.9001326561e-01
-1.0005247593e+00
-1.6056473553e-01
-3.7755376101e-01
-9.4754219055e-01
-1.6774636507e+00
-2.1816902161e+00
-2.1833212376e+00
-2.8908848763e+00
2.1212675571e+00
2.6133553982e+00
2.3995478153e+00
2.1292939186e+00
1.4871737957e+00
7.2516292334e-01
-1.9821533561e-01
-8.5816144943e-01
1.7543026209e+00
1.5872952342e-01
1.5381639004e+00
4.2911905050e-01
8.6661779881e-01
5.9544640779e-01
-2.9157972336e-01
-1.6496266127e+00
-4.0248494148e+00
-6.1824278831e+00
-4.0170888901e+00
-1.8527719975e+00
-2.0127373934e-01
-6.6204911470e-01
-1.3399463892e+00
-1.4599287510e+00
-1.6939427853e+00
-1.6323521137e+00
-1.9818376303e+00
-1.8098102808e+00
6.3827759027e-01
3.5359761119e-01
8.7432289124e-01
4.8103410006e-01
1.2971658707e+00
1.6701345444e+00
1.6478466988e+00
-2.9018187523e+00
-2.8180656433e+00
-1.8050762415e+00
-1.3503879309e+00
-9.9511718750e-01
-1.0394343138e+00
-6.9501036406e-01
1.6414866447e+00
2.1286191940e+00
1.7011806965e+00
1.4230935574e+00
6.9455331564e-01
6.2567478418e-01
4.8871541023e-01
-9.3406409025e-01
-8.4265589714e-01
-1.3767311573e+00
-3.4822294116e-01
-1.7313656807e+00
-6.1910688877e-01
-2.5690600276e-01
-5.0817108154e-01
4.1911813617e-01
1.2256780863e+00
1.4908868074e+00
6.8004894257e-01
1.5031738281e+00
7.4719494581e-01
-1.1458129883e+00
-8.3165371418e-01
-1.2756212950e+00
-3.3992023468e+00
-4.4578657150e+00
-3.0114123821e+00
-2.3391950130e+00
5.3215503693e-02
5.0814819336e-01
6.0678553581e-01
1.0021274090e+00
1.7395999432e+00
7.6281136274e-01
6.0208362341e-01
4.4944420457e-01
-7.6210933924e-01
-1.8800574541e-01
-1.8860067129e+00
-5.1209920645e-01
4.7560003400e-01
-4.8823577166e-01
9.6154242754e-01
9.7381371260e-01
2.0233727992e-01
2.0700864494e-01
1.3368572295e-01
-4.3068885803e-02
-5.7273173332e-01
-1.1125760078e+00
-2.5924720764e+00
-1.5375809669e+00
-7.6143902540e-01
-5.1028568298e-02
2.0445957184e+00
1.9666779041e+00
1.0816362500e-01
-6.6729211807e-01
-9.6577107906e-01
1.2853677571e-01
4.1222295165e-01
9.6544198692e-02
1.2855181694e+00
1.2553688288e+00
-8.8871079683e-01
4.0246462822e+00
1.5002075434e+00
1.5630573034e+00
1.9393726587e+00
-1.5245661736e+00
-2.9861962795e+00
-2.4715352058e+00
-1.8688918352e+00
-1.6139938831e+00
-3.8529071212e-01
-1.5399683714e+00
-3.0373123288e-01
3.6048597097e-01
-1.4337524176e+00
3.6891117692e-01
9.1926771402e-01
1.7917175293e+00
1.9056428671e+00
1.9934417307e-01
-6.3081974983e+00
-3.6012587547e+00
-3.0894377232e+00
-4.3384200335e-01
2.4831244349e-01
1.7969110012e+00
2.1937708855e+00
-1.4717844725e+00
-4.5413437486e-01
9.1824287176e-01
1.6832942963e+00
2.0886833668e+00
2.1403193474e+00
9.5855319500e-01
-4.6880219132e-02
6.3770279288e-02
-1.4449199438e+00
-1.6686191559e+00
-2.1608002484e-01
-9.5923626423e-01
2.7016952634e-01
-2.4188494682e+00
-1.6827911139e+00
-2.1738514900e+00
-2.3637056351e+00
-2.1380941868e+00
-1.1446290016e+00
-9.4832038879e-01
-3.9006948471e-01
-3.1083682179e-01
3.9534875751e-01
1.2865045667e-01
-7.0804715157e-01
-6.6716635227e-01
-8.2741636038e-01
-2.4843730927e+00
-1.2488307953e+00
-3.6674201488e-02
1.0342847109e+00
8.6749720573e-01
1.4312784672e+00
-2.2117207944e-01
-1.9678384066e+00
-7.7689319849e-01
2.3663800955e-01
1.2972843647e+00
4.6304506063e-01
4.8616981506e-01
6.6572248936e-01
1.5516966581e+00
3.3865338564e-01
-1.4303455353e+00
-1.7573634386e+00
-4.5915263891e-01
-7.8745126724e-01
4.4534397125e-01
1.0888460875e+00
2.8622608185e+00
1.1372363567e+00
3.5374860764e+00
-3.7723045796e-02
5.8298432827e-01
-4.4763240218e-01
-3.3612978458e-01
1.3066139221e+00
6.3999456167e-01
-1.3717347383e-01
-1.1896911860e+00
-2.0936334133e+00
-1.8776612282e+00
1.4638942480e+00
1.8193962574e+00
1.4216778278e+00
1.9236491919e+00
4.4044038653e-01
1.2822419405e+00
-2.3464323953e-02
-5.5598025322e+00
-4.3721284866e+00
-2.0571794510e+00
-2.2123243809e+00
4.3910205364e-01
1.1600755453e+00
2.5287904739e+00
1.4464381933e+00
5.8647221327e-01
2.6178225875e-01
-6.8600893021e-01
-2.0045968890e-01
-1.0841811895e+00
9.7336536646e-01
-5.9375033379e+00
-4.8611755371e+00
-1.8620964289e+00
-1.8370918930e-01
7.9045847058e-02
9.5701766014e-01
1.0172973871e+00
-5.3306186199e-01
5.0443398952e-01
1.6105242968e+00
1.1957757473e+00
5.8385270834e-01
9.8254936934e-01
1.0957109928e+00
1.4009747505e+00
7.7427512407e-01
1.9320167303e+00
1.4044375420e+00
9.2880076170e-01
1.7422719002e+00
1.8734598160e+00
1.0928052478e-02
1.5073393583e+00
2.6954841614e-01
1.1496015787e+00
-1.2867611647e+00
1.2336025238e+00
6.5950706601e-02
-2.6648166180e+00
-3.9297838211e+00
-7.3778629303e-01
-1.3471405506e+00
-4.4796958566e-01
-3.1074423790e+00
1.4127554893e+00
-2.1074595451e+00
-2.1267924309e+00
-2.4612596631e-01
-4.2189416289e-01
5.1517421007e-01
1.3277347088e+00
5.4451906681e-01
1.1198014021e+00
2.8430351615e-01
3.1255125999e-01
-6.1306858063e-01
-4.8683148623e-01
-3.2024878263e-01
9.2091804743e-01
-6.4635258913e-01
-4.4938459992e-01
-5.0659424067e-01
3.5705763102e-01
-3.5963696241e-01
-5.6311899424e-01
6.5133941174e-01
-4.2487442493e-01
7.8228461742e-01
-6.5049737692e-02
6.3607531786e-01
2.0526909828e-01
-1.2264984846e-01
-5.4425096512e-01
-3.5372570157e-01
-4.1018050909e-01
-2.5180149078e-01
-1.5470353886e-02
-7.5821793079e-01
-3.9769652486e-01
-2.6795196533e+00
-2.5480341911e+00
-1.0414942503e+00
4.1659510136e-01
1.5686899424e+00
-1.3431029022e-01
1.2697111368e+00
3.0877645016e+00
-1.9126665592e+00
-2.6640217304e+00
-1.9078725576e+00
-2.8206696510e+00
-3.0039026737e+00
-5.0667610168e+00
-2.8864133358e+00
3.5072320700e-01
1.7241793871e+00
5.3330483437e+00
3.6467845440e+00
2.8700518608e+00
2.2401556969e+00
8.7493562698e-01
-9.0556073189e-01
9.9119395018e-02
2.0223104954e+00
1.9733811617e+00
1.5730214119e+00
6.8838673830e-01
2.0134503841e+00
6.2074226141e-01
9.0229392052e-01
1.2745026350e+00
2.0433771610e+00
8.1437808275e-01
1.4657434225e+00
5.1942175627e-01
4.3482356071e+00
1.2324750423e+00
7.1802657843e-01
5.8811384439e-01
-6.8428498507e-01
-1.1798982322e-01
1.6424150467e+00
4.9762167037e-02
-1.3394680619e-01
-1.0272357464e+00
3.7020359188e-02
-2.1549293399e-01
-1.0771222115e+00
-7.9792040586e-01
1.9220824242e+00
1.7932138443e+00
2.1497020721e+00
1.7993232012e+00
1.4461199045e+00
1.8974621296e+00
2.3137872219e+00
-3.2574031353e+00
-2.4144961834e+00
-3.6515083313e+00
-4.1457982063e+00
-3.1725463867e+00
-2.4232208729e+00
8.2645773888e-02
-3.6240905523e-01
-3.0021128058e-01
1.2643538713e+00
4.9307039380e-01
1.2184956074e+00
3.5524925590e-01
2.8498029709e+00
-3.2512562275e+00
-2.9597737789e+00
-1.8709579706e+00
-2.1908395290e+00
-2.3243846893e+00
-1.1201008558e+00
-1.3726775646e+00
-1.4620912075e+00
-3.0465986580e-02
6.6585642099e-01
3.0965487957e+00
1.5180981159e+00
1.9732260704e+00
1.0039966106e+00
-2.4527492523e+00
-1.0586633682e+00
2.4727651477e-01
1.6935380697e+00
6.9768846035e-01
2.4465225637e-01
-1.1427828074e+00
-5.0256958008e+00
-2.2683589458e+00
-5.2238583565e-01
2.1493923664e+00
1.2308111191e+00
2.2680690289e+00
2.1682460308e+00
-1.4778716564e+00
-1.3480376005e+00
-9.6427696943e-01
-6.7758440971e-01
-1.0485581160e+00
3.1201308966e-01
3.4228090197e-02
3.0876388550e+00
-1.0547428131e+00
3.4229204655e+00
1.3439891338e+00
-4.3359819055e-01
2.4529972076e+00
2.0470379293e-01
6.2111306190e-01
-1.5566358566e+00
6.3738930225e-01
-2.7489843965e-01
2.2207364440e-01
-2.8853303194e-01
1.9034551457e-02
-1.0187307596e+00
6.8500272930e-02
2.9683962464e-01
1.5662845373e+00
1.0006964207e+00
3.5443186760e-01
1.4725197554e+00
9.5453959703e-01
2.4060115814e+00
3.1344232559e+00
4.6066613197e+00
2.7162933350e+00
2.8208384514e+00
1.0054705143e+00
-4.6445983648e-01
-3.8782671094e-01
2.8277701139e-01
3.3245563507e+00
4.6724433899e+00
1.8673665524e+00
1.2599397898e+00
-2.1056952477e+00
-1.2837184668e+00
1.6699843109e-01
1.4294798672e-01
6.2901365757e-01
2.2557055950e+00
1.1330270767e+00
1.6509964466e+00
1.5583888292e+00
2.0301234722e+00
1.8340717554e+00
1.9229493141e+00
2.5170481205e+00
2.5374503136e+00
-1.3128823042e-01
-9.0842282772e-01
1.5610612631e+00
5.0966888666e-01
-9.7348439693e-01
-1.5237684250e+00
-2.7994241714e+00
2.9524883628e-01
-4.3377655745e-01
5.0922912359e-01
9.9134749174e-01
1.2493562698e+00
5.1764804125e-01
1.0145857334e+00
-6.0305767059e+00
-5.8087104559e-01
-4.4124832153e+00
3.5501098633e+00
-9.0216135979e-01
1.9182521105e+00
7.9475897551e-01
1.2948582172e+00
9.6610301733e-01
6.4867776632e-01
1.5361171961e-01
-1.2790230513e+00
-1.3989763260e+00
-1.5814862251e+00
-2.3129336834e+00
-1.5211007595e+00
-9.0821129084e-01
4.8054367304e-01
1.9964985847e+00
2.8649697304e+00
2.9389321804e+00
-1.3281577826e-01
-4.6914169192e-01
1.5278986692e+00
2.9663870335e+00
1.3807812929e+00
1.0166020393e+00
8.6998499930e-02
-6.1321771145e-01
3.9727354050e-01
6.0373836756e-01
1.3838493824e+00
9.3979394436e-01
9.6018278599e-01
1.0675871372e+00
-3.5428950787e+00
-4.7765040398e-01
-1.1876432896e+00
5.1093566418e-01
4.4521787763e-01
9.6998095512e-01
1.8082834482e+00
-2.4370472133e-01
-9.7639900446e-01
-1.2637946606e+00
-1.1677765846e+00
-4.9223643541e-01
2.4410653114e-01
7.7868247032e-01
-3.8733178377e-01
-5.9582400322e-01
-4.5031392574e-01
-4.2167562246e-01
-6.9082963467e-01
-6.8714058399e-01
-2.0567487180e-01
3.7267911434e+00
7.7233785391e-01
-7.8693407774e-01
-2.5209383965e+00
-2.9310796261e+00
-1.6447032690e+00
-1.1617155075e+00
7.2099649906e-01
3.6442875862e-01
8.2004654408e-01
1.0696326494e+00
8.4523588419e-01
8.4309571981e-01
9.6129441261e-01
1.4092396498e+00
-2.4124701023e+00
-3.6664566994e+00
-7.8407239914e-01
5.5413728952e-01
2.9716064930e+00
2.9838249087e-01
-1.5900708735e-01
1.3423700631e-01
1.7348654568e-01
3.7968224287e-01
7.8057360649e-01
4.3607091904e-01
-7.1111455560e-02
-2.8142839670e-01
-3.2929387093e+00
-2.8992984295e+00
-2.3487377167e+00
-2.5969030857e+00
-2.1336803436e+00
-1.8796491623e-01
5.9537112713e-01
-2.2144016623e-01
1.8918402493e-01
6.4311397076e-01
6.4400398731e-01
7.5006633997e-01
-4.2077162862e-01
2.4635627270e+00
2.0634367466e+00
2.9025044441e+00
2.5545315742e+00
-2.8791499138e-01
-9.7697532177e-01
4.3393296003e-01
-3.9570655823e+00
-3.0964529514e+00
-3.4644839764e+00
-2.1003630161e+00
-2.4770836830e+00
-7.1948307753e-01
-1.2961690426e+00
1.4743245840e+00
1.0908471346e+00
1.9654870033e+00
1.4613318443e+00
2.9839532375e+00
1.7580746412e+00
1.8356827497e+00
-1.5484799147e+00
-8.0759859085e-01
2.0599740744e-01
7.0864099264e-01
1.2598913908e+00
-1.3586291671e-01
-1.1594822407e+00
-2.4566097260e+00
-3.8143613935e-01
2.1061642170e+00
5.4348405451e-02
-4.9195688963e-01
-5.4912185669e-01
-1.0110299587e+00
-4.8748397827e-01
-1.2534379959e+00
6.6049647331e-01
-2.6274165511e-01
1.2174069881e-01
2.2171144187e-01
-3.2708677649e-01
-4.8663914204e-01
-5.6949055195e-01
3.3405250311e-01
2.6928761601e-01
1.0811094046e+00
1.7468440533e+00
1.1343940496e+00
-4.2193117142e+00
-3.8865673542e+00
-2.3631887436e+00
-1.4504907131e+00
-1.2394490242e+00
-1.3385574818e+00
-1.7010022402e+00
-3.1867909431e+00
-2.4190542698e+00
-2.0938870907e+00
-6.8253648281e-01
-8.4458060563e-02
-1.2111431360e+00
-1.7115148306e+00
2.2555115223e+00
1.1824169159e+00
3.7983655930e-01
1.4988923073e+00
1.2914991379e+00
8.6242669821e-01
3.6304217577e-01
-9.7951817513e-01
-5.9896391630e-01
-4.1512110829e-01
1.4557825327e+00
6.6298514605e-01
9.1982829571e-01
-1.3975052834e+00
-1.3282444477e+00
-4.8203855753e-01
1.1300916672e+00
-4.3620574474e-01
-6.6887509823e-01
-3.0861794949e-01
4.6308803558e-01
-8.1005311012e-01
-5.8083546162e-01
7.3286414146e-02
-1.2778070569e-01
9.7616143525e-02
-6.5538203716e-01
-1.6452134848e+00
-2.4552521110e-01
-1.8517537415e-01
-2.9030665755e-01
-2.9020473361e-01
-1.3979803324e+00
-9.5298850536e-01
4.1292142868e-01
-3.8901438713e+00
-1.8562929630e+00
-6.4300632477e-01
1.7828439176e-01
-4.7095349431e-01
4.8258823156e-01
-1.1554034948e+00
-1.3145744801e+00
-1.7210499048e+00
-2.2863664627e+00
-1.6274945736e+00
-1.8416588306e+00
2.1859474480e-01
-1.8205896020e-01
-1.6319527626e+00
-8.2429790497e-01
3.3376821876e-01
1.2237814665e+00
7.9780600965e-02
-2.9093840718e-01
-6.8239873648e-01
1.5346221924e+00
2.1431186199e+00
2.7969026566e+00
3.3545277119e+00
9.6289861202e-01
1.2892557383e+00
1.7313675880e+00
-5.3759378195e-01
-8.9645826817e-01
-9.7745406628e-01
-8.1499058008e-01
-1.0502349138e+00
-1.4956336021e+00
-1.6324671507e+00
2.9940209389e+00
3.5820536613e+00
3.5823357105e+00
3.6112754345e+00
3.5309851170e+00
4.2061080933e+00
3.7144942284e+00
1.6340655088e+00
8.3298242092e-01
9.8589140177e-01
2.1273200214e-01
5.1286572218e-01
2.0371272564e+00
2.8543143272e+00
-1.0986669064e+00
1.4841750264e-01
6.3309180737e-01
4.2451551557e-01
-2.5872027874e-01
3.6000278592e-01
-1.7553957701e+00
6.7846119404e-01
-1.1457831860e+00
-5.4463016987e-01
-4.7060179710e-01
-6.4002186060e-01
2.9416549206e-01
3.1856310368e-01
2.6210336685e+00
1.9319834709e+00
2.3498218060e+00
1.2377058268e+00
1.1929324865e+00
1.8048267365e+00
5.0063782930e-01
1.9775977731e-01
-9.3259489536e-01
4.4782355428e-01
1.3379217386e+00
1.1673151255e+00
4.7281855345e-01
-9.3135809898e-01
2.2173933685e-01
1.3510359824e-01
9.6366328001e-01
2.8680307791e-02
5.8569507673e-03
-1.3198105097e+00
-1.8298290968e+00
-2.2440204620e+00
-3.1663408875e-01
4.4798150659e-01
-6.7708873749e-01
1.1139218807e+00
-2.9070127010e-01
-8.6511385441e-01
-3.6463204771e-02
-7.0845854282e-01
-1.5609496832e+00
-1.2752106190e+00
-1.1875070333e+00
-5.7238918543e-01
5.7781040668e-01
-4.6618708968e-01
9.8261040449e-01
1.7359344959e+00
1.6001713276e+00
4.6697717905e-01
1.1220607758e+00
5.7413220406e-01
-1.5092264414e+00
-1.6785980463e+00
-1.7727538347e+00
-1.0515266657e+00
-1.0166653395e+00
-5.8428227901e-01
-4.5551452041e-01
-2.1123614311e+00
-2.0957171917e+00
-2.1415221691e+00
-1.6755523682e+00
-1.9609647989e+00
-1.6996207237e+00
-2.2805647850e+00
3.3767492771e+00
1.9416923821e-01
-7.0370358229e-01
-7.0254349709e-01
8.9029502869e-01
1.7218337059e+00
1.8818055391e+00
4.0809130669e+00
5.6871943474e+00
3.4892258644e+00
3.5839340687e+00
2.8336641788e+00
2.8146576881e+00
2.3674664497e+00
-4.1133886576e-01
2.5901133195e-02
2.1120654047e-01
4.4585636258e-01
6.1997473240e-01
6.2393742800e-01
2.5615963340e-01
-2.4605407715e+00
-1.9535205364e+00
-1.3314337730e+00
-1.0132297277e+00
-3.7103087902e+00
-2.2492101192e+00
-1.9094362259e+00
-9.8060876131e-01
-1.0403488874e+00
-5.8988404274e-01
-4.7188907862e-01
-2.3859439790e-01
-1.6477581859e-01
6.1060782522e-02
-3.1399281025e+00
-4.1428513527e+00
-2.4000532627e+00
-2.2769763470e+00
-1.2573972940e+00
-1.2856390476e+00
1.0519987345e+00
-1.8686054945e+00
-4.6483927965e-01
1.3016045094e-01
6.3158094883e-01
-6.5514332056e-01
-1.2614997625e+00
-2.2513353825e+00
-5.5599387735e-02
8.9421458542e-02
1.0344814062e+00
6.0108351707e-01
1.4552459717e+00
-1.5019470453e+00
-2.5196373463e+00
1.4750616252e-01
1.3008232117e+00
4.9339461327e-01
2.0125007629e+00
1.1314842701e+00
1.2593258619e+00
-5.4817736149e-01
-4.1564235091e-01
-4.0108337998e-01
-3.3383011818e-01
-2.8080302477e-01
-4.3626332283e-01
-3.3790698647e-01
-2.9068866372e-01
-1.3608008623e+00
-1.7166943550e+00
-6.8846002221e-02
1.5139533579e-01
4.9902081490e-02
-1.1833345890e+00
8.5921734571e-01
1.7754665613e+00
8.9804124832e-01
1.9484435320e+00
2.1281528473e+00
2.6498317719e+00
2.1135721207e+00
3.5211353302e+00
-2.8897590637e+00
-1.3640018702e+00
1.4749466181e+00
1.4394804835e-01
-2.1719763055e-02
-3.9695463181e+00
-4.7393364906e+00
-6.6863477230e-01
3.4684386849e-01
3.3525398374e-01
-8.2224136591e-01
-2.0874617100e+00
-1.8963395357e+00
-1.5155078173e+00
-2.8841485977e+00
-3.2858629227e+00
7.0129740238e-01
-2.1664733887e+00
-4.6734442711e+00
-6.0329833031e+00
-2.3037109375e+00
6.7647494376e-02
-5.3279751539e-01
1.0088386536e+00
1.4303778112e-01
1.0621165037e+00
1.5181866288e-01
4.2393702269e-01
-1.9561846554e-01
2.2141940892e-01
3.9757704735e-01
4.8886200786e-01
6.6499012709e-01
4.8261454701e-01
8.6084413528e-01
3.8229289055e+00
3.2097988129e+00
4.7383351326e+00
2.5730092525e+00
2.8560450077e+00
3.1772181988e+00
-1.0419836044e+00
-9.4731718302e-01
-1.0238071680e+00
-4.9700620770e-01
5.1702272892e-01
1.3507826328e+00
1.2746033669e+00
2.0462641716e+00
-2.5558464527e+00
-2.5397753716e+00
-1.1044001579e+00
-9.1077387333e-01
-7.2287571430e-01
-2.0233190060e+00
-1.6406412125e+00
3.0680269003e-01
-1.5749725103e+00
-2.0104458332e+00
-1.0603551865e+00
-1.3862677813e+00
7.2823691368e-01
1.1111912727e+00
-6.4834704399e+00
-5.3400220871e+00
-3.5779378414e+00
-2.8257286549e+00
-2.2291483879e+00
-2.0498940945e+00
-8.4449899197e-01
-4.0253350139e-01
-3.3608311415e-01
7.6197914779e-02
1.8357354403e-01
-1.0731254816e+00
-1.9860267639e+00
-1.6930211782e+00
2.2324910387e-02
4.4585570693e-01
1.9516663253e-01
4.0689751506e-01
8.3735775948e-01
1.1508743763e+00
2.1223427355e-01
-4.3252134323e+00
-3.3857843876e+00
-9.6140062809e-01
-3.1546688080e-01
-1.1994576454e+00
-1.3215905428e+00
-1.6243700981e+00
7.7289855480e-01
7.9871690273e-01
2.6661600918e-02
6.3760286570e-01
1.2359362841e+00
3.0857002735e-01
8.8796401024e-01
-1.9591622055e-02
-1.2799391698e-04
-8.4836699069e-02
1.2420407683e-01
1.6736172140e-01
2.4176438153e-01
-2.1315354109e-01
-6.2357395887e-01
-1.0407246351e+00
-7.0162221789e-02
-9.9508100748e-01
4.8157721758e-01
1.2040132284e+00
1.8502328396e+00
-1.5102687478e-01
2.9957346618e-02
1.6520567238e-01
9.1407120228e-02
4.4064375758e-01
-9.9243804812e-02
-1.1569593335e-04
-4.9305275083e-01
-8.5170084238e-01
-2.6915450096e+00
-1.8950425386e+00
-2.5795593858e-01
1.7508928776e+00
2.6456110477e+00
6.2665039301e-01
1.4955797791e-01
-2.7730686590e-02
2.2642347217e-01
1.9991151989e-01
2.5668784976e-01
8.8268555701e-03
1.8672901392e+00
4.3831506371e-01
-1.0458115339e+00
-2.3187079430e+00
-1.0044597387e+00
-2.1907944679e+00
-2.5591731071e+00
2.0029976964e-01
3.5396310687e-01
-1.5233974457e+00
-4.1455170512e-01
-5.2474761009e-01
-8.4726053476e-01
-8.0727028847e-01
1.4239017665e-01
1.0643508285e-01
-2.5752723217e+00
-1.0259950161e+00
-1.6208233833e+00
-2.8471314907e-01
-5.9986978769e-01
8.3176308870e-01
7.9222285748e-01
9.6955543756e-01
1.2322696447e+00
2.6585323811e+00
9.5741659403e-01
-4.0474349260e-01
8.7211370468e-02
-6.5830790997e-01
-4.3279418349e-01
-5.9899246693e-01
2.4688480422e-02
7.9599362612e-01
2.5299033523e-01
-4.1914839745e+00
-4.4636020660e+00
-6.5510630608e+00
-7.1439175606e+00
-7.5706119537e+00
-8.2211751938e+00
-6.5917344093e+00
-1.5262813866e-01
-9.8675779998e-02
8.1049114466e-01
-4.1443720460e-01
-1.2730146646e+00
-2.2998289764e-01
1.5988349915e-01
9.8195083439e-02
1.4432380199e+00
-8.3044928312e-01
1.5148768201e-02
9.8747998476e-01
7.0193374157e-01
1.3142187595e+00
1.9532085862e-03
9.9203482270e-02
-7.3646903038e-02
-6.6183489561e-01
-7.5521922112e-01
6.0837116092e-02
-5.8017152548e-01
-2.8166207671e-01
3.2300639153e-01
3.3206593245e-02
-1.3778473437e-01
2.7959644794e-01
3.3383563161e-02
1.2949939966e+00
-2.7866593003e-01
-1.2107148170e+00
7.3933631182e-01
-3.8215678930e-01
-4.4705364108e-01
2.5179989338e+00
2.8326711655e+00
-9.4876736403e-01
-4.0568104386e-01
-1.7543556169e-02
8.0699004233e-02
-6.9138752297e-03
8.9749611914e-02
1.1450630613e-02
2.6459712535e-02
1.0636024475e+00
7.8947734833e-01
-2.3839134723e-02
1.3615880013e+00
7.5149434805e-01
2.2824885845e+00
-6.1792564392e-01
-3.3962249756e-01
4.0924552083e-01
-4.2691430449e-01
1.1141113192e-01
-1.8134411573e+00
-3.8257652521e-01
-3.9146180153e+00
-2.5559926033e+00
-3.7364358902e+00
-1.3256239891e+00
-2.4969804287e+00
-1.4523228407e+00
-2.4242722988e+00
7.9519158602e-01
9.8138946295e-01
9.3836802244e-01
6.5031552315e-01
7.5099490583e-02
3.0386015773e-01
2.9701605439e-01
1.9980890751e+00
1.8417822123e+00
3.4213743210e+00
1.0380761623e+00
1.8097054958e-01
-1.1360739470e+00
-1.5849579573e+00
8.7032252923e-03
7.7499943972e-01
3.8824409246e-01
8.2252711058e-01
-2.1262545139e-02
1.7797245085e-01
5.1739484072e-01
-8.1455397606e-01
-1.9098414183e+00
-2.2045624256e+00
-3.5522179604e+00
-3.4470570087e+00
-5.4895625114e+00
-4.7762117386e+00
-4.2168464661e+00
-4.0205111504e+00
-3.8117623329e+00
-1.8255609274e+00
-1.8580881357e+00
-1.7621492147e+00
-1.3690685034e+00
1.9859436750e+00
2.3779332638e+00
2.4004333019e+00
2.2006144524e+00
2.0793182850e+00
1.9892588854e+00
2.2414598465e+00
2.3921652138e-01
1.5166064501e+00
1.3470033407e+00
1.5275151730e+00
2.7714535594e-01
1.1189492941e+00
7.0834499598e-01
-1.3685110807e+00
1.0263395309e+00
-1.8828088045e-01
-2.8610179424e+00
-3.3648271561e+00
-2.7213957310e+00
-2.8148372173e+00
1.6317109764e-01
-7.3563748598e-01
2.8217628598e-01
3.6966356635e-01
9.9780994654e-01
5.8953535557e-01
-1.7905758619e+00
-9.1227126122e-01
-1.5506574512e-01
6.1006563902e-01
9.2902517319e-01
6.0164831579e-02
6.0578578711e-01
1.5047802031e-01
3.3712548018e-01
-1.1404167861e-01
-2.3275126517e-01
-3.3312556148e-01
-3.4593466669e-02
-5.9218328446e-02
1.8222132325e-01
-2.5339472294e+00
-7.8432184458e-01
-1.0783579350e+00
2.5262030959e-01
-8.1795924902e-01
1.3906648159e+00
1.2325342894e+00
6.1411929131e-01
9.5002597570e-01
1.0813066959e+00
9.6537035704e-01
8.6492151022e-01
-9.2592120171e-01
-1.8203685284e+00
1.3616311550e+00
4.6722772717e-01
5.8672982454e-01
1.2893770933e+00
1.9298453331e+00
7.3600983620e-01
-4.2865246534e-01
1.9913884401e+00
5.8539998531e-01
2.2902569771e+00
9.4539445639e-01
9.4094014168e-01
-4.1755178571e-01
2.9660451412e-01
1.5574349165e+00
3.8923057914e-01
-3.2693803310e-01
-1.2074261904e+00
-4.2762210965e-01
-4.0869998932e-01
2.2746958733e+00
-6.5340958536e-02
-1.1420775205e-01
2.5169223547e-01
6.4228683710e-02
-2.5837484002e-01
-3.5687264800e-01
-2.5942757726e-01
1.3183043003e+00
1.1151624918e+00
2.9702806473e-01
4.5151627064e-01
-4.8769867420e-01
1.0672446340e-01
-4.9013388157e-01
6.6077959538e-01
1.0140966624e-01
4.0688997507e-01
1.1165896058e-01
6.3204842806e-01
7.5257444382e-01
2.1492002532e-02
-2.5455111638e-02
-5.5858999491e-01
-2.8897440434e-01
-1.2464157343e+00
2.0746266842e-01
5.4139077663e-01
8.0513834953e-01
-1.5674753189e+00
-1.6876947880e+00
-1.5847126245e+00
-1.7809926271e+00
-2.7370314598e+00
-3.0910139084e+00
-3.6330990791e+00
-1.6253837347e+00
-1.4035938978e+00
-1.7579913139e+00
5.4241800308e-01
1.7538012266e+00
2.1184229851e+00
1.9232685566e+00
3.0154508352e-01
4.9910195172e-02
5.8023214340e-02
8.6409524083e-03
-2.6549117640e-02
6.6875293851e-02
-1.8830185756e-02
1.6380370855e+00
3.4936863929e-02
-1.0297683477e+00
-3.4592697024e-01
2.6218149066e-01
-3.6319145560e-01
1.2121617794e+00
1.9999270439e+00
2.0889894962e+00
-2.0244859159e-01
-2.8993776441e-01
-1.0138182640e+00
-1.0850054026e+00
2.8399357200e-01
-1.4881194830e+00
-1.7367521524e+00
-4.2164940834e+00
-1.7760413885e+00
-3.0351129174e-01
-1.1699614525e+00
1.9666384459e+00
-8.6715288460e-02
-8.5150241852e-02
1.2048044056e-01
-2.5274401903e-01
2.6100799441e-01
-1.7630999088e+00
-9.5392149687e-01
-1.0713238269e-01
7.1434140205e-01
4.8156774044e-01
2.4209339917e-01
6.5168017149e-01
9.8699301481e-01
-2.3850743473e-01
1.3167566061e-01
8.1232196093e-01
-2.9367387295e+00
-3.4690022469e+00
-6.9822859764e+00
-5.7423524857e+00
-2.8932762146e+00
-6.8485248089e-01
-2.2711309791e-01
1.2246118784e+00
1.6399455070e+00
1.4832391739e+00
-7.4548506737e-01
4.5479595661e-01
6.4708840847e-01
-4.8608121276e-01
-2.0279335976e+00
-3.3217411041e+00
-1.8052126169e+00
-8.1468230486e-01
4.5694941282e-01
4.2195758224e-01
8.6319126422e-04
-2.9276302457e-01
-9.5390498638e-01
-2.0871505141e-01
1.0408655740e-02
8.3660554886e-01
1.7974193394e-01
-1.6940437555e+00
-2.5296406746e+00
-1.3298645020e+00
-1.6544507444e-01
-2.2515478134e+00
-2.1472792625e+00
1.0530233383e+00
4.0776330233e-01
8.8511183858e-02
1.4137665927e-01
-1.6344840825e-01
-2.0855045319e+00
-3.3689172268e+00
-1.4679001570e+00
-1.5542473793e+00
-1.6393172741e+00
-1.4682112932e+00
-2.5751893520e+00
-2.9431338310e+00
-3.4501073360e+00
-3.1746072769e+00
-3.1316697598e+00
-2.6673810482e+00
-2.5583264828e+00
-2.0297982693e+00
-3.1202226877e-01
1.2613289356e+00
9.9597775936e-01
7.3952049017e-01
6.2683773041e-01
6.1339426041e-01
1.7082833052e+00
2.3974602222e+00
1.4960924387e+00
-3.0258872509e+00
-3.6436419487e+00
-1.9958709478e+00
-4.2003960609e+00
-3.3077127934e+00
-3.8851633072e+00
-1.7814402580e+00
-1.6316464171e-02
1.1093236208e+00
6.6342169046e-01
5.0748771429e-01
3.9371758699e-01
-2.8648154810e-02
1.5852460861e+00
-9.4712239504e-01
-7.7066856623e-01
-8.2280242443e-01
-1.4980497360e+00
-2.1712207794e+00
-3.0759172440e+00
-3.7424378395e+00
1.3155912161e+00
-2.9522774741e-02
-2.2564964294e+00
-4.1985268593e+00
-6.2527856827e+00
-4.2635250092e+00
-2.2108392715e+00
2.5487565994e-01
2.9741710424e-01
-4.3306555599e-02
1.6785243154e-01
1.2220918387e-01
-4.8119600862e-02
-9.3232862651e-02
9.6762675047e-01
1.4145799875e+00
2.1679759026e-01
-1.0662176609e+00
-2.6301920414e+00
-4.7371826172e+00
-5.4600739479e+00
1.5768202543e+00
9.5408266783e-01
1.2383948565e+00
1.5726913214e+00
5.8871930838e-01
2.4718616009e+00
1.6769601107e+00
-6.4594119787e-01
-9.0638101101e-01
-8.8741409779e-01
-2.9791712761e-01
-2.4451052770e-02
1.8559145927e-01
9.8124228418e-02
1.3779342175e+00
1.3145327568e+00
1.9893260002e+00
6.1906403303e-01
-5.5666816235e-01
-3.9241394401e-01
-1.3396829367e+00
7.4979335070e-01
2.5908479095e-01
-2.1426992118e-01
-1.7437727749e-01
-1.4987134933e-01
-1.3766290247e-01
-1.2408204079e+00
9.8298227787e-01
9.1849535704e-01
2.5504286289e+00
-3.6968010664e-01
-2.6019010544e+00
-4.1054692268e+00
-3.5925023556e+00
5.9413683414e-01
1.1811128855e+00
3.5894238949e-01
6.5638643503e-01
1.8917484581e-01
-1.0080468841e-02
2.0185670257e-01
-3.4940537065e-02
-1.7932330072e-01
-1.9363068342e+00
-1.3498933315e+00
-1.8186328411e+00
-1.8412322998e+00
-1.7180598974e+00
1.5206537247e+00
1.8568137884e+00
1.1500544548e+00
4.1992029548e-01
-4.0029370785e-01
-8.9300972223e-01
-1.4134339094e+00
-3.3048503399e+00
-4.1803665161e+00
2.8569018841e-01
-2.5169730186e+00
1.5166962147e+00
-4.6817156672e-01
2.7516899109e+00
-1.7001241446e-01
1.4201998711e+00
-7.6459574699e-01
-2.1198067665e+00
-2.4103672504e+00
-3.4509990215e+00
-2.5215611458e+00
-1.9370299578e+00
-4.2427873611e-01
-8.5913008451e-01
-2.2771205902e+00
-1.3372278214e+00
-1.2169449329e+00
8.5883140564e-01
-6.5418487787e-01
-1.9939569235e+00
-1.5449880362e+00
-3.2914671898e+00
-2.3270316124e+00
-3.3594474196e-01
-2.1211922169e+00
-2.9351189733e-01
-1.3554668427e+00
-1.9722404480e+00
-2.2115852833e+00
1.2850043774e+00
9.9934488535e-01
1.1115101576e+00
1.4995728731e+00
2.2428879738e+00
1.5717796981e-01
3.9482146502e-01
-2.5190558434e+00
-2.8111133575e+00
-2.4926469326e+00
-7.8956827521e-02
6.8059790134e-01
1.0921871662e+00
8.0309581757e-01
5.9739148617e-01
2.0540547371e-01
-2.7430213988e-02
1.1209462881e+00
1.2496213913e+00
2.2274669260e-02
1.5432382822e+00
2.8485020995e-01
8.2429152727e-01
9.3295723200e-01
-1.5065088868e-01
1.3624393940e+00
2.1899445057e+00
-3.7282735109e-01
1.0035052299e+00
1.1418254375e+00
2.4051482677e+00
-1.1729984544e-02
-1.2682774067e+00
-7.2067457438e-01
-3.3671680093e-01
1.5679179132e-01
-8.1714086235e-02
-7.3078852892e-01
4.6718692780e-01
1.0265452862e+00
1.3814560175e+00
9.3320572376e-01
-3.3265954256e-01
-1.2634246349e+00
-2.4067366123e+00
-2.7756172419e-01
-1.3074378669e-01
2.5257572532e-01
-1.6795206070e-01
-6.2817060947e-01
1.9668788910e+00
2.4151949883e+00
9.6101656556e-02
-3.3299541473e-01
1.0902705193e+00
2.1509301662e-01
4.1487732530e-01
-4.8510766029e-01
-7.2263288498e-01
2.7594611049e-01
1.6528666019e-01
2.2912001610e-01
7.2380346060e-01
1.0809679031e+00
7.4300593138e-01
1.1583532095e+00
-1.3239359856e+00
-1.2147679329e+00
-3.1262032986e+00
-1.3529409170e+00
-6.1818331480e-01
-1.3864262402e-01
1.3754605055e+00
8.5380256176e-01
-5.7095718384e-01
6.1017823219e-01
4.6050148010e+00
2.1093363762e+00
-9.4159960747e-01
-1.3036625087e-01
2.4768459797e+00
7.3177272081e-01
3.3618178964e-01
-7.3036702815e-04
2.4373170733e-01
5.7620096207e-01
3.9334949851e-01
9.5117640495e-01
2.0134727657e-01
2.1124802530e-01
-1.1864151955e+00
-1.7246780396e+00
-2.5648429394e+00
-1.6923453808e+00
4.7644269466e-01
6.0629677773e-01
4.0469887853e-01
7.8653234243e-01
2.3089054227e-01
1.6571682692e+00
3.7407653332e+00
1.1930698156e+00
2.0539615154e+00
9.3500143290e-01
7.7865958214e-01
1.5009344816e+00
1.1103564501e+00
-1.0303709507e+00
1.1197800636e+00
1.8728176355e+00
-1.0657311231e-01
8.7066078186e-01
3.0639511347e-01
1.6217896938e+00
-7.8146773577e-01
5.9972906113e-01
3.5578402877e-01
-2.0219206810e+00
-2.2292780876e+00
-2.2554471493e+00
-6.5839755535e-01
-1.1814132929e+00
5.0290310383e-01
1.1523371935e+00
1.0529443026e+00
1.1101795435e+00
1.0601585358e-01
-2.4066970348e+00
-2.2054212093e+00
-1.4592620134e+00
-2.0827658176e+00
-1.2195260525e+00
-7.5448346138e-01
-1.8911473453e-01
5.5287051946e-02
2.8999090195e-01
9.2259693146e-01
1.5859004259e+00
1.2371701002e+00
1.5236088037e+00
1.2697154284e+00
1.7670488358e+00
1.7037446499e+00
1.7457756996e+00
-1.3790732250e-02
6.1457687616e-01
-1.5030368567e+00
-8.9419418573e-01
-8.8701748848e-01
-8.8887763023e-01
-5.2311563492e-01
-3.8382482529e+00
-1.2674472332e+00
-1.5331380367e+00
-2.4851891994e+00
7.6765215397e-01
5.0594061613e-01
3.8332552910e+00
3.5987043381e+00
2.6648769379e+00
1.5877873898e+00
1.5386695862e+00
4.5449826866e-02
-1.7891331017e-01
-5.0564888865e-02
3.7755230069e-01
1.9634561241e-01
1.5113085508e-01
8.5322833061e-01
1.5987179279e+00
1.9597465992e+00
-9.7212415934e-01
-2.0509188175e+00
-1.3477624655e+00
-3.0905580521e-01
2.7240902185e-01
4.7468408942e-01
4.9741959572e-01
6.1109211296e-02
-2.4867421389e-01
-2.6207280159e-01
9.1621088982e-01
-4.2492598295e-02
2.0129215717e+00
1.8285264969e+00
2.3771892488e-01
5.6405222416e-01
8.6661660671e-01
3.8875636458e-01
2.9596519470e-01
-1.3298194408e+00
-3.6007173061e+00
-4.0489144623e-02
-8.3468979597e-01
-5.8139282465e-01
-1.2128928676e-02
-8.7415671349e-01
4.7363948822e-01
-4.7880819440e-01
-4.2180702090e-01
-4.2443925142e-01
-9.6854263544e-01
-1.1266496181e+00
-9.3789613247e-01
-9.9751788378e-01
-3.4352791309e-01
5.2056097984e-01
1.0319492817e+00
-1.3320755959e+00
-3.1088224053e-01
1.0437154211e-02
3.0759969354e-01
-8.4962993860e-01
9.9962286651e-02
9.7356997430e-02
-1.4541277289e-01
1.4439600706e-01
-6.1351798475e-02
1.5263220668e-01
-1.5480684116e-02
2.8530604839e+00
2.1548473835e+00
3.9156556129e+00
2.8030369282e+00
2.8628592491e+00
3.0464494228e+00
3.8023161888e+00
6.9827580452e-01
-1.0351155996e+00
-1.0974937677e-01
-2.3414814472e-01
3.3951427788e-02
1.1034798622e-01
1.1753969193e+00
-1.2657988071e+00
-9.3019598722e-01
-1.6038208008e+00
-1.7115570307e+00
9.8122410476e-02
-4.8156675696e-01
-3.1778901815e-01
-7.8222915530e-02
-2.3607821465e+00
-2.3539144993e+00
-1.1056766510e+00
-2.4272587299e+00
-3.6884734035e-01
1.0455696583e+00
7.5745588541e-01
5.8945673704e-01
4.5342302322e-01
4.8258310556e-01
2.3108750582e-01
1.1472729445e+00
9.2850494385e-01
4.7018027306e-01
-2.8012859821e+00
1.0460159779e+00
-1.8168700933e+00
1.1383130550e+00
-8.8946312666e-01
1.5649015903e+00
4.0134630203e+00
3.7618081570e+00
3.8491423130e+00
2.9773881435e+00
3.3138954639e+00
1.5885456800e+00
1.4648617506e+00
1.2716105580e-01
5.4592990875e-01
-2.2031788826e+00
-4.3838832527e-02
3.4027424455e-01
1.5302620828e-01
4.4715905190e-01
-1.2613467872e-02
3.2902947068e-01
-1.0698975995e-02
-4.2856821418e-01
4.3300116062e-01
9.9198758602e-01
1.8010873795e+00
-6.7135041952e-01
-1.3891841173e+00
-6.2920653820e-01
-7.7962212265e-02
2.2603523731e+00
5.2266964912e+00
4.8034219742e+00
-1.0877195597e+00
-1.4033284187e+00
-1.1660815477e+00
-2.0076532364e+00
-1.7380803823e+00
-4.3305361271e-01
4.2423167825e-01
-2.9736152291e-01
-5.2943640947e-01
-8.8463062048e-01
-9.6328043938e-01
-1.4384580851e+00
-3.3237960935e-01
-6.9374501705e-02
-1.7755959928e-01
4.7359985113e-01
3.7940317392e-01
5.4215210676e-01
8.1173449755e-01
7.1923375130e-01
6.7702478170e-01
1.8285143375e+00
2.4300842285e+00
2.4239339828e+00
2.8280167580e+00
2.6182622910e+00
3.5831739902e+00
3.0496046543e+00
3.1626384258e+00
-3.4010543823e+00
2.3462474346e+00
-1.2669489384e+00
-4.0211963654e+00
3.3519711494e+00
-1.9243139029e+00
2.7453961372e+00
2.3447122574e+00
2.6902644634e+00
2.0763328075e+00
9.9945926666e-01
1.4799246192e-01
-5.4056346416e-01
-8.4146261215e-02
9.1524183750e-01
-1.0583405197e-01
-2.5611659884e-01
-6.2315481901e-01
7.7786701918e-01
2.2801134586e+00
1.6538833082e-01
-9.9086970091e-01
-2.9658383131e-01
-1.0785444975e+00
-6.2184333801e-01
5.4656255245e-01
1.7948657274e+00
3.9256650209e-01
5.7895839214e-01
5.7809656858e-01
-1.6286642849e-01
-4.2686244845e-01
-8.1224519014e-01
-1.3195662200e-01
-3.0294568539e+00
-4.1330366135e+00
-3.7217416763e+00
-2.1958832741e+00
-1.4113091230e+00
1.4356814325e-01
2.1186725795e-01
-2.7643060312e-03
1.3969059289e-01
-8.8733464479e-01
-2.9780471697e-02
3.1449762173e-03
-1.0864171982e+00
-1.5189068317e+00
6.4317874610e-02
9.5824912190e-02
-4.7225330025e-02
1.2338107452e-02
-2.7677182108e-02
-4.8767834902e-02
-5.7529974729e-02
-3.9221554995e-01
-1.1696181446e-01
-3.1781551838e+00
-1.4527460933e-01
-3.9795913696e+00
-4.9533457756e+00
-7.4479284286e+00
3.2800152898e-01
3.5191771388e-01
8.9238740504e-02
4.9644306302e-02
-1.7979097366e-01
-2.0822872221e-01
-2.3991981149e-01
2.5045366287e+00
1.3173799515e+00
3.0424137115e+00
1.9326131344e+00
5.7666957378e-01
-3.5519747734e+00
-2.9818177223e+00
7.2019284964e-01
5.7592177391e-01
-2.7940673754e-02
-3.6809161305e-01
-1.1454328299e+00
-1.1508558989e+00
-1.3430680037e+00
-1.6115601063e+00
8.5802003741e-02
-2.8136804700e-01
-7.5057506561e-01
-4.1593875885e+00
-2.5600903034e+00
4.2072896957e+00
6.4894032478e-01
1.1673623323e+00
-1.1385340691e+00
-6.4536399841e+00
-2.0741407871e+00
-3.8241410255e-01
-1.0291209817e-01
9.3896085024e-01
-1.1893274784e+00
-2.6865154505e-01
-4.8722594976e-01
7.1127690375e-02
2.3375838995e-02
-2.5764002800e+00
7.3257461190e-02
-3.6033334732e+00
-6.3516912460e+00
-6.5200409889e+00
-1.2263824046e-01
-2.8577502235e-04
2.9409796000e-01
-1.3336926699e+00
-3.1233305931e+00
1.9613112211e+00
2.1399803162e+00
1.0703438520e+00
9.6547448635e-01
1.3943481445e+00
-3.1895756721e+00
-4.0515933037e+00
-4.5272951126e+00
-1.4001083374e+00
-1.5761671066e+00
-1.0199400187e+00
-4.8256373405e-01
-3.5525224209e+00
-3.3404028416e-01
-3.7603035569e-01
-2.8863117099e-01
1.9139111042e-01
-1.4471371472e-01
3.4065120220e+00
2.6676123142e+00
1.3816967010e+00
1.0950884819e+00
-1.9810578823e+00
-1.7595649958e+00
-7.3336625099e-01
9.5042735338e-01
3.2424509525e-01
-2.6593067646e+00
-1.5800429583e+00
-2.5167615414e+00
-2.3377306461e+00
-4.3846344948e+00
-3.1434242725e+00
-1.0782502592e-01
5.7842820883e-02
3.8954490423e-01
2.8652507067e-01
3.6565419286e-02
-4.3032407761e-01
-3.2758051157e-01
-3.4318275452e+00
-4.6682019234e+00
-3.2546110153e+00
-9.5482045412e-01
-2.8813874722e-01
-1.3799521327e-01
3.3146053553e-01
1.6733503342e-01
5.6771177053e-01
7.2510212660e-02
1.6174110770e-01
-1.7508013174e-02
-4.1220897436e-01
-1.8834947050e-01
2.3089156151e+00
2.2033350170e-01
-3.7513267994e-01
-1.1298936605e+00
-2.1611540318e+00
-1.6558468342e+00
8.5625410080e-02
1.1581845582e-01
1.0733435154e+00
2.5750729442e-01
1.7848360538e+00
9.0167361498e-01
3.0829411745e-01
-3.5134938359e-01
1.1072111130e+00
-2.6749378443e-01
-1.0384778976e+00
-6.9329565763e-01
-4.4783902168e+00
-5.2597122192e+00
-3.7501692772e+00
3.0539065599e-01
6.0691773891e-01
6.2677913904e-01
3.2108351588e-01
9.5968353748e-01
6.5124583244e-01
9.9007248878e-02
-5.5934739113e+00
-3.4820342064e+00
-2.3882381916e+00
-3.1756818295e-01
-2.1162733436e-01
9.7075380385e-02
2.0464792252e+00
-1.0601936579e+00
-8.4330111742e-01
3.5724043846e-01
-4.1554050446e+00
-2.4124231339e+00
-4.9672365189e+00
-5.8447656631e+00
-1.3076628447e+00
-4.6973114014e+00
-6.6510720253e+00
-1.6943875551e+00
-1.0509756804e+00
-1.8377564847e-02
2.0563201606e-01
8.0979490280e-01
-5.0396031141e-01
6.4731961489e-01
-2.2067196369e+00
-1.7082761526e+00
-2.4730486870e+00
-1.8359960318e+00
1.9384925365e+00
1.2469488382e+00
1.5397090912e+00
1.0482900143e+00
1.7066618800e-01
1.0113462210e+00
2.7078631520e-01
2.1741678715e+00
7.6047313213e-01
1.0048714876e+00
8.6534667015e-01
1.4554549456e+00
-1.3300694525e-01
7.3671680689e-01
-1.1682217121e+00
1.1230366230e+00
7.2128510475e-01
2.0069389343e+00
1.4162658453e+00
8.9801192284e-01
1.2833576202e+00
-1.4147890806e+00
-1.8799604177e+00
-1.5521386862e+00
1.1087103188e-01
2.0886236429e-01
3.5506105423e-01
2.6247519255e-01
1.5950272083e+00
1.9890823960e-01
-1.9903112650e+00
-5.5663833618e+00
-7.2150011063e+00
-1.2742877007e+00
-2.2558598220e-01
-4.1322419047e-01
-1.3664571941e-01
7.7181202173e-01
6.8264704943e-01
2.7899643779e-01
7.4236112833e-01
5.2420127392e-01
-3.0217200518e-01
-1.7066170275e-01
-1.3783617020e+00
-1.9128159285e+00
-3.9121408463e+00
-4.9125533104e+00
-4.3700370789e+00
3.6466464400e-01
6.5115225315e-01
7.9861921072e-01
9.1917067766e-01
7.8980171680e-01
-2.6626744866e-01
-5.6940853596e-01
-3.7386584282e+00
-2.1698188782e+00
-2.4046713114e-01
9.0064138174e-01
-5.2464872599e-01
9.6548241377e-01
1.6979058981e+00
-1.4076030254e+00
-9.3543136120e-01
-1.3609935045e+00
-7.1324741840e-01
-2.3365902901e+00
-4.4064946175e+00
-3.5617892742e+00
-5.3911745548e-02
1.6495156288e-01
1.8964862823e-01
1.5774570405e-01
3.6839634180e-01
1.3718415499e+00
-3.7727582455e-01
-1.5063163638e-01
2.1209362149e-01
1.4820189681e-03
1.1800186336e-01
-5.3625669330e-02
-1.2387242913e-01
-2.1719065309e-01
1.0897266865e+00
8.6116129160e-01
7.5307077169e-01
8.7714749575e-01
7.9714083672e-01
3.9651033282e-01
2.7430805564e-01
2.4381790161e+00
1.1084631681e+00
-6.1604100466e-01
-2.5241096020e+00
-4.7452812195e+00
-4.5642433167e+00
6.5349459648e-01
-3.3087873459e+00
-5.3665275574e+00
-4.2730493546e+00
-1.0513134003e+00
-1.0872017145e+00
-2.0530517101e+00
-2.3513581753e+00
1.0293885469e+00
9.2517346144e-01
3.2511627674e-01
1.1412388267e-04
-1.0165091753e+00
-1.8000677824e+00
-2.2956805229e+00
-6.6359335184e-01
-2.9633040428e+00
-9.4465821981e-01
-1.7052309513e+00
-1.3082197905e+00
6.4778167009e-01
1.2551301718e-01
-3.3913973719e-02
6.2121789902e-02
-1.0276440531e-02
4.7830477357e-02
1.7097437754e-02
-8.6190514266e-02
-1.4847862720e-01
-1.7256559134e+00
6.2537528574e-02
-7.6666522026e-01
4.2972122319e-03
5.7016092539e-01
-1.8101775646e+00
2.6260849833e-01
-1.0617492348e-01
-7.0191092789e-02
1.1961480603e-02
9.8254002631e-02
-3.3521618694e-02
-5.3414665163e-02
1.3721510172e+00
-1.5933120251e+00
3.7412114441e-02
-2.2934798151e-02
-5.0420343876e-01
-5.7075917721e-01
-2.9851824045e-01
-8.3101266623e-01
-1.4723063707e+00
-2.6237514019e+00
-2.1580503881e-01
3.9750215411e-01
9.5133584738e-01
2.9660494328e+00
1.7998080254e+00
1.0113309622e+00
8.1776386499e-01
7.5488120317e-01
2.1747553349e-01
-5.3799323738e-02
3.6555156112e-02
-8.2658052444e-02
8.1008303165e-01
-3.3179692924e-02
1.8273540735e+00
2.7215734124e-01
1.0667302608e+00
2.4784524441e+00
-4.2801439762e-01
-2.7698031068e-01
1.4124383926e+00
1.7177443504e+00
1.8248790503e-01
-6.6162772477e-02
-1.2164528370e+00
1.1077450514e+00
-5.7280526161e+00
-7.9229712486e-01
-4.0356373787e-01
1.0974471271e-01
3.5248464346e-01
-9.4042527676e-01
-5.7131774724e-02
1.3234709203e-01
1.5885420144e-01
-1.0448113829e-01
-3.2733473182e-01
7.4120050669e-01
-2.4940159917e-01
4.5144934207e-02
-1.9515831470e+00
-2.3195216656e+00
3.6285297871e+00
4.2724084854e+00
2.7636601925e+00
-1.4815416336e+00
9.6497136354e-01
-2.1427361965e+00
-2.9968051910e+00
1.5973685980e+00
-1.9859796762e-01
5.5720674992e-01
1.2750657797e+00
1.6509106159e+00
9.8926800489e-01
8.6116790771e-01
6.7598170042e-01
4.8412379622e-01
-3.5372957587e-01
-1.4813456535e+00
-1.8939625025e+00
1.0325118303e+00
1.4209319353e+00
8.3539432287e-01
1.8491891623e+00
8.6243373156e-01
-1.2140141726e+00
-1.8164920807e+00
1.3200111389e+00
-6.9838240743e-03
1.4589157104e+00
1.3632566929e+00
3.4694501758e-01
-2.5287783146e-01
-3.9803308249e-01
-4.2674217224e+00
-6.1342697144e+00
-8.1561527252e+00
5.0037646294e-01
-6.0354059935e-01
2.4074156284e+00
-7.4552237988e-01
1.3638663292e+00
1.5111079216e+00
-4.4899138808e-01
-8.3428332582e-03
-2.2558317184e+00
-3.9694733620e+00
-6.7077846527e+00
-5.7352077961e-01
6.1058443785e-01
7.9690825939e-01
4.6772560477e-01
-3.5916531086e-01
-9.1717582941e-01
-1.7940090895e+00
1.5863379836e-01
6.9513958693e-01
7.5350755453e-01
1.1912683249e+00
1.1577024460e+00
4.2916637659e-01
9.7332842648e-02
8.6418730021e-01
6.9602179527e-01
4.4787663221e-01
3.4625637531e-01
1.2474478036e-01
-7.6187275350e-02
-7.9645253718e-02
-5.2011585236e+00
-1.5253050327e+00
-8.8617968559e-01
-4.1140243411e-01
-2.4038782716e-01
-3.6090712994e-02
-6.1619359255e-01
5.2217429876e-01
8.3294433355e-01
7.2237277031e-01
8.8284426928e-01
7.9244740307e-02
-6.9379138947e-01
-7.1042931080e-01
5.2421772480e-01
3.4894794226e-01
7.4404738843e-02
-1.9388930500e-01
-1.8502934277e-01
-3.1095227599e-01
-2.8965142369e-01
-7.1911334991e-01
8.9741557837e-01
2.4935300648e-01
2.4098381996e+00
2.8552832603e+00
3.2143826485e+00
1.2930275202e+00
5.8316148818e-02
7.8574515879e-02
1.4677563310e-01
1.4470568858e-02
-5.5709816515e-02
1.8969491124e-01
1.7446698248e-01
-2.4159476757e+00
-1.8032159805e+00
-1.7187265158e+00
-9.4291800261e-01
-6.2868702412e-01
2.1577637196e+00
4.6154074669e+00
-1.3883438110e+00
-8.4510773420e-01
-4.1185992956e-01
1.0266184807e+00
-1.3855651952e-02
-1.4746779203e-01
1.6482639313e+00
3.8991501927e-01
3.4078960419e+00
1.7751052380e+00
4.1335163116e+00
3.4673488140e+00
7.5468200445e-01
4.5046677589e+00
2.4214766920e-01
2.7732787132e+00
1.5458598137e+00
3.6273136735e-01
-4.1158050299e-03
2.5010222197e-01
6.9534458220e-02
-1.2512428761e+00
-1.8589051962e+00
-1.1955826283e+00
-1.7585253716e+00
-3.9133529663e+00
-3.8696763515e+00
-1.1517604589e+00
4.0314598083e+00
4.6095051765e+00
9.8576593399e-01
2.8003367782e-01
-1.2105761468e-01
2.4324157834e-01
-3.3508235216e-01
1.7546894550e+00
2.5467865467e+00
1.4718233347e+00
1.5084358454e+00
9.7603648901e-01
6.3570624590e-01
1.2883417606e+00
1.7370493412e+00
1.0255610943e+00
6.2846893072e-01
-2.9424803331e-02
1.2024083734e-01
7.6928538084e-01
3.8811427355e-01
1.6049841642e+00
1.3112761974e+00
-4.4204843044e-01
-4.4091063738e-01
-2.2155535221e+00
-2.7490570545e+00
-9.8346006870e-01
-4.3787398934e-01
1.4485489130e+00
1.8436773121e-01
1.6124421358e+00
8.1544888020e-01
1.4886552095e+00
-1.5649373829e-01
-6.9066613913e-01
-4.0224730968e-01
-3.2951977849e-01
-1.6610017419e-01
5.3451335430e-01
3.2048383355e-01
1.4743138850e-01
6.9760459661e-01
1.9748760462e+00
2.5894241333e+00
2.9065980911e+00
3.8980801105e+00
3.9648976326e+00
2.2952060699e+00
2.6843276024e+00
4.6086218953e-01
3.1156367064e-01
3.1147286296e-01
-3.2425689697e-01
2.1226014197e-01
1.2936427593e+00
9.9646085501e-01
5.0329911709e-01
-1.0382417589e-01
-5.1335054636e-01
-3.2504865527e-01
-4.5294481516e-01
-3.6782959104e-01
-3.4203364849e+00
-4.9203619361e-01
2.2771220207e+00
1.3292517662e+00
4.0397521853e-01
-2.9311789200e-02
9.6516185999e-01
-1.2281848192e+00
-9.0371650457e-01
-1.3340216875e+00
-3.3011357784e+00
-8.2243055105e-01
1.3453301191e+00
1.1640974283e+00
-5.0113639832e+00
-3.6647522449e+00
-4.0338473320e+00
-2.6886961460e+00
-3.9268927574e+00
-3.8236837387e+00
-4.2388024330e+00
1.8618470430e-01
-1.2893001735e-01
-2.0168025494e+00
-1.2615230083e+00
-2.6076743603e+00
-2.2777043283e-01
-2.7910268307e-01
8.7799757719e-01
6.3002747297e-01
3.1092098355e-01
1.0851900093e-02
-7.7882838249e-01
-1.4736582041e+00
-2.8883240223e+00
-9.7735881805e-01
-7.6341673732e-02
-1.4459085464e+00
3.0196458101e-01
1.2351796627e+00
1.4701286554e+00
9.5474404097e-01
4.7366738319e+00
2.1143767834e+00
-8.0241394043e-01
-1.9235157967e-01
4.4599816203e-01
5.9951686859e-01
2.5664323568e-01
-3.7724914551e+00
-3.9758598804e+00
-4.9579272270e+00
-4.4847049713e+00
-4.0910921097e+00
-3.5679516792e+00
-2.1034238338e+00
-2.2864315510e+00
-2.4662227631e+00
-2.4859683514e+00
-2.2490499020e+00
-1.9190886021e+00
-1.6469225883e+00
-1.6608368158e+00
-1.1250103712e+00
-7.0087528229e-01
1.3039137423e-01
1.0178967714e+00
-6.5196609497e-01
1.2151374817e+00
5.4856288433e-01
3.4178857803e+00
8.4060913324e-01
1.5639824867e+00
1.8812997639e-01
8.2912892103e-01
7.7233928442e-01
3.8504306227e-02
1.6330128908e+00
1.2389478832e-01
5.7143449783e-01
-6.9943413138e-02
7.5291737914e-02
-3.9622321725e-01
-1.4646084309e+00
-5.5478137732e-01
-1.5493766963e-01
1.9412474632e+00
1.2622998953e+00
-2.0265047252e-01
3.9016416669e-01
4.1295886040e-02
3.6710765958e-01
4.3225675821e-01
4.1727781296e-01
-3.6776244640e-02
-1.2841801345e-01
-9.1868758202e-01
-2.1648834646e-01
-1.8532224894e+00
-1.0275830030e+00
-7.7376258373e-01
6.4481937885e-01
-1.0973238200e-01
9.4096475840e-01
1.7913616896e+00
1.9097589254e+00
1.7893868685e+00
3.3179967403e+00
2.7699732780e+00
2.3843643665e+00
3.3461530209e+00
4.6384534836e+00
2.6600012779e+00
6.6095125675e-01
8.9123040438e-01
5.5240336806e-02
-2.0642446354e-02
2.3926073313e-01
-6.8760937452e-01
-7.8732979298e-01
1.0081099272e+00
1.4538034201e+00
2.3845429420e+00
5.0826234818e+00
4.4158306122e+00
5.5998582840e+00
-2.1367466450e-01
-3.4010306001e-01
-5.8480370045e-01
-1.4568759203e+00
-2.7576560974e+00
-2.0408935547e+00
1.5217618644e-01
7.9878401756e-01
3.0299118161e-01
-1.3028635643e-02
-6.7506037652e-02
-1.7293055356e-01
-1.6471971571e-01
-6.6964544356e-02
-2.3649041653e+00
-2.3560845852e+00
-2.2663850784e+00
-1.9720456600e+00
-1.6087703705e+00
-1.4572049379e+00
-9.0945518017e-01
-1.3705863953e+00
-1.9833990335e+00
-7.3956871033e-01
1.8950096369e+00
1.0067406893e+00
1.6504513025e+00
1.0024457425e-01
-2.6523981094e+00
-1.4403939247e-01
-3.1746327877e-01
1.9392308593e-01
-9.7679680586e-01
1.8087005615e+00
2.1354954243e+00
-1.5750222206e+00
-1.7608600855e+00
-1.7081350088e+00
-1.9257099628e+00
-1.8170982599e+00
-1.6128320694e+00
-1.4671120644e+00
-1.3215247393e+00
-8.9935690165e-01
-1.9651044607e+00
6.7726916075e-01
-8.7894864380e-02
1.9642058015e-01
1.4324480295e-01
1.3905662298e-01
5.8708384633e-02
-1.2185212225e-01
-2.0465518534e-01
-2.4634711444e-01
-3.0045279860e-01
-2.3435039818e-01
2.6953986287e-01
2.6492509991e-02
-6.1828070879e-01
-4.5781397820e-01
-7.0206033997e-03
4.5172271132e-01
1.1080429554e+00
-2.2081950307e-01
-1.4897044003e-01
-3.2154348493e-01
-6.4010369778e-01
-2.7072677612e+00
-2.3076870441e+00
2.1353597939e-01
7.1986854076e-01
1.0978544950e+00
6.9028890133e-01
9.3575501442e-01
1.0029358864e+00
2.9559624195e+00
4.7658629417e+00
3.7966639996e+00
3.0491096973e+00
7.8808319569e-01
5.5286604166e-01
2.8596428037e-01
-2.0163993835e+00
-3.0279400349e+00
-1.4268189669e+00
-1.8769376278e+00
-1.9750086069e+00
-2.2129225731e+00
-2.2859447002e+00
-2.3749611378e+00
-2.0022652149e+00
2.0580250025e-01
6.8880397081e-01
-2.5520033836e+00
-9.7902178764e-01
-1.2224906683e+00
-2.7733602524e+00
2.1155425906e-01
-5.0694173574e-01
1.1303138733e+00
7.4160194397e-01
1.3943110406e-01
1.6892495155e+00
1.5319006443e+00
2.7112095356e+00
-2.9857513309e-01
-3.9293494821e-01
-9.2720293999e-01
-1.6606854200e+00
-8.0951583385e-01
8.4348246455e-02
1.1201618910e+00
-4.0845230222e-01
-2.9527044296e-01
3.6334250122e-02
-2.4703866243e-01
-7.9527151585e-01
7.2052590549e-02
2.7194018364e+00
-2.9586815834e-01
-6.5146446228e-01
-2.3086249828e+00
-4.2383136749e+00
-3.1710376740e+00
-3.9756000042e+00
-1.5653961897e+00
1.9713634253e+00
2.1464893818e+00
1.3078153133e+00
2.1624798775e+00
7.4879384041e-01
-6.2204402685e-01
-2.7119576931e+00
-1.6204259396e+00
-1.4098037481e+00
-1.4194066525e+00
-1.3200755119e+00
-1.6002048254e+00
-1.5318428278e+00
-1.4087685347e+00
-1.2998560667e+00
-8.4282916784e-01
-4.0588703752e-01
-1.2899732590e+00
2.7107039094e-01
4.8414880037e-01
2.9960614443e-01
4.2165112495e-01
5.0678133965e-01
-7.3010003567e-01
-5.8416551352e-01
1.1839442700e-01
1.8750903010e-01
-4.5923033357e-01
6.1245808601e+00
-2.8553967476e+00
4.5436239243e+00
-4.6844505705e-03
6.7482900620e-01
5.0520765781e-01
1.1575303078e+00
-3.0951669216e+00
-3.2717039585e+00
-2.2153134346e+00
-1.5615549088e+00
3.8095474243e-01
6.7336523533e-01
1.1906597763e-01
-2.4455709457e+00
-2.2890610695e+00
-1.8736679554e+00
-1.3784118891e+00
-1.6836801767e+00
-1.6906903982e+00
-1.7211027145e+00
1.9253838062e-01
-1.9410699606e-01
-2.2345128059e+00
-7.9067349434e-01
-3.0733731389e-01
7.3251384497e-01
-1.0109896660e+00
2.8811863065e-01
1.7720437050e-01
7.1484096348e-02
-1.4115598798e-01
-5.7681936771e-02
1.4224192500e-01
8.2781195641e-02
1.0898003578e+00
6.3245850801e-01
-5.3718194366e-02
3.0708876252e-01
-6.6269412637e-02
8.1985706091e-01
-1.7500202656e+00
-2.8297558427e-01
1.0367816687e+00
1.2871267796e+00
2.4667167664e+00
1.5688315630e+00
1.4855332375e+00
1.0535813570e+00
-6.7541611195e-01
-4.6374607086e-01
-1.4472302794e-01
-6.4576730132e-02
-8.4155406803e-03
5.0107900053e-02
7.9723350704e-02
1.9342467785e+00
1.0236930847e+00
-9.3486976624e-01
-8.5416585207e-01
-1.5816019773e+00
-4.6904010773e+00
-5.5476665497e+00
3.6494559050e-01
-7.0833563805e-02
7.7608145773e-02
2.6073950529e-01
5.1125884056e-01
3.8740471005e-01
4.3385049701e-01
3.5786888599e+00
1.7690141201e+00
1.4020022154e+00
3.6143735051e-02
-1.7295100689e+00
-2.6188015938e+00
-1.5941674709e+00
-9.6800506115e-02
-2.1359220147e-01
2.0274953544e-01
4.7328439355e-01
-2.2881188989e-01
-7.4059884064e-03
3.0042855069e-03
4.5278367996e+00
2.4798409939e+00
3.7896816730e+00
9.1782003641e-01
-3.7836678028e+00
-6.5615835190e+00
-4.7978944778e+00
-2.7855453491e+00
-2.1462471485e+00
-6.1720414162e+00
-9.1905879974e+00
-1.0813158035e+01
-4.1554384232e+00
-1.0404125452e+00
1.5334346294e+00
7.4599325657e-01
8.0722969770e-01
1.9675685465e-01
2.0109865665e+00
-6.0133457184e-01
8.6523419619e-01
1.7886068821e+00
4.3771687150e-01
-2.8588125706e+00
-5.1411199570e+00
-3.4978003502e+00
-2.2488801479e+00
-5.4864525795e-01
4.3516042829e-01
-1.2528672218e+00
-2.0521739498e-02
8.8032394648e-01
2.5443654060e+00
-2.6766419411e-01
1.6504281759e+00
-4.9491467476e+00
-3.4551429749e+00
-2.5211517811e+00
-1.9541789293e+00
-1.3996186256e+00
-4.1700708866e-01
-6.8174242973e-02
-3.2062299252e+00
-1.2008663416e+00
6.4304843545e-02
-1.3021690771e-02
5.2583253384e-01
7.6799356937e-01
3.3614692688e+00
9.2837756872e-01
1.9728693962e+00
1.9133374095e-01
-1.0316675901e-01
-1.7547931671e+00
-1.0565303564e+00
8.1024080515e-01
8.2163372040e+00
3.7515068054e+00
1.8326444626e+00
-2.9060083628e-01
-1.4287482500e+00
-3.6356174946e+00
-4.6829457283e+00
3.2466489077e-01
5.5812335014e-01
4.0479266644e-01
-8.5603547096e-01
-1.5141577721e+00
-2.6879007816e+00
-2.4365973473e+00
-4.8786597252e+00
-4.1948404312e+00
-1.7423319817e+00
-1.0808689594e+00
-1.2445373535e+00
-1.5184587240e+00
-1.4868388176e+00
-8.9886373281e-01
-1.2598333359e+00
3.7130656838e-01
1.6705515981e-01
-5.3891572170e-03
1.8585656583e-01
3.0423659086e-01
1.7598203421e+00
3.8015362620e-01
6.8162202835e-01
-2.4112675190e+00
-2.1089143753e+00
-1.9744416475e+00
-1.0009942055e+00
-9.7834296525e-02
4.5147016644e-01
-7.5821250677e-02
1.5505983829e+00
7.7248972654e-01
1.5836219788e+00
1.5927129984e+00
-1.6634166241e-01
2.2373698652e-01
1.7507892847e+00
1.9149932861e+00
7.0014768839e-01
-5.1616305113e-01
-7.2687721252e-01
-2.1216997411e-03
-8.5488297045e-02
-2.5742024183e-01
-6.7553949356e-01
-1.2053969502e-01
5.7371395826e-01
3.7590977550e-01
-1.0245738029e+00
-5.5768001080e-01
-6.1155444384e-01
-5.9059929848e-01
-2.6880174875e-02
1.4117348194e-01
-2.3616261780e-01
-1.9206256866e+00
1.9585494697e-01
2.4698123932e+00
-1.6990540028e+00
-1.5314649343e+00
-2.1814153194e+00
-3.4831161499e+00
-2.5262551308e+00
-4.0456805229e+00
-5.1951169968e+00
-1.0705295801e+00
-7.4170227163e-03
6.5752351284e-01
1.7772272229e-01
3.2517621517e+00
1.7862308025e+00
1.9820814133e+00
1.2138170004e+00
1.3850836754e+00
2.7196850777e+00
2.6553845406e+00
1.5543359518e+00
1.4978684187e+00
1.5748325586e+00
1.7007551193e+00
1.5631742477e+00
1.1516697407e+00
8.0929505825e-01
7.2533321381e-01
4.8953124881e-01
7.3436506093e-02
2.7022376657e-01
1.1342906393e-02
-3.2675966620e-01
1.0683457851e+00
6.3802845776e-02
-1.6737285852e+00
2.9426360130e-01
1.1711374670e-01
1.1065893173e+00
1.1227489710e+00
1.9727759361e+00
-1.1918818951e+00
-1.2985961437e+00
-2.4353048801e+00
-8.6514288187e-01
8.9839452505e-01
3.8517659903e-01
1.3575820625e-01
6.3342273235e-01
-6.6783028841e-01
-1.5151396990e+00
-2.6499524117e+00
-3.6494212151e+00
-4.2722434998e+00
-1.8362801075e+00
1.0740587860e-01
-5.2092081308e-01
3.6665877700e-01
3.2859975100e-01
4.8315007240e-02
7.0711386204e-01
1.6180829704e-01
1.2846922874e+00
7.3504620790e-01
2.3402171135e+00
1.6648982763e+00
1.8629199266e+00
3.1877419353e-01
5.1221275330e-01
-1.4548429251e+00
-2.1617007256e+00
-2.3487842083e+00
-2.5036096573e+00
-3.7715935707e+00
-4.1167459488e+00
-4.5049700737e+00
-3.5260252953e+00
-2.2730937004e+00
-5.8840341866e-02
-1.0225491524e+00
1.0896850824e+00
6.5050441027e-01
3.2810202241e-01
5.2323894501e+00
2.6749963760e+00
2.4441092014e+00
-2.7466434240e-01
-4.6500736475e-01
-3.3247878551e+00
-4.0540461540e+00
-1.3117946684e-01
3.3351519704e-01
8.6125902832e-02
4.4495791197e-01
-3.5920314491e-02
-2.4200823903e-01
-1.0181236267e+00
-3.3704798222e+00
-6.9857776165e-01
-1.0139996558e-01
1.4460550621e-02
-2.1343095228e-02
3.1045710668e-02
4.6584878117e-02
6.3189405203e-01
1.1514997482e+00
1.0332547426e+00
7.8745633364e-01
4.2075663805e-01
3.4965601563e-01
3.3808652312e-02
6.2350827456e-01
-1.5769124031e-01
-1.1033513546e+00
-9.3176734447e-01
-3.8386120796e+00
-3.7822513580e+00
-1.7827279568e+00
1.8448291719e-01
-1.6134033203e+00
1.1402539164e-01
7.6748746634e-01
3.0239150524e+00
2.8843023777e+00
4.6134200096e+00
-9.6025180817e-01
-7.9121780396e-01
-5.9481537342e-01
-5.7657897472e-01
-7.8264135122e-01
-7.3530942202e-01
-8.1878608465e-01
-1.5460595489e-01
-7.5692796707e-01
-1.4693776369e+00
-2.0820186138e+00
-1.1388810873e+00
-1.2194994688e+00
1.7634853721e-01
-1.5775237698e-03
8.5395693779e-02
7.7532134950e-02
5.9058483690e-02
8.4882259369e-02
1.4163643122e-01
1.5031090379e-01
8.6190843582e-01
2.7689877152e-01
1.2029211521e+00
1.2530051172e-01
-3.0382275581e-01
-3.9501931667e+00
-2.2558443546e+00
-5.5050450563e-01
-1.5850263834e-01
8.5891574621e-02
1.0009215912e-03
-3.3879911900e-01
3.3593776822e-01
2.2349669933e+00
6.7574447393e-01
-4.4632363319e-01
-2.8666764498e-01
-3.1848672777e-02
-6.2747430801e-01
-6.8763947487e-01
-1.1308861971e+00
-8.0291336775e-01
-2.1573398113e+00
-1.0543540716e+00
1.4417597651e-01
2.1488182545e+00
1.2543882132e+00
1.2838263512e+00
1.6590725183e+00
1.0790301561e+00
2.0933856964e+00
1.6221228838e+00
2.0364811420e+00
1.7522093058e+00
1.8315033913e+00
1.0299376249e+00
3.2027316093e-01
7.2824865580e-01
-1.6572190523e+00
3.2799594402e+00
1.3388866186e+00
2.2660045624e+00
7.0985490084e-01
2.0759766921e-03
9.6484524012e-01
-1.2851461172e+00
-6.4858931303e-01
-2.2703597546e+00
-4.4138434529e-01
-2.1183853149e+00
-1.1767321825e+00
7.2251033783e-01
7.8181070089e-01
-8.6233317852e-01
7.2654187679e-01
-4.8207712173e-01
-6.9152243435e-02
-2.6617172360e-01
6.5502271056e-02
2.4720539153e-01
-3.6540716887e-01
-5.1269918680e-01
-6.1193674803e-01
-2.2703990936e+00
1.8538533449e+00
3.4916012287e+00
3.9775910378e+00
3.6526310444e+00
1.4377043247e+00
1.1529591084e+00
-1.1170119047e+00
-3.5194678307e+00
1.4934517145e+00
4.5561537147e-01
1.8261011839e+00
1.3787183762e+00
2.1361403465e+00
-1.1560099125e+00
-1.4621522427e+00
-1.0454677343e+00
-9.7219413519e-01
-9.5281356573e-01
-7.6182430983e-01
-8.6385124922e-01
1.6215006113e+00
1.5280206203e+00
1.6692621708e+00
3.1500048637e+00
1.3892629147e+00
7.7411466837e-01
1.2878037989e-01
4.2787769437e-01
2.2914385796e-01
1.6480559111e+00
1.2482588291e+00
1.3951444626e-01
7.7736610174e-01
-4.1724923998e-02
-7.2544059753e+00
-3.8834898472e+00
-7.6876473427e+00
-7.2966092825e-01
-8.1847423315e-01
4.0978857875e-01
5.9390526265e-02
3.6283555627e-01
1.0512852669e+00
-4.9413162470e-01
-6.0330688953e-01
-1.7140233517e+00
-2.2217154503e+00
-1.8780280352e+00
-5.4342770576e-01
-7.7026259899e-01
-1.3725142479e+00
-1.0277882814e+00
-1.9126055241e+00
-1.9580680132e+00
-1.7625926733e+00
3.7318226695e-01
2.1411672235e-01
3.8334038854e-01
-6.6999787092e-01
-1.6553167999e-01
4.0956821442e+00
3.3095746040e+00
-9.5433986187e-01
-7.1488839388e-01
-4.4156977534e-01
-1.9081091881e-01
-1.7671853304e-01
-1.5635837615e-01
1.4656427503e-01
-1.7377072573e+00
8.7738193572e-02
9.3767088652e-01
8.7944734097e-01
1.0300166607e+00
1.4148734808e+00
9.5333850384e-01
2.7347643375e+00
1.8433759212e+00
2.1047406197e+00
1.2347065210e+00
3.6633113027e-01
1.9140514135e+00
1.2061374187e+00
-4.6899747849e+00
-5.8780808449e+00
-8.3545637131e+00
-9.7096529007e+00
-1.1831418037e+01
-1.0852433205e+01
-8.7325744629e+00
3.7125298381e-01
4.9537077546e-01
-3.6474078894e-01
-1.3338540494e-01
-4.8167716712e-02
3.8514938951e-01
6.4092195034e-01
1.2351858616e+00
-2.9837599397e-01
-1.9834156036e+00
-3.1277754307e+00
-2.3440186977e+00
-2.6273512840e+00
-2.4206893444e+00
-7.5689129531e-02
-7.0037263632e-01
-8.2352310419e-01
-7.9704433680e-02
3.4698452950e+00
3.8996624947e+00
4.4423804283e+00
2.4730668962e-01
2.7675473690e-01
3.0096790195e-01
2.5302481651e-01
9.6333420277e-01
1.1983113289e+00
1.1567890644e+00
2.3860850334e+00
1.4800683260e+00
-1.7644651234e-01
-1.7210196257e+00
-3.0683467388e+00
-3.4593982697e+00
-8.9065176249e-01
3.6771957874e+00
2.5164475441e+00
1.6569110155e+00
1.3695465326e+00
1.1906424761e+00
-7.6343816519e-01
-1.6649878025e+00
1.2536779642e+00
8.0884939432e-01
-8.7011754513e-02
6.8197354674e-02
-1.0189009905e+00
-1.9815496206e+00
-1.4017081261e+00
1.1680850983e+00
8.1580877304e-02
-6.7788489163e-02
3.3504596353e-01
7.7788460255e-01
2.1412796974e+00
1.1012886763e+00
1.9872903824e+00
1.9538154602e+00
2.3660163879e+00
1.1147065163e+00
9.0213549137e-01
2.2826271057e+00
2.3740286827e+00
-7.4053472281e-01
-1.0599635839e+00
-8.2022309303e-02
-8.5429209471e-01
1.0469408333e-01
-7.6061403751e-01
-1.1412851810e+00
2.7759495378e-01
2.0604786277e-01
9.2627567053e-01
5.0944530964e-01
1.0900152922e+00
-3.4775918722e-01
-2.2198262215e+00
-1.0437330008e+00
-1.2314352989e+00
-1.5034339428e+00
-7.4867856503e-01
1.3887283206e-01
1.5689760447e+00
7.4448210001e-01
2.8605966568e+00
2.2948040962e+00
1.4683923721e+00
1.6937550306e+00
9.2650991678e-01
9.4804203510e-01
1.0258427262e-01
1.2110314369e+00
1.3166798353e+00
7.0617914200e-01
-9.2286378145e-01
-4.2720529437e-01
4.3753437698e-02
3.9304408431e-01
-1.1360706091e+00
1.9816957414e-01
-4.2141094804e-02
-6.0532379150e-01
-9.9476432800e-01
-2.6823656559e+00
-2.6857850552e+00
9.8762136698e-01
-5.5215731263e-02
-2.4439859390e+00
-2.6928577423e+00
-5.2549114227e+00
-4.8941116333e+00
-6.1665110588e+00
-8.2482308149e-01
-1.2239449024e+00
3.6603853106e-01
-3.8183313608e-01
3.9528530836e-01
2.4483528733e-01
4.5459994674e-01
-6.7903453112e-01
-7.4881517887e-01
8.6139339209e-01
1.0123870373e+00
1.8058249950e+00
1.0167959929e+00
2.9974505901e+00
1.0655926466e+00
3.1219950318e-01
1.0349013805e+00
1.2109076977e-01
4.4051316381e-01
-2.4711495638e-01
-2.7935607359e-02
-1.1420873404e+00
7.0536114275e-02
3.1416094303e-01
-2.6206901670e-01
4.1157636046e-01
6.3519507647e-01
1.0297009945e+00
4.4556185603e-01
1.6517852545e+00
5.9594357014e-01
-2.5075185299e+00
-4.5555451512e-01
-3.0196850300e+00
-2.0180294514e+00
6.3374227285e-01
7.8275936842e-01
4.1869487613e-02
2.9552030563e-01
-5.5837411433e-02
-1.0393922329e+00
5.0302916765e-01
3.2317101955e+00
1.9769952297e+00
2.0104815960e+00
1.2063246965e+00
2.3929629326e+00
1.1113921404e+00
7.3699027300e-02
2.4799242020e+00
2.6069142818e+00
1.2285305262e+00
8.5996228456e-01
1.0429051518e-01
3.4966404438e+00
3.0411169529e+00
-5.0338208675e-01
-3.6361950636e-01
-5.0817334652e-01
-2.5207906961e-01
-7.5578063726e-01
-4.1782078147e-01
-1.3192902505e-01
-1.3790007830e+00
-1.5036749840e+00
-6.6094917059e-01
-4.7736895084e-01
-7.8980058432e-01
-7.5672812760e-02
-5.0381922722e-01
-9.1211026907e-01
-2.2967679501e+00
-1.8244377375e+00
-1.6408252716e+00
-5.2160573006e-01
-2.6738953590e+00
5.0470602512e-01
2.5921782851e-01
-6.7053949833e-01
-4.0034368634e-01
3.7687829137e-01
9.3871355057e-01
-4.4257547706e-02
-8.6903899908e-01
-9.5532703400e-01
-2.2920106351e-01
4.4695830345e-01
7.5892215967e-01
1.1457484961e+00
2.0047492981e+00
1.2556462288e+00
2.6449722052e-01
-2.1449379623e-01
-2.9006178379e+00
-1.4328356981e+00
-2.8506479263e+00
-3.3022804260e+00
-5.0190358162e+00
8.1469470263e-01
3.6097326875e-01
1.1698933840e+00
8.0294676125e-02
1.4676967263e-01
6.5625518560e-01
7.2329521179e-01
8.3261758089e-01
7.8673136234e-01
2.8045022488e-01
-8.8694149256e-01
8.3080899715e-01
-2.3414161801e-01
-1.1030628681e+00
1.7186632156e+00
1.1819915771e+00
2.2293148041e+00
6.6362386942e-01
1.6323180497e-01
-5.5071866512e-01
-5.1461201906e-01
2.1984663010e+00
1.0537480116e+00
5.2179700136e-01
6.8435177207e-02
4.4926571846e-01
7.5457382202e-01
8.9058822393e-01
-9.6005535126e-01
-8.8609683514e-01
-8.7739211321e-01
-1.6893260479e+00
-1.6293927431e+00
-2.8348841667e+00
-2.1134231091e+00
-2.0720109940e+00
-5.0617671013e+00
-5.8309612274e+00
-7.4669342041e+00
-8.2093772888e+00
-7.8377962112e+00
-7.6362133026e+00
1.1615977287e+00
1.0371377468e+00
1.0253787041e+00
9.5786035061e-01
1.3076615334e+00
1.1699491739e+00
1.6644196510e+00
-7.3146146536e-01
-2.2505846024e+00
-4.5432195663e+00
-3.4471318722e+00
-3.2114651203e+00
-9.6857774258e-01
2.1671579778e-01
2.2765855789e+00
1.1392194033e+00
2.7027335167e+00
1.0668228865e+00
9.5332020521e-01
1.1586117744e+00
2.4505759776e-01
-8.9163953066e-01
-6.7045432329e-01
-6.0520517826e-01
-7.7351778746e-01
-8.8120168447e-01
-9.4329452515e-01
-4.7803947330e-01
-2.2999532223e+00
-2.3739128113e+00
-3.4066455364e+00
-2.0505564213e+00
-1.1313269138e+00
-3.9114603400e-01
1.1876919270e+00
-7.0719175339e+00
-7.2304496765e+00
-7.1940760612e+00
-7.5133004189e+00
-6.3009123802e+00
-5.5620913506e+00
-4.3858227730e+00
1.5278332233e+00
1.3472656012e+00
1.6175531149e+00
7.7131056786e-01
1.9033268094e-01
1.0248719454e+00
1.4227267504e+00
1.4131567478e+00
1.9619817734e+00
2.0724205971e+00
1.2557805777e+00
6.8543475866e-01
-2.6502937078e-01
6.6935795546e-01
1.5895863771e+00
2.6851055622e+00
1.9846191406e+00
1.5343210697e+00
2.8476111889e+00
1.7121745348e+00
3.0135049820e+00
-9.0656721592e-01
4.8185600899e-03
1.3711557388e+00
2.3783066273e+00
2.1815953255e+00
1.2079808712e+00
3.4521540999e-01
1.2377496958e+00
1.2017713785e+00
9.9893599749e-01
9.5708274841e-01
9.3969309330e-01
9.5887500048e-01
8.5047912598e-01
-2.8320651054e+00
-1.6714035273e+00
-1.6963925362e+00
-5.5598670244e-01
-5.1438313723e-01
-1.7729309797e+00
1.1500607729e+00
-1.4864588976e+00
-2.5738909245e+00
-1.4407770634e+00
-1.2047241926e+00
-1.0960319042e+00
-2.1418507099e+00
3.9810872078e-01
1.3373334408e+00
1.5188759565e+00
1.0189892054e+00
9.0198075771e-01
-1.9129565358e-01
4.4157916307e-01
-3.5691469908e-01
-1.1240569502e-01
-3.4389930964e-01
-1.0508559644e-01
-3.0229946971e-01
3.0333241820e-01
-2.2344727814e-01
-1.5209304094e+00
1.8889341354e+00
3.1118080616e+00
1.3775658607e+00
6.1293762922e-01
-1.0567995310e+00
-5.2792614698e-01
-1.7681447268e+00
-2.0771751404e+00
-3.0639865398e+00
-2.4397568703e+00
-8.1207716465e-01
2.7559453622e-02
7.7334648371e-01
-1.7953470945e+00
-1.6528996825e-01
-5.2114933729e-01
-4.5048952103e-01
-4.4977003336e-01
-7.8795003891e-01
-7.7403312922e-01
-8.9536517859e-01
2.2181832790e+00
2.4852764606e+00
1.5270284414e+00
1.5045835972e+00
2.1566578746e-01
1.0242484808e+00
9.3884944916e-02
6.2196844816e-01
4.3581372499e-01
5.8172456920e-03
-8.0079412460e-01
-3.2337433100e-01
7.5774425268e-01
1.1883295774e+00
8.6917448044e-01
-1.3877743483e-01
1.4048693180e+00
-1.0188115835e+00
3.9307543635e-01
-9.7502255440e-01
-1.0382645130e+00
-1.0498613119e+00
-2.3857457638e+00
-2.2940816879e+00
-1.7880814075e+00
-6.0364866257e-01
9.3941265345e-01
1.7460989952e+00
3.3940341473e+00
1.9599695206e+00
1.0494785309e+00
1.0100849867e+00
-1.1506038904e+00
-1.0028628111e+00
-1.7294349670e+00
-9.3211793900e-01
3.6613095552e-02
2.4517802894e-01
3.4847769141e-01
-5.5670046806e-01
1.4812846482e-01
-5.6683409214e-01
1.6996978521e+00
9.8590183258e-01
-5.0954520702e-01
-2.0979695320e+00
-2.6458072662e+00
-4.3450398445e+00
-4.3804149628e+00
-1.2801555395e+00
-1.9290482998e+00
-2.1312386990e+00
-2.5276973248e+00
-2.2410721779e+00
-2.9876023531e-02
-1.2466951609e+00
-3.1826993823e-01
7.3015461676e-03
-1.4335301518e-01
3.8113810122e-02
-3.0127650499e-01
-5.9213685989e-01
-6.9838392735e-01
5.6524008512e-01
3.8549743593e-02
4.8001065850e-01
9.8491445184e-02
1.6260364652e-01
-3.1817846000e-02
-2.0799182355e-01
-1.6905834675e+00
-3.9041101933e-01
-6.4665722847e-01
-4.3577191234e-01
6.2229537964e-01
1.7692719698e+00
2.7554495260e-02
-3.6848652363e-01
-5.2914416790e-01
-2.6971855760e-01
7.4161700904e-02
6.8284295499e-02
-4.4013790786e-02
-3.3826913685e-02
8.3424019814e-01
1.2246606350e+00
8.5518783331e-01
5.5301535130e-01
1.2861062288e+00
1.2750008106e+00
1.4573452473e+00
-8.4953802824e-01
-2.4418880045e-01
-7.2949635983e-01
3.7023365498e-01
5.8381479979e-01
1.3345772028e+00
1.7106101513e+00
5.3560638428e-01
1.1955005676e-01
5.7781791687e-01
-3.9477068186e-01
8.7617218494e-01
1.5058135986e+00
-1.8185760826e-02
-2.7085344791e+00
-3.4278407097e+00
-1.3797640800e+00
1.4219874144e-01
1.3610075712e+00
1.1404904127e+00
-3.2347950339e-01
2.9959115982e+00
2.5885813236e+00
-3.8418143988e-02
1.6597695351e+00
1.1458610296e+00
1.7365599871e+00
1.0785244703e+00
-2.6148507595e+00
-2.6229968071e+00
6.9679343700e-01
1.3375017643e+00
2.4221107960e+00
1.9114377499e+00
-3.8230434060e-01
2.5068764687e+00
1.8001724482e+00
1.6997774839e+00
2.8219971657e+00
1.3236193657e+00
-4.1049480438e-01
-5.5232489109e-01
1.0617122650e+00
6.5510265529e-02
2.9809460044e-01
9.2379641533e-01
1.8867485225e-01
-1.1141300201e+00
-4.6768894792e-01
2.5831260681e+00
2.5486977100e+00
4.4266197085e-01
8.5228043795e-01
-6.3561052084e-01
-2.1967310905e+00
-1.7000281811e+00
-2.1902530193e+00
-1.9113343954e+00
-4.8245370388e-01
5.6477125734e-02
1.5063753128e+00
9.1766081750e-03
1.5730075836e+00
-2.4182612896e+00
-1.9552452564e+00
-2.7907896042e+00
-1.3663092852e+00
-8.4276098013e-01
4.3914459646e-02
1.1937838048e-01
-1.9254772663e+00
-2.2576394081e+00
-1.5228306055e+00
-1.3254010677e+00
-2.5558822155e+00
-3.3780632019e+00
-3.8063590527e+00
2.6115322113e-01
2.0604867935e+00
5.1167744398e-01
-5.6040984392e-01
-1.3173825741e+00
-3.5226960182e+00
-2.6065473557e+00
2.4896976352e-01
-2.9497295618e-01
-1.1258646101e-01
3.2148700207e-02
-1.5789972246e-01
-5.6585299969e-01
-9.4788175821e-01
-1.9231678247e+00
-1.1705095768e+00
-1.0798856020e+00
5.4428887367e-01
1.3345042467e+00
1.7847859859e+00
1.2968701124e+00
5.6842565536e-01
3.8378924131e-01
-1.0900785923e+00
-1.5795406103e+00
-1.8238303661e+00
-2.3028283119e+00
-8.1568104029e-01
-1.7590593100e+00
1.9551467896e-01
-1.0400047302e+00
-3.2052221894e-01
-3.9619094133e-01
9.1795098782e-01
1.4666280746e+00
2.8120315075e-01
4.8067423701e-01
4.9755039811e-01
3.5638478398e-01
-4.5755460858e-01
-5.2286785841e-01
-9.6469950676e-01
5.3805398941e+00
2.8526976109e+00
4.2155690193e+00
2.9217410088e+00
2.1979815960e+00
1.4540034533e+00
1.1035506427e-01
-2.4022959173e-01
-8.5195869207e-01
-4.0741348267e-01
-2.3055565357e-01
-1.5127720833e+00
-1.5034636259e+00
-1.0486929417e+00
-2.6537363529e+00
-1.8103357553e+00
-1.1894632578e+00
3.4419108182e-02
3.7046870589e-01
5.3646218032e-02
-8.0365806818e-01
1.0944419354e-01
1.3680617511e-01
-3.5433700681e-01
2.3144541681e-01
-5.5477052927e-01
6.9637209177e-01
7.2168546915e-01
-1.4944094419e+00
-1.8412034512e+00
-2.0066790581e+00
-2.2486441135e+00
-3.1000716686e+00
-3.7951884270e+00
-3.5451734066e+00
-2.5959267616e+00
-1.8123694658e+00
-1.5290902853e+00
5.1374870539e-01
-9.8315262794e-01
5.3089511395e-01
-3.5166513920e-01
1.0739163160e+00
1.0028200150e+00
2.6658501625e+00
1.1198654771e-01
9.9917167425e-01
-1.7987415791e+00
1.3108981848e+00
-1.1307027340e+00
3.8958495855e-01
2.8041440248e-01
-1.7589677125e-02
3.5073903203e-01
6.7442947626e-01
-1.8686449528e-01
-2.9199445248e+00
-3.1460149288e+00
-1.8414757252e+00
-2.4170547724e-01
4.8965062946e-02
1.7733719945e-01
-3.0417513847e-01
-6.4090430737e-01
-6.2056714296e-01
-1.2719806433e+00
-9.2758727074e-01
-3.0135899782e-01
-1.0044498444e+00
-1.4162804186e-01
-1.9791239500e+00
-1.0995264053e+00
-2.4579758644e+00
-1.2692204714e+00
-1.3413927555e+00
-1.3815034628e+00
-2.3743422329e-01
-5.8359198272e-02
1.0835431516e-01
1.9047319889e-01
-5.4113101214e-02
-1.5675976276e+00
-2.2460653782e+00
-2.3165023327e+00
1.6255142689e+00
1.7823690176e+00
1.7375247478e+00
1.6194096208e-01
5.5255848169e-01
-7.9467362165e-01
-2.8073269129e-01
-2.1032788754e+00
-2.0225350857e+00
-1.9617085457e+00
-3.0899760723e+00
-8.5382109880e-01
-1.6264559031e+00
2.1071292460e-01
-2.3332899809e-01
6.4239430428e-01
5.1222842932e-01
4.6062346548e-02
-7.7455687523e-01
-1.2023659945e+00
-1.8620492220e+00
7.3804509640e-01
2.0917136967e-01
2.5169131160e-01
6.4797274768e-02
2.4983008206e-01
-1.7732188106e-01
-1.8780234456e-01
-1.4706664085e+00
-1.3918378353e+00
-1.7355637550e+00
-1.7590752840e+00
-2.7505285740e+00
-3.7779119015e+00
-3.6784472466e+00
7.6298707724e-01
1.8985471129e-01
2.2187095881e-01
1.2569277287e+00
1.5193244219e+00
8.6079135537e-02
8.8979862630e-02
2.8599858284e+00
1.9622391462e+00
2.2195544243e+00
1.8081997633e+00
1.8031086922e+00
-2.3139248788e-01
5.8615797758e-01
6.2464609742e-02
2.3467800021e-01
3.5622829199e-01
5.6868273020e-01
9.8368042707e-01
7.6449710131e-01
7.5724524260e-01
2.3484580517e+00
3.5874571800e+00
3.3184206486e+00
2.6250898838e+00
4.2287726402e+00
3.3336131573e+00
2.3665847778e+00
4.2824411392e-01
1.6084972024e-01
-2.3030312732e-02
4.3622483499e-03
-1.0245489329e-01
-4.7592422366e-01
-7.2499120235e-01
-1.3255448341e+00
-1.1977411509e+00
-7.8889638186e-01
-1.3295187950e+00
-9.2066651583e-01
-2.9519231319e+00
-4.1610926390e-01
1.0487725735e+00
2.6710465550e-01
9.8854064941e-02
1.3625277206e-02
1.5031130612e-01
-9.9533015490e-01
-3.6646780968e+00
8.7785482407e-01
1.6113781929e-01
-2.0201947689e+00
-2.4429969788e+00
-3.3434326649e+00
-4.9446992874e+00
-5.5481429100e+00
-7.2212338448e-01
1.8924118578e-01
-4.9845565110e-02
-1.7220135033e-01
-4.0234559774e-01
-3.7913995981e-01
-1.7749778926e-01
3.1286191940e-01
1.1640733480e-01
3.1837210059e-01
1.3243548572e-01
-2.3630692065e-01
-3.3505019546e-01
-3.1343910098e-01
-2.8295117617e-01
1.6063457727e+00
-2.2441301346e+00
4.9931561947e-01
-2.6029012203e+00
-1.4646130800e+00
-2.2299461365e+00
-5.6824702024e-01
-8.3321273327e-01
-2.4556326866e-01
-7.3367619514e-01
-1.4939128160e+00
-3.7953174114e+00
1.6922418773e-01
1.9133017063e+00
1.6606668234e+00
6.6139918566e-01
-2.3320358992e-01
-1.9943639040e+00
-3.3922696114e+00
-3.5779469013e+00
-2.3505349457e-01
-5.3121238947e-01
-1.3979699612e+00
-2.5888636112e+00
-2.9815189838e+00
-4.2065834999e+00
-4.5741081238e+00
4.4075469971e+00
2.5812506676e+00
1.7880365252e-01
-1.6661221981e+00
-1.9569018483e-01
-1.1183954477e+00
-9.3302118778e-01
5.5668491125e-01
-3.6260822415e-01
-4.0091550350e-01
-6.7584604025e-02
7.3801320791e-01
-5.7127678394e-01
-9.4587907195e-02
-1.5916939080e-01
7.0820122957e-02
1.2508098781e-01
3.1190714240e-01
6.5764135122e-01
6.0786545277e-01
6.8238049746e-01
1.9725382328e+00
2.2278382778e+00
2.5377793312e+00
1.7300510406e+00
2.0961699486e+00
1.1448023319e+00
2.2143249512e+00
-4.9967926741e-01
-1.0265916586e+00
-1.0176444054e+00
-1.1317406893e+00
-2.0381453037e+00
-2.4760870934e+00
-2.0894396305e+00
-2.9149065018e+00
1.8251888752e+00
-5.6471604109e-01
-1.1376690865e+00
9.8175054789e-01
-2.7034382820e+00
3.6114114523e-01
-1.5803596973e+00
-1.6548329592e+00
-1.1238905191e+00
-2.3340903223e-01
-2.3561312258e-01
3.4272566438e-01
8.5548841953e-01
-7.0142811537e-01
-7.7300757170e-01
-2.0972867310e-01
-2.0407754183e-01
1.0536014289e-01
-1.5641701221e-01
-2.5095561147e-01
1.7544000149e+00
1.1273164749e+00
2.2221805155e-01
-6.0609871149e-01
-4.3899923563e-01
-3.5359396935e+00
-2.2767138481e+00
-1.3420464993e+00
-6.9730138779e-01
1.9840937853e-01
-1.0534132272e-01
-2.2750303149e-01
2.6820090413e-01
2.5922828913e-01
4.0724444389e-01
6.3737410307e-01
7.2702306509e-01
5.3701758385e-01
1.7537800968e-01
-2.2591147423e+00
-1.1184701920e+00
-1.9360175133e+00
-2.0556571484e+00
-3.2579100132e+00
-3.1839501858e+00
-2.4053866863e+00
-1.8587231636e+00
-7.0403909683e-01
-6.5159308910e-01
-4.3685269356e-01
-1.0200403631e-01
1.6190536022e+00
1.5611871481e+00
7.7430164814e-01
4.5477116108e-01
-1.4905043840e+00
-9.7473919392e-01
-1.4480705261e+00
2.4810342491e-01
7.2217077017e-02
1.1710348129e+00
6.1561122537e-02
-9.7497612238e-01
-9.1551333666e-02
-4.0771433711e-01
8.0566334724e-01
-2.9123094678e-01
-5.4744678736e-01
-1.2222390175e+00
-1.1631581783e+00
-2.8066866398e+00
-2.1886456013e+00
-2.0151157379e+00
-1.4207998514e+00
-1.5414091349e+00
-1.2419149876e+00
-5.3222531080e-01
1.4985637367e-01
6.7648679018e-01
9.7343993187e-01
8.3567029238e-01
1.0289198160e+00
7.2650581598e-01
1.7179539204e+00
8.6449033022e-01
6.8971836567e-01
2.6464209557e+00
1.3606801033e+00
1.7742866278e+00
1.3169276714e+00
9.7208005190e-01
1.1001969576e+00
6.6100847721e-01
7.2192585468e-01
8.6474549770e-01
-1.2563046217e+00
-5.1703798771e-01
3.5973570347e+00
9.0624749660e-01
2.7298395634e+00
2.5286719799e+00
-9.0212589502e-01
2.8640845418e-01
-1.4299850464e+00
-7.6785069704e-01
-2.0995119214e-01
-9.4460624456e-01
-8.6597949266e-01
-3.9376172423e-01
-1.3122714758e+00
-1.4338549972e-01
-3.4145963192e-01
-1.0069332272e-01
3.7167239189e-01
2.3764715195e+00
4.8946553469e-01
-2.7301010489e-01
-2.1427967548e+00
-5.9944659472e-01
2.9071566463e-01
6.3807052374e-01
1.0513823032e+00
1.2649478912e+00
3.8790026307e-01
-5.3395128250e-01
-2.1636936069e-01
-3.6611971259e-01
8.7984091043e-01
2.2580306530e+00
4.6089082956e-02
-5.6700038910e-01
-7.5963395834e-01
7.1822553873e-01
-1.7355363071e-01
4.8344466090e-01
6.9129198790e-01
7.7847903967e-01
-4.3649205565e-01
1.1936228275e+00
1.1456645727e+00
1.1579556465e+00
1.0610713959e+00
1.6341179609e+00
8.1863015890e-01
9.1675359011e-01
6.8691515923e-01
-3.5714673996e+00
-3.0077726841e+00
-2.4644567966e+00
-1.6562331915e+00
-2.5297927856e+00
-3.0208578110e+00
-1.4824647903e+00
-1.5115269423e+00
3.8771938533e-02
-3.4802436829e-01
3.0914071202e-01
-9.7761082649e-01
-2.8923494816e+00
-1.8107788563e+00
-1.1200230122e+00
1.9904570282e-01
7.8487151861e-01
1.2598240376e+00
7.8452795744e-01
1.6983908415e+00
1.2283846140e+00
-4.2603617907e-01
1.0801738501e+00
3.9940860868e-01
1.1883710623e+00
-2.9882943630e-01
3.3878934383e-01
-5.2197057009e-01
1.5945230722e+00
1.4328000546e+00
1.3822579384e+00
2.4873653054e-01
-1.0037329197e+00
-1.9010200500e+00
-9.4251632690e-01
-3.4209311008e-01
4.4802877307e-01
2.7934736013e-01
9.0183448792e-01
-3.0840799212e-01
-2.2029875219e-01
-9.9785745144e-01
1.7654331028e-01
9.3570375443e-01
3.7415790558e-01
6.6521859169e-01
-3.1863969564e-01
3.1328327954e-02
5.2719807625e-01
-7.5263172388e-01
2.3987106979e-02
1.4708621502e+00
2.7162916660e+00
1.5339016914e+00
1.5689753294e+00
-1.2205731869e-01
-4.4950346947e+00
-5.1527571678e+00
-3.6009175777e+00
-2.9078595638e+00
-1.7369129658e+00
-2.7556805611e+00
-2.2172021866e+00
1.5281897783e+00
1.3752827644e+00
2.2909562588e+00
2.3170213699e+00
2.8838922977e+00
8.5563644767e-02
-4.5411059260e-01
-7.7096104622e-01
-4.5816507936e-01
-4.4018512964e-01
-8.7109166384e-01
-9.8057109118e-01
-1.2470214367e+00
-2.1843273640e+00
-2.3348362446e+00
-1.8593885899e+00
-2.0222740173e+00
-1.7727814913e+00
-2.1640686989e+00
-2.2454619408e+00
-2.3409979343e+00
1.0897958279e+00
1.6401004791e+00
1.8507455587e+00
2.7842762470e+00
1.2631965876e+00
2.0907707214e+00
1.7581378222e+00
3.0356178284e+00
-3.4103679657e-01
4.4399728775e+00
1.9095166922e+00
4.2829828262e+00
1.8820271492e+00
2.9276070595e+00
1.4200076461e-01
1.0529893637e-01
3.4186810255e-01
1.4552037418e-01
1.3142825663e-01
-3.8930886984e-01
-1.2330625057e+00
4.7852835059e-01
3.3854845166e-01
5.4855173826e-01
1.0385608673e+00
-2.3427477479e-01
-9.2740887403e-01
-4.3439579010e-01
3.7442988157e-01
9.7943645716e-01
1.7463086843e+00
1.4323160648e+00
2.4909055233e+00
1.9606114626e+00
1.4630472660e+00
2.9631528258e-01
9.9453705549e-01
3.2590073347e-01
1.7163316905e-01
-1.2956446409e-01
-3.7913480401e-01
-7.9526835680e-01
-4.0586438179e+00
-4.4213814735e+00
-3.1213703156e+00
-1.5995408297e+00
-1.0522512197e+00
1.0206543654e-01
-4.8744767904e-02
8.1021511555e-01
1.1708164215e+00
3.0628905296e+00
5.3464490175e-01
2.1565728188e+00
4.9853336811e-01
9.0872609615e-01
-1.0981116295e+00
-8.4662121534e-01
-2.9095974565e-01
-2.2470252216e-01
9.4842880964e-02
1.4864224195e+00
1.6429057121e+00
2.6962034702e+00
3.9185812473e+00
2.8698809147e+00
3.2137401104e+00
-6.4646834135e-01
1.3752967119e+00
6.7920857668e-01
6.2864100933e-01
7.6975792646e-01
2.6051216125e+00
1.7830045223e+00
3.6274890900e+00
1.3134526014e+00
2.2170374393e+00
-1.1968475580e+00
-1.5772116184e+00
-1.1938182116e+00
-1.4253036976e+00
-1.5815072060e+00
-2.0101664066e+00
-1.9071688652e+00
1.9602959156e+00
-1.6101184487e-01
1.5164433718e+00
2.4225029945e+00
2.9082922935e+00
2.4556114674e+00
2.4234249592e+00
4.0616616607e-01
-1.0294574499e-01
8.1953391433e-02
-9.2391943932e-01
-6.9155454636e-02
-7.5288873911e-01
-1.8490976095e+00
-3.0282899737e-01
-4.1712298989e-01
-4.3667340279e-01
-1.0834103823e+00
-1.1527541876e+00
-7.3985046148e-01
-1.2788859606e+00
-1.5479450226e+00
-2.7319045067e+00
-2.4861795902e+00
-1.2541046143e+00
-3.0891978741e+00
-1.2753310204e+00
-1.4766908884e+00
3.7167763710e-01
1.6168072224e+00
3.6553814411e+00
4.0916395187e+00
2.8231792450e+00
-2.3593112826e-01
1.1749544144e+00
-5.5945358276e+00
-6.2205958366e+00
-6.3159251213e+00
-6.7954425812e+00
-6.9570188522e+00
-4.9730978012e+00
-3.0594148636e+00
1.8021945655e-01
1.5487853289e+00
1.9898600578e+00
1.3717705011e+00
-7.9431980848e-02
1.1340520382e+00
-5.6640374660e-01
4.2078036815e-02
-2.8906571865e-01
5.2074915171e-01
-1.6484750807e-01
-3.7070006132e-01
9.3012130260e-01
5.1352977753e-01
-7.9455143213e-01
-2.7785241604e-01
-6.4395803213e-01
2.8625094891e-01
-3.4510046244e-02
-1.5185719728e+00
-1.1714888811e+00
-1.4101979733e+00
-7.5123059750e-01
-8.0948275328e-01
-7.2956645489e-01
-6.5862226486e-01
-9.4573354721e-01
-6.9449412823e-01
8.7442559004e-01
1.0591715574e+00
1.2691071630e-01
2.9958264828e+00
1.3966350257e-01
1.3874801397e+00
-3.5393106937e+00
-8.7956482172e-01
-2.3371999264e+00
-1.8907788992e+00
-2.0979549885e+00
8.8160610199e-01
-4.2217421532e-01
3.2011517882e-01
-5.6472074986e-01
2.8472983837e+00
1.0586297512e+00
2.3160462379e+00
9.6986436844e-01
8.6580818892e-01
4.5505291224e-01
-1.3686895370e+00
1.7238332033e+00
-2.3075371981e-01
7.2718334198e-01
1.6140007973e+00
7.4555253983e-01
2.8935165405e+00
-2.9816799164e+00
-3.2262446880e+00
-1.5103766918e+00
-2.5917091370e+00
-2.7410383224e+00
-2.3204934597e+00
-2.3476243019e+00
-1.7953289673e-02
2.1735395491e-01
1.7680414915e+00
2.6656789780e+00
1.2527071238e+00
1.0205447674e+00
1.1938114464e-01
-6.7434597015e-01
-6.0649394989e-01
-4.8772946000e-01
-4.1611680388e-01
-4.9486321211e-01
-5.0244385004e-01
-1.7331647873e-01
6.9083720446e-01
-1.5741913021e-01
-3.6558604240e-01
-8.3701789379e-01
-3.8174674511e+00
-5.0743465424e+00
-5.4329972267e+00
-8.2748681307e-01
-1.1918588877e+00
5.0768446922e-01
3.6451151371e+00
6.2598333359e+00
4.4032487869e+00
3.2226054668e+00
-3.2237510681e+00
3.0423939228e+00
-1.1490507126e+00
2.2262201309e+00
3.9725846052e-01
-2.4446616173e+00
4.1567993164e-01
-1.4763906002e+00
-2.1687977314e+00
-2.6617608070e+00
-1.3136723042e+00
-1.3152414560e+00
-7.9192286730e-01
-9.2574149370e-01
-5.0689749718e+00
-4.9936246872e+00
-2.2858455181e+00
-1.5948262215e+00
-1.6827628016e-01
2.4172669649e-01
-1.8458569050e-01
1.0069619417e+00
5.1247894764e-01
4.4975197315e-01
6.6404336691e-01
-3.4260159731e-01
-2.2690424323e-01
-5.3239428997e-01
-3.1737023592e-01
-8.2119154930e-01
-5.9133046865e-01
-7.6955443621e-01
-8.7431538105e-01
-4.2580208182e-01
-1.9887919426e+00
-1.2469341755e+00
2.0083732903e-01
3.7155215740e+00
2.2429652214e+00
2.7905623913e+00
-1.2799309194e-01
8.4297597408e-01
-1.6730892658e+00
-7.9129010439e-01
-1.2109540701e+00
-8.6356717348e-01
-7.0268976688e-01
-6.2787157297e-01
-5.2741664648e-01
-3.5672309995e-01
-2.9684847593e-01
-2.4127151072e-01
-9.9363073707e-02
-1.3710097969e-01
-1.0871580243e-01
-7.1988277137e-02
-4.9207650125e-02
-8.6690205336e-01
-2.6047804356e+00
-1.4194054604e+00
-3.4487826824e+00
-5.9616289139e+00
-6.6978492737e+00
-1.7106176913e-01
1.9366195798e-01
3.8452106714e-01
3.5871359706e-01
4.6330431104e-01
4.1597519070e-02
8.4248915315e-02
5.2603735924e+00
3.4204039574e+00
3.1219112873e+00
3.4140020609e-01
3.1880706549e-01
-1.5101807117e+00
6.6629981995e-01
8.0028730631e-01
5.5982518196e-01
8.1822597980e-01
1.2905484438e+00
1.0491544008e+00
9.8880404234e-01
7.4468654394e-01
-7.3599231243e-01
4.6118894219e-01
-4.2312901467e-02
-1.6183999777e+00
-3.0861775875e+00
-3.7760007381e+00
-1.5646817684e+00
-3.0338180065e+00
-1.9560170174e+00
-3.7346568108e+00
-6.8362984657e+00
-3.5506663322e+00
3.6639380455e-01
6.3304489851e-01
1.2666227818e+00
-3.8743704557e-01
-1.0414487123e-01
-7.4547749758e-01
2.7189471722e+00
1.1335474253e+00
3.1281948090e+00
-1.4252464771e+00
-2.3831455708e+00
-6.7753782272e+00
-6.8109121323e+00
-8.4742623568e-01
5.1100260019e-01
3.7248000503e-02
-2.0535881519e+00
-3.6856930256e+00
5.5083805323e-01
-4.5778524876e-01
2.1646635532e+00
-5.1194214821e-01
1.8132681847e+00
-4.5204629898e+00
-3.5135371685e+00
-4.8784108162e+00
-3.4007639885e+00
-1.8087307215e+00
-8.7498235703e-01
-2.4183595181e-01
-3.1427710056e+00
-1.9049991369e+00
-2.5519192219e-01
7.0441760123e-02
1.3538565636e+00
2.0774507523e+00
2.7355418205e+00
2.2484891415e+00
2.8943154216e-01
9.2647485435e-02
-1.3011420965e+00
-1.5113955736e+00
-1.2910073996e+00
4.9494582415e-01
-1.6761401892e+00
-3.1458182335e+00
-1.9136388302e+00
-4.2663884163e+00
-5.5571284294e+00
-6.7270803452e+00
-6.2192053795e+00
-1.3013277054e+00
-9.6672791243e-01
-6.9489830732e-01
-1.4243763685e-01
-5.2739286423e-01
-1.1577969790e+00
-2.2083063126e+00
-3.9600664377e-01
-8.3600676060e-01
1.5350860357e+00
1.2866288424e+00
4.9888521433e-01
1.1165822856e-02
3.4662528038e+00
-1.3055014610e+00
-3.0792510509e-01
8.1768207252e-02
3.3697158098e-02
2.0501688123e-01
1.8534544110e-01
9.1678243876e-01
1.8079223633e+00
3.8081312180e-01
1.2848830223e+00
-1.7366743088e+00
-1.2616530657e+00
-3.7498533726e-01
-8.3913910389e-01
4.0366500616e-02
-2.2356336936e-02
4.5828804374e-01
2.0191533566e+00
1.2782570124e+00
1.6090418100e+00
7.1377742290e-01
3.1985414028e-01
-2.7089470625e-01
9.8598712683e-01
1.6352581978e+00
9.5392990112e-01
-1.9738264084e+00
-8.2554948330e-01
-6.1680719256e-02
-4.2955759168e-01
-8.6770659685e-01
4.9965164065e-01
1.0662248135e+00
-1.5938475728e-01
7.1679073572e-01
-2.8105404377e+00
-3.3268435001e+00
-1.0337288380e+00
6.5254694782e-03
-7.8935140371e-01
-8.9671514928e-02
1.5699156523e+00
1.8196849525e-01
7.0943725109e-01
2.0319471359e+00
-2.0116612911e+00
2.7422425151e-01
4.3593579531e-01
-8.0044054985e-01
-3.7750732899e+00
-5.5451755524e+00
-7.1000647545e+00
-1.5593962669e+00
5.9205007553e-01
2.2684153914e-01
1.6733965278e-01
2.8149309754e-01
1.2776616812e+00
-1.6505226493e-01
-2.0993420482e-01
-1.7201031446e+00
-2.7779855728e+00
-4.7361879349e+00
-1.4146836102e-01
-5.6304490566e-01
-7.5955338776e-02
-1.5871088952e-02
5.2059507370e-01
3.5202404857e-01
4.6911874413e-01
1.8653372526e+00
1.2414354086e+00
1.5931661129e+00
1.2257994413e+00
2.4569625854e+00
1.1446255445e+00
2.4066767693e+00
-7.7141501009e-02
-9.6191808581e-02
-1.2489708662e+00
-1.1320917606e+00
1.4411814511e-01
-2.2809715569e-01
-4.8558104038e-01
-1.1404834986e+00
-2.5195679665e+00
-2.9483857155e+00
-3.9782020450e-01
2.7947187424e-01
4.9759832025e-01
5.7877987623e-01
1.4960782528e+00
4.1120636463e-01
-1.5123864412e+00
-2.2957670689e+00
-1.7098780870e+00
-1.0263599157e+00
2.9926933348e-02
-7.0860540867e-01
2.2192116082e-01
-3.5270100832e-01
2.7136337757e-01
6.4814960957e-01
1.9834107161e-01
7.0747733116e-01
4.2947557569e-01
-1.4641694725e-01
9.2994280159e-02
2.5768914819e-01
-6.9502043724e-01
-1.6534289122e+00
-1.1567702293e+00
-2.1512196064e+00
-2.2612385750e+00
-2.0869789124e+00
-1.5052418709e+00
-1.6040033102e+00
-1.4292844534e+00
-2.3977522850e+00
-3.9475262165e+00
-1.9445124865e+00
8.2245224714e-01
-3.2446105033e-02
1.4431985617e+00
-4.4350448251e-01
3.3530857563e+00
-1.6820710897e+00
-6.7278623581e-01
-2.4635701180e+00
-2.1396319866e+00
-2.4795184135e+00
-4.3314890862e+00
-4.7161102295e+00
-3.7042587996e-01
3.4649994969e-01
2.3038747907e-01
6.2706327438e-01
3.8316929340e-01
1.4308429956e+00
-5.9335577488e-01
-1.3947345018e+00
-3.6695885658e-01
-3.2039487362e-01
-1.3600224257e-01
-1.8376962841e-01
-7.4811354280e-02
-1.3485024869e-01
-7.5748771429e-01
-6.5333068371e-01
1.6881391406e-01
3.0275502801e-01
6.7180234194e-01
4.5052904636e-02
9.4579082727e-01
1.2461358309e+00
5.9784036875e-01
-1.3517709970e+00
-3.0936412811e+00
-3.2619032860e+00
-2.6955790520e+00
-7.6563924551e-02
-9.8825079203e-01
-4.4756946564e+00
-1.5226496458e+00
-8.2101261616e-01
1.5862250328e+00
-1.5909850597e+00
1.2998563051e+00
-2.1355307102e-01
-2.6007604599e-01
-1.6793701053e-01
-4.2939952016e-01
-3.8274514675e-01
-6.6057920456e-02
-2.0053125918e-01
-4.2022898793e-01
1.3194388151e+00
-4.4392132759e-01
-1.4941662550e+00
-2.1197082996e+00
-2.3134455681e+00
-2.7538350224e-01
-1.8528880179e-01
-7.7912457287e-02
-5.9220664203e-02
-5.1385965198e-02
-8.5511490703e-02
-1.1413188279e-01
-2.9125064611e-01
-4.1137228012e+00
-4.6468167305e+00
-5.5784592628e+00
-2.4619712830e+00
-1.2009656429e+00
-1.5519719124e+00
2.6240545511e-01
-6.7237836123e-01
1.4003624208e-02
3.2513323426e-01
3.1961354613e-01
7.5746305287e-02
1.6428729296e+00
4.2562031746e+00
-1.2214740515e+00
-1.3067574501e+00
-7.8245356679e-02
1.4233778417e-01
-6.2571257353e-01
-2.1449475288e+00
-3.1668846607e+00
-2.6431360245e+00
-2.5952262878e+00
-1.3390920162e+00
9.6027892828e-01
1.5155925751e+00
2.4317178726e+00
2.6671302319e+00
-3.0129486322e-01
-5.3835928440e-01
-1.4185975492e-01
4.4131058455e-01
7.4231612682e-01
8.1274014711e-01
9.3096029758e-01
1.6663236618e+00
-3.0738869309e-01
2.6916120052e+00
-1.9824644327e+00
4.7702994347e+00
4.9452824593e+00
2.6299617290e+00
3.2898738384e+00
1.2084264755e+00
2.6953690052e+00
8.8160264492e-01
2.7535098791e-01
-9.4763135910e-01
2.0215687752e+00
-6.0544605255e+00
-1.2964938879e+00
3.2973316312e-01
4.0560793877e-01
3.8126242161e-01
4.2192530632e+00
2.3015213013e+00
-6.2623038888e-02
1.1220604181e-01
9.0096719563e-02
6.4476525784e-01
1.9593246281e-01
1.5907183886e+00
-9.0538096428e-01
-2.5901699066e+00
3.9229458570e-01
3.6100878716e+00
3.5258269310e+00
4.7126445770e+00
-1.1993743479e-01
2.8449614048e+00
-2.6974351406e+00
-1.7065593004e+00
9.5265561342e-01
4.1442266107e-01
1.5801301003e+00
6.5621495247e-01
1.7685197592e+00
-4.4276008010e-01
-1.1987571418e-01
-1.9325372577e-01
8.4625460207e-02
8.8180325925e-02
9.7691573203e-02
9.0926392004e-03
2.8982148170e+00
2.2266635895e+00
2.2073824406e+00
3.5893754959e+00
3.4210608006e+00
5.1927838475e-02
2.3856605589e-01
-1.2734290361e+00
-1.4057588577e+00
1.2016069889e+00
1.5940624475e+00
1.3665696383e+00
-7.8080004454e-01
-1.0803628713e-01
-5.1065583229e+00
-2.9817776680e+00
-3.9002270699e+00
1.1716737747e+00
2.9890081286e-01
1.7902729511e+00
-4.9783363938e-01
2.9781975746e+00
5.6670778990e-01
-9.3244946003e-01
-1.0630363226e+00
-1.4174735546e+00
-2.5470759869e+00
-1.7095041275e+00
-2.7023711801e-01
-8.5921043158e-01
-6.8344771862e-01
8.5945087671e-01
7.6848363876e-01
3.3011619002e-02
2.2584947944e-01
1.4160745777e-02
-1.5125514567e-01
-5.4748719931e-01
2.1172873676e-01
1.3745051622e+00
3.6247129440e+00
2.3502833843e+00
-4.6330773830e-01
-9.7751833498e-02
-3.8936001062e-01
-2.0548078418e-01
-3.1156313419e-01
-4.2088562250e-01
-3.5678547621e-01
-2.8101244569e-01
7.1651422977e-01
1.1461118460e+00
1.1138939857e+00
5.8692395687e-01
1.1839357615e+00
-6.6959686577e-02
-1.3065264225e+00
-1.6016409397e+00
-1.1269527674e+00
-1.2681497335e+00
-1.5427001715e+00
-1.1097738743e+00
-1.1027954817e+00
-4.3967280537e-02
2.1066451073e-01
2.0515128970e-01
1.4505307376e-01
1.2770585716e-01
4.3915942311e-02
3.4493179992e-03
-5.3066754341e+00
-2.7421267033e+00
-5.7878255844e+00
-5.9833941460e+00
-3.3350322247e+00
-1.0018674135e+00
-1.2106071711e+00
5.0398862362e-01
8.8365334272e-01
2.1957525611e-01
3.3965975046e-01
3.8846862316e-01
1.3579265773e-01
9.3944557011e-02
-4.5884079933e+00
-4.8014159203e+00
-4.7081031799e+00
-7.3102846146e+00
-3.2916281223e+00
-4.7304577827e+00
-2.5266633034e+00
-2.1243546009e+00
-5.3480839729e+00
-1.3011427879e+01
-1.0976110458e+01
-5.5769248009e+00
-7.0406050682e+00
-5.8595786095e+00
-3.5658590794e+00
-2.7003748417e+00
1.3310822845e-01
5.9760183096e-01
1.6905897856e+00
1.0058834553e+00
1.1689112186e+00
-9.5713996887e+00
-8.2978553772e+00
-2.7630560398e+00
-4.2104634643e-01
-5.8316123486e-01
-8.9188456535e-01
-4.2788413167e-01
-5.1481312513e-01
-2.3046897352e-01
-2.2226922214e-01
8.0252707005e-01
-1.5104784966e+00
6.6842359304e-01
-6.2393298149e+00
-4.1346087456e+00
-2.4822459221e+00
6.4567428827e-01
-2.4484980106e-01
-4.0916049480e-01
-1.2232395411e+00
-8.6083436012e-01
1.5424574614e+00
7.9730820656e-01
4.4057434797e-01
2.6632699966e+00
1.1734442711e+00
1.9173841476e+00
1.0218195915e+00
6.7552369833e-01
2.6167306900e+00
1.3198883533e+00
3.7078058720e-01
1.1050523520e+00
4.9861991405e-01
1.0724490881e-01
-5.2153557539e-01
-1.1319292784e+00
-5.0890159607e-01
-1.0114102066e-01
-4.3046292663e-01
-5.7304495573e-01
-1.5338636637e+00
-1.2701704502e+00
-2.5196123123e+00
-7.2795081139e-01
-1.1550337076e+00
5.1258083433e-02
9.9515098333e-01
-2.9691490531e-01
-7.2173042297e+00
-6.9186258316e+00
-8.3809862137e+00
-3.0954093933e+00
-6.4294868708e-01
7.3628854752e-01
2.8387701511e-01
9.9669414759e-01
1.1280527115e+00
3.3952344209e-02
-7.1640096605e-02
1.7170716822e-01
4.4680602849e-02
-6.9676381350e-01
6.4125221968e-01
8.8924789429e-01
1.4230985641e+00
-9.5997773111e-02
5.9452909231e-01
4.0984883904e-01
-5.8315032721e-01
7.0794284344e-01
7.9226940870e-01
3.0160206556e-01
2.7739080787e-01
-5.3187005222e-02
-1.8380917609e-01
-3.5848307610e-01
-2.8952684402e+00
-2.4064507484e+00
-2.0252325535e+00
-7.8791953623e-02
-3.9993250370e-01
1.1132466793e+00
1.4233773947e-01
5.0318795443e-01
3.9755690098e-01
-1.2332024984e-02
-6.7357963324e-01
-1.6945664883e+00
-6.0003342628e+00
-4.3257246017e+00
-6.9895005226e+00
-5.3472299576e+00
-4.7200913429e+00
-4.1274156570e+00
-7.0831078291e-01
3.3625993133e-01
-1.3433626294e-01
3.2471623272e-02
4.7870911658e-02
-3.5821282864e-01
-1.4720518589e+00
-7.8114638329e+00
-9.1207456589e+00
-1.5632631302e+01
-1.9836659729e-01
5.2998656034e-01
-1.6473680735e-01
5.9544247389e-01
2.8561761975e-01
-1.5375414491e-01
-1.7004120350e+00
9.4513505697e-01
-3.8379016519e-01
1.3117425442e+00
9.9335777760e-01
1.0692728758e+00
1.1797740459e+00
1.6323517561e+00
-3.7877912521e+00
-8.3159989119e-01
5.8115917444e-01
5.3958362341e-01
-8.4772086143e-01
-2.9019090533e-01
-4.3560300022e-02
-3.2888472080e+00
-1.4194746017e+00
-2.9769833088e+00
-1.8659322262e+00
-2.9364173412e+00
-1.4296727180e+00
-2.9579565525e+00
2.5594916940e-01
3.2200577855e-01
4.5228493214e-01
2.3125998676e-01
7.5615771115e-02
4.3124097586e-01
2.2535116971e-01
-1.2450048923e+00
-4.0079396963e-01
4.5846009254e-01
8.4388726950e-01
1.2450534105e+00
1.9325670600e-01
-4.8101896048e-01
2.8439494967e-01
5.5955797434e-01
1.9846795797e+00
1.4323236942e+00
1.2750545740e+00
1.1849123985e-01
-5.6837052107e-01
-2.6152451038e+00
-1.3416479826e+00
2.4889038503e-01
6.7560505867e-01
5.6422823668e-01
1.0360596180e+00
-1.1860203743e-01
-3.5728998184e+00
-2.4368362427e+00
-2.1780083179e+00
-1.3731116056e+00
-3.4760430455e-01
-2.5191673636e-01
-3.9933681488e-01
-1.6778680682e-01
-1.8881615996e-01
7.1294933558e-01
1.1553694010e+00
6.2955152988e-01
-2.1814249456e-01
-1.0736819357e-01
-9.6153650284e+00
-4.1480121613e+00
-5.6636409760e+00
-4.1830406189e+00
2.0549732447e-01
-8.2559210062e-01
-6.8118637800e-01
5.1632082462e-01
1.0090903044e+00
6.3575536013e-01
5.4353445768e-01
-1.1608922482e+00
-2.2792444229e+00
-2.6042656898e+00
-1.2988698483e+00
9.0080481768e-01
-3.7271821499e-01
1.2200330496e+00
-5.9746021032e-01
4.2868599296e-01
1.3432599306e+00
-1.8915202618e+00
1.7691702843e+00
-9.5647513866e-01
-5.9255771637e+00
-4.2844691277e+00
-3.6573412418e+00
-1.5757658482e+00
3.8734856248e-01
5.4859977961e-01
3.4224140644e-01
2.2380550206e-01
-2.1247999370e-01
-1.2374398708e+00
-4.0233216286e+00
2.1666176617e-01
2.5777715445e-01
7.8929007053e-02
-1.3397504576e-02
-5.7904340327e-02
2.0856345072e-02
7.9026725143e-03
1.0273379087e+00
9.8506242037e-01
8.9510536194e-01
5.4627090693e-01
8.9349746704e-01
6.8709319830e-01
1.7591485381e-01
-9.7827374935e-01
-6.9579076767e-01
-1.9465591908e+00
-3.9391589165e+00
-2.3394339085e+00
-9.4621765614e-01
8.6628831923e-02
-1.5579890013e+00
-2.7488026619e+00
-2.6217656136e+00
-3.0392413139e+00
-2.3149089515e-01
-2.5316319466e+00
-2.3278119564e+00
2.8057715297e-01
2.7636924386e-01
2.0865355432e-01
-2.3120841943e-03
1.3700777292e-01
-3.2924953103e-01
-7.4932116270e-01
3.2837660313e+00
2.7585806847e+00
1.2586266994e+00
9.5038306713e-01
1.2551054955e+00
6.3374799490e-01
-1.4661358297e-01
4.0167283267e-02
3.1704176217e-02
-8.6975321174e-02
-8.5087195039e-02
-3.4514475614e-02
-5.0884440541e-02
-3.5108041018e-02
1.6212278605e+00
2.3479468822e+00
2.0943460464e+00
4.1947412491e-01
9.8857808113e-01
4.3673548102e-01
-4.8597943783e-01
-1.7954018712e-01
6.6647514701e-02
-2.8522446752e-02
1.1634492129e-01
1.3630063832e-01
-1.7350805998e+00
-5.5337810516e+00
1.7693746835e-02
2.7839767933e-01
-1.2780253589e-01
2.3232269287e-01
1.4011611044e-01
4.9240258336e-01
-2.1205687523e+00
-1.5286636353e+00
2.0025536418e-02
-4.0809354186e-01
1.0023897886e+00
-1.1380837113e-01
-1.4889171720e-01
-8.5009485483e-01
4.0706869960e-01
5.4904025793e-01
3.2732090354e-01
-7.4893618003e-03
-9.9448584020e-02
-3.0164211988e-01
-4.5241409540e-01
-5.9116989374e-01
1.6234998405e-01
-9.0389686823e-01
-1.1081410199e-01
-2.8821918964e+00
8.2717168331e-01
-7.2524399757e+00
-1.4917120934e+00
-2.2078540325e+00
-2.3260025680e-01
-1.4250682592e+00
5.8349317312e-01
-7.7628827095e-01
-1.7264111340e-01
6.7922240496e-01
-3.3719161153e-01
-7.0090138912e-01
-5.0165855885e-01
-9.3834483624e-01
-4.3097510338e+00
-3.3000590801e+00
1.5034988523e-01
2.9778194427e-01
2.1549060941e-01
3.1710374355e-01
1.4834277332e-01
-5.7796945572e+00
-1.1361904144e+01
-1.3065040112e+00
3.8347163200e+00
-2.6631414890e+00
-3.1008841991e+00
-3.4423043728e+00
-1.6899472475e+00
6.2801736593e-01
7.1770578623e-02
-7.4184155092e-03
3.5133141279e-01
4.1673457623e-01
-6.1053800583e-01
7.5386750698e-01
1.0873107612e-01
2.4657781422e-01
6.8280416727e-01
5.7440233231e-01
1.6282357275e-01
2.4647621810e-01
7.2556383908e-02
-3.8338378072e-01
-1.0450508595e+00
-3.1350421906e-01
-3.8618382066e-02
-3.4140357375e-01
-1.0539836884e+00
-9.0484865010e-02
1.6928775311e+00
8.1104332209e-01
1.0532934964e-01
9.2625790834e-01
2.2325131893e+00
1.1324079037e+00
7.2383946180e-01
5.4202026129e-01
-6.5684074163e-01
4.8256840706e+00
-6.7088019848e-01
-1.7102336884e+00
-5.5180716515e-01
-7.6402091980e-01
5.9414321184e-01
2.2861740589e+00
3.9648966789e+00
1.0101574659e+00
1.4555474520e+00
9.8244911432e-01
-1.3395360112e-01
-9.8126870394e-01
-2.1306991577e-02
3.0653394759e-02
2.3260149360e-01
1.6178248823e-01
3.5882052779e-01
4.6394214034e-01
1.2843188643e-01
-4.4895264506e-01
-6.0185575485e-01
-3.6179804802e-01
-7.6919400692e-01
-3.8359656334e+00
-4.5543885231e+00
-6.5773091316e+00
5.6751745939e-01
5.3176820278e-01
1.3988226652e-01
-1.8310906366e-02
-4.2011842132e-02
2.1603403613e-02
-1.8717189087e-03
1.4241604805e+00
1.2297719717e+00
8.7350714207e-01
3.5054850578e-01
7.6160162687e-01
7.1879822016e-01
1.5681872368e+00
-3.9104291797e-01
4.6570852399e-01
-2.5555002689e-01
-1.1066819429e+00
-7.9901140928e-01
-7.9704600573e-01
6.4133399725e-01
1.7652261257e-01
1.8549743295e-01
8.9041225612e-02
7.5629070401e-02
3.0012063682e-02
1.0080187349e-03
-1.2192668766e-01
-4.9751977921e+00
-4.6494894028e+00
-6.9339208603e+00
-7.8632144928e+00
-6.3305163383e+00
-3.8974556923e+00
-1.8938721418e+00
3.4721910954e-01
2.0476721227e-02
2.5879889727e-01
4.2068669200e-01
1.0793645680e-01
1.4417348802e-01
4.2785140686e-03
-1.1654714346e+00
-3.3329648972e+00
-2.1593557298e-01
-3.6798462868e+00
-4.3921813965e+00
-3.5741691589e+00
-4.5379929543e+00
3.8204835728e-03
-3.7707191706e-01
-1.0245251656e+01
-1.2492489815e+01
-7.8690495491e+00
-8.2375936508e+00
-6.4565901756e+00
-5.9738979340e+00
-9.8663063049e+00
-9.2816524506e+00
-4.0829653740e+00
1.0596438646e+00
3.4003821015e-01
9.1150969267e-01
-1.1073850632e+01
-1.4163143158e+01
-5.7893862724e+00
-1.3844007254e+00
-6.1722266674e-01
-2.6311302185e-01
-4.0828490257e-01
1.2845653296e+00
1.9460858405e-01
-8.9942735434e-01
1.1155017614e+00
-8.3933138847e-01
1.8073052168e+00
-2.3755614758e+00
-6.6710715294e+00
-6.0635857582e+00
-1.4150588512e+00
-1.8362903595e-01
8.6444574594e-01
-6.8649083376e-01
-1.1294995248e-01
-1.5132996440e-01
-4.0894654393e-01
-4.7971782088e-01
1.5513681173e+00
1.5267313719e+00
1.4173145294e+00
-3.1573466957e-02
-2.8536272049e+00
5.9806990623e-01
7.5570806861e-02
9.5286327600e-01
3.2809576392e-01
1.3504208997e-02
-1.7384819686e-01
-5.6083637476e-01
-9.8973631859e-02
-1.0262908936e+00
2.1089611948e-01
9.8644012213e-01
-4.4600731134e-01
-1.0750503540e+00
-2.3566181958e-01
-2.5062928200e+00
-6.9845402241e-01
2.1953696012e-01
9.9721068144e-01
1.0122985840e+00
1.5755858421e+00
-8.3056106567e+00
-7.4637212753e+00
-7.6356520653e+00
-8.0853433609e+00
-5.8285636902e+00
-4.5574772358e-01
-2.0543454587e-01
-2.7986356616e-01
1.9517395645e-02
3.7122279406e-01
1.7436267808e-02
3.0895933509e-01
4.3554583192e-01
9.4714277983e-01
-1.8774680793e-01
-7.7381618321e-02
4.2861199379e-01
3.2460960746e-01
6.0377091169e-01
-1.5654423833e-01
2.5230690837e-01
1.9404572248e-01
3.8771551847e-01
2.5699403882e-01
6.1980497837e-01
-1.6897691786e-01
2.3347361386e-01
6.0761290789e-01
-2.0750524998e+00
-3.3411402702e+00
-2.8233108521e+00
-1.2438245118e-01
1.0750982910e-01
9.0080869198e-01
1.0677261353e+00
8.1916290522e-01
1.2751516104e+00
7.3760926723e-01
2.3584908247e-01
-1.3210287094e+00
-4.5486564636e+00
-5.0082879066e+00
-2.6573908329e+00
-2.1180348396e+00
-4.6518054008e+00
-2.6873290539e+00
6.2886238098e-02
1.7389605939e-01
-2.4045264721e-01
-5.7473860681e-02
3.2089930028e-02
4.2342212796e-01
8.2352703810e-01
-2.3087522984e+00
-6.0002784729e+00
-1.2234169960e+01
6.0570824146e-01
3.5588279366e-01
4.2783141136e-01
4.1901168227e-01
7.6942002773e-01
2.6195254177e-02
-3.1989145279e-01
-6.4384448528e-01
-1.6484709978e+00
4.8670685291e-01
-6.7054539919e-01
-1.0696462393e+00
-1.3899154663e+00
-8.4234678745e-01
-6.1460742950e+00
-3.7928540707e+00
-6.0513085127e-01
4.3129742146e-02
2.2472827137e-01
2.2344007157e-03
6.6971558332e-01
-4.9131867290e-01
-9.6086919308e-01
-3.2133883238e-01
-2.5266258046e-02
-1.7096472979e+00
-1.7154932022e+00
-2.5217251778e+00
2.9572702944e-02
4.5572841167e-01
5.2365911007e-01
4.5784804225e-01
2.8652685881e-01
1.9670306146e-01
1.6777330637e-01
-5.3711505607e-03
2.1611413360e-01
-3.6362540722e-01
-4.8069018126e-01
-6.1041426659e-01
-1.9142547250e-01
2.2086723149e-01
8.3234763145e-01
8.6606144905e-01
2.3920454979e+00
2.1834816933e+00
2.5726275444e+00
1.0545361042e+00
7.0553970337e-01
-2.9043438435e+00
-2.6102125645e-01
6.9605392218e-01
1.0570062399e+00
7.4764209986e-01
1.5943690538e+00
5.3362029791e-01
-1.3027809858e+00
-5.2623267174e+00
-6.9979429245e+00
-3.0635013580e+00
-2.3785316944e-01
-1.9448135048e-02
-6.0572545975e-02
2.1697923541e-01
1.0678839684e+00
7.1542674303e-01
4.1789665818e-01
2.3984495550e-02
3.5276898742e-01
1.5314054675e-02
-8.4131307602e+00
-6.6609296799e+00
-7.4258961678e+00
-2.9552683830e+00
1.3286396265e+00
-1.2518414259e+00
8.9768159389e-01
5.7036739588e-01
8.8406044245e-01
7.1883255243e-01
7.9159289598e-01
6.8778842688e-01
-1.0916508436e+00
-1.8786034584e+00
-8.1189680099e-01
-2.6889678836e-01
5.2023279667e-01
-2.5990369916e-01
1.3548971415e+00
5.6848973036e-01
6.8419951200e-01
-8.8605813682e-02
9.2635381222e-01
6.6199594736e-01
-1.4859341383e+00
-1.3610655069e+00
-7.1124410629e+00
-6.1549377441e+00
-1.4273631573e-01
-1.0466784984e-01
-2.2700949013e-01
4.8394557089e-02
-3.8408987224e-02
-7.8045719862e-01
-5.1787004471e+00
2.4620604515e-01
2.7957963943e-01
-1.1916757375e-01
1.4387580566e-02
-3.7909787148e-02
-9.7976602614e-02
-2.9157859087e-01
5.2132368088e-01
1.0153168440e+00
6.5973716974e-01
3.7143579125e-01
6.3442486525e-01
6.5651106834e-01
8.6914861202e-01
-4.5593437552e-01
-1.5666180849e+00
-2.5948896408e+00
-3.3244726658e+00
-7.3464989662e-01
-2.2337597609e-01
2.3940657079e-01
3.4216544032e-01
-1.0594717264e+00
-1.5074584484e+00
-1.2306597233e+00
3.1918978691e-01
-2.5893085003e+00
-2.1883374453e-01
-5.5609083176e-01
-3.1701466441e-01
-2.3253786564e-01
-2.7309879661e-01
-5.5753451586e-01
-8.9792418480e-01
-1.2842748165e+00
-8.7906348705e-01
1.9792958498e+00
-3.6095848680e-01
4.8719439656e-03
2.1674948931e-01
8.0490505695e-01
9.6855390072e-01
-6.8324275315e-02
-3.6524392664e-02
-9.7054518759e-02
-6.1693351716e-02
9.4477888197e-03
-4.7465000302e-02
-1.3982199132e-01
-7.4477612972e-01
-8.6851906776e-01
-2.6545140147e-01
-2.1608381271e+00
-8.6878412962e-01
-2.0383043289e+00
-9.1872882843e-01
-8.8244661689e-02
2.0371591672e-02
5.9296037070e-03
-1.3771875203e-01
-1.3740141690e-01
1.2153207511e-01
-1.9941678047e+00
-1.8224508762e+00
-3.0989125371e-01
-3.7450829148e-01
-1.9104516506e-01
5.5010735989e-01
1.3137803078e+00
-1.5449516773e+00
-2.1200056076e+00
-1.2503705025e+00
-3.7664228678e-01
-3.4152545035e-02
3.2577487826e-01
-1.6070427895e+00
-9.9514478445e-01
8.6641335487e-01
4.6679860353e-01
1.0182372332e+00
1.1918365955e-01
2.8468513489e-01
1.8489326537e-01
5.1664792001e-02
6.4630940557e-02
-1.0140651464e-01
2.9251942039e-01
2.6090333462e+00
-2.0272195339e+00
3.3493912220e-01
-2.6105303764e+00
-3.7040302753e+00
-3.4095628262e+00
-1.2328716516e+00
-1.0727864504e+00
-7.3356705904e-01
-1.8715964556e+00
2.3635199666e-01
-5.3724270314e-02
6.5330642462e-01
-3.9607003331e-01
5.9715602547e-02
1.0280032158e+00
-3.8028967381e-01
1.3856791258e+00
-1.1157729477e-01
-2.0845516026e-01
-1.5769535303e-01
5.4380275309e-02
1.3240022957e-01
-1.6174277067e+00
-8.3975543976e+00
-2.0337889194e+00
-5.3046995401e-01
7.8910255432e-01
-5.1609766483e-01
-1.9803391695e+00
-3.2602396011e+00
-3.3523907661e+00
-1.2441025972e+00
6.8168111145e-02
1.0816845894e+00
-4.7247380018e-01
-8.3678793907e-01
-7.7652108669e-01
-4.3635126948e-01
-2.6014611125e-01
-1.4088942111e-01
-1.9486837089e-02
-3.1857067347e-01
-3.7867635489e-01
-4.9323382974e-01
-7.2997164726e-01
-4.3983843923e-01
-1.0871093273e+00
-6.7332518101e-01
-9.3352699280e-01
-6.9756358862e-01
-1.4666625261e+00
-1.3621292114e+00
8.3793646097e-01
-1.3255128264e-01
1.5890980959e+00
6.5775716305e-01
2.7368476987e-01
3.5184872150e-01
7.7741831541e-01
-2.3288600445e+00
2.6462600231e+00
-4.7211217880e-01
9.0987247229e-01
-5.0965213776e-01
-6.9895899296e-01
3.4204804897e-01
-2.1030111313e+00
-3.6909914017e+00
-5.6460690498e+00
-6.1515879631e+00
-4.2132186890e+00
-1.6413654089e+00
3.5975086689e-01
-1.0583480597e+00
-9.6828281879e-01
-8.2136476040e-01
-9.1207790375e-01
-8.7939387560e-01
-8.8484501839e-01
-1.0789105892e+00
-1.9462159276e-01
2.4007797241e-01
7.0394366980e-01
1.1093024015e+00
4.9011585116e-01
-2.0719740391e+00
-4.6705789566e+00
4.4776749611e-01
9.6673198044e-02
1.8430231139e-02
9.3411229318e-04
5.2093375474e-02
-5.9498678893e-02
-8.4260828793e-02
4.7215500474e-01
6.7328387499e-01
9.9813222885e-01
1.6314703971e-03
3.1128990650e-01
9.1610819101e-01
1.0635689497e+00
1.0813370943e+00
8.5210049152e-01
1.6914166510e-01
-4.9484202266e-01
-5.7729691267e-01
-2.7847430110e-01
-1.9829952717e+00
6.3849821687e-02
-2.9045459628e-01
-1.3741914928e-01
2.6097783446e-01
3.5897076130e-02
2.5200992823e-01
-6.6927993298e-01
1.0917615891e+00
3.6735638976e-01
-1.9191119671e+00
-3.7844319344e+00
-1.8747866154e+00
-3.1557695866e+00
-3.3805437088e+00
-1.6420066357e+00
-1.2364233732e+00
-6.0807734728e-02
5.6504750252e-01
1.9795586169e-01
6.1385636218e-03
-3.8687577844e-01
3.1706123352e+00
4.0647134185e-01
9.1703319550e-01
1.8247042894e+00
1.5459856987e+00
-1.7591507733e-01
-1.6080626845e-01
-3.7279565334e+00
-2.2685070038e+00
-3.4784986973e+00
-3.8557503223e+00
-4.5375962257e+00
-5.0331649780e+00
-4.1715679169e+00
3.1228325367e+00
-1.2375169992e+00
1.5546966791e+00
2.6063654423e+00
2.0271360874e+00
1.1933313608e+00
1.4279233217e+00
5.4937595129e-01
-1.3256678581e+00
-6.6615128517e-01
1.0301046371e+00
3.6871135235e-01
-6.2732386589e-01
-4.6632957458e-01
-2.3589549065e+00
-5.5146771669e-01
5.4460370541e-01
1.1476269960e+00
7.4657016993e-01
1.6119124889e+00
3.0286266804e+00
2.1463508606e+00
-2.7674683928e-01
1.2036676407e+00
2.7606439590e+00
1.5894309282e+00
-8.6318767071e-01
7.5576722622e-01
1.4989588261e+00
-6.5178537369e-01
-7.3043644428e-01
-1.0787494481e-01
1.9201003313e+00
1.1422003508e+00
3.2568306923e+00
-5.6975908279e+00
-2.6123099327e+00
-1.0107135773e+00
1.0112640858e+00
9.0045630932e-01
1.9631397724e+00
1.6650201082e+00
-3.3003358841e+00
-1.0384240150e+00
-6.8312853575e-01
-1.1225109100e+00
-1.0040581226e+00
-2.4856340885e+00
-8.8446605206e-01
-2.1133298874e+00
-3.8662319183e+00
-5.6367242336e-01
1.1721531153e+00
-2.9446583986e-01
6.6111773252e-01
7.4942815304e-01
1.7397422791e+00
1.0177023411e+00
1.4741662741e+00
6.7926906049e-02
-1.0633893013e+00
-1.1581523716e-01
1.8791383505e-01
5.9448939562e-01
2.1172247827e-01
-8.6837124825e-01
-1.4968068600e+00
-1.8214244843e+00
-1.5641100407e+00
-2.2500712872e+00
-9.3382632732e-01
-1.0507256985e+00
-6.5715688467e-01
-1.1277356148e+00
-9.1499827802e-02
1.7482939959e+00
1.2449392080e+00
-9.5616304874e-01
-1.1731163263e+00
-1.9603545964e-01
7.8958964348e-01
-5.9153503180e-01
-8.4559559822e-01
-1.4728503227e+00
-8.2655698061e-01
-1.9936121702e+00
9.0947675705e-01
2.3577537537e+00
2.6522293091e+00
1.6007745266e+00
1.0935670137e+00
-3.5625004768e+00
-2.3100541532e-01
-2.1373302937e+00
-2.1368205547e+00
-2.6052677631e+00
-4.8382069916e-02
8.1265354529e-03
-1.4659252763e-01
6.2731093168e-01
1.0868982226e-01
-1.7565737665e-01
4.2746403813e-01
-1.5746036768e+00
-1.1599382162e+00
-1.6781023741e+00
-1.6821449995e+00
-2.8935506344e+00
-3.4928843975e+00
-5.5133447647e+00
-6.2814040184e+00
-5.0019564629e+00
-4.8074369431e+00
-3.1184637547e+00
-2.1143344045e-01
1.8379105330e+00
1.4842724800e+00
-2.3667213321e-01
-4.5124690980e-02
1.6246062517e+00
2.5616643429e+00
1.0064966679e+00
1.1949678659e+00
7.5822693110e-01
1.5260664225e+00
8.8099288940e-01
-1.4541155100e-01
-1.2983073294e-01
6.2218564749e-01
-1.3167841434e+00
-2.0833787918e+00
-1.3501377106e+00
-1.4781527221e-01
3.7279796600e+00
3.7467639446e+00
2.2600834072e-01
-5.8048790693e-01
9.7457271814e-01
2.1506392956e+00
-8.0106931925e-01
5.3734457493e-01
5.3739100695e-01
3.3299928904e-01
-2.7362474799e-01
-3.0672276020e-01
-6.8625903130e-01
-1.0870478153e+00
-2.5396983624e+00
-2.3329579830e+00
1.9673015177e-01
4.6031373739e-01
4.3682971597e-01
9.3645507097e-01
4.5474216342e-02
-5.1419529915e+00
-2.2951624393e+00
-1.9439692497e+00
1.9139400721e+00
8.4969127178e-01
-1.5002379417e+00
-3.5633790493e-01
-2.7386226654e+00
-1.3227447271e+00
-1.3640967011e-01
1.3719102144e+00
1.9449755549e-02
-1.3334034681e+00
-2.0369565487e+00
-4.9965831637e-01
-1.5364403725e+00
-1.4369583130e+00
1.1662730575e-01
-2.1879138425e-02
-6.9504529238e-01
-1.2398744822e+00
-5.3250259161e-01
-7.4601483345e-01
1.0521706343e+00
1.8121470213e+00
1.7808222771e+00
1.5969744921e+00
1.5065345764e+00
-6.3294708729e-01
-2.1947458386e-02
1.4038613439e-01
-3.5282045603e-01
-1.5407595634e+00
-3.1117107868e+00
-2.7896168232e+00
-1.1016644239e+00
-1.3088994026e+00
-1.0377401114e+00
-5.6812363863e-01
-6.5776896477e-01
-4.5952573419e-01
-1.4154390991e-01
-2.5625772476e+00
-1.9593956470e+00
-1.9047763944e-01
2.8795200586e-01
6.6501408815e-01
-2.0327231884e+00
-1.9030616283e+00
3.4612629414e+00
2.5744416714e+00
1.1989768744e+00
-3.8305361271e+00
-3.3654627800e+00
3.0629062653e-01
-1.6501470804e+00
-2.5755543709e+00
5.2162897587e-01
-1.2413964272e+00
-2.7904173732e-01
-1.0998395681e+00
-1.6780576706e+00
-5.7454842329e-01
9.9291807413e-01
1.8077759445e-01
8.7167717516e-02
5.5344229937e-01
-5.8627184480e-02
-5.0456994772e-01
-1.2965028286e+00
1.1340010166e+00
9.9491512775e-01
2.9377636313e-01
4.0040209889e-01
-1.9488821924e-01
-5.6232202053e-01
-7.9509776831e-01
2.2323937155e-03
-3.1754388809e+00
-9.3428885937e-01
1.7276971042e-01
1.2391191721e+00
4.0810611844e-01
7.7737897635e-01
8.2223552465e-01
-3.7692774087e-02
1.0272887945e+00
1.5493675470e+00
2.2396400571e-01
-2.3112649918e+00
-1.7719158530e-01
1.0582460463e-01
1.8207821250e-01
8.7899260223e-02
-8.9031204581e-02
-4.6526151896e-01
-1.0724542141e+00
-1.9023512602e+00
-2.2353308201e+00
-1.7114964724e+00
1.1811380386e+00
1.7463667393e+00
4.0396696329e-01
-8.0607199669e-01
-1.8921723366e+00
-1.0125678778e+00
-4.1261547804e-01
3.7502188236e-02
2.9031702876e-01
-9.9213659763e-02
-1.0230208635e+00
-2.6821951866e+00
3.1562042236e+00
1.9159834385e+00
5.4414272308e-01
-6.5055495501e-01
-2.1888494492e+00
-2.6846110821e+00
-3.6710059643e+00
-3.6229083538e+00
-3.0392491817e+00
-2.4735469818e+00
-4.2919888496e+00
-6.8916344643e+00
-6.5720381737e+00
-4.3949737549e+00
-2.6212155819e+00
-2.2696597576e+00
-6.8065685034e-01
-9.7934210300e-01
-1.2404036522e+00
1.3334388733e+00
7.7409404516e-01
-1.3336206675e+00
-1.0878498554e+00
-1.0084902495e-01
2.2398645878e+00
6.6199934483e-01
-4.5495748520e-02
-6.1658591032e-01
2.2658462524e+00
1.7962174416e+00
1.6238110065e+00
1.1455914974e+00
1.0616071522e-01
3.6813724041e-01
4.1055465117e-03
-3.0981567502e-01
3.3394989371e-01
-4.0715035051e-02
-3.1287169456e-01
7.4045050144e-01
-1.0827952623e+00
1.6099230051e+00
-1.5736112595e+00
-1.6696100235e+00
-5.2587646246e-01
-2.0556731224e+00
-1.8026909828e+00
-1.5417127609e+00
-1.5493052006e+00
-2.6583390236e+00
-1.4558516741e+00
-1.1778703928e+00
-2.8469612598e+00
-3.2160155773e+00
-2.2849822044e+00
-1.4896731377e+00
-1.5455672741e+00
-9.6706175804e-01
-1.1856774092e+00
-2.1107318401e+00
-2.7239682674e+00
-1.8724733591e-01
1.4599350691e+00
-2.0951845646e+00
-6.7991071939e-01
3.5386327654e-02
-9.1678899527e-01
-3.7164419889e-01
5.1400780678e-01
2.9305064678e+00
-6.1441290379e-01
-1.0766181946e+00
6.2134355307e-01
2.9994390011e+00
1.8180458546e+00
-3.1337308884e-01
-1.3360688686e+00
-4.9131356180e-02
3.6294806004e-01
3.1750020571e-03
-7.7077634633e-02
-4.4648262858e-01
-6.3639974594e-01
-1.4525996447e+00
6.3610047102e-01
2.3345816135e+00
-1.5223608911e-01
-2.9239034653e-01
-1.0308225155e+00
-1.3952490687e-01
1.1930830777e-01
1.6571440697e+00
1.0452769995e+00
1.1716592312e+00
9.2075556517e-01
1.1422144175e+00
1.3923841715e+00
7.8133082390e-01
-2.4884233475e+00
1.5775952339e+00
-1.1320821047e+00
1.8126201630e-01
9.3337988853e-01
5.5935823917e-01
1.5420852900e+00
1.1944313049e+00
6.4000016451e-01
6.0302816331e-02
-6.1590641737e-01
-5.7995599508e-01
-1.4964462519e+00
-9.2476522923e-01
2.0970864296e+00
1.3674385548e+00
9.9872088432e-01
-3.6204084754e-02
-9.0046554804e-01
-9.8313945532e-01
-1.6685446501e+00
-1.6796631813e+00
-4.4742617011e-01
-4.0366476774e-01
-8.5710364580e-01
-1.8372006416e+00
-2.2217578888e+00
-5.8027219772e-01
-2.0637303591e-01
-2.4822500348e-01
3.3089506626e-01
4.6165069938e-01
5.6873208284e-01
6.7082452774e-01
7.4962991476e-01
-8.7485069036e-01
2.2228389978e-01
5.9983760118e-01
2.4926807880e+00
1.5152972937e+00
2.1352036297e-01
-8.7431448698e-01
4.7237020731e-01
-8.7487715483e-01
-1.1574752331e+00
-4.3660339713e-01
9.2229032516e-01
7.3532313108e-01
1.1439259052e+00
-4.8273911476e+00
-8.2131576538e+00
-1.1105888367e+01
-9.9808454514e+00
-6.2390289307e+00
-1.7018120289e+00
-3.8209387660e-01
3.2993593216e+00
2.4829285145e+00
1.8317248821e+00
-7.5733405352e-01
1.4452788047e-02
-1.7181538343e+00
-1.7135158777e+00
8.5816568136e-01
5.5383098125e-01
-9.9351659417e-02
1.0033984482e-01
1.4183486998e-01
-5.8474606276e-01
-3.0636459589e-01
4.3378977776e+00
2.6028382778e+00
2.6388411522e+00
1.9045376778e+00
3.0742075443e+00
2.5508170128e+00
1.8213223219e+00
3.9576727152e-01
4.0492144227e-01
2.0628603175e-02
1.4750313759e-01
3.6490076780e-01
-1.8084217608e-01
-3.0176457763e-01
2.9600851536e+00
9.7509540617e-02
9.2696189880e-01
6.6976898909e-01
1.6918647289e-01
-2.1940140724e+00
-1.5139484406e+00
1.9515242577e+00
7.2665780783e-01
-4.3983333744e-03
2.5056117773e-01
2.1635834873e-01
-2.6960406303e+00
-3.3209469318e+00
-2.0338954926e+00
-6.8866886199e-02
2.1817268431e-01
-4.6161165833e-01
1.9086514711e+00
9.7699797153e-01
1.9545160532e+00
5.3101521730e-01
5.7280325890e-01
4.4222110510e-01
3.5419377685e-01
-9.7099179029e-01
-7.5347431004e-02
-2.8736791611e+00
1.6716349125e+00
3.4129433632e+00
1.8349200487e+00
8.6168980598e-01
2.0966601372e+00
8.0956202745e-01
2.8663425446e+00
1.3501422405e+00
1.2654969096e-01
8.7178260088e-01
-5.7906568050e-01
1.6451761127e-02
-1.3071286678e+00
-1.8249367476e+00
-9.8364120722e-01
-2.2630774975e+00
-7.5641095638e-01
-1.9304602146e+00
-8.3547908068e-01
1.6088099480e+00
1.6057013273e+00
4.1180840135e-01
4.4789424539e-01
-7.0862293243e-02
9.8918318748e-01
-1.2737476826e-01
-1.7898240685e-01
-5.1441542804e-02
1.6354478598e+00
1.3694099188e+00
1.5123864412e+00
9.0734624863e-01
3.6702078581e-01
1.8298186362e-01
-9.9787347019e-02
4.9783328176e-01
9.0516291559e-02
9.9219191074e-01
2.9128117561e+00
3.2090275288e+00
2.8754122257e+00
4.7275061607e+00
4.7358652949e-01
-7.4577935040e-02
7.9205375910e-01
-8.7038654089e-01
-2.4587414265e+00
-2.5915980339e+00
-1.1631125212e+00
4.8022454977e-01
-6.3953274488e-01
-3.3282191753e+00
-3.9431488514e+00
-2.7060053349e+00
-2.5211999416e+00
-2.5373806953e+00
6.4968615770e-01
8.7397658825e-01
5.1924884319e-01
-6.5337747335e-01
4.8912909627e-01
-6.3316762447e-01
-3.2741495967e-01
-1.1546818018e+00
-1.8382416666e-01
-5.7613319159e-01
1.2990347147e+00
2.0350837708e+00
2.9482183456e+00
2.9569435120e+00
3.6255285144e-01
-3.0142685771e-01
5.6787824631e-01
1.4167083800e-01
1.6822209358e+00
8.6560386419e-01
7.2143232822e-01
1.3986963034e-01
-5.8515798301e-02
5.2953892946e-01
1.3700510561e-01
7.8418236971e-01
3.6361479759e-01
-8.1021614373e-02
6.4961010218e-01
-9.0488207340e-01
1.1103423834e+00
-1.9600982666e+00
-9.6748834848e-01
-5.4555845261e-01
5.9398323298e-01
-8.1353211403e-01
-1.8841348588e-01
6.8745212629e-03
4.6878483891e-01
5.5949103832e-01
3.9727680385e-02
5.0927966833e-02
2.0820491314e+00
8.1407898664e-01
1.1841708422e+00
3.7449264526e-01
-6.1804568768e-01
-2.4215147495e+00
-1.9941169024e+00
3.6397366524e+00
3.2736463547e+00
2.5023465157e+00
3.1325771809e+00
2.3190798759e+00
3.6172657013e+00
3.8804295063e+00
-1.2438327074e+00
-1.2233312130e+00
-1.3905028105e+00
-3.2492581010e-01
1.2038400769e-01
2.6908516884e-01
8.4936285019e-01
1.8807492256e+00
1.6068005562e+00
7.9480797052e-01
7.8445601463e-01
-5.1132861525e-02
4.7467850149e-02
-2.0182049274e+00
-7.9019916058e-01
-1.4847238064e+00
-2.7670142055e-01
-1.3391727209e+00
-2.4214837551e+00
-1.2974572182e+00
-8.0357646942e-01
5.5907082558e-01
1.9717669487e-01
-7.2395515442e-01
-1.7907333374e+00
-2.4162616730e+00
-3.4007313251e+00
-3.2837522030e+00
-7.9125952721e-01
-1.0467003584e+00
-4.9409782887e-01
-1.6158454120e-02
4.9700796604e-01
-6.8371409178e-01
-1.2292759418e+00
-9.5874738693e-01
-1.9804601669e+00
-3.6538932323e+00
-2.7258391380e+00
-1.4918960333e+00
-4.7688379884e-01
2.4341148138e-01
1.3633196354e+00
-2.0296238363e-01
1.2853767872e+00
-2.6138365269e-01
2.0284554958e+00
3.6030226946e-01
1.1420592070e+00
2.0422475338e+00
1.7769082785e+00
2.0346074104e+00
3.5496222973e-01
2.2340154648e+00
8.5193628073e-01
1.0320109129e+00
5.1559937000e-01
-2.8023025990e+00
-1.1299349070e+00
-1.7931950092e+00
-2.6859858036e+00
-1.1883975267e+00
-2.5975912809e-01
1.8275773525e+00
1.5377597809e+00
9.5965427160e-01
7.2155314684e-01
5.4128074646e-01
-5.8101385832e-01
1.8220433593e-01
-2.9967136383e+00
-2.1128001213e+00
-2.3195126057e+00
-1.3963187933e+00
-6.1467641592e-01
2.8567972183e+00
3.9497239590e+00
-4.9703383446e+00
-1.0568591118e+01
-1.3044272423e+01
-1.3059017181e+01
-9.5698213577e+00
-4.9507255554e+00
-1.7960584164e+00
-1.8403753042e+00
-1.6294051409e+00
-8.8020646572e-01
-6.9396430254e-01
-6.5677988529e-01
-7.9874116182e-01
8.6172282696e-02
1.9295432568e+00
2.5599558353e+00
-2.9421466589e-01
1.2058342695e+00
-3.7454569340e-01
-6.6199499369e-01
-1.9310367107e+00
2.3557507992e+00
1.6912491322e+00
1.0428779125e+00
-7.4847126007e-01
3.1000072956e+00
2.4782493114e+00
1.9870805740e+00
-1.0168175697e+00
-7.3162454367e-01
-7.1235221624e-01
-1.0925004482e+00
-8.2562100887e-01
-1.3901338577e+00
2.2987836599e-01
-3.5909560323e-01
1.3912252188e+00
-4.7106884420e-02
1.1168941259e+00
1.5023875237e-01
9.4245493412e-01
-3.1880778074e-01
-9.2359170914e+00
-1.1573853493e+01
-1.1269438744e+01
-7.6845736504e+00
-3.7162196636e+00
-4.2152443528e-01
6.8969911337e-01
3.7812132835e+00
2.4087052345e+00
2.1922862530e+00
3.8541805744e-01
2.1998968124e+00
1.5966355801e+00
2.5706586838e+00
-5.9624445438e-01
-1.4645518064e+00
-8.5233896971e-01
-1.1181392670e+00
1.1212464571e+00
2.1218783855e+00
2.3519477844e+00
-2.7488818765e-01
1.7635117471e-01
-9.7970974445e-01
-9.0780454874e-01
7.5724631548e-01
5.5686403066e-02
5.4154209793e-02
-1.2282292843e+00
-1.5615141392e+00
-4.1764727235e-01
8.1630997360e-02
-2.2149250507e+00
-1.9479215145e+00
1.4333829880e+00
-1.0617704391e+00
-8.4375840425e-01
-7.7073442936e-01
-9.0153670311e-01
-7.7902072668e-01
-9.5669531822e-01
-8.1663531065e-01
-1.5042805672e+00
-9.9709534645e-01
1.5730770826e+00
-4.8426505923e-01
1.2663077116e+00
3.0385264754e-01
2.9608306885e+00
2.3880102634e+00
2.5564181805e-01
1.0012083054e+00
1.3912857771e+00
1.7838816643e+00
1.4711631536e+00
1.8217018843e+00
-2.0257458687e+00
-1.9531428814e+00
-2.9492180347e+00
-1.6196923256e+00
-1.6595619917e+00
-3.0703702569e-01
1.0484106541e+00
6.6440826654e-01
1.3323234320e+00
2.2245384753e-01
-1.2511562109e+00
-9.8598557711e-01
6.5357673168e-01
2.8361681104e-01
2.2049589157e+00
1.8346909285e+00
-5.6731647253e-01
-1.0532091856e+00
3.0812964439e+00
5.0274467468e+00
4.4820652008e+00
-5.0546288490e-01
-1.8653879166e+00
-6.6360956430e-01
-2.2409248352e+00
-2.2506322861e+00
9.8984772339e-03
1.3284300268e-01
-1.0469393730e+00
-1.3341408968e+00
-7.6251941919e-01
-9.9777257442e-01
-1.0929176807e+00
-9.2799013853e-01
-1.4017482996e+00
6.0423409939e-01
8.6659365892e-01
1.8299297094e+00
2.8432445526e+00
2.5764632225e+00
3.4563386440e+00
2.8724584579e+00
-9.4106948376e-01
-4.8181161284e-01
-8.0761200190e-01
-1.9506529570e+00
-1.7723232508e+00
-7.3565441370e-01
5.5057007819e-02
3.5394241810e+00
-1.9220033884e+00
1.6542111635e+00
-2.3499791622e+00
-4.0703511238e+00
6.4445596933e-01
-2.4851357937e+00
7.5826352835e-01
-1.6445414722e-01
7.3435151577e-01
1.4359198809e+00
1.3925651312e+00
1.1165373325e+00
-2.2655213252e-02
-7.0076569915e-02
7.8991603851e-01
3.8073447347e-01
-8.1893944740e-01
-2.0254454613e+00
-1.4544414282e+00
-1.1930112839e+00
-5.8770674467e-01
-2.9139199853e-01
-1.8549054861e-01
-3.5938200355e-01
-4.3470433354e-01
1.5286138058e+00
2.5036056042e+00
9.5856416225e-01
1.9794303179e-01
1.9651669264e-01
-3.3508726954e-01
-8.0184954405e-01
-9.3235689402e-01
-9.3559664488e-01
-3.7329214811e-01
-3.1712708473e+00
-2.6573710442e+00
-3.0718648434e+00
-2.0556330681e+00
1.2712504864e+00
2.0646817684e+00
9.8678207397e-01
2.3809781075e+00
2.3948583603e+00
3.4076387882e+00
1.5520932674e+00
1.0456002951e+00
1.1260858774e+00
8.9833813906e-01
3.3913511038e-01
2.7448925376e-01
8.4902685881e-01
4.5237469673e-01
8.3245593309e-01
4.6926838160e-01
-1.6484885216e+00
-8.0703032017e-01
-2.9579320550e-01
9.2880107462e-02
7.0501375198e-01
-9.2170071602e-01
3.9408597350e-01
7.2776937485e-01
-1.8106354401e-02
3.5774838924e-01
1.0019408464e+00
8.8019490242e-01
7.0335161686e-01
1.1154707521e-01
-1.3757166862e+00
1.5715023279e+00
8.3724135160e-01
-8.5367834568e-01
-7.1794688702e-01
-5.4407966137e-01
-7.6140046120e-01
-1.7471545935e-01
-3.0880975723e-01
-3.8058155775e-01
-2.0137326419e-01
-1.6261847019e+00
-1.4398943186e+00
-3.9977833629e-01
-2.1805880070e+00
-3.9369681478e-01
1.1703176498e+00
1.9289869070e+00
4.0179872513e+00
2.4957323074e+00
1.1448168755e+00
-2.9469041824e+00
-4.6168747544e-01
3.3968111873e-01
6.4643245935e-01
5.9011960030e-01
8.1579066813e-02
1.2590345740e-01
-1.3481609523e-01
-2.5127959251e-01
-2.2671020031e+00
-6.1355239153e-01
4.8086309433e+00
2.7932991982e+00
5.0489406586e+00
6.3061732054e-01
-1.1186130047e+00
1.5521906614e+00
3.3354622126e-01
-8.9533650875e-01
-7.0199251175e-01
8.5407006741e-01
4.1670811176e-01
7.1978431940e-01
1.7409853935e+00
1.5232995749e+00
3.2617952824e+00
3.7016623020e+00
5.1488881111e+00
4.4682452083e-01
8.1541544199e-01
8.8034474850e-01
-4.7762259841e-01
-1.1025182009e+00
-4.3178230524e-01
3.9875987172e-01
1.6416854858e+00
3.5583665967e-01
-1.5022785664e+00
-1.5150083303e+00
4.2812746763e-01
2.0277626514e+00
7.2022908926e-01
7.3182642460e-02
7.6398409903e-02
1.5018531084e+00
1.9259923697e-01
-5.4615986347e-01
-1.6784945130e-01
-5.8022361994e-01
-2.1447596550e+00
-1.5512154102e+00
-2.2580270767e+00
-9.7344022989e-01
-9.7395598888e-01
-6.9308036566e-01
-2.2819402814e-01
-1.8132963181e+00
-1.7039352655e+00
-2.5933942795e+00
-2.4159817696e+00
-3.1210892200e+00
-1.8557831049e+00
-3.0734808445e+00
2.3250057697e+00
7.9330736399e-01
1.1678475887e-01
2.2399574518e-01
1.3414456844e+00
3.4835548401e+00
5.0503010750e+00
-8.6070097983e-02
1.3746434450e-01
7.4211055040e-01
9.7853702307e-01
1.8491976261e+00
1.7588276863e+00
4.8723885417e-01
2.3930675983e+00
3.3259027004e+00
1.8394683599e+00
2.3546135426e+00
1.8247109652e+00
6.5575349331e-01
5.9686201811e-01
-1.5853201151e+00
-1.4626038074e+00
8.0817878246e-02
-7.3803561926e-01
5.0004267693e-01
8.5025846958e-01
-1.3114262819e+00
2.2604761124e+00
5.8292806149e-01
7.3580764234e-02
9.4195908308e-01
2.6712986827e-01
1.0247352123e+00
8.7441667914e-02
4.1253812611e-02
-2.5958442688e-01
1.5353837609e-01
1.9992561638e-01
1.0092682838e+00
-1.5457721055e-01
3.2687205076e-01
4.1229372025e+00
3.2160630226e+00
-9.6677705646e-02
-5.8427453041e-01
-4.0624624491e-01
1.7495253086e+00
3.2329943180e+00
2.4431052208e+00
3.1964793205e+00
2.8666622639e+00
2.9405057430e+00
5.0485128164e-01
-6.2461322546e-01
-3.8030859828e-01
-4.0614709854e+00
-2.2512707710e+00
-1.2527003288e+00
-1.8444772959e+00
-1.5872771740e+00
-8.2749366760e-01
-1.1261303723e-01
-6.8299126625e-01
1.2537869215e+00
9.6841365099e-01
1.1075909138e+00
4.9815544486e-01
7.9300642014e-01
2.4143500328e+00
6.6120900214e-02
4.5398628712e-01
-9.4091504812e-02
-1.7294578254e-01
-4.0222737193e-01
-7.0219773054e-01
-1.0308161974e+00
4.5654509217e-02
-2.8845366836e-01
-5.5567562580e-01
-1.5014772117e-01
-5.4359161854e-01
3.8676968217e-01
-9.0606212616e-01
4.9750596285e-01
-7.0502769947e-01
-1.2206830978e+00
-1.8906385899e+00
-1.8919569254e+00
-1.5238784552e+00
-1.7474169731e+00
1.0312013626e+00
1.0493735075e+00
1.0973097086e+00
5.9627634287e-01
-1.5378711224e+00
-5.6286114454e-01
5.4004883766e-01
9.6166092157e-01
3.0548968315e+00
1.8511309624e+00
2.0625615120e+00
-4.2741924524e-01
-9.4280219078e-01
-4.6066355705e-01
1.6345270872e+00
1.8521528244e+00
1.6808515787e+00
2.0709743500e+00
1.4922277927e+00
1.3939307928e+00
2.6580214500e-01
1.4291188717e+00
6.2658250332e-01
1.1122457981e+00
2.1657569706e-01
1.0310571194e+00
1.2181311846e+00
2.0070421696e+00
8.8914650679e-01
1.4507324696e+00
-5.0639472902e-02
-1.5778372288e+00
-1.6451483965e+00
-2.5980620384e+00
-1.5195503235e+00
1.6105861664e+00
8.3645462990e-02
-5.1514368504e-02
6.2273126841e-01
-9.8930782080e-01
-2.8067280073e-03
3.0289086699e-01
1.1707454920e+00
-6.2414008379e-01
-6.4595556259e-01
-1.2013742328e-01
3.7028652430e-01
2.0739924908e+00
1.1889687777e+00
5.8557498455e-01
-4.1543331742e-01
-2.6645413041e-01
-4.8422756791e-01
1.9819961488e-01
-3.5175472498e-01
1.9085748196e+00
1.6102608442e+00
1.3009155989e+00
1.1808347702e+00
1.4726531506e+00
1.3971105814e+00
1.1767688990e+00
1.5130516291e+00
-2.6586167812e+00
-2.3754720688e+00
-1.8395255804e+00
-2.0877802372e+00
-1.9566438198e+00
-1.5740606785e+00
-2.0815272331e+00
4.9174901098e-02
2.8661090136e-01
4.1872504354e-01
8.2311189175e-01
-2.0001778603e+00
2.2239223123e-01
-3.3129024506e-01
-1.4974617958e+00
-2.1243867278e-01
3.4686672688e-01
1.6389471292e+00
2.2515432835e+00
2.0696620941e+00
3.3616039753e+00
3.7378042936e-01
2.3023901880e-01
6.3255685568e-01
7.2621189058e-02
-7.1039766073e-02
-6.4019429684e-01
-1.2853156030e-01
-3.8732822984e-02
4.2019036412e-01
9.2731662095e-02
1.5758093596e+00
-7.4471719563e-02
-9.2213499546e-01
-1.2851710320e+00
8.9205682278e-01
3.0077984929e-01
4.4949302077e-01
1.8533477187e-01
5.9402626753e-01
6.4491182566e-01
8.5011881590e-01
1.9876520336e-01
1.2034844160e+00
9.5226687193e-01
1.0371615887e+00
3.9833000302e-01
6.5551757812e-01
4.1577130556e-01
1.7215683460e+00
5.6328839064e-01
1.0177853703e-01
3.8668110967e-02
9.9236071110e-01
1.1358476877e+00
2.7481472492e+00
-9.9935978651e-01
-5.5797803402e-01
-1.3808288574e+00
-1.0042184591e+00
1.9488682970e-02
2.1444675922e+00
3.2690467834e+00
2.8871028423e+00
1.4440928698e+00
3.3059352636e-01
-1.7829276323e+00
9.0083293617e-03
1.8543195724e+00
1.9951463938e+00
-1.1335093975e+00
-1.1661908627e+00
-1.0203243494e+00
-9.4731980562e-01
-1.3980519772e+00
-1.2261813879e+00
-1.5862902403e+00
-9.0345956385e-02
2.8324040771e-01
-1.4159822464e-01
-1.7851338387e+00
-5.1771551371e-01
-5.0398147106e-01
-2.4816088676e+00
-2.9706447124e+00
-4.8975472450e+00
-3.4559197426e+00
-3.8837714195e+00
-3.6159198284e+00
-3.5496671200e+00
-3.6972782612e+00
1.0638684034e+00
-3.8184610009e-01
-1.8994081020e-01
-2.8401402757e-02
-3.7742879987e-01
3.1126866341e+00
1.1383471489e+00
-4.7054350376e-01
-3.9479288459e-01
-3.4238168597e-01
-2.2151614726e-01
1.3068498671e-01
1.2478667498e+00
1.4971369505e+00
1.2356641293e+00
-1.4376481771e+00
-2.3874194622e+00
-1.0175993443e+00
1.5886386633e+00
1.1034858227e+00
4.7311401367e-01
3.1739728451e+00
1.3693991899e+00
7.1463733912e-01
8.0117803812e-01
1.3739135265e+00
1.2207489014e+00
1.2456880808e+00
5.6743558496e-02
-9.1682039201e-02
-3.0068162084e-01
2.6490127668e-02
-2.4471493065e-01
-4.3959176540e-01
-4.8062515259e-01
-2.2719044685e+00
-1.0223282576e+00
5.7804413140e-02
7.6523029804e-01
2.2007870674e+00
2.2213785648e+00
1.2237918377e+00
6.9038116932e-01
4.9374306202e-01
1.1651434898e+00
2.4545049667e+00
3.9817807674e+00
4.7476177216e+00
3.9931756258e-01
7.5005519390e-01
1.9334663153e+00
2.1188025475e+00
4.0183246136e-01
2.0303196907e+00
2.5480573177e+00
3.4093898535e-01
8.8849842548e-01
2.7419009209e+00
2.9470908642e+00
2.3491985798e+00
5.7550680637e-01
1.2494179606e-01
-5.4356640577e-01
-5.0788073540e+00
-4.5899467468e+00
-4.1030144691e+00
-3.8006570339e+00
-3.4689202309e+00
-4.1905050278e+00
-4.3050212860e+00
-2.2473127842e+00
-2.8524742126e+00
-1.7861971855e+00
3.6639863253e-01
6.0315442085e-01
1.9542049170e+00
7.7236688137e-01
-3.1195288897e-01
-5.8373546600e-01
9.6868443489e-01
4.5909106731e-01
3.5578027368e-02
7.1257638931e-01
8.5799419880e-01
-7.4301660061e-01
-9.0142178535e-01
-1.3755913973e+00
-1.3130650520e+00
-1.2648026943e+00
-7.5767427683e-01
-5.4361116886e-01
2.2398911417e-01
-2.2374258935e-01
-2.8485834599e-01
-7.5694298744e-01
-4.2513939738e-01
-2.9279470444e-01
-1.4663744951e-03
-3.9438998699e-01
-3.6623767018e-01
-1.5173792839e-01
-5.9833064675e-02
-4.5557701960e-03
-1.0513688624e-01
-3.7245728076e-02
-4.6136784554e+00
-2.1818530560e+00
-5.6589694023e+00
-7.4956159592e+00
-6.5280127525e+00
-6.1382412910e-02
-6.1313775368e-03
-7.1790826321e-01
-6.0117036104e-01
-2.3184791207e-01
-7.2848297656e-02
-1.7518940568e-01
-2.9335463047e-01
-1.0650821030e-01
-2.3342335224e+00
-2.8227956295e+00
-2.3751337826e-01
-3.3887264729e+00
-2.3459918499e+00
-1.9815028906e+00
-6.3914340734e-01
-2.6756742001e+00
-5.7631540298e+00
-1.2607095718e+01
-9.4325780869e+00
-3.4756455421e+00
-5.2197141647e+00
-5.3430867195e+00
-5.7873935699e+00
-1.1308652878e+01
-5.7832779884e+00
-2.3656783104e+00
6.0569596291e-01
1.9360255003e+00
2.0259034634e+00
-1.0911034584e+01
-8.9081411362e+00
-1.1040529013e+00
6.1412405968e-01
1.0666034222e+00
4.3105068803e-01
-1.3718652725e-01
8.1917452812e-01
1.0463012457e+00
1.5516640246e-01
1.3300303221e+00
-1.2529804707e+00
6.7771041393e-01
-4.6036581993e+00
-5.4509611130e+00
-8.8491970301e-01
1.1841075420e+00
-2.7429315448e-01
-3.4224963188e-01
-1.0317657888e-01
-6.3356059790e-01
1.2148607969e+00
5.1833552122e-01
-3.4367531538e-01
6.2593954802e-01
8.8837653399e-01
8.7277585268e-01
1.2155003548e+00
-3.3026940823e+00
-1.9182270765e+00
-5.2230006456e-01
2.7710822225e-01
8.0597126484e-01
3.1536027789e-01
3.5039268434e-02
2.4162049294e+00
-7.7031350136e-01
7.5951588154e-01
7.4089276791e-01
6.4245039225e-01
-1.9331712723e+00
-3.3459143639e+00
-9.3669933081e-01
-3.0000703335e+00
-6.2822836637e-01
-1.1386445761e+00
1.0347722769e+00
1.6922358274e+00
1.8165500164e+00
-1.1917561293e+00
-1.0732074976e+00
-4.4180994034e+00
-6.3265519142e+00
-3.3009076118e+00
-9.4363307953e-01
5.1847547293e-02
9.1467517614e-01
8.5223615170e-01
5.0760746002e-01
1.8874236941e-01
2.7943789959e-01
1.3563588262e-01
6.3963800669e-02
1.3027033806e+00
1.3554757833e-01
8.6617869139e-01
2.2555544376e+00
5.7687199116e-01
-4.8119106889e-01
-3.5374179482e-02
-3.8484546542e-01
1.2235078961e-01
3.8428166509e-01
4.1370400786e-01
3.4563902020e-01
1.3196285069e-01
1.0255119205e-01
-4.5219993591e+00
-4.7110958099e+00
-2.1169984341e+00
-3.0860003829e-01
9.2333149910e-01
2.9980585575e+00
1.0035226345e+00
3.9528194070e-01
1.2227299213e+00
2.8220474720e-01
-2.2141918540e-01
-2.6735081673e+00
-3.5690696239e+00
-3.7628993988e+00
-1.2242065668e+00
6.5286707878e-01
7.3042549193e-02
2.5572806597e-01
1.2840497494e+00
1.1667685509e+00
3.4357163310e-01
2.7609336376e-01
1.2694483995e-01
-5.5508732796e-01
-1.0158230066e+00
-4.4843177795e+00
-6.7764730453e+00
-8.7284002304e+00
-9.9822908640e-02
1.0468329191e+00
4.7355318069e-01
-9.6297276020e-01
8.9950270951e-02
-1.4582127333e-01
-2.1345920563e+00
-3.2469004393e-01
3.5600990057e-01
1.7215483189e+00
-3.8440006971e-01
-4.8566784710e-02
-2.7178779244e-01
-2.0457851887e-01
-2.3518662453e+00
1.8674244881e+00
1.1436951160e+00
1.7838292122e+00
7.3668503761e-01
2.1029698849e-01
4.2387115955e-01
6.7328447104e-01
1.6503403187e+00
-9.1127020121e-01
7.1551096439e-01
-2.2085547447e-02
2.2183452547e-01
-1.1118097305e+00
-2.3717772961e-01
-2.1833205596e-02
3.2839879394e-02
-1.2636614032e-02
2.7530254796e-02
1.6112080216e-01
1.7559979856e-01
-1.8318846226e+00
-1.0592069626e+00
-1.1241559982e+00
-1.2672353983e+00
-6.8567228317e-01
-3.7106665969e-01
-8.0613070726e-01
-4.3246996403e-01
-3.2325601578e+00
-1.0789824724e+00
-1.6851087809e+00
-1.5767833591e-01
-2.1847393513e+00
-1.2476189137e+00
-1.9574788809e+00
1.7924447358e-01
8.2070869207e-01
1.0575958341e-01
5.5576401949e-01
1.0927228928e+00
2.1431331336e-01
-8.7943134308e+00
-7.6397485733e+00
-7.4723100662e-01
6.4419806004e-01
8.7649613619e-01
2.2834266722e-01
-3.9673980325e-02
1.5962122008e-02
-5.9738081694e-01
-4.5459425449e-01
1.1576598138e-01
4.6843692660e-01
1.0178029537e-01
1.6635476053e-01
-1.4362914562e+00
1.3896212578e+00
9.2012357712e-01
1.8110694885e+00
4.5183658600e+00
2.4656360149e+00
2.6422057152e+00
-8.1587940454e-01
-8.9837914705e-01
-7.0067381859e-01
-4.7175902128e-01
-5.5887204409e-01
-3.0700852871e+00
-3.2499296665e+00
9.4274693727e-01
3.0673566461e-01
1.3154007196e+00
1.0902340412e+00
7.8150528669e-01
1.9084809348e-02
8.9148598909e-01
-1.7007210255e+00
9.1379746795e-02
-1.5573620796e+00
-5.4520416260e+00
-2.5315217972e+00
-7.6566429138e+00
-3.1841351986e+00
9.3853533268e-01
8.2490015030e-01
6.0995507240e-01
5.3499692678e-01
-8.8199746609e-01
-3.4086966515e+00
-6.9966540337e+00
-9.1228485107e-02
-3.1119653583e-01
6.4636215568e-02
-1.8548466265e-02
-5.3836777806e-02
-1.7113132402e-02
-1.0701496154e-01
1.3590716124e+00
1.4538694620e+00
1.5579297543e+00
1.3843508959e+00
9.6753746271e-01
1.6054925919e+00
1.4691309929e+00
-1.5043935776e+00
-2.1848714352e+00
-3.3401587009e+00
-1.3492895365e+00
9.3823671341e-01
7.8932660818e-01
5.1239699125e-01
1.9848266840e+00
-6.1681389809e-01
-7.8940081596e-01
-5.1318947226e-03
-3.2498824596e-01
-3.9841017723e+00
-1.8062257767e+00
-9.8588639498e-01
-7.8767144680e-01
-8.3041220903e-01
-7.9569357634e-01
-8.3596539497e-01
-1.4142352343e+00
-1.7189198732e+00
-2.0313994884e+00
-2.8953065872e+00
-2.0594993234e-01
-1.5966845751e+00
-4.9333220720e-01
4.5692786574e-01
2.6720339060e-01
-1.3863654435e-01
-2.0333926380e-01
-1.8169651926e-01
-9.9319316447e-02
-9.2405728996e-02
7.0149995387e-02
1.0557868332e-01
6.4343070984e-01
5.3450900316e-01
5.5751718581e-02
-2.0783436298e+00
-1.6393374205e+00
-2.0670444965e+00
-2.6717224121e+00
2.4329690635e-01
4.1997802258e-01
2.2472782433e-01
3.5236662626e-01
1.6226994991e-01
-2.1242570877e+00
-9.2170333862e+00
9.4523483515e-01
6.0122048855e-01
-1.0355193615e+00
-4.2215320468e-01
9.6060834825e-02
-9.0988934040e-01
-5.8770222664e+00
-1.4235985279e+00
-2.9919677973e-01
1.5951030254e+00
1.0520353317e+00
1.1268302798e-01
-7.7677935362e-01
4.9910858274e-01
5.2358341217e-01
1.1210405827e+00
2.7729511261e-01
7.3785519600e-01
7.7238422632e-01
9.3575578928e-01
3.7271273136e-01
-3.4020328522e-01
1.3223799467e+00
3.1273248792e-01
3.3949556351e+00
-1.5614547729e+00
3.8458578587e+00
-3.9532325268e+00
-3.4768416882e+00
-3.0764513016e+00
-1.8813391924e+00
-2.8972651958e+00
-1.3582512140e+00
-2.6952204704e+00
-3.9192271233e-01
1.1364289522e+00
-8.7508255243e-01
-5.4188646376e-02
-2.6242297888e-01
4.8099949956e-01
-1.8454796076e+00
-2.0556704998e+00
4.3529719114e-02
2.2664363682e-01
5.3817474842e-01
2.5299224257e-01
-3.7041944265e-01
-7.9888911247e+00
-1.1126320839e+01
9.2032462358e-01
4.2321090698e+00
2.3176391125e+00
-8.6827582121e-01
-1.7801597118e+00
-3.2783238888e+00
-5.0492787361e+00
7.3843753338e-01
9.6703493595e-01
1.0693045855e+00
3.5889980197e-01
9.0168797970e-01
2.0621460676e-01
-9.8415774107e-01
-1.1450880766e+00
-7.7560430765e-01
-7.4091184139e-01
-8.2523846626e-01
-8.3497697115e-01
-1.0630916357e+00
-1.5022103786e+00
4.3709313869e-01
-1.0453070402e+00
-7.7497881651e-01
-2.7123961449e+00
-3.5041887760e+00
-4.4829878807e+00
-3.2791869640e+00
1.0312752724e+00
1.2389458418e+00
1.4520924091e+00
1.6314493418e+00
1.0935686827e+00
1.8381068707e+00
1.7930520773e+00
-4.8135960102e-01
4.7461729050e+00
-6.5690875053e-01
4.5710176229e-01
1.1905114353e-01
-7.9960662127e-01
1.5876011848e+00
-6.3099532127e+00
-8.2224054337e+00
-7.5911383629e+00
-7.6624445915e+00
-2.7889006138e+00
8.2830756903e-01
7.7012634277e-01
-1.2470060587e+00
-1.1823817492e+00
-1.1779934168e+00
-1.3225947618e+00
-1.3998005390e+00
-1.6180393696e+00
-1.8367753029e+00
2.4664330482e-01
-1.8168148398e-01
5.9888247401e-02
3.4466016293e-01
4.2904481292e-01
-3.3323538303e+00
-4.7350831032e+00
-5.3544569016e-01
-4.5068642497e-01
-3.3740198612e-01
-1.2339250743e-01
9.2716053128e-02
-5.3108315915e-02
1.7492705956e-02
-3.7632575631e-01
-1.8631342053e-01
-3.6969250441e-01
3.6682575941e-01
2.1153794229e-01
9.0832874179e-02
7.0323777199e-01
2.9542577267e+00
1.7590891123e+00
1.1959202290e+00
1.2844492197e+00
7.5175142288e-01
1.3563668728e+00
8.4491735697e-01
-9.0671272278e+00
-8.4493417740e+00
-5.9865183830e+00
-4.1319146156e+00
-1.0630564392e-01
1.8445981741e+00
2.2006933689e+00
1.5629349947e+00
1.7930777073e+00
1.8163414001e+00
1.7393592596e+00
1.9453804493e+00
1.4969327450e+00
3.5892608762e-01
-8.9164552689e+00
-7.6430144310e+00
-5.0624914169e+00
-3.1279344559e+00
-1.5580583811e+00
-6.0239136219e-01
1.7153799534e-01
-2.3690788746e+00
-1.1675615311e+00
1.9213348627e+00
1.9298108816e+00
1.3742172718e+00
2.2767987251e+00
2.6920545101e+00
-1.2604553998e-01
5.3006641567e-02
2.2232921422e-01
3.3994066715e-01
1.8321841955e-01
2.5676885247e-01
9.2860184610e-02
-4.5677664876e-01
-4.4163817167e-01
-1.7263271809e+00
2.8249043226e-01
-1.0265111923e+00
5.4269737005e-01
-7.8904527426e-01
1.3579176664e+00
1.2126624584e+00
-2.8094169497e-01
6.9845020771e-01
-9.3019753695e-01
-2.2067627907e+00
-2.4962177277e+00
1.9872459173e+00
1.5343048573e+00
1.8388537169e+00
1.1777243614e+00
1.6220438480e+00
1.7697837949e-01
-4.1506685317e-02
-8.4447063506e-02
-2.4700421095e-01
-6.8176817894e-01
1.8065838814e+00
1.2658761740e+00
2.8115746975e+00
1.5181549788e+00
-5.6361073256e-01
-3.5443705320e-01
-1.5954631567e+00
-2.4157400131e+00
-1.6031477451e+00
-2.0082073212e+00
-1.3670481443e+00
-3.2357387543e+00
-3.7158737183e+00
-3.2680327892e+00
-4.9173913002e+00
-4.7084660530e+00
-2.4930012226e+00
-1.9151299000e+00
-4.0555578470e-01
-9.4585675001e-01
-9.0376234055e-01
-9.4110131264e-01
-2.2079432011e+00
2.8184720874e-01
3.4142274410e-02
-1.4702148438e+00
-1.2743991613e+00
-1.0539510250e+00
1.3334806263e-01
-1.2365881354e-02
1.2859176099e-01
2.0096947253e-01
-1.9647717476e+00
-1.5535665751e+00
-2.4388237000e+00
-2.1128754616e+00
-2.9387440681e+00
-2.9418125153e+00
-3.2089042664e+00
-2.8909450769e-01
-8.9745217562e-01
-1.1500282288e+00
-1.3216089010e+00
-1.5081064701e+00
-1.5320384502e+00
-1.4447821379e+00
2.3456609249e+00
-2.7602422237e-01
1.4462356567e+00
-2.4308906496e-01
-6.0065573454e-01
-1.8769558668e+00
-2.0043761730e+00
-4.7412638664e+00
-3.3285341263e+00
-5.4731917381e+00
-6.5719642639e+00
-3.1188492775e+00
-2.5650238991e+00
-2.1872042120e-01
-5.4484945536e-01
-4.0290305018e-01
-8.9224696159e-02
-1.0569336414e+00
-4.5473685861e-01
-9.8783439398e-01
1.4268046618e-01
1.8704776466e-01
5.6441575289e-01
4.3683925271e-01
-6.4647167921e-02
1.4145982265e+00
2.3466165066e+00
2.6984286308e+00
7.9019182920e-01
1.9922178984e-01
6.0156220198e-01
2.0617425442e-02
3.5670652986e-02
-4.9686110020e-01
-4.8215866089e-02
1.4583206177e+00
8.3970594406e-01
9.2008775473e-01
5.8803045750e-01
8.2909405231e-01
6.9663619995e-01
7.3213654757e-01
1.6467516422e+00
6.6359138489e-01
1.2559779882e+00
-1.2537890673e+00
9.0431714058e-01
8.9657306671e-01
1.3880814314e+00
-4.2524269223e-01
-1.4715961218e+00
-1.4959914684e+00
-1.6994607449e+00
2.3031282425e+00
6.9937920570e-01
5.6058466434e-01
1.3183543682e+00
9.1689276695e-01
1.4084972143e+00
1.0275317430e+00
4.6051261015e-03
-1.0392771959e+00
-2.2110188007e+00
4.3382054567e-01
2.0259745419e-01
2.9638323188e-01
-1.3369698822e-01
8.6369276047e-01
2.6876068115e-01
7.6559263468e-01
3.8996329904e-01
3.3372208476e-01
1.8316833675e-01
-1.1278074235e-01
1.4466840029e-01
2.6365554333e-01
-3.6689784378e-02
-3.2643518448e+00
-2.1003549099e+00
-1.5345902443e+00
-7.3478609324e-02
6.7626565695e-01
6.0310906172e-01
-3.9905095100e-01
-2.4074316025e+00
-1.3503412008e+00
-6.7037642002e-01
-1.2693197727e+00
-1.4684643745e+00
7.0851719379e-01
1.7619227171e+00
-5.0021088123e-01
-6.2553584576e-01
5.3495651484e-01
-6.6153198481e-01
-5.8418494463e-01
-1.1074465513e+00
-1.7651971579e+00
3.6379262805e-01
3.0918281525e-02
4.2630958557e-01
-2.0127147436e-01
-5.7539720088e-02
-2.7694523335e-01
-3.2650589943e-02
-1.6562432051e+00
-4.0079064369e+00
-1.6553770304e+00
-3.1138548851e+00
-1.6566020250e+00
-7.1206456423e-01
-1.0536104441e+00
-4.6116608381e-01
-6.3690733910e-01
-6.2911331654e-01
-8.5215300322e-01
-2.5441724062e-01
-7.8297197819e-01
-1.4372140169e-01
8.6475080252e-01
1.1679729223e+00
7.8056681156e-01
9.1546855867e-02
6.3225936890e-01
-4.1620719433e-01
-7.4555689096e-01
-1.6086633503e-01
2.7179470658e-01
1.8578333855e+00
-1.9300433993e-01
-1.4436593056e+00
2.8500303626e-01
-2.3694469035e-01
7.6029825211e-01
1.7115687132e+00
1.2783725262e+00
1.0222388506e+00
2.0333926678e+00
1.0736910105e+00
4.2782753706e-01
-1.0764044523e+00
-3.0739641190e-01
-5.1637589931e-01
-6.8988680840e-01
-7.9800766706e-01
1.8948274851e-01
2.6784893870e-01
-2.1351783276e+00
-3.3862464428e+00
-4.5244517326e+00
-2.6963794231e+00
-8.0244714022e-01
1.3408967257e+00
1.6173416376e+00
7.7842330933e-01
-6.6895820200e-02
2.2785237432e-01
1.5967923682e-03
-4.3066628277e-02
1.1318966746e-02
-4.5274156332e-01
-1.0441396236e+00
-5.9771782160e-01
-4.3958458304e-01
-2.4334198236e-01
1.4480754733e-01
2.7022737265e-01
5.9824025631e-01
2.1192989349e+00
1.1117808819e+00
1.1505935192e+00
-6.5627738833e-02
3.6894914508e-01
1.4439135790e+00
1.5022268295e+00
-1.2657889128e+00
-1.0067857504e+00
-8.6769288778e-01
-6.9727450609e-01
-6.6213333607e-01
-5.7720345259e-01
-4.8623666167e-01
2.8789691925e+00
2.3727693558e+00
2.0947778225e+00
1.0541298389e+00
1.8486864567e+00
1.4813388586e+00
1.1274328232e+00
-5.7587690353e+00
-4.1038608551e+00
-3.7574594021e+00
-2.8662757874e+00
-6.1016559601e-01
6.6274589300e-01
7.3845922947e-01
3.0211415887e-01
-2.9202589393e-01
1.3018518686e-01
-8.9208865166e-01
4.5464986563e-01
-5.7822930813e-01
-4.9668103456e-01
-1.6395677626e-01
-6.7341136932e-01
3.9921471477e-01
-1.0742912292e+00
-7.8035151958e-01
-6.8325245380e-01
2.1515154839e-01
-1.0165213346e+00
-9.8514944315e-01
-1.7213437557e+00
-1.0569475889e+00
-5.6793695688e-01
1.7126269639e-01
2.1184931695e-01
1.6345664263e+00
1.7330660820e+00
7.9462331533e-01
2.2402482033e+00
-7.0752650499e-01
-1.6992632151e+00
-7.6290023327e-01
2.3261425495e+00
1.6159183979e+00
1.1395742893e+00
9.1752791405e-01
9.2694014311e-01
8.4844744205e-01
6.8285572529e-01
2.0270426273e+00
1.1704449654e+00
2.5842742920e+00
1.3151785135e+00
1.8488246202e+00
5.7856118679e-01
1.4310321808e+00
-2.9429273605e+00
-1.9791228771e+00
-1.1431922913e+00
-1.2274361849e+00
3.8558501005e-01
-4.9177512527e-02
8.1623125076e-01
1.4261392355e+00
7.5873428583e-01
2.2913753986e-01
1.9918434322e-01
-7.0644694567e-01
-8.3665215969e-01
-1.1044670343e+00
-4.4277524948e-01
-1.7557732761e-01
-6.8010848761e-01
-1.1146779060e+00
-6.7749452591e-01
9.2383906245e-02
3.3132016659e-01
3.2394914627e+00
1.4231246710e+00
2.2823646069e+00
1.9025827646e+00
5.9860295057e-01
1.6933547258e+00
2.7304003239e+00
3.5320767760e-01
5.9059429169e-01
1.2037621737e+00
-2.1266720295e+00
6.6935533285e-01
1.7111292109e-02
2.1060512066e+00
-8.8042789698e-01
-1.0001395941e+00
-9.0584319830e-01
-8.9930754900e-01
-8.6792564392e-01
-5.4307043552e-01
-8.7973254919e-01
1.1418758631e+00
7.7039694786e-01
6.5247607231e-01
6.1992686987e-01
1.3249988556e+00
2.1589553356e+00
9.1952151060e-01
4.3515729904e-01
1.1994756460e+00
1.0953476429e+00
8.3920902014e-01
6.5726625919e-01
1.0308434963e+00
6.7431110144e-01
-5.4589599371e-01
-2.3060283661e+00
-3.6759920120e+00
-2.1635341644e+00
-4.4745955467e+00
-1.1218020916e+00
-1.8002740145e+00
-2.9216557741e-01
3.7749344110e-01
9.6378821135e-01
8.9586424828e-01
7.3486679792e-01
-1.2002726644e-01
6.1005640030e-01
2.8795707226e+00
1.8385324478e+00
7.4218291044e-01
1.6319148242e-01
-1.1073582172e+00
-3.2010123134e-01
-5.0795859098e-01
9.8194605112e-01
1.3736493587e+00
1.3406636715e+00
4.7300162911e-01
-1.0552636534e-01
-1.9475194812e-01
2.2701686248e-03
-1.8996297836e+01
-1.7586971283e+01
-1.4096933365e+01
-9.7993192673e+00
-5.7696313858e+00
-3.9994218349e+00
-1.6320369244e+00
-3.6571626663e+00
-9.7911828756e-01
-8.8976705074e-01
-1.3249278069e-01
2.0685696602e-01
1.8289940357e+00
2.0545918941e+00
1.0143086910e+00
1.1833703518e+00
2.1535093784e+00
1.5841964483e+00
8.5569673777e-01
4.3094617128e-01
5.2880609035e-01
3.7729345262e-02
-1.0801124573e-01
2.7445414662e-01
2.2577416897e-01
1.5164694190e-01
1.7231324315e-01
-1.5994319692e-02
-1.3648258448e+00
-5.8702749014e-01
2.2415432930e+00
4.4614291191e-01
-1.2134615332e-01
7.9178132117e-02
-2.4991203099e-02
-2.7318796515e-01
1.0015273094e-01
3.1300872564e-01
9.4191014767e-02
-2.7556860819e-02
-1.6050609946e-01
-8.2351237535e-02
9.6153450012e-01
1.9567784071e+00
4.1977057457e+00
1.2406876087e+00
-3.2933935523e-01
-1.7499902248e+00
-3.5685243607e+00
6.5733247995e-01
5.5003523827e-01
1.0638002157e+00
1.5995611250e-01
-5.8833485842e-01
3.4567353129e-01
-1.0782806873e+00
1.7557693720e+00
1.0218974948e-01
1.7544537783e+00
9.8054713011e-01
5.8970719576e-01
-2.2732071877e+00
-4.3419876099e+00
1.1888712645e+00
1.1689389944e+00
8.7270885706e-01
1.2365221977e+00
9.2415601015e-02
2.1387636662e-01
-3.8144552708e-01
-1.1492414474e+00
-2.5233478546e+00
-5.9668466449e-02
-1.3860274553e+00
1.6287711859e+00
-1.5422724485e+00
2.0460846424e+00
6.9516915083e-01
1.0881357193e+00
2.6077055931e-01
-8.2368239760e-02
-4.0751948357e+00
-6.5259962082e+00
-3.7807817459e+00
1.5926750898e+00
1.7995518446e+00
-7.6828175783e-01
-5.3388369083e-01
9.6529430151e-01
1.3467130661e+00
2.0265707970e+00
2.5046021938e+00
1.4979743958e+00
1.3789067268e+00
2.7558967471e-01
4.3166015297e-02
-8.6810493469e-01
-8.6793464422e-01
2.6672071218e-01
-4.4377856255e+00
-5.5158624649e+00
-1.5882021189e+00
1.0464974642e+00
3.5102039576e-01
1.3600448370e+00
6.5928107500e-01
1.3817809820e+00
1.1772485971e+00
2.1539204121e+00
-9.8934781551e-01
-2.0698893070e+00
-4.7525897026e+00
-1.1700510979e+00
-5.9728193283e-01
-4.2994755507e-01
6.1656050384e-02
1.8904870749e-01
1.1873146296e+00
1.2527571917e+00
-1.5527780056e+00
-1.7156814337e+00
-1.2716132402e+00
-2.8856503963e-01
1.8120573461e-01
3.2306990027e-01
7.7623862028e-01
6.1509299278e-01
1.0367918015e+00
-1.1695536375e+00
-2.6909967884e-02
1.0923632383e+00
1.0310634375e+00
1.1999192238e+00
-9.7035290673e-03
-5.2113437653e-01
-4.8608803749e-01
-6.0669744015e-01
-5.8985251188e-01
-2.5063171983e-01
-2.4266497791e-01
1.9214923382e+00
2.0556960106e+00
1.7772190571e+00
1.4946144819e+00
-6.7272758484e-01
-2.8809797764e+00
-2.4621994495e+00
-1.3893471956e+00
7.9317102209e-03
5.5770985782e-02
6.9464725256e-01
1.0927548409e+00
1.4807524681e+00
1.3227891922e+00
2.3524365425e+00
7.6515543461e-01
3.5369527340e+00
1.6267077923e+00
-9.0921908617e-01
9.4217985868e-02
-7.2044932842e-01
-1.0676070303e-01
4.6220505238e-01
2.9622611403e-01
4.9185085297e-01
7.8524988890e-01
5.3941142559e-01
1.2956123352e+00
1.0865856707e-01
-2.1680860221e-01
-4.7547197342e+00
-5.3619160652e+00
-1.5309522152e+00
1.0758582503e-01
1.6160480678e-01
-5.4837781191e-01
-1.3016889095e+00
2.2502024472e-01
1.9618877769e-01
-1.6230885684e-01
-1.3590459824e+00
-1.4939614534e+00
2.0859506130e+00
1.3585165739e+00
8.6221104860e-01
1.8517075479e-01
-2.7521008253e-01
-2.8333938681e-03
8.1621295214e-01
1.2786951065e+00
1.7613655329e+00
2.0811011791e+00
1.7386821508e+00
-1.2961603403e+00
7.7914005518e-01
2.6140780449e+00
-2.2469487190e+00
-2.5627532005e+00
-2.6334455013e+00
-2.4569234848e+00
-2.7188882828e+00
-2.7792112827e+00
-2.6670877934e+00
1.4097692966e+00
7.0763611794e-01
-6.5079890192e-02
7.0277243853e-01
1.2601791620e+00
2.3413879797e-02
-3.5445946455e-01
-7.7462875843e-01
-8.0833357573e-01
-1.1464184523e+00
-5.2569317818e-01
-1.7802356482e+00
-1.6080814600e+00
6.5673148632e-01
1.5345745087e+00
1.1090612411e+00
4.6466171741e-02
-1.2188998461e+00
-1.8018919230e+00
-1.2273010015e+00
4.2446178198e-01
2.9916393757e-01
9.1860860586e-01
8.4874749184e-01
9.8751910031e-02
-2.2637495771e-02
-3.6569640040e-01
-9.2154419422e-01
-1.1453266144e+00
-7.1212542057e-01
-7.9941473901e-02
-4.8076453805e-01
-6.8071991205e-01
5.1570799202e-02
-1.3599590398e-02
2.3196277618e+00
9.1610145569e-01
1.2878261805e+00
-1.1361454725e+00
-1.6357425451e+00
-1.8458129168e+00
-1.6812666655e+00
-1.5453206301e+00
-9.2251330614e-01
3.5400360823e-01
1.4434386492e+00
1.6491024494e+00
1.8280084133e+00
1.4192880392e+00
3.3568638563e-01
-1.5217425823e+00
-3.2220907211e+00
-3.1273596287e+00
-1.2838944197e+00
-1.0681679249e+00
-9.7688585520e-01
-5.3679132462e-01
-3.5373666883e-01
1.1665464640e+00
1.6712965965e+00
2.7207422256e+00
1.5151401758e+00
4.0576091409e-01
-2.9791455269e+00
-2.9750113487e+00
-8.8242179155e-01
-6.1213105917e-01
7.9222939909e-02
-2.5919303298e-01
2.1327846050e+00
-3.1425783038e-01
-3.8013783097e-01
1.2433498353e-01
2.8197646141e-01
1.3360074954e-03
-1.3662349433e-02
2.8551911935e-02
-5.4105180502e-01
-1.7176702023e+00
-1.3336827755e+00
-1.5589693785e+00
-2.3736035824e+00
-2.1557259560e+00
-1.9625599384e+00
4.6597474813e-01
1.7961596251e+00
3.2221925259e-01
3.4663999081e-01
-5.3316527605e-01
-7.5944596529e-01
-1.6214413643e+00
1.2484873533e+00
1.2102811337e+00
1.6057790518e+00
1.1019525528e+00
2.6095094681e+00
1.8819974661e+00
3.9506328106e+00
-2.1282696724e-01
-1.0377424955e-01
7.1687802672e-02
9.8335154355e-02
1.3826063275e-01
4.3251582980e-01
1.5000709891e-01
-1.5060614347e+00
-1.0293401480e+00
-3.1613869667e+00
-3.4825799465e+00
-4.1544299126e+00
-1.5706753731e+00
-2.9093129635e+00
-1.9326476380e-02
-9.0154364705e-02
1.4374440908e-01
-1.3436434790e-02
1.0000968724e-01
7.5486138463e-02
4.1220277548e-01
-1.4805326462e+00
-1.5970280170e+00
-2.5769910812e+00
-3.3336868286e+00
-1.9081405401e+00
-1.1195744276e+00
8.4668684006e-01
-2.1140143871e+00
-3.8154108524e+00
-7.3677098751e-01
2.4647553265e-01
-1.6857157648e-01
1.1577603966e-01
1.6575437784e+00
-3.4028673172e+00
-3.9713695049e+00
-1.9920476675e+00
-4.9048259854e-01
1.8114774227e+00
1.6414996386e+00
2.4862816334e+00
1.8639152050e+00
1.4161117077e+00
-5.3224463016e-02
-3.4881868362e+00
-1.8831386566e+00
4.4979745150e-01
2.4427285194e+00
-1.0102649927e+00
-1.1700145006e+00
-1.0508234501e+00
-1.0739797354e+00
-1.2100193501e+00
-1.4080197811e+00
-9.4775485992e-01
-2.1981555969e-02
-1.6366357803e+00
2.7730667591e+00
-4.4337683916e-01
4.1240425110e+00
-5.3155285120e-01
1.0372046232e+00
1.9477496147e+00
5.5797886848e-01
2.1643109322e+00
7.4197512865e-01
1.5237748623e+00
8.3702594042e-01
3.3227348328e+00
-4.2841248512e+00
-3.5043122768e+00
-2.2678906918e+00
-1.2646092176e+00
2.4662163854e-01
1.8778642416e+00
-1.4362595975e-01
-1.8125703335e+00
-1.1162998676e+00
1.1898442172e-02
9.3224978447e-01
1.2931565046e+00
1.6610838175e+00
2.6331617832e+00
1.7569862306e-01
-4.1236596107e+00
-2.0653314590e+00
-7.0759350061e-01
1.7949080467e+00
2.6919710636e+00
2.9786219597e+00
2.2405390739e+00
9.5067512989e-01
-1.6387929916e+00
-3.2344322205e+00
-1.3866165876e+00
5.3310239315e-01
1.7161701918e+00
-4.3065570295e-02
2.2456005216e-01
5.0082230568e-01
2.7538686991e-01
4.4239082932e-01
-1.1726170033e-01
3.2435891032e-01
-2.8129437566e-01
1.0655094385e+00
4.2023050785e-01
2.7128353715e-01
2.2444877625e+00
1.0919731855e+00
-4.2140731215e-01
-7.6149845123e-01
-1.5059381723e+00
-1.5647666454e+00
-1.0110348463e+00
1.4390927553e-01
5.5481129885e-01
-5.8465397358e-01
6.3946094513e+00
-1.5218616724e+00
1.6856172085e+00
-1.4346479177e+00
-2.1417815685e+00
2.0904705524e+00
-2.0895314217e+00
1.0907104015e+00
2.4091384411e+00
1.2902323008e+00
-2.7265959978e-01
-1.7208528519e+00
-6.7463773489e-01
-5.9807932377e-01
-6.6738426685e-01
-1.5618563890e+00
-1.1050881147e+00
-1.3531342745e+00
-7.1735572815e-01
-8.6225253344e-01
-2.5487703085e-01
-1.1514793634e+00
-6.9522702694e-01
-8.4030263126e-02
4.8444879055e-01
1.7238521576e-01
3.1337823868e+00
1.7451063395e+00
8.2148039341e-01
7.3437672853e-01
2.7986735106e-01
2.0585119724e-01
3.8538683206e-02
-1.8354337662e-02
1.0335418582e-01
-1.2460416555e+00
-1.8264750242e+00
-2.4727277756e+00
-1.9105150700e+00
-5.1375949383e-01
-8.7525510788e-01
-5.7598245144e-01
-1.1627639532e+00
-7.9672932625e-01
-4.8878017068e-01
-7.6900583506e-01
-5.4106104374e-01
-5.5073399097e-02
5.3872531652e-01
1.3780163229e-01
-5.5608758703e-03
-2.8613094240e-02
8.2367761061e-03
1.5681535006e-02
8.4239244461e-03
1.3263694942e-01
-1.0716363192e+00
-3.5492718220e-01
-1.0933206081e+00
-1.9356219769e+00
-3.2731313705e+00
2.0668944716e-01
-7.4395775795e-01
2.1346947551e-01
5.6910611689e-02
3.3367851377e-01
1.4612601697e-01
2.7109456062e-01
2.7606365085e-01
2.3927034438e-01
-8.7373131514e-01
-1.0954424143e+00
-4.4549684525e+00
-2.4333746433e+00
-3.0724318027e+00
-2.2240746021e+00
-7.5859707594e-01
-1.4166899920e+00
-1.9365389347e+00
-5.8904590607e+00
-1.9526034594e+00
-1.4206761122e+00
3.7930557132e-01
6.2890803814e-01
-3.7635602951e+00
-4.3165683746e+00
-2.5385336876e+00
1.1930580139e+00
2.9263255596e+00
2.8862321377e+00
-9.8368011415e-02
-4.8509278297e+00
-1.1128511429e+01
-2.3105881214e+00
-7.4172377586e-01
3.0181282759e-01
-3.4195542336e-02
-1.0774841905e-01
7.4055069685e-01
6.2676930428e-01
2.1611230075e-01
1.6594966650e+00
-2.1882171631e+00
1.3555750847e+00
-1.4248617172e+01
-3.8375756741e+00
-1.4613943100e+00
1.5337301493e+00
4.5329973102e-02
7.6499336958e-01
-1.1906632781e-01
6.5378099680e-01
-2.4286139011e+00
-3.1672434807e+00
-1.8946686983e+00
1.6450480223e+00
-2.9702308178e+00
-4.1892366409e+00
-4.0559139252e+00
-4.5594615936e+00
-6.4969921112e-01
-6.6029727459e-01
-4.4347014278e-02
2.4523024261e-01
-2.2885117680e-02
2.0418936014e-01
3.4740474820e-01
4.4689390063e-01
-4.3001496792e-01
2.4532938004e-01
1.1169167757e+00
-7.6735484600e-01
-1.0714558363e+00
-2.9537587166e+00
-3.7889714241e+00
-4.1862419248e-01
6.0755304992e-02
1.4113564491e+00
1.6691691875e+00
2.2971923351e+00
-6.0928039551e+00
-5.7207708359e+00
-7.5086989403e+00
-6.4795379639e+00
-3.8650801182e+00
-6.4448870718e-02
5.9211071581e-02
8.4888345003e-01
1.6796901226e+00
1.3748378754e+00
1.4975589514e+00
1.6778978109e+00
2.3467962742e+00
1.6684714556e+00
-2.2059180737e+00
-3.9986985922e-01
1.8263232708e-01
1.9916397333e-01
1.2597908080e-01
-4.9374616146e-01
-1.9547846317e+00
9.4137990475e-01
4.3612405658e-01
2.0081193745e-01
1.4964661002e-01
2.9028605670e-02
7.1676872671e-02
1.3049893081e-01
-3.1054756641e+00
-4.6450972557e+00
-1.8422175646e+00
-1.3089588284e-01
1.5712783337e+00
6.7410892248e-01
8.1018638611e-01
-3.7124261260e-01
3.1384077668e-01
3.5558727384e-01
-7.3869740963e-01
-2.6881735325e+00
-4.5068569183e+00
-2.3969676495e+00
-1.1444531441e+01
-5.3504900932e+00
1.9698439837e+00
2.2971520424e+00
3.5968136787e+00
3.7555873394e+00
2.7325196266e+00
6.1545349658e-02
1.2904441357e-01
-1.8308576941e-01
-6.0060024261e-01
-8.4272117615e+00
-5.6683435440e+00
-3.4917309284e+00
6.4597487450e-01
7.9731917381e-01
8.5663288832e-01
6.9388824701e-01
3.2622784376e-01
5.6548571587e-01
-7.6639270782e-01
-6.4351406097e+00
-3.0454783440e+00
-1.5733842850e+00
-6.7171192169e-01
1.9989526272e-01
-4.7374877334e-01
-1.6794303656e+00
-1.0355407715e+01
-1.8370070457e+00
-5.0894755125e-01
3.3040171862e-01
5.9144461155e-01
2.3804357648e-01
-8.1268548965e-02
-6.6371113062e-01
1.5793946981e+00
4.7602865100e-01
9.1777336597e-01
6.1958688498e-01
2.0885949135e+00
-4.4844907522e-01
1.3542881608e-01
1.6745552421e-01
5.3562629223e-01
5.1118028164e-01
6.4328521490e-01
8.3352702856e-01
1.0306103230e+00
6.6242450476e-01
1.1994535923e+00
9.4178336859e-01
1.3658255339e+00
9.5714598894e-01
9.7658395767e-01
5.4669505358e-01
1.5059436560e+00
-1.5155945718e-01
1.1950030327e+00
-1.2164136767e-01
-3.0490848422e-01
-4.6755078435e-01
1.5882419422e-02
-2.3067624569e+00
8.1929519773e-02
-3.1836602837e-02
7.1376711130e-01
5.7634558529e-02
5.5556219816e-01
-2.3850475252e-01
-4.0258674622e+00
-6.6070652008e+00
-1.5994910002e+00
2.4386458099e-02
-1.3946628571e-01
-1.1242645234e-01
-8.0465689301e-02
9.8049950600e-01
8.2417443395e-02
5.2845829725e-01
4.6014788747e-01
6.0603493452e-01
4.9685609341e-01
-5.1835203171e-01
-4.0402393341e+00
-5.4736334085e-01
-2.6278905869e+00
-1.0679241419e+00
2.5992389768e-02
-3.9101031423e-01
-3.3033080399e-02
5.5473065376e-01
9.1203361750e-01
1.5299494267e+00
1.1257151365e+00
-2.9522883892e+00
-4.3473019600e+00
-9.9112434387e+00
9.1927552223e-01
1.2325729132e+00
3.0070507899e-02
2.6438850164e-01
1.1312258244e+00
7.0852708817e-01
1.8015065193e+00
-1.5609502792e+00
3.9480787516e-01
3.5275865346e-02
-1.9805613756e+00
-1.7299848795e+00
-4.6521859169e+00
-6.8275852203e+00
-5.2062913775e-02
-9.5633007586e-02
-1.0357931256e-01
-9.4571940601e-02
1.8897765875e-01
6.6121262312e-01
-5.3722662926e+00
3.3851528168e-01
-4.2272768915e-03
1.9060036168e-02
1.1821181327e-01
1.0760846734e-01
1.3591849804e-01
1.3973394036e-01
9.8051935434e-01
8.7342846394e-01
9.1317713261e-01
1.0260006189e+00
9.8847812414e-01
1.0905489922e+00
1.2441315651e+00
-2.4595012665e+00
-3.7921953201e+00
-4.6574764252e+00
-2.3770020008e+00
3.3743172884e-01
-1.0169636458e-01
-4.6717736125e-01
-2.7189970016e+00
-3.6834411621e+00
-5.1609826088e+00
-4.2042979598e-01
-5.3056085110e-01
-7.9934368134e+00
-4.9139642715e+00
-8.8628482819e-01
-8.9179790020e-01
-8.1089502573e-01
-7.5708734989e-01
-4.2011147738e-01
-4.7997218370e-01
-4.1077873111e-01
9.9956858158e-01
1.8258643150e+00
1.9543966055e+00
2.3582820892e+00
1.5892708302e+00
6.4869266748e-01
2.5529267788e+00
1.3653204776e-02
6.3411533833e-02
3.0882062390e-02
6.7014761269e-02
5.8981437236e-02
7.4815057218e-02
1.0897587985e-01
-1.0574105978e+00
-1.1359093189e+00
-8.4740900993e-01
-1.1874300241e+00
-8.4086263180e-01
-6.2424540520e-01
-2.7378697395e+00
2.7729716897e-01
1.4864534140e-01
2.2953448817e-02
1.8772612512e-01
2.3351499438e-01
-1.2139769644e-01
-3.6056022644e+00
6.2879884243e-01
7.7363558114e-02
-1.2233510613e-01
-1.8626801670e-01
-6.6201782227e-01
-3.9750486612e-01
-8.9938783646e+00
-9.5112079382e-01
-1.5089179575e-01
9.1839460656e-03
-3.2559365034e-02
-3.6554297805e-01
-5.0690037012e-01
-6.8479567766e-01
3.9079269767e-01
9.2887282372e-01
9.1605800390e-01
7.7232450247e-01
6.2706404924e-01
1.1155607700e+00
7.0212459564e-01
-1.5596200526e-01
1.4041450024e+00
-8.3233326674e-01
1.9207607508e+00
-9.1911745071e+00
-4.3684787750e+00
-5.3241963387e+00
-1.4107816219e+00
6.5541762114e-01
3.0275104046e+00
2.8133296967e+00
1.7848708630e+00
-4.0208812803e-02
4.7366291285e-01
1.5509440899e+00
6.9029080868e-01
7.4502134323e-01
5.2553963661e-01
6.4408999681e-01
-4.9495654106e+00
-6.5661621094e+00
1.7854588106e-02
-1.9052959979e-01
-5.4555084556e-02
1.0436107218e-01
2.7804017067e-01
-1.2073459625e+00
-9.9513759613e+00
-1.4134155512e+00
2.4879856110e+00
2.5269536972e+00
1.1401376128e-01
-2.4038676918e-01
-3.9476802945e-01
-5.4694418907e+00
1.5775486231e+00
-2.1694825590e-01
5.2782601118e-01
8.0494040251e-01
-1.1561055183e+00
1.0786858797e+00
-2.3867779970e-01
-1.1516468525e+00
-7.0878839493e-01
-7.2339922190e-01
-7.0555686951e-01
-5.5967718363e-01
-4.4278472662e-01
-3.3008673787e-01
-1.8281397820e+00
3.6286277771e+00
-1.0673723221e+00
-2.1812994480e+00
-3.4174320698e+00
-6.5157999992e+00
-5.9841876030e+00
-1.0227566957e+00
-7.6631218195e-01
1.5109463036e-01
1.8814481497e+00
-6.6657596827e-01
-9.9209147692e-01
5.9346282482e-01
-3.6053006649e+00
4.1093540192e+00
-5.6582075357e-01
1.9456103444e-01
2.6393350959e-01
6.8341486156e-02
8.5016316175e-01
-2.3525590897e+00
-2.8617310524e+00
-3.2121553421e+00
-1.4763312340e+00
-3.4193525314e+00
-2.3600354195e+00
-1.8865686655e-01
1.0798839331e+00
1.3851729631e+00
9.0770840645e-01
9.9897199869e-01
9.0637993813e-01
5.1736956835e-01
6.4692658186e-01
8.5720807314e-02
1.2593778968e-01
-7.6012320817e-02
-4.4993057847e-01
-8.5462033749e-01
-6.1169261932e+00
-2.4389507771e+00
5.5769675970e-01
3.5476344824e-01
2.3972642422e-01
8.0466076732e-02
9.9220022559e-02
4.3400935829e-02
1.2878693640e-01
5.9105038643e-01
5.0905495882e-01
4.0036016703e-01
3.4723055363e-01
3.5666096210e-01
1.8932117522e-01
-1.5461005270e-01
1.0108901262e+00
1.6712150574e+00
5.0321346521e-01
-3.3506613970e-01
7.6424652338e-01
1.2812169790e+00
1.9147313833e+00
-3.5791918635e-01
-2.8055068851e-01
-2.0658901334e-01
-2.2090497613e-01
-2.5326666236e-01
-4.8525220156e-01
-5.4615151882e-01
-4.5079699159e-01
7.2622668743e-01
-9.4433903694e-01
1.0273510218e+00
2.3103761673e+00
2.8774647713e+00
2.3265774250e+00
-4.0432503819e-01
-3.6752036214e-01
-3.8905668259e-01
-7.2960668802e-01
-5.2752202749e-01
-7.6207172871e-01
-8.1184369326e-01
5.6916266680e-01
-2.1230068207e+00
-4.5770702362e+00
-4.6834864616e+00
-9.1522717476e-01
-3.4055876732e-01
-7.1644496918e-01
-1.1556432247e+00
-1.2212045193e+00
-2.8658831120e-01
6.5668487549e-01
2.5057470798e+00
2.0272767544e+00
3.1493806839e+00
-4.5280689001e-01
-5.7073574066e+00
-4.2269940376e+00
-1.7499719858e+00
-3.5764148831e-01
1.2271038294e+00
3.7866455317e-01
6.2212085724e-01
-1.6289302707e-01
3.8791235536e-02
1.4584933221e-01
3.4294247627e-01
2.4781338871e-01
-1.5834186971e-01
2.1772854328e+00
2.2780017853e+00
9.9280804396e-01
8.6089891195e-01
2.6889523864e-01
-5.3026252985e-01
-2.5994336605e+00
-3.3092472553e+00
-1.4630454779e+00
6.5592581034e-01
1.8495358229e+00
2.0253515244e+00
1.2241955996e+00
-1.7646001279e-01
2.3314442635e+00
3.1942346096e+00
3.4338641167e+00
3.2077627182e+00
2.3393113613e+00
2.8782217503e+00
2.7595336437e+00
6.8652635813e-01
1.2004790306e+00
1.6587134600e+00
1.3642826676e-01
5.8054596186e-02
-4.1628685594e-01
-9.7198003531e-01
1.6559554338e+00
1.7383061647e+00
2.6743453741e-01
3.8705816865e-01
5.1704692841e-01
-1.6304264069e+00
-1.9736244678e+00
-1.4689035416e+00
-1.7910507917e+00
-2.3760714531e+00
-1.1331777573e+00
-5.7291859388e-01
1.2727713585e-01
8.7948668003e-01
1.0342100859e+00
8.1523114443e-01
1.2907663584e+00
-2.9069265723e-01
-5.2265542746e-01
-7.6308625937e-01
-6.7029750347e-01
2.2671790421e-01
-7.3734527826e-01
-1.2850360870e+00
-1.9538313150e+00
-1.2998400927e+00
6.7996954918e-01
4.2986896634e-01
8.0169510841e-01
2.1400439739e+00
1.8789606094e+00
1.6041713953e+00
1.5861093998e+00
1.5943931341e+00
2.7934265137e-01
-1.7540236712e+00
-1.5148558617e+00
-1.2890996933e+00
-1.4968559742e+00
-1.3443455696e+00
-1.8881490231e+00
-2.0567815304e+00
-1.6577864885e+00
-1.8240504265e+00
-1.5258044004e+00
-6.8384939432e-01
-8.9835542440e-01
-1.8652398884e-01
5.5368077755e-01
1.2360118628e+00
2.5230371952e+00
6.0749882460e-01
-3.6080652475e-01
-1.4002619982e+00
-2.8305332661e+00
-4.8615530133e-01
1.0525400639e+00
1.5281349421e-01
7.7618360519e-01
3.7407797575e-01
2.7319455147e+00
2.9588387012e+00
2.9393119812e+00
2.6890268922e-01
2.0824110508e-01
5.9398585558e-01
9.0569931269e-01
-2.0700168610e-01
4.2523589730e-01
2.7807787061e-01
9.4550842047e-01
1.9739357233e+00
2.7473270893e+00
1.9375903606e+00
1.7872302532e+00
1.6420818567e+00
1.3359351158e+00
-6.8148410320e-01
-3.7353367805e+00
-2.1681933403e+00
-8.1307268143e-01
-1.4777776003e+00
1.3464151621e+00
9.9113851786e-01
1.0632774830e+00
1.3332656622e+00
2.4016056061e+00
5.0509202480e-01
8.4733688831e-01
2.7658125758e-01
-3.5674819350e-01
-5.8569675684e-01
-3.0772253871e-01
9.1026014090e-01
2.7859881520e-01
1.4801205397e+00
1.0735038519e+00
-4.0595909953e-01
-9.5421236753e-01
-1.3955014944e+00
-2.2320654392e+00
-2.4967520237e+00
-2.0985376835e+00
-2.2243051529e+00
-2.7945375443e+00
-4.8505916595e+00
-3.1590039730e+00
-4.5347137451e+00
-2.6806917191e+00
-1.9934276342e+00
-7.6151406765e-01
-1.3491714001e+00
7.4160683155e-01
1.2176893950e+00
1.5042184591e+00
5.3717857599e-01
6.3179957867e-01
9.9388223886e-01
1.0044610500e+00
-1.4453248978e+00
-8.4068149328e-01
-3.2308149338e-01
-7.2057205439e-01
4.1254252195e-01
1.3704624027e-02
-8.1239241362e-01
-2.9067344666e+00
-3.1255605221e+00
-1.0379090309e+00
3.9882667363e-02
7.5656628609e-01
6.9492131472e-01
5.6398135424e-01
-5.7586375624e-02
5.2886205912e-01
-7.3663204908e-01
-3.7718659639e-01
-1.2715499401e+00
-5.8219063282e-01
-4.3089106679e-01
-6.7978656292e-01
-1.0909970999e+00
-5.6790548563e-01
4.3410632014e-01
6.6962414980e-01
1.1834498644e+00
2.5727798939e+00
2.0525395870e+00
1.9783002138e+00
2.6476435661e+00
2.7709920406e+00
1.6250935793e+00
3.1257424355e+00
3.0840246677e+00
4.7578540444e-01
1.1059486866e+00
4.2825764418e-01
1.8389472738e-02
7.7260708809e-01
-3.9194557071e-01
8.4245763719e-03
-3.3193632960e-01
-5.1557111740e-01
-1.0734505653e+00
-1.7498868704e-01
1.4655390978e+00
3.6358952522e+00
2.9255249500e+00
7.2225488722e-02
-9.3003846705e-02
-2.4371773005e-01
-4.1755729914e-01
-1.6964465380e+00
-2.5452160835e+00
-2.8973464966e+00
-3.5335394740e-01
-5.2000427246e-01
-3.3993360400e-01
-3.5462626815e-01
-2.0137162507e-01
-3.8485574722e-01
-5.2814644575e-01
1.3075007200e+00
-2.0646028221e-01
6.2850213051e-01
4.5962694287e-01
4.3506205082e-01
9.4601452351e-01
6.6432744265e-01
2.2979087830e+00
-9.2814528942e-01
-3.4215478897e+00
-2.3576064110e+00
-2.1804144979e-01
9.6920244396e-02
1.8540358869e-03
3.2858402729e+00
3.4572839737e+00
2.8551836014e+00
4.7329646349e-01
1.4465304613e+00
-4.3393355608e-01
1.3466598988e+00
-5.2478446960e+00
-4.9474048615e+00
-4.4687638283e+00
-4.0651121140e+00
-4.3028721809e+00
-4.7248163223e+00
-5.2015786171e+00
-3.5926455259e-01
-1.5388756990e-01
4.5121678710e-01
-5.1425516605e-02
9.2258441448e-01
2.6887445450e+00
2.8660707474e+00
-4.0124747157e-01
-2.2508624196e-01
-3.3092927188e-02
-4.7089882195e-02
-1.7458869144e-02
-2.0712283254e-01
-3.7711140513e-01
-4.1700008512e-01
1.2714989185e+00
1.4669135809e+00
4.1660216451e-01
1.3691892624e+00
-5.4004736245e-02
9.8482060432e-01
3.2355436683e-01
7.3757809401e-01
8.7851381302e-01
9.7318744659e-01
9.7376304865e-01
-7.0311647654e-01
-2.8618543148e+00
1.3042030334e+00
9.2389690876e-01
4.4487655163e-01
-2.8932461143e-01
-1.3263230324e+00
-1.2186274529e+00
-2.9827435017e+00
-4.2478890419e+00
-3.1129734516e+00
-1.6075248718e+00
-2.0747179985e+00
-2.1498658657e+00
-1.8166679144e+00
-7.9389876127e-01
2.1135158539e+00
2.0088863373e+00
6.5749752522e-01
2.4817992747e-01
1.0276204348e+00
3.7491890788e-01
1.7071264982e+00
-2.0305979997e-02
1.0880100727e+00
3.9071276784e-01
1.6634763479e+00
-5.8513206244e-01
-2.2616729736e+00
-1.8878850937e+00
-2.2485342026e+00
-3.9318540096e+00
-2.9132616520e+00
-4.2788734436e+00
-7.2987192869e-01
7.4362486601e-02
2.1335420609e+00
2.6564378738e+00
2.2941839695e+00
1.7240828276e+00
1.1429935694e+00
8.4397089481e-01
-1.7900440097e-01
3.1415966153e-01
1.6111624241e-01
3.1936031580e-01
4.4757437706e-01
-1.9414623082e-01
-1.1580833197e+00
-4.0860209465e+00
-3.9203319550e+00
3.3997113705e+00
3.6792027950e+00
9.3287241459e-01
-1.3606373072e+00
5.5265319347e-01
-3.6417884827e+00
-4.2671875954e+00
-2.8032195568e+00
-1.8929270506e+00
-1.7898846865e+00
-1.5200568438e+00
-1.5952137709e+00
-7.6239937544e-01
-1.0841169357e+00
-5.4958715439e+00
-5.3161401749e+00
-4.6470980644e+00
-4.0751013756e+00
-4.5345602036e+00
-4.0433630943e+00
-4.1313810349e+00
1.9393359423e+00
2.0393700600e+00
4.6324491501e-01
9.1887795925e-01
2.4926798046e-01
-2.0637124777e-01
6.5551590919e-01
2.7137606144e+00
1.8594636917e+00
3.4697139263e+00
1.7447813749e+00
7.0003914833e-01
1.1540756226e+00
1.7677047253e+00
-1.5523689985e+00
1.1535089016e+00
-2.4055036902e-01
-5.6913572550e-01
-2.5596314669e-01
-6.0548317432e-01
4.4929942489e-01
-2.7073557377e+00
-3.9887342453e+00
-3.7777869701e+00
-1.2770264149e+00
8.6219066381e-01
1.2032812834e+00
6.9782322645e-01
-3.6286249161e+00
-4.6171422005e+00
-3.3460137844e+00
-3.6816754341e+00
-4.3325190544e+00
-3.4600434303e+00
-3.5138761997e+00
1.3871454000e+00
1.7191492319e+00
2.1376602650e+00
2.3497216702e+00
4.6214640141e-01
-3.1882014275e+00
-4.5806527138e+00
-5.7843601704e-01
-6.1814939976e-01
-6.0001665354e-01
-5.9270101786e-01
-5.1295590401e-01
-5.5500251055e-01
-5.7430100441e-01
-7.7325546741e-01
-2.0937195420e-01
-8.8886255026e-01
-3.5912713408e-01
-7.8315132856e-01
-1.3135701418e+00
-1.3991312981e+00
-6.3579690456e-01
-4.7794100642e-01
-6.8966138363e-01
1.2505409718e+00
6.3939619064e-01
-7.5549304485e-01
-1.3330756426e+00
3.7194144726e-01
-2.0920719206e-01
4.7873499990e-01
5.7456266880e-01
5.0207293034e-01
4.9685019255e-01
3.1140485406e-01
-1.8315114975e+00
-5.7439811528e-02
-8.3308923244e-01
2.3651337624e+00
2.1698832512e-02
2.0951683521e+00
1.5013207197e+00
-2.0128321648e-01
7.4167534709e-02
3.8479484618e-02
4.3712612987e-01
1.0136781633e-01
3.5438424349e-01
2.0846642554e-01
-1.7331269383e-01
-9.6387006342e-02
5.4749470949e-01
-4.3400284648e-01
-3.6924088001e-01
1.2080311775e+00
2.1595695019e+00
-2.8824384212e+00
-2.5916941166e+00
-1.0076684952e+00
-5.5827069283e-01
-7.9315379262e-02
-4.2184919119e-01
1.1323400736e+00
-9.3568766117e-01
1.3457882404e+00
1.5483655930e+00
3.2207920551e+00
3.1431276798e+00
-1.0067839622e+00
3.5519597530e+00
2.0519359410e-01
7.3430621624e-01
1.0433603525e+00
3.6091199517e-01
9.8998057842e-01
-6.2190175056e-01
4.0400019288e-01
-1.9383717775e+00
-6.9091039896e-01
-2.8073098660e+00
-1.9569114447e+00
-3.8187408447e+00
-1.4223948717e+00
-6.8953102827e-01
4.8370466232e+00
2.7307386398e+00
1.5978902578e+00
6.4338231087e-01
-2.1475372314e+00
-5.7906186581e-01
-1.7657625675e+00
-9.0404748917e-01
-3.4156239033e-01
2.0699028671e-01
-8.6959582567e-01
3.6785382032e-01
-1.4749307632e+00
-2.0135173798e+00
-6.6508346796e-01
4.8135715723e-01
7.1746999025e-01
1.9154758751e-01
-2.1563450992e-01
-6.6910612583e-01
4.0310081840e-01
1.2141079903e+00
-7.0799851418e-01
3.6056029797e-01
-1.7212302685e+00
-1.8003920317e+00
-5.2224693298e+00
-2.7027652264e+00
-6.2833863497e-01
1.3394008875e+00
4.3861091137e-02
1.9512706995e+00
-1.5004014969e-01
-1.7611774802e-01
3.3300927281e-01
9.4776645303e-02
4.5185089111e-01
2.2252772748e-01
5.7118451595e-01
8.3683574200e-01
4.7795954347e-01
5.0717806816e-01
2.0329759121e+00
1.2508594990e+00
-6.3428848982e-01
-7.2266513109e-01
-2.6544280052e+00
-4.9622673988e+00
-6.8475055695e+00
2.1243920326e+00
3.2911768556e-01
-3.4150525928e-01
-8.7998829782e-02
-1.0748164654e+00
-1.8310381174e+00
-1.9140782952e-01
3.2016941905e-01
6.6424441338e-01
1.2523695230e+00
8.4841895103e-01
1.7119898796e+00
1.3653339148e+00
8.6129879951e-01
-1.6041926146e+00
5.8542523533e-02
-4.9672764540e-01
1.6246200800e+00
4.6501404047e-01
1.6727203131e-01
3.9976283908e-01
-1.6406328678e+00
-1.8952504396e+00
-4.3869700432e+00
-4.9353647232e+00
-3.6467726231e+00
-2.3749797344e+00
-3.1727283001e+00
-5.3429536819e+00
-1.5226700306e+00
-8.2756668329e-01
1.8214002252e-01
-3.2197839022e-01
8.4533177316e-02
5.0179409981e-01
-6.0330891609e-01
-7.5800108910e-01
-4.7035942078e+00
-6.0591106415e+00
-7.4201297760e+00
-5.9468173981e+00
-5.2607994080e+00
2.8001143932e+00
1.8194221258e+00
-7.0430105925e-01
-3.0863833427e-01
-6.6403937340e-01
-8.1489735842e-01
-3.3699648380e+00
-7.6176792383e-01
-1.3288985491e+00
-9.9142402411e-01
9.8708176613e-01
3.8435390592e-01
3.5282167792e-01
-4.3808767200e-01
-4.5929548144e-01
1.2228056788e-01
-3.1339976192e-01
-1.4588422775e+00
-6.3017094135e-01
-1.6522765160e-01
-1.0318252258e-02
-2.2424368858e+00
-1.7748844624e+00
-1.9579102993e+00
1.9725528359e-01
-2.3507149890e-02
8.7010139227e-01
1.4540721178e+00
2.2305819988e+00
1.8456214666e+00
1.7365913391e+00
2.1434156597e-01
8.5916173458e-01
-9.7675091028e-01
-2.2620706558e+00
-1.7040617466e+00
-4.5380082726e-01
3.8604091853e-02
1.4329864979e+00
1.1705486774e+00
2.3589034081e+00
1.4720224142e+00
4.5776462555e+00
-6.8371939659e-01
1.3772169352e+00
-5.2759766579e-01
-1.3434849977e+00
-2.3542544842e+00
-1.5067338943e+00
8.9745241404e-01
-1.4797280729e-01
7.7645272017e-01
-7.6066806912e-02
2.5823515654e-01
-6.5329426527e-01
-1.6598525047e+00
-5.5914419889e-01
6.2801659107e-01
2.2098138332e+00
2.9186093807e+00
1.3934679031e+00
5.0190478563e-02
2.0099432766e-01
2.5272139907e-01
-4.9812084436e-01
4.8061472178e-01
-2.9143127799e-01
-3.1916427612e-01
3.8433265686e-01
-5.3277617693e-01
-3.5117087364e+00
-3.2230420113e+00
-3.4605457783e+00
-2.8897664547e+00
-3.6476168633e+00
-4.7763233185e+00
-4.4273409843e+00
1.3639453053e-01
6.3286131620e-01
1.3318252563e+00
1.1952557564e+00
4.2094615102e-01
-3.7825122476e-01
-8.2784456015e-01
2.6263744831e+00
4.3759399652e-01
1.3072103262e+00
9.8588544130e-01
4.8239475489e-01
-4.0854606777e-02
5.9920102358e-01
-3.7948891521e-01
-3.6510616541e-01
-5.2970087528e-01
5.5055463314e-01
-5.7800781727e-01
2.1476058662e-01
-1.3851463795e+00
1.0130859613e+00
1.0042109489e+00
-6.2602961063e-01
-2.4394652843e+00
-7.7844834328e+00
-7.7543902397e+00
-4.2538881302e+00
-1.3768635690e-01
2.4488291144e-01
3.6591374874e-01
2.8332915902e-01
5.1781719923e-01
4.4679099321e-01
1.0131390393e-01
1.2473821640e+00
1.2805387974e+00
1.2594951391e+00
1.1065152884e+00
1.2568779290e-02
-1.2537226677e+00
-1.7983317375e+00
1.4122647047e-01
-1.4340314865e+00
-1.0079750419e-01
8.6767584085e-01
1.3154941797e+00
2.1273446083e+00
-9.0688429773e-02
-2.0647265911e+00
-2.3722367287e+00
-1.7307683229e+00
-1.1759992838e+00
-1.3551232815e+00
4.5684304833e-01
2.7428844571e-01
1.5884901285e+00
1.1603401899e+00
8.9166450500e-01
7.2330456972e-01
7.3969185352e-01
5.6718416512e-02
-6.8989157677e-01
-4.8927607536e+00
-1.9676206112e+00
-1.6403617859e+00
1.4843554497e+00
-2.2367646694e+00
-1.5400817394e+00
-1.6786943674e+00
1.0068184137e-01
2.3316852748e-01
2.9881206155e-01
1.2468754500e-01
-1.7474384978e-02
-3.0557987094e-01
-4.6606388688e-01
1.8820478916e+00
1.0137395859e+00
-3.1603273749e-01
-6.6623371840e-01
-2.1592903137e+00
-5.3444991112e+00
-3.6768970490e+00
1.0086236000e+00
-5.7366280816e-03
-1.9521221519e-02
2.9790431261e-01
-2.3419835567e+00
-4.4264311790e+00
-5.5422568321e+00
-1.6182996035e+00
-1.8006815910e+00
-2.6366353035e+00
-2.2363917828e+00
-3.9988420010e+00
-4.2562270164e+00
-2.4559099674e+00
8.6628770828e-01
7.0637476444e-01
-4.2340281606e-01
8.0178821087e-01
-3.1752449274e-01
-2.3355305195e+00
-3.2019827366e+00
6.5661281347e-01
-7.4767589569e-02
6.7674136162e-01
1.2000093609e-01
1.0397624969e-01
6.1529073864e-02
-4.0054193139e-01
-1.8839819431e+00
1.4167866707e+00
-4.6677374840e+00
-1.6386964321e+00
-2.9756493568e+00
-1.4815194607e+00
-7.5362062454e-01
8.9920121431e-01
8.9010751247e-01
2.0417432785e+00
1.2137664557e+00
-1.7221091315e-02
-2.6106927395e+00
-1.7440421581e+00
6.6428124905e-01
-2.5724476576e-01
-3.8416528702e-01
-3.1185061932e+00
-1.8237527609e+00
-2.8756031990e+00
-3.4155602455e+00
2.2686147690e-01
-4.7964227200e-01
-1.0013929605e+00
-2.7565519810e+00
-3.6927049160e+00
-5.4735565186e-01
1.8634997308e-02
1.2837477922e+00
-1.2387293577e+00
2.0837314427e-01
-1.6820210218e+00
-1.4501104355e+00
-2.6290442944e+00
-6.3339668512e-01
2.3406982422e-01
-4.3502569199e-02
5.5331462622e-01
2.1882872283e-01
-6.5983843803e-01
-2.2165937424e+00
-4.3276429176e+00
1.9759514332e+00
1.1798321009e+00
1.0055350065e+00
6.6097402573e-01
2.1454519033e-01
-9.2924982309e-02
-7.2218045592e-02
-3.1570456028e+00
-2.5865526199e+00
-3.3113894463e+00
-3.5042850971e+00
-1.4539099932e+00
-1.0020763874e+00
-2.1202118397e+00
9.7516745329e-02
-5.1379340887e-01
-5.7484900951e-01
1.3183221817e+00
2.6511366367e+00
1.1992012262e+00
-2.2052787244e-01
-1.0084166527e+00
-1.2858881950e+00
7.2841632366e-01
-2.8260908127e+00
1.2818135023e+00
-2.0099411011e+00
-4.0049621463e-01
-7.5369018316e-01
6.8075430393e-01
1.4879175425e+00
1.5663030148e+00
1.9581456184e+00
3.4480516911e+00
1.3263521194e+00
2.8431417942e+00
2.6378517151e+00
3.4288456440e+00
3.0819547176e+00
3.0478405952e+00
1.9603677988e+00
1.1995375156e+00
-8.9194822311e-01
-1.7499526739e+00
-6.5662112236e+00
-8.4324426651e+00
-6.2840600014e+00
-4.9625158310e+00
-5.7945203781e+00
-4.8481274396e-02
1.5084412694e-01
1.1464401148e-02
2.5694167614e-01
2.1613451838e-01
3.3427160233e-02
8.4841012955e-02
1.6990002394e+00
3.8386359811e-01
1.3487012386e+00
1.0002942085e+00
5.4190564156e-01
-1.0208133459e+00
-1.5619513988e+00
-6.0409981012e-01
-8.7706524134e-01
-6.9907259941e-01
-7.1015930176e-01
3.3059740067e-01
1.2298423052e+00
1.3957830667e+00
-1.9989689589e+00
-1.5515106916e-01
2.4948911369e-01
2.4653594196e-01
3.6475753784e-01
1.8557500839e-01
1.8061409891e-01
1.7402354479e+00
1.4725388288e+00
8.4527468681e-01
1.5747286081e+00
8.5396295786e-01
7.6238566637e-01
-1.6281969845e-01
-1.1658840626e-01
5.9991037846e-01
1.3104844093e-01
-1.6693484038e-02
3.1551200151e-01
-4.4342669845e-01
-2.9397442937e-01
4.0434617996e+00
2.2639780045e+00
3.6984519958e+00
3.2306206226e+00
1.0628077984e+00
-4.1520911455e-01
-1.8292355537e+00
-2.6564651728e-01
-3.4925058484e-01
-2.0315733552e-01
1.4175160229e-01
2.9303854704e-01
4.7331012785e-02
1.8493158743e-02
-1.9570221901e+00
-3.2290327549e+00
-3.5085225105e+00
-5.1490926743e+00
-7.1899933815e+00
-4.7184772491e+00
-3.4655041695e+00
-2.0171680450e+00
-2.4325733185e+00
-3.3866200447e+00
-3.0057127476e+00
-3.2170627117e+00
-4.2230348587e+00
-4.1132111549e+00
-2.3337979317e+00
-2.5852479935e+00
-1.4591922760e+00
-1.0851775408e+00
1.1380166560e-01
-1.1976301670e+00
-6.5053892136e-01
-8.2114732265e-01
-2.5457203388e+00
-8.9676672220e-01
-9.3653321266e-01
-1.3457581997e+00
-9.2764014006e-01
-1.1035749912e+00
2.2938323021e+00
2.0045840740e+00
7.0046329498e-01
4.0935027599e-01
1.3924579620e+00
1.2623592615e+00
1.7817397118e+00
-1.1226127148e+00
-1.8270689249e+00
-3.7557184696e+00
-4.8128952980e+00
-6.8869233131e+00
-9.3181209564e+00
-9.4072027206e+00
9.3287861347e-01
9.3893414736e-01
4.7959411144e-01
3.2575803995e-01
1.7564260960e-01
9.2818564177e-01
-7.8361578286e-02
7.1643060446e-01
4.3359214067e-01
-5.0646591932e-02
-1.2665448189e+00
-1.8796579838e+00
-2.0985102654e+00
-1.6921514273e+00
-6.0305690765e+00
-3.8003206253e+00
-3.1804556847e+00
-1.6540869474e+00
-2.5315997601e+00
-2.1467270851e+00
-2.2003738880e+00
6.2522538006e-02
6.9508355856e-01
9.0450489521e-01
1.0656809807e+00
8.0432498455e-01
2.9891422018e-02
-6.4444291592e-01
-1.5371282101e+00
-2.9921507835e+00
-2.5176532269e+00
-3.9149129391e+00
-3.8750455379e+00
-3.0287895203e+00
-1.0773041248e+00
-2.5440864563e+00
-9.1720294952e-01
-6.0638219118e-01
-3.1731140614e-01
5.2255982161e-01
3.1667041779e-01
3.5175722837e-01
-5.3036326170e-01
-9.0817475319e-01
-5.0150655210e-02
-4.7909492254e-01
-3.3132311702e-01
-1.6230103970e+00
-2.9842019081e+00
8.1374220550e-02
1.2680573463e+00
1.6067214012e+00
1.9336024523e+00
3.6591124535e-01
1.3159770966e+00
-1.1222358793e-01
-1.6826665401e-01
-7.5516086817e-01
5.3157401085e-01
-1.1367555708e-01
-5.5461877584e-01
-3.9558947086e-01
-6.9778233767e-01
1.6478927433e-01
1.0547361523e-01
-1.6000738740e-01
-3.0297586322e-01
-3.4624016285e-01
-3.9036378264e-01
3.3339521289e-01
-2.5042343140e-01
-1.1305910349e+00
-1.3358302116e+00
-2.2354946136e+00
-2.5351078510e+00
-1.0346715450e+00
5.4813534021e-01
2.4753324986e+00
3.4839766026e+00
2.0156180859e+00
2.1265826225e+00
1.8946158886e+00
1.8052102327e+00
9.0113908052e-01
-1.3551917076e+00
-1.3477442265e+00
-4.1951208115e+00
-5.8478875160e+00
-8.3379182816e+00
-1.0237056732e+01
-6.6595435143e+00
-4.8059239388e+00
-6.5772600174e+00
-7.8649783134e+00
-6.5375065804e+00
-5.3666577339e+00
-4.8437318802e+00
-2.3710753918e+00
-1.2145200372e-01
1.8286222219e-01
4.3921792507e-01
4.5424365997e-01
3.1297770143e-01
8.9619785547e-01
7.6712828875e-01
-1.5880547464e-02
5.5299941450e-02
-7.1151965857e-01
-4.2990878224e-01
-1.4360060692e+00
-2.0326228142e+00
-2.1961779594e+00
1.3934423923e+00
1.7457618713e+00
1.9503194094e+00
3.2814607620e+00
1.5935947895e+00
3.6354033947e+00
3.8518648148e+00
1.8710803986e-01
-3.2553316560e-03
-1.3113098145e+00
-6.1953932047e-01
-4.6323552728e-01
-7.8113353252e-01
7.3314237595e-01
-2.9317858815e-01
4.7423776984e-01
5.6142914295e-01
1.8481983244e-01
-5.9987998009e-01
-1.3433320522e+00
-1.5038837194e+00
-1.2714968920e+00
6.1794906855e-01
-5.2025473118e-01
-3.3978149295e-01
-8.7183725834e-01
-4.3451425433e-01
-4.6454626322e-01
-4.0368905663e-01
6.9120496511e-01
7.9047626257e-01
8.2838779688e-01
5.5425739288e-01
1.0506614447e+00
8.4227734804e-01
5.4375183582e-01
1.1546578407e+00
1.2336648703e+00
1.0040719509e+00
2.8107309341e-01
-5.9685581923e-01
-1.2647975683e+00
-3.9979052544e-01
-2.1306049824e+00
-7.5473737717e-01
-5.7837235928e-01
-3.1910613179e-01
-9.1642010212e-01
7.2676467896e-01
-1.7555851936e+00
5.8506679535e-01
3.0976474285e-01
1.6090170145e+00
1.2488949299e+00
5.3932780027e-01
4.0762689710e-01
-1.5165627003e+00
-6.6055625677e-01
-4.4556131959e-01
-3.2335385680e-02
-2.2809553146e-01
4.0253344178e-01
-3.4645523876e-02
-4.9707570076e+00
-4.3651466370e+00
-1.3079270124e+00
4.5855769515e-01
6.6001391411e-01
4.1501775384e-01
4.6722495556e-01
-1.5681728721e-01
1.1937264353e-01
-4.8818953335e-02
7.7388179302e-01
6.5992188454e-01
1.2164875269e+00
1.0251495838e+00
2.9439330101e-01
6.5206879377e-01
-2.8883058578e-02
-5.2676117420e-01
-7.0377296209e-01
-1.8296694756e+00
-1.5923125744e+00
1.1229473352e+00
-1.4465578794e+00
-1.5407747030e+00
-1.8298000097e+00
-1.5999029875e+00
-1.6279779673e+00
-1.6515947580e+00
-1.1017159224e+00
-9.5928090811e-01
-6.9751435518e-01
-3.8501134515e-01
-1.6404356062e-01
1.9234725833e-01
4.4274625182e-01
1.2373726368e+00
3.4712767601e-01
-9.1955775023e-01
-7.5339220464e-02
9.5101124048e-01
2.5749570131e-01
4.3931090832e-01
-8.2542794943e-01
3.8507202268e-01
3.8606667519e-01
2.1355903149e-01
2.8924196959e-01
1.2413268536e-01
1.3649932109e-02
-2.9255535603e+00
-1.0369410515e+00
-4.4127553701e-02
1.0582448244e+00
2.6470253468e+00
2.7098171711e+00
2.6370091438e+00
-2.0192475319e+00
-3.1061282158e+00
-7.6621389389e-01
2.4366434664e-02
-1.3756404817e-01
4.1598919034e-01
-4.5800936222e-01
4.0071246028e-01
-1.3212410212e+00
-1.3441737890e+00
-1.5960652828e+00
-6.5783691406e-01
-9.9478441477e-01
4.7217828035e-01
1.4235332012e+00
8.2082647085e-01
1.7711248398e+00
-1.2480596453e-01
-4.2294657230e-01
3.1395399570e-01
7.7697169781e-01
-1.4848737717e+00
-1.3812845945e+00
-8.2740795612e-01
-1.0068572760e+00
-8.0912244320e-01
3.5147908330e-01
4.6898481250e-01
2.2700242996e+00
4.1306447983e-01
6.4529770613e-01
2.2219960392e-01
3.8181695342e-01
8.6548948288e-01
1.5892790556e+00
-1.1289598793e-01
-7.3075079918e-01
-6.9649904966e-01
-3.7042979151e-02
3.7854480743e-01
-7.9785019159e-01
-1.3220484257e+00
-4.6468844414e+00
-4.9992198944e+00
-6.1064705849e+00
-4.3653063774e+00
-2.4050109386e+00
-1.1113483906e+00
-1.2710998058e+00
-1.5589057207e+00
-8.9801043272e-01
-4.7778818011e-01
-1.4980719984e-01
9.1236338019e-02
2.0716626942e-01
-5.9445749968e-02
2.6476757526e+00
1.4715170860e+00
1.0411101580e+00
1.7136576176e+00
1.4553049803e+00
8.7139010429e-01
1.2998758554e+00
1.2794549465e+00
7.3963201046e-01
8.4058148786e-03
-3.3758819103e-01
-1.1982182264e+00
1.3415060043e+00
1.0553115606e+00
-1.0476813316e+00
-9.7536098957e-01
-6.5536928177e-01
-3.3575448394e-01
-3.8915547729e-01
1.1333732866e-02
1.3965202868e-01
8.3834731579e-01
-4.3184944987e-01
-2.9004502296e-01
9.4268554449e-01
7.9847741127e-01
1.4315421879e-01
-6.1249937862e-02
-5.1333838701e-01
-2.2644656897e-01
-7.6352912188e-01
-9.2049509287e-01
4.8058950901e-01
1.5445493460e+00
2.2073388100e+00
3.4613208771e+00
-3.1009674072e+00
-2.4419455528e+00
-5.1254601479e+00
-9.4436855316e+00
-2.1265120506e+00
-1.4158675671e+00
-9.7636020184e-01
-1.7171569169e-01
5.0995397568e-01
5.5431813002e-01
3.2043117285e-01
2.4057646096e-01
2.5588598847e-01
-3.3940498829e+00
-2.1036314964e+00
-1.7107912302e+00
-1.2285093069e+00
-1.2143342495e+00
-1.0941643715e+00
-1.0886527300e+00
5.6514424086e-01
4.8036521673e-01
5.0010752678e-01
4.1605868936e-01
-4.3385037780e-01
-8.3387082815e-01
6.8177723885e-01
-9.8371130228e-01
-2.5737851858e-01
1.2921430171e-01
4.3038558960e-01
1.5238876641e-01
-1.2855251133e-01
-3.1415382028e-01
-2.7583513260e+00
-4.0330944061e+00
-9.8435795307e-01
-3.4727343917e-01
1.9724243879e+00
3.4168636799e+00
2.2402734756e+00
1.8746331930e+00
1.7482342720e+00
1.3646429777e+00
1.8085483313e+00
1.2113832235e+00
7.5154954195e-01
9.3885761499e-01
-1.6262915134e+00
-9.9176067114e-01
-1.4213429391e-01
-5.4595357180e-01
-1.6515010595e+00
-7.3551611900e+00
-7.5323371887e+00
-5.1458692551e-01
-9.6135604382e-01
-1.6160124540e+00
-3.2213637829e+00
-2.9739270210e+00
-2.8151321411e-01
-3.2714581490e-01
-1.7674036026e+00
-1.9829603434e+00
-2.5409002304e+00
-2.2979168892e+00
-4.0687851906e+00
-7.8953213692e+00
-8.4945020676e+00
4.3743352890e+00
3.1349670887e+00
-1.8252979517e+00
-3.7075088024e+00
-1.7544603348e+00
1.6204980612e+00
2.0289483070e+00
3.8848459721e-02
4.8995271325e-01
-2.4764037132e+00
4.6298068762e-01
-2.4087433517e-01
1.6431152821e+00
2.1204349995e+00
1.9061336517e+00
1.6870468855e+00
-3.6678069830e-01
-2.1305630207e+00
-2.0083215237e+00
3.5342425108e-01
1.9879827499e+00
-1.8712522984e+00
-2.7715079784e+00
-9.1367948055e-01
-5.1913714409e-01
-2.7487456799e-01
-1.4189647436e+00
-2.4376361370e+00
1.1526263952e+00
8.7385946512e-01
6.1434304714e-01
3.7959482521e-02
-6.4664733410e-01
-2.5213280320e-01
1.4039435387e+00
-4.3323411942e+00
-5.0292310715e+00
-2.9699118137e+00
2.9554435611e-01
-2.8487037867e-02
-1.4152052402e+00
-1.5351185799e+00
1.7065312713e-02
-2.5009185076e-01
7.6193314791e-01
4.7330185771e-01
2.9925346375e-01
-8.5683459044e-01
-2.6672497392e-01
5.1916414499e-01
1.1715112925e+00
7.6399743557e-01
1.6163790226e+00
6.2080591917e-01
-1.6220103502e+00
-1.7138283253e+00
5.5514997244e-01
1.1451246738e+00
1.4409095049e+00
5.2886033058e-01
1.9788475037e+00
-1.7567799091e+00
-7.8239446878e-01
-1.6289699078e-01
-1.6892971992e+00
-9.2898195982e-01
-3.1902658939e-01
-7.2988575697e-01
-3.3291831613e-01
-3.6204168200e-01
1.8063124418e+00
-1.1394506693e+00
-2.2755455971e+00
-2.1408052444e+00
-1.3621418476e+00
5.8174157143e-01
-4.5308139920e-01
-8.3547228575e-01
-9.3562290072e-02
-3.2586279511e-01
-3.0661946535e-01
2.1691377461e-01
3.7188693881e-01
1.0523588657e+00
2.4316594005e-01
-7.6998502016e-02
8.6396306753e-01
1.2463234663e+00
1.8460446596e-01
-3.2363564968e+00
-2.1043238640e+00
2.4415127933e-01
1.4960185289e+00
1.5851485729e+00
1.6577605009e+00
7.8113538027e-01
-2.8094217777e+00
-1.0245225430e+00
-2.9444438219e-01
2.3197656870e-01
-7.6588594913e-01
4.1198197752e-02
-7.5830526650e-02
3.7518236041e-01
-4.9965429306e-01
-3.6961871386e-01
2.5123783946e-01
1.1640029401e-01
8.8865029812e-01
2.0620856285e+00
-8.0856460333e-01
8.1991428137e-01
-8.1108355522e-01
-8.2970714569e-01
4.8644837737e-01
-6.1011767387e-01
-1.1529349089e+00
-1.7499960661e+00
-1.4338721037e+00
-9.1224070638e-03
6.3031816483e-01
5.3172267973e-02
1.0607537031e+00
5.7176393270e-01
-8.7885409594e-01
-5.9479302168e-01
-1.2949829102e+00
-5.9058213234e-01
2.5029951334e-01
-3.5131457448e-01
-1.2983986139e+00
-3.3145480156e+00
-2.4678595066e+00
8.1199204922e-01
3.2155890465e+00
3.9204051495e+00
1.0632417351e-01
9.2420458794e-01
8.2937961817e-01
1.1666078568e+00
1.4518786669e+00
4.4399243593e-01
-3.8347956538e-01
-2.3017248511e-01
4.6636885405e-01
-1.7939326763e+00
-2.0408713818e+00
1.7054243088e+00
1.0874515772e+00
7.1553379297e-01
-2.3725062609e-02
7.8075021505e-01
-5.1061975956e-01
-1.5483515263e+00
1.4282019436e-01
1.7156617343e-01
8.6226604879e-02
1.7216497660e-01
1.7130491138e-01
-3.2716301084e-01
-8.9317634702e-02
1.4936307669e+00
3.7896163464e+00
2.2769927979e+00
2.6171929836e+00
5.5055224895e-01
-4.6619537473e-01
-8.0481179059e-02
1.5655418634e+00
1.6704516411e+00
1.5089584589e+00
3.6980814934e+00
1.0149673223e+00
1.8212629557e+00
-4.5057749748e-01
-3.4817058593e-02
-7.8680241108e-01
-1.2381593883e-01
3.4083959460e-01
-8.6156278849e-02
-1.1760023832e+00
-2.0785021782e+00
-1.7562299967e+00
-2.8081548214e+00
-3.9155099392e+00
-2.9226124287e+00
-1.8009967804e+00
1.9497230649e-01
-1.6588984728e+00
1.1352379322e+00
8.1595730782e-01
1.3753178120e+00
9.8716181517e-01
1.1473550797e+00
-2.2956939042e-01
-9.2868395150e-02
-1.5264954567e+00
-1.4321534634e+00
-2.6865413189e+00
-1.6872404814e+00
-1.4488977194e+00
-2.1941466331e+00
-1.7002792358e+00
2.1765089035e-01
1.6535528898e+00
1.3944290876e+00
-3.3821085095e-01
9.6243852377e-01
1.5683114529e+00
1.2273768187e+00
-1.1627243757e+00
-9.2158369720e-02
1.2223658562e+00
2.0635502338e+00
1.9006725550e+00
-1.5597378016e+00
4.5012497902e-01
-1.5768021345e+00
-2.1722557545e+00
-1.5991041660e+00
-1.7945735455e+00
-1.0050665140e+00
4.7279378772e-01
1.3708285093e+00
1.7612677813e+00
2.0342190266e+00
2.4920251369e+00
2.6224188805e+00
2.9714298248e+00
-1.3580789566e+00
-8.4861236811e-01
-1.3881541491e+00
1.2161153369e-02
-1.9041937590e-01
1.9844655693e-01
-1.7101904154e+00
-4.4242286682e+00
-5.1278786659e+00
-5.8055609465e-01
-5.3965252638e-01
-6.1008656025e-01
-5.8124339581e-01
-8.8559556007e-01
-2.9071432352e-01
-2.3505592346e-01
-4.8822633922e-02
-9.9864616990e-02
-7.3083567619e-01
-2.2023789883e+00
-4.9338001013e-01
6.3733649254e-01
8.1592184305e-01
3.2170468569e-01
-2.1516613662e-01
-1.1954808980e-01
1.9542154074e+00
1.0431765318e+00
4.6250388026e-02
-4.6447595954e-01
-1.6361819208e-01
-6.2555938959e-02
1.1756133288e-01
2.2728925571e-02
-2.3786611855e-01
-9.4275587797e-01
-1.4861345291e+00
6.5362811089e-01
2.9205062985e-01
-2.8040894866e-01
1.1638388783e-01
-1.5307579041e+00
-3.8632206917e+00
-4.9760985374e+00
-2.2544118762e-01
7.8546561301e-02
5.4139149189e-01
4.4919833541e-01
3.6743956804e-01
-4.9279632568e+00
-2.8522229195e+00
-4.5556721091e-01
-9.5929068327e-01
-1.0046499968e+00
-1.7042499781e+00
-1.4611291885e+00
-5.0553512573e-01
-5.9105968475e-01
3.1333103776e-01
9.4937062263e-01
1.0570411384e-01
1.2501765490e+00
2.2214941680e-02
-1.5033873320e+00
-8.8393792510e-02
-6.0489606112e-02
7.2566616535e-01
6.4797049761e-01
1.8417404592e-01
2.6606044769e+00
1.2206408978e+00
1.2406961918e+00
6.1509478092e-01
1.1802735329e+00
3.1690940857e+00
3.0775198936e+00
3.5377295017e+00
7.8339421749e-01
-7.6788371801e-01
9.3598860502e-01
6.4032381773e-01
5.1126849651e-01
4.4057974219e-01
2.9518157244e-01
-7.7183060348e-02
3.2982337475e-01
1.6636211872e+00
1.6526769400e+00
1.1904366016e+00
3.2067432404e+00
-9.2419648170e-01
-7.5394433737e-01
1.4264874458e+00
-3.2860484123e+00
-2.0546393394e+00
1.4734783769e-01
1.0121059418e-01
5.2739065886e-01
-3.1456198692e+00
-2.2472505569e+00
4.7237527370e-01
-1.2516586781e+00
9.8786556721e-01
1.2501872778e+00
4.7106009722e-01
-5.7576751709e-01
-3.2912010793e-03
1.1527068913e-01
3.7683263421e-01
-5.8452457190e-01
-8.8251644373e-01
5.3502738476e-01
-2.9868390560e+00
-2.9359505177e+00
2.3645315170e+00
2.4145400524e+00
2.6481585503e+00
4.3444151878e+00
4.0840606689e+00
-2.2000277042e+00
-1.8990092278e+00
2.7549961209e-01
4.2832726240e-01
2.7196948528e+00
2.7863149643e+00
1.6338514090e+00
5.2620035410e-01
3.1019693613e-01
-2.0240934193e-01
-3.4001018852e-02
1.3240635395e-01
2.1880796552e-01
-2.0695811510e-01
-4.7588622570e-01
-1.0136471987e+00
1.4328591824e+00
1.9070014954e+00
1.8040277958e+00
2.8397652507e-01
1.7462424040e+00
3.2918855548e-01
-5.5526667833e-01
6.3971453905e-01
1.7404369116e+00
1.2717469931e+00
2.8330350295e-02
-5.1925945282e-01
5.5354452133e-01
5.3889739513e-01
-1.1403713226e+00
-5.3320544958e-01
2.9029870033e-01
1.0498588085e+00
9.2444515228e-01
-1.7783943415e+00
-2.5177011490e+00
-6.6239547729e-01
6.6005110741e-02
-1.0684263706e+00
-3.1885123253e+00
-1.7650880814e+00
-7.8438264132e-01
-1.6135759354e+00
-1.6921325922e+00
-2.2773752213e+00
-1.7682948112e+00
-1.6224341393e+00
-1.6590443850e+00
-1.7984043360e+00
-2.0163650513e+00
6.6770398617e-01
-5.6379449368e-01
6.2648576498e-01
1.3488508463e+00
8.5242444277e-01
-1.6784698963e+00
-2.2396726608e+00
-3.2055103779e+00
-1.7453472614e+00
-1.1294214725e+00
-1.5868495703e+00
-2.8427269459e+00
-7.5616827011e+00
-6.8663291931e+00
-2.3438847065e+00
-2.0583231449e+00
-7.3336297274e-01
4.1223168373e-01
-1.9296976924e-01
-3.5247600079e+00
-4.5083503723e+00
8.1575846672e-01
-6.3515216112e-02
5.4118621349e-01
8.6852610111e-01
9.8021008074e-02
-1.8753558397e-01
-1.5624102950e-01
-7.6052111387e-01
-1.9734950364e-01
-1.8825182319e-01
-4.2564767599e-01
-1.6406373680e-01
1.4314594865e-01
3.1081140041e-01
1.3258285820e-01
-2.0755390823e-01
1.9468694925e-02
-3.6877506971e-01
1.6287669539e-02
4.7531861067e-01
7.5226300955e-01
-3.9342975616e-01
-7.2966170311e-01
-2.6811020449e-02
-1.2315342575e-01
-5.1645600796e-01
1.7855386436e-01
2.1143475175e-01
6.4916509390e-01
1.4257987738e+00
7.9845452309e-01
2.5016653538e+00
1.6418030858e-01
-5.5112484843e-02
-2.4180629253e+00
1.7092807293e+00
6.2727111578e-01
6.4503657818e-01
1.1501427889e+00
3.2865649462e-01
2.8827305883e-02
7.9016321898e-01
1.5286042690e+00
4.1761803627e-01
1.0573478937e+00
2.5244128704e+00
1.0598851442e+00
-1.0948420763e+00
-2.6418678761e+00
-6.6255778074e-01
4.0713068843e-01
1.4113725722e-01
2.1390802860e+00
1.3607431650e+00
1.0706149340e+00
1.7786287069e+00
2.3723618686e-01
2.0960584283e-01
1.8243367672e+00
-1.1681943387e-01
4.9578073621e-01
-1.2860320807e+00
2.7583761215e+00
-8.7439256907e-01
9.7835862637e-01
-1.3792001009e+00
1.6076066494e+00
-1.0910258293e+00
-1.1600761414e+00
-7.2085398436e-01
1.9508595467e+00
1.8137786388e+00
6.4811336994e-01
6.3419932127e-01
1.0940818787e+00
7.6853132248e-01
7.0394814014e-02
1.3341806829e-01
-7.9080194235e-01
-1.2844630480e+00
-4.3269494176e-01
3.5355292261e-02
7.3926389217e-01
8.3128708601e-01
4.0497675538e-01
-3.9764094353e-01
-2.0955305099e+00
-7.9447579384e-01
1.0777793825e-01
1.5695934296e+00
9.9119925499e-01
2.1921372414e+00
2.4209649563e+00
1.6304328442e+00
2.0328879356e+00
1.0572859049e+00
2.6153650880e-01
-3.0979877710e-01
3.7598799914e-02
3.3001622558e-01
4.8331126571e-01
6.3027697802e-01
7.5302106142e-01
4.5185399055e-01
1.0917745829e+00
-2.2510731220e+00
-2.8821265697e+00
-2.7667918205e+00
-2.3523604870e+00
-2.3799974918e+00
-2.4490911961e+00
-2.1462082863e+00
2.3800382614e+00
1.6279042959e+00
-8.0033272505e-01
-1.2149327993e+00
3.5501167178e-01
4.3558919430e-01
5.6111359596e-01
-7.8993117809e-01
-1.4478925467e+00
-8.5496598482e-01
-2.2287142277e-01
-4.6181555837e-02
1.6595683992e-01
7.6359760761e-01
1.8991881609e+00
3.0769147873e+00
3.0793039799e+00
2.4514782429e+00
2.0647089481e+00
-9.0930652618e-01
-1.6927777529e+00
-8.5495591164e-01
-2.5736513734e-01
4.9996283650e-01
8.3784252405e-01
-8.2431089878e-01
1.1787581444e+00
-2.5504773855e-01
5.2025537491e+00
1.7655589581e+00
1.7757842541e+00
2.0898776054e+00
-1.8420351669e-02
1.5358694792e+00
-2.0250563323e-01
-4.8133466393e-02
4.6696043015e-01
4.7280651331e-01
1.3304777443e-01
1.4751480818e+00
9.3008536100e-01
1.4365866780e-01
-2.9153820872e-01
3.2732802629e-01
-8.8328468800e-01
-1.2388552427e+00
3.5881939530e-01
1.1437469721e+00
1.4985765219e+00
-1.5087893009e+00
-1.6493479013e+00
3.1126356125e-01
-1.3730996847e+00
-1.0293526649e+00
-2.8359723091e-01
-2.4192404747e+00
5.4018402100e-01
3.3643224835e-01
1.1614791155e+00
1.2151603699e+00
4.1977682710e-01
7.1339046955e-01
5.4416704178e-01
2.2224881649e+00
2.1631352901e+00
2.3377654552e+00
6.6158807278e-01
1.8355799913e+00
2.1074209213e+00
1.8951596022e+00
-3.8770240545e-01
-6.2360781431e-01
-8.3570164442e-01
-1.0289037228e+00
-1.1435754299e+00
-1.7364947796e+00
-2.1575391293e+00
6.7771750689e-01
1.0555371046e+00
2.0734894276e-01
9.9436444044e-01
5.2325683832e-01
8.1530284882e-01
-3.2737827301e-01
-1.0885369778e+00
-6.5536445379e-01
-1.8144310713e+00
-1.0688424110e+00
-1.2047278881e+00
-1.0113916397e+00
-2.1514603496e-01
2.5064063072e+00
7.6708757877e-01
1.2736603022e+00
-2.3895998299e-01
-1.5880701542e+00
-1.9382948875e+00
-5.6946033239e-01
3.0442106724e-01
1.1457071304e+00
8.8321155310e-01
3.9456915855e-01
1.2536298037e+00
-1.8455164135e-01
-6.2437963486e-01
-2.1272924542e-01
7.7220624685e-01
3.1812544912e-02
4.4490897655e-01
7.7839171886e-01
1.0101704597e+00
1.7589667439e-01
2.8994495869e+00
7.4895584583e-01
7.0074325800e-01
1.8241027594e+00
-9.5000606775e-01
-8.5702401400e-01
-1.1309827566e+00
-2.6527006626e+00
-2.5832600594e+00
-2.6089665890e+00
-2.8573322296e+00
-2.1382179260e+00
-1.0670268536e+00
6.5091475844e-02
1.7420021296e+00
-1.0485544205e+00
-2.2954595089e+00
-9.2117446661e-01
-6.8846410513e-01
-2.6371714473e-01
-1.3091853261e-01
-7.7357631922e-01
-1.2866927385e+00
-1.1126798391e+00
9.9763631821e-01
1.6676123142e+00
1.4604055882e+00
1.4430298805e+00
-2.6913257316e-02
-1.7791397870e-01
2.7605670691e-01
5.3639382124e-01
1.4065852165e+00
9.5721578598e-01
3.4295036793e+00
-8.7402170897e-01
-5.1723527908e-01
-3.3444434404e-01
-2.0330896974e-01
-1.0776237398e-01
2.1997073293e-01
1.8588835001e-01
-1.6781215370e-01
-5.0812542439e-01
-1.0788511038e+00
-1.5303986073e+00
-1.8201645613e+00
-2.2645936012e+00
-2.5005033016e+00
2.5381660461e+00
1.9025447369e+00
7.7414667606e-01
3.2199740410e+00
1.5447385311e+00
4.8856553435e-01
-7.7223312855e-01
1.4665406942e+00
1.3619376421e+00
2.1318950653e+00
2.8421940804e+00
2.9663133621e+00
3.5721611977e+00
3.6224806309e+00
-9.7928416729e-01
-9.6255648136e-01
-4.8929691315e-01
-5.9306460619e-01
-6.5953469276e-01
-2.7185428143e-01
-5.5890619755e-01
-8.3585256338e-01
-1.8320969343e+00
-2.6710455418e+00
-1.3637387753e+00
-2.4994134903e+00
-1.3037585020e+00
-1.9117349386e+00
-5.3874570131e-01
-2.8358387947e-01
-2.7005019784e-01
-2.0880293846e-01
-2.9055941105e-01
-1.4779099822e-01
-8.4877096117e-02
-3.0425419807e+00
-3.8472130299e+00
-5.0859036446e+00
-4.7003788948e+00
-4.9002532959e+00
-4.8616356850e+00
-2.1751861572e+00
-3.7116086483e-01
-8.2407754660e-01
-2.9242590070e-01
-4.5912277699e-01
-7.3216676712e-02
-2.8986328840e-01
-4.8606100678e-01
-6.6460829973e-01
-8.6628776789e-01
-1.2113996744e+00
-7.7501326799e-01
2.7891555429e-01
-5.5131316185e-01
4.2305609584e-01
5.1512522697e+00
2.4947748184e+00
-9.1913357377e-02
-1.3087468147e+00
-1.4161992073e+00
8.5410304368e-02
1.7653203011e+00
-9.9291002750e-01
-1.0217100382e+00
-1.1657513380e+00
-1.1748212576e+00
-1.0420105457e+00
-1.5487354994e+00
-1.2395111322e+00
-3.2588005066e-01
-1.3705637455e+00
2.8276369572e+00
-7.0435625315e-01
5.6727957726e+00
2.6565515995e+00
1.4402072430e+00
2.2523849010e+00
8.8053607941e-01
9.1909074783e-01
6.0182940960e-01
-8.0196791887e-01
-3.3054304123e+00
-1.4109120369e+00
-5.9852671623e-01
-1.0622282028e+00
-8.6834140122e-02
3.4859371185e-01
-5.8919876814e-01
1.0608103275e+00
-2.6436128616e+00
-9.2344301939e-01
-5.5976855755e-01
8.1642083824e-02
8.8179820776e-01
4.7088671476e-02
2.3401732445e+00
3.8893280029e+00
1.7477458715e+00
1.2733317912e-01
1.6080375910e+00
-1.6570973396e-01
9.2082262039e-01
8.4501093626e-01
2.6265244484e+00
2.4757807255e+00
1.3484656811e+00
-2.2284957767e-01
-9.4324693084e-02
-5.3093284369e-01
-9.1005802155e-02
1.7924718857e+00
-1.2200591564e+00
-1.1930768490e+00
-7.1274185181e-01
-6.1433684826e-01
-3.0668374896e-01
-3.6481755972e-01
-4.1621887684e-01
1.1198114157e+00
5.3130424023e-01
4.7083002329e-01
-1.0382559299e+00
-8.9043611288e-01
-7.0469611883e-01
-7.0667661726e-02
-4.4729495049e-01
-8.4155249596e-01
6.4431506395e-01
5.5468809605e-01
7.2983354330e-01
7.4317705631e-01
1.8589232862e-01
-1.9745740891e+00
-3.2417948246e+00
-1.1691554785e+00
-6.0449951887e-01
-5.2099955082e-01
3.2045722008e-01
-1.4815891981e+00
1.7794996500e+00
8.2958596945e-01
1.7613735050e-02
7.6085692272e-03
3.5113906860e-01
9.0841829777e-01
4.5894733071e-01
-3.2858476639e+00
-2.7463212013e+00
-1.9750075340e+00
-2.0455086231e+00
-1.4465656281e+00
-1.5482152700e+00
-1.3078151941e+00
2.7323755622e-01
7.0752143860e-01
8.8567501307e-01
1.0043106079e+00
1.3448804617e+00
2.0715889931e+00
2.8374366760e+00
-9.7601103783e-01
-6.3246655464e-01
-3.6745998263e-01
2.6555323601e-01
3.1564723700e-02
3.7874665856e-01
6.0113531351e-01
-2.4680006504e+00
-3.1830747128e+00
-2.6013050079e+00
-2.1501812935e+00
-1.2898443937e+00
-2.2415317595e-01
-1.0204828978e+00
-4.1090682149e-01
-6.4651882648e-01
-1.0370560884e+00
-1.2492942810e+00
-1.7015095949e+00
-2.4966797829e+00
-2.2374148369e+00
-3.2379043102e-01
-1.8883240223e-01
-5.1885342598e-01
-2.4732631445e-01
-8.8954038918e-02
-7.2087116539e-02
-4.4239231944e-01
1.6094772816e+00
2.2533161640e+00
7.1287345886e-01
1.3220866919e+00
-2.3445899785e-01
1.0095599294e-01
2.7895683050e-01
4.5467704535e-02
6.6271759570e-02
5.2463936806e-01
3.1337648630e-01
8.0050998926e-01
3.3833539486e-01
2.8849694133e-01
-1.2382360697e+00
-8.2864147425e-01
-3.2106116414e-01
-4.6671923995e-01
1.9050081074e-01
1.7353740931e+00
2.3862223625e+00
-2.9615018368e+00
-3.4801225662e+00
-3.2989683151e+00
-2.6764097214e+00
-2.2855589390e+00
-2.7158374786e+00
-1.3484359980e+00
1.4044339657e+00
2.0483558178e+00
3.1216645241e+00
1.6886521578e+00
1.5126346350e+00
1.3199563026e+00
1.2914007902e+00
4.8091712594e-01
7.6749521494e-01
-1.5700691938e-01
1.0888414383e+00
8.0829101801e-01
-2.2483576834e-01
6.4769166708e-01
-3.3612251282e-02
1.3860092163e+00
9.9448990822e-01
2.4416723251e+00
1.3402599096e+00
3.2683267593e+00
2.4079866409e+00
-7.5014078617e-01
-1.0486990213e+00
-1.5322525799e-01
8.3600813150e-01
-3.6723294854e-01
2.7003611904e-03
-1.5119014978e+00
2.6250340939e+00
2.7215921879e+00
2.0765962601e+00
3.2372522354e+00
1.0899734497e+00
9.9765598774e-01
5.0825297832e-01
-3.2088318467e-01
4.1845357418e-01
7.3144853115e-01
9.4599634409e-01
1.6232585907e+00
8.7428361177e-02
7.9910480976e-01
2.0514369011e+00
6.1448127031e-01
1.8507021666e+00
3.8591229916e-01
4.2005145550e-01
-1.7911489010e+00
-1.9715267420e+00
1.3537521362e+00
1.4662082493e-01
-3.9833953977e-01
1.5809808969e+00
7.0444780588e-01
1.2150919437e+00
1.6914771497e-01
5.0283735991e-01
4.2564240098e-01
1.0476100445e+00
7.3084914684e-01
6.5877586603e-01
8.0946195126e-01
-3.0467820168e-01
-2.1307451725e+00
-2.3278832436e+00
-3.3674941063e+00
-4.0894932747e+00
-3.3976688385e+00
-4.1241307259e+00
-3.8859379292e+00
-5.0090259314e-01
1.2690834999e+00
1.5008959770e+00
1.3704744577e+00
6.4594769478e-01
5.0055134296e-01
-3.1363233924e-01
-6.9598227739e-01
-3.3810621500e-01
8.8087365031e-02
-7.7736318111e-01
1.2199877203e-01
-2.0849423110e-01
-8.9557088912e-02
-9.6064013243e-01
-1.1043759584e+00
-1.6081650555e-01
-4.5093232393e-01
5.0054192543e-01
-7.4968407862e-03
5.3154546022e-01
-4.6138894558e-01
1.6687114239e+00
-6.8753319979e-01
-6.6683936119e-01
-2.7864563465e+00
-3.3611152172e+00
-2.7855491638e+00
-2.1471407413e+00
-1.9505634308e+00
-1.0171260834e+00
-6.6775095463e-01
-1.1799367517e-01
-2.0234813690e+00
-1.2346481085e+00
-6.4479184151e-01
-5.6017982960e-01
-9.2164385319e-01
-2.2116060257e+00
-3.6552598476e+00
-4.9750957489e+00
-4.4295563698e+00
-9.8392540216e-01
-1.9772038460e+00
2.3693220615e+00
8.9848774672e-01
1.3990844488e+00
5.7253283262e-01
5.5823737383e-01
5.6156998873e-01
-8.4958422184e-01
1.4927265048e-01
1.0114579648e-01
7.9928863049e-01
6.8281805515e-01
1.1560407877e+00
4.3679687381e-01
1.6983202100e-01
6.3736826181e-01
-2.2633808851e-01
2.5515395403e-01
2.7742800117e-01
5.1927524805e-01
7.1245777607e-01
1.0269848108e+00
8.9465671778e-01
2.7366156578e+00
1.3993360996e+00
1.8177962303e+00
-1.1693077087e+00
-5.2350533009e-01
-8.7363713980e-01
-1.4313837290e+00
-1.6535009146e+00
-2.4011619091e+00
-3.4192256927e+00
-3.4635508060e+00
-2.7655303478e+00
-9.6064138412e-01
-1.5246672630e+00
-7.7138602734e-01
6.3195742667e-02
6.2232482433e-01
8.0687129498e-01
-5.9335696697e-01
-1.3226974010e+00
9.1386520863e-01
1.0444858074e+00
2.2037580013e+00
1.9178955555e+00
8.1854355335e-01
-3.4964936972e-01
4.7325214744e-01
-7.5241291523e-01
-3.3894115686e-01
1.7460622787e+00
1.1883168221e+00
2.6907199621e-01
7.8306150436e-01
4.2888736725e-01
-1.0336219519e-01
-2.1395464242e-01
2.6192259789e-01
6.7831784487e-01
1.2796267271e+00
1.4389118552e-01
9.2895202339e-02
2.0776844025e-01
-9.2046809196e-01
2.4215212464e-01
-3.5888832808e-01
3.0755898356e-01
3.7710008025e-01
-3.5690969229e-01
-3.5517111421e-01
-1.0013196468e+00
-9.7909998894e-01
-2.3968701363e+00
-2.7147219181e+00
-6.3499403000e-01
1.3956178725e-01
2.6612532139e-01
6.6977208853e-01
3.6965826154e-01
5.7503598928e-01
7.3760676384e-01
7.7335673571e-01
5.9870517254e-01
8.7229214609e-02
6.1139303446e-01
1.2808445692e+00
5.4267871380e-01
1.0717884302e+00
4.7437125444e-01
4.4888362288e-01
7.8538942337e-01
5.5334508419e-01
4.7982403636e-01
1.0115277767e+00
4.1761049628e-01
5.3604787588e-01
7.9879456758e-01
-2.2347298265e-01
-6.0468898155e-03
-1.3583431244e+00
-2.8192241192e+00
-4.6902904510e+00
8.3250373602e-01
3.5272240639e-01
1.2705153227e-01
4.1166245937e-01
1.3380318880e-01
-2.6060795784e-01
-5.3941762447e-01
-6.7729318142e-01
-1.1909539700e+00
-1.5857330561e+00
-1.8019120693e+00
-3.0562171936e+00
-3.5604977608e+00
-3.5811665058e+00
2.1771948338e+00
6.8547153473e-01
-3.8184002042e-02
-8.8237321377e-01
-7.3454946280e-01
2.0472857356e-01
1.5479292870e+00
4.5816025138e-01
1.8138395548e+00
1.4520423412e+00
7.0809245110e-01
1.0723193884e+00
4.2869284749e-01
1.0900381207e-01
5.5704766512e-01
2.4897794425e-01
4.7489294410e-01
5.2568435669e-01
7.3766869307e-01
4.2340326309e-01
-2.1394813061e-01
-8.4775960445e-01
-1.5988239050e+00
-2.8944463730e+00
-1.7005428076e+00
-3.4015028477e+00
-2.5886046886e+00
-3.1144263744e+00
-8.5367318243e-03
-8.7249845266e-02
1.4160478115e-01
-1.0871440172e-01
-1.0418102145e-01
-4.0875488520e-01
-8.1421214342e-01
4.9517562985e-01
-6.2220752239e-01
-1.5318033695e+00
-2.4694006443e+00
-2.6144399643e+00
-3.7376623154e+00
-2.6936058998e+00
1.2560377121e+00
1.2690262794e+00
3.9268466830e-01
6.4260417223e-01
1.0896950960e-01
-4.5888423920e-01
-1.9887375832e+00
-4.1977736354e-01
-5.3081274033e-01
3.0918645859e-01
8.8217395544e-01
-6.4627921581e-01
-2.6800158024e+00
-2.2971439362e+00
-1.9430867434e+00
-1.3036719561e+00
-5.8322269469e-02
1.4023078680e+00
1.6085851192e-01
-4.0995234251e-01
-5.5741232634e-01
8.3017796278e-02
-4.1730535030e-01
-3.9332452416e-01
-4.4658076763e-01
-1.2266750336e+00
-1.2742712498e+00
-1.4468914270e+00
-8.7807595730e-01
-6.4962369204e-01
-6.7396074533e-01
5.2794039249e-01
-8.8949972391e-01
5.0306409597e-01
1.1091545224e-01
-1.0410064459e+00
-1.0700836182e+00
-8.8028484583e-01
2.5282302499e-01
5.4455935955e-01
-6.6460603476e-01
-1.9914286137e+00
1.9315599203e+00
4.8807182908e-01
8.9268386364e-01
5.4677635431e-01
-5.8266989887e-02
-1.2641972303e+00
-1.6696400642e+00
-1.4043907821e-01
-3.7357896566e-01
2.7530214190e-01
2.4657733738e-01
-9.6748447418e-01
-3.3789215088e+00
-3.2832691669e+00
2.0334122181e+00
1.3687887192e+00
1.0041034222e+00
-3.7921482325e-01
-2.5836462975e+00
-4.7363786697e+00
-4.0554776192e+00
-8.3507537842e-01
-1.3738262653e+00
-6.4274322987e-01
9.2982518673e-01
1.1248070002e+00
1.5931856632e-01
2.9465675354e-01
2.8221288323e-01
1.5075826086e-02
2.3130585253e-01
3.2174593210e-01
1.2390346825e-01
3.6100724339e-01
3.3422532678e-01
3.0043202639e-01
1.0151969194e+00
1.0321483612e+00
2.1253056526e+00
1.0584108829e+00
1.9157863855e+00
1.2194300890e+00
-6.4813667536e-01
-3.9678782225e-01
2.5737616420e-01
1.3104392290e+00
1.5544803143e+00
3.7254369259e-01
2.1402424574e-01
1.3098704815e+00
3.6373946667e+00
1.6065691411e-01
-3.4710040689e-01
2.1746687889e+00
-9.2711865902e-01
1.1948750019e+00
8.1581853330e-02
1.2417761236e-01
-9.4192695618e-01
-9.7940313816e-01
-3.4783506393e-01
-2.3518262804e-01
6.9998854399e-01
2.8464910984e+00
2.3975644112e+00
2.0764148235e+00
1.7630261183e+00
1.4025833607e+00
7.5569343567e-01
2.0087098703e-02
-1.5589205921e-01
-1.6355507076e-01
1.1143857241e-01
-5.7584857941e-01
-1.1141008139e+00
-3.8087282181e+00
-3.2903361320e+00
-2.1101590991e-01
-2.3800788820e-01
9.1711834073e-02
1.7532177269e-01
1.3433700800e-01
-1.5393066406e-01
-3.1040489674e-01
2.2617296875e-01
4.2075777054e-01
-1.8731404841e-01
-2.2357197106e-01
-6.9508594275e-01
-1.0109075308e+00
-8.7575405836e-01
-1.5195876360e+00
-1.7742412090e+00
-2.1677284241e+00
-3.0210609436e+00
-2.7469854355e+00
-1.8948079348e+00
-1.1357312202e+00
1.1326258630e-01
1.1937844753e-01
1.4366537333e-01
9.8631680012e-02
1.4800296724e-01
2.3645220697e-01
2.4438120425e-01
-2.8657467365e+00
-3.5893008709e+00
-4.3811225891e+00
-2.8639838696e+00
-2.0711696148e+00
-7.9714369774e-01
-1.1891366541e-01
-8.7433829904e-02
2.0470227301e-01
3.7665116787e-01
3.1687158346e-01
2.2241476178e-01
4.4426408410e-01
4.8992475867e-01
-1.6377481222e+00
-1.9157737494e+00
-4.1514611244e+00
-4.0509686470e+00
-1.0920164585e+00
-1.6504347324e+00
1.2105213404e+00
-5.6056082249e-01
-1.2426013947e+00
-4.4213104248e+00
-6.0507264137e+00
-5.7320032120e+00
-7.8187808990e+00
-6.4816460609e+00
-8.9322977066e+00
-7.2051362991e+00
-3.3147230148e+00
-1.3527008295e+00
-4.4785127044e-01
3.9480009675e-01
-4.6954688430e-01
-8.8270397186e+00
-9.4968338013e+00
-3.2037088871e+00
-6.5320301056e-01
-1.5145094693e-01
2.2312185168e-01
3.5457840562e-01
-1.9257803261e-01
-8.0208528042e-01
-5.1193851233e-01
6.8662887812e-01
6.8044400215e-01
2.8771171570e+00
-1.2375659943e+00
-2.3703072071e+00
-2.5477018356e+00
-1.1063346863e+00
7.5293588638e-01
5.3932863474e-01
1.4778376818e+00
7.5007385015e-01
1.3835989237e+00
-3.5644948483e-01
1.3492419720e+00
5.8889108896e-01
1.8001674414e+00
3.3329741955e+00
2.2235054970e+00
6.8630561233e-02
5.7004803419e-01
3.1519192457e-01
2.4733128026e-02
-4.3655689806e-02
1.9716528058e-01
-4.8718314618e-02
-1.1104688644e+00
-2.1293368340e+00
-7.5119274855e-01
-1.4650533199e+00
-1.2879661322e+00
-1.5145831108e+00
-1.7325907946e+00
-3.3560109138e-01
-1.9451922178e+00
-6.8713881075e-02
6.2710303068e-01
-3.2071730494e-01
6.6280430555e-01
7.0580416918e-01
-6.0976061821e+00
-5.4001154900e+00
-5.7385325432e+00
-4.0491504669e+00
-2.6015746593e+00
-4.9952629209e-01
-2.8547215462e-01
1.6083173752e+00
1.6360422373e+00
1.0395749807e+00
3.0354335904e-01
1.9641834497e-01
3.9514103532e-01
-3.5324089229e-02
-1.7630000412e-01
3.0542874336e-01
6.8183225393e-01
2.8761297464e-01
8.8705921173e-01
5.1861077547e-01
4.8323741555e-01
-8.8395202160e-01
-3.7161362171e-01
1.0729613900e-01
-1.4572097361e-01
9.9252723157e-02
3.2336276770e-01
3.1362712383e-02
9.9810576439e-01
-1.4527035952e+00
-8.4691089392e-01
-2.0567913353e-01
9.3016213179e-01
-1.0983470678e+00
-1.3966612816e+00
4.4571918249e-01
4.9595129490e-01
-2.2976048291e-01
-6.0695719719e-01
-8.8422751427e-01
-1.9877957106e+00
-5.7523794174e+00
-1.1832766533e+00
-1.9689961672e+00
-5.0729122162e+00
-4.0412135124e+00
-1.0712738037e+00
-6.7873156071e-01
-2.5082123280e-01
-2.2703371942e-01
-1.0812903941e-01
4.1140708327e-01
7.7771317959e-01
3.8737770915e-01
-5.3799998760e-01
-6.0243692398e+00
-1.7201390862e-01
5.1138871908e-01
-2.0032809675e-01
-6.6439908743e-01
6.3682276011e-01
1.3410208225e+00
2.4975180626e-02
1.0201669931e+00
2.4622669816e-01
-2.7316942811e-01
-1.0370331584e-03
1.1983842850e+00
4.5989069343e-01
8.5261529684e-01
-1.0201763153e+01
-7.5837182999e+00
-2.6906449795e+00
-1.2716141939e+00
-3.6998945475e-01
-1.5784208477e-01
-2.3229420185e-01
-3.7127413750e+00
-2.3205881119e+00
-1.1259996891e+00
-1.1729161739e+00
-1.1407419443e+00
1.1502124071e+00
1.4960186481e+00
1.3569132090e+00
1.6904025078e+00
1.6076476574e+00
1.2663311958e+00
1.5404675007e+00
1.2367092371e+00
1.0804128647e+00
-3.2227110863e-01
8.1216767430e-02
1.7503805459e-01
-9.0184211731e-01
-9.2632079124e-01
-3.8651505113e-01
-5.0324517488e-01
1.0556534529e+00
1.0193886757e+00
1.6351310015e+00
4.7324734926e-01
2.7320721149e+00
1.5327024460e-01
-1.1661101133e-01
-1.7122206688e+00
-7.9573172331e-01
1.6275729239e-01
8.9223992825e-01
1.9711081684e-01
9.4238531590e-01
9.2614161968e-01
4.7348716855e-01
-9.1022890806e-01
-1.6172229052e+00
-8.2453072071e-01
1.4568048716e-01
4.1602939367e-02
8.1300109625e-02
4.5190048218e-01
-2.6749116182e-01
1.6204492748e-01
2.1855580807e-01
4.5501586795e-01
4.0894158185e-02
-1.1319523305e-01
-5.1615729332e+00
-3.9833223820e+00
-5.3980588913e+00
-2.3647735119e+00
-2.6798257828e+00
-2.0142452717e+00
-7.1681749821e-01
1.9653409719e-02
6.5755528212e-01
-4.2710402608e-01
-1.4116464853e+00
-4.2501163483e+00
-5.1798901558e+00
-4.3975381851e+00
-2.2799308300e+00
-1.4043720961e+00
7.2416847944e-01
-5.5699253082e-01
-3.8500476629e-02
6.1438357830e-01
1.5407376289e+00
-1.2573240995e+00
4.1359063983e-01
1.3872188330e+00
-1.9579261541e+00
-4.9918141961e-01
-2.7439558506e-01
-1.8152846098e+00
-2.8304043412e-01
-2.4094682932e-01
-4.0972167253e-01
-6.0091346502e-01
-1.1681178808e+00
-3.1062546372e-01
-2.1721050739e+00
2.3816740513e-01
3.5177725554e-01
3.2756116986e-01
2.2763529420e-01
2.0372048020e-01
1.9680234790e-01
2.9591423273e-01
1.5998204947e+00
1.5253648758e+00
1.4511817694e+00
1.3989735842e+00
1.5314958096e+00
1.4398165941e+00
1.5066651106e+00
-9.2079550028e-02
-5.2311676741e-01
-2.0342533588e+00
-3.6106150150e+00
-2.0789833069e+00
-5.9398370981e-01
-2.6939567924e-01
3.0773344636e-01
-4.5123970509e-01
-2.1632748842e-01
-1.0902948380e+00
2.3053389788e-01
5.4174321890e-01
9.3123418093e-01
6.9401347637e-01
8.9318144321e-01
9.7249859571e-01
1.1662751436e+00
1.2213652134e+00
1.2912421227e+00
1.0635504723e+00
3.4248349667e+00
3.0937373638e+00
3.0327663422e+00
6.4016526937e-01
1.6312986612e+00
2.4663548470e+00
1.1924281120e+00
-3.1060520560e-02
5.2247859538e-02
1.1629863828e-01
2.9730040580e-02
1.9014184363e-03
-1.3648865744e-02
-8.4878504276e-03
2.7731497288e+00
2.7040116787e+00
2.9947228432e+00
2.2500362396e+00
1.8972039223e+00
3.7097346783e-01
8.1594526768e-01
-7.8028313816e-02
-1.1254522018e-02
-2.2990414500e-01
-1.7302076519e-01
-5.0626248121e-01
-1.9053527117e+00
-2.9089479446e+00
1.8684032559e-01
-5.5241155624e-01
-4.0978583694e-01
-1.2821846008e+00
-2.6657004356e+00
-4.5040893555e+00
-5.3344717026e+00
-2.1153068542e+00
-7.4436837435e-01
-1.3992998600e+00
-2.2832264900e+00
-2.8421607018e+00
-2.7505080700e+00
-2.0412690639e+00
1.2942180037e-01
3.3114880323e-02
5.7738262415e-01
1.1379337311e-01
6.6537231207e-01
5.5523574352e-01
1.4000470936e-01
-7.0534265041e-01
-9.4764560461e-02
2.6170974970e-01
1.6449865103e+00
1.3293083012e-01
2.7696824074e+00
-2.2809183598e+00
-9.9703723192e-01
-3.3318123221e-01
-3.2469034195e-01
-1.6525068283e+00
2.0368279889e-02
-2.7645198628e-02
1.3948842287e+00
-5.9776318073e-01
-1.1851812601e+00
-1.6607601643e+00
-1.9553486109e+00
-2.0569217205e+00
-2.6547205448e+00
-2.0273768902e+00
-2.1481754258e-02
-1.3106837869e-01
-3.6465311050e-01
-6.6019815207e-01
-2.6733140945e+00
-5.4605555534e+00
-6.7699046135e+00
-3.7721915245e+00
-2.9722998142e+00
-2.8841180801e+00
-4.0773334503e+00
-5.1097402573e+00
-6.1633963585e+00
-4.3435535431e+00
-1.2863351107e+00
-8.9552146196e-01
-2.7269360423e-01
-1.6825901270e+00
-2.3028302193e+00
-5.2590596676e-01
-9.5565462112e-01
7.4668407440e-01
8.4426736832e-01
9.9368226528e-01
1.0931105614e+00
1.0998936892e+00
1.2628498077e+00
1.1071619987e+00
3.1502968073e-01
4.0510675311e-01
1.6716511250e+00
1.3238933086e+00
2.5526185036e+00
1.7908986807e+00
2.4373540878e+00
6.0841137171e-01
4.6660834551e-01
1.1137694120e+00
1.0852327347e+00
1.1879392862e+00
2.0807220936e+00
1.2586168051e+00
-2.8390941620e+00
5.8843183517e-01
-3.9405071735e-01
9.4223511219e-01
3.9290201664e-01
3.3565238118e-01
7.4758368731e-01
1.9858086109e+00
3.7345383167e+00
1.6789556742e+00
2.1455998421e+00
1.5129340887e+00
6.0477465391e-01
8.2808345556e-01
3.9760868996e-02
7.9539895058e-01
9.1864711046e-01
9.9199634790e-01
1.0403836966e+00
1.2314995527e+00
1.1468665600e+00
-7.0150995255e-01
-1.0983314514e+00
-9.1841924191e-01
-4.3463402987e-01
8.2653206587e-01
5.5287206173e-01
-9.9664771557e-01
2.5593209267e-01
2.6288580894e-01
4.6825778484e-01
3.6924815178e-01
2.8973981738e-01
3.2421734929e-01
2.4527050555e-01
-3.9138460159e-01
-6.1980468035e-01
2.5353917480e-01
2.5511106849e-01
1.8248541281e-02
5.2190858126e-01
1.4164203405e+00
2.7403168380e-02
1.0070236027e-01
6.1430726200e-02
1.3867783546e-01
7.2163045406e-02
-1.6850237548e-01
-3.0256128311e-01
-5.1702594757e-01
-2.5766250491e-01
-1.2790282071e-01
-1.6441837549e+00
-1.4488364458e+00
-1.4140273333e+00
-1.5603160858e+00
6.8947869539e-01
1.2625590563e+00
5.2746510506e-01
6.9018727541e-01
3.3460676670e-01
9.9539153278e-02
-4.6158209443e-02
-1.4448659420e+00
-1.9081138372e+00
-1.8538603783e+00
-2.1046845913e+00
-2.1787693501e+00
-1.9225226641e+00
-2.1248593330e+00
-1.1060658693e+00
-8.0681663752e-01
-1.3101998568e+00
-1.0974267721e+00
-1.6860985756e+00
-9.6581816673e-01
3.4351536632e-01
4.6406880021e-01
1.0765931606e+00
8.5391265154e-01
1.0405504704e+00
6.1334949732e-01
7.0505857468e-01
-1.3740410097e-02
-1.4427877963e-01
7.0109981298e-01
3.7372919917e-01
1.4899961948e+00
1.4418588877e+00
1.9811896086e+00
1.3214393854e+00
5.5944621563e-01
9.7674190998e-01
-2.6761242747e-01
6.2365674973e-01
1.1381971836e+00
1.9113049507e+00
9.7189879417e-01
-2.8304760456e+00
-2.7600085735e+00
-2.7375159264e+00
-3.8383016586e+00
-3.1215188503e+00
-3.8684458733e+00
-4.7610774040e+00
-1.4402286708e-01
6.2736831605e-03
-9.7918248177e-01
3.9906242490e-01
-5.5332884192e-02
2.5954607129e-01
-4.5330446959e-01
-1.8222847581e-01
3.0912172794e-01
1.0768728256e+00
4.7544371337e-03
5.7315260172e-01
-5.3736335039e-01
-1.7526063919e+00
-3.9673666954e+00
-3.5468397141e+00
-3.0413227081e+00
-2.7013254166e+00
-2.8565657139e+00
-3.4129807949e+00
-3.5324711800e+00
-7.3920220137e-02
4.1804400086e-01
2.9803639650e-01
6.7720687389e-01
1.3851211071e+00
-4.5026829839e-01
7.4589234591e-01
-1.2068178654e+00
-7.0737141371e-01
-9.8674511909e-01
-8.4237259626e-01
2.6462155581e-01
1.9164748490e-01
8.1448033452e-02
1.5804080963e+00
1.1994000524e-01
5.0044727325e-01
-4.4229885936e-01
-4.8975385725e-02
5.3986757994e-01
1.3845497370e+00
1.1043077707e+00
1.0814294815e+00
1.8904910088e+00
1.1190938950e+00
1.1842052937e+00
6.7316663265e-01
4.9283245206e-01
-6.8883079290e-01
-8.8585036993e-01
-5.7883286476e-01
-5.4425400496e-01
-5.0238537788e-01
-1.1485706568e+00
-9.5851004124e-01
2.4804204702e-01
3.6196362972e-01
-1.0161459446e-01
-6.6932791471e-01
-7.8119164705e-01
-1.0289610624e+00
-1.1394153833e+00
-4.2644479871e-01
8.9860893786e-02
1.5870206058e-01
-9.4583529234e-01
4.6166718006e-01
6.4072859287e-01
6.9352978468e-01
-1.3626729250e+00
-1.1138253212e+00
-1.0745991468e+00
3.1631246209e-01
-1.3679106236e+00
-9.9156282842e-02
-4.1447162628e-01
5.3214478493e-01
4.3589618802e-01
-4.7452741861e-01
1.2403938770e+00
1.3600113988e-01
2.8165987134e-01
2.2288723290e-01
-3.9256730676e-01
-1.2483979464e+00
-5.7514595985e-01
-9.9875038862e-01
-7.1911072731e-01
-4.9961358309e-01
2.6738151908e-01
-2.7097544074e-01
-1.8475625515e+00
3.0831831694e-01
-1.3172655106e+00
-6.4839339256e-01
-1.6360673904e+00
-7.7641838789e-01
4.4850821495e+00
3.7138092518e+00
2.9799008369e+00
3.3274767399e+00
3.2791280746e+00
2.6144661903e+00
2.5830652714e+00
-2.8946952820e+00
-3.5512640476e+00
-3.6233057976e+00
-2.8793931007e+00
-3.5606887341e+00
-2.9784173965e+00
-3.5628788471e+00
-8.5009980202e-01
-8.1270557642e-01
-8.1487995386e-01
-1.0320326090e+00
-1.1078740358e+00
-1.2447097301e+00
-1.1388421059e+00
1.2675960064e+00
1.3729479313e+00
1.6164221764e+00
1.4923663139e+00
1.2505120039e+00
1.1513600349e+00
7.5222975016e-01
-5.9384042025e-01
-5.0268173218e-01
-3.0385827646e-02
-2.0687766373e-01
8.8617753983e-01
5.9892368317e-01
7.1885561943e-01
6.8575495481e-01
1.0518302917e+00
-7.2298216820e-01
-3.5405838490e-01
2.2416698933e-01
1.9377864599e+00
1.5899621248e+00
-3.0981382728e-01
3.7886461616e-01
1.4486631751e-01
-1.0176496953e-01
1.6917455196e-01
-3.4618097544e-01
8.2343977690e-01
4.2913842201e-01
2.5814540684e-02
9.0046685934e-01
-5.0918110646e-03
3.0509415269e-01
5.5808919668e-01
-3.4848389030e-01
-1.1437268257e+00
-1.3490428925e+00
-1.7146991491e+00
-1.4678143263e+00
-1.6246621609e+00
-1.6347211599e+00
-1.3707948923e+00
1.1015423387e-01
6.6212022305e-01
-9.9051743746e-02
4.1675147414e-01
2.7603369951e-01
3.5196909308e-01
4.4323754311e-01
1.8503534794e-01
4.6428772807e-01
6.3889765739e-01
7.1076607704e-01
7.4413204193e-01
3.8820427656e-01
1.6370871663e-01
2.3991940916e-01
1.4035140276e+00
2.1852378547e-01
1.8319256604e-01
-3.8281381130e-01
-4.8343926668e-01
5.2427208424e-01
4.2210093141e-01
1.4944819212e+00
1.5441838503e+00
1.7306696177e+00
7.8137737513e-01
1.1247007847e+00
4.1861227155e-01
-6.8001574278e-01
2.0279195160e-02
-4.6670037508e-01
3.0537974834e-01
-3.7544077635e-01
-6.7052960396e-01
-8.0527621508e-01
7.5471365452e-01
3.4664121270e-01
5.8870595694e-01
-2.2721521556e-01
-7.2015547752e-01
-2.0616541803e-01
-4.2126688361e-01
1.2799767256e+00
1.5172355175e+00
1.5811102390e+00
1.3793271780e+00
9.5617938042e-01
9.7321569920e-01
3.0590739846e-01
-5.9192925692e-01
-1.9406111240e+00
-9.0546511114e-02
-1.4798812866e+00
-1.1672620773e+00
-1.2398147583e+00
4.7070741653e-01
-3.6022076011e-01
5.9290032834e-02
-3.0928158760e-01
-1.7240179703e-02
-1.4356195927e-01
1.0510711670e+00
-9.2633283138e-01
5.9123878479e+00
4.1439719200e+00
4.9676132202e+00
5.0599727631e+00
4.8616614342e+00
6.2984709740e+00
6.6886162758e+00
-4.8831624985e+00
-3.2860028744e+00
-4.1670827866e+00
-4.3198933601e+00
-4.3849072456e+00
-2.5914337635e+00
-2.5651218891e+00
-6.4065760374e-01
-6.6899853945e-01
-5.7936787605e-01
-1.2806144953e+00
-1.5930777788e+00
-1.8092423677e+00
-1.8799242973e+00
1.0732795000e+00
1.1748425961e+00
1.2133445740e+00
1.4257984161e+00
1.8225127459e+00
1.6248545647e+00
7.1934729815e-01
7.7243632078e-01
1.3420350552e+00
9.8603022099e-01
1.7922270298e+00
1.1820074320e+00
1.8616341352e+00
2.0739178658e+00
-8.3705025911e-01
-6.3493770361e-01
-8.2556819916e-01
-2.1005210280e-01
-5.5408060551e-01
5.9745550156e-01
6.4077430964e-01
1.4026375115e-01
-2.0805957317e+00
-9.2567729950e-01
-1.2640867233e+00
-1.4867477417e+00
-1.1323969364e+00
-1.4199965000e+00
-1.4332379103e+00
-1.1584712267e+00
-1.1960134506e+00
-1.0008949041e+00
-8.1658709049e-01
-7.2853749990e-01
-5.5896180868e-01
7.3679351807e-01
7.4074201286e-02
-8.7085694075e-01
3.0471742153e-01
-3.9070150256e-01
3.9894536138e-01
-9.1282725334e-02
-2.2396588326e-01
4.2130476236e-01
6.4566373825e-01
1.8597126007e+00
1.4678732157e+00
1.0471693277e+00
1.2525663376e+00
3.4054630995e-01
7.5938731432e-01
8.6240553856e-01
1.2359050512e+00
4.3757909536e-01
4.5211532712e-01
4.0689441562e-01
-2.6394178867e+00
-2.1452360153e+00
-2.5800070763e+00
-1.9663113356e+00
-1.7515236139e+00
-1.4915723801e+00
-1.6579958200e+00
-2.0855622292e+00
-2.2390954494e+00
-2.7738864422e+00
-2.0923137665e+00
-1.4874486923e+00
-3.4670708179e+00
-1.0380388498e+00
-1.7347044945e+00
-2.1706850529e+00
-9.0646207333e-01
-1.2498111725e+00
-1.0451740026e+00
-1.9473024607e+00
-1.4776141644e+00
5.7702970505e+00
5.9170484543e+00
5.9927253723e+00
5.2536001205e+00
6.3922209740e+00
5.8883218765e+00
6.8697586060e+00
-1.4540655613e+00
-2.3960607052e+00
-9.7748672962e-01
-6.6504269838e-01
-4.0483078361e-01
-3.6623576283e-01
9.5615005493e-01
2.2436514497e-01
6.3255643845e-01
6.4097756147e-01
1.0202282667e+00
9.0236371756e-01
1.0847235918e+00
8.1895560026e-01
-1.3668302298e+00
-2.8367310762e-01
-9.7795194387e-01
2.3775580525e-01
-1.3261464834e+00
-1.3279550076e+00
-1.2790207863e+00
-3.1983736157e-01
-6.0241901875e-01
-2.9885813594e-01
-3.6708977818e-01
-1.0081679821e+00
-8.0249959230e-01
-1.4098021984e+00
2.0105459690e+00
1.9403935671e+00
8.7160080671e-01
2.0077033043e+00
1.9921753407e+00
2.9419832230e+00
3.0474777222e+00
2.0879626274e-01
9.0329274535e-02
2.5611269474e-01
-4.3024089932e-01
-5.2188593149e-01
-4.6217241883e-01
1.5995831788e-01
-1.8661388159e+00
-2.0844275951e+00
-1.8292789459e+00
-2.4299819469e+00
-2.1212699413e+00
-1.9652138948e+00
-1.8957681656e+00
9.2109307647e-02
-6.0177624226e-01
-3.7785747647e-01
2.0195640624e-01
-6.4401233196e-01
-1.0369664431e+00
-1.1653811932e+00
-3.6789155006e-01
1.3411562443e+00
1.6628879309e+00
-1.5041439235e-01
-1.3721693754e+00
-2.6184973717e+00
-2.2606780529e+00
1.7746578157e-01
4.3612194061e-01
1.7156900465e-01
1.3561312854e-01
1.9857379794e-01
-1.5637278557e-01
-4.6102541685e-01
1.7799052596e-01
1.1006618738e+00
9.9662494659e-01
2.3019466400e+00
1.8150289059e+00
-9.5830827951e-01
3.2221546769e-01
2.2652894258e-01
6.3212668896e-01
2.6529255509e-01
4.8658511043e-01
2.7313342690e-01
1.0697318241e-02
-9.1798573732e-02
2.0627598763e+00
2.3954017162e+00
3.7050130367e+00
3.6209776402e+00
6.5510768890e+00
1.5807116032e+00
2.3109917641e+00
4.7590109706e-01
3.0232599378e-01
2.8669890016e-02
-5.0764940679e-02
-1.8365706503e-01
-4.7337320447e-01
7.6856054366e-02
2.6959602833e+00
2.5389533043e+00
2.8431823254e+00
2.6229794025e+00
4.0979237556e+00
1.3951112032e+00
1.4344115555e-01
6.6627651453e-02
5.1855760813e-01
-2.1151967347e-01
1.7229816318e-01
4.6731784940e-01
3.1906792521e-01
-1.2269800156e-01
-9.8261213303e-01
-1.6032880545e+00
-2.7595369816e+00
-2.4697144032e+00
-1.2725600004e+00
-1.5671337843e+00
1.8263242245e+00
1.7089203000e-01
1.9868122339e+00
1.5174572468e+00
1.1088618040e+00
-3.3103039861e-01
-7.7793037891e-01
-2.2258627415e+00
-1.2321205437e-01
1.8448237181e+00
-6.9231945276e-01
-1.4169422388e+00
-8.9758586884e-01
-2.4124832153e+00
-2.2697606087e+00
7.8043627739e-01
-7.2021603584e-01
-1.0136599094e-01
-5.8024036884e-01
-3.2147249579e-01
-1.4617200196e-01
-1.1969887018e+00
9.3088603020e-01
6.1155927181e-01
-1.8382308483e+00
-1.3396826982e+00
-1.3132704496e+00
6.0055911541e-01
5.2093935013e-01
6.2478327751e-01
1.7163404226e+00
1.8764472008e+00
6.4571356773e-01
7.2681492567e-01
-8.0506157875e-01
-1.5111143589e+00
1.4317812920e+00
2.0913169384e+00
1.9223827124e+00
1.0030386448e+00
1.3075581789e+00
7.2490835190e-01
4.3734505773e-01
9.6205973625e-01
9.8989433050e-01
9.3265497684e-01
1.2029697895e+00
-3.5729336739e-01
2.3757991195e-01
-3.5344934464e-01
1.0345500708e-01
6.9855272770e-01
-1.0987563133e+00
-4.4744816422e-01
-7.6056337357e-01
-1.0843410492e+00
-2.3956370354e+00
8.4362423420e-01
8.8699966669e-01
4.2080414295e-01
9.4927363098e-03
1.5980373323e-01
2.0714374259e-02
-8.1414377689e-01
3.5328456759e-01
-2.7227944136e-01
9.0976405144e-01
1.5219012499e+00
7.6439523697e-01
-1.1206219196e+00
-1.5228021145e+00
-2.2496447563e+00
-3.2502026558e+00
-3.2472777367e+00
2.3955614865e-01
9.7326084971e-02
9.0390700102e-01
3.3448331356e+00
5.9958583117e-01
1.5941176414e+00
1.2904838324e+00
1.3020455837e-02
-1.1334738135e-01
-5.0955450535e-01
-1.6497311592e+00
-4.6882946044e-02
5.3640151024e-01
7.7062642574e-01
8.8911324739e-01
2.3306265473e-01
1.1271219254e+00
7.6227939129e-01
2.9203835130e-01
4.9889144301e-01
3.3703017235e-01
-1.8469781876e+00
-2.3638775349e+00
-3.5876309872e+00
-2.0833511353e+00
9.9442672729e-01
2.1630406380e+00
-5.6522285938e-01
1.6647317410e+00
1.3099110126e+00
-3.5197249055e-01
-3.6967765540e-02
8.8879942894e-01
2.2382587194e-01
-1.1090684682e-01
-3.7384501100e-01
-3.0196747184e-01
-1.2518543005e-01
-1.0151060820e+00
9.6075624228e-01
3.7663869858e+00
7.4848395586e-01
2.6580178738e+00
1.5821242332e+00
2.4336757660e+00
4.8196988106e+00
4.3601149321e-01
-1.0279916227e-01
-3.6585786939e-01
-6.7336595058e-01
-1.2877255678e+00
-1.3844290972e+00
-2.6404533386e+00
6.0701948404e-01
-1.9748145714e-02
9.2771522701e-02
2.6468634605e-01
-4.4686809182e-01
-1.8384957314e-01
3.8950377703e-01
4.3952500820e-01
5.7083910704e-01
-9.0075075626e-01
1.5113519430e+00
-2.7508316040e+00
9.7539447248e-02
-3.8656499386e+00
1.1181678772e+00
4.7604358196e-01
2.8510695696e-01
2.8846025467e-01
-1.5739358664e+00
-3.4860413074e+00
-2.6743466854e+00
-5.7238250971e-01
7.9760849476e-01
-7.4635231495e-01
-8.5518461466e-01
-2.3372733593e-01
-4.0064673871e-02
3.7556976080e-02
1.5346577168e+00
7.3845928907e-01
2.5902378559e-01
4.7303005122e-03
4.6747997403e-03
-1.0696386546e-01
-9.7321897745e-01
1.4142102003e+00
7.0713454485e-01
3.2869243622e-01
7.4757212400e-01
-6.1073160172e-01
2.9115191102e-01
1.5888398886e+00
2.2925267220e+00
2.3417105675e+00
2.4213522673e-01
3.6331663132e+00
3.6122431755e+00
4.2970728874e+00
3.3201215267e+00
8.7970334291e-01
3.2052588463e-01
4.4135826826e-01
-1.4938411713e+00
-1.8475654125e+00
-3.2671248913e+00
-2.2561364174e+00
4.1774182320e+00
2.0540475845e+00
4.0858540535e+00
2.7569491863e+00
5.1784090996e+00
1.9766482115e+00
9.6590113640e-01
-1.2301532030e+00
-3.9748413563e+00
-5.8574366570e+00
-5.9177513123e+00
-3.6583359241e+00
-1.2286469936e+00
2.3521683216e+00
4.4289010763e-01
3.9624112844e-01
-3.1874394417e-01
-3.5635089874e-01
-5.4670810699e-01
-1.0113540888e+00
-1.9417059422e+00
-6.4457726479e-01
-1.4299916029e+00
-1.1584193707e+00
-2.0901002884e+00
-1.8212217093e+00
-2.2938697338e+00
-2.5299272537e+00
-5.1751112938e-01
7.2859250009e-02
1.0073294640e+00
1.1338522434e+00
-2.2799590230e-01
1.9765891135e-01
-4.8913213611e-01
-9.0312495828e-02
1.6760702133e+00
2.0368633270e+00
-4.0805864334e-01
9.7733837366e-01
1.3991873264e+00
1.6398439407e+00
1.9560299814e-01
4.2196568847e-01
3.0162706971e-01
-1.5856869519e-01
-4.5471611619e-01
-7.5672590733e-01
-1.0577857494e+00
-6.1093330383e-01
9.3920773268e-01
2.2570438385e+00
3.2219209671e+00
8.7006372213e-01
-5.6445020437e-01
4.2818602920e-01
3.6350300908e-01
4.4642573595e-01
3.0755707622e-01
-2.7679890394e-02
-3.7074688077e-01
-1.2061623335e+00
-1.6858290434e+00
3.8809840679e+00
4.1560702324e+00
1.3211187124e+00
8.4575378895e-01
1.0668112040e+00
1.2851961851e+00
4.8570966721e+00
5.3540295362e-01
-6.5743398666e-01
-3.3219273090e+00
-3.7942013741e+00
-2.0303800106e+00
-2.9309323430e-01
4.7447460890e-01
2.6471769810e-01
-3.3175161481e-01
-1.1701555252e+00
-2.3102173805e+00
-5.4697465897e-01
6.3373023272e-01
2.3006772995e+00
2.1034543514e+00
2.7151951790e+00
9.7336746752e-02
-2.4100914001e+00
-2.9900419712e+00
-2.0091009140e+00
-2.6142556667e+00
-1.2352912426e+00
-1.6407893896e+00
-2.0456912518e+00
-2.0129864216e+00
-2.7277357578e+00
-3.0527791977e+00
-3.4077105522e+00
-2.0845365524e+00
-1.5076018572e+00
-2.5189130306e+00
-3.0594773293e+00
-1.2886594534e+00
-1.8948150873e+00
1.2740770355e-02
2.8679792881e+00
4.8033696413e-01
1.0760414600e+00
-3.0971488357e-01
5.7114309072e-01
-4.9292284250e-01
6.1613839865e-01
-1.7260411382e-01
1.1314806938e+00
-1.5154306889e+00
-1.6733311117e-01
-1.5705763102e+00
-5.6929051876e-01
5.3447693586e-02
-8.9888840914e-01
-3.3971340656e+00
-4.5760989189e+00
-3.1611316204e+00
-1.7348167896e+00
1.2760652304e+00
2.3992486000e+00
1.9155441523e+00
8.6882513762e-01
-2.0727784634e+00
-1.9249790907e+00
-2.9347257614e+00
-4.4217845798e-01
7.3950886726e-01
3.0022325516e+00
1.6874048710e+00
-3.6235171556e-01
-1.1823971272e+00
-4.0476584435e+00
-3.2958142757e+00
-1.6831353903e+00
7.3126727343e-01
1.0548101664e+00
7.1060526371e-01
5.2595221996e-01
2.9794535041e-01
-6.0723692179e-01
-1.0573621988e+00
6.1273598671e-01
-8.1876748800e-01
2.7943912148e-01
2.4701033533e-01
2.7505176067e+00
6.9386415184e-02
2.8738024235e+00
5.0530654192e-01
-3.4428063035e-01
-2.4698829651e+00
-1.9147390127e+00
-9.7774136066e-01
-3.7635521889e+00
-2.6192083359e+00
4.7052311897e+00
-1.2516665459e+00
2.8214349747e+00
-1.5511769056e+00
-2.6608142257e-01
-3.3738143444e+00
-4.7959289551e+00
-1.1381115913e+00
-7.0679038763e-02
-1.7453932762e-01
1.9164866209e+00
-1.8080400303e-02
3.6513626575e-01
-1.1548987031e-01
1.4909259081e+00
2.1347985268e+00
2.0544278622e+00
1.2466573715e+00
1.2446097136e+00
6.2746495008e-01
6.1629712582e-01
-2.0353291035e+00
-2.2053756714e+00
-1.8900187016e+00
-1.9622179866e-01
-1.6996966302e-01
1.0069316626e+00
1.1981444359e+00
4.1420197487e-01
8.6539283395e-02
-1.7075045407e-01
-1.7522414029e-01
-2.8869148344e-02
-9.8051339388e-02
-2.6601162553e-01
-1.3023626804e+00
-8.4886050224e-01
-2.5342826843e+00
-4.9219202995e+00
-7.4924583435e+00
-6.4898495674e+00
-4.9653401375e+00
6.9326996803e-01
5.9543865919e-01
-1.1385104805e-01
3.3928272128e-01
-1.6899615526e-01
-1.5628442168e-01
-1.4942792058e-01
-2.1016947925e-01
-2.5198605657e-01
-2.1749868989e-01
-1.2511979043e-01
1.5286039561e-02
-5.8063071221e-02
1.9440665841e-02
2.3777472973e+00
1.2005947828e+00
-2.6864769459e+00
-3.4280381203e+00
-5.9138679504e+00
-5.7562136650e+00
-4.6723113060e+00
5.4315352440e-01
5.0825601816e-01
4.7985082865e-01
2.3514159024e-01
2.2355672717e-01
3.7265680730e-02
-1.7648945749e-01
6.6923238337e-02
-1.8348231316e+00
-2.6417629719e+00
-1.1654288769e+00
-1.4269262552e+00
5.7139849663e-01
-2.8239338398e+00
8.5968151689e-03
-3.9292693138e-01
-2.1101334095e+00
-5.9889912605e+00
-1.1001098633e+01
-9.5451068878e+00
-7.8828291893e+00
3.4141857624e+00
5.0019377470e-01
-1.5041038990e+00
-7.8555774689e+00
-9.0476751328e+00
-4.7841634750e+00
-1.6950826645e+00
1.6750246286e+00
-1.8088852167e+00
-2.9861354828e+00
-2.8734607697e+00
-9.7045803070e-01
-3.4767991304e-01
-3.3525022864e-01
1.5243368149e+00
-7.0884495974e-01
-1.5647894144e-01
-4.6511611342e-01
-2.5009250641e-01
1.1082719564e+00
-1.1661097407e-01
-4.3752794266e+00
-1.0274941444e+01
-8.2514162064e+00
-2.7771244049e+00
8.3609682322e-01
4.4704672694e-01
1.8018660545e+00
2.6085822582e+00
4.9660388380e-02
3.4404451847e+00
3.1512517929e+00
5.3947525024e+00
3.2581174374e+00
2.8441555500e+00
-8.0991393328e-01
-9.7588115931e-01
-8.9421886206e-01
4.9780301750e-02
-4.6531695127e-01
-6.0514718294e-01
-1.0736577511e+00
-1.9494441748e+00
-2.2352852821e+00
1.5150564909e-01
6.5507262945e-01
-1.9386246800e-01
-4.9888369441e-01
-3.0970035121e-02
2.4405312538e-01
-6.2399262190e-01
-1.7547328472e+00
-2.6031072140e+00
5.8857694268e-02
8.1863856316e-01
8.2996946573e-01
3.0469241142e+00
1.8218392134e+00
3.5263019800e-01
9.7994333506e-01
9.4037723541e-01
3.4297835827e-01
-4.6949971467e-02
-1.3592160940e+00
-1.6936681271e+00
-1.9963771105e+00
-2.5144674778e+00
-2.1324706078e+00
-2.3639001846e+00
-1.5912296772e+00
-3.8347783089e+00
-2.7126071453e+00
-1.1882405281e+00
-4.2151388526e-01
-1.2038965225e+00
5.7264107466e-01
-1.1336730421e-01
4.9194365740e-01
4.5113039017e-01
-6.3553996384e-02
3.3402014524e-03
3.4034556150e-01
3.0012887716e-01
9.5733046532e-02
-1.3745493889e+00
-2.0855853558e+00
2.7000838518e-01
-2.2318224907e+00
1.1467200518e+00
1.2077637911e+00
1.8260259628e+00
9.9114894867e-01
1.1100624800e+00
4.7635179013e-02
6.0520601273e-01
1.3469558954e+00
-9.0939259529e-01
-2.6397790909e+00
-8.6169552803e-01
-1.4629493952e+00
-3.4902999401e+00
-2.6450972557e+00
-2.5395171642e+00
-1.0783861876e+00
-4.7240104526e-02
-5.7906292379e-02
-1.4374180138e-01
-2.0936782658e-01
-1.2515670061e-01
-4.2397192121e-01
-1.1482746601e+00
-3.8239021301e+00
-3.2751541138e+00
-1.3103661537e+00
1.0781463385e+00
9.8353767395e-01
8.5647749901e-01
9.9912887812e-01
7.0398849249e-01
1.1416174173e+00
-2.0050029457e-01
8.6914324760e-01
-1.0610010624e+00
6.7637133598e-01
-2.4773578346e-01
-6.5352399834e-03
-1.7527908087e+00
-1.8622641563e+00
-1.5401556492e+00
4.9719664454e-01
4.4408535957e-01
4.3119540811e-01
4.1295599937e-01
-1.4049162865e+00
-1.3587951660e+00
1.0872741938e+00
6.2468644232e-02
2.0704376698e+00
7.4929434061e-01
2.1966712475e+00
-2.0779499784e-02
-6.7023031414e-02
-5.4838132858e-01
-4.5917609334e-01
-8.4646254778e-01
-1.1975517273e+00
-1.6422660351e+00
4.7779038548e-01
1.5047698021e+00
1.1406821012e+00
1.2481101751e+00
8.3817559481e-01
1.3737578392e+00
-1.7948821187e-02
9.5108354092e-01
2.5602325797e-01
-6.1877387762e-01
3.3749252558e-01
1.6645765305e+00
3.8392075896e-01
2.5016839504e+00
-3.5381000042e+00
-3.2336387634e+00
-1.3892354965e+00
3.9272955060e-01
6.0325753689e-01
8.0529505014e-01
2.7266198397e-01
8.5342156887e-01
-4.2578122020e-01
-5.3147163391e+00
-8.6758918762e+00
-3.3543288708e+00
-5.3739655018e-01
4.2584431171e-01
3.6044497392e-04
2.6353526115e-01
3.5411491990e-01
5.9665286541e-01
7.1571625769e-02
1.1482024193e+00
6.6582036018e-01
-1.0714926720e+00
-1.7621550560e+00
-2.1530199051e+00
-6.3527822495e-01
-1.3786735535e+00
-2.7360374928e+00
-4.2154595256e-01
1.4807461202e-01
-1.4534954727e-01
3.0406910926e-02
-9.1903156042e-01
-5.1293051243e-01
-1.0229202509e+00
-3.1251113415e+00
-4.6270027161e+00
-2.7981050014e+00
-4.8360851407e-01
6.6174006462e-01
9.3620240688e-01
4.8576983809e-01
2.4620344639e+00
3.1165874004e+00
2.6252167225e+00
2.2511076927e+00
-1.6758500338e+00
-1.2239298820e+00
-4.6099848747e+00
-3.7113704681e+00
-1.6308125854e-01
1.0976779275e-02
1.5273578465e-01
1.6069453955e-01
5.6091797352e-01
8.5689288378e-01
3.6077663302e-01
-3.6055514216e-01
-3.3457273245e-01
-4.1981625557e-01
-2.4265664816e-01
-5.4341457784e-02
1.4614164829e-02
1.2098751962e-01
-1.0012069941e+00
-1.7488112450e+00
-2.0843255520e+00
-2.1309683323e+00
-2.4206430912e+00
-2.1772119999e+00
-2.5542602539e+00
-9.1546192765e-02
-1.8668708205e-01
-1.9383033514e+00
-4.2346248627e+00
-2.4389851093e+00
-2.1988151073e+00
9.2822656734e-04
-1.3533948660e+00
5.4122763872e-01
5.4575413465e-01
6.0395282507e-01
3.7987084389e+00
9.8761308193e-01
3.5881147385e+00
1.0136960745e+00
1.1937971115e+00
9.5654249191e-01
8.2713210583e-01
1.0843989849e+00
9.9606198072e-01
9.5164757967e-01
-2.2436575890e+00
-1.0122429579e-02
1.0434150696e+00
2.4835632741e-01
3.7100711465e-01
-6.7343574762e-01
-5.8676815033e-01
1.7468485981e-02
3.5706155002e-02
7.1324214339e-02
4.7128833830e-02
4.6108119190e-02
1.5535099804e-01
2.0967732370e-01
8.6484092474e-01
1.5176477432e+00
9.5946401358e-01
-4.9536475539e-01
1.8875459433e+00
-2.5455024093e-02
1.4935684204e+00
-4.9010467529e-01
-3.8998868316e-02
2.0160965621e-02
-1.8844011426e-01
-3.0449783802e-01
3.3511224389e-01
4.8640102148e-01
1.1033172607e+00
4.9494066834e-01
8.5654371977e-01
6.9345039129e-01
2.2938144207e-01
1.1137049645e-02
-5.2860277891e-01
-3.2101292610e+00
-3.1913447380e+00
-3.1468395144e-02
1.2612379789e+00
4.9814239144e-01
1.0022404194e+00
8.3916023374e-02
1.4436306953e+00
8.8278073072e-01
5.1695513725e-01
3.4796825051e-01
-6.7243508995e-02
-4.2211329937e-01
-7.7266639471e-01
-1.3497933149e+00
-1.6854895353e+00
-9.6620273590e-01
-5.9135258198e-02
-1.0296024084e+00
5.8365434408e-01
-1.6515212059e+00
9.3706476688e-01
2.8262928128e-01
5.9778064489e-01
1.1973176003e+00
2.2524454594e+00
1.1869164705e+00
3.0028393269e+00
-1.1509202719e+00
8.4450256824e-01
1.0586285591e+00
7.8845793009e-01
3.4800148010e-01
8.0907964706e-01
1.7605044842e+00
-8.6646661162e-02
-1.6140255332e-01
-1.1809687316e-01
-2.2842077911e-01
-2.0394583046e-01
-3.9565384388e-01
-6.6853207350e-01
-4.1399292946e+00
-4.0323252678e+00
5.0585266203e-02
2.3752593994e+00
-2.4212012291e+00
-5.4008374214e+00
-5.1180696487e+00
-2.7713673115e+00
-1.8192434311e+00
7.2107994556e-01
3.9133319259e-01
7.2311693430e-01
9.6206259727e-01
8.5387784243e-01
8.4723681211e-01
9.8263150454e-01
1.1297141314e+00
1.1378614902e+00
1.3275023699e+00
1.3731515408e+00
1.3231643438e+00
8.0668157339e-01
7.2281229496e-01
3.7856611609e-01
1.1279475689e+00
4.0769577026e+00
2.9510962963e+00
2.5156753063e+00
8.3371174335e-01
4.9421682954e-01
2.7681572437e+00
1.3555068970e+00
2.8886268139e+00
1.0095577240e+00
1.1239722967e+00
-8.0552644730e+00
-2.5892660618e+00
-2.1459109783e+00
1.2531858683e+00
-8.4993237257e-01
-8.3743619919e-01
-3.0321356654e-01
1.0004690886e+00
2.7605521679e-01
-2.2080502510e+00
-4.0396742821e+00
-4.4990167618e+00
-4.5206427574e+00
-4.3823041916e+00
1.9870080948e+00
1.4444513321e+00
7.1225374937e-01
6.1892993748e-02
1.0752756894e-01
-1.4905145392e-02
6.3894963264e-01
-4.3284040689e-01
-3.9601120353e-01
-4.3689897656e-01
-9.2478552833e-03
6.5102595091e-01
6.1635172367e-01
6.6710370779e-01
7.1521699429e-01
5.4752838612e-01
9.5184899867e-02
7.8377425671e-02
4.2916782200e-02
-1.2047950178e-01
-3.0071815848e-01
-1.4630711079e+00
-1.9659528136e-01
7.2911542654e-01
8.9376831055e-01
1.3419127464e+00
1.2151722908e+00
9.6361565590e-01
-1.5361328423e-01
-4.3049168587e-01
-5.6364083290e-01
-6.6199493408e-01
-1.0030758381e+00
-1.1691554785e+00
-6.6621559858e-01
-6.7225331068e-01
-2.4471616745e-01
1.2632794678e-01
-1.5925286710e-01
-1.4834772795e-02
-6.9851517677e-02
-4.4000867009e-01
6.2651413679e-01
1.7056459188e-01
9.1790777445e-01
1.2818914652e+00
5.0094997883e-01
1.8360197544e+00
1.3223441839e+00
-6.1034047604e-01
-6.7117410898e-01
6.8117743731e-01
8.3916354179e-01
-8.4228865802e-02
1.1449884623e-02
1.3358978927e-01
-3.2226150036e+00
-2.7493979931e+00
-2.1570627689e+00
4.3186205626e-01
2.7983188629e+00
-2.9442393780e-01
6.1014648527e-02
4.6066653728e-01
2.9442530870e-01
-3.8186606765e-01
-1.7288380861e-01
-4.5287615061e-01
-6.6736471653e-01
-1.5946501493e+00
-2.0251815319e+00
-9.6345907450e-01
-6.4386153221e-01
9.0602678061e-01
1.7546682358e+00
3.5950541496e+00
2.8577771187e+00
-2.8260226250e+00
-3.0520014763e+00
-1.8638552427e+00
-1.1672883034e+00
-1.1160163879e+00
-9.4337582588e-01
-3.3860495687e-01
3.2210109234e+00
1.7971307039e+00
1.6869245768e+00
1.4131994247e+00
-1.8111011386e-01
-8.0704605579e-01
1.6771373749e+00
-2.1404111385e+00
-3.2626090050e+00
-2.1488687992e+00
-1.5969876051e+00
-6.2990313768e-01
-1.1829985678e-01
-1.2495346069e+00
2.3019127846e+00
1.6932113171e+00
3.7933397293e+00
3.0436370373e+00
1.9147980213e+00
9.2820948362e-01
1.9621784687e+00
6.0987550020e-01
1.8935838938e+00
2.0501284599e+00
2.0249574184e+00
1.3104472160e+00
4.7417789698e-01
1.0335586965e-01
4.7640538216e-01
-5.2530038357e-01
-5.1792573929e-01
1.1453576088e+00
-8.8921314478e-01
-1.7778182030e+00
-5.5075660348e-02
-6.9407755136e-01
8.3664786816e-01
1.7520861626e+00
1.3935949802e+00
3.0897891521e-01
7.7609819174e-01
6.1338490248e-01
-2.3187377453e+00
-2.2506978512e+00
-2.8973383904e+00
-1.4617263079e+00
-1.4059501886e+00
-6.4070981741e-01
-6.9926714897e-01
-1.3087961674e+00
-7.8081619740e-01
4.6306970716e-01
9.4047296047e-01
4.9431341887e-01
2.5076127052e-01
6.9815158844e-01
7.4082320929e-01
1.4060842991e+00
8.8436323404e-01
-1.4856046438e-01
-3.1633796692e+00
-3.2698924541e+00
-2.9245734215e+00
-8.2034957409e-01
-4.9285519123e-01
4.8976233602e-01
3.5471111536e-01
3.7254017591e-01
-2.6057479903e-02
-9.4325892627e-02
-3.4250283241e-01
-1.7134496570e-01
4.5071557164e-01
2.4370436370e-01
-1.0686941445e-01
1.7733581364e-02
-2.6986604929e-01
-3.7259644270e-01
1.4827128649e+00
6.9966614246e-01
-4.4654750824e-01
-1.2337685823e+00
-9.1053706408e-01
-1.0714905262e+00
1.3709378242e+00
1.1567701101e+00
2.6976713538e-01
3.5512846708e-01
-1.4176299572e+00
-2.1647658348e+00
-2.4966742992e+00
4.4060808420e-01
1.4464011192e+00
6.3244259357e-01
2.8498238325e-01
-7.8132413328e-02
-5.6951615959e-02
-5.6756597757e-01
1.2430647612e+00
4.0615704656e-01
2.5258133411e+00
5.3480136395e-01
4.1266977787e-01
-8.0972248316e-01
-2.3130285740e+00
-1.0126166344e+00
6.7033922672e-01
6.3186073303e-01
-5.3292334080e-01
-1.2764812708e+00
-7.4047762156e-01
-9.9724274874e-01
-1.7750986814e+00
-5.0857019424e-01
-1.2813621759e+00
-1.4487673044e+00
-1.4376757145e+00
-2.2172107697e+00
-1.7443234921e+00
4.8329725862e-01
-5.4444801807e-01
-1.3862860203e+00
-1.7913159132e+00
-2.2903393954e-02
-1.7198594809e+00
-1.7283351421e+00
-1.3107621670e+00
-1.5753071308e+00
-1.5789841413e+00
-1.9637615681e+00
-2.9158048630e+00
-3.2696647644e+00
-3.0286798477e+00
1.0423413515e+00
1.8509296179e+00
5.9375382960e-02
1.8101409674e+00
1.2012577802e-01
4.9661308527e-01
-6.3055521250e-01
-1.5325076580e+00
1.8394039869e+00
2.5974674225e+00
1.8377362490e+00
2.7428872585e+00
4.8258158565e-01
2.7002553940e+00
-4.8552969098e-01
1.3009974360e-01
4.7714075446e-01
3.5743564367e-01
-6.2461858988e-01
-7.4269634485e-01
-1.4605655670e+00
-4.3505820632e-01
-8.7436133623e-01
2.1798128262e-02
5.4694038630e-01
-1.6872188076e-02
-2.7402110398e-02
-3.2903486490e-01
-1.1916807294e-01
-5.2027660608e-01
3.1821334362e-01
9.9915033579e-01
1.1160976440e-01
1.2149596959e-01
1.2654670477e+00
3.1132599711e-01
1.1745853424e+00
2.4729831517e-01
-5.4726734757e-02
-1.7281448841e+00
-1.1203670502e+00
-3.0699801445e+00
1.0224140882e+00
1.6845201254e+00
1.2421149015e+00
7.7164196968e-01
-4.9453964829e-01
-1.2380331755e+00
-7.4545228481e-01
9.8667091131e-01
1.9116579294e+00
1.8424975872e+00
4.0659371018e-01
-5.0136870146e-01
-3.6867210269e-01
-6.0023349524e-01
-1.5118680000e+00
-1.6467880011e+00
-8.4733998775e-01
-1.8263990879e+00
4.0059635043e-01
1.6030316353e+00
4.0154972076e+00
2.1168123186e-01
4.6014183760e-01
6.4490193129e-01
7.6168501377e-01
-2.6171460748e-02
-3.1125822663e-01
-1.7173737288e-01
-4.4111326337e-01
-2.4423414469e-01
3.2369971275e-02
5.5403858423e-02
1.1292010546e-01
1.3719592988e-01
6.9577045739e-02
-5.8185344934e-01
-7.3910725117e-01
-1.0788949728e+00
-6.3365608454e-01
-1.3330215216e+00
-2.0617752075e+00
-1.6960242987e+00
-6.9695949554e-01
-8.3726251125e-01
3.9345145226e-01
1.0390063524e+00
1.2414518595e+00
5.0561630726e-01
1.4325182438e+00
1.2754868269e+00
2.4173200130e+00
2.6814973354e+00
2.0651683807e+00
2.4277772903e+00
1.0248060226e+00
9.1616833210e-01
5.0467375666e-02
3.1011102721e-02
1.4234511554e-01
3.1211158633e-01
7.7321892977e-01
5.8283609152e-01
9.5697247982e-01
9.9719041586e-01
-6.2664598227e-01
2.1652847528e-01
1.7961674929e+00
2.1192939281e+00
2.6062843800e+00
2.1155562401e+00
-7.5926408172e-02
-2.6435138658e-02
-4.3317223899e-03
-1.5570926666e-01
-1.8987776339e-01
-3.1175714731e-01
-3.4314623475e-01
-4.0141167641e+00
-3.2228794098e+00
-3.0459101200e+00
-1.8973442316e+00
-2.4287924767e+00
-2.4834251404e+00
1.1140602827e-01
1.4743456841e+00
9.1443878412e-01
1.3475528955e+00
1.7675980330e+00
3.8172361255e-01
-9.0969872475e-01
-8.7144422531e-01
7.6803594828e-01
1.3585145473e+00
1.4562059939e-01
3.8827008009e-01
5.5829358101e-01
-2.4919590354e-01
5.8379095793e-01
1.0188277960e+00
-1.5218384266e+00
9.4440865517e-01
-4.3837454915e-01
7.9597152770e-02
-1.8500978947e+00
-1.6533812284e+00
6.8769656122e-02
4.1935581714e-02
1.5739470720e-01
-7.7975792810e-03
-5.4601705074e-01
-8.4632462263e-01
-6.1025476456e-01
2.1253151894e+00
1.4070025682e+00
2.2417726517e+00
4.0150389671e+00
3.6627677083e-01
1.1840152740e+00
1.5902174711e+00
1.0917798281e+00
9.0334767103e-01
1.4411393404e+00
1.7917139530e+00
1.0214359760e+00
-4.7148236632e-01
1.3169956207e+00
-3.8224179298e-02
2.3533580303e+00
1.9803615808e+00
-8.5327597335e-03
-9.2389100790e-01
4.2196810246e-01
9.9448597431e-01
7.2234398127e-01
1.3018380404e+00
1.7894924879e+00
1.3954636455e-01
-2.7378493547e-01
-3.5772752762e-01
-1.6920089722e-01
-2.4375503063e+00
-1.5685415268e+00
-3.1892995834e+00
-4.8014712334e+00
-3.7666287422e+00
-3.2420718670e+00
-1.9348975420e+00
9.1748577356e-01
-8.5179381073e-02
9.7351515293e-01
5.9859049320e-01
1.8456439972e+00
-9.7401309013e-01
-8.8894665241e-01
-6.0184413195e-01
-5.4098951817e-01
-9.7566634417e-02
-1.0113596171e-01
5.8752834797e-01
4.0055710077e-01
5.6393980980e-01
3.6471724510e+00
2.5574278831e+00
2.6703221798e+00
1.2427680492e+00
-1.1895282269e+00
-1.2989994287e+00
-7.9491573572e-01
-6.1305963993e-01
-9.5706427097e-01
-8.0496102571e-01
-4.5162948966e-01
-9.2614114285e-01
-1.0927623510e+00
-4.1181984544e-01
-2.3551185131e+00
-7.5786119699e-01
-2.3231081963e+00
-5.3773135878e-03
1.3108445704e-01
-6.5983080864e-01
-2.6861357689e-01
-1.1848205328e+00
-5.8595377207e-01
-8.3336822689e-02
1.0325248241e+00
2.4372416735e-01
7.1735346317e-01
-6.2984842062e-01
-3.8620028496e+00
-3.1349565983e+00
-1.9577182531e+00
-1.3865936995e+00
-1.2868791819e+00
-1.2238680124e+00
-5.6930208206e-01
1.6164225340e+00
1.8248957396e+00
1.6146051884e+00
-6.2703482807e-02
-5.0979053974e-01
-1.1527960300e+00
-1.0770864487e+00
-2.1327269077e+00
-2.0520465374e+00
-1.1476767063e+00
-1.1292955875e+00
-2.6701238751e-01
-4.7300228477e-01
-4.4085976481e-01
-1.8637608290e+00
-6.4249825478e-01
-4.4241338968e-01
9.2679595947e-01
-3.8887032866e-01
4.3612182140e-01
-2.3409913480e-01
8.4725124761e-03
4.2577290535e-01
8.0856019258e-01
2.0021252632e+00
1.8726799488e+00
-3.8231164217e-01
-9.8054194450e-01
-8.7468884885e-03
-2.6241611689e-02
-2.3183377460e-02
5.6760039181e-02
1.4187209308e-01
2.5164112449e-01
1.8158660829e-01
9.0215158463e-01
2.1533310413e+00
2.3969404399e-01
2.1236345768e+00
1.1228716373e+00
-5.3848959506e-02
7.8940290213e-01
5.5053812265e-01
4.9239602685e-01
5.2943056822e-01
5.7959228754e-01
7.7551066875e-01
7.9747045040e-01
8.6729037762e-01
1.3502069712e+00
1.6866325140e+00
4.0379261971e+00
1.8205512762e+00
9.6619886160e-01
-3.5712659359e-01
1.1551008224e+00
-1.0737384558e+00
4.6006757021e-01
-3.4615704417e-01
-2.9428845644e-01
1.4535620809e-01
1.1569024324e+00
1.2539056540e+00
2.2694897652e+00
9.0777122974e-01
1.4272923470e+00
5.7718807459e-01
7.6603400707e-01
-1.7380563915e-01
8.7884122133e-01
-1.6789618731e+00
1.0777223110e+00
-5.3324860334e-01
6.9553470612e-01
-3.0202904344e-01
7.9719007015e-02
3.5603347421e-01
-2.0300364494e+00
-1.7778826952e+00
-6.9043211937e+00
-5.2861919403e+00
9.2696148157e-01
1.6777322292e+00
4.8931212425e+00
1.5790976286e+00
1.7492941618e+00
8.6538918316e-02
1.8786306381e+00
-2.4412994385e+00
-4.4937114716e+00
-4.3519964218e+00
9.1276317835e-01
8.3017754555e-01
-7.2812253237e-01
2.4492643774e-02
-3.8970637321e-01
6.9036746025e-01
2.9019885063e+00
8.0001461506e-01
-1.3074176013e-01
1.0262905359e+00
4.6543988585e-01
7.2657966614e-01
2.4826803803e-01
1.1770906448e+00
-8.4021098912e-02
-8.6930674314e-01
-1.7659474611e+00
-2.7305996418e+00
-1.1861703396e+00
1.4203027487e+00
1.4514454603e+00
2.4344727993e+00
2.4502618313e+00
1.4664700031e+00
-3.7438255548e-01
-3.2175886631e-01
-1.1478930712e+00
-1.6345732212e+00
-8.6119991541e-01
-1.0388779640e+00
-4.3616405129e-01
-3.1234452128e-01
3.7004124373e-02
-2.5219404697e-01
-2.0651372150e-02
1.4833077192e+00
1.0849962234e+00
1.8238972127e-01
-2.6807764173e-01
-2.1792399883e+00
-4.4957590103e+00
-5.0763487816e+00
-1.5064343810e-01
-1.2808800936e+00
-6.5394287109e+00
-7.7402257919e+00
-4.0867128372e+00
1.3176411390e+00
1.3674107790e+00
-2.6052892208e-01
8.3335840702e-01
3.6664521694e-01
5.5039191246e-01
8.9545851946e-01
1.2773889303e+00
1.1143308878e+00
1.1380974054e+00
3.2105123997e+00
1.5368642807e+00
1.3525426388e+00
1.7275926471e-01
-8.6212635040e-01
-1.4307914972e+00
-3.2589495182e+00
-3.4074723721e+00
-1.7371160984e+00
-3.0468937010e-02
1.2415144593e-02
-5.3643870354e-01
9.7489696741e-01
-4.1897740364e+00
-2.3620107174e+00
-2.7149469852e+00
-1.2536542416e+00
-1.4475966692e+00
6.2650471926e-01
-6.3398420811e-01
-1.6700850725e+00
-1.0778881311e+00
-2.2987499237e+00
-6.5581882000e-01
-2.0356154442e+00
-9.2116266489e-01
-1.2388621569e+00
-1.0061825514e+00
1.2458771467e+00
-1.1633106470e+00
-2.0563733578e+00
-5.4593853951e+00
-4.8960218430e+00
5.8834099770e-01
-2.0327358246e+00
-1.0656106472e+00
-1.7350844145e+00
6.9453150034e-01
-5.8458840847e-01
-8.2032078505e-01
-1.9707077742e-01
-3.0972340703e-01
-5.3088867664e-01
-3.3250021935e-01
-9.7911751270e-01
-7.9554069042e-01
-3.6757469177e-01
7.3505038023e-01
-2.5626003742e+00
-1.7390304804e+00
-1.8809130788e-01
-8.1354415417e-01
-1.0173664093e+00
-4.8277929425e-02
7.8061777353e-01
-3.4802603722e-01
-5.3003668785e-01
-1.1670223475e+00
-1.4462264776e+00
-1.4021970034e+00
-2.2791500092e+00
-3.1449606419e+00
-5.0577545166e-01
6.0693418980e-01
6.1492311954e-01
9.9899965525e-01
1.0900156498e+00
1.3875033855e+00
-1.1591929942e-01
1.8957713842e+00
-1.0501496792e+00
-3.4389864653e-02
-4.0810847282e+00
-5.3943934441e+00
-4.2976026535e+00
-3.4475793839e+00
7.8779709339e-01
3.9555963874e-01
2.6148208976e-01
-8.0367690325e-01
-5.0572717190e-01
-1.8434000015e+00
-2.0073416233e+00
-3.3126193285e-01
-3.7893709540e-01
4.9374923110e-01
4.3282347918e-01
7.5936637819e-02
-3.9057809114e-01
-6.2330067158e-01
1.5890202522e+00
1.2796639204e+00
1.7515870333e+00
4.0410375595e-01
1.0560288429e+00
1.1300368309e+00
5.5962365866e-01
-1.0900992155e+00
5.5457364768e-02
-2.9556477070e-01
1.5016458035e+00
2.0607519150e+00
1.3936922550e+00
1.6926698685e+00
6.6806298494e-01
1.1225829124e+00
-1.6202149913e-02
3.4912151098e-01
-3.8685467839e-01
1.1881635338e-01
5.8533853292e-01
8.7565374374e-01
-5.4516357183e-01
8.9716818184e-03
-9.6207213402e-01
-1.3428629637e+00
-1.5296516418e+00
-3.9854019880e-02
1.5681574345e+00
1.1870766878e+00
1.1838783026e+00
-1.1915638298e-01
5.1750111580e-01
7.8675884008e-01
6.9423180819e-01
-1.0817453265e-01
-1.9929853678e+00
-2.9110457897e+00
-4.1651334763e+00
4.7371301055e-01
1.8623510599e+00
5.8041459322e-01
1.4635379426e-02
1.2020852417e-02
1.8812929094e-01
2.4497503415e-02
1.4082084596e-01
4.6075659990e-01
4.8591934144e-02
8.6612761021e-02
5.8592785150e-02
-2.6414282620e-02
-2.0707552135e-01
-9.3643838167e-01
-1.3661651611e+00
-2.1642067432e+00
5.8073526621e-01
2.5727801323e+00
2.1105127335e+00
1.8790578842e+00
1.8239304423e-01
6.9392687082e-01
1.2301786244e-01
-9.5800495148e-01
-1.2741816044e+00
-8.6499738693e-01
-1.8024319410e+00
-2.0476331711e+00
2.1843872070e+00
2.8402917385e+00
5.9275710583e-01
5.4937416315e-01
4.4068193436e-01
-1.9916510582e-01
-4.8903191090e-01
-1.4382703304e+00
-1.3516930342e+00
-1.8881037235e+00
2.5459346175e-01
-2.0246233940e+00
7.6812282205e-02
-6.5217131376e-01
-2.4051043987e+00
-4.7510437965e+00
-5.6201498955e-02
-9.7141619772e-03
1.7913514376e-01
1.9659422338e-01
2.7125966549e-01
4.5474868268e-02
-1.5840436518e-01
3.1346998215e+00
2.4320235252e+00
1.1487339735e+00
8.8293862343e-01
9.1897708178e-01
1.1172236204e+00
3.4424905777e+00
-1.1703763157e-01
-1.4973002672e+00
-4.9623870850e+00
-4.1403293610e+00
-2.8699448109e+00
1.0783861876e+00
4.5525774360e-01
-9.8318225145e-01
-1.1011090279e+00
-1.1644458771e+00
1.3720377684e+00
3.2000868320e+00
3.0388906002e+00
2.0921895504e+00
2.3017623425e+00
1.8033106327e+00
1.1263779402e+00
-1.3116842508e+00
-2.0655677319e+00
2.0957469940e-02
1.1246685982e+00
-3.0589014292e-01
-3.9848241210e-01
-2.8884449601e-01
-4.6207353473e-01
-3.4295630455e-01
-6.2774461508e-01
-4.1211116314e-01
-5.9569988251e+00
-3.3366012573e+00
-6.8089208603e+00
-3.1245093346e+00
-2.4893798828e+00
-3.4367153645e+00
-1.9275076389e+00
-3.1780645251e-02
-2.3400263786e+00
-1.2021310329e+00
-9.8850512505e-01
-5.9973609447e-01
-4.3929333687e+00
-1.9642522335e+00
-4.3087434769e-01
-6.2636327744e+00
-6.1060857773e+00
-5.5107450485e+00
-1.9515652657e+00
1.9736182690e+00
3.5742949694e-02
-5.8439242840e-01
-2.0264451504e+00
-1.2658562660e+00
-8.9469069242e-01
1.4059935808e+00
1.6733500957e+00
1.7970134020e+00
-3.6979392171e-01
-1.8171231747e+00
-2.7511467934e+00
-4.2366385460e+00
-1.3509473801e+00
2.0963280201e+00
4.5254216194e+00
1.0283826590e+00
1.6656236649e+00
7.2764408588e-01
-2.4801814556e-01
-5.9128779173e-01
-1.4361277819e+00
-1.0109587908e+00
3.9655277133e-01
3.7744182348e-01
3.5300827026e-01
-5.3619612008e-02
-5.1502710581e-01
-1.9473282993e-01
-1.1322255135e+00
-5.3033461571e+00
-4.2304358482e+00
-3.1192202568e+00
-1.1381883621e+00
1.0012804270e+00
2.2173554897e+00
8.0404633284e-01
8.5689830780e-01
3.4240260720e-01
1.1517264694e-01
1.9677674770e+00
-1.2303569317e+00
-1.5386293828e-01
8.0028170347e-01
2.1919665337e+00
-1.5065788031e+00
1.1714729071e+00
-1.6029164791e+00
6.8293732405e-01
-1.0271652937e+00
2.0161314011e+00
3.3621680737e+00
1.2681095600e+00
2.8059904575e+00
9.8014277220e-01
-1.6885891557e-01
5.2700269222e-01
2.6565179229e-01
6.9157278538e-01
1.8437121809e-01
4.6638602018e-01
3.3426573873e-01
-2.9701185226e-01
-2.7376723289e-01
-6.1230653524e-01
-4.9147982597e+00
-6.5579147339e+00
-6.6010441780e+00
-4.7117295265e+00
-1.6506019831e+00
-1.1638221741e+00
-1.1968779564e+00
1.6597042978e-01
5.0352299213e-01
4.8717802763e-01
3.4493070841e-01
3.1761807203e-01
2.8287807107e-01
4.0797421336e-01
7.2301644087e-01
-1.2161046267e+00
-2.8248920441e+00
-3.4084584713e+00
-4.8591361046e+00
-4.6074681282e+00
-5.2508074045e-01
-1.0670787096e+00
-7.7828240395e-01
-1.2351483107e+00
-2.2238724232e+00
-1.3212559223e+00
-5.1877248287e-01
9.7616052628e-01
6.4022475481e-01
5.2534610033e-01
-4.1839364171e-01
-1.7557114363e-01
2.4352981150e-01
1.4448894560e-01
1.7234557867e-01
-2.2669506073e+00
-2.1208291054e+00
-1.8396881819e+00
-5.4080801010e+00
-6.7456150055e+00
-2.0056036115e-01
-5.6404787302e-01
9.7017627954e-01
6.1720830202e-01
1.1927352846e-01
2.6746428013e-01
1.8203839660e-01
8.8451668620e-02
-1.9687300920e-01
2.4821372032e+00
5.2326476574e-01
-2.9737541676e+00
-2.2712848186e+00
2.2990994453e+00
1.6173502207e+00
9.1186648607e-01
-4.6016159654e-01
-3.8826048374e-01
-2.9641695023e+00
-4.4664418697e-01
-2.4280160666e-01
9.3103855848e-02
1.0620912313e+00
-5.4424144328e-02
-9.4127035141e-01
-1.1014125347e+00
-3.8965931535e-01
7.5720506907e-01
3.4207804203e+00
1.2486135960e+00
-2.8346552849e+00
-4.5286579132e+00
-1.0958770663e-01
1.2900687754e-01
-5.8785501868e-02
1.8503390253e-01
-4.7984355688e-01
2.5447592735e+00
2.2701585293e+00
-3.8478901982e-01
1.5976954699e+00
-2.6419754028e+00
9.1724294424e-01
-6.2536582947e+00
-5.0560016632e+00
-2.6636672020e+00
6.4642912149e-01
-6.7069357634e-01
7.1121650934e-01
1.1439265013e+00
1.0429494381e+00
-1.0957652330e+00
-2.1522233486e+00
-5.5836427212e-01
3.2130165100e+00
1.2841727734e+00
7.6503187418e-01
-2.1774921417e+00
-5.6022996902e+00
-2.7132790089e+00
-1.5762343407e+00
1.1260049343e+00
-9.7245848179e-01
-1.8770769238e-01
6.6107392311e-02
-7.2354930639e-01
1.2267417908e+00
4.6144041419e-01
4.9975541234e-01
2.2816367447e-01
3.7504196167e-01
-9.3855939806e-02
-1.1591086388e+00
-4.6885251999e+00
-1.2376176119e+00
8.0416366458e-02
1.3223131895e+00
1.2225998640e+00
2.6797876358e+00
-9.5530825853e-01
7.2730320692e-01
4.9235004932e-02
1.3789819181e-01
-1.7856685817e-01
-3.8403201103e-01
-5.6950026751e-01
6.8178880215e-01
7.9703116417e-01
8.2470732927e-01
-1.3400068879e-01
4.1141092777e-02
1.3699480891e-01
1.0031666607e-01
-1.4543197155e+00
-1.2968797684e+00
6.4273679256e-01
2.2664284706e+00
2.7601119876e-01
-8.9364290237e-02
-1.5566799641e+00
1.9856436253e+00
1.0430254936e+00
3.9481958747e-01
9.5349615812e-01
9.2388921976e-01
8.9413660765e-01
5.5782723427e-01
-9.8173093796e-01
-2.3791015148e+00
-1.9133621454e+00
5.2467219532e-02
2.1837899685e+00
1.7373040915e+00
1.0006564856e+00
8.2112276554e-01
1.6654819250e+00
-2.6217448711e-01
-3.0577313900e-01
-2.1475257874e+00
-3.5241250992e+00
-4.0954566002e+00
-8.0353202820e+00
-6.2843370438e+00
-6.5642070770e+00
2.8744015098e-01
1.6271901131e+00
2.9033188820e+00
1.7283216715e+00
3.4736435860e-02
1.4127463102e-01
-3.4745296836e-01
4.4263634831e-02
-2.9953775406e+00
-2.2953364849e+00
-6.7864680290e+00
1.4119695425e+00
-7.3495948315e-01
6.2606143951e-01
2.9087800980e+00
1.9167032242e+00
8.2190448046e-01
-1.4562078714e+00
-6.3971118927e+00
-2.3978929520e+00
-2.3593244553e+00
-2.5117192268e+00
-2.2915205956e+00
-2.3967297077e+00
-2.1214082241e+00
-4.5428314209e+00
-1.0210866928e+00
-4.7962954640e-01
1.0765038729e+00
3.5497695208e-01
-2.4852821603e-02
-6.9880658388e-01
1.2656374834e-02
-1.3010821342e+00
5.5212998390e-01
-1.7067404985e+00
-1.2881866693e+00
7.1854490042e-01
-6.1744886637e-01
9.4401812553e-01
1.0932962894e+00
8.7010437250e-01
8.9748549461e-01
9.1258233786e-01
9.9062079191e-01
1.2065162659e+00
1.3948997259e+00
2.0114529133e+00
9.5119667053e-01
2.0141358376e+00
2.0630164146e+00
1.8734450340e+00
1.2828253508e+00
-5.0929224491e-01
-6.1601124704e-02
-2.7852230072e+00
-1.0102959871e+00
2.2514002323e+00
9.6247814596e-02
6.2742811441e-01
-2.5915770531e+00
-2.4764919281e-01
8.4463310242e-01
9.9133425951e-01
1.1284204721e+00
1.1760277748e+00
7.8373098373e-01
2.0115043223e-01
-4.2473039627e+00
-1.8984071016e+00
-5.5522471666e-01
-1.1018446088e-01
-6.6692464054e-02
4.8988312483e-01
-5.8333259076e-02
-1.0120422393e-01
1.2324090302e-01
5.6035327911e-01
9.6409833431e-01
6.9739985466e-01
6.6607519984e-02
-6.1931576729e+00
-1.6515883207e+00
-4.7855920792e+00
-2.5982823372e+00
-1.4141447544e+00
-1.8105887175e+00
-1.9108902216e+00
6.7549711466e-01
1.2873214483e-01
8.3915877342e-01
-6.5116208792e-01
-4.2953767776e+00
-8.6959600449e+00
-1.2057994843e+01
5.8698493242e-01
2.0072045326e+00
2.8444686532e-01
7.8687238693e-01
1.7485076189e+00
1.1557195187e+00
1.7160265446e+00
-2.3345103264e+00
-1.2379727364e+00
-2.0699775219e+00
-3.1676421165e+00
-3.5518267155e+00
-4.4346361160e+00
-3.9865889549e+00
9.7120159864e-01
5.4608505964e-01
4.5783936977e-01
8.0375665426e-01
7.4139666557e-01
1.0976200104e+00
-2.2893252373e+00
5.6418138742e-01
7.3688066006e-01
-3.7667833269e-02
2.7454895899e-02
3.3633935452e-01
1.6817730665e-01
1.5761557221e-01
1.1321085691e+00
9.3875169754e-01
1.1039735079e+00
1.2540681362e+00
1.1599494219e+00
8.7021076679e-01
1.3488161564e+00
4.9766653776e-01
-1.2660044432e+00
-2.2169525623e+00
-2.5549819469e+00
5.1032459736e-01
5.3310829401e-01
1.1881201267e+00
-4.7807288170e+00
-5.3902473450e+00
-4.4200248718e+00
-4.8458865285e-01
-4.2995219231e+00
-5.6788430214e+00
-3.5901644230e+00
-1.1073104292e-01
-1.1208038032e-01
-8.8611736894e-02
-4.7670811415e-02
5.4290492088e-02
-2.6706871390e-01
-4.0145823359e-01
-4.2765820399e-03
4.0053656697e-01
2.5357978344e+00
2.7399203777e+00
2.1612069607e+00
3.0268759727e+00
2.5112898350e+00
5.7305359840e-01
7.8556559980e-02
-5.4164379835e-01
-2.0420683920e-01
-2.5105259847e-03
1.9936101139e-01
2.3439027369e-01
9.4367340207e-02
-7.9756873846e-01
-1.1770972013e+00
-7.8178346157e-01
-9.2757302523e-01
-3.0811812878e+00
-4.9105553627e+00
1.3719074726e+00
8.6659359932e-01
-4.7177863121e-01
5.6264466047e-01
-2.1924573183e-01
1.4464242756e-01
-4.6584805846e-01
-3.8116565347e-01
1.1756183207e-01
2.1227082610e-01
4.7101601958e-01
-8.3430629969e-01
-3.9023637772e-01
-7.5513939857e+00
-1.3002562523e+00
-4.5479398221e-02
-1.6559265852e+00
2.9232141376e-01
8.1151449680e-01
-7.1126484871e-01
-1.9100524187e+00
9.8785173893e-01
1.0440876484e+00
1.0062588453e+00
5.5495560169e-01
9.5066142082e-01
1.1095092297e+00
1.2055217028e+00
-5.7337462902e-01
1.3683748245e+00
-1.6204783916e+00
1.7701020241e+00
-2.6324129105e+00
6.8071782589e-01
-4.3575906754e+00
-3.3418285847e+00
1.1102827787e+00
3.3358817101e+00
2.6604235172e+00
2.2287609577e+00
6.0865646601e-01
1.6423443556e+00
-7.3678421974e-01
1.0054225922e+00
1.2077647448e+00
-7.3311454058e-01
1.4679679275e-01
-2.0566878319e+00
9.9691025913e-02
7.7003091574e-01
2.1228286624e-01
4.6645087004e-01
4.0144699812e-01
4.3615961075e-01
-3.6516991258e-01
-3.8139185905e+00
-1.3911437988e+00
2.4387943745e+00
2.6829252243e+00
3.2825598717e+00
1.8357003927e+00
1.9950125217e+00
-4.0525207520e+00
-5.5022078753e-01
-9.3241256475e-01
5.4048562050e-01
-2.5127282739e-01
-5.8396244049e-01
-2.2347013652e-01
4.1008777916e-02
-1.8511964381e-01
-1.1417174339e-01
-2.4055236578e-01
-3.5842648149e-01
-1.8681730330e-01
-3.1532600522e-01
-2.1789041162e-01
-3.2305548191e+00
-2.0961146355e+00
-1.3221918344e+00
-1.5969744921e+00
-3.9668948650e+00
-4.7343821526e+00
-4.6159067154e+00
-1.7522491217e+00
-2.1710603237e+00
5.7170963287e-01
2.8216421604e+00
8.3965528011e-01
3.6747872829e-01
-3.8409337401e-01
-3.4249534607e+00
2.8919861317e+00
-2.3606927395e+00
2.5912151337e+00
-9.4843232632e-01
-1.2810888290e+00
2.1876583099e+00
-2.5499885082e+00
-1.5051270723e+00
-2.8128440380e+00
-4.4605007172e+00
-3.5902545452e+00
-1.4784461260e+00
-3.6646762490e-01
7.6443469524e-01
7.1993291378e-01
3.8925424218e-01
2.4575845897e-01
3.6213602871e-02
-9.8472341895e-02
-1.5842437744e-01
2.3916164041e-01
6.5994605422e-02
1.6704507172e-01
4.7174984217e-01
-3.4673631191e-01
-5.7813553810e+00
-5.5059356689e+00
3.6313927174e-01
5.4091358185e-01
-2.7431091666e-01
-8.8068611920e-02
1.7269006371e-01
-1.5113949776e-01
-6.1761010438e-02
-1.0040590763e+00
6.7587971687e-01
9.9951767921e-01
4.2462426424e-01
6.7861050367e-01
-1.3103638887e+00
6.1176951975e-02
4.2781278491e-01
1.0397659987e-01
-2.3875552416e-01
-6.5271604061e-01
-6.9571346045e-01
-1.3220171630e-01
3.0323408544e-02
-2.1489042044e-01
2.9713194817e-02
2.3184188176e-03
7.6271750033e-02
1.1485375464e-01
1.1598695070e-01
1.7729591345e-03
-5.2858457565e+00
-5.3501620293e+00
-5.1887111664e+00
-5.8309841156e+00
-4.9848632812e+00
-1.0555273294e+00
-7.1844562888e-02
-1.1448619366e+00
-5.9238272905e-01
-5.3114873171e-01
-3.0789816380e-01
1.9213795662e-01
3.4386873245e-01
2.8102254868e-01
1.4161067009e+00
-3.8634946942e-01
-1.1601036787e+00
-2.5543818474e+00
-3.0777525902e+00
-1.5251343250e+00
-4.8715696335e+00
-3.4402608871e-01
-7.1560376883e-01
-7.4303846359e+00
-1.0540489197e+01
-1.0057761192e+01
-6.2438821793e+00
-6.0668120384e+00
1.8484516144e+00
-6.7090783119e+00
-1.2946641922e+01
-1.2363940239e+01
-4.0958976746e+00
-1.4885244370e+00
-2.3422253132e-01
-1.1315094948e+01
-1.7706031799e+01
-8.6761302948e+00
-2.0675151348e+00
1.5485333279e-02
2.4271994829e-02
7.9474054277e-02
1.4343905449e+00
3.8591611385e-01
1.1751556396e+00
7.2813475132e-01
5.6993174553e-01
2.5764656067e+00
7.7625088394e-02
-8.1789093018e+00
-9.7137746811e+00
-2.3681077957e+00
-6.4219973981e-02
-9.3374580145e-02
-5.1989281178e-01
-5.4684072733e-01
1.7978597879e+00
1.0746940374e+00
2.2298188210e+00
2.3467879295e+00
2.7736525536e+00
2.2858660221e+00
9.6056610346e-01
-1.2649755478e+00
5.1441246271e-01
8.8509476185e-01
7.9995805025e-01
3.7430641055e-01
5.2688562870e-01
3.3633777499e-01
-1.5979285240e+00
2.5432372093e-01
4.0044611692e-01
-2.7613288164e-01
-2.4335983396e-01
-1.2030564547e+00
-1.0036870241e+00
-1.2317148447e+00
-5.6209743023e-01
-1.8392938375e+00
-3.1265790462e+00
-1.5232102014e-02
9.0025895834e-01
7.1256327629e-01
-3.0249574184e+00
-3.2911841869e+00
-5.9240145683e+00
-9.5794582367e+00
-9.9354782104e+00
-3.2428596020e+00
-1.0932829380e+00
-2.3962281644e-01
-7.8094708920e-01
-4.5548804104e-02
9.8266331479e-03
-2.4496716261e-01
4.0630453825e-01
1.1307296753e+00
5.3283786774e-01
1.7860716581e-01
7.6551750302e-02
-9.1754339635e-02
-9.2764025927e-01
1.0556410551e+00
5.9813469648e-01
-1.2956672907e+00
-4.4031473994e-01
-3.0256354809e-01
-6.4134555869e-03
4.2498630285e-01
4.7184392810e-01
7.7664673328e-02
-2.3642816544e+00
-9.0614759922e-01
-1.6989521980e+00
-8.0941754580e-01
9.5415461063e-01
1.1432497501e+00
8.6873221397e-01
1.3028514385e+00
1.6137998104e+00
2.1981172264e-01
4.2860028148e-01
-1.4382991791e+00
-4.4184975624e+00
-5.9992856979e+00
8.7024503946e-01
2.3398923874e+00
-1.0642123222e+00
-5.4163652658e-01
-2.7497979999e-01
-3.9560813457e-02
-3.4102518111e-02
6.5976068377e-02
-1.2048685551e-01
-3.3182654530e-02
5.8972503990e-02
-1.2100743055e+00
-1.8063231707e+00
-6.6501159668e+00
2.5660529733e-01
4.6068835258e-01
5.5110108852e-01
-1.5383976698e-01
-1.0433565378e+00
-7.6990205050e-01
-1.2548424304e-01
1.5507149696e+00
4.4456964731e-01
4.8386794329e-01
-6.0858124495e-01
4.1687434912e-01
-5.5926412344e-01
-3.5781078041e-02
-9.7028245926e+00
-4.4299111366e+00
-5.0208574533e-01
4.5636957884e-01
4.3884339929e-01
-1.8380346894e-01
3.9362376928e-01
-1.2844334841e+00
-7.3860388994e-01
1.5339413881e+00
6.9417840242e-01
-2.7703583241e-01
-1.8779511452e+00
-1.7051832676e+00
-3.5953333974e-01
-1.3668741286e-01
-2.0820660889e-01
-2.9437199235e-01
-5.1467800140e-01
-4.7125431895e-01
-4.5300647616e-01
-4.2278804779e+00
-4.2912297249e+00
-7.0047521591e+00
-5.6696038246e+00
-4.0935373306e+00
-2.2590117455e+00
-1.6966131926e+00
3.8320699334e-01
-1.5833544731e+00
1.0219427198e-01
-4.2803573608e-01
7.5978714228e-01
2.8757408261e-01
2.3702638149e+00
-3.1458144188e+00
-2.3385503292e+00
-3.6989358068e-01
9.4728112221e-02
6.4843571186e-01
4.1892063618e-01
3.8976398110e-01
-1.5753196478e+00
-8.6065425873e+00
-7.1920609474e+00
-7.5076918602e+00
-1.1986918449e+00
-8.4764994681e-02
3.0615601689e-02
-3.2327927649e-02
8.1239432096e-01
-8.0564215779e-02
5.1921170950e-01
1.2855973840e-01
-8.7893986702e-01
1.4683443308e-01
-3.0031597614e+00
-3.7941308022e+00
-5.5532808304e+00
-2.9811689854e+00
2.2019778192e-01
-2.3932671547e+00
-1.1236324310e+00
9.8079341650e-01
1.1764233112e+00
9.6068876982e-01
1.2592966557e+00
1.3851147890e+00
1.1690452099e+00
-4.1236701608e-01
-3.0733232498e+00
-3.3193907142e-01
8.4134578705e-01
1.3091695309e+00
8.4285408258e-01
-3.0698382854e-01
-2.4541254342e-01
-1.9209383726e+00
-9.9831205606e-01
3.2179737091e-01
-2.7770116329e+00
-1.8003433943e+00
-3.2016363144e+00
-2.2581945360e-01
1.4342902601e-01
6.4515739679e-01
4.9587678909e-01
1.0198736191e+00
6.9764912128e-01
-1.2176972628e+00
-1.1945485115e+01
2.5685048103e-01
2.6414012909e-01
3.1126821041e-01
1.9870127738e-01
1.3201041520e-01
1.0809712112e-01
-2.2751329467e-02
-5.1111185551e-01
-4.0306211449e-03
-1.9918350875e-01
-2.9618576169e-01
-3.8925868273e-01
-4.4047427177e-01
-6.5001022816e-01
-1.4724507332e+00
3.1534400582e-01
2.2218254209e-01
-6.4724284410e-01
-1.8428261280e+00
-1.2167372704e+00
1.7999763787e-01
1.5434775352e+00
1.1529797316e+00
1.9131708145e-01
1.4127818346e+00
3.0374288559e+00
1.0773767531e-01
3.6282062531e-01
-9.9065594375e-02
3.1051766872e-01
2.8502333164e-01
1.9642153382e-01
-2.7726884000e-03
-2.5537365675e-01
-7.1588027477e-01
6.3643044233e-01
2.8492105007e+00
6.0360193253e-01
-7.6401489973e-01
8.7237024307e-01
1.2658121586e+00
1.0066951513e+00
-7.8207097948e-02
4.3078992516e-02
2.7624253184e-02
-1.1054002680e-02
-2.0842839032e-02
-3.8422618061e-02
-5.0752118230e-02
-2.4729197025e+00
-2.1695051193e+00
-1.8603916168e+00
-2.7500877380e+00
-1.2583763599e+00
-3.5017819405e+00
-1.3098864555e+00
-4.8030216247e-02
1.1192627251e-01
3.7896132469e-01
5.2343827486e-01
1.2674207985e-01
-1.2608198822e-01
-1.9030911922e+00
-7.7810734510e-01
-1.1562433094e-01
-1.7648468912e-01
-1.2995555401e+00
-1.2636552751e-01
-1.3446974754e+00
-8.6751431227e-01
-3.8026666641e+00
-1.1697082520e+00
5.4124981165e-01
1.7979964018e+00
1.2856004238e+00
1.2649935484e+00
3.3269193769e-01
4.1465926170e-01
8.4754317999e-01
4.3094035983e-01
-5.2018415183e-02
-5.3445938975e-02
-1.2594763935e-01
-8.6603797972e-03
-4.9940875173e-01
9.1749602556e-01
-3.1230130792e-01
3.1652288437e+00
-5.8467286825e-01
2.5866122246e+00
-2.2812347412e+00
-2.7632861137e+00
-3.2859265804e+00
-1.4349691868e+00
-1.3567894697e+00
6.8443514407e-02
-3.8574311137e-01
4.5448833704e-01
-2.3308527470e-01
9.4204115868e-01
-4.3778857589e-01
-8.2178992033e-01
2.9889982939e-01
-1.1347171664e-01
1.2579646111e+00
-3.0074948072e-01
-1.2188152224e-01
7.3919191957e-02
2.7525192499e-01
3.2765236497e-01
-1.1575595140e+00
-7.3529806137e+00
-3.0115094185e+00
-3.0124516487e+00
3.5869426727e+00
3.2674725056e+00
-1.3733317852e+00
-4.2738194466e+00
-4.8497834206e+00
-1.8590329885e+00
-5.1221415401e-02
1.0585987568e+00
6.6438114643e-01
9.5822058618e-02
7.4546396732e-01
-1.9163870811e-01
-1.9155931473e-01
3.3465972543e-01
4.2496287823e-01
1.3473044336e-01
2.1462391317e-01
8.7208248675e-02
-3.2529309392e-02
5.4770827293e-01
1.3736778498e+00
1.9883927107e+00
1.4333746433e+00
7.2053450346e-01
2.6861053705e-01
-5.1824617386e-01
1.5380219221e+00
-1.7884942889e-01
1.2655637264e+00
1.3253573179e+00
3.1956055760e-01
2.5020828843e-01
4.1357281804e-01
-1.9486639500e+00
3.3733499050e+00
2.8526169062e-01
1.2624900341e+00
-4.7180095315e-01
-4.6073053032e-02
3.0034720898e-01
-1.9734656811e+00
-1.4019918442e+00
-1.6117153168e+00
-4.7651430964e-01
-4.2999976873e-01
7.7157735825e-01
9.2746758461e-01
-9.6479195356e-01
-6.5530884266e-01
-7.6519536972e-01
-4.2610535026e-01
-2.9161274433e-02
2.0111739635e-01
4.2951932549e-01
-2.4211594462e-01
-3.5391384363e-01
4.2482772842e-03
4.1070470214e-01
9.5521777868e-01
1.2555381656e-01
-3.1202182770e+00
-1.4924422503e+00
-9.2949289083e-01
-3.9447188377e-01
2.1398972720e-02
2.1685442328e-01
2.9919859767e-01
2.5821992755e-01
-1.1989367008e-01
5.4584705830e-01
-7.6718890667e-01
-2.0253363252e-01
5.8175927401e-01
1.6522617638e-01
4.2563527822e-02
-1.1650867760e-01
-8.1244185567e-03
-2.3773711920e-01
-5.5339902639e-01
-3.4101322293e-01
3.5629883409e-01
1.8812520802e-01
-1.6557190418e+00
-1.3455957174e+00
-3.8378039002e-01
-1.1303135157e+00
-9.2724621296e-01
-1.0157871246e+00
-5.0156503916e-01
-2.8316946030e+00
-2.3670787811e+00
-2.2263326645e+00
-1.1710381508e+00
-1.5650436878e+00
-1.1401393414e+00
-2.9915770888e-01
-5.4824585915e+00
-7.2070531845e+00
-6.8900279999e+00
-7.9012031555e+00
-8.1438961029e+00
-7.6239314079e+00
-7.5623583794e+00
2.3653945923e+00
2.2684729099e+00
1.7104420662e+00
1.2789443731e+00
9.4423508644e-01
1.1277055740e+00
3.9210362434e+00
-5.8751213551e-01
-1.2396422215e-02
-8.8225394487e-01
8.2134909928e-02
-3.5554390401e-02
8.3489632607e-01
1.8320147991e+00
-3.5009482503e-01
-2.4341282845e+00
-2.4805061817e+00
-2.5692443848e+00
-1.4736893177e+00
-7.0265626907e-01
-2.2175174952e-01
-1.7707887888e+00
-6.6116183996e-01
8.0944567919e-01
1.7907738686e+00
1.7344520092e+00
1.1952220201e+00
1.5251088142e+00
1.7342084646e+00
1.1561309099e+00
7.2923171520e-01
7.1357005835e-01
9.5589637756e-02
1.4514542185e-02
-6.0514919460e-02
-1.9893749952e+00
-1.5190420151e+00
-9.2624038458e-02
-1.1327059269e+00
1.0080215931e+00
1.2405173779e+00
1.2514933348e+00
1.0183890164e-01
1.5585005283e-01
-3.3608619560e-05
-1.8708969001e-03
3.4360894561e-01
5.6183576584e-01
1.3539413214e+00
-1.1301939011e+01
-1.0258185387e+01
-8.9322757721e+00
-7.3041181564e+00
-5.5113267899e+00
-5.0271635056e+00
-3.4057147503e+00
-1.1977683306e+00
3.1413093209e-01
-1.6699801683e+00
-4.2745316029e-01
6.1481589079e-01
-8.6644865572e-02
-6.0128843784e-01
2.2974936962e+00
2.3228831291e+00
2.0629909039e+00
1.8108694553e+00
9.7781777382e-01
6.5268355608e-01
6.2154895067e-01
2.9353878498e+00
2.0735414028e+00
2.6324722767e+00
1.2685158253e+00
9.8622006178e-01
-2.8921666741e-01
-2.2732523084e-01
-5.6276375055e-01
-8.0762851238e-01
-5.3898817301e-01
-8.5518902540e-01
-8.7002158165e-01
-3.1388756633e-01
2.0674994588e-01
-1.7713956535e-02
1.2798955441e+00
7.2850984335e-01
-2.7903165668e-02
2.5694429874e-01
1.1055741310e+00
1.2824543715e+00
2.2088201046e+00
1.7087075710e+00
1.1069675684e+00
1.8271158934e+00
7.0550155640e-01
-1.8594390154e-01
-1.1700969934e+00
1.3011772633e+00
1.9820761681e+00
2.3699820042e+00
8.8202631474e-01
1.8815320730e+00
5.7248556614e-01
2.0448353291e+00
2.9877921939e-01
-1.3749128580e-01
-3.4879562259e-01
-2.9212081805e-02
2.1185815334e-01
1.6542249918e+00
-2.4643720686e-01
1.1537473202e+00
1.8318496943e+00
8.4300732613e-01
-5.3962993622e-01
-3.9134934545e-01
-1.2589144707e+00
-1.9335278273e+00
-1.3013846874e+00
-1.1302745342e+00
-6.2342447042e-01
-7.0157730579e-01
-7.7775582671e-02
-2.3389536142e-01
-7.6884758472e-01
-3.0246850848e-01
-9.2994123697e-01
1.9360338151e-01
-3.6782202125e-01
1.2697397470e+00
8.7536710501e-01
-3.3927372098e-01
9.8410093784e-01
1.2508133650e+00
1.0491166115e+00
1.1263573170e+00
9.0596628189e-01
1.0368405581e+00
4.9988532066e-01
9.4798260927e-01
1.0210666656e+00
9.3721371889e-01
-5.4473347962e-02
-1.8384177983e-01
-2.1375210583e-01
4.9850136042e-01
2.0355230570e-01
-7.4033409357e-02
3.0948129296e-01
-1.4537278414e+00
-1.8880254030e+00
-1.3556398153e+00
-1.3651041985e+00
1.0222994536e-01
-1.1872749031e-01
-1.8782821298e-01
-6.7958779633e-02
-1.1186127365e-01
1.5807929635e-01
2.7077630162e-01
3.3684504032e+00
2.4792580605e+00
3.3123042583e+00
2.6419003010e+00
3.2093217373e+00
2.5635478497e+00
2.9729340076e+00
6.2233823538e-01
1.7023010254e+00
6.3796824217e-01
1.6812258959e+00
8.0320918560e-01
-1.5557395220e+00
-1.5026599169e+00
1.0850504786e-01
5.5201566219e-01
1.5390275717e+00
1.5801408887e-01
3.3675447106e-01
-4.8356615007e-02
1.3099145889e+00
-6.4463883638e-01
-2.5101912022e-01
-4.7564465553e-02
-2.4518276751e-01
1.9502767920e-01
5.6477510929e-01
-2.2920058668e-01
1.0465070009e+00
1.5310777426e+00
1.9024307728e+00
1.2069159746e+00
9.3912303448e-01
1.1858853102e+00
1.5083547831e+00
-2.8028705716e-01
2.0468135178e-01
-9.3331956863e-01
-1.4313602448e+00
-2.2259335518e+00
-2.7060341835e+00
-2.7561352253e+00
-8.9257234335e-01
-9.2020702362e-01
-3.8279983401e-01
-3.8426601887e-01
1.7700427771e-01
3.1209892035e-01
1.0388007164e+00
-3.1020647287e-01
-1.0711348057e-01
-5.9772682190e-01
-1.0877530575e+00
4.0174427629e-01
1.1954951286e+00
7.8783571720e-01
-1.6706373692e+00
-2.1470458508e+00
-2.0677504539e+00
-2.3397047520e+00
-1.2907334566e+00
-1.9557282925e+00
-3.1593206525e-01
-2.4212063849e-01
1.0354256630e+00
5.5436640978e-01
1.5065947175e-01
1.0510075092e+00
-4.1307902336e-01
9.0988916159e-01
8.3360469341e-01
-4.6809184551e-01
2.2659258544e-01
7.2242341936e-02
4.2342630029e-01
7.4451464415e-01
1.0922755003e+00
4.6184837818e-01
4.7649705410e-01
2.8879052401e-01
1.6255743802e-01
2.7999269962e-01
5.1002091169e-01
3.9357599616e-01
3.0093867779e+00
2.0884304047e+00
1.6684494019e+00
1.3156822920e+00
1.8093234301e+00
1.3922914267e+00
1.7736396790e+00
9.2362940311e-01
9.0860015154e-01
1.3048759699e+00
2.9623827338e-01
8.5999774933e-01
8.0132567883e-01
1.8738883734e+00
-6.7658287287e-01
-3.6104965210e-01
-2.3256866634e-01
-1.6702951491e-01
-1.4329385757e-01
-2.1768595278e-01
-5.8058571815e-01
-2.8037438393e+00
-1.4447834492e+00
-2.2936770916e+00
-2.5671076775e+00
-1.9859980345e+00
-4.3103880882e+00
-3.5945212841e+00
-1.1276628822e-01
-7.8973126411e-01
-1.4553636312e+00
-1.8709236383e+00
-1.4890062809e+00
-1.2061874866e+00
-3.8379573822e-01
-1.3165860176e+00
-2.1062319279e+00
-3.3698644638e+00
-3.5745177269e+00
-3.8739669323e+00
-3.7675380707e+00
-3.1051454544e+00
8.9307397604e-01
4.4237935543e-01
3.4221398830e-01
1.0745177269e+00
8.0349504948e-01
1.0167144537e+00
6.6348600388e-01
-1.1156344414e+00
3.5016044974e-01
-2.9170933366e-01
-4.6857544780e-01
2.7877461910e-01
-9.9416924641e-03
-7.5663173199e-01
3.0037643909e+00
2.2176299095e+00
1.5752838850e+00
1.6713327169e+00
1.8753013015e-01
-6.0393787920e-02
5.0341981649e-01
5.7204848528e-01
-1.1576592177e-01
2.7259093523e-01
-6.9715827703e-02
-5.1475000381e-01
1.1526308209e-01
4.6214884520e-01
1.8748549223e+00
9.0595912933e-01
1.2323619127e+00
5.2768331766e-01
1.1426545680e-01
6.5825206041e-01
-5.3922039270e-01
-2.6199636459e+00
-2.7974977493e+00
-2.7856552601e+00
-2.3841936588e+00
-2.7113595009e+00
-2.7954216003e+00
-1.9511680603e+00
-7.2541576624e-01
-4.4755163789e-01
-2.4819033220e-02
-3.9575174451e-01
-6.1141228676e-01
-7.7831089497e-01
1.1916194111e-01
-7.8147876263e-01
5.2235793322e-02
9.8608338833e-01
1.5987043381e+00
9.2807847261e-01
6.7049705982e-01
6.9618797302e-01
1.7835558653e+00
3.7292814255e+00
1.3357110023e+00
3.4675977230e+00
1.9636027813e+00
2.1034536362e+00
-8.1661522388e-01
3.0116858482e+00
2.5248847008e+00
2.3151428699e+00
1.6546937227e+00
1.4439593554e+00
6.5684521198e-01
1.1308507919e+00
-7.6582962275e-01
-4.4711834192e-01
-3.5148555040e-01
-2.3345306516e-01
-1.9082057476e-01
-2.5183641911e-01
-3.3632844687e-01
3.1647241116e-01
4.4282069802e-01
-8.7082035840e-02
-5.6965231895e-01
-9.1416424513e-01
-5.8474606276e-01
-1.5491865873e+00
8.9242857695e-01
1.2020291090e+00
1.2860347033e+00
1.2083792686e+00
1.6095348597e+00
1.5555266142e+00
8.6010724306e-01
-7.4127441645e-01
7.7185446024e-01
3.2924681902e-02
-1.7651511729e-01
-1.4248766005e-01
3.2426658273e-01
-2.1034215391e-01
-4.1528820992e+00
-3.4599647522e+00
-3.2326991558e+00
-3.0921161175e+00
-1.4460053444e+00
-1.2325063944e+00
-8.6137555540e-02
-8.5723948479e-01
-1.2579348087e+00
-1.5305937529e+00
-1.7423113585e+00
-1.8976052999e+00
-1.6969053745e+00
-1.7945080996e+00
-7.0863771439e-01
-7.6179391146e-01
-9.4508469105e-02
1.9863910973e-01
-9.4624146819e-02
-4.6972924471e-01
-5.6328135729e-01
-3.9049205780e+00
-5.6172871590e+00
-6.3637213707e+00
-5.8392157555e+00
-6.5593705177e+00
-5.4451208115e+00
-5.3467221260e+00
-2.2208290100e+00
-1.5811854601e+00
-1.2965685129e+00
-6.1665052176e-01
-7.5667423010e-01
-2.9676976800e-01
-6.5320825577e-01
2.4393671751e-01
9.9530965090e-01
3.0079381466e+00
1.4455623627e+00
1.1179532856e-01
-3.4037527442e-01
-1.0945910960e-01
-3.5868966579e-01
8.9356553508e-04
-1.0109596252e+00
-1.1724718809e+00
-1.2655080557e+00
-1.6478512287e+00
-2.1359863281e+00
2.3993375301e+00
3.3111710548e+00
3.7790768147e+00
1.6781570911e+00
2.3556728363e+00
7.8385287523e-01
-7.0444095135e-01
-4.7066393495e-01
3.8978237659e-02
-2.2551530972e-02
-6.8698978424e-01
-9.6722471714e-01
-7.4674576521e-01
-9.1482722759e-01
3.4219667912e+00
4.1618113518e+00
7.2852029800e+00
7.1619515419e+00
4.2119789124e+00
1.8731789589e+00
6.5502363443e-01
4.2656874657e-01
-3.2550546527e-01
8.7911736965e-01
8.7161459029e-02
-1.4384239912e-02
-5.4547047615e-01
-9.0274816751e-01
-1.5912045240e+00
1.0763225555e+00
2.4926037788e+00
6.9965445995e-01
-1.6551102698e-01
-3.8242492676e+00
-4.5457482338e+00
-5.3941035271e-01
1.4123288393e+00
9.2989659309e-01
6.4641386271e-01
3.5519123077e-01
1.4344251156e-01
3.5428997874e-01
-3.7185552120e+00
-4.3448281288e+00
-4.8378438950e+00
-3.4981644154e+00
-1.9380949736e+00
-1.2127513885e+00
1.5949059725e+00
1.4308543205e+00
3.1609058380e+00
2.6104235649e+00
4.8424088955e-01
1.4500105381e+00
-8.7061375380e-02
-3.5029046535e+00
-2.0244555473e+00
2.2774093151e+00
7.3921471834e-01
-1.3259460032e-01
8.8042831421e-01
1.7428414822e+00
5.9623060226e+00
9.8199683428e-01
3.5101264715e-01
3.2951208949e-01
-4.2888057232e-01
-3.2061645389e-01
-1.4203958511e+00
-2.6302425861e+00
8.6953192949e-02
-3.1595399380e+00
-2.9092538357e+00
-1.7476480007e+00
-1.8979778290e+00
8.7190276384e-01
1.3238064051e+00
1.3470937014e+00
2.7902376652e+00
2.5953965187e+00
2.8653757572e+00
8.1930691004e-01
-7.3339813948e-01
-2.5040233135e+00
-1.8975208700e-01
1.8388684839e-02
-4.7945263982e-01
5.3884577751e-01
-2.1301602945e-02
1.1373053789e+00
-5.0422009081e-02
-3.0059763789e-01
-2.2406554222e-01
-8.3599233627e-01
6.9185590744e-01
5.2511489391e-01
3.9013314247e-01
-3.0544865131e-01
7.2202759981e-01
3.0600180626e+00
5.3566247225e-01
3.4833695889e+00
3.4640188217e+00
1.4936560392e+00
1.3968513012e+00
6.2415498495e-01
-7.7849179506e-01
-1.1569980383e+00
-1.9105956554e+00
-1.7707462311e+00
-2.0361499786e+00
-2.4782495499e+00
4.9383825064e-01
1.8384836912e+00
7.5745958090e-01
1.5979772806e+00
-3.9945915341e-03
-6.1647200584e-01
-5.3449589014e-01
-3.2478265762e+00
-1.6571872234e+00
-2.6562399864e+00
1.1886812449e+00
9.7007465363e-01
2.4366061687e+00
4.3956642151e+00
-1.1097863317e-01
1.2480326891e+00
1.4639189243e+00
6.6154444218e-01
1.7196422815e+00
9.1973376274e-01
2.0021200180e-01
-1.3469575644e+00
-1.4279880524e+00
-1.6168774366e+00
-3.2594618201e-01
9.0679787099e-02
1.2064812183e+00
1.2587118149e+00
4.1956809163e-01
5.2666938305e-01
-1.2868411541e+00
-5.3409233093e+00
-3.3776657581e+00
-2.8588950634e+00
-3.1953623295e+00
-3.7649944425e-01
-9.9218219519e-01
5.5446094275e-01
2.2743108273e+00
5.7795804739e-01
-6.8486511707e-01
1.4831942320e+00
-2.2668570280e-01
-2.6147396564e+00
-1.4156824350e+00
-1.6810718775e+00
-4.0977439284e-01
1.3213369250e-01
-7.1630859375e-01
-6.2321192026e-01
3.4355192184e+00
4.3157491833e-02
1.8318568468e+00
-2.3033663630e-01
2.3001809120e+00
6.5224947929e+00
-4.6108305454e-01
-8.3899646997e-01
-5.8346349001e-01
-4.5625379682e-01
-1.7708219588e-01
-1.3420616388e+00
-1.2136076689e+00
8.3674299717e-01
8.2985669374e-01
8.6139160395e-01
1.1900835037e+00
1.8368103504e+00
-5.2641659975e-01
4.1686192155e-02
4.2311283946e-01
-1.5400772095e+00
-9.2444962263e-01
-2.7559788227e+00
-2.7578153610e+00
-1.9138485193e+00
-4.0962076187e+00
8.0996757746e-01
1.2614420652e+00
-2.8536543250e-01
-1.2121124268e+00
-1.3745517731e+00
-3.1426002979e+00
-3.2443385124e+00
6.5984201431e-01
1.5946482420e+00
9.9990284443e-01
8.9762693644e-01
6.4373522997e-01
4.6609088778e-01
-7.7182704210e-01
-8.0592736602e-02
2.5282862782e-01
3.3612686396e-01
-3.1526881456e-01
-7.5086206198e-02
-2.5187173486e-01
-8.5598570108e-01
9.2763692141e-01
4.7395360470e-01
3.1172189116e-01
1.5394425392e+00
2.1553707123e+00
4.6542051435e-01
1.5178651810e+00
4.6401515603e-01
7.1700435877e-01
1.3540173769e+00
2.1889731884e+00
2.9899520874e+00
9.5929050446e-01
1.9837121964e+00
1.4158328772e+00
-2.4370431900e-01
-4.6427193284e-01
-2.1615250111e+00
-1.4016224146e+00
-5.9972268343e-01
-1.7719931602e+00
2.7718043327e+00
8.0230844021e-01
1.1153973341e+00
8.5217064619e-01
1.1445637941e+00
4.7323203087e-01
-5.5477476120e-01
-6.5268073082e+00
-7.4918203354e+00
-7.8276219368e+00
-5.3577442169e+00
-4.0761151314e+00
6.7467018962e-02
4.2005753517e+00
1.1935169697e+00
1.8446055055e-01
-1.3706028461e+00
-3.6308259964e+00
-3.4939682484e+00
-5.2073550224e+00
-3.4274139404e+00
-1.1105833054e+00
-1.1333687305e+00
-8.6487799883e-01
-1.2522660494e+00
-6.2108629942e-01
-8.2604980469e-01
-5.6304788589e-01
-1.1083739996e-01
1.6450850964e+00
1.7126011848e+00
2.2451591492e+00
4.7913160920e-01
5.1251256466e-01
-2.0647928715e+00
-2.1327814460e-01
-8.6377692223e-01
-1.8414173126e+00
-2.8771893978e+00
-9.6176785231e-01
1.1941111088e-01
2.2966613770e+00
-1.0141811371e+00
-8.0138260126e-01
-9.7414404154e-01
-1.1780561209e+00
-1.0195983648e+00
-1.2378858328e+00
-9.4922858477e-01
6.2823981047e-01
3.4630217552e+00
1.1619066000e+00
7.3793458939e-01
-1.6236999631e-01
1.0866703987e+00
2.3573680222e-01
3.3678597212e-01
-2.9146400094e-01
-1.7830315828e+00
-4.3386125565e+00
-4.3300342560e+00
-2.2589957714e+00
9.5157310367e-02
5.0644402504e+00
3.5136604309e+00
1.1865553856e+00
1.2286500931e+00
3.2870962620e+00
4.0087304115e+00
4.4466619492e+00
-1.5480477810e+00
-4.1450538635e+00
-3.5058081150e+00
-5.4681558609e+00
-1.9794158936e+00
9.8238956928e-01
3.2341611385e+00
2.4780182540e-01
2.6655265689e-01
-1.9249130785e-01
-8.4034961462e-01
4.1744880378e-02
1.4406261444e+00
2.3119091988e+00
3.2618763447e+00
1.7503058910e+00
1.4116910696e+00
-2.9502465725e+00
-2.0032846928e+00
-1.5007027388e+00
-7.1552056074e-01
-3.0660286546e-01
-3.7878561020e-01
-1.1694598943e-01
-9.6470572054e-02
-3.7417447567e-01
-8.5123163462e-01
-4.5340096951e-01
-4.2512660027e+00
-3.1212277412e+00
-3.4163229465e+00
-2.9203395844e+00
-7.6636779308e-01
-3.5585832596e-01
3.7274408340e+00
3.2819831371e+00
2.7477341890e-01
9.6574199200e-01
4.4574150443e-01
3.0325112343e+00
1.1942310333e+00
3.4827332497e+00
-7.6232600212e-01
-9.3060716987e-02
-8.4046119452e-01
5.8087140322e-01
-9.0079593658e-01
1.1546649933e+00
1.9825478792e+00
-3.0257673264e+00
-2.2905898094e+00
-1.4436922073e+00
-2.1469857693e+00
1.6984352469e-01
1.1940259933e+00
1.0896562338e+00
1.8579199314e+00
1.0765552521e+00
-8.4886401892e-01
1.6234560311e-01
1.4984135330e-01
3.9233701229e+00
3.9819569588e+00
3.5844991207e+00
1.1272861958e+00
7.0482814312e-01
-2.8999612331e+00
-4.7972974777e+00
-2.8672370911e+00
1.4408358932e-01
-9.1282886267e-01
-1.2267410755e+00
-1.1061327457e+00
-8.3677881956e-01
-1.2797031403e+00
-1.5208132267e+00
-1.6328605413e+00
-1.0000450611e+00
-7.5854980946e-01
6.8946525455e-02
2.2198812962e+00
2.8200092316e+00
5.1230792999e+00
5.4812808037e+00
1.2374600172e+00
9.0038067102e-01
-1.0414010286e+00
-2.4557588100e+00
-2.1100907326e+00
-2.1218001842e+00
-1.3137588501e+00
4.9067630768e+00
-2.7742519379e+00
1.1530179977e+00
-4.1521892548e+00
-3.0805130005e+00
-7.6240414381e-01
-2.6741878986e+00
2.2873139381e+00
1.6336021423e+00
2.2076635361e+00
6.0340136290e-01
4.0227830410e-01
8.9212208986e-02
-7.9051321745e-01
2.1851520538e+00
1.6087737083e+00
7.9413622618e-01
1.1899354458e+00
7.7952474356e-01
-3.5363876820e-01
1.6345147789e-01
-3.1238162518e+00
-3.3254849911e+00
-2.8831932545e+00
-2.6050708294e+00
-1.6395075321e+00
1.2850347757e+00
3.0099654198e+00
2.1935828030e-01
-2.4975609779e-01
-5.2365142107e-01
-5.0851994753e-01
2.0509588718e-01
-2.9086801410e-01
-3.8345283270e-01
-1.3602699041e+00
-1.5288280249e+00
-3.2104816437e+00
-2.8449511528e+00
-4.0093793869e+00
-3.4557592869e+00
-2.1318278313e+00
7.1640419960e-01
1.2344084680e-01
7.4173444510e-01
5.3329181671e-01
-1.6116952524e-02
7.6977990568e-02
2.7393063903e-01
-3.2686495781e+00
-3.6270468235e+00
-3.1291329861e+00
-2.8621499538e+00
-1.2347724438e+00
-3.4258535504e-01
2.1073766053e-01
2.4423477650e+00
1.7016490698e+00
1.6230279207e+00
-8.5089778900e-01
1.0653641075e-02
-2.0771543980e+00
-2.5854942799e+00
5.2143228054e-01
9.9409627914e-01
1.1496342421e+00
1.0372586250e+00
5.3993970156e-01
8.8511085510e-01
4.8840165138e-01
4.2414731979e+00
5.7245788574e+00
4.0240569115e+00
1.9101688862e+00
2.2143278122e+00
2.0988965034e+00
4.2873030901e-01
3.7444511056e-01
1.5996694565e-01
5.8998882771e-01
-4.0442511439e-01
5.3437668085e-01
-3.0049845576e-01
-8.2316136360e-01
1.4428894520e+00
3.0118319988e+00
2.3334858418e+00
1.8306401968e+00
-2.8215214610e-01
-1.3996467590e+00
-3.9576790333e+00
-2.5780806318e-02
3.5085156560e-01
3.7018862367e-01
-5.8733415604e-01
-4.5657294989e-01
-6.8002796173e-01
-9.6465432644e-01
-7.0082157850e-01
-2.5007793307e-01
7.6861101389e-01
3.6846685410e-01
3.3842723370e+00
-2.5005367398e-01
1.4819761515e+00
8.8798657060e-02
-7.8528714180e-01
-1.0377348661e+00
-8.4266424179e-01
-2.5877635479e+00
-3.5034437180e+00
-4.2985720634e+00
-9.6041959524e-01
1.0085145384e-01
-5.3248441219e-01
-1.4400089979e+00
7.4551410973e-02
-1.3735921383e+00
5.2587389946e-01
9.8993158340e-01
6.3223254681e-01
6.7992115021e-01
1.5715147555e-01
8.9892637730e-01
3.0537459254e-01
6.6342994571e-02
-2.7821990848e-01
-2.1963279247e+00
-2.6563472748e+00
-1.1632918119e+00
7.9977965355e-01
2.0605499744e+00
1.9765584469e+00
1.5961992741e+00
1.8726876974e+00
1.3316604495e-01
3.3849719167e-01
-1.8230886459e+00
-3.1668040752e+00
-2.3069198132e+00
1.4584591389e+00
8.4310546517e-02
1.3909454346e+00
1.2006875277e+00
5.0805550814e-01
9.2118370533e-01
6.9788110256e-01
-7.0868033171e-01
-1.5901868343e+00
-1.1691684723e+00
-1.4108200073e+00
-1.4341356754e+00
-1.9927406311e+00
-1.8690128326e+00
-4.6007838845e-01
1.1763949394e+00
-1.3921262324e-01
6.3084650040e-01
2.0684954524e-01
-1.7131593823e-01
-5.7330977917e-01
4.6912145615e-01
-3.8304525614e-01
-1.7277173996e+00
-7.2502738237e-01
-8.7099862099e-01
-8.6334943771e-01
-5.6921243668e-01
1.5841413736e+00
1.0776774883e+00
2.9435023665e-01
5.0118881464e-01
-1.5269316435e+00
-2.7611763477e+00
-2.1304945946e+00
-2.4956405163e+00
-2.0644390583e-01
-6.2614792585e-01
-3.3894515038e-01
2.2530276775e+00
1.6965450048e+00
3.6601052284e+00
3.7640538067e-02
1.3453017473e+00
1.0561410189e+00
-1.2487430871e-01
1.1059112847e-02
1.1712853909e+00
-5.3375091404e-02
-8.9706748724e-01
3.0692694709e-03
-7.0054864883e-01
1.6339663416e-02
3.5045084357e-01
-7.7073448896e-01
-1.4974709749e+00
9.2816025019e-01
-1.9515663385e+00
9.8929509521e-02
-2.5635457039e+00
4.4847488403e-01
-3.4365192056e-01
8.3809447289e-01
-2.9429636002e+00
-5.2350730896e+00
-2.8151335716e+00
-1.3237206936e+00
-5.7282173634e-01
-1.0774925947e+00
-8.9636480808e-01
-5.1921170950e-01
-4.6562585235e-01
-1.0416968167e-01
3.4981423616e-01
-5.8647751808e-02
4.1078478098e-01
1.2181522846e+00
2.7184815407e+00
3.7805087566e+00
2.8999187946e+00
3.3112425804e+00
1.3252850771e+00
4.3138742447e+00
3.6020998955e+00
-1.0323586464e+00
-1.1411941051e+00
-1.4142524004e+00
-2.2322952747e+00
-3.0582184792e+00
-3.8922457695e+00
-4.2413845062e+00
2.0473787785e+00
8.5841637850e-01
4.5899358392e-01
5.9779840708e-01
7.3899650574e-01
7.3111824691e-02
-4.3108516932e-01
-1.1311587095e+00
-1.3984271288e+00
-1.8128833771e+00
-1.5502027273e+00
-2.6236996651e+00
-1.6969871521e+00
-6.5865892172e-01
1.1069751978e+00
1.5097461939e+00
-4.7794425488e-01
-1.7663547993e+00
-2.5707178116e+00
-1.0600889921e+00
-6.4913529158e-01
2.2765472531e-01
6.0628980398e-01
-6.4813894033e-01
-3.3063116670e-01
-1.4131038189e+00
-2.3630642891e+00
-2.1583197117e+00
-1.0658608675e+00
-9.2588502169e-01
-1.0178452730e+00
-5.2135181427e-01
-2.6337656379e-01
2.4786728621e-01
-1.1037168652e-01
1.2981126308e+00
6.2121486664e-01
2.4521930218e+00
2.0024778843e+00
2.2551441193e+00
1.5851902962e+00
6.5167051554e-01
-1.2770719826e-01
1.7071218789e-01
8.6378002167e-01
1.9803107977e+00
4.7052703798e-02
6.7783159018e-01
-3.9881765842e-01
-3.2346764207e-01
-3.0434467793e+00
-1.8462195396e+00
-1.9685901403e+00
-1.4439942837e+00
-1.5052685514e-02
2.6596501470e-01
2.9949603081e+00
6.6841387749e-01
2.0642106533e+00
8.4464967251e-01
1.8394596577e+00
9.0955346823e-01
-2.4541410804e-01
-4.2653870583e+00
-3.6344993114e+00
-1.6026847363e+00
2.5982564688e-01
1.5336829424e+00
1.6930397749e+00
2.2845859528e+00
-3.0570933819e+00
-5.7964220047e+00
-5.4893398285e+00
-4.8145222664e+00
-2.7331218719e+00
-1.3060594797e+00
-3.6321347952e-01
-5.1900583506e-01
-1.2370070219e+00
-1.0835288763e+00
-2.2733368874e+00
-2.6872296333e+00
-2.9648587704e+00
-3.6230528355e+00
1.9035441875e+00
1.7582498789e+00
8.5365331173e-01
4.9791342020e-01
-2.1004683971e+00
-1.6791771650e+00
-3.8581023216e+00
2.3927457333e+00
-3.7910783291e-01
1.1861138344e+00
7.2938001156e-01
2.6032719612e+00
2.2710564137e+00
2.6192538738e+00
-2.2186059952e+00
-2.2647635937e+00
-2.3811421394e+00
-2.3623178005e+00
-2.4075803757e+00
-2.2704524994e+00
-2.5858776569e+00
1.9841581583e-01
9.6555674076e-01
-6.6290706396e-01
1.1298605800e-01
4.7676452994e-01
1.6001149416e+00
-1.0898535699e-01
-4.9958019257e+00
-5.6689062119e+00
-4.8502502441e+00
-3.2683737278e+00
-1.7132045031e+00
-1.8694256246e-01
4.5532080531e-01
4.6817197800e+00
4.9751553535e+00
3.9319419861e+00
2.6290044785e+00
4.0750484467e+00
1.5590761900e+00
2.6854186058e+00
-2.1980531216e+00
-2.5387620926e+00
-4.9708539248e-01
6.1351066828e-01
1.6496496201e+00
2.7001647949e+00
1.8496826887e+00
-3.8850457668e+00
-3.7215461731e+00
-1.1529241800e+00
-4.0926691145e-02
-6.5160346031e-01
-1.5421502292e-01
-7.3025071621e-01
1.8888863325e+00
3.9900645614e-01
-2.0214412212e+00
-1.8297251463e+00
-3.3043253422e+00
9.2117059231e-01
2.3878629208e+00
-3.0462715030e-01
-3.0697077513e-01
-5.8049279451e-01
-9.6496862173e-01
-1.7512528896e+00
-1.9792255163e+00
-1.5842534304e+00
-1.2456464767e+00
-1.6859074831e+00
9.6446204185e-01
-3.0886122584e-01
2.8991372585e+00
-8.9540296793e-01
4.6521959305e+00
5.1334053278e-01
-8.2331013680e-01
5.5703389645e-01
3.6541026831e-01
-4.7744452953e-01
-2.1493385732e-01
-2.2307443619e-01
-2.5770366192e+00
-3.0196640640e-02
-1.4561843872e+00
-5.5395632982e-01
2.5328260660e-01
1.9374030828e+00
-1.1057087779e-01
-2.3415954113e+00
-7.4031436443e-01
-1.0275412351e-02
-4.4216129929e-02
-1.7252586782e-02
6.2904417515e-01
5.3719174862e-01
4.7912123799e-01
-8.6099296808e-01
-7.4417442083e-01
1.4617246389e+00
5.5764565468e+00
6.0509257317e+00
3.2595479488e+00
5.3653615713e-01
1.6901482642e-01
-3.1470313072e+00
-3.0806028843e+00
-1.0953351259e+00
4.0912520885e-01
1.4290809631e+00
-1.4666898251e+00
-1.9596202374e+00
-1.8306409121e+00
-1.9326938391e+00
-2.0427570343e+00
-2.5376329422e+00
-2.1277396679e+00
1.1963431835e+00
2.3463721275e+00
4.5976448059e+00
3.4724950790e+00
3.3540196419e+00
4.9365944862e+00
5.6007270813e+00
-2.6754045486e+00
-3.1490623951e+00
-2.8819162846e+00
-2.8917703629e+00
-3.0734169483e+00
-2.7208054066e+00
-2.2484669685e+00
1.0480393171e+00
-2.2865030766e+00
5.3254187107e-01
-1.2152762413e+00
-3.1984908581e+00
7.9294145107e-01
5.7071983814e-02
-8.9669579268e-01
7.5730085373e-01
5.2716696262e-01
3.2865610719e-01
-6.5531861782e-01
-1.0546869040e+00
-1.5511587858e+00
1.9709970951e+00
1.7176918983e+00
1.6212053299e+00
5.0683474541e-01
1.2673090696e+00
1.1214296818e+00
8.1568616629e-01
-1.2853220701e+00
2.7034291625e-01
1.8373814225e-01
1.8863882869e-02
2.0058567822e-01
8.4250718355e-01
6.5031737089e-01
1.8183343112e-01
2.4024885893e-01
3.0463254452e-01
2.9050123692e-01
4.8038133979e-01
-1.7600464635e-03
1.5767633915e-01
-2.1609787941e+00
-1.6117676497e+00
-3.8172655106e+00
-3.7426006794e+00
-3.1119182110e+00
-1.9961006939e-01
8.5901266336e-01
-1.6412621737e+00
-1.4810312986e+00
-1.8533526659e+00
-1.4289904833e+00
6.1259073019e-01
1.1446233094e-01
-3.6194214225e-01
2.0781643689e-01
4.6733625233e-02
-1.4752954245e-01
-1.3283155859e-01
-1.8437081575e-01
-9.1584213078e-02
-1.2612481415e-01
-6.1375994682e+00
-5.7696218491e+00
-9.4943350554e-01
1.9876444340e+00
1.1608155966e+00
1.8294136524e+00
1.7508199811e-01
7.2717869282e-01
2.6295074821e-01
2.1628394723e-01
-8.5779214278e-03
-6.5812587738e-02
-2.4004764855e-01
2.8676474094e-01
-2.1482827663e+00
-2.9443140030e+00
-1.2995826006e+00
-3.6835211515e-01
3.3183569908e+00
3.6443340778e+00
7.4716358185e+00
-3.2766993046e+00
-1.6683049202e+00
9.3051367998e-01
2.5236318111e+00
7.2320985794e-01
1.7404959202e+00
1.6980900764e+00
-5.6291967630e-01
3.2286942005e-01
3.0258276463e+00
2.1608271599e+00
2.5295393467e+00
2.7002167702e+00
1.3858697414e+00
-2.1506643295e+00
-9.6205687523e-01
-3.7134641409e-01
1.2678117752e+00
-3.4118899703e-01
-5.7726728916e-01
-5.4750716686e-01
4.1278228164e-01
1.8534345627e+00
-5.2767503262e-01
1.2471305132e+00
-5.1643104553e+00
-8.0289894342e-01
-1.3559514284e+00
2.5384345055e+00
3.2430115342e-01
1.2680085897e+00
-2.0285256207e-01
-1.1214171648e+00
-3.3182492852e-01
-5.8548015356e-01
9.6259087324e-01
-3.9525869489e-01
-1.7340360880e+00
1.9590131044e+00
-1.7591899633e+00
-1.9684568644e+00
-1.5989265442e+00
3.4373342991e+00
3.2998635769e+00
1.9236097336e+00
8.3084332943e-01
-6.6768741608e-01
-4.3897214532e-01
5.5947485380e-03
2.1752402782e+00
9.2777270079e-01
8.5304689407e-01
3.7397038192e-02
9.0391719341e-01
-1.5653187037e+00
-4.0946645737e+00
-3.6452975273e+00
-2.0201673508e+00
-1.7867892981e+00
4.1701754928e-01
-6.2637746334e-01
1.2222540379e+00
4.6495640278e-01
-1.2142412663e+00
-3.9857861400e-01
-3.4301578999e-01
8.9328485727e-01
2.6240661740e-02
1.3328605890e+00
8.9116263390e-01
-2.8463414311e-01
-7.0128601789e-01
-6.2598562241e-01
-6.8620580435e-01
-1.0354325771e+00
-8.8381457329e-01
-1.5312929153e+00
4.2494120598e+00
3.8203241825e+00
5.8025074005e-01
-1.9475745037e-02
-2.2754678130e-01
-1.7212861776e+00
-2.4640197754e+00
1.7698991299e+00
4.9045062065e-01
1.0547482967e+00
5.7924699783e-01
-2.4506644905e-01
-5.0855331123e-02
-2.1000739932e-01
-3.2040374279e+00
-1.9016368389e+00
-4.5957541466e-01
1.4061549902e+00
-1.3671518862e-01
1.9012678862e+00
7.9532903433e-01
-9.4192099571e-01
-1.6099075973e-01
-9.6004146338e-01
-2.3279137611e+00
-1.3312803507e+00
-2.8779876232e-01
1.1650714874e+00
-1.2809647560e+01
-6.6022586823e+00
-3.3773832321e+00
-1.6432006359e+00
-2.4355950356e+00
-7.5329226255e-01
9.1396458447e-02
-3.0106672645e-01
-3.1241151690e-01
-9.7288131714e-01
-1.6950827837e+00
-6.2832651138e+00
-2.0741281509e+00
-1.8687597513e+00
4.7887511253e+00
2.4273955822e+00
4.9957853556e-01
3.9810886979e-01
-5.7223355770e-01
-5.1658141613e-01
-2.5939946175e+00
-1.9598205090e+00
-1.7879606485e+00
-9.7606283426e-01
-8.3824187517e-01
-4.4676965475e-01
1.3218315840e+00
3.3480006456e-01
1.3366018534e+00
2.2883777618e+00
6.5147495270e-01
1.9703549147e-01
-4.0456406772e-02
5.7880282402e-01
4.7094470263e-01
-9.5179551840e-01
5.8949637413e-01
-1.7855812311e+00
-1.3609371185e+00
-9.4431298971e-01
1.9750307798e+00
-4.1775187850e-01
8.7734967470e-01
7.7975535393e-01
3.1667712331e-01
2.0173214376e-01
3.2462620735e-01
7.7978837490e-01
6.3924145699e-01
-1.8590113521e-01
-2.5542613864e-01
2.2772248089e-01
5.3550064564e-01
3.5689669847e-01
4.5480392873e-02
7.7547907829e-01
5.5584335327e-01
3.4479048252e+00
2.3138058186e+00
1.8509445190e+00
1.9078004360e+00
2.0242776871e+00
1.1262913942e+00
3.1996971369e-01
9.8021018505e-01
4.7412222624e-01
-3.2666784525e-01
-9.0986564755e-02
-8.0257958174e-01
-4.6464779973e-01
-6.0760631561e+00
-3.4960563183e+00
-8.3117961884e-01
1.0058348179e+00
3.8232047111e-02
-2.5927850604e-01
-6.2713509798e-01
9.3316191435e-01
-1.0022456646e+00
2.0251961052e-01
-2.9420909286e-01
1.2174865603e-01
-8.1065303087e-01
-2.2634251416e-01
-5.7693510056e+00
-3.1969611645e+00
-4.1499586105e+00
-2.7465856075e+00
-2.0634660721e+00
-2.0802376270e+00
-8.8525885344e-01
-3.2710061073e+00
-3.2689545155e+00
-3.8740329742e+00
-3.7848777771e+00
-3.3280258179e+00
-2.0822091103e+00
-2.2409682274e+00
3.2460153103e+00
1.1320645809e+00
1.1929712296e+00
1.4420177937e+00
8.1213289499e-01
2.4080882967e-01
6.8171550520e-03
-4.3983540535e+00
-6.4067697525e+00
-3.4769177437e+00
-3.8675158024e+00
4.9319389462e-01
1.1212525368e+00
3.0110342503e+00
8.4881734848e-01
3.4347453713e-01
4.5802161098e-01
9.2611514032e-02
-4.3226081133e-01
-7.0277422667e-01
-2.1645259857e+00
4.3540865183e-01
2.0229664445e-01
-1.0840746760e-01
-1.1954615265e-01
-5.0469435751e-02
-5.2497498691e-02
-5.1742486656e-02
8.4715819359e-01
9.5889145136e-01
8.6522102356e-01
6.8754297495e-01
3.7749078870e-01
7.4750614166e-01
3.7935517728e-02
-4.3878092766e+00
-6.9023480415e+00
-3.4484753609e+00
-3.3856391907e+00
-7.5232379138e-02
-5.3357553482e-01
-3.1491234899e-01
9.4119057059e-02
-2.7556197643e+00
-1.9644582272e+00
-2.0410919189e+00
-2.5969519615e+00
-5.3782653809e+00
-3.8495151997e+00
7.2623729706e-01
7.4214315414e-01
4.1128128767e-01
2.2811125219e-01
3.1617140770e-01
4.8187281936e-02
1.6279828548e-01
3.1577093601e+00
1.7858829498e+00
2.2912151814e+00
3.9721174240e+00
1.9015444517e+00
2.2587659359e+00
9.9022948742e-01
1.8874439597e-01
8.5325419903e-02
1.0053597391e-01
8.4599666297e-02
5.3712021559e-02
4.2033664882e-02
6.0828559101e-02
5.2700537443e-01
8.0703973770e-01
-3.3494129777e-01
8.0419108272e-02
-1.4966914058e-01
-2.9195868969e+00
-2.7099802494e+00
2.4385216832e-01
4.5309648849e-03
-1.1817084998e-01
-1.1389129609e-01
-5.8906608820e-01
-2.7240500450e+00
-4.6305146217e+00
8.9756995440e-01
1.1871302128e+00
5.4816108942e-01
7.5085085630e-01
-2.1595358849e+00
-9.8635721207e-01
6.4743274450e-01
2.5933179259e-01
7.3627573252e-01
9.5959931612e-01
6.2005603313e-01
9.7523605824e-01
1.0249396563e+00
-8.1908158958e-02
7.2936034203e-01
9.3058824539e-01
5.6046712399e-01
6.3885205984e-01
5.4453527927e-01
6.0216820240e-01
4.3079569936e-01
-9.4475723803e-02
1.1775770187e+00
-2.6099593639e+00
5.0043886900e-01
-5.7641510963e+00
-2.2135381699e+00
-3.0332982540e+00
-1.7241275311e+00
-2.8801481724e+00
3.5476807505e-02
-1.4024235010e+00
1.1020988226e+00
-2.5987622738e+00
1.1747212410e+00
3.1111071110e+00
-1.8893985450e-01
-1.1827258021e-01
-7.6349484921e-01
-7.2648525238e-01
-8.1551322937e+00
-4.3847346306e+00
3.1228815205e-03
1.3195337355e-01
-1.7272630334e-01
-4.8359414935e-01
-3.0624570847e+00
-6.3239479065e+00
-1.7731758356e+00
5.6277427673e+00
1.3281775713e+00
-3.8152965903e-01
2.4233977795e+00
-1.2510960102e+00
-2.5407202244e+00
-2.5847527981e+00
2.5279501081e-01
3.8741022348e-01
4.0131255984e-01
7.8111141920e-01
4.8348456621e-01
7.7252429724e-01
-8.9409869909e-01
9.1103935242e-01
7.7454364300e-01
8.4657639265e-01
3.0396822095e-01
3.2397690415e-01
5.6686490774e-01
5.4490798712e-01
-3.8813412189e+00
2.1650888920e+00
2.0110497475e+00
-6.1576855183e-01
-7.7561080456e-01
-4.9635234475e-01
1.4564312994e-01
2.4403999746e-01
4.7706505656e-01
5.0482583046e-01
1.7227435112e+00
1.5357646346e-01
1.0116242170e+00
1.6724438667e+00
8.8227587938e-01
-9.6284210682e-01
1.6854053736e+00
-1.5905797482e+00
6.7146790028e-01
-6.7566651106e-01
1.0074159503e-01
-4.4967436790e+00
-3.0813241005e+00
4.9730810523e-01
1.2991818190e+00
2.6147551537e+00
2.3682696819e+00
1.3233249187e+00
-5.2385354042e-01
8.8254310191e-02
-2.4428783357e-01
2.9047256708e-01
1.8712097406e-01
3.3054360747e-01
4.1007572412e-01
-2.3985262215e-01
-2.6509889960e-01
-1.4403406382e+00
-6.0015583038e+00
-8.1355533600e+00
-5.4503617287e+00
-2.7891778946e+00
2.7116787434e-01
4.8549264669e-01
-4.3143169023e-03
2.0468028262e-02
-2.9416018724e-01
-1.4327390492e-01
-6.8995192647e-02
2.8907387257e+00
1.2998646498e+00
2.2948813438e-01
1.4961646497e-01
-2.4520926178e-01
-1.0056982189e-01
4.4970780611e-01
2.7812460065e-01
8.0344724655e-01
3.6701181531e-01
4.0933570266e-01
6.6174596548e-02
1.7218169570e-01
1.9528447092e-01
5.6485980749e-01
-1.4564758539e-01
7.0940959454e-01
7.1944755316e-01
-1.9237166643e-01
-2.6706248522e-01
2.7145046741e-02
-3.8746145368e-01
-3.4208890796e-01
-3.1266963482e-01
-1.0970783234e+00
-7.8643995523e-01
6.3357198238e-01
-1.9669507444e-01
1.9483808279e+00
8.8650715351e-01
1.4172164202e+00
2.4876301289e+00
1.2106841803e+00
1.3988431692e+00
1.2372168303e+00
-2.1039104462e+00
-2.2831840515e+00
-3.6346936226e+00
-3.4171724319e+00
-7.2182422876e-01
-5.3840684891e-01
-4.6123728156e-01
-3.8797765970e-02
5.9828150272e-01
1.8019673228e-01
2.0497829914e+00
6.8364685774e-01
1.2831485271e+00
1.2109853029e+00
-2.2248358727e+00
-1.8831862211e+00
-1.7664569616e+00
1.6946054697e+00
1.7805233002e+00
2.8261799812e+00
2.8988234997e+00
-1.2013479471e+00
-3.5474400520e+00
-1.1724526882e+00
-6.6643047333e-01
-4.2982006073e-01
-2.8290635347e-01
-5.6727659702e-01
6.6707915068e-01
6.1674290895e-01
-9.3601250648e-01
3.3253043890e-01
-2.0321500301e+00
-8.8925594091e-01
-4.5917525291e+00
-2.4036486149e+00
-2.5881540775e+00
5.2843564749e-01
-3.7624692917e-01
-2.7647852898e-01
-5.9776049852e-01
-8.4817636013e-01
3.3228445053e-01
-8.9559309185e-02
-3.4851896763e-01
7.9163968563e-01
9.3823671341e-02
1.2885238975e-02
-6.7096853256e-01
-4.7304983139e+00
-2.9058780670e+00
-2.3079278469e+00
-7.0205348730e-01
5.6977438927e-01
2.9699975252e-01
2.4082610011e-01
1.2702614069e-01
1.2849876881e+00
4.3141734600e-01
1.2564134598e-01
3.5887613893e-01
-1.0437961817e+00
-2.1818127632e+00
-1.8181701899e+00
-2.3464272022e+00
-9.3649601936e-01
7.0703226328e-01
2.5764486194e-01
-1.5739874542e-01
1.4768112898e+00
-7.6606976986e-01
-5.5510783195e-01
-1.0921181440e+00
-8.6736363173e-01
-1.3265072107e+00
-9.1004103422e-01
-1.0136425495e+00
8.6133021116e-01
8.3312708139e-01
1.0621588230e+00
4.1182520986e-01
9.8785960674e-01
1.0265330076e+00
1.0286691040e-01
-4.1727763414e-01
-7.4847078323e-01
-1.2741272151e-01
-8.2784128189e-01
-1.9513918161e+00
-1.5940344334e+00
-3.4256145954e+00
1.8103824556e-01
2.1893599629e-01
-6.2698751688e-02
4.7732019424e-01
4.8303404450e-01
2.1196910739e-01
4.1435587406e-01
-1.6044036150e+00
-2.7404627800e+00
-1.2671258450e+00
-7.0966488123e-01
2.1808199883e+00
3.2167324424e-01
2.1817653179e+00
6.0184836388e-01
1.7312210798e+00
-1.2106503248e+00
-7.5644278526e-01
-2.2000312805e+00
-2.1575915813e+00
-1.8295081854e+00
-4.2097167969e+00
-2.4681587219e+00
-3.9563260078e+00
-1.3564437628e+00
-1.9079008102e+00
-7.5076603889e-01
5.9600371867e-02
1.1304861307e+00
9.9108982086e-01
1.0498840809e+00
6.7477768660e-01
-6.4366978407e-01
-1.0456208885e-01
-2.1985414028e+00
8.4050530195e-01
9.1890418530e-01
2.0493650436e+00
1.2101811171e+00
7.8055173159e-02
-5.1705706120e-01
-3.0942330360e+00
3.7805280089e-01
1.5188823640e-01
6.6676980257e-01
4.5754420757e-01
1.5613976717e+00
9.3205559254e-01
4.5131245255e-01
-3.0839960575e+00
-1.2386928797e+00
-1.4667876959e+00
-8.2225102186e-01
-4.8987039924e-01
-1.8595157862e+00
-8.5697764158e-01
-2.2883641720e+00
-2.2460680008e+00
-1.1451963186e+00
-2.0845767856e-01
-1.1918499470e+00
-1.5159492195e-01
-9.3914568424e-01
1.9688786268e+00
-1.1066088825e-01
1.3004380465e+00
-1.9816811383e-01
7.1473371983e-01
2.2656540573e-01
9.7364854813e-01
1.1857720613e+00
2.5853126049e+00
2.4200468063e+00
3.3734560013e+00
2.2602727413e+00
2.7886419296e+00
1.1312631369e+00
-8.7732243538e-01
-1.9422870874e+00
-7.4917566776e-01
-2.9977014065e+00
-2.2162525654e+00
-2.8699295521e+00
-1.0231652260e+00
-1.6569660902e+00
-1.7202758789e+00
-1.4068813622e-01
4.2057463527e-01
1.1759443283e+00
-2.3745927215e-01
9.3648099899e-01
-2.0152761936e+00
-2.3259761333e+00
-4.5250204206e-01
1.3682211284e-03
3.2933950424e-02
9.5886337757e-01
3.4538328648e-01
8.8972651958e-01
5.2187615633e-01
-1.2951126695e-01
-3.4420263022e-02
8.7075531483e-01
7.6563644409e-01
4.0964692831e-01
-3.9143984318e+00
-1.7517862320e+00
-2.1804769039e+00
-9.5859742165e-01
-9.0955066681e-01
4.6241426468e-01
1.3661921024e-01
-9.7013634443e-01
3.4537625313e-01
3.4146708250e-01
1.1630724370e-01
-5.5437391996e-01
-2.3621602058e+00
-3.3443691730e+00
-8.7906993926e-02
4.8882806301e-01
1.3461108208e+00
6.9708651304e-01
1.2648917437e+00
4.9549528956e-01
8.4225153923e-01
2.5184324384e-01
-6.5538752079e-01
-9.7701549530e-01
-2.1849088669e+00
-1.8056920767e+00
-3.7296764851e+00
-1.7730869055e+00
6.0708403587e-01
1.2160048485e+00
3.0135172606e-01
-2.6618584991e-01
-1.5472216904e-01
-1.5626059771e+00
-3.3162152767e+00
1.0415760279e+00
-1.2839689851e-01
3.3414644003e-01
3.3520209789e-01
1.8128439784e-01
1.0886529684e+00
-2.2871671617e-01
1.5335336924e+00
1.1919969320e+00
1.2191119194e+00
1.3416185379e+00
9.3993848562e-01
5.4769265652e-01
1.9644955397e+00
-2.8042120934e+00
-3.2177731991e+00
-2.1353886127e+00
-2.0375056267e+00
9.6200627089e-01
1.7208915949e+00
1.8785810471e+00
-4.7686356306e-01
3.3362898231e-01
-7.9839599133e-01
3.3978524804e-01
6.2760770321e-01
-1.0783610344e+00
-3.7017554045e-01
2.2336003780e+00
2.2593989372e+00
2.5855066776e+00
2.4108548164e+00
2.0101852417e+00
3.1195652485e+00
2.6993405819e+00
-1.3487067819e-01
-1.5455318689e+00
1.8917557001e+00
-1.2355145067e-01
-4.6254551411e-01
-5.8812230825e-01
-1.4939081669e-01
-6.9627434015e-02
3.5310447216e-01
8.0392903090e-01
9.0008580685e-01
-1.7894384265e-01
3.0829197168e-01
2.3749411106e-01
1.7022169828e+00
1.4664256573e+00
-8.3364173770e-02
1.7864224911e+00
-4.1917032003e-01
3.9119341969e-01
-1.1617258787e+00
1.8363361359e+00
1.1362203360e+00
8.1235051155e-01
1.7358070612e+00
-6.0233380646e-02
-3.0608686805e-01
-2.7114942074e+00
-1.8513436317e+00
-1.8116227388e+00
-1.4607625008e+00
-2.1856670380e+00
-2.7279803753e+00
-3.7512948513e+00
-4.3460845947e+00
-2.1210999489e+00
-1.9514299631e+00
-8.3505839109e-01
-9.6398401260e-01
-7.7302014828e-01
-7.6877468824e-01
-9.8760706186e-01
4.1650286317e-01
5.0404816866e-01
3.4888342023e-01
7.1159499884e-01
2.6290029287e-01
7.4328684807e-01
4.4517278671e-01
5.7263892889e-01
3.5109965801e+00
-1.5114268064e+00
2.3647298813e+00
-6.0251989365e+00
-6.2524127960e-01
-5.1592483521e+00
-1.1448382139e+00
-3.4445643425e-01
-7.9172366858e-01
1.7281906605e+00
1.0388948768e-01
-7.1037478745e-02
1.3514564037e+00
-3.8254754618e-03
3.2754161954e-01
1.6764725745e-01
-8.1331476569e-02
6.6516947746e-01
-1.2348061800e+00
3.6921650171e-01
1.4939830303e+00
4.3130499125e-01
1.3288922310e+00
2.0565576851e-01
5.3012537956e-01
-4.6618136764e-01
-1.2125024796e+00
-7.1066074073e-02
1.6003894806e+00
2.6334271431e+00
3.4377782345e+00
1.7436270714e+00
1.4771805704e-01
-3.3311541080e+00
-1.8089923859e+00
-1.1857206821e+00
-3.8249173760e-01
4.0445363522e-01
1.3134558499e-01
5.2185374498e-01
-5.0698554516e-01
1.9785053730e+00
2.2635607719e+00
1.9861414433e+00
2.7443811893e+00
3.4993972778e+00
4.2105312347e+00
3.5094110966e+00
-1.5662097931e+00
-2.0713098049e+00
3.0204620957e-01
-3.5844767094e-01
-1.4679679871e+00
-6.4978146553e-01
-1.1570329666e+00
4.1623646021e-01
9.4318002462e-01
1.4154868126e+00
2.0367147923e+00
1.9807795286e+00
3.1623578072e+00
2.3098230362e+00
-4.0897006989e+00
2.9931659698e+00
-2.5725240707e+00
7.8490924835e-01
-5.3406488895e-01
-2.3244194984e+00
1.8624361753e+00
-4.3049197197e+00
-2.2295548916e+00
-2.6061315536e+00
-1.2965181470e-01
2.2846825421e-02
1.3566903770e-01
7.7498561144e-01
-2.0122473240e+00
-1.5283946991e+00
-1.4483426809e+00
-4.4358485937e-01
-6.8445128202e-01
1.7972500324e+00
2.4651896954e+00
2.1689856052e+00
8.4096127748e-01
-9.2409640551e-02
-8.7508183718e-01
-4.4596939087e+00
-7.6386132240e+00
-6.2227692604e+00
-2.3744957149e-01
7.4876236916e-01
6.3227421045e-01
1.0751842260e+00
5.3432184458e-01
2.8895166516e-01
5.6034702063e-01
-3.6407685280e-01
2.0668388903e-01
4.7207441926e-01
7.2850918770e-01
7.8448325396e-01
-4.2622050643e-01
-1.5649533272e+00
