# Shape: [64, 64, 5]
# Original tensor was reshaped from [64, 64, 5] to 1D array
-2.7333955765e+00
-3.7960484028e+00
-3.1769707203e+00
-3.1759912968e+00
-3.0428595543e+00
3.8809224963e-01
2.9053813219e-01
7.3009783030e-01
3.9463970065e-01
2.4447470903e-01
3.5125317574e+00
3.7347517014e+00
3.4357256889e+00
3.0415401459e+00
2.7037560940e+00
-1.4266802371e-01
-8.2715708017e-01
6.1413049698e-01
-1.4966365099e+00
-1.3540681601e+00
7.4553000927e-01
9.2915010452e-01
6.8554520607e-01
5.9670680761e-01
6.2745738029e-01
1.7582765818e+00
1.3480970860e+00
1.5897995234e+00
2.1603319645e+00
2.2226681709e+00
3.1567783356e+00
3.2326624393e+00
2.8546812534e+00
3.1503763199e+00
3.1347923279e+00
4.2454791069e+00
4.4992861748e+00
4.1376109123e+00
5.4193463326e+00
5.4580836296e+00
2.6456480026e+00
2.8096928596e+00
2.9967920780e+00
3.4142394066e+00
3.6080849171e+00
8.7764686346e-01
6.9513672590e-01
6.4956736565e-01
1.9421797991e+00
1.3737195730e+00
1.9749788940e-01
5.7021385431e-01
1.0892125368e+00
7.8025154769e-02
-2.5914001465e-01
-2.5428226590e-01
-9.3683928251e-01
1.9526806474e-01
-2.9584848881e-01
-9.0270757675e-02
6.7241743207e-02
7.8419524431e-01
8.0927842855e-01
1.1258116961e+00
1.9554663897e+00
1.8272150755e+00
1.5906822681e+00
1.6493507624e+00
2.8646008968e+00
3.3388898373e+00
8.2743155956e-01
5.3910624981e-01
-6.8818205595e-01
-6.5498459339e-01
-1.1290378571e+00
6.4561641216e-01
6.9836920500e-01
6.2325662374e-01
6.9575434923e-01
8.5034954548e-01
-1.2974475622e+00
-1.3598402739e+00
-5.3814868927e+00
-2.1514585018e+00
-2.2737154961e+00
2.1047596633e-01
4.6951419115e-01
7.1036279202e-01
4.1560745239e-01
2.7389091253e-01
2.9862287641e-01
1.3946912289e+00
1.4615713358e+00
2.1852807999e+00
2.7462813854e+00
-1.5364310741e+00
-1.3401745558e+00
-1.6309933662e+00
-2.8846879005e+00
-3.1464185715e+00
2.2312912941e+00
5.0448465347e-01
-5.0078265369e-02
-1.0714194775e+00
-1.3366985321e+00
-3.6119589210e-01
-1.9613803923e-01
-2.8738906980e-01
-1.2213699520e-01
-5.3468185663e-01
-1.6594469547e+00
-1.3212872744e+00
-2.9232273102e+00
-5.1602596045e-01
-4.0257298946e-01
1.8845461607e+00
2.2738273144e+00
1.5599234104e+00
1.7178841829e+00
1.6973401308e+00
4.7226768732e-01
4.1621866822e-01
5.5368548632e-01
-2.2644233704e-01
-3.2682120800e-01
-8.1304728985e-01
-9.8003435135e-01
-1.4196374416e+00
-1.6990704536e+00
-2.6892769337e+00
-7.1057510376e-01
-7.9643335193e-03
-3.4664899111e-01
-7.1424001455e-01
-1.9031029940e+00
-4.7759708762e-01
1.7041604221e-01
1.9723602533e+00
5.6860011816e-01
6.4604121447e-01
-5.1949936152e-01
-1.1251996756e+00
-2.2533767223e+00
-2.0153646469e+00
-1.9557462931e+00
1.8109459877e+00
2.0003437996e+00
2.2218656540e+00
1.9674773216e+00
1.5029578209e+00
-2.4934840202e-01
-9.3024790287e-01
-1.4220614433e+00
-1.1979070902e+00
-1.2873897552e+00
-3.0456498265e-01
9.6938431263e-02
3.8638553023e-01
-1.4919398725e-01
7.9689770937e-03
-1.6457332671e-01
-6.7594403028e-01
1.2471399307e+00
-7.5377956033e-02
-6.7865483463e-02
-4.0841164589e+00
-4.1867866516e+00
-8.4001989365e+00
-5.3079762459e+00
-5.0502238274e+00
1.0344973803e+00
1.2963691950e+00
1.3017475605e+00
1.9754424095e+00
2.2833960056e+00
2.3843908310e+00
2.9887514114e+00
2.0934650898e+00
2.5538589954e+00
2.6104190350e+00
1.0577493906e+00
1.3315999508e+00
7.7586638927e-01
-2.3731862009e-01
-3.2350966334e-01
1.4858009815e+00
1.5778517723e+00
1.6426609755e+00
5.9155666828e-01
5.9864771366e-01
1.2002722919e-01
1.0235539675e+00
1.0827920437e+00
-4.4693621993e-01
-1.1547727138e-01
2.8118747473e-01
5.9312075377e-01
1.1343402863e+00
-3.9190059900e-01
4.1097676754e-01
2.6209876537e+00
2.7532358170e+00
3.1760423183e+00
3.3939907551e+00
3.4977924824e+00
1.7475398779e+00
1.7017661333e+00
2.3123812675e+00
1.0482032299e+00
1.2399344444e+00
-2.4792502820e-01
1.6270175576e-02
1.4244814217e-01
-3.5598784685e-01
-1.4765660465e-01
-1.3671846390e+00
-2.0700452328e+00
-1.7117083073e+00
-1.5665372610e+00
-1.5454611778e+00
9.5299273729e-01
1.3589103222e+00
1.5199650526e+00
4.4589453936e-01
3.8651609421e-01
7.4920141697e-01
1.0499023199e+00
7.8090643883e-01
1.4165574312e+00
1.7207806110e+00
-1.3501733541e+00
-1.0206931829e+00
-8.5474699736e-01
-1.6132273674e+00
-1.6484162807e+00
-1.2841646671e+00
-2.5854051113e-01
1.9222024679e+00
1.3326040506e+00
2.2364726067e+00
-3.7927109003e-01
3.2717058063e-01
3.8392981887e-01
1.8263821304e-01
2.0516113937e-01
-1.9277632236e-01
-7.3239535093e-01
-9.5300841331e-01
-8.8679152727e-01
-1.0821886063e+00
-2.0869843960e+00
-2.5486404896e+00
-3.9960360527e+00
-3.1240885258e+00
-3.0199985504e+00
5.8761298656e-01
-4.0685829520e-01
-6.6840976477e-01
-5.6819736958e-01
-5.7475733757e-01
8.3206516504e-01
1.6680063009e+00
1.0074648857e+00
1.0699497461e+00
8.2135194540e-01
5.4421198368e-01
8.5445529222e-01
-3.6113858223e-01
6.8765056133e-01
-1.5630884469e-01
9.8524135351e-01
-1.0160208941e+00
-1.3464970589e+00
-1.2583571672e+00
-8.7495970726e-01
-2.3390405178e+00
-1.9458348751e+00
-4.4493980408e+00
-1.4347527027e+00
-2.4071602523e-01
1.7691917419e+00
1.0134805441e+00
5.6118482351e-01
1.0964021683e+00
9.0953701735e-01
1.4797537327e+00
1.7041689157e+00
1.7496711016e+00
1.0753815174e+00
2.2766819000e+00
2.6410493255e-01
7.8981739283e-01
5.6936597824e-01
-5.6040251255e-01
-3.7469974160e-01
2.9031529427e+00
2.7042820454e+00
4.0817031860e+00
9.8647230864e-01
1.7689006329e+00
3.6829447746e-01
6.8832439184e-01
1.2306222916e+00
-6.0232329369e-01
-9.6306717396e-01
-3.0751225948e+00
-2.4124083519e+00
-2.2109591961e+00
-1.3701908588e+00
-1.2238367796e+00
4.0840733051e-01
1.0180350542e+00
4.8523014784e-01
1.5698645115e+00
2.4975996017e+00
-2.3346517086e+00
-2.5911428928e+00
-2.9770452976e+00
-3.8600285053e+00
-3.7353456020e+00
-1.7956551313e+00
-3.4957745671e-01
2.5202998519e-01
4.8530098796e-01
-4.1050888598e-02
-6.4636411667e+00
-3.1387879848e+00
-1.3518490791e+00
-9.1082096100e-01
-5.5246539116e+00
-2.0216350555e+00
-2.5414940715e-01
2.2830866277e-01
-2.4692848325e-01
-5.5144792795e-01
-6.1880264282e+00
-5.2801523209e+00
-4.3983488083e+00
-1.0725407600e+00
-3.1002974510e+00
4.1496813297e-01
-9.3855641782e-02
-3.6217227578e-02
-4.5182475448e-01
-2.1553850174e+00
-7.7246618271e-01
-2.6202142239e+00
-4.3130493164e+00
3.8422444463e-01
5.8244180679e+00
-6.1407095194e-01
-1.9663088024e-01
4.5710775256e-01
-1.2431782484e+00
-1.7121077776e+00
-1.5158631802e+00
-9.6153050661e-01
-6.9151896238e-01
2.0712373257e+00
3.0159420967e+00
-1.8211220205e-01
-3.9449987411e+00
-1.7211990058e-01
2.2528069019e+00
2.5993864536e+00
-2.4989008904e+00
-5.6495372206e-02
9.6249538660e-01
-1.0605478287e+00
-3.5319080949e-01
5.5213570595e-01
-1.3782289028e+00
-1.5491366386e+00
-1.2688168287e+00
-8.6393970251e-01
1.7303446531e+00
-1.8256996870e+00
-2.5096323490e+00
-1.4766864777e+00
-2.4790678024e+00
-1.7622303963e+00
-5.1915869713e+00
-4.0237941742e+00
-4.0692229271e+00
-6.9700903893e+00
1.4874666929e+00
2.1174147129e+00
1.6840345860e+00
1.0605946779e+00
-1.0933278799e+00
-1.0368270874e+00
3.1318232417e-02
6.6004568338e-01
7.2795671225e-01
-3.6718933582e+00
-3.9671955109e+00
-2.2545335293e+00
-2.2631261349e+00
-2.8657293320e+00
-1.7176121473e+00
-2.5126218796e+00
-2.4758777618e+00
-4.6295863390e-01
4.0467676520e-01
4.1808167100e-01
2.5091769695e+00
-1.5763251781e+00
-1.4065945148e+00
9.7590631247e-01
-2.3653881550e+00
1.9574438334e+00
-1.7585536242e+00
-1.0773656368e+00
-1.4698818326e-01
-1.9862382412e+00
1.2266395092e+00
1.1846585274e+00
1.3868384361e+00
1.7933784723e+00
2.3481590748e+00
-1.6878859997e+00
-4.3295359612e+00
-2.4950058460e+00
2.0683363080e-01
-3.1052961349e+00
-1.5988634899e-02
4.7988384962e-01
6.1564373970e-01
-1.2683609724e+00
-4.4773001671e+00
2.0790026188e+00
-1.2926785648e-01
-1.8626788855e+00
-1.2008866072e+00
-1.6204752028e-01
1.8333399296e+00
-7.2559900284e+00
-2.9810640812e+00
-8.6963456869e-01
-1.7502295971e+00
5.5879616737e-01
3.1525710225e-01
1.9952751696e-01
-3.7510895729e-01
-1.3892894983e+00
-9.1636633873e-01
-4.4666600227e-01
-3.2406643033e-01
1.1042506248e-01
-1.8297681212e-01
-5.3985929489e-01
7.3110729456e-01
2.1541206837e+00
1.7328089476e+00
-3.6604430526e-02
2.8456020355e+00
-1.3896176219e-01
-6.9794960320e-02
1.7164673805e+00
1.0935469866e+00
-7.9754674435e-01
-4.1273447871e-01
-3.9929205179e-01
-1.2661005259e+00
-2.6114823818e+00
-3.2581779957e+00
-1.2659517527e+00
-2.0765905380e+00
-2.4331815243e+00
-5.2288327217e+00
-1.5350345373e+00
-9.6809911728e-01
-1.1951235533e+00
-1.7031618953e-01
6.0239380598e-01
-1.5416308641e+00
3.1462040544e-01
8.9751094580e-01
1.8352012634e+00
-5.1280921698e-01
1.2741445303e+00
9.5250421762e-01
-1.9932951033e-01
-7.5454360247e-01
-2.1459407806e+00
-1.2880756855e+00
-5.9032001495e+00
-4.2784395218e+00
-5.5920046568e-01
-7.7035981417e-01
5.3339760751e-02
1.7946806550e-01
1.4267742634e+00
1.6213754416e+00
1.1311655045e+00
-3.2271041870e+00
6.9494569302e-01
5.5838513374e-01
4.3817046285e-01
-2.8879222870e+00
-2.3405356407e+00
-2.1596982479e+00
-2.3962106705e+00
-2.3184504360e-02
-1.9689548016e+00
2.0330029726e-01
-2.2631452084e+00
-3.1399488449e+00
-4.0773864836e-02
-1.5034123659e+00
7.7191597223e-01
2.7252084017e-01
5.9434413910e-01
1.9660902023e+00
1.8619835377e+00
1.7003281116e+00
-1.0062373877e+00
-1.5513885021e+00
-3.3672673702e+00
-6.7657241821e+00
1.3146779537e+00
5.4822355509e-01
2.0319974422e+00
4.2871322483e-02
-1.2941937447e+00
1.8682311773e+00
1.6457090378e+00
-6.2745332718e-01
5.2666878700e-01
-7.2389835119e-01
2.3797578812e+00
2.4846458435e+00
2.0678451061e+00
8.4354275465e-01
3.9378803968e-01
-2.1235106885e-01
-1.0997062922e-01
2.4031403661e-01
-2.4826039374e-01
-4.2409437895e-01
-7.7740788460e-01
-3.5166151524e+00
-4.1096963882e+00
-5.1303231716e-01
-2.1385648251e+00
-1.3150467873e+00
-5.0395874977e+00
-5.0000901222e+00
-3.2164189816e+00
-4.2025103569e+00
-1.3246852160e+00
6.0907553881e-02
-2.5305764675e+00
1.0568420887e+00
1.8576620817e+00
-5.5379562378e+00
-2.3634107113e+00
3.6046439409e-01
-1.4520039558e+00
-2.3354227543e+00
1.3029943705e+00
1.3049139977e+00
3.0069613457e-01
3.8333399296e+00
-1.5215412378e+00
-2.3272140324e-01
7.8070712090e-01
1.2983653545e+00
6.8238717318e-01
8.5998946428e-01
-2.7069783211e+00
-7.0152908564e-01
9.2936879396e-01
1.4124946594e+00
3.2012516260e-01
8.1819987297e-01
-1.0925065279e+00
-1.2891150713e+00
-1.0420881510e+00
-1.4753179550e+00
8.3655804396e-01
-2.4253195524e-01
1.0101136565e-01
3.1662422419e-01
4.3223913759e-02
2.0087730885e+00
5.0046727061e-02
-1.1809393167e+00
-1.3797143698e+00
-1.0736969709e+00
-8.5571384430e-01
3.3650353551e-01
2.9108846188e+00
2.7162067890e+00
-1.7918739319e+00
-2.3328347206e+00
-1.9975442886e+00
-1.1059935093e+00
-1.7452441156e-01
-4.9556964636e-01
1.3858910799e+00
7.1661448479e-01
6.1847841740e-01
-5.8956873417e-01
6.4519542456e-01
-1.6548331082e-01
-4.0563793182e+00
-1.6638284922e+00
8.2371252775e-01
-1.3821914196e+00
-5.4189234972e-01
-2.7114429474e+00
-1.2520010471e+00
5.2884858847e-01
-1.7860139608e+00
6.8797177076e-01
6.6036266088e-01
3.6581590772e-01
-8.1155258417e-01
-1.6330070496e+00
3.5991318226e+00
8.3391433954e-01
-1.2354049683e+00
-3.2536015511e+00
-6.0529861450e+00
1.0577756166e+00
3.5110360384e-01
3.8317006826e-01
-1.4944570065e+00
-2.7318537235e+00
-1.7937732935e+00
-5.0469408035e+00
-4.7012519836e+00
1.1340992451e+00
1.5604745150e+00
2.0385270119e+00
8.8006883860e-01
1.9970478490e-02
1.6729733348e-01
-2.3705658317e-01
-1.1589533091e+00
-1.1470338106e+00
3.6263170838e-01
8.0154287815e-01
-1.5740547180e+00
-7.2203760147e+00
-3.5762863159e+00
-1.9507902861e-01
-5.9079462290e-01
-4.7993917018e-02
-1.4046746492e+00
-4.7877174616e-01
-2.4584434927e-01
-8.1403446198e-01
-3.2177269459e+00
-5.1369733810e+00
-7.2013249397e+00
-5.4054794312e+00
-2.2765598297e+00
-3.5320856571e+00
1.1109036207e+00
9.4010643661e-02
-3.1548809260e-02
-1.4533349276e+00
-7.5186049938e-01
-1.3343218565e+00
-4.3784580231e+00
-4.7764120102e+00
1.0854007006e+00
4.3761887550e+00
-1.6041589975e+00
-9.1949629784e-01
-1.8351913989e-01
2.7739018202e-02
-1.5936237574e+00
-5.0903296471e+00
-7.0192699432e+00
-6.5586128235e+00
-2.2525596619e+00
-3.1239805222e+00
1.3783299923e+00
-1.2964454293e-01
2.5643196106e+00
4.4592123032e+00
3.5830857754e+00
-2.4080228806e+00
-2.4343156815e+00
-3.2391712666e+00
-3.3485701084e+00
1.1516876519e-01
1.4597082138e+00
1.5587022901e-01
-2.6985011101e+00
-3.4469406605e+00
-3.4342386723e+00
-9.3627190590e-01
-1.7837255001e+00
-9.8805814981e-01
-2.2944974899e+00
-1.0056928396e+00
-7.6308715343e-01
-1.7454594374e+00
-3.3438713551e+00
-2.3569378853e+00
-5.6054716110e+00
1.2350962162e+00
2.6549239159e+00
2.0851492882e+00
1.4815801382e+00
-8.7072664499e-01
-1.6614561081e+00
2.0936095715e-01
-1.1267783642e+00
-1.3537685871e+00
-3.7104208469e+00
-9.6490329504e-01
-5.9397840500e-01
-1.8295539618e+00
-3.8042182922e+00
-2.4333119392e+00
-3.1259233952e+00
-3.9622452259e+00
-1.3550242186e+00
5.2159219980e-01
1.9365271330e+00
6.1005580425e-01
-3.6586713791e+00
-1.3714920282e+00
2.7444216609e-01
2.5933516026e-01
-1.5338528156e+00
-4.1427378654e+00
-5.2746291161e+00
-4.9606332779e+00
-5.1322236061e+00
2.1942598820e+00
1.9524370432e+00
1.7199007273e+00
1.6651996374e+00
1.6346402168e+00
-1.2058289051e+00
-4.4381656647e+00
-2.3120582104e+00
-6.1100018024e-01
-3.0268282890e+00
6.6664181650e-02
2.0177874565e+00
1.3791993856e+00
-6.6760945320e-01
-4.1348543167e+00
8.3670049906e-01
-4.3612793088e-01
-1.7449196577e+00
3.8094413280e-01
7.5253009796e-01
1.8908730745e+00
-5.5159468651e+00
-5.7690663338e+00
-3.6196112633e+00
-3.6745545864e+00
1.0557302237e+00
8.9659589529e-01
4.7289538383e-01
-3.4366649389e-01
-5.5281150341e-01
-3.3448389173e-01
-7.1437484026e-01
-4.3209075928e-01
-9.7232538462e-01
-9.8977637291e-01
-2.9484388828e+00
-4.2255398631e-01
7.7476054430e-02
3.7889841199e-01
-4.1723391414e-01
4.5759592056e+00
1.0965843201e+00
-1.7190271616e+00
-5.0031156540e+00
-4.1802864075e+00
-3.4742707014e-01
-3.9129385352e-01
4.2140778899e-01
-1.9186905622e+00
-3.0762734413e+00
-2.6725420952e+00
-1.9289653301e+00
-1.0732873678e+00
-1.7698413134e+00
-2.0870413780e+00
1.8450893462e-01
1.0151772946e-01
-3.1445354223e-01
7.3032420874e-01
1.5698157549e+00
-5.7526140213e+00
-2.9312455654e+00
-3.4718558788e+00
-5.6154960394e-01
2.4686293602e+00
1.6875181198e+00
1.5078490973e+00
1.2992522717e+00
3.0240397453e+00
1.3068938255e+00
-1.4842590094e+00
-2.5685150623e+00
-4.7722496986e+00
-3.2072713375e+00
-2.9954788685e+00
1.4625831842e+00
8.8292056322e-01
7.8456753492e-01
2.1880905628e+00
1.6837792397e+00
-2.3553800583e+00
-6.9817703962e-01
-1.4858773947e+00
-1.4603416920e+00
-3.8392457366e-01
-3.4131803513e+00
-2.8889913559e+00
-2.0086748600e+00
7.6329106092e-01
2.3197440803e-01
-7.9523169994e-01
-3.3854746819e+00
-2.7405254841e+00
-7.2059214115e-01
-7.8635120392e-01
1.3511881232e-01
8.4479236603e-01
7.4093395472e-01
1.9530994892e+00
1.9975595474e+00
4.2024719715e-01
-1.8921149969e+00
-1.3469837904e+00
-4.3253171444e-01
-3.2974407673e+00
2.3105368614e+00
2.7289640903e+00
2.8166666031e+00
3.0462100506e+00
7.2523570061e-01
2.8027227521e-01
-2.3331013322e-01
-1.9746510983e+00
4.4326442480e-01
5.5610507727e-01
2.4455416203e+00
1.8636207581e+00
1.8339439631e+00
2.7811443806e+00
2.8380615711e+00
-8.7502777576e-01
-2.3697590828e-01
-8.4403812885e-01
-7.9207420349e-01
1.0842035711e-01
-2.7066562176e+00
-3.7705399990e+00
-5.8373680115e+00
-3.4668865204e+00
-2.7828392982e+00
-2.8293633461e+00
-4.3964662552e+00
-3.3570835590e+00
-2.5750906467e+00
-2.5901255608e+00
2.0201529562e-01
-3.6839404702e-01
-7.1159052849e-01
1.0882792473e+00
3.2491390705e+00
-2.1569039822e+00
-4.1282835603e-01
1.5354965925e+00
1.9972513914e+00
1.7663354874e+00
7.1700823307e-01
9.1924649477e-01
3.7373122573e-01
7.7862834930e-01
7.7963417768e-01
-7.2448515892e-01
7.3956631124e-02
-6.6424012184e-01
-8.2046240568e-02
7.8448665142e-01
-2.1295328140e+00
-7.2499191761e-01
4.4577795267e-01
1.0471365452e+00
1.3868796825e+00
5.2969783545e-01
-1.0587031841e+00
-1.4357713461e+00
2.3078633845e-01
1.4386703968e+00
-7.1886581182e-01
-9.9843895435e-01
-7.3431807756e-01
-9.8814445734e-01
-1.3806226254e+00
-2.7013285086e-02
-2.7608934045e-01
-3.2822391391e-01
4.9478286505e-01
3.0567455292e-01
-6.4483957291e+00
-1.6435720921e+00
3.9083881378e+00
1.6070752144e+00
-1.9484109879e+00
4.8149477690e-02
-1.9894801378e+00
-4.6925210953e+00
-3.2040288448e+00
-2.4652948380e+00
-7.5654017925e-01
7.3678570986e-01
3.5943698883e-01
2.2477045655e-01
3.2734426856e-01
-4.3074887991e-01
-6.9315522909e-01
-9.1820609570e-01
2.2187103331e-01
-3.2566280365e+00
-6.5795129538e-01
-2.5248498917e+00
-4.0599554777e-01
1.2161615491e-01
-1.8366944790e+00
1.3826639652e+00
1.2257006168e+00
9.2703574896e-01
7.0153594017e-01
7.2019696236e-01
3.5261890292e-01
-9.3540489674e-01
-1.1663743258e+00
-2.1631903648e+00
-3.1667745113e+00
9.6771275997e-01
-1.9153279066e-01
1.7537169158e-01
-1.2706812620e+00
-1.8573794365e+00
-4.2646843195e-01
-5.7248735428e+00
-4.0057659149e+00
-4.4542598724e-01
9.1123765707e-01
8.7187302113e-01
-4.7054591775e-01
-3.9400807023e-01
-6.5998882055e-01
6.7929244041e-01
1.8203206062e+00
4.9340480566e-01
-2.9902637005e+00
5.5404871702e-01
6.2382638454e-01
-2.1520671844e+00
3.1493172050e-01
2.4337835610e-01
1.9080351591e+00
3.2302951813e+00
-2.4282927513e+00
-1.4884383678e+00
-5.7334840298e-01
-4.4500589371e-01
1.1227014065e+00
5.1138548851e+00
3.0857117176e+00
4.2082782835e-02
1.7799724638e-01
1.4784935117e-01
-8.3394491673e-01
1.0317945480e-01
6.2568175793e-01
-1.6669118404e-01
-6.3220430166e-03
1.4494198561e-01
1.7965273559e-01
-9.0221244097e-01
-2.0163292885e+00
-2.9052178860e+00
-1.4342936277e+00
-5.0838333368e-01
2.6306620240e-01
7.5164252520e-01
2.2265994549e+00
3.2735005021e-01
-1.0573515892e+00
-4.8845648766e+00
-4.2407646179e+00
-3.0349402428e+00
-3.2464697361e+00
-3.1139936447e+00
-2.1650605202e+00
-9.9751365185e-01
-2.0211548805e+00
9.7670990229e-01
6.2700206041e-01
9.6796870232e-01
1.6868925095e-01
-4.2198106647e-01
8.8438582420e-01
1.6393661499e+00
2.3373737335e+00
4.0596184731e+00
3.7606098652e+00
-8.4124892950e-01
1.4727255106e+00
6.3683080673e-01
2.7908909321e-01
4.4384932518e-01
-1.6555153131e+00
3.5064792633e+00
3.1943190098e+00
-1.7077392340e-01
9.2585873604e-01
-3.5405555367e-01
-1.7498078346e+00
-4.4016594887e+00
-4.7740716934e+00
-5.4396820068e+00
4.4069594145e-01
2.1901392937e+00
1.2851904631e+00
1.6011976004e+00
1.7015924454e+00
-6.4645534754e-01
2.1175713539e+00
1.4145709276e+00
4.5141425729e-01
5.8583712578e-01
1.0912013054e+00
9.2972677946e-01
-7.7731132507e-01
-4.6939951181e-01
-5.4003286362e+00
2.5506169796e+00
3.1550703049e+00
-1.1981531382e+00
-1.1427634954e+00
-6.4330440760e-01
7.9030863941e-02
-1.1621048450e+00
5.3455251455e-01
-3.6695921421e-01
-9.1861814260e-01
-1.2020338327e-01
-7.5606894493e-01
-1.3724503517e+00
-1.1125159264e+00
3.4030565619e-01
1.1851788759e+00
1.8547523022e+00
-9.4277572632e-01
-1.7762705088e+00
-1.1457680464e+00
1.6919963360e+00
-8.7757414579e-01
1.4244472980e+00
1.5557577610e+00
1.8340203762e+00
-1.6213252544e+00
-2.1174614429e+00
-1.9210978746e+00
-2.4905343056e+00
-5.4267721176e+00
-5.5759656429e-01
1.2072162628e+00
3.9415285587e+00
4.0284805298e+00
3.6358201504e+00
1.1313208193e-01
-4.0836295485e-01
-6.6817140579e-01
-6.0950911045e-01
7.8956484795e-01
1.5688797235e+00
2.0777034760e+00
2.4064709246e-01
1.4764883518e+00
1.8258109093e+00
-3.4012812376e-01
4.9531379342e-01
-1.0208296776e+00
-3.3323225975e+00
-5.1234731674e+00
-2.3135993481e+00
-1.2972526550e+00
8.1182438135e-01
3.5146803856e+00
3.9663004875e+00
-5.3427094221e-01
1.6542147100e-01
-2.4495260417e-01
-1.6823576763e-02
-6.0072648525e-01
7.2389465570e-01
2.0991806984e+00
2.0164849758e+00
3.1962115765e+00
3.4427227974e+00
2.3807632923e-01
8.8316164911e-02
-1.4299152792e-01
5.4034695029e-02
-3.0324734747e-02
1.1591089964e+00
-9.0721571445e-01
9.0976172686e-01
9.9566262960e-01
2.6170337200e+00
3.2065720558e+00
2.5332880020e+00
1.4117429256e+00
2.3011739254e+00
1.7827625275e+00
1.2597287893e+00
8.7816840410e-01
2.2044744343e-02
-1.4951138496e+00
-1.7989820242e+00
1.0489748716e+00
-7.1462556720e-02
-2.5994648933e+00
-3.3217520714e+00
-1.9264438152e+00
2.5353658199e+00
-1.5029068291e-01
1.5679669380e+00
2.7602996826e+00
3.2483792305e+00
-2.2925630212e-01
4.6006879210e-01
8.2370805740e-01
-2.9891693592e+00
-2.7430725098e+00
2.9911448956e+00
3.3625400066e+00
1.0269645602e-01
-1.9641959667e+00
-1.3251674175e+00
-1.9120057821e+00
-6.3587188721e-01
-5.0940209627e-01
-7.7462226152e-01
-2.6372520924e+00
-1.4305937290e+00
-6.1763143539e-01
-4.1308683157e-01
1.4781614542e+00
1.8449409008e+00
-1.5766763687e+00
-2.7751445770e+00
-3.4312438965e+00
-1.6408920288e+00
-1.1303999275e-01
3.5716609955e+00
1.6130757332e+00
7.4603124522e-03
-1.1150993109e+00
-5.4123657942e-01
2.7392640710e-01
9.3955636024e-01
1.3126766682e+00
1.6169793606e+00
1.0481272936e+00
-1.1197793484e+00
-3.9286819100e-01
2.6143357158e-01
-8.2748800516e-02
3.4591117501e-01
1.5966597795e+00
-1.0730271339e+00
1.7437359095e+00
1.1240599155e+00
1.0162663460e+00
-3.2843821049e+00
1.1761090904e-01
1.4292502403e+00
1.4191989899e+00
-5.1744633913e-01
1.4078501463e+00
1.1640508175e+00
3.9083197713e-01
-4.9014109373e-01
-2.6288390160e+00
-3.5840871334e+00
-6.7630738020e-01
6.1218595505e-01
1.7825658321e+00
2.8935961723e+00
-8.8760888577e-01
-3.5320654511e-01
-4.0281441808e-01
1.1252918243e+00
1.1402691603e+00
-9.9773931503e-01
-9.9103021622e-01
-7.8282576799e-01
-1.1478724480e+00
-1.7562434077e-01
1.1699254513e+00
4.6824701130e-02
-8.9645278454e-01
-4.3526944518e-01
-2.9420750141e+00
-1.3893375397e+00
4.5859968662e-01
-1.3149980307e+00
-1.2662631273e+00
-1.0731152296e+00
1.8368546963e+00
-3.0773353577e-01
-2.4773585796e+00
-2.1624662876e+00
-2.9619524479e+00
-5.9109216928e-01
-5.2888852358e-01
-9.6980071068e-01
-3.6684021354e-01
-1.1523759365e+00
2.2597765923e+00
6.5072441101e-01
-2.4562666416e+00
-9.6531999111e-01
-1.2324956805e-01
-6.0645288229e-01
-5.6129658222e-01
-1.1687715054e+00
-9.0803188086e-01
2.0867031068e-02
1.2582057714e+00
1.2892664671e+00
6.6924852133e-01
-5.5722856522e-01
-2.4239401817e+00
2.7547302246e+00
1.6704995632e+00
1.3277902603e+00
1.2587962151e+00
2.2817656994e+00
2.4067900181e+00
1.9370276928e+00
-1.6554857492e+00
-2.5857787132e+00
-1.9853571653e+00
-4.6057164669e-01
-2.1053335667e+00
-2.0547690392e+00
-1.6464170218e+00
-1.0397893190e+00
-1.3814637661e+00
3.3483937383e-01
3.1286767125e-01
1.3385561705e+00
9.4419741631e-01
-1.1035305262e+00
6.0818862915e-01
1.0406844616e+00
1.1661247015e+00
3.8522821665e-01
-2.4349123240e-01
8.8819158077e-01
3.8739567995e-01
1.6329213381e+00
1.3084836006e+00
-1.3536420465e-01
-4.5790594816e-01
-3.1512644291e+00
-3.4776988029e+00
-2.1821391582e+00
-6.9829165936e-01
-1.0708873272e+00
-1.3599984646e+00
-1.0522395372e+00
-5.3775775433e-01
4.4954296947e-01
2.8282926083e+00
2.2948901653e+00
3.0568647385e+00
3.6487481594e+00
3.7222054601e-01
7.4071216583e-01
1.5094827414e+00
1.3987047672e+00
1.1679483652e+00
3.4740078449e+00
1.8814935684e+00
1.6415209770e+00
-4.6340113878e-01
-6.5653735399e-01
-4.1705298424e-01
-5.6350332499e-01
-1.1277346611e+00
-1.0118131638e+00
-9.0613251925e-01
2.5574617386e+00
9.6904939413e-01
-8.4707677364e-01
-1.3548170328e+00
-1.5619721413e+00
-9.1047304869e-01
-6.3291746378e-01
-7.2423264384e-02
8.1725925207e-01
1.2852004766e+00
5.9631376266e+00
3.9782314301e+00
2.1585903168e+00
1.2638614178e+00
1.4099603891e+00
-2.2081184387e+00
-2.2886333466e+00
-1.8495336771e+00
-1.8672828674e+00
-1.6775405407e+00
1.6953080893e+00
1.2633118629e+00
1.3815470934e+00
2.5242300034e+00
2.0242533684e+00
-8.5367196798e-01
-4.1435757279e-01
-3.2791939378e-01
5.9935784340e-01
6.8549454212e-01
-2.6347640157e-01
-1.5246093273e+00
-7.3788380623e-01
2.8246739507e-01
5.1353842020e-01
6.9726043940e-01
1.1169116497e+00
6.3206011057e-01
6.7445123196e-01
7.9461497068e-01
3.9329585433e-01
-5.4689790122e-03
1.0649069399e-01
-3.0044246465e-02
2.4125823379e-01
-7.8970992565e-01
-6.2807477661e-05
-4.7897085547e-01
-9.4101881981e-01
-9.9016451836e-01
1.3180199862e+00
1.5788697004e+00
2.2055897713e+00
2.7569904327e+00
3.5363657475e+00
-4.2311573029e-01
7.6997530460e-01
-1.4631254673e+00
-8.3024835587e-01
-1.2529302835e+00
-4.4504314661e-01
7.8718966246e-01
-3.5038571805e-02
-3.9370205998e-01
-5.2105027437e-01
6.6214346886e-01
1.3020672798e+00
2.0848007202e+00
2.3580629826e+00
1.8442193270e+00
-2.7224216461e+00
-2.6406512260e+00
-2.5319654942e+00
-3.4311735630e+00
-3.6824371815e+00
-1.9688419104e+00
-8.8005429506e-01
-1.0896589756e+00
-1.6288625002e+00
-5.8892226219e-01
4.7768816352e-01
4.1705232859e-01
1.0950348377e+00
2.5802044868e+00
1.9870903492e+00
8.9578461647e-01
8.2532531023e-01
-2.0094199181e+00
-1.1596641541e+00
-1.4243701696e+00
-1.9648225307e+00
-2.8634793758e+00
-1.5585688353e+00
-2.9115688801e+00
-2.1873106956e+00
2.1941341460e-01
8.5506671667e-01
5.3587317467e-01
5.9925353527e-01
7.7993726730e-01
-3.4764561057e-01
3.5230469704e-01
2.4882031977e-01
-8.0715930462e-01
-1.0369286537e+00
2.0415252447e-01
-3.6432746053e-01
-9.1887742281e-01
-1.6613907814e+00
-2.1468758583e+00
2.5774797797e-01
6.2207937241e-02
1.6577106714e+00
1.0518795252e+00
1.3942639828e+00
-3.1232014298e-01
-8.0739074945e-01
-1.0768216848e+00
-7.0591461658e-01
4.9134877324e-01
-2.1166732311e+00
-1.2922650576e+00
1.1909703016e+00
6.2564623356e-01
5.4380607605e-01
-2.8453302383e+00
-1.2929185629e+00
-3.6999449134e-01
2.8733005747e-02
-2.6967895031e-01
3.3074250221e+00
1.3492829800e+00
2.6757046580e-01
3.0178391933e-01
-8.3903992176e-01
6.7374205589e-01
6.3859961927e-02
-6.6643810272e-01
-3.8680824637e-01
-1.0031238794e+00
-3.9596381783e-01
4.1111072898e-01
-7.5485056639e-01
-3.6268681288e-01
-1.1603820324e+00
-7.2667670250e-01
-9.2233854532e-01
-8.4716629982e-01
-2.5445243716e-01
-5.0669334829e-02
9.3579061329e-02
1.4752851725e+00
2.2791655064e+00
3.6196224689e+00
4.6019582748e+00
-9.4732350111e-01
-6.8539822102e-01
-2.1438519657e-01
-1.1984527111e+00
-4.5639131218e-02
-3.5238635540e-01
1.3571417332e+00
1.5322799683e+00
8.0556321144e-01
1.1708395481e+00
-5.2549910545e-01
-3.8029324263e-02
-1.3890136778e-01
-1.1591684818e-01
2.5053679943e-01
-6.0941654444e-01
-1.0047661066e+00
-8.4253674746e-01
-1.1745271683e+00
-4.2886671424e-01
-9.0211051702e-01
-9.5882499218e-01
-7.7249640226e-01
-6.4008092880e-01
-5.0806301832e-01
2.6141306758e-01
7.5849211216e-01
1.3070631027e+00
2.4362742901e-01
9.4966076314e-02
2.1524534225e+00
1.3468258381e+00
-7.8506428003e-01
-4.0657505393e-01
-1.5754392147e+00
-9.6999526024e-01
-1.0829981565e+00
-9.2213213444e-01
-1.1077526808e+00
-8.3404630423e-01
1.3371169567e+00
-7.4692535400e-01
-8.3534336090e-01
-2.4275386333e+00
-1.4142506123e+00
1.1008521318e+00
1.2683789730e+00
6.5356290340e-01
9.3017518520e-01
1.0904016495e+00
-1.7032649368e-02
6.5690637566e-03
-7.5679129362e-01
-3.0581152439e-01
-1.0386427641e+00
-5.5008417368e-01
1.1367335916e-01
7.9283080995e-02
8.8533425331e-01
2.1478400230e+00
-1.3076686859e-01
5.8076608181e-01
6.2239629030e-01
1.2269149721e-01
1.3916896284e-01
-9.7626292706e-01
-7.8306865692e-01
-9.2969250679e-01
-1.0544304848e+00
-1.8517119884e+00
-3.6160308123e-01
-3.0480131507e-01
-7.4854725599e-01
1.4689521492e-01
3.9545091987e-01
-2.9648530483e-01
-6.1785894632e-01
-5.2615755796e-01
-1.4108574390e+00
-1.3339093924e+00
1.1335771084e+00
1.5684088469e+00
1.8926367760e+00
1.9039421082e+00
1.1205606461e+00
-5.2754962444e-01
-6.3741767406e-01
-1.4288203418e-01
-1.9039398432e-01
2.5015094876e-01
5.6319499016e-01
-4.1205352545e-01
-1.7432870865e+00
-7.6766926050e-01
-4.0480494499e-01
-3.7680160999e-01
-2.2676663101e-01
-1.0004950762e+00
-6.7535525560e-01
-1.5866868496e+00
1.7838804722e+00
1.5155920982e+00
5.2746009827e-01
1.2692245841e-01
-4.3893757463e-01
1.4030222893e+00
-1.0853556395e+00
-9.6454501152e-01
-2.0092871189e+00
-1.5956288576e-01
-9.5648396015e-01
2.4825647473e-01
-9.0352058411e-01
-1.2311611176e+00
-8.6823713779e-01
8.3854764700e-01
-9.0931838751e-01
3.3255646229e+00
1.3660786152e+00
1.8240206242e+00
3.3051979542e-01
3.0961894989e-01
-1.7324182391e-01
1.8674336374e-01
7.7305108309e-01
-6.3044041395e-01
-7.4479615688e-01
-1.5414464474e+00
-1.9821708202e+00
-2.0431842804e+00
2.5594766140e+00
3.9936604500e+00
1.4890152216e+00
9.6594399214e-01
1.4200506210e+00
-2.4244644642e+00
-2.1849379539e+00
-2.5235400200e+00
-3.4940719604e+00
-3.7164726257e+00
-2.5303155184e-01
1.4336635172e-01
4.5080134273e-01
-2.8542879224e-01
-1.7890056372e+00
-1.0294276476e+00
-1.5839003325e+00
-2.0576398373e+00
-3.4576575756e+00
-5.3742961884e+00
-1.2438015938e+00
-5.7582038641e-01
-4.7645607591e-01
-2.2112791240e-01
6.3312608004e-01
1.5732595921e+00
1.3204469681e+00
-1.3015754521e-01
-5.1843566895e+00
-3.4067106247e+00
-2.1279573441e+00
-9.3266147375e-01
-2.6540498734e+00
-2.1878042221e+00
-9.9037623405e-01
2.0724568367e+00
3.4030306339e+00
1.3755308092e-01
4.6521011740e-02
-9.4924998283e-01
1.1470301151e+00
-7.5301063061e-01
-3.4891432524e-01
-3.4107032418e-01
1.8214643002e+00
2.2354218960e+00
1.5838502645e+00
5.5035281181e-01
-1.1641623974e+00
-4.0107579231e+00
1.7347930670e+00
2.0973594189e+00
-1.3318158686e-01
-2.4552373886e+00
-3.6221146584e+00
2.3448793590e-01
-1.7246285081e-01
-2.3177246749e-01
-1.9695873260e+00
-1.3432636261e+00
-9.3711125851e-01
-1.0575307608e+00
-6.2201219797e-01
-4.3930765241e-02
2.3846046925e+00
1.3740451336e+00
-1.0592446327e+00
-2.1298065186e+00
-4.0608091354e+00
-1.0050485134e+00
1.9147429466e+00
1.0954923630e+00
6.3655304909e-01
-6.5131151676e-01
-5.0219919533e-02
2.8765716553e+00
9.4935196638e-01
5.4380214214e-01
1.2813740969e-01
1.9520682096e-01
7.7638173103e-01
-7.9644149542e-01
-1.2841631174e+00
1.5382321179e-01
1.4465232380e-02
1.9228278100e-01
1.2876228094e+00
2.6161415577e+00
1.9600688219e+00
1.1864104271e+00
3.3658621311e+00
9.3903082609e-01
1.2923207134e-02
-4.0040858090e-02
1.2196748257e+00
4.5614832640e-01
1.2899626791e-01
-1.5442209244e+00
1.1648206711e+00
8.6361736059e-01
-6.9838643074e-01
1.7474994063e-01
1.2133382559e+00
2.5113959312e+00
1.8602194786e+00
-1.8271044493e+00
-1.7474355698e+00
-1.8164672852e+00
-2.1690554619e+00
-2.9797976017e+00
9.4724678993e-01
4.1127437353e-01
-1.7393410206e+00
1.1203045845e+00
1.4273718596e+00
-2.3820071220e+00
-3.9471910000e+00
-3.6429567337e+00
-8.6289322376e-01
-2.4808017910e-01
1.9919501618e-02
2.5722086430e-02
1.5302976370e+00
1.3545656204e+00
1.7322198153e+00
-1.8036055565e-01
3.9391140938e+00
1.0602258891e-01
7.5531655550e-01
-9.2630916834e-01
-4.4488909841e-01
-5.3967219591e-01
-8.1915676594e-01
-6.9340193272e-01
2.1400827169e-01
-5.7358789444e-01
-7.9215383530e-01
-2.4470007420e+00
-4.0921602249e+00
-4.4927554131e+00
7.4534350634e-01
-4.0587231517e-01
1.1790471077e+00
1.5529439449e+00
2.5189132690e+00
-2.4623470306e+00
-2.2619295120e+00
-3.9424014091e-01
4.6256966591e+00
6.0369052887e+00
2.2827757522e-02
8.8399074972e-02
-8.2021236420e-01
-3.2630419731e-01
-2.1046453714e-01
2.9864416122e+00
1.3946001530e+00
-2.4598927498e+00
-2.0054762363e+00
-8.7222903967e-01
-3.1207379699e-01
1.0710455179e+00
3.8841402531e-01
-3.3466947079e-01
3.3024305105e-01
-4.5610556602e+00
-5.2279314995e+00
-3.6754767895e+00
-1.1201853752e+00
-1.6309882402e+00
-2.4026571214e-01
-2.1264444292e-01
-1.8715813160e+00
-1.9158313274e+00
-1.5854623318e+00
-4.6013382077e-01
-6.5275382996e-01
5.0099647045e-01
7.5595545769e-01
-1.0047107935e-01
1.0171992779e+00
9.5113527775e-01
1.1620094776e+00
1.4836317301e+00
1.5897670761e-02
9.2708748579e-01
-3.2849752903e+00
-3.0006351471e+00
-7.2572064400e-01
1.3768445253e+00
3.1753964424e+00
3.6355583668e+00
2.0574150085e+00
1.4016618729e+00
3.3252818584e+00
2.3967149258e+00
6.0217964649e-01
-1.9114278555e+00
-6.2672251463e-01
7.6093095541e-01
5.3381659091e-02
-6.2174808979e-01
1.1335064173e+00
1.7866604328e+00
3.3655965328e+00
-2.1568636894e+00
-1.0733137131e+00
-2.8443546295e+00
-2.3167946339e+00
-1.9565358162e+00
1.6928706169e+00
-1.0959676504e+00
-8.8814429939e-02
5.1896655560e-01
-1.6145825386e+00
8.1412267685e-01
1.3954812288e+00
-4.7446265817e-01
-7.3345631361e-01
6.4390087128e-01
-1.6836543083e+00
-1.3674731255e+00
-1.6091058254e+00
-1.3550524712e+00
-2.3297045231e+00
-1.0138431787e+00
-1.0964752436e+00
-6.9788551331e-01
-2.6154586673e-01
5.8325845003e-01
-1.3122059107e+00
2.3156579584e-02
2.8235926628e+00
-5.7938013077e+00
-3.7931194305e+00
2.5192320347e+00
1.1049271822e+00
9.3571877480e-01
6.5934103727e-01
1.2919704914e+00
-5.3254623413e+00
3.3408519626e-01
-5.3990697861e-01
-3.5142424703e-01
3.3475655317e-01
-2.4413857460e+00
-4.0672941208e+00
-4.2097506523e+00
-3.0250775814e+00
-5.0156073570e+00
-1.7137409747e-01
4.8556157947e-01
-6.5833467245e-01
4.2960286140e-01
3.7220412493e-01
-5.7754367590e-01
-1.3155118227e+00
7.2264834307e-03
7.5046098232e-01
1.4648896456e+00
1.4201428890e+00
3.7092682719e-01
1.5909028053e-01
1.7160116695e-03
9.7944045067e-01
3.2096478939e+00
2.0849552155e+00
1.8115493655e-01
1.5693831444e+00
8.0411839485e-01
5.4340519905e+00
5.5369372368e+00
5.2041821480e+00
3.9781763554e+00
2.9901773930e+00
-5.8426219225e-01
-6.3562744856e-01
4.1148820519e-01
3.9228865504e-01
1.0067820549e+00
1.8829135895e+00
-5.7040631771e-01
1.0399019718e+00
2.8290143013e+00
2.1823332310e+00
-1.6036113501e+00
-9.6194669604e-02
3.4180599451e-01
3.2845571637e-01
-8.8773083687e-01
-1.1846251488e+00
-8.0608367920e-01
-1.2646466494e+00
-2.5717097521e-01
-2.3285412788e-01
-6.4940340817e-02
7.8429661691e-02
8.1316578388e-01
-3.9352126122e+00
-5.5225977898e+00
2.9000791907e-01
-1.5003502369e+00
-2.3554539680e+00
7.3607867956e-01
8.4636056423e-01
3.1465533376e-01
4.7629880905e-01
-3.3804124594e-01
1.4315123856e-01
-5.3813749552e-01
-6.7021650076e-01
-8.1885343790e-01
-6.9105720520e-01
-5.7463592291e-01
7.3914295435e-01
-1.2936633825e+00
-1.6122742891e+00
-1.7081068754e+00
-9.4140559435e-01
-2.1035802364e-01
3.1495804787e+00
2.9004704952e+00
-6.5050953627e-01
-1.0021103919e-01
3.6668074131e-01
-1.0540205240e+00
-9.6896094084e-01
-1.1820857525e+00
-1.8314203024e+00
-2.5334393978e+00
-2.7283992767e+00
-2.1027300358e+00
-2.1233310699e+00
-2.3774755001e+00
-3.2542786598e+00
-1.7111511230e+00
-1.9942494631e+00
-1.8986173868e+00
-1.6085789204e+00
-2.5766184330e+00
1.2217417955e+00
1.6699844599e+00
1.5227680206e+00
1.7088725567e+00
1.6210160255e+00
-2.2281658649e+00
-2.7350304127e+00
-1.9572049379e+00
-2.8220839500e+00
-2.7050721645e+00
6.9339787960e-01
4.0484249592e-01
1.8516218662e-01
2.4971611798e-02
8.7536948919e-01
2.7215161324e+00
2.5046992302e+00
2.1085305214e+00
2.0250308514e+00
2.0701010227e+00
2.1955718994e+00
2.7529082298e+00
2.6981666088e+00
2.7571580410e+00
3.1168518066e+00
1.4181730747e+00
2.1146137714e+00
1.4326206446e+00
1.5075327158e+00
1.5660084486e+00
2.1959354877e+00
2.0825874805e+00
1.8754034042e+00
1.8365496397e+00
2.1097970009e+00
5.3669869900e-01
1.3590843678e+00
1.1561899185e+00
1.5045049191e+00
1.3382852077e+00
1.9558151960e+00
2.2990174294e+00
2.3617825508e+00
2.1272451878e+00
3.1104612350e+00
1.7733539343e+00
3.2229486108e-01
-2.7358743548e-01
-1.4129742384e+00
-6.5568631887e-01
1.2913286686e+00
1.4524405003e+00
1.7076871395e+00
2.0235893726e+00
1.5381094217e+00
1.6444683075e+00
1.3226093054e+00
1.1794019938e+00
1.3120304346e+00
1.2404431105e+00
-1.0640805960e+00
-7.4270117283e-01
-4.2738041282e-01
-3.7469375134e-01
-6.1063235998e-01
9.5168787241e-01
1.2158790827e+00
1.2714688778e+00
1.1037555933e+00
8.5125279427e-01
-1.5377711058e+00
-8.1611901522e-01
-1.5023329258e+00
-5.1031160355e-01
-1.7409193516e+00
8.8504236937e-01
2.3529827595e-01
3.9224630594e-01
2.2152540088e-01
5.9302091599e-01
-5.3599739075e-01
4.8633164167e-01
5.4998838902e-01
5.5093312263e-01
3.3384159207e-01
-2.6893093586e+00
-2.3827767372e+00
-2.2457966805e+00
-2.1422996521e+00
-2.0001156330e+00
-2.7785539627e-01
-1.3944954872e+00
-2.0837678909e+00
-1.4845241308e+00
-1.2295265198e+00
1.3450092077e+00
-5.3547608852e-01
-2.5260410309e+00
-2.2613804340e+00
-3.9402329922e-01
-6.8399572372e-01
-5.1305258274e-01
-1.6691187620e+00
-7.4906337261e-01
-9.0075999498e-01
4.1616067290e-01
1.0773501396e+00
1.7905890942e+00
1.1966090202e+00
1.4290655851e+00
1.1707459688e+00
4.5607593656e-01
3.9823943377e-01
-1.6153779626e-01
1.8764686584e+00
-6.1909997463e-01
-2.9825994372e-01
-1.2140281498e-01
-4.4667404890e-01
-6.9173318148e-01
-4.7014281154e-01
-6.4530593157e-01
-9.8581826687e-01
-1.3298430443e+00
-2.1828033924e+00
2.0782697201e-01
-2.3004307747e+00
-3.3314480782e+00
-3.9994134903e+00
-3.4393680096e+00
-8.0931746960e-01
-2.6970928907e-01
-8.2499831915e-01
-9.8520910740e-01
-6.9550567865e-01
4.3625292182e-01
1.3666728735e+00
2.1869182587e+00
1.9293484688e+00
3.3468127251e+00
-1.0359760523e+00
-1.8671207428e+00
-2.5676321983e+00
-2.0238435268e+00
-1.6459265947e+00
-1.8335820436e+00
-5.4940003157e-01
-1.3265548944e+00
-1.1755440235e+00
1.3896906376e+00
1.4203714132e+00
8.7619888783e-01
1.1138372868e-01
1.3142918348e+00
1.3961057663e+00
-3.6078486443e+00
-2.2626543045e+00
-1.8600890636e+00
-1.0846580267e+00
-1.8268796206e+00
1.1123461723e+00
1.0132553577e+00
1.4840244055e+00
1.5624734163e+00
1.6351053715e+00
8.9033007622e-01
1.4538675547e+00
8.9851242304e-01
-1.3739807904e-01
1.9933650270e-02
2.2963881493e-01
-7.0942014456e-02
-4.4070836902e-01
-5.1702886820e-01
-5.9340924025e-01
3.2689288259e-01
-2.8596401215e-01
-8.2757073641e-01
-1.1952459812e+00
-1.0520882607e+00
1.4918646812e+00
5.9524881840e-01
9.4897758961e-01
1.4640127420e+00
1.7132717371e+00
2.0974507332e+00
6.6733378172e-01
-4.8768869042e-01
-5.0582802296e-01
4.7470334172e-01
2.3345875740e+00
2.2437410355e+00
2.2915072441e+00
2.0103297234e+00
1.7864823341e+00
1.9412498474e+00
2.0744097233e+00
2.2926187515e+00
2.1239485741e+00
1.8807262182e+00
-7.3485380411e-01
-7.3970222473e-01
-9.6168890595e-02
2.6545920968e-01
3.3770623207e+00
-4.6613961458e-02
-4.8709183931e-01
-8.1390130520e-01
-1.7850185931e-01
2.8961116076e-01
2.4153475761e+00
2.6108100414e+00
2.3037886620e+00
2.3135652542e+00
2.5581650734e+00
1.3127236366e+00
1.2200447321e+00
1.2562557459e+00
1.3864380121e+00
9.4625693560e-01
-1.0626904964e+00
-7.9718595743e-01
-1.3207139969e+00
-1.2119559050e+00
-1.3969320059e+00
1.7148882151e-01
-1.1207416058e+00
-2.4030482769e+00
-1.5546790361e+00
2.0546375215e-01
7.5350171328e-01
5.3889995813e-01
2.1788509190e-01
8.1248849630e-01
1.5372895002e+00
-1.7971073389e+00
-1.3679026365e+00
-1.4981716871e+00
-1.5970941782e+00
-1.5523475409e+00
-3.7899444103e+00
-2.2876996994e+00
-1.7404524088e+00
-1.2906055450e+00
-2.5321915150e+00
-1.0424108505e+00
-1.0882725716e+00
-1.2061072588e+00
-7.6512509584e-01
-3.3676713705e-01
-1.6389623880e+00
-4.3297258019e-01
-7.9038095474e-01
-6.4787977934e-01
-5.7168996334e-01
-2.6939749718e-01
-7.5431346893e-01
-1.3229414225e+00
-1.0034955740e+00
-1.0252460241e+00
4.6070238948e-01
1.7203412950e-01
-2.3827680945e-01
-1.0678653717e+00
-1.0737901926e+00
-3.4805073738e+00
-2.4735946655e+00
-2.6129739285e+00
-1.8141794205e+00
-1.9601809978e+00
1.1827350855e+00
1.9602020979e+00
1.8193026781e+00
1.4667909145e+00
1.0800441504e+00
2.0860869884e+00
1.9722037315e+00
2.0333621502e+00
2.4962806702e+00
2.5753817558e+00
2.3886965215e-01
-8.2357829809e-01
-7.6873588562e-01
-5.9308183193e-01
-9.0011096001e-01
1.1274893284e+00
-3.1125480309e-02
2.3403967917e-01
3.5513457656e-01
1.3279691935e+00
1.6997120380e+00
1.2462571859e+00
-6.7448718473e-03
8.4038630128e-02
1.2397930622e+00
-6.0768532753e-01
-4.0376999974e-01
-7.1470040083e-01
-5.6398367882e-01
-3.0059579015e-01
-3.7267301083e+00
-4.7742328048e-01
-1.2855492830e+00
-2.5358128548e-01
-6.4105367661e-01
-2.4182636738e+00
-2.0947434902e+00
-1.9764937162e+00
-2.2395401001e+00
-2.0227456093e+00
-2.1555721760e+00
-1.7720302343e+00
-1.5225182772e+00
-1.9353621006e+00
-2.6994154453e+00
-2.0304989815e+00
-4.9808461219e-02
1.1268423498e-01
-3.6118322611e-01
-8.2975709438e-01
2.1718881130e+00
2.7760310173e+00
2.3564367294e+00
2.2503664494e+00
1.8466280699e+00
1.4735780954e+00
-8.2717195153e-02
-1.1229907274e+00
-1.6190568209e+00
-1.8441897631e+00
1.3038117886e+00
1.3408875465e+00
1.1426191330e+00
9.4724565744e-02
5.0114893913e-01
1.6100999117e+00
1.8264585733e+00
1.3253917694e+00
1.0875015259e+00
1.0769060850e+00
1.2754374743e+00
1.6364763975e+00
2.3633069992e+00
2.0336134434e+00
2.4767966270e+00
5.6651139259e+00
4.5639381409e+00
3.9777381420e+00
3.9306335449e+00
4.3864221573e+00
-8.6627560854e-01
-7.8160899878e-01
-1.1107724905e+00
-9.6313607693e-01
-9.1164839268e-01
-2.6892069727e-02
7.7617669106e-01
8.1312859058e-01
1.5601519346e+00
1.3106197119e+00
2.5583279133e-01
9.5222429081e-05
1.8484294415e-01
2.1436086297e-01
-3.8159746677e-02
8.4257596731e-01
1.0273314714e+00
9.8966675997e-01
9.1783446074e-01
1.0182663202e+00
1.1965256929e+00
1.3754054308e+00
1.2907395363e+00
1.7251907587e+00
1.8977231979e+00
9.3712615967e-01
9.6053117514e-01
9.8845374584e-01
9.2072153091e-01
1.1413633823e+00
-2.1856783330e-01
2.3986731470e-01
-4.9290895462e-02
-7.9592871666e-01
-2.0282750130e+00
9.3368250132e-01
1.7851995230e+00
1.8759535551e+00
1.7410362959e+00
1.6615370512e+00
-6.7907476425e-01
-8.8882040977e-01
-1.2274963856e+00
-6.5692710876e-01
-2.2404477596e+00
1.7999993563e+00
1.4523599148e+00
2.3961217403e+00
1.6330758333e+00
2.2181029320e+00
8.5536491871e-01
1.8347635269e+00
3.3406529427e+00
3.0881576538e+00
3.2562406063e+00
-3.1342132092e+00
-3.2816817760e+00
-3.5897517204e+00
-3.4922423363e+00
-3.5786712170e+00
1.4997351170e+00
-7.5054562092e-01
-7.7301681042e-02
-4.3101835251e-01
-1.2077514827e-01
1.3284894228e+00
1.2113474607e+00
1.8760778904e+00
1.0551517010e+00
1.5418238640e+00
-4.3784824014e-01
-8.4096282721e-01
1.4801889658e-01
-2.2227501869e-01
-1.1092853546e+00
4.4845023155e+00
2.8683409691e+00
1.8646366596e+00
1.9943706989e+00
1.4150366783e+00
-2.6124191284e-01
-7.3941463232e-01
-4.6360716224e-01
-9.8798668385e-01
2.3697616160e-01
-1.1438732147e+00
-5.2754521370e-01
-6.5172046423e-01
-1.0664752722e+00
-1.1985080242e+00
-1.8848828077e+00
-1.4096927643e+00
-1.5533735752e+00
-2.0954556465e+00
-3.3582382202e+00
2.6014003754e+00
1.7967033386e+00
1.6674886942e+00
2.4624359608e+00
2.9451637268e+00
-7.3818033934e-01
-1.1146075726e+00
-1.4331910610e+00
-1.3760219812e+00
-1.3391622305e+00
7.5162410736e-01
5.9387201071e-01
1.1076256037e+00
1.4583545923e+00
2.0383114815e+00
-1.7131549120e+00
-1.6155651808e+00
-1.0620051622e+00
-5.1627498865e-01
-7.2022116184e-01
2.9504683614e-01
4.7582986951e-01
-3.3147111535e-01
-2.2584688663e-01
1.0522028059e-01
-1.0545835495e+00
5.1640498638e-01
3.0536687002e-02
9.6018567681e-02
1.2501330674e-01
-1.4874112606e+00
-1.4142785072e+00
-1.5648602247e+00
-1.7150856256e+00
-2.9821233749e+00
8.4686679766e-03
7.7585154772e-01
2.4807004631e-01
2.8728744388e-01
3.4817621112e-01
1.5010745525e+00
2.2227687836e+00
3.0162470341e+00
2.7710952759e+00
2.9730384350e+00
2.1069593430e+00
1.4114849567e+00
7.0679986477e-01
4.9694147706e-01
1.2445602417e+00
4.5308718681e+00
3.2859392166e+00
2.9815979004e+00
2.5871386528e+00
3.0008397102e+00
7.4559664726e-01
1.9187088311e-01
-1.0049164295e+00
-1.8470863998e-01
-4.9215784669e-01
6.4564830065e-01
1.6511873901e-01
8.2142412663e-01
8.9271813631e-01
9.3391710520e-01
7.6186209917e-01
9.8872387409e-01
6.1829161644e-01
6.0326629877e-01
6.1579322815e-01
4.1889400482e+00
3.0284914970e+00
3.8530459404e+00
3.4029097557e+00
3.8999066353e+00
1.2350890636e+00
1.1709150076e+00
8.7974876165e-01
1.2597602606e-01
-8.4850829840e-01
-1.0299545527e+00
-1.0261960030e+00
-1.0793789625e+00
-1.1233760118e+00
-1.1751245260e+00
3.8017826080e+00
2.2099025249e+00
1.3133740425e+00
1.6540491581e+00
3.3769137859e+00
8.5718661547e-01
9.2359942198e-01
9.3959248066e-01
1.7409485579e+00
1.6693640947e+00
-1.9146229029e+00
-1.0403091908e+00
-4.6450456977e-01
-1.7666675150e-01
-3.2704615593e-01
-1.0097267628e+00
2.5140529871e-01
2.4545845389e-01
1.4271198511e+00
3.6595723629e+00
4.5441785455e-01
-1.2193757296e+00
-7.1532577276e-01
3.5850369930e-01
-3.7649348378e-01
-5.8501416445e-01
-4.1872236133e-01
-6.4735972881e-01
-9.9365770817e-01
-1.3881688118e+00
-1.6669125557e+00
-9.8272830248e-01
-1.1548589468e+00
-8.8261455297e-01
-1.6115616560e+00
-4.6545130014e-01
-1.2160416842e+00
-9.8312294483e-01
-5.9913486242e-01
-1.2712438405e-01
1.6677740812e+00
2.0934777260e+00
2.0763580799e+00
2.0450525284e+00
1.5989251137e+00
6.5714716911e-01
4.8694163561e-01
2.8619611263e-01
5.9830313921e-01
-1.3282981515e-01
-9.2213636637e-01
-8.1757909060e-01
-8.9002919197e-01
-1.1432360411e+00
-9.5344024897e-01
-2.2750141621e+00
-1.6423673630e+00
-1.6309993267e+00
-1.3201818466e+00
-1.5373288393e+00
1.1357173920e+00
7.8437894583e-01
4.5326381922e-01
7.2778844833e-01
8.0182963610e-01
3.0374426842e+00
1.3073552847e+00
3.3107057214e-01
1.5648901463e+00
2.6009273529e+00
1.9928480387e+00
1.7763822079e+00
1.1541711092e+00
8.1275835633e-02
5.3399145603e-01
6.2572484016e+00
4.4026489258e+00
3.7064442635e+00
3.2632629871e+00
5.7304558754e+00
-1.7980968952e-01
6.4103800058e-01
5.3802770376e-01
1.5384414792e-01
-1.8576862291e-02
-1.8165647984e+00
-1.4648640156e+00
-1.3661631346e+00
-8.6632865667e-01
-1.2364246845e+00
1.2400907278e+00
1.3592166901e+00
1.3644068241e+00
1.7258481979e+00
1.8778415918e+00
-3.5718965530e+00
-3.5399060249e+00
-3.6667668819e+00
-3.7990775108e+00
-3.4646232128e+00
8.5071414709e-01
-2.5297554210e-02
5.7032871246e-01
1.9644975662e+00
1.9492570162e+00
-3.1290245056e+00
-2.7534604073e+00
-2.2701716423e+00
-1.0506596416e-01
2.1532731056e+00
3.7595185637e-01
4.5975428820e-01
1.0552110672e+00
4.7483021021e-01
-6.8736681715e-03
3.0615038872e+00
1.3100417852e+00
-5.1582198590e-02
1.1828511953e+00
4.3146896362e+00
1.5466973782e+00
9.0423202515e-01
4.5955839753e-01
1.4444118738e+00
6.9915097952e-01
2.2594616413e+00
3.8571211696e-01
-3.7754589319e-01
3.0013734102e-01
1.6695854664e+00
-1.3276842833e+00
-9.1390955448e-01
-8.1198602915e-01
6.6736817360e-01
7.5569115579e-02
3.0349418521e-01
-1.6889786720e+00
-1.8134799004e+00
-1.6281490326e+00
2.0916037560e+00
-7.4249386787e-01
-8.8686978817e-01
-1.2887433767e+00
-6.8791234493e-01
-7.5134354830e-01
1.5309125185e+00
1.4909236431e+00
8.7203049660e-01
1.9312431812e+00
3.0649163723e+00
4.3490915298e+00
4.1778492928e+00
3.4829459190e+00
3.3924789429e+00
4.2592611313e+00
1.5247927606e-01
2.5633141398e-01
8.3905774355e-01
1.0646445751e+00
1.6827075481e+00
2.5018026829e+00
2.4318318367e+00
9.7913539410e-01
1.9250769615e+00
1.9431627989e+00
4.9762931466e-01
3.6080446839e-01
-3.6369737983e-01
2.0895425975e-01
-2.0970731974e-01
2.0502882004e+00
2.3408968449e+00
1.2260593176e+00
2.8314428329e+00
3.6632511616e+00
9.2905247211e-01
-4.5036703348e-01
-8.7293475866e-01
-7.7760821581e-01
-1.2502620220e+00
-5.4362320900e-01
-1.8300158978e+00
-2.0204284191e+00
-7.6121413708e-01
5.6302726269e-01
8.7753111124e-01
1.6750188172e-01
-7.6731926203e-01
4.6941977739e-01
9.2511588335e-01
3.4833130836e+00
3.8579473495e+00
3.7380492687e+00
4.0784053802e+00
3.6342790127e+00
3.3562557697e+00
2.1113259792e+00
1.4268813133e+00
9.2628592253e-01
5.6935101748e-01
-5.2438461781e-01
5.2574020624e-01
-2.8736984730e-01
1.1146576405e+00
1.5255787969e-01
1.5698753297e-01
4.1671797633e-01
-9.6401989460e-01
-1.0213696957e+00
1.9820405543e-01
-1.1754198074e+00
-2.2256624699e+00
-1.1530597210e+00
-2.5086460114e+00
-1.5252290964e+00
1.3102304935e+00
1.6216075420e+00
1.2726374865e+00
3.9291074276e+00
2.4159941673e+00
8.3428996801e-01
-1.3053703308e-01
6.0577011108e-01
4.5713892579e-01
5.6855863333e-01
3.4544557333e-01
-7.8265500069e-01
-1.3029500246e+00
2.1326720715e-01
8.0403798819e-01
4.3423706293e-01
5.3629523516e-01
-6.0982966423e-01
2.3323385417e-01
6.2780106068e-01
1.9083310366e+00
-1.1545451730e-01
-1.3231079578e+00
-3.1187322736e-01
8.7954342365e-01
3.6928576231e-01
8.4610247612e-01
2.6331225038e-01
3.6213296652e-01
-1.7192308605e-01
2.3783695698e+00
1.0367710590e+00
2.6004388928e-02
2.1431918144e+00
1.3933875561e+00
2.6221376657e-01
-8.3771800995e-01
-6.2053179741e-01
5.9924315661e-02
5.4288428277e-02
1.3105679750e+00
6.0439205170e-01
1.0273249149e+00
1.5575308800e+00
3.7317055464e-01
6.9018131495e-01
3.5861229897e-01
-1.8257740736e+00
-1.6335167885e+00
-6.9284170866e-01
1.1976128817e+00
1.1895409971e-01
-1.7699102163e+00
-1.8728044033e+00
1.4262541533e+00
-8.9467781782e-01
-2.1318418980e+00
-2.5844573975e+00
-6.0941892862e-01
8.0598324537e-01
-2.0201547146e+00
-1.8008235693e+00
-1.1246510595e-01
1.7824804783e+00
2.4819729328e+00
8.9113609865e-03
-4.8411253095e-01
-1.2179086208e+00
-1.0492205620e+00
1.1712920666e+00
1.7659057379e+00
1.3524786234e+00
1.3941343129e-01
2.0573711395e+00
9.2348724604e-01
2.1001026630e+00
1.6761580110e-01
-3.0042341352e-01
-8.7222838402e-01
-1.6549686193e+00
-4.1424609721e-02
1.8117960691e+00
2.6119782925e+00
2.5410430431e+00
8.5661894083e-01
5.8768004179e-01
1.0269504786e+00
3.7694686651e-01
-1.1475269794e+00
-2.1375517845e+00
1.3391298056e-01
4.0571135283e-01
-3.5189113021e-01
-1.6356571913e+00
-9.5751143992e-02
3.1773004532e+00
2.2279114723e+00
1.2785900831e+00
7.4004036188e-01
-1.9461179972e+00
6.8429756165e-01
-2.1033953875e-02
-1.0502708703e-01
1.0387546569e-01
-3.7824815512e-01
2.9669382572e+00
5.2580928802e-01
4.7354996204e-01
1.3899881840e+00
2.8196458817e+00
2.6447124481e+00
1.8794742823e+00
1.1330406368e-01
1.0481650829e+00
2.3684360981e+00
9.6347463131e-01
-8.0941408873e-01
-2.1532299519e+00
-2.8974275589e+00
-2.9654533863e+00
1.5937731266e+00
2.1560964584e+00
-1.1466068029e+00
-1.9636847973e+00
-1.1277558804e+00
4.6838231087e+00
3.1580836773e+00
1.2718422413e+00
1.1922750473e+00
2.2847442627e+00
-3.7052035332e-01
-9.6213448048e-01
-6.9814860821e-01
-1.0035347939e+00
-7.7083033323e-01
1.0842982531e+00
-1.6848585010e-01
-1.4822708368e+00
5.6834495068e-01
2.0103075504e+00
-4.8471596837e-01
-4.3074789643e-01
-8.7063300610e-01
-1.3005958796e+00
-1.6045478582e+00
3.6465883255e+00
2.6798903942e+00
2.4548385143e+00
1.7366894484e+00
1.6105698347e+00
3.9636233449e-01
1.0147892237e+00
9.4726389647e-01
2.6628032327e-01
8.2671302557e-01
-8.0958873034e-02
3.8978835940e-01
2.5306804180e+00
3.2895097733e+00
2.1828134060e+00
2.3148145676e+00
1.7552688718e-01
-1.4522093534e+00
-1.0602566004e+00
-2.9947492480e-01
7.5680685043e-01
9.9605470896e-02
-1.2164012194e+00
-1.6069359779e+00
-2.4053578377e+00
2.0814321041e+00
-3.8996465504e-02
-1.3965797424e+00
2.2776019573e+00
2.0975551605e+00
3.2980968952e+00
1.8700480461e+00
9.0742790699e-01
2.6565611362e+00
6.7439067364e-01
2.0733344555e+00
1.3911786079e+00
-4.0005639195e-01
-1.0067019463e+00
-1.9595867395e+00
2.4270863533e+00
2.5638647079e+00
3.0575680733e+00
1.5673770905e+00
6.6364306211e-01
1.8944218755e-01
1.1446843147e+00
1.2235240936e+00
1.9957035780e+00
1.7738327980e+00
2.2381005287e+00
-1.2500338256e-01
-3.5818209648e+00
-3.6172699928e+00
-1.3771457672e+00
1.5070759058e+00
1.1012438536e+00
6.1289948225e-01
2.5571146011e+00
2.0882096291e+00
-1.0713273287e+00
-5.4474514723e-01
4.6020291746e-02
-5.3695046902e-01
-1.0473300219e+00
-7.1658778191e-01
1.1391070485e-01
-6.1106920242e-01
-1.2488592863e+00
-2.0253927708e+00
9.6259170771e-01
1.5532252789e+00
1.7451044321e+00
2.1445708275e+00
2.4119017124e+00
2.1939353943e+00
1.6299594641e+00
1.2408649921e+00
7.3248040676e-01
-8.2228171825e-01
6.9742792845e-01
1.9606272876e-01
-3.2665857673e-01
-3.3587804437e-01
1.8925389647e-01
2.6858561039e+00
2.2623965740e+00
6.4916211367e-01
4.8239687085e-01
6.2452560663e-01
-1.4054945111e-01
8.0685079098e-01
7.9764950275e-01
1.4846465588e+00
2.7853300571e+00
4.7399015427e+00
3.4673662186e+00
2.3275668621e+00
1.9939370155e+00
2.4857292175e+00
-6.8839347363e-01
-1.3445976973e+00
-1.4286307096e+00
-1.2780331373e+00
-1.2467991114e+00
2.3949604034e+00
2.3302266598e+00
2.8187115192e+00
3.2738800049e+00
3.1799883842e+00
-2.4853114784e-01
1.4792670310e-01
3.9544001222e-01
7.9805612564e-01
7.9741704464e-01
2.9026472569e-01
-4.9828436971e-01
-7.3169630766e-01
-6.3878667355e-01
1.6724275425e-02
1.8053667545e+00
1.6358408928e+00
7.1098423004e-01
6.3131737709e-01
6.1879354715e-01
6.0601824522e-01
2.2818258405e-01
2.4199707806e-01
1.4890325256e-02
-5.3000662476e-02
-5.4072511196e-01
6.2686555088e-02
1.6674761474e-01
5.4240193218e-02
-4.1752588749e-01
-2.7289792895e-01
2.4088460207e-01
8.3231195807e-02
7.0917600393e-01
1.5159883499e+00
-2.0131163597e+00
-1.9798681736e+00
-2.0770003796e+00
-2.2203342915e+00
-2.9899115562e+00
2.4140553474e+00
9.8307752609e-01
9.2723715305e-01
8.7057632208e-01
1.3514503241e+00
2.7926702499e+00
2.2811126709e+00
1.8148423433e+00
1.9747649431e+00
2.0984756947e+00
-4.2949004173e+00
-3.8325009346e+00
-3.6208102703e+00
-3.7950980663e+00
-3.9935276508e+00
-2.3400545120e+00
-2.1248121262e+00
-8.5706150532e-01
6.4066445827e-01
1.2301057577e+00
-1.5208208561e+00
-1.0223234892e+00
-5.1629817486e-01
-9.6188521385e-01
-4.6549811959e-01
-2.4871158600e-01
-3.3411172032e-01
-4.8502749205e-01
-2.6076227427e-01
-8.4877103567e-01
-1.4113957882e+00
-1.8846246004e+00
-2.0476262271e-01
1.0035370588e+00
1.5072040558e+00
-2.1135865152e-01
-7.7694660425e-01
-9.1764336824e-01
-7.9632860422e-01
-6.8834233284e-01
-2.7159128189e+00
-1.7778018713e+00
-8.9978390932e-01
-5.0665938854e-01
-3.0120286345e-01
-5.1842767000e-01
-3.2114064693e-01
-4.9590238929e-01
-8.4413176775e-01
-1.8042901754e+00
2.0091822147e+00
7.0883691311e-01
3.9682468772e-01
8.9308601618e-01
2.9477155209e+00
-1.2064050436e+00
-1.0256309509e+00
-1.2824507952e+00
-1.5229527950e+00
-1.4287592173e+00
-9.7101181746e-01
3.2951932400e-02
2.1957945824e+00
3.8321795464e+00
5.6237630844e+00
-1.4723093510e+00
-8.6670196056e-01
-3.5017910600e-01
-1.4029462636e-01
1.8552986905e-02
-1.9269302487e-01
4.0426254272e-01
1.1349081993e+00
3.5183840990e-01
-5.3005635738e-01
-1.8318276107e-01
-6.0745882988e-01
-3.7412258983e-01
8.9284367859e-02
1.6147339717e-02
-5.7720178366e-01
-3.5857418180e-01
-8.1807625294e-01
-1.1105842590e+00
-3.1831698418e+00
3.8007071614e-01
-3.6189522594e-02
-1.4532677829e-01
6.2770217657e-02
1.7971466482e-01
-1.6207045317e+00
-9.0201973915e-01
-3.9945676923e-01
7.2929030657e-01
1.8057653904e+00
7.3854826391e-02
2.1123173833e-01
6.7775398493e-02
6.9598674774e-01
6.5635782480e-01
3.9240312576e+00
2.7437849045e+00
3.9522688389e+00
3.7998108864e+00
4.8574547768e+00
4.9084112048e-01
6.3790762424e-01
1.8674798310e-01
6.4282321930e-01
1.0209758580e-01
3.9890564978e-02
2.7208182216e-01
8.8814902306e-01
1.2192691118e-01
-1.6556179523e-01
3.0978304148e-01
6.0085701942e-01
3.7961810827e-01
7.8944280744e-02
8.3677285910e-01
1.7685648203e+00
1.6282650232e+00
9.1168349981e-01
5.4101717472e-01
1.4008284807e+00
5.5191773176e-01
4.3733966351e-01
1.6595041752e-01
-2.4336874485e-01
-7.9324787855e-01
1.6494883597e-01
4.4934412837e-01
-6.9929775782e-03
-3.4366082400e-02
1.3384513557e-01
2.7640740871e+00
1.6392096877e-01
-7.0328348875e-01
-2.9714617133e-01
1.3142414391e-01
2.1416022778e+00
1.8116570711e+00
1.3985295296e+00
1.2625948191e+00
1.4332453012e+00
-2.2384090424e+00
-1.1943808794e+00
-2.8041791916e-01
-3.7750980258e-01
-7.1323525906e-01
1.7188714445e-01
-3.8898685575e-01
-3.5978585482e-01
-1.7857442796e-01
-5.4040443897e-01
6.6390335560e-01
6.8377709389e-01
9.5403753221e-02
5.7582646608e-01
8.9614385366e-01
-5.8200258017e-01
-5.2029466629e-01
-8.2710182667e-01
-8.1182897091e-01
-5.3618478775e-01
-1.4570437670e+00
-1.2625614405e+00
-8.9286112785e-01
-8.8142526150e-01
-1.6362708807e+00
-1.3575630188e+00
-1.3733295202e+00
-1.1190164089e+00
-1.9680876732e+00
-1.7699775696e+00
1.3985893726e+00
2.0021402836e+00
1.9194483757e+00
1.9685548544e+00
1.2501881123e+00
1.0721706785e-02
1.7677561939e-01
-2.2608415782e-01
-6.5245400183e-03
2.7041876689e-02
-2.1959924698e-01
-2.5989112258e-01
3.4416219592e-01
3.5986766219e-01
-2.7269276977e-01
-6.7271345854e-01
-7.5256645679e-01
-8.6125963926e-01
-4.5280438662e-01
-1.4019660950e+00
1.9015889168e+00
1.5138126612e+00
1.2200669050e+00
9.5439279079e-01
8.2179939747e-01
2.7561006546e+00
6.0278362036e-01
2.5396633148e-01
9.5349675417e-01
1.2930184603e+00
2.3541891575e+00
1.3686430454e+00
1.9277886152e+00
2.1337795258e+00
1.6440137625e+00
8.6580667496e+00
4.2032403946e+00
2.6862816811e+00
3.2452411652e+00
7.2176451683e+00
1.5759946546e-03
9.4142779708e-03
5.3710218519e-02
-2.0962843299e-01
-6.2042870559e-03
-2.2686240077e-01
-3.7006607652e-01
-8.1004494429e-01
-1.2012171745e+00
-1.1805044413e+00
1.9827586412e+00
1.4558023214e+00
-7.1485793591e-01
-1.2504831553e+00
-1.1416082382e+00
-4.0605072975e+00
-3.5968785286e+00
-3.4092769623e+00
-3.3703999519e+00
-3.7778630257e+00
-1.4464509487e+00
-6.8458294868e-01
-3.2388648391e-01
-5.9400939941e-01
-6.2533098459e-01
-8.7264358997e-01
7.4948120117e-01
7.3795646429e-01
5.8201962709e-01
4.2752063274e-01
-1.0231599212e-01
7.0536661148e-01
1.3515559435e+00
2.0208365917e+00
1.6102341413e+00
9.6536296606e-01
2.9832983017e-01
-7.3469616473e-02
1.1826202869e+00
2.0589504242e+00
-1.4061485417e-02
-1.0712800026e+00
-1.4264271259e+00
-6.7478615046e-01
-9.1303490102e-02
3.0932717323e+00
1.8827724457e+00
-1.8297268450e-01
-1.1526159048e+00
-7.0400601625e-01
-1.2077927589e+00
-2.2843219340e-01
7.4665623903e-01
1.3971198797e+00
2.6016778946e+00
5.1918153763e+00
2.3849110603e+00
1.2314344645e+00
1.1853487492e+00
2.3404657841e+00
-1.4929380417e+00
-2.3605732918e+00
-2.3547923565e+00
-1.7510451078e+00
-5.4956114292e-01
1.6591734886e+00
2.4101567268e+00
2.9921374321e+00
3.4685196877e+00
1.9994237423e+00
1.6087035835e-01
1.5654984117e-01
7.5808800757e-03
1.2750214338e+00
1.7005289793e+00
-1.1703349650e-01
-1.3293043375e+00
-2.0938794613e+00
-1.5596297979e+00
-8.7958598137e-01
5.8275479078e-01
2.9955503345e-01
-4.9174576998e-02
-2.9161944985e-01
-9.5413547754e-01
1.8830285966e-01
-3.1256908178e-01
-2.1195092797e-01
1.7380639911e-02
3.0959749222e-01
-5.1477217674e-01
-4.0779113770e-01
-9.8290123045e-02
-2.5091573596e-01
-1.3447536230e+00
5.8347117156e-03
4.6978718042e-01
4.1153725982e-01
8.5454756021e-01
5.0983834267e-01
-5.4490543902e-02
7.8352135420e-01
2.3088656366e-01
-9.6657538414e-01
-1.7440145016e+00
1.0379282236e+00
1.2891618013e+00
1.3834906816e+00
1.3512011766e+00
7.3031443357e-01
3.3334336281e+00
1.8492659330e+00
1.2546216249e+00
2.5694625378e+00
3.2451105118e+00
-3.7594223022e+00
-3.4219651222e+00
-3.2199857235e+00
-3.3562724590e+00
-3.5175895691e+00
-2.5863790512e+00
-1.0374102592e+00
-1.6330504417e-01
6.9190692902e-01
1.3080304861e+00
1.8789950013e-01
2.8955134749e-01
-1.0282328129e+00
-1.2982947826e+00
-1.3206925392e+00
-2.0470621064e-02
-8.0597385764e-02
-1.5661346912e-01
-3.8069179654e-01
-1.3213717937e+00
-3.5294210911e+00
-4.5180320740e+00
-3.1294145584e+00
-1.7168821096e+00
-4.8213437200e-02
-1.8210600317e-01
-3.1968259811e-01
-7.5586909056e-01
-6.9931095839e-01
-5.7745808363e-01
-2.5510792732e+00
-1.8692184687e+00
-1.0588231087e+00
-7.9673939943e-01
-1.6198937893e+00
-1.3816128969e+00
-6.8198186159e-01
-6.3469070196e-01
-9.3540555239e-01
-7.3701626062e-01
1.0739253759e+00
4.7484496236e-01
5.7512032986e-01
3.7102138996e-01
1.6108683348e+00
-1.3517163992e+00
-6.2734031677e-01
-1.1479346752e+00
-8.5727274418e-01
-1.2469481230e+00
-1.7858902216e+00
-2.8131574392e-01
1.8367490768e+00
3.1189315319e+00
3.7505488396e+00
-1.9933792353e+00
-1.7530510426e+00
-7.7039629221e-01
-3.4469708800e-01
-1.3853749633e-01
4.7881820798e-01
7.7578663826e-01
5.2854347229e-01
-8.7158125639e-01
-2.1391727924e+00
-2.6857653260e-01
-3.4751662612e-01
-2.2933997214e-01
-5.3688573837e-01
-1.0766516924e+00
1.8457785249e-01
4.3970218301e-01
5.7608133554e-01
9.7878053784e-02
-1.1804682016e+00
-5.2734690905e-01
-1.0574822426e+00
-1.0615473986e+00
-2.8875896335e-01
3.1798863411e-01
-1.3488394022e+00
-6.2827104330e-01
-5.6425217539e-02
1.2065235376e+00
3.1742584705e+00
-4.5182073116e-01
7.8340522945e-02
-3.0256247148e-02
8.6946302652e-01
6.5978521109e-01
-5.1519024372e-01
2.6894763112e-01
1.2082111835e+00
2.4354317188e+00
2.6888341904e+00
4.0399737656e-02
5.2939021587e-01
3.5475370288e-01
1.1253494024e+00
1.0237381458e+00
9.5632724464e-02
-4.3928745389e-01
-6.0887598991e-01
2.0730784535e-01
-9.5582120121e-02
6.4673179388e-01
8.0059039593e-01
7.8382670879e-01
5.0305759907e-01
7.5950300694e-01
3.6168649793e-02
1.1234840155e+00
8.2649892569e-01
9.8518669605e-01
6.7445719242e-01
1.0637630224e+00
4.4047075510e-01
-2.6514461637e-01
1.3973522000e-02
-2.4009966850e-01
1.5159732103e-01
2.2340601683e-01
-4.4291444123e-02
2.8531244397e-01
7.3249089718e-01
1.8755667210e+00
-1.5257508755e+00
-2.0286624432e+00
-6.1124682426e-01
1.5145869255e+00
1.2349857092e+00
1.0710754395e+00
5.9813034534e-01
4.0816548467e-01
7.4377909303e-02
-2.5688602924e+00
-1.7696136236e+00
-1.7462844849e+00
-2.0646724701e+00
-2.1679649353e+00
-1.9048930407e+00
-6.5551471710e-01
1.8328277767e-01
2.1374370903e-02
-1.4663773775e+00
-3.8974273205e-01
6.5749782324e-01
3.9340183139e-01
5.8938372135e-01
5.6123918295e-01
-2.8110224009e-01
-5.6030556560e-02
-3.4768941998e-01
-6.2228697538e-01
-7.7145808935e-01
-6.3005584478e-01
-1.1299872398e-01
-1.9064484537e-01
-2.8735375404e-01
-2.1953345835e-01
-5.7366484404e-01
-2.7603712678e-01
-4.4485241175e-01
-8.3105212450e-01
-3.8743343949e-01
1.3692342043e+00
1.6800545454e+00
1.6148794889e+00
1.7025990486e+00
9.0959525108e-01
-2.1653516591e-01
-3.8533896208e-01
2.5546583533e-01
5.4520094395e-01
1.5849125385e-01
-5.1810550690e-01
3.0651780963e-01
-1.1224743128e+00
-8.7714111805e-01
2.7658743784e-02
-4.5657363534e-01
-3.1704723835e-02
4.1927152872e-01
5.3522628546e-01
-4.0641248226e-01
2.0628061295e+00
1.8711570501e+00
1.1673179865e+00
3.4696587920e-01
-4.7326304018e-02
3.1156763434e-01
-1.6215312481e+00
-1.2572597265e+00
1.8192581832e-01
2.0448532104e+00
4.0715146065e-01
8.2191848755e-01
-5.9753382206e-01
2.4270908535e-01
-1.6491885483e-01
4.0110406876e+00
1.1876417398e+00
1.2016321421e+00
9.1470849514e-01
1.9649128914e+00
4.3784387410e-02
-2.7585047483e-01
-4.2362502217e-01
-5.0461250544e-01
6.0961365700e-02
5.4252761602e-01
-2.2599028051e-01
-5.7924097776e-01
-8.5544610023e-01
-6.4241981506e-01
1.4336729050e+00
4.9669791013e-02
-1.1236051321e+00
-1.3160903454e+00
-1.1713373661e+00
-3.4972486496e+00
-3.2246122360e+00
-2.7100186348e+00
-2.8419773579e+00
-3.1575448513e+00
-4.4971147180e-01
-6.1518198252e-01
4.2482484132e-02
6.7869687080e-01
9.0720534325e-01
-5.6017309427e-01
5.3729093075e-01
4.9799448252e-01
1.2960870266e+00
1.6880685091e+00
-1.9531910419e+00
-1.5536570549e+00
-1.4476758242e+00
-5.8331876993e-01
7.7536332607e-01
-3.0451756716e-01
1.8817369640e-01
1.1021397114e+00
1.4562757313e-01
2.1293766499e+00
-2.0867114067e+00
-2.4341835976e+00
-5.6243152618e+00
-3.2998433113e+00
9.2466555536e-02
4.9180081487e-01
-3.1949084997e-01
1.9659921527e-01
1.2033836842e+00
7.8876668215e-01
-2.6878747940e+00
-1.7059073448e+00
-1.5680888891e+00
-5.1531046629e-01
2.1677942276e+00
-3.4693758488e+00
-4.0325827599e+00
-4.1767711639e+00
-3.4422297478e+00
-1.1983841658e+00
9.6984434128e-01
1.3391646743e-01
-3.8573732972e-01
5.5544602871e-01
1.0528087616e+00
4.5147272944e-01
2.0809026062e-01
4.8880720139e-01
7.1146452427e-01
1.7787697315e+00
-2.9385814667e+00
-2.1375331879e+00
-1.4532691240e+00
-2.3804120719e-01
-4.3849442154e-02
-3.6039550304e+00
-2.9255461693e+00
-3.3609299660e+00
-1.5395308733e+00
6.5082222223e-01
1.6198992729e+00
1.1792148352e+00
1.5074260235e+00
1.3592427969e-01
-6.2309128046e-01
-2.5476615429e+00
-3.6820206642e+00
-4.3750176430e+00
-3.4624590874e+00
-6.1331731081e-01
1.2525823116e+00
4.3964132667e-01
7.8666782379e-01
1.5377912521e+00
9.0742868185e-01
-4.1041806340e-01
6.4175432920e-01
2.2096604109e-01
7.1486636996e-02
8.2575249672e-01
-3.9092460275e-01
-5.0864830613e-02
9.5401161909e-01
3.3903858066e-01
2.5011715293e-01
-1.3336504698e+00
1.5804494917e-01
3.1112521887e-01
7.4917912483e-01
4.4118779898e-01
-1.5261229873e-01
-4.4618138671e-01
-6.4433902502e-01
-9.1397655010e-01
-3.3288773894e-01
2.7101048827e-01
1.2821348011e-01
9.0621188283e-02
4.0991285443e-01
3.7474125624e-01
-5.0355410576e-01
2.4180569649e+00
3.2453701496e+00
1.1895947456e+00
1.0510377884e+00
-3.7399847507e+00
-2.5368258357e-01
-8.5024327040e-01
-2.3965439796e+00
-1.3724996708e-02
-1.2489607334e+00
-9.8583304882e-01
4.8416176438e-01
2.5902137160e-01
-5.8251911402e-01
-7.5938218832e-01
-8.1532341242e-01
-1.5908672810e+00
-1.4994457364e-01
1.8227035999e+00
-8.2928234339e-01
-6.0293292999e-01
-3.7290032953e-02
-4.3538030982e-01
-3.2845628262e-01
-3.7283122540e+00
-2.3647160530e+00
-1.1619235277e+00
2.0169453323e-01
-4.0342393517e-01
-3.1365674734e-01
-7.6943403482e-01
-1.3813450336e+00
-1.1210327148e+00
-7.6404714584e-01
-3.4922564030e+00
-3.3537371159e+00
-2.9692714214e+00
8.9077621698e-01
3.6994817257e+00
-2.9489691257e+00
-3.5952377319e+00
-3.7345125675e+00
-3.6133196354e+00
-1.4174547195e+00
-1.7890665531e+00
9.4971489906e-01
1.0588753223e+00
-8.7900124490e-02
-3.3931978047e-02
-1.9038636684e+00
-1.3175697327e+00
-2.8922608495e-01
4.4958627224e-01
-3.2011520118e-02
-1.6950337589e-01
2.0224184990e+00
8.4548914433e-01
-9.2467665672e-01
-2.1171035767e+00
7.4502003193e-01
-2.0729349554e-01
-6.6088181734e-01
-8.9963018894e-01
-8.1950026751e-01
8.9063102007e-01
5.4838418961e-01
6.2718605995e-01
5.1271760464e-01
5.2005541325e-01
-2.6079213619e+00
-1.8663730621e+00
-1.9577316046e+00
7.0306733251e-02
2.5229518414e+00
-1.8459255695e+00
4.2358490825e-01
7.0254302025e-01
1.5794534683e+00
4.3346893787e-01
-9.2550516129e-01
2.9305845499e-01
2.4664668739e-01
-3.6828938127e-01
-7.7525633574e-01
-9.4226223230e-01
4.4631448388e-01
1.8452702463e-01
1.7037937641e+00
1.9353455305e+00
-8.2498234510e-01
-3.2146456838e-01
1.8204167485e-02
6.3541811705e-01
-1.9733662605e+00
-1.4578772783e+00
3.9197993279e-01
7.6436722279e-01
1.6003154516e+00
1.5106185675e+00
1.7543404102e+00
1.3453775644e+00
9.6864044666e-01
9.8333704472e-01
6.7505079508e-01
-2.3365523815e+00
-2.2494583130e+00
-1.8914519548e+00
-1.6574718952e+00
-1.7100386620e+00
2.9026699066e+00
1.8052121401e+00
1.2377663851e+00
8.2420593500e-01
1.6223894060e-01
-8.4075021744e-01
-3.1229903921e-02
-6.1488807201e-01
1.3010615110e-01
-4.5234926045e-02
-5.2991800010e-02
-5.1498168707e-01
-7.9640060663e-01
-2.2406101227e+00
-4.3478834629e-01
2.1826617718e+00
1.6570274830e+00
2.0333790779e+00
2.3093919754e+00
1.5222784281e+00
-4.9655919075e+00
-4.4887390137e+00
-2.6188251972e+00
-2.6640343666e+00
-2.0352733135e+00
-2.7843850851e-01
1.9138935804e+00
-2.6744028926e-01
-1.6428807974e+00
-3.0855939388e+00
9.1079694033e-01
1.7803928852e+00
8.8075888157e-01
1.3253328800e+00
9.6184384823e-01
-1.6145789623e-01
-3.5034041852e-02
1.7997200787e-01
1.1337759495e+00
1.8245811462e+00
-2.8897827864e-01
7.8261047602e-03
9.2781804502e-02
-3.6616644263e-01
-2.8799006343e-01
-4.1351452470e-02
1.4597072601e+00
5.6451719999e-01
6.0717153549e-01
-1.5712687969e+00
2.0732745528e-01
1.1150314659e-01
2.6724200696e-02
6.4221300185e-02
2.0284056664e-01
-5.2344173193e-01
-1.7705057561e-01
-3.9555227757e-01
3.6360055208e-01
5.4577130079e-01
8.4895700216e-01
1.8005790710e+00
1.0255839825e+00
-1.6325922683e-02
-1.7206962109e+00
5.0352638960e-01
1.4659249783e-01
6.5439110994e-01
9.2951729894e-02
-4.4138139486e-01
-4.0094103664e-02
-5.9201043844e-01
-1.3798751831e+00
-1.2418870926e+00
-8.1586539745e-01
-3.9126696587e+00
-2.4634103775e+00
-3.5469152927e+00
-2.0258967876e+00
-5.8471345901e-01
1.5070058107e+00
2.4068827629e+00
1.8369302750e+00
9.6257579327e-01
4.8072060943e-01
3.0498901010e-01
5.7859152555e-01
-7.2329390049e-01
-8.4674751759e-01
-1.4961404800e+00
-1.1397691965e+00
-5.9291148186e-01
6.2135511637e-01
9.8884707689e-01
5.8133000135e-01
-2.1862891316e-01
5.2333074808e-01
4.1142094135e-01
7.7727025747e-01
7.3355984688e-01
1.9270932674e+00
2.7129635215e-01
2.1144056320e-01
-2.4856838584e-01
-6.7884576321e-01
1.0252361745e-01
5.8952197433e-02
-1.4548665285e-01
-2.4440789223e-01
-1.4328208566e-01
-1.8992093801e+00
-8.2564073801e-01
-1.1428076029e+00
-3.6839756370e-01
6.7796891928e-01
-1.4468889236e+00
1.8590925932e+00
6.9787420332e-02
-1.6248984262e-02
3.9357221127e-01
1.6897803545e+00
1.1530296803e+00
1.1518341303e+00
8.7700575590e-01
7.7129924297e-01
4.1250437498e-01
-5.0564420223e-01
-1.2687289715e+00
-7.5141453743e-01
4.6025028825e-01
-3.3828571439e-02
3.0159384012e-01
2.7337169647e-01
2.0951707661e-01
-9.5285701752e-01
1.5211844444e+00
1.0941917896e+00
1.1053533554e+00
8.8533753157e-01
4.9757453799e-01
2.2862017155e+00
1.3234281540e+00
9.9518489838e-01
1.2824226618e+00
2.0143220425e+00
4.8608441353e+00
4.0456395149e+00
3.8949677944e+00
4.0893702507e+00
5.4096107483e+00
1.6330657005e+00
1.8354977369e+00
2.1908912659e+00
2.3626437187e+00
2.5867409706e+00
3.4108216763e+00
9.6239054203e-01
-5.7164347172e-01
-5.0789237022e-01
3.9191403985e-01
-4.2057201266e-01
-3.7941715121e-01
-1.4173851907e-01
-1.4621169865e-01
-2.6378463954e-02
-2.4632963538e-01
-6.3878220320e-01
6.0147721320e-02
1.1405294389e-01
-3.8417372108e-01
-1.4843649864e+00
-7.7588937711e-04
9.0917462111e-01
1.1447328329e+00
1.0927977562e+00
1.3987044096e+00
9.7083371878e-01
1.1378613710e+00
2.3456349373e+00
2.7890257835e+00
-1.3283258677e+00
-4.7881681472e-02
-1.1430615187e+00
-1.2064597607e+00
-1.7689062357e+00
6.7830371857e-01
9.6004717052e-02
-6.2996226549e-01
-4.4693768024e-01
8.0999708176e-01
2.7114877105e-01
3.2469840050e+00
-5.0106430054e-01
2.0991430283e+00
7.5613802671e-01
5.3027206659e-01
5.0871208310e-02
1.0238296986e+00
1.7219690979e-01
-4.5124354959e-01
-8.2435965538e-01
-7.4657881260e-01
9.3312132359e-01
2.3930921555e+00
3.7624988556e+00
-5.2827811241e-01
-1.0977643728e+00
-2.2720174789e+00
-4.9799323082e+00
-5.3732404709e+00
3.0091387033e-01
-2.8707540035e-01
-1.1763671637e+00
-1.0302816629e+00
-1.1221400499e+00
1.8957835436e+00
1.4946426153e+00
1.6725881100e+00
1.8057191372e+00
2.0154101849e+00
-5.7621568441e-01
6.1237788200e-01
-1.0554050207e+00
8.5749477148e-01
1.0911239386e+00
1.1196240187e+00
3.4682965279e-01
1.8340936899e+00
-1.6387085915e+00
-1.6779940128e+00
-9.3524682522e-01
3.1830772758e-01
9.0659147501e-01
-1.0685486346e-01
-2.5235414505e-01
-1.4437971115e+00
-5.4822921753e-01
-9.0992003679e-01
-2.1423592567e+00
-1.7163401842e+00
-1.3558787107e+00
3.3367311954e-01
-9.8319095373e-01
-9.4764679670e-01
-6.7774319649e-01
-6.1728441715e-01
-7.8840158880e-02
2.6114411354e+00
6.5452194214e-01
1.5344512463e+00
7.1460038424e-02
-3.6380198598e-01
-1.9235546589e+00
-2.4419288635e+00
-2.1151213646e+00
1.1054412127e+00
1.8876694441e+00
5.9156423807e-01
-2.8693023324e-01
-4.2386221886e-01
-9.6131527424e-01
-2.3839101791e+00
-2.4138045311e+00
-1.5015168190e+00
-1.8013727665e+00
9.2298126221e-01
1.2950443029e+00
1.1808171272e+00
1.0630254447e-01
-2.1403187513e-01
-3.0456158519e-01
-5.1229989529e-01
9.4884949923e-01
-1.4402660728e-01
-3.6953872442e-01
-2.0110442638e+00
-6.5792930126e-01
-2.1690461636e+00
-3.4818512201e-01
1.5037284791e-01
6.5322911739e-01
9.1883069277e-01
5.7126957178e-01
6.5089577436e-01
4.9044477940e-01
3.7953886986e+00
3.8638706207e+00
2.0528240204e+00
2.3809220791e+00
2.8421781063e+00
1.2747341394e+00
3.7625536323e-01
-6.1614871025e-02
-1.0530211926e+00
-6.7695599794e-01
-5.5190420151e-01
-5.7821009308e-02
4.6017783880e-01
2.8309935331e-01
3.4565967321e-01
-9.2584073544e-01
-2.5565195084e-01
1.4446904659e+00
-3.3264577389e-02
3.4716337919e-01
1.6663165390e-01
1.0500574112e-01
-2.4745222926e-01
-5.7555693388e-01
-9.2647868395e-01
1.0974624157e+00
1.3071386814e+00
1.5518059731e+00
1.9139761925e+00
2.3539826870e+00
9.0380638838e-01
1.6160703897e+00
2.5353932381e+00
9.9399286509e-01
1.4994333684e-01
-4.1518786550e-01
1.2328474522e+00
2.2883708477e+00
3.8166067097e-03
5.9301272035e-02
-1.9021018744e+00
-2.0715622902e+00
-1.6867504120e+00
-1.2322281599e+00
-1.0511465073e+00
-7.0912331343e-01
-6.8562901020e-01
-7.4180543423e-01
-1.8234355450e+00
-1.4651432037e+00
-4.8024722934e-01
3.2727244496e-01
2.3713883758e-01
8.8353532553e-01
1.4184297323e+00
1.6999300718e+00
1.0327638388e+00
-2.4780094624e-01
-1.4625358582e+00
-2.3373975754e+00
-1.6752710342e+00
2.1860827506e-01
8.7772804499e-01
2.9603018761e+00
3.2758319378e+00
-4.8935824633e-01
1.9325630367e-01
1.0348494053e+00
7.8176724911e-01
8.5422164202e-01
-1.4574983120e+00
-9.2810279131e-01
-1.1676621437e+00
-1.4039709568e+00
-1.6983684301e+00
-1.7105213404e+00
-8.7966942787e-01
-2.4507732391e+00
-1.0403028727e+00
-8.9279085398e-01
1.2614130974e+00
4.1013815999e-01
7.5880455971e-01
-5.1411771774e-01
-7.5426614285e-01
1.4235104322e+00
1.3327275515e+00
1.2868837118e+00
1.5043135881e+00
1.6493102312e+00
-9.2206954956e-01
-9.8607099056e-01
-1.7053626776e+00
-6.3163352013e-01
-5.3802794218e-01
-9.2205774784e-01
-1.2461988926e+00
-6.1001813412e-01
-6.5346801281e-01
-1.1636295319e+00
-2.2182855606e+00
-8.3980870247e-01
-2.0108079910e+00
1.6812083125e-01
1.0998735428e+00
-1.3586358726e-01
-3.0034619570e-01
8.6930990219e-01
9.1960453987e-01
6.1458921432e-01
-1.1353453249e-01
-3.7238350511e-01
-3.2751166821e-01
-3.5257768631e-01
1.8097627163e-01
-1.1656507254e+00
1.1112789623e-02
-1.2262377739e+00
-6.2929886580e-01
-1.0742523670e+00
-1.2017877102e+00
-1.0267882049e-01
1.5352512598e+00
1.1142278910e+00
2.6749799252e+00
-1.3256950378e+00
3.0628290772e-01
-5.9078794718e-01
-1.1389262676e+00
-1.3085540533e+00
-2.1771118641e+00
-8.4233069420e-01
-1.2961713076e+00
5.1471650600e-02
4.4243309647e-02
-1.1693429947e+00
1.5245130062e+00
1.5439798832e+00
1.8923346996e+00
2.6365869045e+00
-1.8907556534e+00
-2.6671428680e+00
-3.9691274166e+00
-6.0924992561e+00
-5.8059339523e+00
-5.0796028227e-02
-2.1667919159e+00
-2.9342663288e+00
-2.1078548431e+00
-2.4472639561e+00
7.0339000225e-01
-1.0306869745e+00
-4.0081638098e-01
-7.7047628164e-01
-4.4393077493e-01
-1.8091831207e+00
-1.0825016499e+00
7.6306027174e-01
1.2670917511e+00
6.0999226570e-01
-1.0699959993e+00
1.7917811871e+00
5.7949978858e-02
1.4968612194e+00
1.2510640621e+00
-4.5351579785e-01
-6.4429038763e-01
-6.1518335342e-01
9.9555283785e-02
9.5704108477e-01
7.8881722689e-01
1.1855229139e+00
9.4041779637e-02
-6.9056397676e-01
-1.6620863676e+00
-2.0927486420e+00
6.0575142503e-02
6.3202750683e-01
2.0008571446e-01
6.0410898924e-01
-1.6502313614e+00
-8.5674905777e-01
1.3241681457e-01
-4.0258651972e-01
1.3337540627e+00
1.4327803850e+00
1.2222213745e+00
6.7933952808e-01
-6.5389162302e-01
-1.0941035748e+00
1.1661341190e+00
9.8508781195e-01
9.7512531281e-01
1.5816025734e+00
2.1469006538e+00
3.1689708233e+00
1.3689159155e+00
9.5595693588e-01
1.7315417528e-01
8.8932245970e-01
4.2793244123e-01
1.0283215046e+00
7.6857882738e-01
3.9784875512e-01
-1.9249624014e-01
-2.0601169765e-01
-8.4819567204e-01
-4.8764464259e-01
-7.2525799274e-01
-1.8044856787e+00
-1.2622714043e+00
-6.8080222607e-01
-1.5879498422e-01
-1.0903595388e-01
-1.0477645397e+00
4.6021917462e-01
-1.3653058559e-02
-1.3344347477e-01
-5.7438641787e-01
-1.3276705742e+00
-1.7854863405e+00
-3.6341452599e-01
1.4046339691e-01
1.0523232222e+00
9.8662000895e-01
-6.8722176552e-01
-1.4607616663e+00
-9.8598206043e-01
-3.3145322800e+00
-5.4042234421e+00
-1.6312475204e+00
4.0082186460e-01
1.1453860998e+00
9.9952167273e-01
7.5652790070e-01
1.4653548598e-01
1.7194083929e+00
2.0993928909e+00
3.0661714077e+00
3.0194325447e+00
-6.5918914974e-02
-6.9338214397e-01
-8.3575791121e-01
-1.3326331377e+00
-1.3229793310e+00
-1.0345858335e+00
1.3688033819e+00
9.1170072556e-01
1.1343439817e+00
4.9376088381e-01
-2.8070852757e+00
-1.4044317007e+00
-1.9001845121e+00
-2.3338842392e+00
-2.6703066826e+00
1.4101779461e+00
6.5056687593e-01
-6.0288691521e-01
-7.4877154827e-01
-2.5855863094e+00
-6.4638122916e-02
8.2039964199e-01
1.6508203745e+00
1.8951214552e+00
1.8404164314e+00
-1.8989151716e-01
9.3842923641e-01
1.7068796158e+00
6.9198977947e-01
-5.3780299425e-01
-3.3218535781e-01
-5.2726441622e-01
-1.0267477036e+00
-3.8685142994e-02
-7.8862404823e-01
-2.0269002914e+00
-1.8061060905e+00
-1.4436739683e+00
-1.9181776047e+00
-1.8262304068e+00
-1.6271117926e+00
-1.4572886229e+00
-1.1044460535e+00
1.3323348761e+00
-3.6510214210e-01
-8.3628606796e-01
-7.4588829279e-01
-1.1601399183e+00
-7.4708265066e-01
-1.2882258892e+00
2.1838839054e+00
7.4693602324e-01
1.8558607101e+00
1.1295932531e+00
9.0722846985e-01
-1.5838667154e+00
-1.5771749020e+00
-1.8100789785e+00
-9.7717618942e-01
-2.4892153740e+00
2.0757548511e-01
4.1711124778e-01
2.3419620991e+00
2.0154769421e+00
1.3913141489e+00
2.9141528606e+00
3.2619354725e+00
3.5514113903e+00
5.2568948269e-01
1.5200957060e+00
-2.6982107162e+00
-2.8871073723e+00
-4.3285303116e+00
-3.7222504616e+00
-4.4077339172e+00
-1.3793991804e+00
2.1286714077e-01
7.4253529310e-01
-6.0869419575e-01
-1.0854278803e+00
7.6028579473e-01
-1.4288230240e-01
1.6149135828e+00
1.4460186958e+00
3.7283325195e-01
-1.3091723919e+00
-3.6750838161e-01
-7.6216959953e-01
1.4814457893e+00
1.1495597363e+00
-2.1102018356e+00
2.4027067423e-01
1.3117268682e-01
1.0436524153e+00
3.5218203068e-01
-8.9986306429e-01
-5.1320189238e-01
1.1560164690e+00
5.7991135120e-01
5.3512573242e-01
7.6398521662e-01
1.1207368374e+00
1.5023834705e+00
2.6591057777e+00
2.5102019310e+00
-5.9019809961e-01
-1.2388484478e+00
5.8097070456e-01
-1.1866660416e-01
-5.8845686913e-01
-2.2585649490e+00
-4.6043547988e-01
-3.8446152210e-01
1.1450263262e+00
8.3433812857e-01
2.3548951149e+00
1.9870300293e+00
2.7728705406e+00
2.4538960457e+00
2.4740674496e+00
-1.4834972620e+00
1.0006017685e+00
1.8342550993e+00
1.4283416271e+00
1.0705816746e+00
-1.2555845976e+00
-2.3973667622e-01
-1.2374341488e+00
6.6773450375e-01
1.0651863813e+00
-1.0504238605e+00
-1.5883260965e+00
-1.8853886127e+00
-3.2223250866e+00
-3.3251652718e+00
9.1082507372e-01
3.8637390733e-01
1.4999380708e-01
-2.8562662005e-01
-3.2881004810e+00
2.9638099670e+00
3.0882537365e+00
2.3963611126e+00
2.5820529461e+00
1.9023604393e+00
1.7797805071e+00
2.2248897552e+00
2.4377279282e+00
2.0116906166e+00
1.0202802420e+00
-5.2498978376e-01
9.2886722088e-01
7.2871464491e-01
2.7987471223e-01
-1.7366344929e+00
-6.5492129326e-01
-8.6790084839e-02
-3.9065802097e-01
-2.5284078121e+00
-4.3034629822e+00
3.1281688809e-01
8.8833153248e-01
1.0647892952e+00
1.4893881083e+00
1.4244318008e+00
7.6750165224e-01
5.2068835497e-01
-4.1043108702e-01
-7.3962020874e-01
-1.9203187227e+00
1.2586307526e+00
1.6064702272e+00
8.1490737200e-01
3.4360888600e-01
4.2570191622e-01
8.6716756225e-02
-6.6208148003e-01
4.4453024864e-02
-5.2541273832e-01
-1.5086809397e+00
-2.2202413082e+00
-1.3993533850e+00
-1.7612859011e+00
-8.7867224216e-01
-1.8865728378e+00
-1.7281066179e+00
-1.3368030787e+00
-1.2885755301e+00
-1.0285227746e-01
2.2124965489e-01
-1.1779534817e+00
4.6009546518e-01
-4.8614060879e-01
4.2993277311e-01
9.9703931808e-01
-2.0696914196e+00
-3.6870375276e-01
5.5147129297e-01
5.3177356720e-01
-1.9308307767e-01
2.8597640991e+00
2.7572379112e+00
2.9301235676e+00
2.1557238102e+00
2.6557528973e+00
1.3661538363e+00
8.7762439251e-01
8.7801587582e-01
9.0630507469e-01
3.1924939156e-01
-1.1029462814e+00
1.8331496418e-01
1.0638040304e+00
1.3236645460e+00
3.4506788850e-01
-1.2887493372e+00
3.8842622191e-02
-2.9804942012e-01
-1.4963691235e+00
-6.0882174969e-01
-8.2306271791e-01
-7.9281508923e-01
-1.1897815466e+00
-8.6601114273e-01
-4.3482735753e-01
-4.7336916924e+00
-4.4228019714e+00
-3.4915683270e+00
-4.3475151062e+00
-5.1322822571e+00
-7.9645848274e-01
1.0236667395e+00
1.5654697418e+00
1.1496709585e+00
6.3202232122e-02
3.8879673481e+00
3.9760141373e+00
2.8823189735e+00
2.3055796623e+00
2.3576474190e+00
-2.8333907127e+00
-2.0984554291e+00
-3.3626339436e+00
-3.1366629601e+00
-3.6691279411e+00
1.4505444765e+00
1.3868148327e+00
1.5023322105e+00
7.3357462883e-01
8.8657683134e-01
1.5768324137e+00
2.3481061459e+00
2.3868045807e+00
1.8180602789e+00
2.4346435070e+00
2.5714516640e+00
2.9948844910e+00
2.0561232567e+00
1.3551269770e+00
7.3145449162e-01
4.1819462776e+00
4.2724833488e+00
4.9386343956e+00
5.7607092857e+00
5.7701520920e+00
2.9248657227e+00
3.0343799591e+00
3.1237423420e+00
3.4679772854e+00
3.3821730614e+00
1.1213968992e+00
1.6714497805e+00
2.2588281631e+00
2.3394711018e+00
1.6225236654e+00
1.2935985327e+00
1.4676390588e-01
9.7575998306e-01
1.0681121349e+00
6.3988083601e-01
8.7505906820e-01
2.5907698274e-01
-7.3074631393e-02
-1.6848850995e-02
6.9723325968e-01
-7.8579509258e-01
-5.8506500721e-01
-2.6954630017e-01
-2.7701094747e-01
9.4149088860e-01
1.4891618490e+00
1.4233644009e+00
1.3784670830e+00
2.0245344639e+00
1.9276667833e+00
-1.7105603218e+00
-9.0632867813e-01
-5.4607796669e-01
-9.9154436588e-01
-1.7090165615e+00
8.2425010204e-01
1.9561222792e+00
2.0401601791e+00
1.3552497625e+00
6.6258734465e-01
-1.9562991858e+00
-4.3169450760e+00
-2.2278978825e+00
-3.7320685387e+00
4.1314613819e-01
5.6547439098e-01
-2.0968346298e-01
2.2819508612e-01
2.2477196157e-01
2.5093162060e-01
-5.8147370815e-01
1.2934115529e-01
1.1372207403e+00
2.6559705734e+00
2.4796459675e+00
-5.4924279451e-01
-5.2720594406e-01
-5.7921481133e-01
-9.8293012381e-01
-1.5798765421e+00
1.6172443628e+00
-2.7542099357e-01
-7.5410747528e-01
-1.3503077030e+00
-9.0521532297e-01
9.8463255167e-01
4.4829663634e-01
1.1497735977e+00
-7.7677798271e-01
-2.4211483002e+00
-1.7827560902e+00
-2.9559342861e+00
-2.1939253807e+00
-2.1794219017e+00
1.2327299118e+00
2.4011597633e+00
1.7882550955e+00
1.7487124205e+00
6.6403019428e-01
1.0038952827e+00
-1.9145740569e-01
3.2636424899e-01
5.0640159845e-01
5.6555557251e-01
4.4450289011e-01
-3.2587540150e-01
-2.1812593937e-01
2.0125521719e-01
-1.0797210038e-01
-2.8718525171e-01
-5.3998551369e+00
-3.0261406898e+00
-2.5556488037e+00
-4.5792069435e+00
-5.9166212082e+00
-2.0925853252e+00
-6.7572349310e-01
-2.4419753551e+00
-2.2300769389e-01
-2.9447047710e+00
4.3914794922e-02
-3.2172212005e-01
-1.1999773979e+00
-1.3993813992e+00
-1.4875675440e+00
-1.0939553380e-01
1.2907140255e+00
-1.1884626746e-01
5.6722223759e-01
5.9177720547e-01
-6.4572703838e-01
-2.5962717533e+00
-3.0938115120e+00
-3.1092188358e+00
-1.9039065838e+00
-6.4155787230e-01
6.2529966235e-02
-6.4650535583e-02
5.7675713301e-01
5.4608303308e-01
1.3848699331e+00
2.5381806493e-01
3.3064693213e-01
1.7534214258e+00
1.2639533281e+00
-6.2032661438e+00
-5.9409542084e+00
-5.2837400436e+00
-7.6293296814e+00
-4.9173808098e+00
6.3246232271e-01
1.1589977741e+00
1.5559105873e+00
1.8894864321e+00
1.8638396263e+00
1.3688217402e+00
2.3935072422e+00
2.1303369999e+00
1.1774476767e+00
1.5800791979e+00
3.9132106304e-01
1.6099429131e-01
-1.7978471518e-01
-1.2977564335e+00
-1.0586855412e+00
6.6961519420e-02
-2.5976228714e-01
-8.2681268454e-01
-1.0289175510e+00
-5.4423892498e-01
-3.2504028082e-01
-3.4704652429e-01
-7.7911448479e-01
-2.4179524183e-01
-3.8173618913e-01
1.1139259338e+00
9.3285280466e-01
1.1774595976e+00
5.8398216963e-01
9.4389253855e-01
1.5441781282e+00
1.3161008358e+00
1.8596897125e+00
1.4345092773e+00
1.2281644344e+00
1.1835936308e+00
1.1634193659e+00
1.3252434731e+00
1.5483642817e+00
4.9680224061e-01
-5.4566770792e-01
7.9416304827e-02
7.7698278427e-01
7.1104472876e-01
5.2224510908e-01
-1.0950434208e+00
-1.4543063641e+00
-1.8999460936e+00
-1.8306605816e+00
-1.4315135479e+00
-2.7831801772e-01
1.0362902284e-01
-5.7782298326e-01
-1.0074274242e-01
-2.5779238343e-01
-2.8509822488e-01
-3.3934569359e-01
-2.9896861315e-01
7.1659404039e-01
1.3702421188e+00
-8.9015133679e-02
1.6946843266e-01
-1.8431828916e-01
-7.3253148794e-01
-6.9117568433e-02
-7.2998863459e-01
-9.0003859997e-01
-3.0253687501e-01
7.4158185720e-01
1.8598370552e+00
3.4009745717e-01
6.9737756252e-01
4.1493657976e-02
7.0555543900e-01
1.7763625085e-01
-9.0338295698e-01
-8.0241960287e-01
-8.8088685274e-01
-2.4224798679e+00
-3.0544388294e+00
-3.4518361092e+00
-3.1483149529e+00
-1.9074175358e+00
-2.8354496956e+00
-3.2924811840e+00
7.0356398821e-01
9.2306619883e-01
2.8799343109e-01
7.9228526354e-01
8.5428023338e-01
-7.4856483936e-01
-2.7720096707e-01
3.8500633836e-01
-1.0407062247e-02
2.7450099587e-01
6.7880600691e-01
7.6990807056e-01
4.9731090665e-01
1.4882527292e-01
9.2743515968e-01
-8.5436306894e-02
1.1715916917e-02
3.9197742939e-01
-6.0898697376e-01
-6.3716101646e-01
-2.6283311844e+00
-2.2100522518e+00
-2.8167397976e+00
-5.9839982986e+00
-4.1144709587e+00
2.1235163510e-01
5.0880086422e-01
3.3382588625e-01
2.9135128856e-01
-1.2529094517e-01
6.7720437050e-01
-2.2660847753e-02
-1.1046381295e-01
-6.5833038092e-01
9.5884323120e-01
2.6238080859e-01
-1.5653033555e-01
-8.9804154634e-01
-6.1648571491e-01
-2.6228407025e-01
3.0601969361e-01
5.2474236488e-01
4.1097022593e-02
8.5235589743e-01
1.3783960342e+00
4.3857377768e-01
3.6095881462e-01
7.0598810911e-01
8.7223541737e-01
3.8249063492e-01
-3.8105895519e+00
-3.0898308754e+00
-2.3365621567e+00
-6.8595045805e-01
9.9596822262e-01
-2.9205188751e+00
-5.3206127882e-01
2.4561610818e-01
9.0120154619e-01
1.2204476595e+00
-4.9597689509e-01
-7.0740717649e-01
-1.3366841078e+00
-1.6073555946e+00
-1.9120891094e+00
5.5301421881e-01
8.4975969791e-01
6.2135779858e-01
-4.4106820226e-01
-1.2702219486e+00
-1.6583821774e+00
-1.4509272575e+00
-1.5002887249e+00
-1.6777004302e-01
1.5723991394e+00
1.1141791344e+00
1.1355766058e+00
9.8476245999e-02
-3.4788039327e-01
-5.8630141430e-03
2.4297482967e+00
3.3716583252e+00
2.0940489769e+00
1.5686192513e+00
-2.6889553666e-01
-6.6662830114e-01
2.2989876568e-01
-1.1502857208e+00
-6.5082114935e-01
-2.0975122452e+00
1.3379520178e+00
4.9062642455e-01
-3.6578559875e-01
-1.1459778547e+00
-1.5500123501e+00
-1.5634002686e+00
-2.2758378983e+00
-1.3830246925e+00
-1.3729804754e+00
-1.7883038521e+00
1.7186543941e+00
2.1582506597e-02
-1.3545714617e+00
5.4470556974e-01
4.8865339160e-01
-9.8300123215e-01
4.2775180936e-01
7.3297435045e-01
2.2299595177e-01
-1.3983916044e+00
1.4928432703e+00
4.9132350087e-01
3.3225148916e-01
-2.9938086867e-01
5.0979495049e-02
1.1347296238e+00
-2.2884020805e+00
-3.1721508503e+00
-3.0384147167e+00
-4.4624300003e+00
-8.1007361412e-01
-3.7361354828e+00
-4.1889095306e+00
-1.7455654144e+00
-1.6949502230e+00
-1.2261095457e-02
1.2835130692e+00
3.5140339285e-02
5.0159955025e-01
1.0664796829e+00
1.7675933838e+00
7.8650820255e-01
6.9219732285e-01
1.7003836632e+00
1.5916155577e+00
1.6166231632e+00
1.4466323853e+00
9.3043631315e-01
7.9131031036e-01
1.4734808207e+00
1.6736979783e-01
5.9761905670e-01
-2.1385104954e-01
1.2486729026e-01
-1.8077416718e-01
-2.5675350800e-02
-1.3743521273e-01
2.5214940310e-01
5.3365975618e-02
-1.3440284729e+00
-8.9453673363e-01
-1.0726356506e-01
-6.2400710583e-01
-1.0799775124e+00
-7.4966900051e-02
5.4371720552e-01
3.2471183687e-02
3.6616346240e-01
1.6497586966e+00
2.7070727348e+00
4.3546864390e-01
1.1298039556e-01
3.0047323089e-03
3.3272495866e-01
9.2439306900e-03
2.2015190125e+00
2.5375578403e+00
1.3283549547e+00
-1.2727399170e-01
1.0170795918e+00
-1.2727148533e+00
-2.3966813087e+00
-2.5788428783e+00
-1.1589910984e+00
-2.0695536137e+00
-1.1553602219e+00
-1.4844008684e+00
-1.4186438918e-01
-5.3060603142e-01
-5.5653882027e-01
-1.6197752953e+00
-6.3193094730e-01
1.4607299566e+00
2.4783649445e+00
1.2816004753e+00
2.2621395588e+00
6.6409081221e-01
2.3906616867e-01
2.1533854306e-01
-1.7007429600e+00
-4.9784031510e-01
-1.0965393484e-01
2.5122061372e-01
-5.2645659447e-01
-8.6739188433e-01
3.9962923527e-01
-5.0392150879e-01
5.7710313797e-01
8.2006800175e-01
1.9095720053e+00
-2.1481444836e+00
-2.7886230946e+00
-2.5311114788e+00
1.1155486107e+00
1.6527940035e+00
-1.0636087656e+00
-5.7879275084e-01
-2.3057079315e+00
-1.3710319996e+00
-8.6486943066e-02
7.1190226078e-01
-8.1597155333e-01
-1.9804345369e+00
9.0716427565e-01
-1.1298410892e+00
2.9279786348e-01
6.3245922327e-02
1.6168192029e-01
-6.2779653072e-01
-5.2856236696e-01
-1.0612189025e-01
-3.2508769035e+00
-5.0305805206e+00
-4.0141668320e+00
-6.0804963112e+00
-1.9756489992e+00
-3.4915218353e+00
-4.2256965637e+00
-2.9837810993e+00
-3.1948568821e+00
-1.0717588663e+00
-8.1500887871e-01
4.4561359286e-01
2.6024290919e-01
-1.1997459084e-01
2.8171417117e-01
2.2156089544e-01
1.5383379459e+00
1.0988554955e+00
7.7324521542e-01
-2.3134253025e+00
-4.0561456680e+00
-5.9737715721e+00
-2.6834673882e+00
7.7370887995e-01
1.5904258490e+00
4.1558089256e+00
2.3775730133e+00
1.2085065842e+00
1.8884109259e+00
1.7762241364e+00
2.7981193066e+00
1.6875694990e+00
6.1458748579e-01
1.1308765411e+00
-9.5691448450e-01
-4.6582591534e-01
3.6219510436e-01
-6.1379623413e-01
-1.3885713816e+00
5.9382802248e-01
9.2607945204e-02
-1.3150419295e-01
-7.6818883419e-01
-2.9556558132e+00
1.6841934919e+00
4.3603432178e-01
1.1670883894e+00
1.3718214035e+00
1.1398931742e+00
-1.2040153742e+00
1.7348529398e-01
-2.2627286613e-01
-2.0889969170e-01
-8.2734602690e-01
3.8909897208e-01
-4.8131448030e-01
-1.1155118942e+00
-2.5171015263e+00
-4.0326561928e+00
8.8667999953e-03
-1.8837146461e-01
-1.4279629290e-01
-1.4874757826e-01
-9.9500691891e-01
1.0223056078e+00
-5.7955151796e-01
-3.0239107609e+00
4.7511723638e-01
3.2792787552e+00
2.0428140163e+00
8.7336796522e-01
9.9139165878e-01
1.2035297155e+00
1.8496214151e+00
2.8144010901e-01
1.3007706404e-01
9.5909494162e-01
-7.8491359949e-01
-7.6396334171e-01
-1.4717278481e+00
-2.3291785717e+00
-3.3287060261e+00
-1.5789725780e+00
-1.0150194168e+00
3.2612075806e+00
3.7040343285e+00
1.0696104765e+00
1.8967040777e+00
-9.9526846409e-01
-1.0305734724e-01
-6.1101037264e-01
3.2024767995e-01
1.4279080927e-01
8.0628412962e-01
5.6552523375e-01
1.1096448898e+00
2.9901465774e-01
1.2305001169e-01
-5.8735644817e-01
6.1815899611e-01
-4.8615971208e-01
5.9328323603e-01
4.9698558450e-01
-5.3362280130e-01
1.1220831871e+00
9.9306750298e-01
1.2358952761e+00
1.3873025179e+00
1.6280800104e+00
3.4932154417e-01
-5.1002025604e-01
4.8587852716e-01
-4.9107658863e-01
-2.4730116129e-01
2.8104996681e+00
2.2423794270e+00
5.6114250422e-01
1.0940736532e+00
-9.2464625835e-01
-1.1266165972e+00
-3.7927088141e-01
-1.2140513957e-01
-2.1628163755e-02
3.1817689538e-01
3.7058255076e-01
3.5382652283e-01
1.6827726364e+00
1.1460113525e+00
6.8891488016e-02
9.0132659674e-01
4.2858287692e-01
3.6910388619e-02
9.2909550667e-01
8.9802724123e-01
1.6167142391e+00
1.7163378000e+00
8.2496482134e-01
-7.3386025429e-01
5.6408945471e-02
4.7387257218e-01
-3.1810441613e-01
-1.2950103283e+00
-7.2372293472e-01
-7.9049807787e-01
-1.2593741715e-01
9.0797442198e-01
-2.3637160659e-01
-2.0697317123e+00
-2.0619616508e+00
-4.6068602800e-01
-3.5434511304e-01
-1.2082257271e+00
-1.3243328333e+00
-2.5718007088e+00
1.2996180058e+00
2.9575258493e-01
-8.4636360407e-01
-4.2134997249e-01
-1.0319715738e+00
-5.9446328878e-01
-5.1716995239e-01
1.8233017623e-01
1.9402236938e+00
1.6435490847e+00
-1.0578240156e+00
-1.3064703345e-01
-4.0320160985e-01
2.7159658074e-01
-1.2453237772e+00
1.3973923028e-01
8.6152690649e-01
-2.1082264185e-01
-4.1014578938e-01
-1.8423537016e+00
1.1563856602e+00
1.0322252512e+00
7.2556686401e-01
-1.0961148888e-01
-9.2755335569e-01
-3.3267138004e+00
-4.8084707260e+00
-5.7251653671e+00
-4.2589659691e+00
-2.5482525826e+00
9.3122899532e-01
3.2394081354e-01
3.3881744742e-01
-2.8274860978e-01
-3.2212382555e-01
1.3562464714e-01
-9.6443688869e-01
-1.2459583282e+00
1.3971222639e+00
2.2512609959e+00
3.2943341136e-01
3.4500397742e-02
-1.5603798628e+00
-4.7072160244e-01
-1.0670527220e+00
-2.4712426662e+00
8.7246561050e-01
1.6768419743e+00
3.2011528015e+00
1.7479336262e-01
4.0961667895e-02
7.9891508818e-01
6.6502004862e-01
8.7484814227e-02
-8.5394006968e-01
-3.2526650429e+00
-5.8728039265e-01
3.7569040060e-01
-6.9923365116e-01
5.6385809183e-01
-2.7774879336e-01
-2.9440864921e-01
-1.3189837933e+00
-1.5835746527e+00
-3.3099153638e-01
-6.2101256847e-01
-2.0596227646e+00
-2.1284489632e+00
-2.1634345055e+00
-1.6456420422e+00
-1.4023498297e+00
-7.7639657259e-01
5.4042923450e-01
1.2619779110e+00
-6.2977141142e-01
-3.1302953139e-03
9.0954095125e-01
-9.7555145621e-02
6.1985826492e-01
-3.3566412330e-01
4.1347819567e-01
1.1225190163e+00
2.4216277599e+00
3.9555001259e+00
3.9836654663e+00
-1.9787600040e+00
-1.4517884254e+00
-1.8517258167e+00
-3.0840828419e+00
-1.4638093710e+00
-3.1628999710e+00
-9.6131229401e-01
-1.1099172831e+00
1.0982106924e+00
1.8136297464e+00
-5.5181288719e+00
-5.4899754524e+00
-3.3607153893e+00
-4.0442905426e+00
-4.4488806725e+00
-5.8554625511e-01
-2.7486531734e+00
-2.8150014877e+00
-3.5843820572e+00
-3.4669482708e+00
1.2070685625e+00
1.0271128416e+00
1.2099822760e+00
1.3464957476e+00
1.3548306227e+00
-2.8041560650e+00
-3.4819543362e+00
-2.0753819942e+00
-1.7749868631e+00
-4.3257374763e+00
-1.7884262800e+00
-9.1332566738e-01
-1.5302352905e+00
-2.3314213753e+00
-2.4145555496e+00
1.5012674332e+00
4.6017515659e-01
-3.0616650358e-02
1.1949802637e+00
1.8083263636e+00
-3.0621566772e+00
-4.0483179092e+00
-4.8828811646e+00
-4.4966015816e+00
-2.8264458179e+00
2.1353893280e+00
1.2374641895e+00
5.6182551384e-01
-1.2814156711e-01
-1.5642287731e+00
-7.7543240786e-01
1.1463432014e-01
-3.6371111870e-01
-1.1017335653e+00
-1.6326571703e+00
6.3768959045e-01
-1.6345698386e-02
-3.2434579730e-01
-5.7578289509e-01
-6.5147447586e-01
1.5071513653e+00
1.3559226990e+00
1.3119270802e+00
-1.4577768743e-01
6.8405859172e-02
1.6947466135e+00
-8.1558421254e-02
-1.2613381445e-01
-7.9325802624e-02
-1.2941946983e+00
-3.3623385429e+00
-1.7616506815e+00
-3.4010472298e+00
-1.9023149014e+00
-2.3018054962e+00
6.3671207428e-01
5.9411793947e-01
3.1041330099e-01
-1.0975187272e-01
1.1582894623e-01
8.8985554874e-02
-3.2350698113e-01
-1.6341143847e+00
-2.5452852249e+00
-2.5765883923e+00
4.8234891146e-02
-1.0179783106e+00
-1.1899100542e+00
-8.4006232023e-01
-2.4047036171e+00
3.2627731562e-01
-1.0925987959e+00
-1.1776945591e+00
1.7664196491e+00
2.1750054359e+00
-1.3338228688e-02
1.2002507448e+00
-2.0968328416e-01
1.0316604376e+00
4.3972894549e-01
1.7664598227e+00
4.4314256310e-01
-1.9331018925e+00
-2.8362867832e+00
-3.3980975151e+00
-5.6829094887e+00
-3.9414472580e+00
-1.3827879429e+00
-2.7105040550e+00
-2.3830354214e+00
-3.6322720051e+00
-5.7241287231e+00
-2.9006836414e+00
-2.5378558636e+00
-3.6863045692e+00
1.4556739330e+00
6.6080892086e-01
-1.1285309792e+00
3.2249250412e+00
3.5211917758e-01
5.8332490921e-01
-1.1282564402e+00
-1.6228696108e+00
-2.9425182343e+00
-3.6342022419e+00
1.4945402145e+00
2.2875456810e+00
2.8409755230e+00
2.6867051125e+00
2.3494529724e+00
-1.2232191563e+00
-2.8778941631e+00
-2.2097307444e-01
-1.7811304331e+00
-1.9196234941e+00
1.4773104191e+00
1.3860235922e-02
-1.0562361479e+00
-6.6744852066e-01
5.0738699734e-02
3.9653688669e-01
-4.5348107815e-01
4.8521104455e-01
1.0310446024e+00
8.9790654182e-01
-2.2779449821e-02
-3.1459834576e+00
-6.2898201942e+00
-4.7320098877e+00
-3.2144482136e+00
1.5027767420e-01
1.0902587175e+00
1.4654296637e+00
3.2445466518e+00
3.4472241402e+00
-3.5092499852e-01
-5.2043908834e-01
-6.5197849274e-01
-7.1012002230e-01
4.5271214843e-01
1.4715853333e-01
1.4550436735e+00
1.2521444559e+00
-1.7904133797e+00
-9.2843163013e-01
1.4839231968e+00
1.0968596935e+00
-1.9454426765e+00
-4.1264888644e-01
4.7454622388e-01
1.2393555641e+00
9.4482827187e-01
1.4058332443e+00
1.1336913109e+00
1.2557794154e-01
-9.4257557392e-01
1.1926189810e-01
1.0696467161e+00
1.8361279368e-01
1.2990224361e+00
-2.2728021145e+00
-3.3517971039e+00
-2.0459666252e+00
-2.8030364513e+00
-3.8353755474e+00
-6.2134140730e-01
-2.5679168105e-01
-2.4602580070e-01
6.8298733234e-01
5.6000387669e-01
9.7641420364e-01
-5.6221628189e-01
-5.9508574009e-01
1.2181169987e+00
1.1436907053e+00
-1.4946279526e+00
1.6716272831e+00
-5.2660061046e-03
-5.6597608328e-01
-2.9458601475e+00
-1.4003610611e-01
-3.4709703177e-02
-2.2771503031e-01
-2.3185536265e-03
5.8224737644e-01
-3.5420662165e-01
2.8533782810e-02
5.8551585674e-01
4.6034044027e-01
5.3487241268e-01
-1.7907018661e+00
-2.1221842766e+00
-2.9196135998e+00
-4.4395785332e+00
-3.2883708477e+00
-7.9326790571e-01
-6.5365338326e-01
-3.0335525051e-02
-1.8916310072e+00
-2.0801167488e+00
8.5046671331e-02
-9.2255693674e-01
-1.3684062660e-01
-6.5973544121e-01
6.1144810915e-01
1.3122658730e+00
-1.3257318735e+00
-2.3491079807e+00
-1.4876315594e+00
-5.5965911597e-02
1.3944612741e+00
8.7744712830e-01
-1.4244985580e-01
5.8920994401e-02
5.2642339468e-01
-3.3569049835e+00
-3.0314574242e+00
-1.0851281881e+00
2.1986050606e+00
1.2229638100e+00
5.6298589706e-01
3.8308626413e-01
-1.7708884478e+00
-1.5041810274e+00
-1.9460467100e+00
-4.0743067861e-02
1.8417634070e-01
-3.4133064747e-01
-3.0167269707e-01
4.5358157158e-01
1.7939678431e+00
2.8062014580e+00
1.8339489698e+00
2.3819870949e+00
2.0984690189e+00
1.5527949333e+00
2.0572037697e+00
8.3011931181e-01
1.2355648279e+00
1.7552691698e-01
-2.9620103836e+00
-2.9814586639e+00
-1.3815792799e+00
3.9409615993e+00
1.8021037579e+00
-1.1352113448e-02
-7.9779523611e-01
-1.7824776173e+00
-2.1616861224e-01
-4.8137012124e-01
2.1780393124e+00
8.3917707205e-01
-1.3767144680e+00
-2.4251022935e-01
3.4937906265e+00
-7.1284539998e-02
5.1889455318e-01
1.3665358722e-01
-1.2234681845e+00
-1.0909186602e+00
2.0190639496e+00
3.1647691727e+00
1.4660106897e+00
3.0702781677e+00
3.1040284634e+00
-1.9043132067e+00
-3.1132013798e+00
-1.4634088278e+00
1.3353785276e+00
3.3922919631e-01
1.7711924016e-01
4.5453760773e-02
-1.0921791941e-01
-1.0219876766e+00
-7.7376329899e-01
-3.9442298412e+00
-2.0326917171e+00
-1.5425580740e+00
1.8049494922e-01
9.8896551132e-01
-1.4537434578e+00
-2.5233635902e+00
-2.1984183788e+00
1.4187712967e-01
-1.2232201099e+00
-1.7869528532e+00
-1.1426607370e+00
-1.1290911436e+00
-1.0271061659e+00
-1.9291977882e+00
-2.9888200760e-01
-1.4382278919e+00
-8.2461678982e-01
-5.0295650959e-01
7.0895820856e-02
1.7240539789e+00
1.0209477693e-01
-1.0505647659e+00
-1.7674028873e+00
-3.2821156979e+00
-1.2445844412e+00
-8.2283806801e-01
1.1134274006e+00
5.4139077663e-02
-1.0329194069e+00
-1.2982672453e+00
9.0587699413e-01
-9.0958654881e-02
7.9510146379e-01
1.6593059897e-01
-1.4329347610e+00
-1.3531845808e+00
-1.1681442261e+00
1.4841639996e-01
-7.5164932013e-01
-8.4355872869e-01
-1.5092664957e+00
-4.6710661054e-01
1.8118460178e+00
-1.8307325840e+00
1.1076325178e+00
1.1802192926e+00
6.0834836960e-01
4.7244259715e-01
1.5382006168e+00
-1.2684020996e+00
-3.1902933121e-01
-5.8508002758e-01
1.2214488983e+00
1.0282765627e+00
-1.9252630472e+00
-5.1717936993e-01
-1.0413621664e+00
-1.6362587214e+00
-1.6177887917e+00
6.9722396135e-01
1.2440311909e+00
-5.2962627262e-02
4.0092143416e-01
5.8704400063e-01
1.4636635780e-01
-8.5927855968e-01
1.7391967773e+00
1.9856288433e+00
-8.7968401611e-02
-4.6154186130e-01
-1.1543492228e-01
-9.0986520052e-01
-1.5018689632e+00
-1.3629770279e-01
-1.3244892359e+00
-2.2327639163e-01
-5.9282124043e-02
-1.9274953008e-01
-5.6189584732e-01
2.1865913868e+00
2.0875976086e+00
7.4189168215e-01
1.2500429153e-01
-6.0964530706e-01
-1.0329337120e+00
-4.2597794533e+00
-3.4713776112e+00
-2.0030770302e+00
-2.2657804489e+00
5.3950767964e-02
9.5157259703e-01
5.4523706436e-01
8.0351501703e-01
1.4472410083e-01
-4.7960481644e+00
-3.1361532211e+00
-8.7977707386e-01
-4.8552334309e-01
3.1896862388e-01
-2.2736103535e+00
-1.3513208628e+00
-1.3603699207e+00
-4.4865503907e-01
4.6090936661e-01
-2.6594555378e-01
1.2701574564e+00
1.5892170668e+00
2.1478800774e+00
1.2885365486e+00
-6.9595539570e-01
-3.9477849007e+00
-2.9737534523e+00
-1.6907749176e+00
-1.9260528088e+00
-3.3191788942e-02
-2.6030963659e-01
2.9310241342e-02
9.7880333662e-01
-1.2823586464e+00
-2.8344564438e+00
-5.4209232330e-01
9.3706405163e-01
1.1792395115e+00
8.7716078758e-01
-2.1560802460e+00
1.1631535739e-01
8.0089956522e-01
1.4951702356e+00
-4.1209537536e-02
-2.8975453377e+00
-2.3869695663e+00
-2.9469554424e+00
-1.3645555973e+00
-2.3502707481e+00
-4.6732683182e+00
-4.1403169632e+00
-2.7655966282e+00
7.7289712429e-01
-1.2265397310e+00
-2.7171301842e+00
-2.4606221914e-01
-2.3278992176e+00
1.3891752958e+00
-1.0336390138e-01
2.5729787350e+00
1.3415721655e+00
-7.5819855928e-01
-1.0312538147e+00
-2.4545526505e+00
-2.1147377491e+00
-1.6678924561e+00
-1.9181134701e+00
-2.7864749432e+00
-3.0240044594e+00
-9.5246303082e-01
-2.4792678356e+00
-2.1702616215e+00
-1.2400799990e+00
-2.9379241467e+00
2.9459962845e+00
1.7565852404e+00
-7.2663456202e-01
-1.0267342329e+00
-5.4516935349e-01
-3.4714892507e-01
4.3023550510e-01
3.0071604252e-01
-4.1902261972e-01
-5.4919248819e-01
7.8102761507e-01
3.2721453905e-01
-1.1657489538e+00
4.7385730743e+00
1.5196344256e-01
5.5895870924e-01
-2.0742044449e+00
8.6468005180e-01
-1.1268990040e+00
-1.8208148479e+00
-3.7577676773e+00
-1.2298460007e+00
-1.1435070038e+00
8.5637497902e-01
3.2425563335e+00
-1.2156069279e+00
3.7944426537e+00
2.3373587132e+00
2.3574044704e+00
-1.2478018999e+00
3.1518620253e-01
2.0575411618e-01
4.7539144754e-01
6.9265419245e-01
2.6178321242e-01
-1.0533245280e-02
4.8731836677e-01
-2.6200896502e-01
-7.2176676989e-01
-1.2046394348e+00
-2.4023640156e-01
6.7630004883e-01
1.0026769638e+00
6.8447101116e-01
-1.0136613846e+00
-2.8290154934e+00
-2.0768373013e+00
-1.4338082075e+00
1.9269125462e+00
2.5664811134e+00
-6.1795836687e-01
-5.6388825178e-01
-4.8141384125e-01
-1.1458691359e+00
-1.4701075554e+00
1.9097965956e-01
1.5596143901e-01
-1.5079811811e+00
-2.8309099674e+00
-1.6710925102e+00
-2.9357814789e+00
-2.3930826187e+00
-2.2011475563e+00
-1.5322846174e+00
-3.0925723910e-01
-8.4921526909e-01
-7.7288508415e-01
-9.8316892982e-02
1.5363572538e-01
1.5617016554e+00
1.4441889524e+00
6.1168903112e-01
-8.8187545538e-02
-3.0033850670e+00
-1.0757722855e+00
-2.4131472111e+00
-2.4655554295e+00
-4.2807427049e-01
4.0420335531e-01
-8.1451874971e-01
7.6055908203e-01
6.5314650536e-01
-1.1373906136e+00
-1.7002383471e+00
-1.8818427324e+00
-5.4782819748e-01
-4.1245335340e-01
4.3022310734e-01
7.6630890369e-01
9.0851461887e-01
6.0122257471e-01
5.6660145521e-01
-9.7788089514e-01
-1.5815306902e+00
-1.1311697960e+00
1.3962945938e+00
-5.1220935583e-01
1.7544227839e-01
-6.6295313835e-01
-1.2628937960e+00
-3.8462238312e+00
-4.0565643311e+00
-2.5430214405e+00
2.0978801250e+00
2.2950398922e+00
-2.5798065662e+00
-3.3163709641e+00
-5.6663906574e-01
-2.0154063404e-01
-4.0614223480e-01
5.3206194192e-02
-2.0130205154e-01
-7.6019418240e-01
-8.5140985250e-01
5.7876205444e-01
-2.1800329685e+00
1.7375865579e-01
1.5361659229e-01
2.6205265522e+00
4.6754331589e+00
-1.4019917250e+00
-8.3244484663e-01
-5.0464820862e-01
-2.9680839181e-01
2.7877474204e-02
6.3368874788e-01
2.1137118340e+00
1.2152793407e+00
1.4215990305e+00
-1.5517812967e-01
-1.6765030622e+00
-2.4697711468e+00
-2.1439921856e+00
-1.8543560505e+00
-9.0793424845e-01
3.4622764587e+00
2.4642782211e+00
2.5297808647e-01
-8.5515224934e-01
-6.8877971172e-01
-1.0224547386e+00
-3.5192951560e-01
7.9652346671e-02
1.3834986687e+00
2.4211573601e+00
2.0489645004e+00
2.6572256088e+00
2.6170272827e+00
2.5729997158e+00
3.4257764816e+00
-2.7855408192e-01
-8.1170982122e-01
-8.4879630804e-01
-2.2142358124e-01
1.0955418348e+00
1.2554340363e+00
1.5321480036e+00
9.4420498610e-01
2.1103508472e+00
3.0759179592e+00
-3.0929788947e-01
8.6291745305e-02
7.9851103947e-03
6.6424876451e-01
9.1185659170e-01
7.0245824754e-02
7.4689936638e-01
2.7908432484e-01
1.0228793621e+00
5.6876152754e-01
3.7289317697e-03
9.8768126965e-01
1.2517743111e+00
2.4514289200e-01
-5.9648805857e-01
-4.4600288384e-03
-1.2537666559e+00
-1.6453849077e+00
-1.0138261318e+00
-3.7380814552e-01
-1.0688982010e+00
-3.0504149199e-01
7.9244606197e-02
-1.6107223928e-01
-6.3031911850e-01
6.2606143951e-01
1.6953613758e+00
2.5771050453e+00
3.2673921585e+00
3.6129145622e+00
5.8699840307e-01
3.7360063195e-01
-3.4440985322e-01
-1.3551265001e-01
-1.4762187004e+00
8.2390302420e-01
1.3627390862e+00
6.7889165878e-01
5.8520072699e-01
4.6920216084e-01
2.2255415916e+00
2.7079606056e+00
2.5573477745e+00
2.6602325439e+00
1.9321459532e+00
-2.9410645962e+00
-3.0152575970e+00
-2.9192848206e+00
-3.0635738373e+00
-3.0043323040e+00
-1.1552804708e+00
3.8521012664e-01
5.2641361952e-01
1.3676005602e+00
1.8664302826e+00
-2.8468826786e-02
-9.9530607462e-01
-1.5893579721e+00
1.3436251879e+00
2.5336718559e+00
-3.3100864291e-01
-3.7133961916e-01
-1.0697593689e+00
-1.5608294010e+00
-3.2461757660e+00
-5.4959827662e-01
-1.9884386063e+00
-1.2180731297e+00
-5.3085041046e-01
5.0047319382e-02
-7.2955107689e-01
2.1429259777e+00
-3.8007718325e-01
1.3914103508e+00
2.2794978619e+00
-4.3843638897e-01
-1.0152587891e+00
-1.1658552885e+00
-2.8521487713e+00
-2.7804481983e+00
-8.8176530600e-01
1.1863764375e-01
-3.1046652794e-01
-1.5294238925e-01
-3.2046902180e-01
-3.3823564649e-01
-1.0469236374e+00
-3.2635745406e-01
6.3520419598e-01
1.3249490261e+00
-2.2952818871e+00
-2.2394094467e+00
-2.5874049664e+00
-2.3513269424e+00
-1.3005490303e+00
-1.5403959751e+00
-1.3907792568e+00
-7.1134865284e-01
4.3199080229e-01
1.6556688547e+00
8.7465059757e-01
3.4337460995e-01
1.0481479578e-02
-4.5127838850e-01
-9.9725133181e-01
6.8884593248e-01
-6.5093696117e-01
-1.6345877647e+00
-1.5696011782e+00
-9.9731004238e-01
-1.6074948013e-01
2.5538939238e-01
-3.3278253675e-01
-4.9962320924e-01
-9.5991092920e-01
-5.1988554001e-01
1.5725813806e-01
1.0816355795e-01
-3.2374176383e-01
-1.1383800507e+00
3.9417240024e-01
-3.6827102304e-01
-1.1357398033e+00
-5.7902216911e-01
1.3084180653e-01
-9.1546612978e-01
-1.6281934083e-01
5.0269907713e-01
2.3788478374e+00
5.9167819023e+00
-1.1676831245e+00
-4.1826449335e-02
-9.2618145049e-02
5.1810365915e-01
-6.9211769104e-01
-1.0111784935e+00
4.1603034735e-01
4.3036300689e-02
8.1122606993e-01
3.3136567473e-01
-4.8516494036e-01
3.1622600555e-01
9.0425677598e-02
1.0632973164e-01
-1.0573141575e+00
-6.2634348869e-01
-4.3888571858e-01
-1.9675692916e-01
9.2971730232e-01
-9.5600470901e-02
1.2140412331e+00
1.3774682283e+00
2.1512062550e+00
2.1574282646e+00
1.7628660202e+00
-1.1507370472e+00
3.1240487099e-01
5.2391332388e-01
6.4152926207e-01
2.3314191401e-01
-1.5733720064e+00
-7.0078504086e-01
-6.9058224559e-02
-2.3223064840e-01
5.9943068027e-01
-3.8200560212e-01
-5.9063935280e-01
-8.4732502699e-01
-5.1446676254e-01
-3.2435026765e-01
2.1146323681e+00
1.6663293839e+00
-3.8555827737e-01
-8.4920603037e-01
2.5987992063e-02
1.1952236891e+00
2.1025960445e+00
1.6122508049e+00
1.1559993029e+00
1.0464057922e+00
-1.9173871279e+00
-1.9923450947e+00
-2.3953869343e+00
-2.2016258240e+00
-3.1645009518e+00
-1.9118468761e+00
-2.3472659290e-01
-2.5210177898e-01
1.1443691254e+00
1.2530875206e-01
-2.8485205770e-01
5.9006023407e-01
5.0430011749e-01
5.3890383244e-01
1.1971617937e+00
-9.6830278635e-01
-7.0933282375e-01
-5.0331240892e-01
-1.4428640902e-01
-1.9262783229e-01
-1.0779613256e-01
-2.7179658413e-01
-2.2530435026e-01
2.2130679339e-02
-4.4323885441e-01
5.6786581874e-02
5.1657166332e-02
-1.8236117065e-01
-1.3430206478e-01
-4.3172973394e-01
2.1731910706e+00
2.2510824203e+00
2.2562177181e+00
1.5196000338e+00
1.7359532416e-01
-3.6067837477e-01
-4.3873068690e-01
-9.0698730946e-01
-9.2782896757e-01
-1.5909191370e+00
3.7765890360e-01
1.0483158827e+00
-8.1420338154e-01
2.4602676928e-01
7.9067689180e-01
-4.2411211133e-01
-1.8186399713e-02
-8.1900440156e-02
-1.4200873673e-02
-2.9255235195e-01
3.1933317184e+00
4.9336305261e-01
-1.1944372654e+00
-1.7006294727e+00
-1.9252350330e+00
1.0262022018e+00
-5.4978698492e-01
-1.8330925703e+00
-1.1228886843e+00
-2.3319394886e-01
-7.1769768000e-01
-1.1825685203e-01
-2.6202544570e-01
-3.0809566379e-01
-1.1579939164e-02
-7.4349924922e-02
5.4289116524e-03
-3.4194663167e-01
-9.2456799746e-01
-1.0382931232e+00
-7.8682112694e-01
-7.1072918177e-01
-7.5890755653e-01
5.3587782383e-01
-5.5898296833e-01
7.3389850557e-02
1.5106901526e-01
-5.3688351065e-02
-6.0288000107e-01
-9.3429499865e-01
2.9904658794e+00
1.9845377207e+00
1.9168682396e-01
-1.3978764415e-01
-7.7848637104e-01
-3.1745364666e+00
-2.7576875687e+00
-2.6823663712e+00
-2.8595261574e+00
-2.7287654877e+00
3.4078025818e-01
-6.7083247006e-02
-2.7001225948e-01
-5.1170103252e-02
-1.4078128338e+00
-6.9202876091e-01
-1.8198373318e+00
-1.3957388401e+00
-2.5645997524e+00
-1.5972217321e+00
9.7869509459e-01
6.1101973057e-01
4.4249969721e-01
-8.0482059717e-01
-8.6292642355e-01
-4.0163693428e+00
-1.1118649244e+00
5.3562980890e-01
-1.6325676441e+00
4.5429214835e-01
-8.3634293079e-01
-3.3629694581e-01
-4.5456084609e-01
-6.2584334612e-01
-1.6508901119e+00
-8.4197342396e-01
-2.4330806732e+00
2.0862219334e+00
3.9674029350e+00
2.2622256279e+00
5.7606464624e-01
-5.0787478685e-01
-1.8630479574e+00
-1.9815722704e+00
-1.2708659172e+00
1.0362727642e+00
4.4080820084e+00
3.0526759624e+00
-8.1396496296e-01
2.3161993027e+00
-1.8423838615e+00
9.2939466238e-01
2.7797870636e+00
2.8612945080e+00
5.4346078634e-01
8.0401861668e-01
2.5732165575e-01
-6.1318677664e-01
1.6170834005e-01
7.4823534489e-01
-2.6358041167e-01
4.5880291611e-02
-3.4080350399e-01
-1.3775797188e-01
-4.2295482755e-01
-1.0721912384e+00
-1.7153826952e+00
-4.3176797032e-01
-1.6577945948e+00
-2.5574483871e+00
-4.3711533546e+00
-4.5288939476e+00
-2.8675272465e+00
-5.1017236710e+00
-2.0319356918e+00
1.6144583225e+00
8.1231021881e-01
-4.7743943334e-01
-8.6962431669e-01
-1.0703115165e-01
-9.4080579281e-01
-6.7524462938e-01
-9.2797273397e-01
-3.0624744892e+00
-1.0301539898e+00
-5.5767965317e-01
2.6670929790e-01
7.6885260642e-02
-1.1438902617e+00
2.3062373698e-01
-3.1396889687e+00
-3.9973855019e+00
-3.2982262969e-01
-2.3463315964e+00
-1.1393109560e+00
-2.7892296314e+00
-6.7668336630e-01
-1.1819198728e-01
1.0702612400e+00
-3.7352049351e-01
-1.5425071716e+00
9.5610779524e-01
2.4296247959e-01
-2.0835673809e+00
-2.3051514626e+00
1.5217047930e+00
1.6069018841e+00
1.5436832905e+00
1.7996643782e+00
1.8643065691e+00
-1.0093696117e+00
1.0938942432e+00
1.5736972094e+00
1.2787476778e+00
-2.2515537739e+00
1.2855701149e-01
-8.3642852306e-01
-2.6436612606e+00
-7.1310787201e+00
-2.2398662567e+00
-3.3552807570e-01
-1.0261718035e+00
-1.6313745975e+00
4.1945853829e-01
9.0757298470e-01
-1.8842372894e+00
-1.8538415432e+00
-1.4927197993e-01
2.8451995850e+00
-3.8052123785e-01
-4.7443369031e-01
2.7789962292e-01
9.0107369423e-01
8.5284523666e-02
-1.0458688736e+00
-2.2557090223e-01
-5.6816995144e-02
1.5679460764e-01
1.7988653481e-01
-5.9626817703e-01
1.2480645180e+00
1.6357529163e+00
1.5733309984e+00
-6.0400810093e-02
5.6238782406e-01
-3.6381249428e+00
-1.2083438784e-01
1.2342360020e+00
1.9695791006e+00
3.0810422897e+00
1.7464277148e-01
-5.3096044064e-01
-8.4669941664e-01
-9.4046872854e-01
3.5980001092e-01
-7.5454694033e-01
-5.3885871172e-01
-3.7821590900e+00
-1.5473382473e+00
-3.0184731483e+00
-1.4574764967e+00
-1.0903263092e+00
4.0673547983e-01
2.7176508307e-01
-6.2620230019e-03
-1.5179629624e-01
-1.2169990540e+00
-4.3094067574e+00
-3.1442463398e+00
-3.1478972435e+00
-1.1936614513e+00
-9.0621626377e-01
-8.4232831001e-01
-1.2173245102e-01
-1.6825014353e+00
-1.0174726248e+00
-4.5076662302e-01
3.1633138657e-01
-4.9621546268e-01
2.1814622879e+00
6.4239931107e-01
5.7768702507e-01
1.9795918837e-02
1.4900348186e+00
5.8039855957e-01
-1.7632487416e-01
-5.6873404980e-01
-2.7638826370e+00
-4.4152116776e+00
-5.0870285034e+00
-3.5156011581e+00
2.0575077832e-01
2.7048051357e+00
-5.9652972221e-01
1.2647505999e+00
-3.7681322098e+00
1.0938460827e+00
1.2699635029e+00
1.0699547529e+00
-7.2429692745e-01
-6.3975840807e-01
-5.2274835110e-01
4.2260882258e-01
5.5131888390e-01
-5.0490550697e-02
-8.2664871216e-01
-2.9060292244e+00
-5.4229750633e+00
-3.2221376896e+00
-4.9678630829e+00
1.5659354925e+00
-1.9763503969e-01
-1.5775628090e+00
-7.4114084244e-01
1.1229159832e+00
-1.2971205711e+00
-1.1798061132e+00
4.8884215951e-01
2.8803589940e-01
2.2741289139e+00
-1.8470011950e+00
-8.1217777729e-01
-6.0378760099e-01
5.9817403555e-01
3.5468876362e-01
6.9284290075e-01
-2.5327080488e-01
-6.9728213549e-01
-8.2256627083e-01
5.8512306213e-01
-2.5188682079e+00
-1.1421972513e+00
-7.3745900393e-01
-5.9380602837e-01
1.3611456156e+00
-3.2207434177e+00
-2.5848209858e+00
-1.3091948032e+00
-3.1073412895e+00
-6.9803106785e-01
-8.6865049601e-01
-1.3224371672e+00
8.9777660370e-01
-1.7265144587e+00
-2.2819383144e+00
-6.2075144053e-01
-3.7664418221e+00
-5.8723769188e+00
-2.8691897392e+00
-2.6723728180e+00
-9.0089374781e-01
-9.8955720663e-01
8.4697788954e-01
5.0225448608e-01
-9.5705014467e-01
1.0962895155e+00
8.2964414358e-01
9.0878683329e-01
-2.9397749901e-01
6.6938215494e-01
-4.8278716207e-01
9.1152727604e-01
6.2418174744e-01
-1.1958335638e+00
-6.4140647650e-01
-1.8740043640e+00
2.4528403282e+00
9.1567844152e-01
3.3942872286e-01
1.6857215762e-01
6.5977823734e-01
1.0942387581e+00
9.0333837271e-01
6.9352346659e-01
8.0191612244e-01
-9.5936977863e-01
-1.4857099056e+00
-1.6414214373e+00
-9.1632264853e-01
-3.7208098173e-01
-8.0683416128e-01
1.0524183512e+00
2.9065015316e+00
5.9972882271e-01
-2.4705696106e+00
3.6792782339e-05
1.5568101406e-01
3.9283829927e-01
4.7551375628e-01
5.0914771855e-02
8.9067631960e-01
-7.9288297892e-01
-2.9479733109e-01
-1.6865830123e-01
2.0685167983e-03
-5.2392873764e+00
-3.9953505993e-01
-2.2286286354e+00
-1.5581734180e+00
-2.0030102730e+00
-1.4849424362e+00
-3.6688861251e-01
1.5569705963e+00
1.5722153187e+00
-7.4598729610e-01
-1.0166186094e+00
-6.5112620592e-01
-9.3033224344e-01
-9.5887041092e-01
-3.4050577879e-01
-1.6267023087e+00
-9.0208590031e-01
-1.5028481483e+00
-2.3986477852e+00
-3.0219686031e+00
1.2096542120e+00
-6.7729157209e-01
-1.6160794497e+00
-1.5011293888e+00
-2.4947524071e+00
-3.8985702991e+00
-1.8770434856e+00
2.6724454761e-01
-7.7102428675e-01
7.3110640049e-01
-2.5889654160e+00
-2.8746694326e-01
-1.2443017960e+00
1.4020808041e-01
-4.7583824396e-01
-1.3759886026e+00
-9.9064409733e-01
-1.2839279175e+00
-9.2945188284e-01
7.9088702798e-02
6.5268260241e-01
8.7870341539e-01
1.0075521469e+00
8.7864732742e-01
5.2167588472e-01
-5.5750268698e-01
-4.9504604936e-01
8.3577651531e-03
2.3496150970e-01
-1.1183994263e-01
-2.3423986137e-01
1.0513266325e+00
1.5737941265e+00
1.4206682444e+00
1.0463086367e+00
-1.2514296770e+00
-9.2511993647e-01
-1.2572994232e+00
-9.1068464518e-01
-5.8111631870e-01
-1.2099162340e+00
-1.2423329353e+00
-5.6454324722e-01
8.8445049524e-01
8.7246608734e-01
1.0088781118e+00
6.9632858038e-01
5.2859234810e-01
9.2997241020e-01
1.1463092566e+00
1.8120030165e+00
2.6821587086e+00
2.5763757229e+00
1.7171943188e+00
3.2713646889e+00
-9.3359166384e-01
-2.9031601548e-01
5.8764135838e-01
1.2522126436e+00
1.6117260456e+00
2.9130961895e+00
3.0322616100e+00
3.0823695660e+00
3.1743071079e+00
2.5056552887e+00
3.3659756184e-01
4.4098526239e-01
4.5900461078e-01
1.1852470636e+00
4.8961779475e-01
-1.3466811180e-01
-1.3376694918e+00
-2.1175358295e+00
-1.8634481430e+00
-5.0846242905e-01
-7.5764691830e-01
1.0741672665e-01
4.9838352203e-01
-8.5130885243e-02
-5.3739625216e-01
5.0463259220e-01
7.1384954453e-01
9.6562796831e-01
1.5209953785e+00
2.0681736469e+00
2.7992415428e-01
8.2158970833e-01
8.4216940403e-01
4.9280405045e-01
4.0534067154e-01
5.4553878307e-01
-2.7451604605e-02
4.8061612993e-02
5.3174186498e-02
8.3328050375e-01
8.8026744127e-01
1.8385028839e+00
8.1006419659e-01
-6.8481051922e-01
-2.0914125443e+00
7.1975755692e-01
1.1500020027e+00
-3.4466966987e-01
3.3070272207e-01
-2.7404984832e-01
9.7976553440e-01
2.1230943203e+00
1.2808028460e+00
1.2247458696e+00
2.4273824692e+00
-3.4976665974e+00
-3.4006981850e+00
-3.2748551369e+00
-3.3561491966e+00
-3.5680999756e+00
-9.6160316467e-01
4.3721601367e-01
1.5709491968e+00
1.9013367891e+00
1.3727564812e+00
1.7582026720e+00
-2.4639618397e-01
-1.8513108492e+00
-2.4509449005e+00
-2.0849885046e-01
6.2431011349e-02
-8.3759403229e-01
-1.2897821665e+00
-1.7239797115e+00
-3.3232274055e+00
-3.3428328037e+00
-2.5494451523e+00
-3.6172916889e+00
-1.5508525372e+00
-1.7771160603e-01
1.3964903355e-01
3.2336285710e-01
-6.6677451134e-01
-4.5249748230e-01
2.0126452446e+00
-4.1352358460e-01
-1.0186679363e+00
-1.4643641710e+00
-2.1559455395e+00
-2.5520610809e+00
-2.0566396415e-01
-2.0488300920e-01
-6.8867079914e-02
-2.1945281327e-01
2.5723582506e-01
1.2897175550e+00
-6.0050219297e-01
-9.1557139158e-01
-5.6745427847e-01
3.2829198837e+00
-1.1559752226e+00
-1.4861056209e-01
-6.6327430308e-02
-5.1483058929e-01
-7.5631272793e-01
1.6835868359e+00
1.0217363834e+00
2.2786157131e+00
3.7779479027e+00
5.1449680328e+00
-3.0733320713e+00
-2.0927295685e+00
-8.5466688871e-01
-3.2662460208e-01
3.9080744982e-01
8.3575052023e-01
-2.8389915824e-01
4.0356386453e-02
-1.0340158939e+00
-1.2843117714e+00
8.4296816587e-01
-2.5326678157e-01
-1.1791019887e-01
-7.0548124611e-02
-4.2969909310e-01
-4.6102818847e-01
2.8548452258e-01
2.8976967931e-01
-2.0798562467e-01
-1.6630368233e+00
-1.4307959080e+00
-1.1258506775e+00
-7.8906136751e-01
-6.9996833801e-01
2.1628689766e-01
1.7578076124e+00
1.5042710304e+00
1.8798662424e+00
2.1696672440e+00
2.5451407433e+00
-9.5790159702e-01
7.9099759459e-02
1.4467791319e+00
4.3649089336e-01
1.1965188980e+00
2.4846996367e-01
1.1803646088e+00
1.4519641399e+00
1.0762062073e+00
1.0308479071e+00
-3.2436051965e-01
-7.7984565496e-01
1.9583986141e-03
5.1169395447e-01
3.5065957904e-01
-1.5587081015e-01
-5.2468055487e-01
-3.1070923805e-01
2.5479829311e-01
1.3448492289e+00
2.0726773739e+00
2.2748484612e+00
2.1764371395e+00
2.4982128143e+00
2.6469311714e+00
-7.4669733644e-02
-2.3987154663e-01
-2.2080233693e-01
-1.3648299873e-01
-4.6092578769e-01
9.1605031490e-01
4.7585633397e-01
-3.8605797291e-01
-5.6036621332e-01
-5.0989067554e-01
1.8488816917e-01
-1.3704155385e-01
2.5878179073e-01
3.3211803436e-01
5.9714931995e-02
-6.1405497789e-01
1.3840178251e+00
3.0702393055e+00
3.9244589210e-01
2.0398187637e+00
7.4367171526e-01
7.9820740223e-01
1.0137846321e-01
-7.5911886990e-02
-4.5965462923e-01
-3.7273602486e+00
-3.1302268505e+00
-1.2059123516e+00
1.7964486778e-01
-1.4602348804e+00
2.5304716825e-01
-1.4233819246e+00
-1.7704143524e+00
-1.7782430649e+00
-1.6673152447e+00
9.8112888634e-02
-1.3446572423e-01
4.2808425426e-01
5.2586436272e-02
2.3102026898e-03
2.4058711529e-01
-1.6429157555e-01
5.5188965052e-02
-3.2963478565e-01
-1.5651568174e+00
-1.6986865997e+00
-8.2978785038e-01
-4.6131530404e-01
-4.8784670234e-01
-8.5887974501e-01
-5.1910925657e-02
7.4723690748e-02
-5.1960617304e-01
-1.2737083435e+00
-7.7914977074e-01
2.3161933422e+00
2.7088639736e+00
2.5074386597e+00
2.2822191715e+00
1.2892335653e+00
-5.7444173098e-01
-7.1138507128e-01
-7.1703143418e-02
-1.0613530874e-02
-3.5417458415e-01
1.9538137317e-01
1.1787564754e+00
7.0304220915e-01
3.8937401772e-01
-1.3717586994e+00
-2.4999496341e-01
5.7214260101e-02
1.9064383209e-01
4.8694646358e-01
-2.1039299667e-01
3.4632140398e-01
-1.7151863873e-01
-5.2965617180e-01
-4.4895341992e-01
-9.1178017855e-01
-5.6211614609e-01
7.2823923826e-01
2.6621963978e+00
9.2144930363e-01
2.3079187870e+00
4.0585839748e-01
4.3666577339e-01
1.7396064103e-01
9.4642907381e-01
4.9999046326e-01
6.8842405081e-01
8.0418622494e-01
2.5318902731e-01
-2.1300859749e-01
-9.9964874983e-01
7.6545298100e-01
2.0279747248e-01
5.6015509367e-01
7.9627579451e-01
4.6389558911e-01
1.5476101637e-01
-2.1681400016e-02
-3.3387482166e-01
-7.7100241184e-01
-1.3810122013e+00
-2.8293213844e+00
-1.0311855078e+00
1.6622711420e+00
8.3943623304e-01
-7.6585598290e-02
-3.6163518429e+00
-3.6618211269e+00
-3.5311787128e+00
-3.6659917831e+00
-3.6079418659e+00
1.3149130344e+00
-2.0425748080e-03
-2.1133372784e+00
5.8961622417e-02
1.3587183952e+00
-2.0434787273e+00
-7.2557264566e-01
-6.1444646120e-01
8.8146448135e-01
2.7807054520e+00
1.0475646257e+00
1.9663958251e-01
-1.3012369871e+00
-4.1415065527e-01
-1.0957101583e+00
2.0893857479e+00
5.1279693842e-01
1.6515223980e+00
-9.0338774025e-02
3.7982168198e+00
-3.5911276937e-01
-1.3064198494e+00
-1.3057622910e+00
-2.8102748394e+00
-7.1245324612e-01
-2.8068282604e+00
-6.8394190073e-01
-1.5627783537e+00
7.3122316599e-01
-2.1182854176e+00
-4.1224133968e-01
1.4380016923e-01
-8.1248360872e-01
7.5420010090e-01
3.0689027905e-01
4.3698677421e-01
-3.8044565916e-01
-9.4703835249e-01
-6.6374295950e-01
1.5636006594e+00
-2.4135837555e+00
-1.4659788609e+00
-2.1057093143e+00
-2.0641767979e+00
-8.0113202333e-01
9.9129861593e-01
7.2344994545e-01
-1.5345284343e-01
-2.7179992199e-01
2.9499349594e+00
1.2134948745e-02
-5.1186114550e-01
-2.2498214245e+00
-3.4086503983e+00
-4.9041333199e+00
-5.8624315262e-01
-7.4446821213e-01
-9.1559869051e-01
-9.0726727247e-01
-3.7852603197e-01
1.1883685589e+00
7.9193311930e-01
2.1561930180e+00
1.5898706913e+00
2.2757921219e+00
2.4757571220e+00
4.0698459744e-01
-1.3651815653e+00
-6.3301563263e-01
1.0290095210e-01
2.8156654835e+00
1.3139533997e+00
6.4140290022e-02
9.1485923529e-01
9.4237750769e-01
7.8721106052e-01
1.3622131944e-01
-8.4217989445e-01
-1.0535485744e+00
-2.2445805371e-01
3.6106317043e+00
3.5544040203e+00
8.1913048029e-01
2.6864722371e-01
-1.3122129440e-01
5.1433330774e-01
1.9159327447e-01
-4.2333269119e-01
1.3601593971e+00
1.5640490055e+00
1.1111505032e+00
9.7396868467e-01
2.7412679195e+00
1.1567370892e+00
3.3785593510e+00
-6.7813026905e-01
-1.3461242914e+00
-1.3146040440e+00
-1.1639546156e+00
-5.7845193148e-01
7.9994344711e-01
1.6689400673e+00
1.7921482325e+00
4.0454673767e+00
3.8510057926e+00
6.0113334656e-01
1.0098357499e-01
-2.3737958074e-01
1.7567861080e-01
5.2296549082e-02
4.6759512275e-02
5.8379739523e-01
6.8556100130e-01
1.8054758012e-01
7.3809373379e-01
2.0907859802e+00
3.9411773682e+00
3.2028043270e+00
2.1033475399e+00
4.6883449554e+00
6.7992776632e-01
-6.7439103127e-01
-1.6632606983e+00
-2.5661768913e+00
-4.6440329552e+00
-1.6005728245e+00
-1.6975959539e+00
-4.8445490003e-01
1.0514146090e+00
1.2822970152e+00
7.1229791641e-01
1.3489133120e+00
3.2763013244e-01
1.1913759708e+00
3.1209787726e-01
5.8299893141e-01
-9.0180647373e-01
-1.0774936676e+00
-6.1457816511e-02
-2.3182120323e+00
-7.8013682365e-01
-1.7782963514e+00
-1.9166330099e+00
-1.5946273804e+00
-9.9600791931e-01
1.5129792690e+00
6.1969554424e-01
2.6485237479e-01
1.6422328949e+00
1.8186450005e+00
-2.7719378471e-01
-9.5871919394e-01
-9.4443553686e-01
-1.5852628648e-01
-2.2659084797e+00
1.2151034176e-01
-1.4191251993e+00
-8.0729514360e-01
1.1625264883e+00
2.7307820320e+00
2.6448912621e+00
2.2740883827e+00
2.5617783070e+00
5.4996174574e-01
8.8492971659e-01
-6.2465244532e-01
2.0195278525e-01
-9.1401292011e-03
2.7943480015e-01
1.3914709091e+00
-4.2684068680e+00
-4.5848460197e+00
-4.7384428978e+00
-1.8401763439e+00
4.1851651669e-01
-2.4380271435e+00
-2.1709167957e+00
-1.4543079138e+00
7.4863815308e-01
2.3946399689e+00
7.4870520830e-01
-8.4096354246e-01
-9.6859157085e-01
-7.7306544781e-01
1.2113844156e+00
1.6714401245e+00
2.0288775861e-01
-4.2977166176e-01
1.3131509535e-02
1.5720540285e+00
-3.4277066588e-01
-1.1188858747e+00
-2.6610724926e+00
-1.8380694389e+00
-3.7840578556e+00
5.4865938425e-01
1.7852339149e-01
-3.7578609586e-01
-2.8918498755e-01
7.1894444525e-02
1.3386406004e-01
-1.3665657043e+00
-1.3505055010e-01
1.3548001051e+00
3.9469233155e-01
4.2720118165e-01
-1.5141830444e+00
-2.1436896324e+00
-2.2959198952e+00
6.5489399433e-01
7.7104816437e+00
3.3568286896e+00
2.6926503181e+00
3.2030699253e+00
2.7141468525e+00
-9.8498052359e-01
-5.1055592299e-01
-5.6590926647e-01
-4.9305266142e-01
-3.3576679230e-01
1.3820480108e+00
3.0587589741e+00
6.0112099648e+00
4.5190868378e+00
2.3908841610e+00
7.2580599785e-01
1.6509163380e+00
1.8022690713e-01
-1.2184722424e+00
-1.8820688725e+00
3.2518286705e+00
2.8822245598e+00
2.1696994305e+00
9.4703799486e-01
-1.1102585793e+00
-1.5808610916e+00
2.8039419651e+00
3.0733170509e+00
3.1929616928e+00
3.9751274586e+00
-8.7268149853e-01
-9.8599922657e-01
-1.6206151247e+00
-7.8239059448e-01
1.3241953850e+00
-3.7522405386e-01
-3.9680281281e-01
-4.1303414106e-01
-1.4458681643e-01
9.0972864628e-01
1.5580109358e+00
7.3623466492e-01
-1.3306988478e+00
-3.2897479534e+00
-4.5149378777e+00
-6.8170469999e-01
-8.5921323299e-01
-5.7468152046e-01
3.0846506357e-01
7.1456050873e-01
1.4250273705e+00
1.8831154108e+00
1.0831725597e+00
1.9019052982e+00
-9.8625713587e-01
1.0682300329e+00
-3.1580263376e-01
-2.4001349509e-01
3.1412750483e-01
7.0155221224e-01
-4.9345949292e-01
-1.3713250160e+00
-1.5165010691e+00
-1.4659966230e+00
-2.6568279266e+00
2.4171584845e-01
-7.4911244214e-02
-7.6973508112e-03
-3.4554845095e-01
1.0167779922e+00
3.5088829994e+00
1.1183933020e+00
-6.4264219999e-01
-9.4613128901e-01
-6.6508990526e-01
3.0005979538e+00
4.0980243683e+00
4.3464241028e+00
3.9443154335e+00
5.4413304329e+00
1.6611715555e+00
1.3283100128e+00
-1.5220805071e-02
8.8841068745e-01
7.5123053789e-01
1.6022670269e+00
4.6301868558e-01
-1.7677855492e-01
-9.3039208651e-01
-4.2676314712e-01
1.0935484171e+00
-3.6893436313e-01
-5.2306032181e-01
-4.9579799175e-01
-7.6071482897e-01
8.0052113533e-01
7.2288587689e-02
1.7043343186e-01
4.7911944985e-01
1.3002649546e+00
3.6734268069e-02
1.0444148779e+00
1.0243155807e-01
1.7565532923e+00
3.8807337284e+00
-1.9481492043e+00
-2.1304609776e+00
-2.9251065254e+00
-2.7443025112e+00
-4.8265948892e-01
4.1366165876e-01
3.2986414433e-01
-4.2234744877e-02
1.3108432293e-01
-1.8904408216e+00
-2.4155766964e+00
-3.7360615730e+00
-4.1318087578e+00
-7.7784854174e-01
-1.5234986544e+00
-1.5104416609e+00
-1.6962877512e+00
-2.0505146980e+00
-1.1093641520e+00
-3.4303942323e-01
-2.2977787256e-01
4.9050602913e+00
1.9480531216e+00
3.2814164162e+00
3.0119791031e+00
-1.6550968885e+00
-1.2745001316e+00
7.8513765335e-01
7.7983373404e-01
-1.4089357853e+00
-1.1587012559e-01
1.2064076662e+00
-1.9064681530e+00
-2.1065101624e+00
-3.5432204604e-02
-8.0721151829e-01
-1.0217902660e+00
-1.9071469307e+00
-1.3557537794e+00
-1.4286898375e+00
7.2986119986e-01
2.6331384182e+00
2.7076640129e+00
4.1356110573e+00
6.6440558434e+00
-1.6512607336e+00
-1.1998428106e+00
-2.4943482876e-01
-9.6551018953e-01
-1.3860455751e+00
2.5096163750e+00
1.4029550552e+00
-1.0975892544e+00
-1.6171401739e+00
-1.2206324339e+00
4.6992191672e-01
7.7466648817e-01
1.6552902758e-01
-1.8220894337e+00
-6.6541564465e-01
-7.3051476479e-01
1.4177708626e+00
6.7551803589e-01
-4.6164665371e-02
-1.2479776144e+00
1.3631780148e+00
-2.1612545848e-01
-1.6891578436e+00
-1.5841399431e+00
2.0846297741e+00
1.6178141832e+00
1.1445102692e+00
7.6804697514e-01
1.0315753520e-01
7.8045856953e-01
-2.7036833763e-01
1.3930442929e-01
-4.1159966588e-01
-1.8032460213e+00
-1.4323064089e+00
-1.1801514626e+00
7.0865774155e-01
6.2153053284e-01
-2.7347253636e-03
1.2672677040e+00
2.6557943821e+00
1.5378892422e+00
5.2095234394e-01
8.8739126921e-01
1.1139018536e+00
4.0933556557e+00
2.4934093952e+00
3.4587497711e+00
3.0418932438e-01
-1.0421988964e+00
-2.1378836632e+00
-1.7341852188e+00
-4.7217111588e+00
-2.3245413303e+00
6.6321378946e-01
6.6870890558e-02
1.6685120761e-01
5.2223362029e-02
8.9541867375e-02
5.7773023844e-01
2.3187785149e+00
2.3405818939e+00
2.3550834656e+00
-1.0671358556e-01
-3.9249131680e+00
-7.3840501718e-03
-1.2032342702e-01
6.0620129108e-01
7.6751798391e-01
8.6229056120e-01
-4.1238877177e-01
4.4477397203e-01
7.8050889075e-02
9.9059700966e-01
3.7588116527e-01
9.0035045147e-01
-2.2286648750e+00
-1.8082604408e+00
2.6218825579e-01
-3.0543422699e+00
1.6212536022e-02
-1.6400822997e-01
4.4514320791e-02
3.4362056851e-01
5.3423058987e-01
3.7527853251e-01
5.0203806162e-01
3.8476639986e-01
4.8883864284e-01
-1.8116427660e+00
7.4226391315e-01
2.5345358849e+00
2.6892929077e+00
3.2939732075e-01
-1.7054310441e-01
-5.1251969337e+00
-1.4549958706e+00
3.3876614571e+00
2.6332697868e+00
2.0572369099e+00
-7.2384321690e-01
-7.9903745651e-01
-1.8136115074e+00
-1.0542830229e+00
2.4920350313e-01
-2.7926374227e-02
-1.9885041714e+00
-2.4208588898e-01
-2.1155066490e+00
-8.4476733208e-01
-1.7687664032e+00
-1.7361545563e+00
-2.5986307859e-01
-1.7257077992e-01
2.6417157054e-01
2.6292175055e-01
-2.0333440304e+00
-6.6796851158e-01
-7.6370906830e-01
-4.1786275804e-02
2.1880643368e+00
1.8289853334e+00
2.1097121239e+00
1.7858345509e+00
2.2731544971e+00
4.0059094429e+00
2.0009140968e+00
7.9001522064e-01
8.8831573725e-01
2.4715700150e+00
2.6362951845e-02
3.5465314984e-01
1.0189401358e-01
1.2636624277e-01
2.5327521563e-01
4.6043527126e-01
-7.7233964205e-01
4.5223414898e-01
-1.1611212492e+00
-7.4728095531e-01
-1.4824714661e+00
4.2238750458e+00
3.7627050877e+00
5.2887611389e+00
1.4558888674e+00
3.1920044422e+00
4.8551750183e+00
4.0851187706e+00
3.6064436436e+00
-2.0098688602e+00
4.6155291796e-01
-3.5425192118e-01
3.1731897593e-01
1.2075852156e+00
7.8532654047e-01
-9.9504685402e-01
-7.4837744236e-01
1.4010441303e+00
1.7703053951e+00
9.2716187239e-01
-5.4604178667e-01
-1.5189678669e+00
-4.0894422531e+00
-2.6856055260e+00
-4.7574445605e-01
1.2849885225e+00
5.7119379044e+00
3.9684829712e+00
4.7636842728e+00
2.7321398258e+00
-1.6164642572e+00
1.1276230812e+00
1.7948474884e+00
1.7693794966e+00
1.6688867807e+00
-8.5606031120e-02
-2.7998721600e-01
-2.3534746170e+00
-6.2193077803e-01
-7.0435389876e-02
-5.3437954187e-01
6.2190133333e-01
-5.1876478195e+00
-1.5931423753e-02
4.2422084808e+00
1.1622741818e-01
-1.3034391403e+00
-1.7808910608e+00
-4.1025221348e-01
1.4903377295e+00
-2.7835902572e-01
-2.9839515686e-01
-5.0475770235e-01
1.6754761338e-01
4.6165922284e-01
8.3725494146e-01
-6.7649489641e-01
-2.9695482254e+00
-2.2426559925e+00
-2.0350086689e+00
1.2411046028e+00
1.2678636312e+00
2.3738095760e+00
-8.1340849400e-01
-1.3408273458e+00
-6.8073743023e-03
3.6313149333e-01
-1.3717488050e+00
-4.0948310494e-01
2.1286460757e-01
-4.4303107262e-01
1.5413986444e+00
4.7303122282e-01
1.5031253099e+00
1.2495608330e+00
1.3644006252e+00
2.3315837383e+00
4.3853907585e+00
2.5532450676e+00
-3.1663391739e-02
-9.2410266399e-01
-2.3991206288e-01
-6.8199533224e-01
5.9539854527e-02
2.9570726678e-02
-6.5637660027e-01
-1.1467156410e+00
-8.9224332571e-01
-5.0565809011e-02
-4.5960240066e-02
3.3240637779e+00
3.3735625744e+00
3.2076237202e+00
2.1542079747e-01
-7.3846942186e-01
2.3479613662e-01
4.8967906833e-01
4.8694920540e-01
6.1331069469e-01
9.4995778799e-01
2.9608970881e-01
-8.3176523447e-01
-2.0724494457e+00
-1.8993107080e+00
-4.8107889295e-01
1.5728409290e+00
1.0256987810e+00
-1.1492075771e-01
1.4029495418e-01
1.5733296871e+00
5.1442158222e-01
1.6545662880e+00
1.2334429026e+00
1.1950371265e+00
-3.3913416862e+00
3.3438327909e-01
1.5175830126e+00
3.5450446606e-01
6.0573041439e-01
2.4452295899e-01
-1.5963802338e+00
-6.0238695145e-01
9.9366331100e-01
-1.3395141363e+00
-1.6099727154e+00
-1.1824724674e+00
-8.9414852858e-01
-9.2925161123e-01
-2.0064698160e-01
-5.2747434378e-01
-2.0086095333e+00
-8.4675896168e-01
-1.3201009035e+00
1.0009139776e+00
1.0933746099e+00
1.0772570372e+00
1.1784619093e+00
1.6315028667e+00
7.4540406466e-01
9.9695038795e-01
-2.0113836974e-02
5.1724463701e-01
-2.0631808043e-01
-6.4714491367e-01
7.9517036676e-02
8.6878162622e-01
8.7636905909e-01
-1.9672169685e+00
-1.5802506208e+00
-2.8880181313e+00
6.3673818111e-01
-1.5526802540e+00
-1.2885495424e+00
-1.6495763063e+00
-1.0090212822e+00
-6.9434757233e+00
-3.2896924019e+00
-6.2916154861e+00
-7.9983134270e+00
-8.7774772644e+00
-2.1610221863e+00
-2.5033390522e+00
-4.6756115556e-01
-8.3670127392e-01
1.2232371569e+00
-3.5524213314e+00
7.3351025581e-01
1.1675895452e+00
1.3113255501e+00
-1.7840584517e+00
2.0381031036e+00
-6.7224311642e-03
4.2337852716e-01
-4.0620088577e-01
2.4900725484e-01
-5.0966744423e+00
-1.7377216816e+00
1.5844513476e-01
-3.6765203476e+00
-8.3724985123e+00
-3.1246215105e-01
1.7692936659e+00
-6.6041640937e-02
-1.6901098490e+00
-3.6387856007e+00
-1.1684401035e+00
-1.1732279062e+00
-1.6815974712e+00
-9.7515475750e-01
-9.5230561495e-01
-3.1814473867e-01
-5.3153091669e-01
-2.9448229074e-01
1.0787788630e+00
-1.1705528498e+00
-2.4931092262e+00
-1.2877466679e+00
-3.9073923230e-01
-6.3346463442e-01
2.2734382153e+00
-1.4767091274e+00
-3.0873756409e+00
-2.4715309143e+00
-2.7829298973e+00
-6.7077507973e+00
7.7434450388e-02
-5.0437605381e-01
-2.4253365397e-01
1.5691748857e+00
1.0253806114e+00
6.7367601395e-01
-9.3587350845e-01
-1.7018892765e+00
-5.8267787099e-02
-1.8835009336e+00
2.3503100872e+00
-1.6067786217e+00
-9.8593038321e-01
-1.1768494844e+00
1.3990267515e+00
-2.9635293484e+00
-2.8752338886e+00
-2.3993291855e+00
-2.9585990906e+00
-6.8967547417e+00
-2.3885045052e+00
-1.3109009266e+00
-2.3124909401e+00
-1.2098408937e+00
-1.0484851599e+00
-2.7907631397e+00
-2.1689939499e+00
-3.1883192062e+00
-3.9258937836e+00
-2.0676281452e+00
2.8776657581e+00
2.3791859150e+00
2.7020132542e+00
3.4319124222e+00
3.2415361404e+00
-1.4386825562e+00
6.8919861317e-01
-1.4919950962e+00
-3.2672696114e+00
-3.2842557430e+00
1.4142997563e-01
-2.9232556820e+00
-1.1911540031e+00
-1.0827494860e+00
2.2566421032e+00
-1.7947521210e+00
-1.4572064579e-01
8.6756300926e-01
1.7356961966e+00
-7.2838932276e-01
-1.8741252422e+00
-1.7968878746e+00
-4.7126669884e+00
-1.9420206547e+00
-1.5387625992e-01
7.5519675016e-01
7.5791347027e-01
2.9215353727e-01
4.9884584546e-01
7.7055025101e-01
1.9447886944e-01
7.4162065983e-01
-4.4742286205e-02
9.0666063130e-02
9.3849249184e-02
1.5263106823e+00
2.4731183052e+00
6.9241207838e-01
8.4516233206e-01
-1.3559095860e+00
7.5376349688e-01
1.2668985128e+00
9.2981654406e-01
2.5444033742e-01
-5.8953195810e-01
1.2536823750e-01
-1.7510151863e+00
-5.5476742983e-01
-6.3752508163e-01
1.2595962286e+00
7.6273548603e-01
2.3185923100e+00
-1.9548020363e+00
8.8302548975e-03
-8.2042324543e-01
4.1834774613e-01
7.7194523811e-01
-9.4590693712e-01
4.4461664557e-01
6.7159986496e-01
9.8750561476e-01
1.2463791370e+00
-3.8725242615e+00
-2.7475419044e+00
-4.7442011833e+00
-2.3400018215e+00
-2.5665581226e-01
1.9576983526e-02
-5.1356453449e-02
-1.2674540281e-01
-2.6919817924e+00
-1.4679945707e+00
-1.6304664612e+00
4.0558081865e-01
-4.9201879501e+00
5.3210097551e-01
7.5013375282e-01
-1.6886848956e-02
1.1055073738e+00
-1.1960508823e+00
1.5400123596e+00
1.8051875830e+00
-2.0411396027e+00
-6.2811523676e-01
-1.5555313826e+00
-2.3307085037e+00
-1.7897356749e+00
-2.9450504780e+00
-2.7999670506e+00
-2.8397226334e+00
-2.1952383518e+00
1.1603800207e-01
-3.2069706917e+00
-2.0809698105e+00
-3.8845982552e+00
4.8566684127e-01
-1.4737151563e-01
-2.9142997265e+00
1.3194459677e+00
1.1877472401e+00
-1.5203427076e+00
-2.5790574551e+00
-2.2378857136e+00
-2.1486263275e+00
-2.5997391343e-01
2.5366216898e-01
8.3389484882e-01
1.6117537022e+00
1.6887004375e+00
2.0192072392e+00
-9.1452491283e-01
-1.5520119108e-02
-8.4159505367e-01
-9.9881881475e-01
6.8151938915e-01
-5.6399792433e-01
8.0841869116e-02
1.9407436848e+00
1.1905314922e+00
-8.1035211682e-02
1.4325240850e+00
-4.4464746118e-01
5.8151894808e-01
9.9035233259e-01
6.0539615154e-01
-5.4252614975e+00
-9.6104454994e-01
-2.6422543526e+00
-4.4141626358e+00
-3.2504200935e+00
-1.8890635967e+00
-2.9808056355e-01
-1.2713630199e+00
-4.9215048552e-01
-1.7609958649e+00
-2.2008690834e+00
-4.8451772332e-01
-9.1787844896e-01
-2.4341689050e-01
-1.4974815845e+00
-1.1583777666e+00
3.8802510500e-01
-9.3109375238e-01
-1.3823069334e+00
1.8321312964e-01
7.2567701340e-01
1.2348179817e+00
-2.6655619144e+00
2.0877797604e+00
1.3240779638e+00
5.1032179594e-01
2.3004946113e-01
4.6175181866e-01
1.0023084879e+00
-3.6696374416e-01
8.8813677430e-02
-2.5508931279e-01
-1.0526211262e+00
-9.9049526453e-01
-9.9762767553e-01
3.2190802693e-01
-2.2584709525e-01
-6.2451642752e-01
-1.7380769253e+00
-1.7369555235e+00
-9.2302727699e-01
3.5621172190e-01
1.8464516103e-01
2.0901682973e-01
3.2757130265e-01
-1.6706690788e+00
-7.7711105347e-01
4.7729673982e-01
1.0241466761e+00
6.8047219515e-01
1.8861883879e+00
-8.0424976349e-01
-4.7587265968e+00
-3.1757590771e+00
-3.9680954069e-02
-1.1702525616e+00
6.0293835402e-01
-4.3661344796e-02
1.1257923841e+00
-3.6865530014e+00
-1.3126010895e+00
-3.9718392491e-01
-5.0535416603e-01
1.3795158863e+00
1.7114589214e+00
-3.0808935165e+00
-1.6265813112e+00
-1.4516867399e+00
-2.4492950439e+00
-2.0011320114e+00
-2.2082569599e+00
3.3107441664e-01
-1.0163265467e+00
-1.1670989990e+00
-2.4166800082e-01
-1.4084707499e+00
-2.6356327534e-01
-4.2501062155e-02
8.2041889429e-01
2.8844082355e-01
-3.0749585629e+00
-4.4977111816e+00
-1.6863001585e+00
2.2234538198e-01
2.1479496956e+00
1.4259456098e-01
-2.1540451050e+00
-1.7410348654e+00
-1.2679861784e+00
-7.0366942883e-01
-6.2853369713e+00
-1.0270749331e+00
-8.6363929510e-01
1.1817164421e+00
-3.9763426781e+00
-6.5948635340e-01
1.0191230774e+00
1.3538415730e-01
9.2657810450e-01
8.5780411959e-01
1.0656358004e+00
-3.6661267281e-01
-9.0265429020e-01
4.7517818213e-01
-4.4072583318e-01
1.0691957474e+00
-2.1620848179e+00
-2.1778323650e+00
-1.4007620811e+00
-4.1624555588e+00
-4.2524620891e-01
-1.4312101901e-01
-1.0896552801e+00
7.6054120064e-01
1.3834215403e+00
-1.5305416584e+00
-1.4241749048e+00
-3.7894608974e+00
-4.9784455299e+00
-1.1173480749e+00
-8.0359262228e-01
-5.5458126590e-03
9.4648486376e-01
3.1627053022e-01
5.9709197283e-01
1.9289971590e+00
2.1144886017e+00
-3.2382157445e-01
-2.0723466873e+00
-9.5370519161e-01
-7.3894512653e-01
-1.1889313906e-01
-2.7141353488e-01
6.2461727858e-01
5.0847852230e-01
2.6085028648e+00
2.7730567455e+00
-7.3110795021e-01
-1.5335782766e+00
-6.2876456976e-01
2.0315442085e+00
8.0949865282e-02
-3.3357689381e+00
-2.4770128727e+00
3.3286533356e+00
3.6715143919e-01
4.5088580251e-01
-1.8422722816e-01
-1.6770335436e+00
-6.8332114220e+00
-7.1491020918e-01
1.6456070542e-01
2.2618718147e+00
1.5002462864e+00
-5.7738173008e-01
8.4547668695e-02
-1.6920574009e-01
-1.7800528556e-02
8.6187201738e-01
9.7692954540e-01
4.6559464186e-02
-2.3603763580e+00
-3.1214437485e+00
-1.7357707024e+00
-3.9028853178e-01
-7.8554803133e-01
4.8776751757e-01
8.5279023647e-01
7.0571339130e-01
-3.4500837326e-01
7.9190647602e-01
-1.6194148064e+00
1.2133560143e-02
-9.4627100229e-01
5.9053786099e-02
-7.9552960396e-01
-8.7657427788e-01
-6.8515622616e-01
2.8078019619e-01
-6.3266253471e-01
-7.4891608953e-01
2.1081836522e-01
-1.8716111183e+00
-8.9225536585e-01
1.5571885109e+00
2.7458035946e+00
3.6388042569e-01
-7.1773880720e-01
-1.9449928999e+00
-1.1582320929e+00
-7.7929395437e-01
6.9906252623e-01
1.0615974665e+00
3.1826877594e+00
3.1223838329e+00
1.7461085320e-01
9.0085989237e-01
1.0352532864e+00
1.0725150108e+00
1.0768402815e+00
4.4378042221e+00
-5.5637490749e-01
-2.5664355755e+00
-2.9251728058e+00
-1.9035521746e+00
-1.0131076574e+00
-1.6634052992e+00
1.9462738037e+00
1.0866280794e+00
-1.8789281845e+00
-1.1709115505e+00
5.5817389488e-01
-5.4421561956e-01
-5.6467229128e-01
-8.3840198815e-02
3.3164520264e+00
3.8948106766e+00
1.5960716009e+00
-2.2371306419e+00
9.4164870679e-02
8.2023581490e-03
-3.6620602012e-01
1.4116833918e-02
-3.7549939752e-01
-4.6250283718e-01
1.9431022406e+00
-1.9485971332e-01
1.3512861729e-01
5.0392407179e-01
3.6657324433e-01
-9.6705707256e-04
-4.4839945436e-01
-1.0970478505e-01
8.4678560495e-01
1.4690610170e+00
1.6632567644e+00
1.6375116110e+00
7.0677906275e-01
9.1576778889e-01
3.6277478933e-01
-9.4360011816e-01
-6.0469412804e-01
-3.1112158298e-01
5.5396157503e-01
7.4066466093e-01
6.6197142601e+00
-4.1510313749e-01
-4.4386839867e-01
-9.8389905691e-01
-2.3533236980e+00
-3.8119280338e-01
-1.0328222513e+00
-8.2290101051e-01
-5.6743025780e-01
4.0616670251e-01
-5.3699493408e-01
-2.0351643562e+00
-1.3862380981e+00
-3.0642681122e+00
-5.9450883865e+00
-1.5229417384e-01
-2.9766924381e+00
-3.7690088749e+00
-2.9825334549e+00
-1.0618354082e+00
6.7066633701e-01
-5.7715368271e-01
-2.1524960995e+00
-2.7432675362e+00
2.9011988640e-01
7.5882899761e-01
1.0157202482e+00
-1.5012960136e-01
-7.4761414528e-01
-1.2677073479e-01
2.4586379528e+00
-1.7228603363e+00
-1.3000570536e+00
6.0593670607e-01
-1.1201279163e+00
3.2187366486e+00
1.6463071108e+00
-4.0911605954e-01
-1.2187762260e+00
-1.5190843344e+00
2.2132203579e+00
1.0057243109e+00
-1.6406065226e+00
-4.5656414032e+00
-2.6212630272e+00
9.4571679831e-01
2.8625006676e+00
-1.0554201603e+00
1.1310319901e+00
6.8314802647e-01
-1.5902394056e+00
-9.3864274025e-01
-1.7211023569e+00
-8.9275491238e-01
1.5185151100e+00
-2.3338806629e+00
-1.7297800779e+00
9.6326492727e-02
6.3403241336e-02
4.8885989189e-01
-7.3347419500e-02
5.3412771225e-01
-1.0936971754e-01
-1.2863888741e+00
-1.7542412281e+00
-1.0539608002e+00
-3.3312267065e-01
-9.7310537100e-01
-2.2522969246e+00
-3.4342365265e+00
-8.3927041292e-01
-5.1879388094e-01
-6.8598859012e-02
-3.9600110054e-01
-1.8462553620e-01
1.2295659781e+00
-4.0284025669e-01
-5.4609364271e-01
-3.6790183187e-01
1.5400320292e+00
-5.5941039324e-01
-1.9183764458e+00
-1.6150499582e+00
1.4896849394e+00
3.5434968472e+00
-7.5723350048e-01
-6.0049450397e-01
-1.1647812128e+00
-2.4700057507e+00
-2.3782825470e+00
-2.9324361682e-01
-2.9065093994e+00
-2.1823167801e+00
-1.0716526508e+00
-1.3824369907e+00
-8.6166495085e-01
-9.7558611631e-01
-8.6179584265e-01
-1.6913266182e+00
-2.6418727636e-01
-3.6973485351e-01
-1.0727890730e+00
-3.6233800650e-01
-6.1731016636e-01
-1.8774366379e+00
-1.5807259083e+00
-1.0024911165e+00
-1.7514428496e-01
8.5325318575e-01
2.6687827110e+00
6.3428026438e-01
1.9376252592e-01
-3.7497723103e+00
-4.8908748627e+00
-3.8408141136e+00
1.5502160788e+00
2.5291860104e+00
2.7827677727e+00
3.1785442829e+00
2.9555606842e+00
1.5369607508e-01
7.7309221029e-01
6.7718148232e-01
4.4893610477e-01
2.8329727054e-01
2.0406754017e+00
-1.0501801968e+00
-1.4090793133e+00
8.0153912306e-01
1.3745859861e+00
1.0083241463e+00
8.7456172705e-01
-2.7138623595e-01
-1.0895755291e+00
-3.2252356410e-01
-1.8267102242e+00
-1.1966450512e-01
1.6310988665e+00
3.1474423409e-01
-2.3975939751e+00
1.5092822313e+00
2.6440587044e+00
-4.5439183712e-01
-1.8036565185e-01
3.8337600231e+00
1.5706677437e+00
8.3763241768e-01
-5.7259792089e-01
-1.3660773039e+00
4.1841813922e-01
-2.2437274456e+00
-1.1178977489e+00
-3.7002766132e-01
-2.0757934451e-01
3.8998417556e-02
1.2334371805e+00
2.3046739101e+00
1.7927498817e+00
1.0154231787e+00
1.8488428593e+00
-1.8828346729e+00
2.2049595416e-01
6.2720209360e-01
1.3426676989e+00
9.7974878550e-01
2.6023552418e+00
2.0755579472e+00
-1.5524877310e+00
-1.3353883028e+00
-6.7415833473e-01
9.6430855989e-01
2.1971008778e+00
-3.9502128959e-01
-3.6928313971e-01
1.7532134056e+00
-6.8562555313e-01
7.4514782429e-01
8.5002499819e-01
4.2461082339e-01
-1.3227919340e+00
-1.6240465641e+00
-1.5770244598e+00
-9.5239639282e-01
-1.9045929909e+00
-4.3860206604e+00
-3.1541967392e+00
-2.4962759018e+00
-2.8360476494e+00
-1.9403722286e+00
-3.1350939274e+00
-4.0846223831e+00
-2.9845213890e-01
7.8109580278e-01
-1.4604865313e+00
-2.1461293697e+00
9.3679845333e-01
6.5882277489e-01
-2.0393067598e-01
-1.7710490227e+00
-1.4571889639e+00
-3.8197860122e-01
7.8150528669e-01
1.9672545791e-01
9.9977195263e-01
6.4818507433e-01
-3.8669908047e+00
-3.8003561497e+00
-5.0598087311e+00
-6.3493628502e+00
-5.9841871262e+00
-2.2475399971e+00
-1.0187433958e+00
-1.3670067787e+00
3.4268328547e-01
-6.5764981508e-01
5.7038432360e-01
-9.1732758284e-01
-1.0796244144e+00
-1.3733427525e+00
-4.2104258537e+00
-3.9212569594e-01
9.4765210152e-01
2.1123268604e+00
1.3054375648e+00
-7.8466463089e-01
4.5337691903e-01
-1.6160646677e+00
-1.8007066250e+00
-5.7524478436e-01
2.3451457024e+00
1.5488188267e+00
3.8171076775e-01
-5.2765250206e-01
-1.5037652254e+00
-1.6676633358e+00
-1.1650667191e+00
-4.3622612953e-01
-1.7362593412e+00
-2.3878726959e+00
-4.9625959396e+00
1.6585868597e+00
1.7263031006e+00
9.5822179317e-01
-1.3973638415e-01
-1.7176102400e+00
-4.9479860067e-01
-1.3533812016e-02
-5.4548782110e-01
-1.7863774300e-01
-3.0683960915e+00
6.5301018953e-01
-6.2912708521e-01
-3.3330512047e-01
-5.3161692619e-01
3.4091463313e-03
2.2587027550e+00
2.0898342133e+00
2.4160907269e+00
1.3044116497e+00
2.2130734921e+00
-1.7478996515e+00
-1.8731699884e-01
5.3081864119e-01
3.2825496793e-01
-2.1640986204e-01
2.1082408428e+00
7.9853063822e-01
-9.2732566595e-01
6.7462426424e-01
6.6975247860e-01
-1.3069381006e-02
-4.8550754786e-01
-1.0950682163e+00
-2.5242754817e-01
7.8488951921e-01
-2.1571118832e+00
-8.7695026398e-01
2.5455161929e-01
1.7635462284e+00
1.8482996225e+00
-2.2667240351e-02
1.6700614989e-01
-2.6018488407e-01
-1.1649249792e+00
-5.5175340176e-01
1.6464061737e+00
3.6323852837e-02
-3.1680110097e-01
6.1644655466e-01
1.0915253162e+00
2.3342511654e+00
2.5760844350e-01
-1.4246108532e+00
-8.0727338791e-01
-3.7596132606e-02
1.5785079002e+00
1.0927435756e-01
-8.2991015911e-01
-7.9728859663e-01
-1.2028712034e+00
-7.5699406862e-01
3.6414794624e-02
-6.4467763901e-01
-1.9636783600e+00
-3.6589536667e+00
-2.1114346981e+00
-1.7215622962e-01
-4.9503978342e-02
1.1199472100e-01
1.9223004580e+00
-1.3045384884e+00
-3.0349464417e+00
-3.3542528152e+00
-3.1982734799e-01
5.1008720398e+00
-3.8319188356e-01
-1.1602666378e+00
-2.1117730141e+00
-1.6354254484e+00
-1.3040686846e+00
-2.2562833130e-01
-5.9295737743e-01
-6.4517432451e-01
-3.0462365150e+00
-1.5288654566e+00
5.4805618711e-03
3.7680801749e-01
2.3859722540e-02
2.2477574646e-01
-9.0372033417e-02
-1.0167324543e+00
1.9052877426e+00
2.3275380135e+00
1.7532616854e+00
-4.0148559213e-01
7.8807793558e-02
-1.5061596036e-01
-1.1654832363e+00
-1.2312648296e+00
-3.5193328857e+00
-1.4650599658e-01
3.1091931462e-01
3.6373246461e-02
9.2131239176e-01
-1.6087360680e-01
-5.5812507868e-01
-1.0493469238e+00
-1.0673015118e+00
-6.0740393400e-01
-1.6434496641e+00
-2.1979794502e+00
3.7551503628e-02
-6.8952292204e-01
-2.3105432987e+00
-1.9782812595e+00
-3.3843748569e+00
-1.3899484277e-01
1.3090869188e+00
2.4904503822e+00
2.4746453762e+00
-2.5157790184e+00
-7.9169988632e-01
2.1571402252e-01
1.1507829428e+00
1.4796217680e+00
3.2434436679e-01
4.5899260044e-01
-2.7515926361e+00
6.2494367361e-01
2.6611406803e+00
1.2287069559e+00
1.0300935507e+00
-1.7558720112e+00
-3.3742563725e+00
-5.5519356728e+00
-1.0809665918e+00
2.8934350610e-01
5.3285968304e-01
-1.2311731577e+00
-2.5105402470e+00
-3.1385150552e-01
1.0390471220e+00
1.2391211838e-01
1.4642063379e+00
9.4790673256e-01
1.2213778496e+00
1.0074970722e+00
8.0107766390e-01
3.1096333265e-01
-5.0771337748e-01
-7.8240633011e-01
-3.7215325236e-01
-2.4126768112e-01
-4.7560051084e-01
1.6997994483e-01
-7.0764780045e-01
-1.9661569595e+00
-7.5562353134e+00
-4.0512208939e+00
-2.9404048920e+00
-1.5510830879e+00
-2.0514140129e+00
-2.0885233879e+00
-2.0954413712e-01
-6.4887112379e-01
1.3243560791e+00
1.0882078409e+00
1.6414556503e+00
2.2651245594e+00
1.4861043692e+00
-2.4374184608e+00
-1.0926010609e+00
-1.1042393446e+00
-6.7689857678e-04
-1.0938348770e+00
3.2766585355e-04
1.0114252567e+00
1.3649313450e+00
2.5327310562e+00
-9.3493767083e-02
-1.2851473093e+00
-8.0888420343e-02
2.9778012633e-01
2.0281422138e-01
1.3114117384e+00
2.1486659348e-01
-1.0183239356e-02
1.9738717377e-01
2.4498756230e-01
1.4193831682e+00
-2.2780094147e+00
7.8179098666e-02
5.7505267859e-01
1.4796587229e+00
1.7129467726e+00
-2.8081033230e+00
-3.1458625793e+00
-2.9679884911e+00
-2.7275907993e+00
-1.3258277178e+00
4.0327820182e-01
-5.3648620844e-01
-5.3391647339e-01
-8.4979498386e-01
-1.0716835260e+00
3.8543608785e-01
2.4538552761e+00
2.4738552570e+00
2.3930518627e+00
4.3389517069e-01
-1.1523629427e+00
-1.4163069725e+00
-1.7236989737e+00
-9.1959893703e-02
6.4811900258e-02
4.3008396029e-01
1.4998245239e+00
2.4340865016e-01
1.3030465841e+00
3.4362292290e-01
-8.9014101028e-01
5.4114693403e-01
-3.3430135250e+00
-5.8094739914e+00
-7.2911992073e+00
-1.8863409758e+00
-1.0316145420e+00
3.8104597479e-02
5.6239646673e-01
3.1442773342e-01
1.0606327057e+00
8.4950995445e-01
4.4214841723e-01
-3.9875954390e-01
1.7250794917e-02
1.8266618252e+00
1.3678739071e+00
2.1733585000e-01
-4.8113179207e-01
-2.7055293322e-01
9.7476482391e-01
9.3439131975e-01
6.9704031944e-01
3.3923211694e-01
3.9773952961e-01
5.0215929747e-01
1.9678546488e-01
3.7080329657e-01
1.2828987837e+00
3.3108884096e-01
-3.7395772338e-01
1.0304977000e-01
-1.5406724215e+00
-9.4898319244e-01
3.1155073643e-01
-7.9076635838e-01
-5.0812035799e-01
-1.0873985291e+00
-6.5693145990e-01
4.2838260531e-01
-7.9639201164e+00
-3.3465552330e+00
-2.8782076836e+00
6.7559033632e-01
2.7637848854e+00
-2.5477750301e+00
-2.8023338318e+00
-3.4620807171e+00
-1.2893460989e+00
-2.2456781864e+00
-2.3770670891e+00
-9.5885193348e-01
1.6708569527e+00
9.6393579245e-01
2.0623620600e-02
1.3539689779e+00
-6.8617813289e-02
-3.6780199409e-01
-2.8275182843e-01
1.0412924290e+00
4.4295117259e-01
1.4797862768e+00
2.5619256496e+00
2.0393352509e+00
2.4784114361e+00
-3.8552317619e+00
-2.5429069996e+00
-2.3773074150e+00
-3.6596205831e-01
-1.1206954718e+00
-2.9565124512e+00
-2.4414758682e+00
-2.0070381165e+00
-2.9770817757e+00
1.6869592667e+00
1.5736211538e+00
-4.7099091113e-02
-8.4365874529e-01
-4.1569514275e+00
-3.1888172626e+00
1.2122716904e+00
1.1921029091e+00
2.4261674881e+00
1.2026321888e+00
-1.0232265294e-01
3.6605331898e+00
1.5733525157e-01
1.6476039886e+00
8.2906079292e-01
1.4518826008e+00
2.6923012733e+00
7.0727819204e-01
3.6076134443e-01
-9.6380281448e-01
-1.8103444949e-02
2.2798201069e-02
7.5889609754e-02
-2.1503530443e-01
1.6424050331e+00
3.4332952499e+00
5.1551127434e-01
4.4975939393e-01
1.4960746765e+00
9.7836941481e-01
3.2464823127e-01
5.8263224363e-01
-1.4801470935e-01
-1.0113346577e+00
-4.7550968826e-02
3.2466094494e+00
1.0734062195e+00
8.9315998554e-01
-3.0222347379e-01
-1.5736899376e+00
-1.7822644711e+00
1.6129086018e+00
7.1302853525e-02
-7.1714267135e-02
7.6236236095e-01
1.4811811447e+00
-4.3578667641e+00
-3.7060351372e+00
-2.5202317238e+00
-2.6766306162e-01
-1.9398300648e+00
-9.0419244766e-01
-8.7997758389e-01
1.0736777782e+00
2.1058018208e+00
1.2810549736e+00
4.9850893021e-01
5.4605066776e-01
8.6610222934e-04
-1.0747364722e-02
-7.0212411880e-01
-4.5966920853e+00
-6.6017637253e+00
-5.7960453033e+00
-1.1013178825e+00
-2.9494756460e-01
3.1092042923e+00
3.6132888794e+00
1.8454682827e+00
2.8427922726e-01
-2.3572442532e+00
-7.1580082178e-01
-9.0363121033e-01
-1.1331081390e+00
4.7523131967e-01
2.0955164433e+00
-1.4108166695e+00
-2.7367024422e+00
-2.9373576641e+00
5.2743053436e-01
-1.9095708132e+00
-2.0409327000e-02
3.6444705725e-01
6.0380822420e-01
1.5936399996e-01
-6.5061056614e-01
-1.3478824496e-01
-1.2393200397e+00
-1.8960670233e+00
1.0529761016e-01
1.1185094118e+00
3.1119877100e-01
8.1643390656e-01
-1.0487687588e+00
-2.8991490602e-01
1.3845586777e+00
5.1418691874e-01
1.0965836048e+00
1.5020881891e+00
2.3769378662e+00
4.4232707024e+00
-1.4181128740e+00
-1.5100407600e+00
-2.3920774460e+00
-2.0328917503e+00
-2.3194859028e+00
2.4581835270e+00
1.6711786985e+00
1.4501736164e+00
1.2487570047e+00
5.5112653971e-01
-4.7192677855e-01
-2.3981228471e-01
2.9263582081e-02
2.8030234575e-01
9.0580564737e-01
8.8360023499e-01
2.4868421555e+00
1.9712218046e+00
1.6194071770e+00
-6.2326401472e-01
-2.1151521802e-01
1.3019774854e-01
-6.2150843441e-02
-8.7747710943e-01
-2.1097798347e+00
-3.2716567516e+00
-2.3420846462e-01
-1.3212155104e+00
8.8287077844e-02
8.8660013676e-01
-2.1338894367e+00
-1.6988127232e+00
-2.0004801750e+00
-3.9229168892e+00
-4.4155011177e+00
-9.6834021807e-01
8.2109624147e-01
-2.6313692331e-01
2.0193850994e+00
8.5499000549e-01
-2.7401845455e+00
-6.6638171673e-01
5.8456945419e-01
-1.5547199249e+00
-1.2754918635e-01
-3.5016646385e+00
-3.6791012287e+00
-2.7618298531e+00
1.9498646259e-01
-1.4319446683e-01
7.5208497047e-01
2.2527334690e+00
2.0519487858e+00
-6.1082625389e-01
1.8974491954e-01
2.1624996662e+00
2.2570936680e+00
-1.1681931019e+00
-3.1113119125e+00
-1.9829614162e+00
-1.8049037457e+00
-6.7425024509e-01
1.1648234129e+00
2.5723965168e+00
1.9453305006e+00
-4.2812423706e+00
-3.2518358231e+00
-2.4409971237e+00
-9.9728846550e-01
-1.2508013248e+00
-1.2541624308e+00
-1.3454653323e-01
-5.5323934555e-01
-1.1636038125e-01
4.0535759926e-01
-3.0348026752e-01
1.3229313493e-01
-6.4850687981e-01
1.8644952774e-01
6.5862035751e-01
-3.7625893950e-01
-9.4995945692e-01
3.4639327526e+00
-2.9400551319e-01
2.1335756779e-01
-4.2980161309e-01
3.9814287424e-01
-7.8349697590e-01
1.6593282223e+00
2.9814023972e+00
1.5238006115e+00
6.7638480663e-01
1.2382705212e+00
-1.5058144927e-01
6.0001188517e-01
-4.6217975616e+00
-2.4391124249e+00
-3.7701261044e+00
-1.9486950636e+00
-1.2405345440e+00
-1.9157692790e-01
9.0772885084e-01
8.7812346220e-01
7.6765149832e-01
-1.0578756332e+00
-2.5266039371e+00
-1.2601811886e+00
-5.4936647415e-01
-1.6557735205e-01
-2.1403950453e-01
-1.1174098253e+00
-1.9245430231e+00
-1.1170060635e+00
1.2880674005e-01
1.2839089632e+00
-2.4831819534e+00
-1.3752053976e+00
-2.5445413589e+00
-2.6193668842e+00
-3.0387911797e+00
1.9277762175e+00
2.8596849442e+00
3.2056875229e+00
2.7450187206e+00
2.2938201427e+00
-1.5026140213e-01
-6.3762670755e-01
-4.2296826839e-01
1.0978251696e-01
1.2266986370e+00
9.1387373209e-01
1.9610930681e+00
3.3253278732e+00
2.5157139301e+00
8.1282496452e-01
-2.3992142677e+00
-9.5744264126e-01
-2.5425246358e-01
-1.5894813836e-01
3.0715897679e-01
9.2518991232e-01
1.0099133253e+00
2.3942518234e+00
2.4630756378e+00
2.8894155025e+00
1.8882787228e+00
-9.5570623875e-01
1.1820757389e+00
1.5853002071e+00
4.1658776999e-01
-3.5775191784e+00
-3.6328055859e+00
-2.4383552074e+00
2.0826461315e+00
3.3557006717e-01
-5.7620877028e-01
9.0968376398e-01
1.3759955168e+00
6.7888468504e-01
-1.1875804514e-01
1.0498865843e+00
3.1882447004e-01
-1.7267822027e+00
-2.0999381542e+00
-2.5920990109e-01
1.0577827925e-03
2.2342231125e-02
-3.7952965498e-01
1.7751522362e-02
1.4734610319e+00
2.4849426746e+00
9.3889868259e-01
1.1878185719e-01
-2.2922880948e-01
2.3212387562e+00
-3.7755987048e-01
2.3195753992e-01
-7.8985774517e-01
-1.8832064867e+00
-2.5952656269e+00
2.8228580952e-01
1.6457380354e-01
-1.3902362585e+00
-7.9248499870e-01
-4.0981683135e-01
-2.1662003994e+00
-1.0307435989e+00
-4.0692028403e-01
6.0686570406e-01
2.1320343018e+00
-4.7021371126e-01
1.4220499992e-01
-5.4338550568e-01
-3.4752523899e-01
-4.8922148347e-01
-1.8318638802e+00
1.9108167291e-01
-1.0357699394e+00
4.7316405177e-01
8.0904424191e-01
1.5647972822e+00
-8.2022726536e-01
-1.0518572330e+00
-8.4888875484e-01
2.9231304303e-02
2.3584625721e+00
1.7212988138e+00
1.3951994181e+00
1.6623883247e+00
-8.1145840883e-01
-7.0260041952e-01
1.2806618214e+00
1.7321534157e+00
9.9692642689e-01
2.8870241642e+00
-1.1569128036e+00
-1.4361071587e+00
-2.3646662235e+00
-2.8611567020e+00
-1.3327804804e+00
4.0963903069e-01
2.1948365867e-01
8.1430041790e-01
6.1428505182e-01
-7.2898387909e-01
-1.1720709801e+00
-8.0662733316e-01
-1.0091325045e+00
-1.6192399263e+00
2.0078802481e-02
8.9792788029e-02
-7.8760659695e-01
-4.8972707987e-01
-2.2802579403e+00
-1.1042859554e+00
2.2809712887e+00
6.1729633808e-01
5.1209998131e-01
-1.3799245656e-01
1.5491012335e+00
1.3912738562e+00
5.2438586950e-01
8.0760753155e-01
1.1318292618e+00
1.2631399632e+00
-4.0182331204e-01
-5.2653942257e-02
-1.7165197134e+00
-1.2119098902e+00
-1.8906757832e+00
2.6541444659e-01
-3.5200095177e-01
-1.3779908419e+00
-2.2362012416e-02
5.0637906790e-01
3.3899033070e+00
2.0428359509e+00
1.5330386162e+00
1.9650371075e+00
3.0004825592e+00
2.5833754539e+00
1.7673127651e+00
8.4690356255e-01
2.8351283073e-01
-1.1828086376e+00
-4.2005971074e-01
-8.2403413951e-02
-7.0166260004e-01
9.3230135739e-02
-2.1467435360e-01
-1.9783434868e+00
-3.1468698382e-01
-1.6581339836e+00
-1.0875089169e+00
-6.9442939758e-01
-3.7397508621e+00
-3.5843329430e+00
-3.2695679665e+00
-3.2831425667e+00
-3.6079335213e+00
-3.7589364052e+00
-2.1069905758e+00
-2.5173530579e+00
2.1397123337e+00
9.1154450178e-01
1.9332036972e+00
2.4406938553e+00
8.1964564323e-01
-1.1860764772e-01
-1.6071286798e-01
2.4323191494e-02
5.2940958738e-01
1.8471846581e+00
1.5982141495e+00
6.2077397108e-01
-9.5179009438e-01
-2.1536426544e+00
-3.0594048500e+00
-1.0835198164e+00
-1.4844450951e+00
2.5843243599e+00
8.8836002350e-01
1.9597327709e+00
-4.5310401917e-01
-5.3462553024e-01
-1.0192869902e+00
-5.1482051611e-01
-2.0532157421e+00
-2.3706552982e+00
-4.4962649345e+00
6.6733020544e-01
1.2824954093e-01
-6.9412618876e-01
-2.1717891693e+00
-2.0450627804e+00
-2.4214925766e+00
-2.4975512028e+00
-4.4145473838e-01
7.3916029930e-01
2.1600303650e+00
-2.6763739586e+00
-3.3533747196e+00
-3.6772601604e+00
-3.5696938038e+00
-2.7402746677e+00
5.5222070217e-01
-1.3318322897e+00
2.1172216535e-01
2.3215670884e-01
-9.8847079277e-01
-5.7610888034e-03
-8.6424654722e-01
1.7623667419e-01
-2.2623033822e-01
-4.6856865287e-01
3.1293159723e-01
4.2884725332e-01
-4.0028084069e-02
-1.6624277830e+00
-1.8485118151e+00
1.3450572491e+00
1.1744196415e+00
1.3543944359e+00
1.9853240252e+00
1.7437422276e+00
-4.2081761360e-01
1.2776781619e-01
1.8165269494e-01
5.4212254286e-01
2.1552985907e-01
-1.7484551668e+00
-1.0556672812e+00
-5.8839112520e-01
-5.8306258917e-01
-6.0391265154e-01
-2.1394017339e-01
-7.3321938515e-01
2.6408565044e-01
-1.0526806861e-01
-4.2256155610e-01
-3.1473929882e+00
-7.3990851641e-01
-2.8870010376e-01
1.1929250956e+00
-1.6276170313e-01
-1.7610658407e+00
-1.6852545738e-01
-2.0252139568e+00
2.1144214272e-01
-1.8294025213e-02
1.4431923628e+00
-1.0658905506e+00
7.1414214373e-01
2.2157647610e+00
9.9625551701e-01
9.7180074453e-01
7.5081586838e-02
-4.1563946009e-01
-7.1369253099e-02
-1.3008044958e+00
-6.5206748247e-01
-7.6365995407e-01
3.0633366108e-01
5.8722309768e-02
-6.4273637533e-01
-4.8391267657e-01
-2.7012345195e-01
5.5171555281e-01
2.8753501177e-01
-2.9095584527e-02
1.1455259323e+00
7.0336937904e-01
8.5752516985e-01
2.0389022827e+00
2.9620714188e+00
-1.1548358202e+00
-6.3500213623e-01
-9.5846039057e-01
-9.8245328665e-01
-2.3350879550e-01
-2.1509687901e+00
-5.4217617959e-02
-1.2586387396e+00
-1.8521262407e+00
-1.1019576788e+00
2.8711934090e+00
2.7800886631e+00
2.4249763489e+00
1.6760212183e+00
1.4310907125e+00
-2.2093601227e+00
3.3094680309e-01
1.6570012271e-01
1.9973200560e-01
-3.4965224564e-02
-2.0577852726e+00
5.1466888189e-01
1.1951225996e+00
1.3759738207e+00
1.0799943209e+00
1.5952415466e+00
1.6863541603e+00
-3.7487286329e-01
9.6128058434e-01
1.0663794279e+00
-1.0009821653e+00
-9.7485500574e-01
1.5101367235e-01
1.3933092356e+00
1.6589616537e+00
-5.1704449579e-03
4.1861680150e-01
1.7216010392e-01
-5.1948243380e-01
-1.1927068233e+00
-5.3593404591e-02
-9.2495816946e-01
7.2060026228e-02
-2.4502959847e-01
-4.4447645545e-01
-1.3313023746e-01
1.1534200907e+00
1.5508574247e+00
1.2771676779e+00
2.0176041126e-01
7.7185875177e-01
1.3922259212e-01
2.1534753963e-02
8.2548117638e-01
7.0160299540e-01
1.9661508799e+00
6.7854177952e-01
6.0445301235e-02
3.1699243933e-02
-1.9733219147e+00
-1.6703444719e+00
-4.4032967091e-01
-1.5156944096e-01
-1.0223711282e-01
-6.5628647804e-01
6.7358374596e-01
-9.1865217686e-01
5.7030260563e-02
-1.4989064634e-01
-1.8160808086e+00
-6.1217963696e-01
-1.1089555025e+00
-2.0771687031e+00
-2.2957290709e-01
-6.7004901171e-01
1.3466735184e-01
5.6357532740e-01
-3.7650579214e-01
6.3765537739e-01
-6.5626345575e-02
4.7110595703e+00
4.2075376511e+00
3.5559406281e+00
3.2783882618e+00
2.5625934601e+00
-6.1037194729e-01
7.7755874395e-01
2.2359758615e-01
-2.9218226671e-01
-1.3534253836e-01
2.7542832494e-01
2.7808988094e-01
-1.0011117905e-01
4.3209233880e-01
4.3331515789e-01
6.2943249941e-02
5.3738415241e-01
-2.7474713326e-01
4.4008633494e-01
5.6323498487e-01
-2.6406934261e+00
-1.2969076633e+00
-2.9277300835e+00
-3.4648203850e+00
-3.4968636036e+00
-7.5017088652e-01
3.4348256886e-02
1.4690995216e-01
-1.2179837227e+00
-4.3688554764e+00
-2.5851604939e+00
-2.1135776043e+00
-1.1015861034e+00
-1.0505462885e+00
-2.2482086718e-01
9.4852641225e-02
1.1754691601e+00
1.4732341766e+00
1.3238041401e+00
2.0321319103e+00
-4.3317070007e+00
-9.6423608065e-01
-2.6457619667e+00
-5.8849591017e-01
5.9242714196e-02
1.3989164829e+00
5.6464856863e-01
-1.2463066578e+00
-1.2409139872e+00
1.9291052222e-01
-1.0665608644e+00
1.6290860176e+00
-3.8202190399e-01
-1.1460007429e+00
5.4912412167e-01
-2.0343394279e+00
5.5336594582e-02
6.5143352747e-01
-7.4103951454e-02
2.2164764404e+00
-2.3026087284e+00
-3.4918646812e+00
-4.0295538902e+00
-2.6988770962e+00
-1.1513150930e+00
3.5267093778e-01
-1.6011589766e+00
-1.9801704884e+00
-1.8976142406e+00
-1.1703039408e+00
6.0288995504e-01
2.6032233238e-01
-3.3000856638e-01
-1.2855085135e+00
-1.5863795280e+00
-1.0843753070e-01
3.6431279033e-02
-1.3347926736e-01
1.6117678881e+00
1.8103064299e+00
2.9406571388e-01
-7.0603013039e-01
-2.2268059254e+00
-9.2886865139e-01
1.0600208044e+00
1.5903656483e+00
1.7664609849e-01
1.6419696808e-01
2.0694813728e+00
1.2958440781e+00
2.0209834576e+00
2.1849498153e-01
-8.6197412014e-01
-3.7094621658e+00
-3.2498388290e+00
1.1314531565e+00
1.9276593626e-01
4.0796396136e-01
1.8489272594e+00
3.1395282745e+00
-3.0560153723e-01
-9.8226642609e-01
-5.8317995071e-01
5.5444842577e-01
1.8101454973e+00
-3.5044708848e-01
-1.4571100473e+00
-6.5426254272e-01
-1.1260195971e+00
-2.4419333935e+00
-1.2532167435e+00
-4.1758504510e-01
-9.5426315069e-01
-1.0126264095e+00
-2.2254397869e+00
2.4712527171e-02
-4.4282606244e-01
-1.1290450096e+00
8.3475035429e-01
6.6378682852e-01
3.9488351345e-01
7.1744114161e-02
-4.5138505101e-01
-7.4019670486e-01
-1.3615897894e+00
-3.6276836395e+00
-1.5032600164e+00
-1.6215958595e+00
4.2168053985e-01
3.6245316267e-01
-4.8412925005e-01
1.9082165956e+00
1.1496338844e+00
-4.4209542274e+00
-5.3042254448e+00
-6.4087820053e-01
-6.2388253212e-01
-4.0460690856e-01
-2.3443864286e-01
-1.0148352385e+00
2.7160215378e-01
-8.2478344440e-01
-3.3891403675e+00
-2.0586681366e+00
7.3005115986e-01
1.5891133249e-01
-4.2446199059e-01
-1.1192609370e-01
-1.3442846537e+00
-1.1760834455e+00
-2.1125521660e+00
-2.4390389919e+00
-1.2155419588e+00
-7.2479331493e-01
-6.5941178799e-01
1.4592753649e+00
1.0249205828e+00
-1.2301191688e-01
3.1712123752e-01
2.6502597332e-01
3.7665963173e+00
1.7985063791e+00
-5.1648306847e-01
2.1300351620e+00
4.6509413719e+00
6.6128778458e-01
2.0223566890e-01
-2.9340708256e-01
-3.5200795531e-01
1.8423933983e+00
-1.5029020309e+00
-7.6794080436e-02
1.1078777164e-01
-3.0960598961e-02
-5.0334207714e-02
8.6120414734e-01
1.0156357288e+00
2.5420787930e-01
2.7654859424e-01
2.2546637058e-01
-1.7827186584e+00
3.1990727782e-01
1.5595686436e+00
-2.1312823296e+00
-6.2787775993e+00
2.1801762581e+00
9.5501732826e-01
4.4454522431e-02
-4.8698034883e-01
2.3418711126e-01
-5.6048142910e-01
4.8480711877e-02
-6.5771383047e-01
3.5895290971e-01
6.0121905804e-01
-2.0341274738e+00
-2.0632772446e+00
-3.3977820873e+00
-2.7226572037e+00
-1.9862021208e+00
-3.8273875713e+00
-2.1261963844e+00
-6.9758391380e-01
-1.1723569632e+00
-5.3031164408e-01
-2.6633698940e+00
-2.5100430846e-01
-6.2109506130e-01
4.8921215534e-01
9.0326821804e-01
-1.3686151505e+00
6.1367863417e-01
7.2301852703e-01
1.4997541904e+00
6.1598712206e-01
1.1817588806e+00
1.8767471313e+00
-1.4630584717e+00
-1.7437881231e-01
-1.0269472599e+00
1.9565209150e+00
6.8971884251e-01
-1.1845184565e+00
-5.9556245804e-01
-1.4450519346e-02
-8.7211406231e-01
-5.5753058195e-01
-1.2923455238e+00
5.7971733809e-01
2.5276415348e+00
-1.7844510078e+00
3.2291018963e-01
-1.0623078346e+00
1.2404136360e-01
-1.0462220907e+00
1.4175682068e+00
6.2775021791e-01
2.0547447205e+00
-8.4812529385e-02
-1.7766907215e+00
-6.0724771023e-01
9.0466243029e-01
-4.0934163332e-01
-1.3451536894e+00
-2.8556643054e-02
-6.4961880445e-01
2.7066883445e-01
-2.8215026855e+00
-2.5007653236e-01
1.3040188551e+00
1.4266238213e+00
1.2832490206e+00
1.0510123968e+00
1.7693748474e+00
1.2627635002e+00
1.1894038320e-01
-1.0448217392e+00
4.1616973281e-01
-1.4144425392e+00
-2.9764456749e+00
-6.3997612000e+00
-4.3968739510e+00
-2.6319973469e+00
-4.4204714894e-01
-9.4508570433e-01
3.3630013466e+00
4.1437821388e+00
9.0258115530e-01
3.4021601081e-01
-5.6036430597e-01
-1.0299236774e+00
-1.5100499988e-01
-5.4410498589e-02
-3.3002480865e-01
1.1679382324e+00
-1.9252144098e+00
-5.9625458717e-01
-2.4362307787e-01
-1.1634857208e-01
-6.6442161798e-01
-2.0870597363e+00
-8.8815772533e-01
-9.3116557598e-01
-2.1053805351e+00
-3.4430544376e+00
6.4702838659e-01
2.6749664545e-01
2.3649476469e-01
-6.5886378288e-01
-5.2552109957e-01
8.9835792780e-02
1.9479629397e-01
4.8377037048e-01
6.4434432983e-01
8.7144929171e-01
1.1730074883e+00
2.7838461399e+00
1.9480493069e+00
7.9229706526e-01
-4.9430435896e-01
-1.8003784418e+00
-9.6221256256e-01
-7.8200697899e-01
-8.4416639805e-01
-1.1174365282e+00
2.6426062584e+00
4.7634398937e-01
-1.9136920571e-01
-2.1532344818e+00
-1.2117966413e+00
-2.0133948326e+00
-1.2344118357e+00
-4.7292814255e+00
-7.6126056910e-01
1.2197988033e+00
1.0776277781e+00
2.8558454514e+00
1.9828646183e+00
2.2503387928e+00
-2.5196072459e-01
1.0667347908e+00
2.0747683048e+00
4.5649060607e-01
-8.6163300276e-01
-2.5640430450e+00
4.9538555741e-01
-2.8633928299e-01
-1.8138977289e+00
-2.1735410690e+00
-4.8714476824e-01
6.6045087576e-01
1.1939719915e+00
5.6278085709e-01
1.0778782368e+00
1.2876515388e+00
-9.4685834646e-01
-6.8322032690e-01
-3.6129977703e+00
-4.3982005119e-01
3.4463465214e-01
5.5597871542e-01
-2.7735385299e-01
-1.1401987076e+00
-2.4427559376e+00
-2.2621252537e+00
2.6923827827e-02
1.0905548185e-01
7.0254832506e-01
4.6034544706e-01
-2.4217289686e-01
-2.1693207324e-01
1.6369196773e-01
4.9299430847e-01
-2.4015428126e-01
-1.2926469743e-01
-1.0868734121e-01
-4.1872113943e-02
8.2997590303e-02
-1.2373150140e-01
-2.4068818986e-01
-1.4988071918e+00
3.1102925539e-01
-5.9427124262e-01
-1.7762265205e+00
-1.3640850782e+00
2.3844955862e-01
-1.5270306170e-01
-1.6874527931e-01
-8.8279503584e-01
2.4814356863e-01
-5.1387125254e-01
-6.2528806925e-01
2.3510836065e-01
7.4996769428e-01
4.5912346244e-01
-1.2937940359e+00
1.7109930515e-01
9.4659551978e-02
-1.8108217418e-01
-5.9909951687e-01
-1.7744815350e+00
-7.2726440430e-01
-4.1848975420e-01
-4.8747691512e-01
-1.0161687136e+00
-3.5957664251e-01
2.3569692671e-01
1.6953847408e+00
1.4910103083e+00
1.6401001215e+00
-1.2399967909e+00
-1.4718652964e+00
-1.2297606468e+00
-1.0142719746e+00
4.9460431933e-01
1.7935855389e+00
1.5645172596e+00
-3.3769452572e-01
-1.1158421040e+00
-3.9072647691e-01
-5.2488178015e-02
-4.1584631801e-01
-1.5039628744e+00
-1.7027094364e+00
-1.2182974070e-01
-3.8503417373e-01
-4.2959880829e-01
6.8190181255e-01
-2.7240863442e-01
-5.8341898024e-02
1.4802239835e-01
1.0085108280e+00
1.2380315065e+00
6.4597469568e-01
5.4515160620e-02
-3.0423548818e-01
-1.2361618131e-01
6.2914240360e-01
6.9866442680e-01
6.3787400723e-01
-4.6434704214e-02
1.4351595938e-01
-3.4172198176e-01
-1.1691870689e+00
-1.5464928150e+00
-1.9423811436e+00
-7.3423540592e-01
1.1153504848e+00
2.0902526379e+00
5.2501803637e-01
9.4983881712e-01
-4.7535324097e-01
-3.8211739063e-01
4.6668422222e-01
2.2414261103e-01
-1.1100875139e+00
-1.7491828203e+00
-2.1224009991e+00
-7.0101374388e-01
-1.8313430250e-01
6.4744472504e-01
3.9248356223e-01
-1.5731777996e-02
-3.8464829326e-01
-3.3340623975e-01
6.8454062939e-01
1.1633865535e-01
1.0251424313e+00
7.0628499985e-01
6.4028817415e-01
1.0995416902e-02
1.0251034498e+00
1.5650553629e-02
-5.8002942801e-01
-1.0708618164e+00
-3.7761065364e-01
4.3572768569e-02
1.4842924476e-01
-5.3434789181e-02
2.1176889539e-01
-1.7280110121e+00
-4.1374487877e+00
-1.1493562460e+00
-2.7912179008e-02
8.6698442698e-02
1.0380647182e+00
4.7078277916e-02
-5.3807771206e-01
-4.6324980259e-01
4.0979775786e-01
-1.0625839233e-01
-7.6893979311e-01
-1.6707020998e-01
-2.9127863050e-01
-3.2266309857e-01
9.2120242119e-01
8.4485465288e-01
1.1188266277e+00
4.3909642100e-01
-8.3450782299e-01
-3.7658447027e-01
-1.7078188062e-01
1.4574466646e-01
3.8876059651e-01
-1.0688763857e+00
-5.5065274239e-01
-9.0620678663e-01
-9.8162785172e-02
-9.3872481585e-01
-1.0083304644e+00
-3.0283210278e+00
-1.1206209660e+00
-2.7085843682e-01
7.0309329033e-01
9.8371112347e-01
-7.0680505037e-01
-6.8887665868e-02
2.5434637070e-01
4.2070871592e-01
1.2091953754e+00
-1.9767183065e+00
-5.3802567720e-01
-9.3517917395e-01
-6.6763436794e-01
-9.9233075976e-02
1.8312023580e-01
3.8825890422e-01
8.5801136494e-01
7.5354528427e-01
1.1053812504e+00
-2.2995674610e-01
3.2216629386e-01
1.2034551241e-02
5.0057631731e-01
4.5050617307e-02
5.0298035145e-01
5.4337430000e-01
9.1918361187e-01
3.8812142611e-01
7.1805310249e-01
-1.1577718258e+00
-1.4929983020e-01
-3.9223123342e-02
-3.3181232214e-01
-2.0896489918e-01
4.6106180549e-01
-3.2126003504e-01
3.0749720335e-01
2.7596279979e-01
-3.7975421548e-01
7.3524993658e-01
4.6854266524e-01
7.4120098352e-01
-5.1358770579e-02
-6.6967718303e-02
2.7744281292e-01
1.6747297347e-01
4.0356084704e-01
7.5038385391e-01
-1.2038678676e-01
4.3593652546e-02
-1.8757355213e-01
1.3924591243e-01
4.9904927611e-01
6.4956074953e-01
-4.6829074621e-01
2.9057881236e-01
-5.0091296434e-01
2.4639672041e-01
4.4517391920e-01
1.2039715052e-01
2.1319048107e-01
-5.4086959362e-01
1.1650253832e-01
2.7509140968e-01
1.7004435062e+00
1.2177038193e+00
1.1975265741e+00
1.4393185377e+00
1.0976829529e+00
-4.3561196327e-01
2.2573351860e-01
2.1432392299e-01
-2.3828445375e-01
-3.7780010700e-01
-6.7815196514e-01
-1.9321192503e+00
-1.9977282286e+00
-8.9297288656e-01
2.1608377993e-01
3.6639750469e-03
-8.1377916038e-02
1.3549047709e-01
7.8279845417e-02
9.0080541372e-01
-1.3682308197e+00
-1.1203827858e+00
5.6758034229e-01
5.4171407223e-01
1.1261428595e+00
-3.9350691438e-01
9.5375007391e-01
-7.4903570116e-02
5.1079457998e-01
5.8869522810e-01
1.5246380568e+00
5.9524703026e-01
5.9107047319e-01
2.7373188734e-01
7.0888027549e-03
8.0776251853e-02
-3.5062018782e-02
-1.7216704786e-01
5.2892887592e-01
5.6451290846e-01
6.5835934877e-01
6.0301691294e-01
8.2216352224e-01
1.9630938768e-01
-4.6076875925e-01
1.5485090017e+00
8.9258962870e-01
4.8690760136e-01
-8.4255777299e-02
-2.3633962870e-01
-3.9792847633e-01
-7.0059984922e-01
-4.2414060235e-01
-9.1364957392e-02
-4.7725059092e-02
6.7501902580e-02
2.6893457770e-01
3.4663057327e-01
9.2041456699e-01
9.3983417749e-01
3.6255258322e-01
9.4689458609e-02
2.3921932280e-01
-4.4696416706e-02
-6.9744622707e-01
-4.1650497913e-01
-1.1136102676e+00
-1.7542861402e-01
-1.1516284943e+00
-1.0889202356e+00
-2.5354152918e-01
-3.8392305374e-01
-8.1448785961e-02
6.0435956717e-01
1.3830971718e+00
-4.0010753274e-01
-6.1782550812e-01
-1.8422070742e+00
-8.5849392414e-01
1.7529310286e-01
9.2897182703e-01
4.4134315848e-01
-1.2011877447e-01
2.1568748355e-01
2.9483968019e-01
4.3127486110e-01
5.4741704464e-01
7.2426521778e-01
3.4538996220e-01
3.7068521976e-01
1.0560138226e+00
5.3623080254e-01
1.8012520671e-01
-4.7293710709e-01
-5.1453039050e-02
1.2251288444e-01
6.8978208303e-01
2.1765930951e-01
-5.3739416599e-01
-4.9855127931e-01
-6.7528015375e-01
-2.4949194491e-01
8.9967077971e-01
5.7475703955e-01
6.9300228357e-01
1.0273078829e-01
-2.8550165892e-01
-6.2980398536e-02
5.4500445724e-02
-8.4501314163e-01
6.9859331846e-01
-5.6795990467e-01
-1.0799795389e-01
8.8780656457e-02
-6.3447505236e-01
1.4525645971e+00
1.1103640795e+00
1.8281983137e+00
5.4306477308e-01
5.2697783709e-01
3.5064414144e-02
5.7871294022e-01
7.1358114481e-01
2.2180823982e-01
5.8329433203e-01
-4.0190367699e+00
-3.1318149567e+00
-4.2397675514e+00
1.4064371586e+00
1.2496813536e+00
1.4052964449e+00
1.0502482653e+00
6.9201797247e-01
1.5020166636e+00
6.2994860113e-02
-5.1348769665e-01
6.0252904892e-01
-2.1370794773e+00
-6.0870079994e+00
2.2349705696e+00
-1.5086706877e+00
-1.3546222448e+00
-9.7852808237e-01
-1.4243683815e+00
-1.1093615294e+00
-9.6826511621e-01
-1.1578859389e-01
-2.1937499046e+00
1.1088756323e+00
4.4840540886e+00
6.5968638659e-01
-8.4566879272e-01
-2.3310844898e+00
1.0264847279e+00
3.3079416752e+00
3.7079536915e-01
-1.9473615885e+00
3.8879057765e-01
5.9717822075e-01
-1.9401025772e+00
-1.2444002628e+00
-1.1826583147e+00
-4.4515252113e-02
-1.2518399954e+00
-3.0620751381e+00
8.0311793089e-01
-1.0716450214e+00
-1.7121404409e+00
1.3716005087e+00
-2.1208567619e+00
-6.7766183615e-01
2.2896797657e+00
-6.5629398823e-01
1.1377805471e+00
-5.2924263477e-01
-1.5355007648e+00
1.6254572570e-01
1.1794745922e+00
1.6450960636e+00
8.1754690409e-01
3.5911054611e+00
2.4452202320e+00
1.2602937222e+00
-1.2093332410e-01
-1.6861041784e+00
-2.2933864594e+00
-1.7145562172e+00
5.1332950592e-01
8.6514580250e-01
-1.1446526051e+00
-4.2823209763e+00
-1.1028816700e+00
-3.0523507595e+00
-1.3525873423e-01
3.2408456802e+00
4.0812668800e+00
-3.1635773182e-01
-1.0354717970e+00
-4.7243696451e-01
-1.0563710332e-01
1.4473970234e-01
-2.0726258755e+00
-1.8951067924e+00
6.3757908344e-01
-2.1940542385e-02
4.5355811715e-01
6.0561823845e-01
6.9336003065e-01
3.9937391877e-01
6.0708951950e-01
1.3205693662e-01
-2.1454808712e+00
-5.4272466898e-01
6.7274391651e-01
9.7223830223e-01
-2.2643313408e+00
-6.4729219675e-01
1.5596364737e+00
1.6375148296e+00
-1.2100999057e-01
9.8869925737e-01
2.6500873566e+00
7.3241633177e-01
-1.2626560926e+00
-2.7900129557e-01
1.2645802498e+00
7.6199603081e-01
-5.2620041370e-01
1.0475491285e+00
-6.6070485115e-01
-1.2792824507e+00
-8.9714437723e-01
-8.8651984930e-01
-2.0406260490e+00
-2.5694022179e+00
1.5868645906e-01
-2.6994624734e-01
5.0883437507e-03
2.4208603427e-02
-1.0347124338e+00
-1.2964700162e-01
8.3029165864e-02
7.2500383854e-01
3.3699050546e-01
8.4698945284e-01
3.5866549015e+00
6.8622624874e-01
-9.6607130766e-01
-3.1665849686e+00
-3.9450449944e+00
-8.5698217154e-01
-4.2318582535e-01
-2.4374605715e-01
5.5625939369e-01
1.8479590118e-01
-5.3023642302e-01
-3.3236052990e+00
-1.9152342081e+00
-1.6848117113e+00
-2.6999278069e+00
-2.8837094307e+00
-1.1195094585e+00
-1.2679108977e-01
-9.8782569170e-01
-7.0903337002e-01
1.5023863316e+00
5.8251423761e-03
9.8618429899e-01
7.3060965538e-01
4.5557153225e-01
1.3959783316e+00
-1.1975963116e+00
-1.7095730305e+00
-2.3432567120e+00
-2.1980507374e+00
1.1267747879e+00
6.3249564171e-01
-7.9713249207e-01
-6.4181154966e-01
-5.6643959135e-02
-1.5054769814e-01
2.7318197489e-01
6.9057309628e-01
6.2979376316e-01
1.3055755198e-01
-1.5819243193e+00
-1.9124641418e+00
-9.3375134468e-01
-1.2343358994e+00
-1.2531570196e+00
-3.0179250240e+00
-3.6515614986e+00
-4.9498882294e+00
-1.8016623259e+00
9.0643674135e-01
-2.4543137848e-01
-2.8825163841e+00
-3.1473731995e+00
-9.3589669466e-01
-1.0129709244e+00
-2.8688449860e+00
2.7635302544e+00
1.2906489372e+00
7.4165767431e-01
7.0989125967e-01
1.6357243061e+00
2.0072622299e+00
3.0209752731e-03
1.9660461694e-02
-3.1657975912e-01
-1.8818733692e+00
-2.6632073522e-01
1.2145730257e+00
7.6459251344e-02
-1.3268710375e+00
1.7690896988e+00
4.0618899465e-01
-1.1858271360e+00
1.5983037651e-02
-3.5220295191e-01
5.3274950981e+00
2.0980243683e+00
8.5366874933e-02
-1.3595070839e+00
-1.6796104908e+00
-6.3623197377e-02
-2.1945807338e-01
-9.0985015035e-02
1.0619094223e-01
7.6270896196e-01
-6.0844516754e-01
-1.2118757963e+00
-1.3359047174e+00
1.9036673307e+00
1.6586766243e+00
7.2058874369e-01
-7.4108189344e-01
-2.1736011505e+00
-2.9117631912e+00
-5.0420608521e+00
-1.3098165989e+00
-1.3845135458e-02
7.1517115831e-01
-4.3765142560e-01
2.1206367016e+00
-2.1896569729e+00
-1.6443796158e+00
9.1540825367e-01
3.9004971981e+00
1.4936481714e+00
5.5072766542e-01
-8.1618475914e-01
-4.6457624435e-01
7.7530068159e-01
1.1727447510e+00
4.6714419127e-01
6.7184734344e-01
1.0239119083e-01
-3.8156647235e-02
-8.2322710752e-01
-3.5236713886e+00
-1.6458022594e+00
-6.3780200481e-01
7.4175775051e-01
1.0275695324e+00
-3.7333524227e+00
-2.9223175049e+00
-2.6071279049e+00
-1.3335697353e-01
2.0285313129e+00
-1.2097120285e+00
-1.5543725491e+00
-1.8147786856e+00
-7.7372992039e-01
1.2289229035e-01
6.1483913660e-01
4.0516480803e-01
3.5799440742e-01
-1.2204679251e+00
-1.8950866461e+00
-2.6821281910e+00
-6.3208823204e+00
-2.3398051262e+00
-1.1241725683e+00
6.3929820061e-01
8.5045671463e-01
4.3052923679e-01
-5.2915698290e-01
-1.8765077591e+00
-1.8776394129e+00
6.3730496168e-01
2.1699231863e-01
1.5775073767e+00
1.0412412882e+00
-3.0749824643e-01
-4.6078944206e-01
8.0537116528e-01
-7.1880054474e-01
1.8214682341e+00
1.1727205515e+00
2.5319669247e+00
-7.9545807838e-01
-2.3271691799e+00
-2.3790607452e+00
-2.6883134842e+00
-1.6355137825e+00
-1.3730561733e+00
-1.6015169621e+00
4.0730854869e-01
9.3478530645e-01
3.2949352264e+00
3.2816047668e+00
2.9513505101e-01
-3.9956188202e-01
-2.2737758160e+00
1.6666085720e+00
1.1093113422e+00
7.5339359045e-01
6.5825420618e-01
7.8385335207e-01
-3.5524351597e+00
-1.5196481943e+00
-2.4002006054e+00
-2.5197494030e+00
2.3195860386e+00
-3.8979253173e-01
6.8384867907e-01
-9.8275041580e-01
-2.3832438886e-01
1.8010392785e-01
-5.8474552631e-01
-2.7666933537e+00
-2.6772296429e+00
-1.6853202581e+00
6.9315135479e-02
-4.7867913246e+00
-2.9485795498e+00
-1.5258548260e+00
-1.2558495998e+00
-1.0954394341e+00
1.2004757673e-01
1.5829528570e+00
1.2748051882e+00
8.4139209986e-01
1.9837862253e+00
5.3906774521e-01
-4.8285031319e+00
-1.1873761415e+00
-2.5019719601e+00
-3.0747311115e+00
7.6220756769e-01
1.8857179880e+00
-2.6086127758e-01
-8.8028585911e-01
5.6051379442e-01
-4.7916001081e-01
2.7578365803e-01
-1.7938642204e-01
-1.2032623291e+00
-1.9626116753e+00
-1.9176278114e+00
1.0518740416e+00
-1.9129872322e-01
2.3395228386e+00
3.9468216896e+00
-4.6833992004e+00
-3.7924015522e+00
-3.5774419308e+00
-3.1872303486e+00
-4.2314286232e+00
1.9980536699e+00
-2.4421153590e-02
-2.8951668739e+00
-3.5539264679e+00
-3.4263953567e-01
-2.3163128644e-02
-1.0015809536e+00
-1.6213334799e+00
-2.6858067513e+00
-3.7624137402e+00
4.1095056534e+00
2.0771317482e+00
6.4463669062e-01
-1.4366096258e-01
-6.8243241310e-01
1.6558771133e+00
1.8852748871e+00
4.4866329432e-01
8.6446219683e-01
1.5709874630e+00
-8.8651090860e-01
-1.3066971302e+00
2.2833836079e-01
-4.9196672440e-01
2.5741596222e+00
7.7410858870e-01
5.7291918993e-01
6.4222186804e-02
-2.2177784145e-01
2.3317227364e+00
6.1355739832e-01
8.7648683786e-01
1.3857206106e+00
2.9230530262e+00
3.3981645107e+00
-1.1770349741e+00
-8.7593637407e-02
-1.8141146898e+00
-2.8790948391e+00
-9.2505979538e-01
-1.2288016081e+00
-9.0937592089e-02
-7.6247882843e-01
-2.1196937561e+00
-4.9330182076e+00
-2.6527610421e-01
-3.3640911579e+00
-1.9718819857e+00
-3.1230235100e-01
-2.7531573176e-01
6.3968175650e-01
-9.9300587177e-01
2.6874270439e+00
2.1131498814e+00
-9.8487281799e-01
-6.5756350756e-01
-2.0540817082e-01
-4.6760922670e-01
-2.6376345754e-01
-8.3379191160e-01
-1.7742178440e+00
-6.2003588676e+00
-3.4524400234e+00
1.2333285995e-02
5.9137737751e-01
-7.1648335457e-01
-7.4265587330e-01
-9.3244004250e-01
-4.0309193730e-01
8.2453519106e-01
-1.2369817495e+00
-4.0346476436e-01
4.1080474854e-01
1.7906297445e+00
3.6109489202e-01
3.0487399101e+00
-9.1487222910e-01
-4.8247006536e-01
-1.3324389458e+00
4.4870610237e+00
2.9288470745e-01
8.1592148542e-01
1.8936585188e+00
1.3439891338e+00
-1.1546798944e+00
4.4518601894e-01
-2.6431353092e+00
-1.3881170750e+00
1.1377691031e+00
2.4152667522e+00
-8.0760169029e-01
2.5691667199e-01
2.6423582435e-01
1.1034858227e+00
-1.0180436820e-01
1.3920792341e+00
5.1458606720e+00
3.7879629135e+00
7.9306215048e-01
7.5021308661e-01
-1.0278780460e+00
1.3530045748e-01
5.7124875486e-02
-1.2441650033e-01
3.5797777772e-01
4.3589998037e-02
-1.9195351005e-01
1.3011654615e+00
-4.8408944160e-02
2.2183957100e+00
9.0793102980e-01
8.1214511395e-01
3.8905280828e-01
5.7856333256e-01
-4.7995623201e-02
-1.4993940592e+00
-2.6775002480e-01
-1.2928662300e+00
-4.8021876812e-01
-1.1890009642e+00
8.5991847515e-01
2.0518469810e+00
-4.7487524152e-01
1.1071193963e-01
2.6069629192e+00
-2.5305759907e+00
2.3509235680e-01
-5.3054499626e-01
-9.3587476015e-01
-5.8481389284e-01
4.6231594682e-01
-1.6744586229e+00
-4.3070621490e+00
-3.6816608906e+00
-7.9271149635e-01
-5.8098511696e+00
-2.4643809795e+00
-3.5129311681e-01
1.2128885984e+00
2.2853178978e+00
1.1436443329e+00
-5.5304318666e-01
1.6020288467e+00
-8.7011307478e-01
-2.2419998646e+00
1.4882966280e+00
-1.5424505472e+00
-1.4013193548e-02
-1.9262215123e-02
3.4869885445e-01
6.0530614853e-01
-9.4652092457e-01
4.6769266129e+00
9.6569575369e-02
-4.7708052397e-01
-1.1116663218e+00
-8.1956736743e-02
-3.8768368959e-01
-1.8858802319e-01
2.3270919323e+00
-2.2624864578e+00
-6.6680496931e-01
-4.2279449105e-01
1.7923498154e+00
1.8896331787e+00
5.7749015093e-01
-5.6319151074e-02
5.9474664927e-01
2.6505678892e-01
-7.3953294754e-01
4.6310630441e-01
1.5305757523e+00
-9.2816704512e-01
-1.2907289267e+00
-2.4935300350e+00
-2.9973566532e-01
-8.1702813506e-02
-8.0353212357e-01
-2.5732254982e-01
-6.8427413702e-01
5.0236964226e+00
1.9531941414e+00
2.0169284344e+00
1.9521521330e+00
2.2367815971e+00
4.0223425627e-01
1.6635680199e+00
1.8847059011e+00
2.0858039856e+00
1.7327085733e+00
1.4447066784e+00
9.1906702518e-01
5.9524726868e-01
-7.5918626785e-01
-3.8589987755e+00
-5.0857920647e+00
-3.2009954453e+00
-1.3720995188e+00
1.6581338644e+00
4.9739804864e-01
2.8309789300e-01
5.5641412735e-01
3.1305828691e-01
2.5603827834e-01
1.2687978745e+00
-3.6702403426e-01
-4.3088889122e-01
1.0208116472e-01
9.7213172913e-01
2.0170617104e-01
5.1563644409e-01
1.1617805958e+00
-7.3876708746e-01
-1.5206657648e+00
-3.0466823578e+00
-2.2611320019e+00
-3.5613362789e+00
-2.9023046494e+00
-4.3585934639e+00
-2.5566773415e+00
4.6759921312e-01
1.4816163778e+00
2.1358249187e+00
1.5880551338e+00
8.6303639412e-01
-1.6522166133e-01
5.3015148640e-01
5.5927938223e-01
1.1248319596e-01
1.7868135870e-01
-1.8209207058e+00
-1.9319312572e+00
-2.5364997387e+00
-1.9312280416e+00
6.4523380995e-01
-2.1810836792e+00
-1.0159505606e+00
6.9099307060e-02
-1.5101345256e-02
-2.0105327666e-01
1.0476543903e+00
1.1341280937e+00
1.0644344091e+00
9.5542347431e-01
-1.2114576101e+00
5.2639584541e+00
1.2503876686e+00
2.0627580583e-01
1.6871776581e+00
4.8201012611e+00
-5.8640992641e-01
-1.4989061356e+00
-8.4330183268e-01
1.3688589334e+00
2.0256626606e-01
2.5095465779e-01
1.0535627604e+00
2.0834350958e-02
-1.8890886307e+00
-3.3694693446e-01
-8.0336380005e-01
3.2721197605e-01
-1.9940035343e+00
-7.2330343723e-01
-1.2993038893e+00
-4.6349790692e-01
7.6304095984e-01
-4.6332371235e-01
-1.3032809496e+00
1.0845390558e+00
1.0386029482e+00
-3.9571267366e-01
5.2389752865e-01
-1.1777705699e-01
-2.4789707661e+00
-2.6062163711e-01
-1.4439446926e+00
-1.3321677446e+00
-2.8367159367e+00
-4.0181294084e-01
1.0169447660e+00
5.6799131632e-01
-2.1711025238e+00
-2.1065597534e+00
-2.3839879036e-01
1.5306937695e+00
4.9348205328e-01
-2.0087866783e+00
-1.5531369448e+00
-3.5645604134e+00
3.5588133335e-01
-1.2424213886e+00
-9.6764785051e-01
-3.6713024974e-01
9.8192811012e-01
2.3367073536e+00
8.7264180183e-01
-4.9150519371e+00
-4.5986456871e+00
-6.0741457939e+00
-2.9453513622e+00
-9.9566328526e-01
-8.0549478531e-02
2.1487683058e-01
-3.4460341930e-01
1.9890255928e+00
2.0016524792e+00
-3.9636361599e-01
-1.2118082047e+00
-2.1686332226e+00
2.9452297688e+00
2.4935512245e-01
-3.5710498691e-01
3.5117578506e-01
8.3218526840e-01
3.1646914482e+00
3.8865759373e+00
1.6824517250e+00
9.2559874058e-01
-8.8605248928e-01
1.6274037361e+00
1.4319163561e+00
-7.8697484732e-01
-8.5818463564e-01
-1.3514871597e+00
8.1623333693e-01
-9.3237936497e-01
-4.3518704176e-01
-9.4539290667e-01
-4.1182560921e+00
-2.3999910355e+00
-1.7743986845e+00
2.4536746740e-01
1.4059040546e+00
-1.2127145529e+00
-4.4141159058e+00
-1.4537280798e+00
-6.9193458557e-01
-3.0995082855e-01
9.7018778324e-01
-3.8179566860e+00
-3.0139172077e+00
-3.9114401340e+00
-3.3996672630e+00
-5.0485615730e+00
-9.7141183913e-02
-2.4903985858e-01
-6.4778041840e-01
-5.5588030815e-01
-1.0180616379e+00
-2.7457702160e-01
-1.3752862215e+00
-3.9661536217e+00
-2.3442914486e+00
-2.1415531635e+00
5.0949227810e-01
1.2810343504e+00
1.9813832045e+00
-6.6441334784e-02
-5.5209332705e-01
-6.1588549614e-01
-1.0695425272e+00
-1.0060166121e+00
-2.1379811764e+00
-4.1829295158e+00
3.4830105305e-01
-1.6417163610e-01
-1.5872939825e+00
-5.3623855114e-01
-5.3868389130e-01
-2.4378056526e+00
-3.2403770089e-01
-1.4453045130e+00
1.7560105324e+00
1.2975839376e+00
1.5078932047e+00
1.3731412888e+00
1.3747278452e+00
1.5250046253e+00
1.8041949272e+00
1.5043039322e+00
1.8297466040e+00
-8.5159915686e-01
-2.6269869804e+00
-1.3197275400e+00
-1.3826260567e+00
-3.2553470135e+00
-1.2273328751e-01
2.2530661523e-01
4.6037923545e-02
-1.6594247818e+00
-2.9060533643e-01
1.2791489363e+00
1.2611631155e+00
-1.4765550196e-01
1.8414430618e+00
6.5910893679e-01
-4.9241180420e+00
-4.2963495255e+00
-2.4763960838e+00
-6.6514283419e-01
-6.2115204334e-01
-3.6830028892e-01
-1.1805791408e-01
4.2045608163e-01
3.6378198862e-01
-1.6015362740e-01
-1.2098023891e+00
-1.2883801460e+00
-1.3275008202e+00
2.6134314537e+00
1.9889512062e+00
7.6437944174e-01
4.9879392982e-01
3.3245781064e-01
-1.8158766031e+00
-2.1784307957e+00
-9.7352957726e-01
1.3251507282e+00
3.5827127099e-01
1.4747648239e+00
2.7541229129e-01
9.7296305001e-02
1.0665730238e+00
9.4762921333e-01
3.8112738132e+00
-2.8206425905e-01
-1.5982794762e+00
-3.4901091456e-01
-1.3850579262e+00
5.6323403120e-01
1.0489259958e+00
-1.9384889305e-01
-2.3332610726e-01
-1.1081413180e-01
1.8617981672e+00
-1.0668288469e+00
-3.0327641964e+00
-8.9406466484e-01
-2.9452102184e+00
-3.4846107960e+00
-2.7193863392e+00
-2.9297554493e+00
-2.2604024410e+00
5.2023511380e-02
-1.3560737371e+00
-4.9687629938e-01
-5.3989368677e-01
5.4791545868e-01
-1.0057685375e+00
7.0173931122e-01
9.2269241810e-01
1.1785356998e+00
2.8726476431e-01
-1.6932659149e+00
2.4526770115e+00
-1.5185036659e+00
-2.9886376858e+00
-1.8948997557e-01
-2.1471149921e+00
3.1035575867e+00
2.9764721394e+00
-1.5477570295e+00
-5.5338162184e-01
-2.5909726620e+00
2.4620592594e+00
4.8049238324e-01
-2.3529937267e+00
-1.0341738462e+00
-1.8223025799e+00
-2.7596411109e-01
2.0185175538e-01
6.4397469163e-02
1.0000233650e+00
8.0469030142e-01
-4.9741978645e+00
-6.4855580330e+00
-4.4428882599e+00
-1.2235318422e+00
4.4268652797e-01
-7.1315932274e-01
-1.5989494324e+00
-2.3692851067e+00
-1.4027593136e+00
6.1305505037e-01
-6.4969503880e-01
-2.9218789935e-01
-2.1410090923e+00
-5.5067501962e-02
-9.5784479380e-01
-1.4374512434e+00
-1.2132043839e+00
-5.8225071430e-01
-1.1551820040e+00
-1.8697645664e+00
-8.0599445105e-01
-7.9042118788e-01
2.7739441395e-01
9.7916132212e-01
4.1061753035e-01
-1.7213871479e+00
5.6671911478e-01
-2.1467850208e+00
-1.7298446894e+00
-3.3102636337e+00
-1.1931611300e+00
-6.4852374792e-01
-5.4222410917e-01
-1.5060760975e+00
1.0630351305e+00
-4.3166035414e-01
-4.7622597218e-01
-1.7149937153e+00
-1.5998798609e+00
-2.8325164318e+00
-4.2467030883e-01
-1.0547583103e+00
-1.9283940792e+00
-1.7039761543e+00
-1.2042670250e+00
-6.1909776926e-01
-2.2363418341e-01
-1.4357318878e+00
8.1668365002e-01
9.2838060856e-01
7.5396019220e-01
3.3746346831e-01
2.2140238434e-02
9.5774352551e-01
-6.8394076824e-01
1.1763639450e+00
1.2931288779e-01
-4.3950906396e-01
-1.3797012568e+00
-1.5972498655e+00
3.2462849617e+00
1.9185789824e+00
5.2278935909e-01
-2.1103864908e-01
-1.1258459091e+00
9.7796869278e-01
1.2755080462e+00
1.8067443371e+00
2.2959971428e+00
1.7100508213e+00
-1.6930559874e+00
3.1854498386e-01
8.7765085697e-01
1.1874241829e+00
9.3648236990e-01
2.8358960152e+00
5.5829471350e-01
-2.5619983673e+00
-2.3043978214e+00
4.9661812186e-01
-7.2259269655e-02
8.5399943590e-01
1.3926823139e+00
5.5755800009e-01
-3.9459691048e+00
-2.1780765057e+00
-1.0858491659e+00
-4.1214596480e-02
1.1958734989e+00
-6.8438017368e-01
-1.3725861311e+00
-1.1366758347e+00
-2.8271107674e+00
-4.4728851318e+00
-2.9259338379e+00
8.9617818594e-01
7.5350725651e-01
-3.2357308269e-01
-1.4237259626e+00
-7.7810108662e-01
-1.6244504452e+00
-1.0202783346e+00
4.7605070472e-01
1.1370820999e+00
8.8798797131e-01
-5.9005208015e+00
-2.8335044384e+00
-1.4682434499e-01
9.9064725637e-01
1.1481592655e+00
-3.5793986320e+00
-5.0301699638e+00
-1.5711244345e+00
2.7310752869e-01
4.3980577588e-01
2.2406660020e-01
1.0915437937e+00
-9.6521294117e-01
1.3128744066e-01
-8.4100121260e-01
7.4567621946e-01
-1.0861597955e-01
1.0222177505e+00
4.3788772821e-01
1.2122761011e+00
-3.5528526306e+00
-3.1581683159e+00
-3.2588181496e+00
-3.4292485714e+00
-3.1891105175e+00
-1.4785703421e+00
-3.6697754264e-01
-4.6279427409e-01
-8.1645697355e-01
-1.0778446198e+00
2.8425743580e+00
2.8567423820e+00
2.3120126724e+00
9.0721160173e-01
8.3479672670e-01
-2.8578842059e-02
1.8203805387e-01
-1.5044759512e+00
-2.1606738567e+00
-2.6034677029e+00
8.2649660110e-01
7.6742637157e-01
-2.9479613528e-02
-1.7792819440e-01
3.5616415739e-01
1.9913297892e+00
1.6128187180e+00
1.8988448381e+00
1.9845799208e+00
1.7140249014e+00
2.0802025795e+00
2.1971318722e+00
1.9803187847e+00
1.4391217232e+00
9.4269752502e-01
3.5080022812e+00
4.8594613075e+00
6.5256681442e+00
8.1976337433e+00
6.8185648918e+00
2.5549364090e+00
2.2707746029e+00
2.6680278778e+00
2.5885825157e+00
2.7118444443e+00
6.3119000196e-01
9.8141735792e-01
1.4454855919e+00
1.1972368956e+00
1.7181980610e+00
3.6861257553e+00
2.2624430656e+00
1.3072177172e+00
1.1929368228e-01
1.2751365900e+00
1.2942364216e+00
6.5675103664e-01
4.3651294708e-01
-1.5859885514e-01
7.8896415234e-01
-1.9771008193e-01
-2.8799635172e-01
7.2134822607e-01
1.1804931164e+00
8.2383775711e-01
1.3292652369e+00
1.1512902975e+00
1.2389764786e+00
1.9351127148e+00
2.6557950974e+00
-8.2343047857e-01
-6.4614397287e-01
1.9081830978e-01
-1.1108690500e-01
-6.6672545671e-01
9.7220689058e-01
1.8585879803e+00
1.7701390982e+00
6.4358270168e-01
9.5623540878e-01
-2.4652636051e+00
-3.1528198719e+00
-2.3160839081e+00
-3.4783735275e+00
-3.3878874779e+00
5.0191628933e-01
-4.1058325768e-01
-6.3889753819e-01
-4.5243990421e-01
-5.0527787209e-01
1.5137904882e-01
7.7828764915e-01
1.4583154917e+00
2.7410628796e+00
2.6905820370e+00
-1.3621807098e+00
-1.1869484186e+00
-1.5240331888e+00
-1.7028261423e+00
-1.6538763046e+00
1.9550588131e+00
1.5604178607e-01
-9.6912860870e-01
-2.0922560692e+00
-1.1176959276e+00
5.8253037930e-01
7.4088704586e-01
1.5178808570e-01
-8.5779649019e-01
-1.0347005725e-01
-9.3753391504e-01
-9.7120964527e-01
-8.2525193691e-01
-4.5781731606e-01
1.7833081484e+00
2.8570394516e+00
3.2509107590e+00
1.9553732872e+00
1.8766480684e+00
1.0754792690e+00
3.9430758357e-01
2.8829663992e-01
1.0956056118e+00
1.2098683119e+00
1.2423143387e+00
-1.0428917408e+00
-7.2292828560e-01
-8.0159157515e-01
-2.5591984391e-01
-1.0377342701e+00
-2.6045320034e+00
-3.3194923401e-01
-5.0881576538e-01
-1.7901932001e+00
-3.5193536282e+00
2.7757608891e-01
1.1254440546e+00
3.5265105963e-01
7.6449686289e-01
7.2416502237e-01
1.5905967355e-01
-4.7484123707e-01
-1.4988491535e+00
-1.4137172699e+00
-1.3027154207e+00
1.4178317785e+00
9.7302186489e-01
5.6651079655e-01
-1.4424224198e-01
1.2492537498e+00
-2.3089583218e-01
-1.6688232422e+00
-1.9244229794e+00
-1.7228161097e+00
-1.6764280796e+00
-3.8082075119e-01
1.2748430967e+00
3.0320439488e-02
-6.3927632570e-01
-2.0537130535e-01
2.1323018074e+00
1.7120593786e+00
2.9077808857e+00
1.8947587013e+00
4.6784262657e+00
-4.7657718658e+00
-3.4856138229e+00
-2.9608874321e+00
-3.8025071621e+00
-4.1403608322e+00
5.6049233675e-01
1.2823820114e+00
1.5884621143e+00
1.4990553856e+00
1.3971788883e+00
6.7355668545e-01
1.7168949842e+00
1.6073738337e+00
1.0550245047e+00
5.7133930922e-01
5.7666057348e-01
1.0948079824e-01
-1.2508875132e+00
-1.7728407383e+00
-1.4413210154e+00
-3.7723079324e-02
-3.3546912670e-01
-1.2070914507e+00
-1.4485073090e+00
-1.5076377392e+00
-4.7985959053e-01
-6.4574474096e-01
-1.9021590054e-01
-3.1040349603e-01
8.7103414536e-01
1.6038068533e+00
1.6590939760e+00
1.5823462009e+00
8.2100641727e-01
1.9069062471e+00
3.5311469436e-01
8.2389736176e-01
1.2855110168e+00
1.9719953537e+00
1.7958337069e+00
7.1480590105e-01
4.2888796329e-01
1.6506654024e+00
4.4308611751e-01
6.0236799717e-01
-1.6528077424e-01
9.3258297443e-01
1.8378998041e+00
2.2215299606e+00
3.8856210709e+00
-5.9764945507e-01
-4.2705950141e-01
-1.4103785753e+00
-7.2789305449e-01
-6.1404275894e-01
1.3627355099e+00
8.5468369722e-01
1.3220481873e+00
2.6666936278e-01
6.3281548023e-01
-3.8290032744e-01
4.1083091497e-01
4.1308432817e-01
9.1034233570e-01
1.2899940014e+00
-4.8164820671e-01
-1.1430883408e+00
-1.3949229717e+00
-8.7426084280e-01
-1.2832933664e+00
-7.0355784893e-01
-1.0075186193e-01
-2.4483938515e-01
1.2530447245e+00
3.0442621708e+00
1.2467037439e+00
1.2852232456e+00
1.2787401676e+00
7.4864000082e-01
1.0897773504e+00
-1.8097796440e+00
-1.2716382742e+00
-9.9503117800e-01
-6.2731373310e-01
-1.1336961985e+00
-1.6842955351e+00
-1.9416882992e+00
-1.9630006552e+00
-2.9621653557e+00
-3.3779377937e+00
2.0435303450e-01
-8.3696804941e-02
-3.3497971296e-01
-7.4881815910e-01
4.7107294202e-01
-1.6741980314e+00
-9.4516527653e-01
-8.2510769367e-01
-4.8003381491e-01
-3.8238760829e-01
1.1937943697e+00
8.5102486610e-01
5.9187954664e-01
2.2078739107e-01
9.4542670250e-01
-6.8052607775e-01
-5.6700450182e-01
-2.1649833024e-01
-1.4909104109e+00
-9.7957700491e-01
-3.4402685165e+00
-2.6634147167e+00
-2.5834779739e+00
-3.1177961826e+00
-3.1272075176e+00
8.0398571491e-01
3.0309394002e-01
-9.5797801018e-01
1.3454911113e-01
1.0275248289e+00
1.0506085157e+00
5.1680606604e-01
8.3965164423e-01
6.0703843832e-01
1.9651312381e-02
8.0735839903e-02
-8.8725554943e-01
-2.0632989407e+00
-2.0165715218e+00
-1.4639484882e+00
2.3120148182e+00
1.8045057058e+00
1.8166658878e+00
1.8610477448e+00
3.1040608883e+00
9.4764143229e-01
1.5597048998e+00
2.5802826881e-01
2.7473184466e-01
1.3123364449e+00
-2.6740510464e+00
-1.8576797247e+00
-1.7587890625e+00
-7.3612016439e-01
8.3133280277e-01
-2.5718610287e+00
-1.1305973530e+00
-4.7189870477e-01
1.9085971117e+00
1.6149513721e+00
-1.1689836979e+00
-1.7200958729e+00
-2.1638407707e+00
-1.8371665478e+00
-1.7582302094e+00
-2.1581678391e+00
-2.3156182766e+00
-1.8127353191e+00
-1.0042462349e+00
-6.8830531836e-01
-6.0908288956e+00
-4.5249357224e+00
-2.9258358479e+00
-4.5096185803e-01
7.9678690434e-01
7.2005224228e-01
1.6541193724e+00
1.7514560223e+00
1.6742419004e+00
1.9047698975e+00
1.6957360506e+00
-3.6983066797e-01
2.0350325108e+00
2.9751521349e-01
2.1845798492e+00
1.6888364553e+00
7.1019452810e-01
-5.9223693609e-01
-1.4414047003e+00
2.7824214101e-01
-9.6234279871e-01
7.6084667444e-01
-2.7472952008e-01
-1.4414855242e+00
-9.6077072620e-01
-1.0807882547e+00
1.2666551769e-01
6.0936135054e-01
2.0650584698e+00
2.7130255699e+00
-3.6501336098e+00
-2.3967058659e+00
-1.7486140728e+00
-1.4769629240e+00
-1.7832514048e+00
1.3236167431e+00
1.3887561560e+00
-1.2720280886e+00
-1.0116143227e+00
1.4879069328e+00
2.4668268859e-01
-5.5784922838e-01
-2.3324625492e+00
-2.6292378902e+00
-3.1025393009e+00
4.5651788712e+00
2.4207911491e+00
1.1350437403e+00
1.1920138597e+00
7.6302653551e-01
2.3320083618e+00
7.0672136545e-01
1.8965823948e-01
-1.4663404226e-01
4.0470412374e-01
8.3197003603e-01
1.2372779101e-01
3.6920943856e-01
1.4231592417e+00
3.3202714920e+00
-6.1338150501e-01
-4.3789073825e-01
1.9751071930e-02
-2.2371301055e-01
7.1122223139e-01
6.7395335436e-01
6.4014065266e-01
3.7449559569e-01
3.1296718121e+00
4.9649877548e+00
-2.1636334062e-01
-5.0073730946e-01
-2.1939480305e+00
-3.8798961639e+00
-1.8475873470e+00
1.5104700327e+00
1.2422236204e+00
8.4036475420e-01
-4.6196299791e-01
-2.6873941422e+00
-2.2743239403e+00
-4.4440760612e+00
-2.9956960678e+00
7.7522784472e-01
5.0100046396e-01
-7.5392419100e-01
-5.7726854086e-01
2.9595725536e+00
3.2876856327e+00
2.7669792175e+00
-1.0865899324e+00
-3.7394544482e-01
-5.8963680267e-01
-1.2824608088e+00
-2.3519952297e+00
-3.2321724892e+00
-6.3799605370e+00
-4.1443352699e+00
3.5569113493e-01
1.7699725628e+00
5.6964594126e-01
2.3730133474e-01
1.9950534403e-01
-1.4101212025e+00
-1.5723762512e+00
-1.7842389345e+00
-1.0995149612e+00
2.2864151746e-02
1.4083600044e+00
1.4804990292e+00
3.6358721256e+00
-5.2227228880e-01
5.8598279953e-01
2.1480972767e+00
2.4938855171e+00
1.3696429729e+00
1.2131119967e+00
1.5776003599e+00
1.8400093913e-01
-6.5549677610e-01
-7.7416849136e-01
-3.1623415947e+00
-2.8760991096e+00
-1.5803098679e-01
2.1479310989e+00
-1.2480945587e+00
-1.4548219740e-01
-1.9025911391e-01
1.2905364037e+00
-4.4727314264e-02
3.6725678444e+00
3.1119656563e+00
3.1897306442e+00
1.2451983690e+00
3.4724931717e+00
-4.5555141568e-01
2.1714368835e-02
-6.1660688370e-02
-7.9213219881e-01
-1.8387956917e-01
3.2265646458e+00
1.0046669096e-01
3.2352330685e+00
4.0773863792e+00
4.4838080406e+00
1.2631404400e+00
2.6942268014e-01
-1.2536148727e-01
4.3611887097e-01
7.5452542305e-01
-6.4617121220e-01
6.7584052682e-02
-3.4270140529e-01
-1.0933079571e-01
-1.4161669016e+00
1.1616270542e+00
1.0658613443e+00
-2.1295078099e-01
-4.3878588825e-02
3.7620386481e-01
-1.5070540905e+00
2.6979118586e-01
-1.2551894188e+00
-1.2289990187e+00
4.6496030688e-01
-7.6242035627e-01
-2.3388135433e+00
-5.4172215462e+00
-5.9882640839e+00
-3.6439828873e+00
-4.7408151627e+00
-1.6966480017e+00
6.3921421766e-01
2.5152120590e+00
2.3501014709e+00
9.6236902475e-01
8.8458317518e-01
1.0670802593e+00
-1.1408944130e+00
2.0752568245e+00
1.6670216322e+00
-2.2316625118e+00
-8.3791553974e-01
1.2188121080e+00
2.8091423512e+00
2.6820983887e+00
3.1394605637e+00
3.1546666622e+00
-7.8684687614e-01
-1.0794221163e+00
4.9889495969e-01
1.6543505192e+00
-4.3106757104e-02
-1.0553863049e+00
1.7831426859e+00
-1.1648293734e+00
-7.6140928268e-01
-2.9102420807e-01
2.0831787586e+00
3.2163915634e+00
6.6345399246e-03
-1.2273523957e-01
6.4800161123e-01
2.8913533688e-01
9.2685532570e-01
-3.6528837681e-01
2.9073897004e-01
-9.8052161932e-01
-1.9181482792e+00
-3.3135485649e-01
2.6889902353e-01
-3.6696001887e-02
-8.3233189583e-01
-8.6712563038e-01
-5.7439321280e-01
5.9237704277e+00
2.7459635735e+00
3.3989357948e+00
2.4746034145e+00
4.2543025017e+00
-3.5353797674e-01
1.6368389130e+00
2.3191134930e+00
3.2913720608e+00
3.0920248032e+00
2.6469035149e+00
1.2145091295e+00
3.6544021964e-01
-1.3661750555e+00
-3.2955567837e+00
-4.7121267319e+00
-2.0620660782e+00
-2.7863907814e+00
-5.5638241768e-01
2.5826758146e-01
-1.9641032219e+00
-8.3585202694e-01
-2.9535850883e-01
-4.0078023076e-01
1.8582065105e+00
-1.4354887009e+00
-1.0342940092e+00
-9.4400304556e-01
-4.7497382760e-01
8.7429058552e-01
8.7229710817e-01
3.9011830091e-01
-1.1753158271e-01
-8.6993134022e-01
-1.5665018559e+00
-1.5157095194e+00
-2.7191300392e+00
-2.9478094578e+00
-4.0723724365e+00
-1.2913351059e+00
9.1226822138e-01
1.6879599094e+00
2.3179724216e+00
1.7598767281e+00
6.4399659634e-01
-5.3753346205e-01
-7.1930092573e-01
-3.8914114237e-01
-3.6074865609e-02
8.0502849817e-01
-9.2703670263e-01
-7.6014250517e-01
-7.9843407869e-01
4.0666508675e-01
-1.4916624129e-01
-2.4156191349e+00
-1.1046420336e+00
-2.5974151492e-01
-6.8651062250e-01
3.9523288608e-01
2.7166295052e-01
1.0316299200e+00
8.2602523267e-02
-7.5743347406e-01
-5.0617080927e-01
5.7425179482e+00
2.2604713440e+00
2.1964073181e+00
2.8707940578e+00
4.0349545479e+00
-1.6488361359e+00
-3.8775503635e+00
-1.2879645824e+00
1.8802959919e+00
1.9972350597e+00
-4.6955235302e-02
2.4702394009e-01
1.1877522469e+00
-8.2821089029e-01
-1.1719605923e+00
3.8733869791e-01
6.2216885388e-02
-1.7572798729e+00
2.9066169262e-01
1.6957108974e+00
-2.4978944659e-01
3.7696480751e-01
-3.0920699239e-01
-2.4064414203e-01
1.3628587723e+00
2.5911591053e+00
2.0601916313e+00
-7.7357494831e-01
-2.5155129433e+00
-8.0372613668e-01
-1.1609122753e+00
-8.9681696892e-01
-1.2533386946e+00
-3.8156116009e+00
-1.4081151485e+00
9.0886634588e-01
3.5684204102e-01
-3.2008378506e+00
-1.7238056660e+00
-2.8981831074e+00
9.8602133989e-01
5.9678989649e-01
-1.8682826757e+00
-3.6944439411e+00
-3.3218672276e+00
6.4680546522e-02
5.4887169600e-01
1.7784456015e+00
2.2477824688e+00
2.5394182205e+00
1.7644393444e+00
-2.1668825150e+00
-5.6176757812e+00
-2.5266757011e+00
-4.3596043587e+00
1.1667760611e+00
-2.2748593986e-01
1.2714205980e+00
5.1865792274e-01
9.3552571535e-01
-1.0427160263e+00
-6.1898249388e-01
-7.9689562321e-01
-1.9248858690e+00
-4.4617047310e+00
-8.8492047787e-01
1.9838994741e-01
9.0870356560e-01
2.1468963623e+00
3.5074102879e+00
-1.3506141901e+00
-3.0131661892e-01
-3.0768008232e+00
-1.0964746475e+00
-1.2224003077e+00
-1.6277865171e+00
-3.3390254974e+00
-3.8255410194e+00
-1.1752005816e+00
-1.7775774002e-01
5.1629513502e-01
-2.4967236519e+00
-4.5444264412e+00
-4.3712873459e+00
-2.9688165188e+00
-1.1599316597e+00
-1.2138983607e-01
6.7849896848e-02
1.6607007980e+00
1.1025214195e+00
-1.7426139116e+00
-2.1654939651e+00
9.3910020590e-01
8.2848638296e-01
1.3373334408e+00
-1.9858874083e+00
-7.2036606073e-01
1.8240560591e-01
2.1105501652e+00
2.4960234165e+00
5.8264070749e-01
-8.1259435415e-01
-2.9500639439e+00
-1.3312573433e+00
-9.3859106302e-01
4.9847188592e-01
2.8155212402e+00
1.9738322496e+00
3.9673337936e+00
6.5226874352e+00
1.0832115412e+00
1.2176137418e-01
5.3814458847e-01
8.9139735699e-01
4.8948982358e-01
-7.8029833734e-02
7.7402219176e-02
-1.2711828947e+00
-1.3955951929e+00
-3.8826677799e+00
1.9012535810e+00
2.9591706395e-01
-1.5112940073e+00
-1.9943512678e+00
-2.5708410740e+00
1.1175128222e+00
7.5631383806e-03
-4.3675365448e+00
-1.5951448679e+00
-1.2870086730e-01
-6.0424411297e-01
-7.0771187544e-01
-9.5408612490e-01
-3.1174638867e-01
4.7099250555e-01
2.9729790688e+00
2.3567814827e+00
-1.1210858077e-01
-1.6118236780e+00
-4.0919084549e+00
1.1374288797e+00
-4.5639610291e+00
-9.9174481630e-01
-2.4465622008e-01
5.4739779234e-01
3.1856164336e-01
3.2918229699e-01
5.2384197712e-01
-3.8104692101e-01
-2.0473310947e+00
8.3130162954e-01
-9.2711520195e-01
-3.0595507622e+00
-1.2218025923e+00
-1.2951165438e+00
-1.0961818695e+00
1.7954713106e-01
1.3761214018e+00
1.6273078918e+00
1.4173473120e+00
9.7675424814e-01
-3.7328162789e-01
-4.4395871162e+00
-3.0185885429e+00
-1.6879901886e+00
1.0809279680e+00
7.0604318380e-01
-3.4983521700e-01
1.1119312048e+00
-1.1336271465e-01
-2.0053160191e+00
1.9871255159e+00
4.3635106087e+00
3.2363231182e+00
2.4815564156e+00
6.3180243969e-01
1.2964027002e-02
1.3478832245e+00
4.2503824830e-01
7.0721817017e-01
1.2016081810e+00
-8.3397746086e-01
1.9505949318e-01
7.8557538986e-01
-2.0125520229e+00
9.1510021687e-01
8.3841733634e-02
-1.3038444519e-01
-4.7096643597e-02
-3.1406164169e-01
2.9345641136e+00
-3.5160580277e-01
-4.7376751900e+00
-3.2644500732e+00
-1.1232769489e+00
-1.4489833117e+00
-5.0680136681e-01
1.8746359646e-01
7.4448484182e-01
3.2784588337e+00
1.5181112289e-01
5.3266976029e-02
-2.4686191976e-01
1.2211146355e+00
-2.3217048645e+00
1.4550477266e+00
5.0793927908e-01
-1.9757369757e+00
-1.5770603418e+00
-1.8898427486e+00
1.0032519102e+00
-1.8006601334e+00
-2.5886600018e+00
-2.3573412895e+00
-1.0790305138e+00
1.7238872051e+00
2.5854341984e+00
8.8893121481e-01
2.1735696793e+00
-1.1226987839e+00
2.4821999073e+00
1.6783281565e+00
-5.9899294376e-01
1.1628637314e+00
-1.1878185272e+00
-1.3653640747e+00
-4.3514825404e-02
1.6734939814e+00
9.6902221441e-01
-1.7732337713e+00
-1.9526702166e+00
-1.8504565954e+00
2.5157159567e-01
3.0599242449e-01
5.3172022104e-01
-2.1971604824e+00
-2.5243353844e+00
-3.7184381485e+00
-2.9367251396e+00
-4.0097303391e+00
2.0078997314e-01
-8.4683477879e-02
-1.4722768068e+00
9.6107786521e-03
-5.0666588545e-01
-1.0753800869e+00
-7.4554795027e-01
-5.8249294758e-01
-1.6697692871e+00
-1.2626776695e+00
6.9995546341e-01
-1.6983573437e+00
-9.1268402338e-01
-1.8797874451e-01
-3.8587957621e-01
3.8243174553e+00
2.1381685734e+00
-1.2248077393e+00
-7.0935851336e-01
-8.5241776705e-01
-3.9506262541e-01
1.5680427551e+00
5.1226782799e-01
3.2322158813e+00
3.0964918137e+00
9.2075103521e-01
9.0266984701e-01
-4.9087613821e-02
-3.9379560947e-01
-1.9055480957e+00
7.2777457535e-02
-3.8764882088e-01
1.1882614344e-01
4.5019325614e-01
1.0395946503e+00
3.2601430416e+00
2.4760620594e+00
-2.7510170937e+00
4.2968884110e-02
-9.2421853542e-01
-1.1254455894e-01
-1.5903327465e+00
-1.7022215128e+00
-1.3367409706e+00
-2.0437769890e+00
-1.0679525323e-02
2.3892740905e-01
-4.1507545114e-01
5.4117226601e-01
-1.7359803915e+00
9.3746954203e-01
-5.4090631008e-01
-1.8528224230e+00
-3.7587649822e+00
-4.7443819046e+00
-1.8950340748e+00
-1.4940773249e+00
-1.2878600359e+00
1.3992218971e+00
2.3993406296e+00
5.6603057310e-03
-1.8029174209e-01
-2.9603620991e-02
4.3923938274e-01
-2.1221770346e-01
3.1242117882e+00
3.2134491950e-02
-1.1030379534e+00
-1.1961288452e+00
-2.9402806759e+00
-7.4237328768e-01
5.4628741741e-01
8.5828816891e-01
2.2275941372e+00
1.0349284410e+00
2.1989765167e+00
-7.0981758833e-01
-1.4404237270e+00
-1.0899922848e+00
-2.6930823326e+00
3.5030925274e+00
-1.5174414217e-01
-3.8918726444e+00
-1.2189358473e+00
-1.3378423452e+00
1.9827392697e-01
-2.8525432944e-01
-9.4979733229e-01
-1.6940971613e+00
-3.5076317787e+00
3.6976543069e-01
-4.0581774712e-01
-1.2467060089e+00
-8.0848073959e-01
-3.9589500427e-01
-2.2889561653e+00
-2.4438059330e+00
-1.2430510521e+00
7.4581480026e-01
3.9299193025e-01
1.3988204002e+00
3.8187730312e-01
1.0477042198e+00
1.2406109571e+00
4.1596582532e-01
1.6102253199e+00
1.4601881504e+00
-1.2155632973e+00
-8.2848924398e-01
-2.6747775078e+00
7.5519669056e-01
-7.3936648667e-02
-1.1458405256e+00
-1.8451417685e+00
-1.3092374802e+00
5.9588319063e-01
4.0839397907e-01
-4.4306820631e-01
1.2751166523e-01
7.5487428904e-01
1.6500266790e+00
5.5472046137e-01
6.6493403912e-01
-7.2120410204e-01
-5.1713914871e+00
-3.0316519737e-01
-2.4045087397e-01
-1.3257251978e+00
-4.4068363309e-01
-5.4414212704e-01
-1.3944901228e+00
-1.9029138088e+00
8.7418872118e-01
-5.0815153122e-01
-4.0067520142e+00
-4.9142026901e-01
-5.5002820492e-01
-3.8366746902e-01
-9.9121868610e-01
-1.0124284029e+00
-3.0210947990e-01
9.6861553192e-01
8.3006435633e-01
-2.0601990223e+00
6.3340938091e-01
-2.4363175035e-01
-1.8238463998e-01
-1.3100590706e+00
-6.0043495893e-01
-7.7243322134e-01
-4.3051183224e-01
2.1036712825e-01
1.1393702030e+00
1.8767337501e-01
-6.4288473129e-01
1.3436874151e+00
3.4640866518e-01
-2.8093519211e+00
-9.9711900949e-01
-2.8045499325e-01
1.0312117338e+00
1.1640313864e+00
1.7482762337e+00
2.1995995045e+00
2.7822885513e+00
-3.3691599369e+00
-8.0731737614e-01
1.0018360615e+00
1.0493385792e+00
3.9896457195e+00
1.5923848748e-01
-3.0906555057e-01
-1.5771815777e+00
-2.0963418484e+00
-2.5608370304e+00
-8.8855594397e-01
-1.3095389605e+00
-1.3033018112e+00
7.0547717810e-01
1.0192317963e+00
2.8091597557e-01
-5.6213676929e-01
-4.0179686546e+00
-3.6963171959e+00
-2.7292897701e+00
-1.5014958382e-01
-1.1492560059e-01
-1.2642611563e-01
5.0023913383e-01
3.2608997822e-01
-1.4007509947e+00
-2.2084310055e+00
-2.3172767162e+00
-8.1506741047e-01
-1.0990046263e+00
-4.1646528244e+00
-3.2515413761e+00
-1.7477681637e+00
1.3956265152e-01
7.7301776409e-01
-1.1206135750e+00
-4.8153856397e-01
1.4799489975e+00
1.9327722788e+00
-9.0243172646e-01
3.0744397640e+00
1.2826426029e+00
-8.0422222614e-01
-2.3065521717e+00
-8.9739000797e-01
1.2330733985e-01
-1.2391047552e-02
-1.5776990354e-01
1.4822773635e-01
5.6335228682e-01
2.5225811005e+00
2.5128326416e+00
1.9433257580e+00
1.7357454300e+00
2.7002084255e-01
-1.2696030140e+00
-2.7518069744e-01
-1.3421545029e+00
-2.6713225842e+00
-9.4631463289e-01
3.8323947787e-01
-1.8324626684e+00
-3.1028211117e+00
-2.2751128674e+00
-2.2007648945e+00
1.0994021893e+00
-1.1570683718e+00
-2.0849595070e+00
-9.6750205755e-01
-1.7958797216e+00
-3.4241108894e+00
-1.0908707380e+00
1.5831626952e-01
5.0822377205e-01
-5.9207405895e-02
-1.2758767605e+00
-8.4977829456e-01
-4.9729695916e-01
-6.6570091248e-01
-1.0319259167e+00
-7.9768562317e-01
3.3724313974e-01
4.5464329422e-02
-4.4517975301e-02
1.5773101151e-01
2.1719331741e+00
1.4848464727e+00
1.2329753637e+00
-3.7799748778e-01
-1.0338153839e+00
-5.1726830006e-01
-9.3382114172e-01
-9.1100090742e-01
-7.2678971291e-01
-5.2410054207e-01
4.0739860386e-02
-2.4073168635e-01
-4.0069103241e+00
-4.3061270714e+00
-2.4516398907e+00
-2.9533638954e+00
-1.9433960915e+00
-8.2611125708e-01
3.3076950908e-01
1.2928169966e+00
1.8957825899e+00
1.7257041931e+00
1.8023504019e+00
-2.2628161311e-01
2.4920508265e-01
1.4293273687e+00
-3.5965877771e-01
-2.2547774315e+00
-3.1556451321e+00
-3.9250862598e+00
-5.0177818537e-01
-1.6286137104e+00
-4.4859066606e-01
-4.1915160418e-01
1.1669947766e-02
-7.9784661531e-01
2.5910541415e-01
3.0904477835e-01
-9.3711934984e-02
5.3559982777e-01
-8.8458544016e-01
5.6180834770e-01
1.3479964733e+00
-1.1470714808e+00
-4.4027500153e+00
-2.4809795618e-01
1.2371829748e+00
3.4196581841e+00
4.4618420601e+00
2.9415447712e+00
-2.8569594026e-01
1.7070578337e+00
3.7351212502e+00
4.4848365784e+00
1.6558957100e+00
-3.0226044655e+00
-5.2026379108e-01
-1.1805804968e+00
4.8007339239e-01
3.3085086942e-01
1.5505646467e+00
8.9644151926e-01
1.1185926944e-01
-1.8921502829e+00
-2.7554631233e+00
2.3383590579e-01
-2.9836139083e-01
3.1625336409e-01
9.4185888767e-01
9.9981582165e-01
-2.0232775211e+00
-2.0150418282e+00
2.4925825000e-01
1.5258539915e+00
-4.8015698791e-01
3.4305813313e+00
2.5911865234e+00
1.2798187733e+00
-4.1491594911e-01
-2.2641456127e+00
-5.4214581847e-02
1.6690157354e-01
-3.5579629242e-02
-5.8228623867e-01
4.4251087308e-01
4.3929576874e+00
2.7180166245e+00
-2.0134124756e+00
-2.4762828350e+00
-1.9109721184e+00
-4.7284635901e-01
-9.6991479397e-01
5.4874401540e-02
5.5191117525e-01
9.2574590445e-01
-2.3992574215e+00
-1.9342931509e+00
-2.6702711582e+00
-9.6427482367e-01
-1.5862747431e+00
4.7815327644e+00
4.1011881828e+00
1.2925347090e+00
-1.1133607626e+00
-2.1529366970e+00
-5.0356274843e-01
8.8548940420e-01
-5.9796112776e-01
-5.7125794888e-01
-1.5901590586e+00
4.5757964253e-01
5.1487201452e-01
3.1395694613e-01
3.2654497027e-01
-1.2083619833e-01
-4.1794795990e+00
-1.6425977945e+00
1.3179613650e-01
3.8065904379e-01
1.2431795597e+00
1.6616845131e+00
2.3903427124e+00
2.8259935379e+00
2.7188081741e+00
2.3121724129e+00
2.6834645867e-01
-3.1684648246e-02
-1.5596544743e-01
-5.6427694857e-02
5.3434473276e-01
-2.9407262802e-01
-1.0248149633e+00
-1.9206873178e+00
-1.9617452621e+00
-2.9701644182e-01
2.6048880816e-01
2.4360504150e+00
1.7515363693e+00
1.8241963387e+00
1.2417199612e+00
7.4363046885e-01
-2.0929940045e-01
-1.3549877622e-04
-1.0734887421e-01
-5.5650466681e-01
-1.1918970346e+00
-9.0396952629e-01
-2.7201005816e-01
-1.0672537982e-01
2.9340628535e-02
2.6766276360e+00
-1.6080675125e+00
-5.0863242149e-01
-2.6890451908e+00
-4.5105142593e+00
1.3400981426e+00
2.5673012733e+00
2.9280390739e+00
3.4433228970e+00
1.9792106152e+00
-9.9934898317e-02
-5.8237934113e-01
-1.6936565638e+00
-2.2188315392e+00
-2.2148561478e+00
1.2484254688e-01
1.5842124224e+00
1.7573481798e+00
7.3855954409e-01
1.4010262489e+00
1.2738511898e-02
5.6563138962e-01
-4.1104862094e-01
-3.4345987439e-01
4.7561082244e-01
1.3555991650e+00
-1.6937756538e+00
-1.2013568878e+00
1.7590622902e+00
4.1368332505e-01
7.8273281455e-02
-5.9534215927e-01
-1.1513187885e+00
-6.7466944456e-01
-9.8557777703e-02
-2.9256916046e+00
-2.6411533356e+00
-2.9359552860e+00
-2.6393532753e+00
-2.4861562252e+00
-1.2920780182e+00
-5.4537147284e-01
2.3467034101e-01
-5.0713378191e-01
-1.1670269966e+00
2.2101447582e+00
2.6803658009e+00
2.9345104694e+00
2.3328709602e+00
2.1321244240e+00
-5.7676827908e-01
-7.8452074528e-01
1.6395856440e-01
-1.4253255129e+00
-1.4789534807e+00
2.3620459437e-01
4.7298222780e-01
8.0592185259e-01
2.5017374754e-01
-3.1503525376e-01
1.4933742285e+00
1.9093769789e+00
1.8188778162e+00
2.5981705189e+00
2.4533486366e+00
2.2856757641e+00
2.4810209274e+00
2.6896274090e+00
2.8541762829e+00
2.7010171413e+00
6.0458993912e+00
5.3050613403e+00
5.3291463852e+00
5.5828790665e+00
5.7669730186e+00
6.9397634268e-01
1.4072090387e+00
1.4994467497e+00
1.7928805351e+00
1.1474442482e+00
1.6842685938e+00
2.3587980270e+00
2.1451058388e+00
1.9263254404e+00
1.6650621891e+00
4.9784931540e-01
8.4926927090e-01
8.5161989927e-01
4.3648660183e-01
-3.5191053152e-01
2.3527933657e-01
4.6463948488e-01
2.4873960018e-01
3.0059084296e-01
-3.5653993487e-01
2.2980721295e-01
5.9863674641e-01
9.0912055969e-01
1.0527846813e+00
1.4578334093e+00
2.4294776917e+00
2.4761619568e+00
2.4222948551e+00
2.4719898701e+00
2.8322913647e+00
6.4306545258e-01
4.8697951436e-01
2.9035678506e-01
1.4328887686e-02
-7.3672693968e-01
1.0974366665e+00
1.5261069536e+00
1.5037323236e+00
8.4620600939e-01
1.3124631643e+00
-2.3301091194e+00
-2.2282645702e+00
-5.8606557846e+00
-3.2974433899e+00
-3.4820258617e+00
3.1859588623e-01
3.8891392946e-01
1.0784089565e+00
-2.9417318106e-01
1.4872683585e-01
1.0507515669e+00
2.1346936226e+00
2.0987889767e+00
2.8638544083e+00
3.9282343388e+00
-2.4943568707e+00
-2.4409780502e+00
-2.7185063362e+00
-4.0299229622e+00
-4.5649352074e+00
6.7124867439e-01
-4.5217490196e-01
-4.2862311006e-01
-1.4407826662e+00
-1.1405775547e+00
2.1551395953e-01
5.7022386789e-01
1.5273208916e-01
-4.3206465244e-01
4.1017010808e-01
-8.0898606777e-01
-7.8779184818e-01
-2.8735260963e+00
-8.3893239498e-01
-1.6333320141e+00
2.3903107643e+00
1.5444915295e+00
2.3140897751e+00
1.8923199177e+00
1.4529008865e+00
2.7545019984e-01
-9.8399199545e-02
-1.2847064435e-01
-1.2612767518e-01
-5.7398598641e-02
-1.5186756849e+00
-8.8714027405e-01
-1.0602344275e+00
-1.7324490547e+00
-2.1050117016e+00
-1.3941451311e+00
-7.3369413614e-01
-9.2401158810e-01
-1.0701613426e+00
-1.9497317076e+00
7.9675370455e-01
9.1246044636e-01
2.6621496677e+00
1.8607017994e+00
1.9114372730e+00
-1.4493643045e+00
-8.7561672926e-01
-2.0457761288e+00
-2.2546241283e+00
-1.8085602522e+00
2.6109523773e+00
2.4466409683e+00
2.9694936275e+00
1.7536214590e+00
1.9033010006e+00
-1.8446758986e+00
-2.2214066982e+00
-1.3887016773e+00
-8.6408942938e-01
-9.8585098982e-01
5.5592036247e-01
3.7563839555e-01
6.0049831867e-02
-6.0502183437e-01
-3.3779090643e-01
7.5599396229e-01
2.7251135558e-02
7.4616765976e-01
-4.4373542070e-01
-1.0880531073e+00
-3.1222352982e+00
-2.9185228348e+00
-5.4635200500e+00
-4.3410968781e+00
-4.8561182022e+00
1.1767598391e+00
1.6009899378e+00
1.3803273439e+00
2.1492323875e+00
1.7756431103e+00
2.7836346626e+00
3.1345133781e+00
3.3058011532e+00
3.1827914715e+00
3.2602548599e+00
3.9362639189e-01
1.9322185218e-01
7.9115110636e-01
3.5447382927e-01
2.1652463078e-01
1.5206855536e+00
1.2475467920e+00
1.2058211565e+00
9.5574355125e-01
9.8390036821e-01
8.8428670168e-01
1.0351250172e+00
1.3749442101e+00
-7.1600133181e-01
-3.1065252423e-01
4.5237785578e-01
6.3155853748e-01
1.0781170130e+00
-9.2544242740e-02
7.8334294260e-02
1.8403131962e+00
1.4236435890e+00
1.3861230612e+00
1.7702870369e+00
2.4982323647e+00
2.2191331387e+00
1.6058892012e+00
2.1559157372e+00
1.4724667072e+00
1.8744906187e+00
5.1442211866e-01
3.9250999689e-01
-9.3218773603e-02
-4.6511429548e-01
-1.2219002247e+00
-1.2868956327e+00
-1.4122587442e+00
-1.1480871439e+00
-8.0320513248e-01
-1.4179744720e+00
2.4855813980e+00
2.5736682415e+00
2.7685716152e+00
1.7573295832e+00
1.9307744503e+00
1.0936045647e+00
7.4516904354e-01
8.9242118597e-01
1.1679155827e+00
1.5665894747e+00
-1.3648477793e+00
-1.1645561457e+00
-9.7538572550e-01
-1.4314409494e+00
-1.7219481468e+00
-4.0786775947e-01
5.8230912685e-01
1.6096169949e+00
1.6727004051e+00
1.9281744957e+00
3.5039824247e-01
-1.0324847698e-01
5.0464427471e-01
4.8111373186e-01
1.0188997984e+00
-1.0517964512e-01
-3.8631281257e-01
-3.2822847366e-01
-6.2944835424e-01
-1.1237915754e+00
-2.2420191765e+00
-2.2995390892e+00
-3.0893795490e+00
-2.3403396606e+00
-2.6537237167e+00
-7.2316575050e-01
-7.6328057051e-01
-9.5699942112e-01
-1.2018538713e+00
-1.1394650936e+00
1.1825116873e+00
2.2735898495e+00
2.0739564896e+00
1.9289469719e+00
1.2195997238e+00
3.0853033066e-01
1.8606217206e-01
-1.1989149451e-01
1.0753092915e-01
-5.9861260653e-01
2.6548272371e-01
-3.1584475189e-02
-9.2468041182e-01
-1.1357457638e+00
-1.5431739092e+00
-3.3708481789e+00
-2.9921638966e+00
-4.8056855202e+00
-1.6626110077e+00
-9.1234028339e-01
1.3246860504e+00
9.7444319725e-01
3.6482995749e-01
1.5607509613e+00
1.6045691967e+00
2.7161962986e+00
2.4259104729e+00
3.1358115673e+00
2.4407186508e+00
2.4322931767e+00
1.5019248724e+00
4.2009326816e-01
1.0549333096e+00
-5.6489217281e-01
-5.1069486141e-01
4.3340635300e+00
3.2591617107e+00
4.6360678673e+00
1.3256763220e+00
2.4691648483e+00
1.2684556842e-01
8.3062374592e-01
8.6499935389e-01
-7.5361716747e-01
-9.6958231926e-01
-1.8553363085e+00
-1.4986683130e+00
-1.6528499126e+00
-1.5049599409e+00
-2.2342989445e+00
-4.4267010689e-01
1.1214194298e+00
9.9935716391e-01
1.8677829504e+00
3.3145420551e+00
-3.0815384388e+00
-3.2074084282e+00
-3.8675267696e+00
-4.4227318764e+00
-4.3755760193e+00
5.6576874107e-02
-3.5364337265e-02
-8.6361644790e-03
5.6996218860e-02
-1.2305463850e-01
2.5755888224e-01
-4.8683658242e-01
-1.0863257647e+00
-4.6093034744e-01
3.4214138985e-01
-2.0876945555e-01
-8.3778011799e-01
-6.6696131229e-01
7.4222415686e-02
5.7397782803e-01
-6.0560923815e-01
-2.3807888031e+00
-2.2295324802e+00
-1.2219703197e+00
-6.6481429338e-01
-5.2792990208e-01
-1.5162578225e-01
5.9555210173e-02
-2.0317071676e-01
-2.0708322525e-01
1.4149359465e+00
9.5391923189e-01
-1.8859745562e-01
9.8970316350e-02
1.0668040514e+00
-2.5372833014e-01
-2.1960020065e-01
-2.1738418937e-01
-6.3181507587e-01
-8.2242596149e-01
-2.0867636204e+00
-1.7082594633e+00
-1.8165421486e+00
-1.8296228647e+00
-4.2318430543e-01
1.0441106558e+00
7.5730055571e-01
6.8920457363e-01
9.3300718069e-01
1.2261025906e+00
-1.9784121215e-01
-1.3287093639e+00
-6.4528858662e-01
-6.3143235445e-01
2.1259380877e-01
8.4308195114e-01
4.1188710928e-01
-1.1046207696e-01
-4.4587370753e-01
-5.8214426041e-01
9.0132212639e-01
1.6543075442e-01
1.7174944282e-01
1.1844232678e-01
-1.6649243236e-01
-8.1247079372e-01
-5.2638047934e-01
2.7290789410e-02
-1.4743703604e-01
-5.3099966049e-01
-5.0429409742e-01
1.7689558864e-01
2.4870711565e-01
4.2655608058e-01
-1.2605963647e-01
5.0675615668e-02
-1.0934397578e-01
6.9705151021e-02
-1.8764939904e-01
-1.0989714861e+00
-1.4886280298e+00
-1.3918101788e+00
-1.1413787603e+00
-8.1623846292e-01
-1.6042836905e+00
-5.7099211216e-01
-7.0195448399e-01
-6.9133657217e-01
-2.5645273924e-01
5.9403496981e-01
1.5014282465e+00
-2.1246764064e-01
-1.0032688379e+00
-6.4843457937e-01
-4.3943360448e-01
9.6274077892e-02
-4.6411210299e-01
-3.2894328237e-01
1.1171645671e-01
2.8774532676e-01
5.1405858994e-01
5.8125078678e-01
3.4522038698e-01
3.6435955763e-01
4.8378428817e-01
-1.5272158384e-01
-1.0450910330e+00
-6.2769538164e-01
-1.0712903738e+00
-5.7017898560e-01
-1.2666170597e+00
-3.7916088104e-01
4.2686277628e-01
2.5542446971e-01
-7.9220014811e-01
3.6258396506e-01
7.7413874678e-03
-3.5266053677e-01
-3.7133237720e-01
-2.3109684885e-01
4.7623116523e-02
8.7141767144e-02
-1.5507313013e+00
-1.3523187637e+00
-1.2915714979e+00
-4.7801308334e-02
7.6923407614e-03
-2.4969645892e-04
-1.4635419846e-01
-2.3164668679e-01
3.3691670746e-02
8.4693312645e-02
4.0250342339e-02
6.9709472358e-02
-1.8925264478e-01
-5.0798451900e-01
-3.7600979209e-01
-1.6130833328e-01
-9.0985134244e-02
-2.2292058915e-02
-6.3603764772e-01
-7.5018686056e-01
-9.8491162062e-01
-5.6333827972e-01
7.5562343001e-02
-2.0468477905e-01
-9.8669931293e-02
-2.8818807006e-01
-5.2137520164e-02
-3.4581696987e-01
-1.2418872863e-01
-2.0027445257e-01
1.0942257941e-01
-1.0992460698e-01
-9.7963118553e-01
-3.1613358855e-01
1.4731168747e-02
3.8746185601e-02
-1.0067473352e-01
-3.3237762749e-02
-3.4900155663e-01
-9.2653977871e-01
-4.6947419643e-01
2.7545365691e-01
2.6718324423e-01
2.1675194800e-01
3.3566129208e-01
4.5567527413e-01
4.3942296505e-01
4.6793270111e-01
-2.4798902869e-01
-9.1434520483e-01
-1.2625836134e+00
-1.2192144394e+00
-3.0818670988e-01
2.0256111026e-01
1.1108247191e-01
2.3195321858e-01
2.6194933057e-01
6.2011994421e-02
4.1030919552e-01
2.1419881284e-01
6.1455279589e-01
8.0043375492e-01
1.1870582104e+00
4.1349792480e-01
-1.8412489891e+00
-9.5887780190e-01
-8.7715065479e-01
-5.9409630299e-01
7.3957026005e-01
-1.2260854244e+00
-2.1560242176e+00
-2.2212455273e+00
-1.2522372007e+00
4.2070877552e-01
2.3584599793e-01
3.8615500927e-01
5.0045716763e-01
3.7178200483e-01
1.4962980151e-01
5.7056939602e-01
1.0000550747e-01
5.3424519300e-01
8.9213967323e-01
-4.1247835755e-01
-2.4575538933e-01
-1.8530739844e-01
1.2646040320e-01
1.6404484212e-01
9.0196746588e-01
-1.5089966059e+00
-1.1439626217e+00
-5.2538245916e-01
-7.5801253319e-02
4.2878523469e-01
-6.7287229002e-02
-1.9189065695e-01
1.2645088136e-01
6.1425557360e-03
-1.8840001523e-01
-2.1942092478e-01
-7.1951039135e-02
-1.1825826764e-01
-1.6213598847e-01
-3.1221157312e-01
-9.6549278498e-01
-1.4779421687e-01
-3.2862704992e-01
-9.3604230881e-01
-8.7434005737e-01
-9.2635041475e-01
-7.0836675167e-01
-1.1637870073e+00
-9.6512269974e-01
-6.0877960920e-01
-1.2932918966e-01
-8.7656648830e-03
-3.4749265760e-02
2.3130264878e-01
-3.7000450492e-01
-1.0880316496e+00
-8.2799136639e-01
-3.8423076272e-01
3.3804241568e-02
1.5402229130e-01
2.8162375093e-01
3.3230119944e-01
3.5117176175e-01
-7.7793583274e-02
-1.5430034697e-01
-1.2906576693e-01
3.3162005246e-02
-6.5663404763e-02
1.3199318945e-01
-7.8976118565e-01
-7.1852761507e-01
1.1342669837e-02
1.0776223242e-01
1.6378006339e-01
2.1469792724e-01
-2.5580695271e-01
-4.8086938262e-01
8.0827064812e-02
-3.6045990884e-02
-7.8317172825e-02
-1.6184356809e-01
-3.4201547503e-01
-3.3644840121e-01
-2.1995919943e-01
3.6724475026e-01
1.7842012644e-01
1.0819722712e-01
6.9744884968e-03
2.4309310317e-01
-1.4888020754e+00
-1.7269744873e+00
-2.1334773302e-01
7.2810977697e-01
2.5455412269e-01
5.5170071125e-01
-3.4108899534e-02
-4.5584908128e-01
-3.7408670783e-01
-4.6823048592e-01
-1.1832214594e+00
-6.7163330317e-01
-1.4309270680e-01
-1.2174599618e-01
1.6892437637e-01
2.2541111708e-01
2.1853283048e-02
-6.4563803375e-02
4.4663098454e-01
1.1404597759e-01
2.4777851999e-01
-3.5065504909e-01
-1.6575281322e-01
-1.0599202663e-01
4.7709476948e-01
4.7338107228e-01
4.8073381186e-01
3.9781665802e-01
2.4677671492e-01
2.2396239638e-01
1.0587803125e+00
1.1907341480e+00
6.4952427149e-01
-1.4071057551e-02
-4.2720860243e-01
-5.0604671240e-01
-2.4823459983e-01
-5.0204116106e-01
-3.7195304036e-01
2.0605247468e-02
-1.1621371508e+00
-8.7870222330e-01
-1.5734180212e+00
-1.4103939533e+00
-5.9817463160e-02
4.4816043973e-01
2.3673720658e-01
4.5177221298e-01
5.3642815351e-01
4.6074715257e-01
-2.1758861840e-01
-4.1181167960e-01
-6.8331611156e-01
2.7115020156e-01
5.7646936178e-01
7.3232281208e-01
6.1068296432e-01
-1.6523296833e+00
-4.1625704765e+00
-4.7997698784e+00
9.0926402807e-01
-6.8867689371e-01
-1.9193714857e+00
-3.1454944611e+00
-3.2044363022e+00
-3.6761639118e+00
-3.0779423714e+00
-5.2800374031e+00
-2.9135875702e+00
-4.5329766273e+00
2.9702827334e-01
-1.9221777916e+00
-1.2070603371e+00
-1.8468405306e-01
1.5323274136e+00
-4.5217900276e+00
-1.6686564684e+00
3.1958457828e-01
7.5143426657e-01
-2.2513166070e-01
2.1442897618e-01
-4.5854732394e-01
2.0953245461e-01
6.1942368746e-01
-4.0151354671e-01
-5.5420622826e+00
-4.7414002419e+00
-3.0301945210e+00
-4.0720167160e+00
-4.5677051544e+00
1.4282836914e+00
3.2941048145e+00
2.1832411289e+00
1.0765316486e+00
-4.3228617311e-01
8.4395480156e-01
1.2223053724e-01
-6.8737202883e-01
-6.8839859962e-01
-8.8973826170e-01
-1.2367550284e-01
-1.4175214767e+00
-4.3030926585e-01
-1.0700237751e+00
-1.0447398424e+00
-2.4126291275e+00
-1.3812630177e+00
-1.7704579830e+00
7.5662839413e-01
1.3305826187e+00
-4.2370657921e+00
-2.2843174934e+00
-3.9028663635e+00
-6.3769321442e+00
-8.6880865097e+00
1.4638224840e+00
6.4733374119e-01
7.3457157612e-01
1.3744721413e+00
1.5291044712e+00
-6.0768783092e-01
-1.2013710737e+00
-2.5944437981e+00
-2.3745906353e+00
-1.3203084469e+00
7.6949751377e-01
-7.8935825825e-01
-3.1617581844e+00
-1.0729646683e+00
1.3775475025e+00
-1.5135642290e+00
-1.7739044428e+00
-2.9209620953e+00
-1.5013911724e+00
-1.3394622803e+00
-1.8028954268e+00
-1.4170370996e-01
-1.3517225981e+00
-2.3071131706e+00
-2.7236149311e+00
-3.0882015228e+00
-4.2395477295e+00
-7.2038650513e+00
-6.8080410957e+00
-5.8925971985e+00
1.8254786730e+00
2.3626105785e+00
2.1992037296e+00
2.2472505569e+00
1.9299756289e+00
-1.7931712866e+00
8.0125617981e-01
-1.7696119547e+00
-4.1648039818e+00
-5.1922812462e+00
1.5974692106e+00
-1.5152228065e-02
-6.8762528896e-01
3.8896169513e-02
5.7752954960e-01
-5.0811511278e-01
-7.6481693983e-01
6.1624538898e-01
7.9862135649e-01
-1.0330452919e+00
-4.3806571960e+00
-2.7879290581e+00
-5.4309463501e+00
-4.6958217621e+00
-3.1413869858e+00
1.8657692671e+00
1.8182927370e+00
1.1798537970e+00
1.6020668745e+00
1.2938320637e+00
5.9482640028e-01
5.1125460863e-01
-4.4836595654e-02
3.2100070268e-02
9.2922471464e-02
-3.7464544177e-01
3.4833967686e-01
-1.2888469696e+00
-4.6211346984e-01
-6.5772908926e-01
3.4519210458e-01
-6.9700992107e-01
-2.0703971386e+00
-2.0240445137e+00
-4.6692132950e+00
5.5654895306e-01
-6.3409388065e-01
-1.0888969898e+00
-6.5709263086e-01
4.7815170884e-01
-4.7217994928e-01
1.1971335411e+00
-6.0092222691e-01
5.9062749147e-01
6.2710142136e-01
-5.2604937553e-01
9.3429946899e-01
-1.0080925422e-03
-3.4609174728e-01
2.7415940166e-01
8.2577157021e-01
-3.9209362864e-01
-2.4233834743e+00
-1.7474061251e+00
-3.0867612362e+00
-2.9598543048e-01
1.9364211559e+00
1.9213067293e+00
1.2099153996e+00
-6.0372585058e-01
-3.4971270561e+00
-3.2753973007e+00
-5.1032724380e+00
-5.4727334976e+00
-4.9898400307e+00
2.7132493258e-01
6.3798152842e-03
8.8125713170e-02
8.5054290295e-01
4.6599999070e-01
8.2019078732e-01
5.3783077002e-01
4.5452028513e-01
6.2522679567e-01
-3.2005053759e-01
-1.3937160969e+00
-8.3310127258e-01
-3.0077328682e+00
5.2113860846e-01
-1.2396889925e+00
-2.1479103565e+00
-9.7424983978e-01
-2.7039136887e+00
-1.1893196106e+00
-4.8697795868e+00
3.7088701129e-01
-1.1599043608e+00
-2.0001661777e+00
4.0743181109e-01
1.8452390432e+00
-1.0862346739e-01
-2.3288724422e+00
-2.7362372875e+00
-1.6920121908e+00
1.7771840096e+00
1.6948939562e+00
1.3815697432e+00
2.6424851418e+00
1.9626444578e+00
1.9283579588e+00
-1.7347791195e+00
-2.2262141705e+00
-2.9178941250e+00
-8.4592992067e-01
-2.5448036194e-01
1.4621976614e+00
7.3929882050e-01
1.3121111393e+00
1.9844250679e+00
1.5429273844e+00
5.6919652224e-01
3.9220607281e-01
7.9897075891e-01
-2.1202284098e-01
4.3052941561e-01
-4.2136449814e+00
-4.6589117050e+00
-3.4579274654e+00
-2.8439464569e+00
-4.0161838531e+00
-3.7888886929e+00
-1.6602637768e+00
-2.1423788071e+00
-1.9007470608e+00
-4.1793599129e+00
2.5415690616e-02
-1.2526846491e-02
-8.1499916315e-01
8.0859279633e-01
2.6024341583e-01
-5.8883613348e-01
-2.0252509117e+00
-2.1001899242e+00
-4.4357199669e+00
-3.1842045784e+00
2.0731101036e+00
2.1810715199e+00
-1.2792958021e+00
-5.3601920605e-01
1.4137743711e+00
5.5016195774e-01
4.6669667959e-01
1.3320112228e-01
-7.7547037601e-01
-1.1620881557e+00
-9.0352094173e-01
-7.3601149023e-02
-2.5418651104e-01
-3.3735680580e-01
-3.3981484175e-01
-9.3289399147e-01
-1.9176645279e+00
-6.7864847183e-01
7.6544970274e-01
-7.7778530121e-01
1.2365552783e-01
3.1245160103e-01
-2.2880406678e-01
3.1017091125e-02
1.6994476318e-01
-9.1441345215e-01
-3.5334337503e-02
9.2120990157e-02
4.2140796781e-01
8.7354099751e-01
-6.1804026365e-01
8.8207828999e-01
-3.5231537819e+00
-3.3673920631e+00
-2.8701961040e+00
-4.7279110551e-01
1.0574674606e+00
-5.7061749697e-01
1.0287759304e+00
-1.2630506754e+00
5.2666294575e-01
8.3431434631e-01
5.3466415405e-01
8.7709110975e-01
9.5379036665e-01
-3.5411992073e+00
-3.5822377205e+00
-3.5918393135e+00
-2.0292603970e+00
-2.1409606934e+00
-1.1203819513e+00
1.8330153078e-02
-4.0460886955e+00
-2.9093914032e+00
-2.4808123112e+00
1.8192162514e+00
1.8432381153e+00
1.4085451365e+00
2.3837749958e+00
1.7135041952e+00
-3.2136864662e+00
-6.6141428947e+00
-2.8973064423e+00
-8.5418593884e-01
-3.3868291974e-01
1.1295967549e-01
-1.4754619598e+00
-2.8102266788e+00
-1.7956498861e+00
-3.3718627691e-01
-5.2517290115e+00
-3.6062247753e+00
-5.0357170105e+00
-3.9184994698e+00
-3.6932380199e+00
-8.9019680023e-01
-1.4844967127e+00
-8.2295364141e-01
1.4975966215e+00
-1.0307573080e+00
2.4197365344e-01
-1.9419303536e-01
-3.6082366109e-01
3.2418344170e-02
-1.3027486205e-01
9.2968112230e-01
3.7877712399e-02
8.3634436131e-01
2.1953136921e+00
4.0801119804e-01
7.3496395350e-01
1.5254647732e+00
1.2307013273e+00
6.6700702906e-01
9.8497974873e-01
2.8482922912e-01
7.9243648052e-01
1.9080191851e+00
4.5134925842e+00
2.4353413582e+00
-9.7765046358e-01
7.7807432413e-01
-5.0367344171e-02
-6.2543082237e-01
-6.8883466721e-01
2.4336199760e+00
-5.8032095432e-01
7.4817770720e-01
2.0150461197e+00
-9.6856880188e-01
2.6143717766e-01
4.9680334330e-01
2.1047113836e-01
-1.1048465967e+00
-2.1030139923e+00
-7.2599697113e-01
2.0873098373e+00
7.7436673641e-01
1.8181836605e+00
1.9413166046e+00
-1.7287535667e+00
8.4917503595e-01
1.1064324379e+00
4.9890133739e-01
-1.9352388382e+00
1.0395177603e+00
-1.7069406509e+00
-4.1067795753e+00
-1.5521059036e+00
2.0206255913e+00
-1.6603003740e+00
-2.9050940275e-01
-1.8490169048e+00
-2.9506936073e+00
-3.0069751740e+00
3.3904537559e-01
1.1200275421e+00
-5.7499587536e-01
-9.9896669388e-01
-1.7112199068e+00
-3.0730509758e+00
-1.6386170387e+00
-1.8776357174e+00
-1.9692552090e+00
4.9254330993e-01
-4.6576520801e-01
5.8918744326e-01
-2.0383869112e-01
-3.9631688595e-01
3.2504191995e-01
-7.2434705496e-01
-3.1984218955e-01
2.4408802986e+00
1.1250855923e+00
6.2046778202e-01
-6.9355422258e-01
1.2219948769e+00
-2.7216869593e-01
9.3446783721e-02
1.1921068430e+00
-3.9747710228e+00
6.1220782995e-01
5.3746128082e-01
-7.9392187297e-02
-5.6036379188e-02
-1.0773616843e-02
-7.0147544146e-01
8.8016963005e-01
1.1567386389e+00
9.6285665035e-01
-2.1751804352e+00
-1.7326948643e+00
-7.0363426208e-01
-6.9382780790e-01
-2.6069552898e+00
1.2900080681e+00
1.3079726696e+00
1.3641589880e+00
1.3372342587e+00
1.3853282928e+00
6.7378979921e-01
-6.1161690950e-01
1.6067777872e+00
2.0359716415e+00
1.4253019094e+00
-8.0640006065e-01
-8.2881361246e-01
-1.8881306648e+00
-2.6663212776e+00
-1.4873731136e+00
7.3944473267e-01
1.1459563971e+00
8.8702076674e-01
1.3850370646e+00
2.2101733685e+00
-5.6912004948e-01
1.3382451236e-01
1.0207743645e+00
8.8180327415e-01
-4.4946932793e-01
7.3948121071e-01
8.8062584400e-01
6.5552257001e-02
-9.6250399947e-02
2.9200783372e-01
-7.4945062399e-02
-3.0927217007e-01
-3.3226594329e-01
-3.1966087222e-01
-6.3589078188e-01
2.9947822094e+00
1.4548747540e+00
8.4059792757e-01
-5.8000040054e-01
-1.9054965973e+00
-1.9996415377e+00
-2.1635544300e+00
-1.0789573193e+00
8.1281197071e-01
1.5160440207e+00
5.9993273020e-01
1.6137578487e+00
-3.6140611768e-01
-3.7491950393e-01
-1.0560313463e+00
-2.6571924686e+00
-1.4868859053e+00
-1.0857689381e+00
-1.0978257284e-02
-2.0042517185e+00
-3.4371428490e+00
-2.3366489410e+00
3.7762314081e-01
6.4045143127e-01
2.8110980988e-01
-1.3230108023e+00
-1.5393732786e+00
-1.3709499836e+00
-1.3394998312e+00
-2.6423332691e+00
-1.8502910137e+00
-7.9156684875e-01
-1.4815645218e+00
-1.0734771490e+00
-1.5051451921e+00
-1.3185045123e-01
-9.6694314480e-01
-3.3101189137e-01
-4.5349043608e-01
2.8754585981e-01
7.1430075169e-01
5.2941232920e-01
6.0315001756e-02
4.6531435847e-01
4.7045925260e-01
-2.6017689705e+00
-7.4401539564e-01
3.9985495806e-01
-7.3574995995e-01
-4.5709161758e+00
-1.0872066021e+00
-1.0016890764e+00
1.6281154156e+00
1.4994361401e+00
1.9835319519e+00
5.6107647717e-02
4.6513247490e-01
1.9132344723e+00
2.7633407116e+00
1.0065934658e+00
-1.7583270073e+00
8.0492311716e-01
-1.2207879126e-01
3.5697934031e-01
-1.6898733377e-01
-2.0365607738e+00
-1.9829089642e+00
-3.5619125366e+00
-3.1309597492e+00
-2.8430442810e+00
-6.8441307545e-01
-2.9480893612e+00
-3.0908389091e+00
-1.5878049135e+00
1.4523534775e+00
-3.7175062299e-01
-1.3237494230e+00
-1.6385340691e-01
1.4353571832e-01
9.9006319046e-01
-2.2781195641e+00
-1.7561988831e+00
-2.4266228676e+00
-2.1419389248e+00
-1.7426099777e+00
-1.4987096190e-01
4.0720936656e-01
-4.0758565068e-01
-7.9316776991e-01
2.3753914237e-01
-1.8105089664e+00
1.0188007355e+00
1.2470544577e+00
1.2435761690e+00
2.9228800535e-01
7.8197922558e-03
-1.5329204500e-01
1.2687004805e+00
7.1173614264e-01
2.1316359043e+00
-5.0571041107e+00
-6.5399438143e-01
-1.0974875689e+00
-5.3436726332e-02
-6.9338804483e-01
2.7098789215e+00
2.4735064805e-01
-1.4802227020e+00
-6.8755817413e-01
-2.7873518467e+00
5.7017456740e-02
3.5127955675e-01
1.9250261784e+00
9.7106099129e-01
-2.4874124527e+00
1.5830272436e-01
1.3146714866e-01
5.5039083958e-01
6.1721301079e-01
3.8059687614e-01
-1.3542718887e+00
7.1471977234e-01
9.6611624956e-01
-7.0362031460e-02
-1.4163318276e-01
6.8868613243e-01
2.0034425259e+00
2.1892161369e+00
3.4831194878e+00
3.2050888538e+00
2.2568814456e-01
5.4058186710e-02
2.5453878567e-02
5.5321532488e-01
5.6697821617e-01
-1.3097605705e+00
-1.9056674242e+00
-2.5120956898e+00
-7.8654760122e-01
5.5994319916e-01
-3.5803452134e-02
1.7081011534e+00
1.1364500523e+00
1.3806356192e+00
7.6846110821e-01
4.6331527829e-01
9.7002461553e-02
5.5962860584e-01
8.1465762854e-01
1.2683012486e+00
-4.5200190544e+00
-7.7198896408e+00
-5.8233962059e+00
-1.6416712999e+00
1.3315207958e+00
-5.9747272730e-01
-3.3875441551e-01
-2.7509325743e-01
-5.4745036364e-01
-9.8982787132e-01
2.8580179811e-01
-2.2343587875e-01
1.2644246817e+00
7.8415739536e-01
7.9471921921e-01
8.9483231306e-01
1.1781055927e+00
-4.3614652753e-01
-7.7600055933e-01
1.5088209510e-01
-1.0926042795e+00
-1.5504496098e+00
-1.5200009346e+00
-1.7432125807e+00
-6.9583249092e-01
-2.9419568181e-01
-6.9423633814e-01
-1.9357762337e+00
-3.1376118660e+00
-2.3692698479e+00
-2.9717791080e+00
-2.5176944733e+00
1.0876690596e-01
-1.0246893167e+00
-9.6007370949e-01
-6.7437249422e-01
-1.0721285343e+00
6.2968826294e-01
1.2082371712e+00
5.8605968952e-01
1.2090586871e-01
1.7741277814e-01
1.0675287992e-01
3.5407495499e-01
7.7196955681e-01
2.5018916130e+00
1.3117303848e+00
1.1765910387e+00
1.0882242918e+00
-1.7819525003e+00
5.0751775503e-01
5.4456579685e-01
3.4660133719e-01
8.9089846611e-01
8.5018271208e-01
-1.0190656185e+00
2.5590639114e+00
6.5536026955e+00
6.1193275452e+00
1.0261253119e+00
-1.4952402115e+00
1.0370955467e+00
2.2943041325e+00
2.4239478111e+00
2.3233599961e-01
3.4287771583e-01
3.4427561760e+00
2.2907106876e+00
-5.1252073050e-01
-2.3962874413e+00
1.2142981291e+00
1.0722006559e+00
-4.9691364169e-01
-1.1593167782e+00
-2.6129348278e+00
2.3711342812e+00
3.0262417793e+00
9.1492581367e-01
2.5924677849e+00
7.5862872601e-01
-1.7335541248e+00
6.4980483055e-01
-4.1556137800e-01
-1.4946278334e+00
-3.3544175625e+00
-1.5383847952e+00
-2.3888096809e+00
-2.9361870885e-01
1.9966002703e+00
1.5307830572e+00
-5.3010706902e+00
-2.5585453510e+00
-2.1037845612e+00
-1.7990858555e+00
1.6998320818e+00
1.1213247776e+00
2.3045976162e+00
2.4319701195e+00
1.7806977034e+00
-1.8821523190e+00
-1.7826278210e+00
3.8633933663e-01
3.0437365174e-01
5.1146328449e-02
-8.2756692171e-01
-7.5423002243e-01
-1.6011056900e+00
-2.2122650146e+00
-2.5199382305e+00
-1.6306340694e+00
-2.3431735039e+00
-1.1268932819e+00
4.0780478716e-01
-9.7840410471e-01
-1.8121707439e+00
5.9564746916e-02
1.4690978527e+00
1.3189520836e+00
2.6299493313e+00
2.3220992088e+00
-1.7644995451e+00
6.7032510042e-01
1.5274672508e+00
1.1904841661e+00
1.7461663485e+00
-5.8951950073e-01
1.0897716284e+00
3.7181594372e+00
2.1487550735e+00
1.5987180471e+00
-2.3242878914e+00
-1.6127665043e+00
-1.7704184353e-01
-1.4505897760e+00
-1.9171257019e+00
-3.5466858745e-01
5.9918180108e-02
2.2106230259e-01
-4.3040388823e-01
-7.8454023600e-01
-2.1090447903e-02
1.6337594986e+00
3.3385848999e+00
1.6345257759e+00
6.9955688715e-01
1.8948541582e-01
7.4216943979e-01
-6.0066241026e-01
7.2469907999e-01
1.6136209965e+00
-8.5924828053e-01
-1.0930837393e+00
-2.0054330826e+00
-1.4258081913e+00
-6.5677744150e-01
-1.9042975903e+00
1.5432275534e+00
2.7075650692e+00
3.4055218697e+00
4.4723782539e+00
-1.3856418133e+00
-1.6276696920e+00
-1.1723345518e+00
-1.8988604546e+00
-1.4043365717e+00
-6.1184883118e-01
-1.0092794895e+00
9.8432123661e-02
-3.5810208321e-01
-1.0289032459e+00
6.8216949701e-01
-4.8247539997e-01
-5.0671589375e-01
3.6330900621e-03
8.4974907339e-02
-2.8946194649e+00
-1.1308457851e+00
-1.2290363312e+00
-2.8680181503e+00
-3.2178277969e+00
5.3500354290e-01
1.0404578447e+00
4.9756124616e-01
-7.5154113770e-01
-3.5205957294e-01
1.4564888179e-01
9.8779207468e-01
8.5353511572e-01
1.9520252943e+00
-3.0855498314e+00
-2.0317797661e+00
-1.0706335306e+00
-7.0290958881e-01
-7.1032536030e-01
-7.6727032661e-01
-3.3352327347e-01
6.4931952953e-01
1.1260096729e-01
1.0695273876e+00
-1.3286033869e+00
6.7128360271e-01
-6.5555888414e-01
-4.6030542254e-01
-7.5192481279e-02
-8.6499369144e-01
1.7201839685e+00
1.7765648365e+00
8.2994800806e-01
1.3973741531e+00
2.2216424346e-01
-1.9483423233e-01
8.3778806031e-02
-1.6804848611e-01
-3.5016119480e-01
-3.2554962672e-03
8.0611646175e-02
2.2941074371e+00
1.9453194141e+00
4.3275138736e-01
-3.6386244297e+00
-2.8913531303e+00
-3.5760197043e-01
3.2624206543e+00
3.4857809544e+00
2.5180706978e+00
-1.9728419781e+00
6.3043707609e-01
4.6641497612e+00
1.1506819725e+00
3.3016172051e-01
-1.5029484034e+00
1.2499730587e+00
-9.3838435411e-01
1.7555592060e+00
8.1717930734e-02
-1.0317804813e+00
4.9627780914e-01
-2.1989199519e-01
1.9965693355e-01
-1.0110548735e+00
-1.2297351360e+00
-1.6679327488e+00
-1.6348154545e+00
-4.5793643594e-01
-8.4445285797e-01
-2.9889636040e+00
-1.3733954430e+00
1.5989512205e+00
2.0682387352e+00
1.0912886858e+00
-6.2477931380e-02
2.0942914486e-01
-8.7683081627e-01
-2.2683563232e+00
-2.2262074947e+00
1.9686931744e-02
-1.4952629805e-01
-4.1856259108e-01
-6.7180702463e-03
1.0414687544e-01
-1.5095930099e+00
8.1883257627e-01
2.7606947422e+00
1.2333254814e+00
6.0108357668e-01
-5.7809925079e-01
-5.9160637856e-01
7.6067350805e-02
-1.3173614740e+00
2.7413170785e-02
-4.5016436577e+00
2.0191767216e+00
1.5897347927e+00
1.4089579582e+00
1.8467614651e+00
5.5890455246e+00
5.6888508797e-01
-7.2526025772e-01
-3.4195890427e+00
-6.4213609695e+00
-2.3252267838e+00
-2.5527048111e+00
-6.3070154190e-01
-1.8449988365e+00
-3.9463579655e+00
3.3030360937e-01
-7.4086898565e-01
-1.2871021032e+00
-1.0418162346e+00
9.6719570458e-02
-1.3055734634e+00
8.4111708403e-01
1.3090146780e+00
4.7098568082e-01
1.2638357878e+00
-5.4212450981e-01
1.8742725849e+00
3.4556288719e+00
3.0624117851e+00
1.3402591944e+00
-1.1516904831e+00
-1.5213283300e+00
-1.7383673191e+00
-1.9515967369e+00
-1.8700516224e+00
-1.5121539831e+00
-1.9916815683e-02
-2.8467439115e-02
2.3812669516e-01
7.8286987543e-01
-9.1789472103e-01
2.0202546120e+00
2.7030203342e+00
1.9873607159e+00
4.8733911514e+00
1.9298058748e-01
-2.0369669795e-01
-1.6935206950e-01
-1.1544894427e-01
-9.4165897369e-01
-2.7385330200e+00
-2.5699338913e+00
-1.0489025116e+00
2.0753247738e+00
2.4336805344e+00
-3.8948712349e+00
-4.9569803476e-01
2.1725447178e+00
4.4122797251e-01
-8.9143919945e-01
-1.1978579760e+00
3.0692708492e-01
3.6592781544e+00
3.0521891117e+00
1.9404675961e+00
-1.2767505646e+00
-1.4735410213e+00
-1.5552653074e+00
-1.5209795237e+00
-4.9000930786e-01
-3.4356448054e-01
2.3712153733e-01
9.6435308456e-01
3.5688698292e-01
1.2482609600e-01
-6.8320399523e-01
1.2620526552e-01
2.2986371815e-01
8.0999267101e-01
3.6457636952e-01
-4.1966967583e+00
1.7001866102e+00
1.8040970564e+00
1.3627961874e+00
1.1165931225e+00
-1.1042033434e+00
-1.3003331423e+00
1.8825034797e-01
2.5323554873e-01
-1.2146704197e+00
-4.4884902239e-01
-9.0134012699e-01
-1.5566025972e+00
-2.2514395714e+00
-1.7355753183e+00
1.8126277924e+00
1.1692949533e+00
-5.3091067076e-01
-9.3714207411e-02
5.9971290827e-01
1.9312074184e+00
2.1739304066e+00
1.8053395748e+00
1.9849115610e+00
2.0119242668e+00
2.2598099709e+00
1.7814835310e+00
8.1678438187e-01
8.7074851990e-01
1.4555612579e-02
-4.8396158218e-01
1.7685087025e-01
4.0427294374e-01
4.6320059896e-01
5.6655281782e-01
-7.2353041172e-01
-1.7354695499e-01
-3.4070327878e-01
-1.9095762074e-01
-4.3817752600e-01
1.6770567894e+00
2.0701634884e+00
1.5911481380e+00
2.3080322742e+00
2.8471982479e+00
3.1605865955e+00
2.7759997845e+00
1.8817969561e+00
1.9807807207e+00
2.9063122272e+00
9.9748122692e-01
1.6245189905e+00
1.9858305454e+00
1.8774176836e+00
2.1257584095e+00
3.2442021370e+00
1.9556412697e+00
1.6052340269e+00
1.4722739458e+00
1.1380884647e+00
2.0018091202e+00
1.8242087364e+00
2.3634402752e+00
1.1683748960e+00
-8.2019239664e-01
-2.0083951950e+00
-7.9195773602e-01
3.4173808992e-02
-2.2095559537e-01
5.5246013403e-01
-6.4929070473e+00
-5.2901034355e+00
-3.6077477932e+00
-1.9544625282e+00
-4.7434759140e-01
2.7720740438e-01
4.1156020761e-01
7.6283448935e-01
1.1421653628e-01
2.0945774019e-01
-1.9416746497e-01
-4.1865071654e-01
-1.9161325693e-01
1.1030705273e-01
1.1233822107e+00
1.2436611652e+00
1.3839645386e+00
1.0941624641e+00
1.8917019367e+00
1.6273777485e+00
-4.3665518761e+00
-2.8599743843e+00
-2.9649510384e+00
-3.2037076950e+00
1.5755115449e-01
6.7336881161e-01
-4.3599295616e-01
-2.6853054296e-03
-1.3664040565e+00
-2.9367389679e+00
1.9624035358e+00
1.5971224308e+00
1.6451237202e+00
2.8845238686e+00
4.2272138596e+00
1.0654118061e+00
-4.9474474788e-01
-1.7594289780e+00
-2.3092880249e+00
-2.8106796741e+00
4.2282900810e+00
1.7323555946e+00
4.5185166597e-01
-4.1772767901e-01
-2.1436955929e+00
5.4810601473e-01
-1.1032688618e-01
-1.3559087515e+00
-2.3696589470e+00
-3.4081850052e+00
-1.2389577627e+00
-4.5127815008e-01
1.2213898897e+00
1.3549475670e+00
3.6365447044e+00
1.0543118715e+00
1.3302017450e+00
7.2898924351e-01
-2.7833545208e-01
-1.0083858967e+00
3.7209859490e-01
3.5285583138e-01
5.5926090479e-01
-6.6251271963e-01
-1.4239119291e+00
1.1045405865e+00
5.0213557482e-01
-8.3065557480e-01
-2.0859973431e+00
-2.5276150703e+00
-8.4508401155e-01
-8.9350497723e-01
-5.8225131035e-01
-6.5534079075e-01
1.4476554096e-01
-3.9191219807e+00
-3.3997869492e+00
-2.8403633833e-01
6.6238844395e-01
-1.0374544859e+00
7.4009525776e-01
6.8381106853e-01
-1.9242914021e-01
-8.0808079243e-01
-2.7108311653e-01
-2.3853859305e-01
-7.8884202242e-01
-6.6864603758e-01
-6.7586040497e-01
-1.6007981300e+00
-1.9899650812e+00
-1.9913533926e+00
-1.9108252525e+00
-1.8178893328e+00
-1.8642331362e+00
-2.3068284988e-01
-1.4066006243e-01
-3.9611992240e-01
5.9686493874e-01
-6.2221848965e-01
1.3292355537e+00
8.5218137503e-01
1.7668561935e+00
1.5258864164e+00
2.3876871169e-01
-3.2507688999e+00
-3.1892406940e+00
-3.5342185497e+00
-4.0249509811e+00
2.4974185228e-01
-2.6057299972e-01
1.1903004348e-01
-1.8720290065e-01
5.0387680531e-01
-3.8891486824e-02
-1.0935228318e-01
1.4256061614e-01
5.8597648144e-01
4.6612310410e-01
6.5702188015e-01
2.8087191582e+00
1.4016116858e+00
5.4296356440e-01
-5.5117613077e-01
-2.3991370201e+00
1.2547469139e+00
1.6294120252e-01
-4.5817238092e-01
-1.1414802074e+00
-2.8249893188e+00
-2.7745512128e-01
1.0912957191e+00
2.3269448280e+00
9.8140829802e-01
-2.2258564830e-02
-5.3098833561e-01
3.8108813763e-01
3.9930075407e-01
7.3719406500e-03
-1.9360187650e-01
1.8843457699e+00
1.2826819420e+00
9.0915125608e-01
1.1991298199e+00
1.1620161533e+00
6.5245515108e-01
1.0873870850e+00
5.4475343227e-01
-1.4175254107e+00
-2.4308049679e+00
2.9905042052e-01
8.2522690296e-01
1.3553733826e+00
1.3989994526e+00
1.8684983253e-01
-4.2020550370e-01
-9.8670703173e-01
-1.3407647610e+00
-1.0743819475e+00
-2.3721966892e-02
-2.3799009621e-01
-1.2418032885e+00
2.7228096128e-01
1.0451273918e+00
6.8594121933e-01
-4.4159407616e+00
-3.2630269527e+00
-1.7297805548e+00
-2.6279089507e-03
8.3228349686e-01
1.9669764042e+00
2.6834805012e+00
1.8616148233e+00
7.4667972326e-01
-2.0564405918e+00
-3.5285380483e-01
1.1303510666e+00
2.3738805205e-02
7.5324726105e-01
-3.8582593203e-01
5.7239395380e-01
1.3951566219e+00
8.3255785704e-01
1.4072839171e-02
-1.6831823587e+00
4.6203613281e-01
-2.4923393130e-01
-2.0952422917e-01
1.2055814266e-01
9.0708506107e-01
-8.5368931293e-01
-1.5590819120e+00
-2.8152148724e+00
-3.0221171379e+00
-3.1352229118e+00
3.4594507217e+00
2.3689365387e+00
2.1479439735e+00
3.1161588430e-01
-1.0641425848e+00
1.6401786804e+00
-2.4643506855e-02
-7.0943564177e-02
1.9825889170e-01
7.2238129377e-01
-5.0042802095e-01
9.0462662280e-02
-3.9291420579e-01
7.4718922377e-01
1.3151147366e+00
2.0335407257e+00
2.4374036789e+00
2.0082402229e+00
-8.9107626677e-01
-2.4622676373e+00
-1.2616897821e+00
-1.6403865814e+00
-1.6194535494e+00
-2.3361408710e+00
2.5061020255e-01
-1.1430929899e+00
-1.1510338783e+00
-8.3376348019e-01
-3.7537080050e-01
-4.5061688870e-02
4.2923021317e-01
-1.6036978960e+00
3.4809131175e-02
-3.4009248018e-01
-4.3568682671e-01
1.8836301565e+00
1.2591435909e+00
1.4920769930e+00
-7.8852790594e-01
-1.3304016590e+00
2.0446322858e-02
1.3681523800e+00
1.8534027338e+00
1.8889493942e+00
4.6587052941e-01
1.1221059561e+00
2.1287870407e+00
1.3599029779e+00
2.5777569041e-02
-1.3905787468e+00
-1.1711807251e+00
-5.6880456209e-01
-9.7531872988e-01
1.0219868422e+00
2.9722430706e+00
-1.9570814073e-01
-7.2403305769e-01
-4.0965035558e-01
4.1493603587e-01
2.5184524059e-01
4.8434621096e-01
-1.2995362282e+00
-2.6354753971e+00
-3.4598689079e+00
-2.8981564045e+00
3.2865488529e-01
3.8385711610e-02
-6.6478717327e-01
-4.4141975045e-01
-2.5840842724e-01
-1.0997787714e+00
-2.1423733234e+00
-3.9744634628e+00
-3.2812922001e+00
-2.4678235054e+00
-1.5722676516e+00
4.3723568320e-01
7.2801429033e-01
6.0422670841e-01
3.8521060348e-01
1.7430837154e+00
7.2473227978e-01
-1.6397705078e+00
-1.1290778965e-01
8.8062530756e-01
-2.4169829488e-01
4.8901233077e-01
-4.1052436829e-01
-1.3215308189e+00
-1.4285869896e-01
1.5287909508e+00
1.1406615973e+00
6.4779239893e-01
-1.3992004097e-01
6.2246835232e-01
-4.5699137449e-01
-2.0352625847e-01
7.2225224972e-01
1.3840132952e+00
1.8772970438e+00
1.3216786385e+00
6.3113391399e-01
-7.8870856762e-01
-8.7157642841e-01
-1.1451998949e+00
3.7063512206e-01
1.5151962042e+00
7.7256304026e-01
7.3956871033e-01
2.3888586462e-01
-4.3309482932e-01
-1.0524278879e+00
-1.7085627317e+00
-8.6702746153e-01
-2.2242116928e+00
1.2671225071e+00
1.7371910810e+00
6.0319977999e-01
-4.6606197953e-01
-4.8060354590e-01
1.4705821276e+00
1.3147963285e+00
-1.6000182927e-01
-8.5551643372e-01
9.5026946068e-01
2.7862501144e+00
9.1172242165e-01
-1.3515062332e+00
-3.0271014571e-01
5.4947894812e-01
3.4399263561e-02
-5.0105100870e-01
-4.8496387899e-02
6.0166943073e-01
3.7731724977e-01
-1.0596356541e-01
-2.1145306528e-01
-8.4362429380e-01
2.3480974138e-01
1.3353238106e+00
-3.4742978215e-01
-5.1657680422e-02
6.9158321619e-01
-4.9521961808e-01
-7.8681647778e-01
1.3918250799e+00
-4.0910711884e-01
-6.1777335405e-01
1.2076858431e-01
-5.3096151352e-01
-5.4786884785e-01
-2.3533680439e+00
-2.5017218590e+00
-6.0466438532e-01
-1.2737280922e-03
-3.2491284609e-01
-4.1996587068e-02
-2.2974714637e-01
-1.5705861151e-01
-8.3824801445e-01
1.8840396404e-01
6.3765518367e-02
1.6098588705e-01
-9.0820312500e-02
-3.3530065417e-01
1.3295857906e+00
-1.3060715199e+00
-2.7615208626e+00
-6.9259464741e-01
-1.3941320777e-01
-3.8773930073e-01
-1.3962481171e-02
-4.1414895654e-01
-5.3159177303e-01
-6.1679297686e-01
1.5755677223e-01
3.0617010593e-01
1.5279385448e-01
6.0827445984e-01
6.9468379021e-01
7.4173402786e-01
1.3201427460e+00
3.7344107032e-01
-9.0500694513e-01
-4.3224850297e-01
-1.1411132812e+00
-2.7525857091e-01
1.5221200883e-01
6.4852750301e-01
1.9155724049e+00
5.2671080828e-01
-3.8193892688e-02
-1.5384427309e+00
-1.6237888336e+00
2.7727699280e-01
-2.4980138242e-01
2.4954023957e-01
3.1261655688e-01
1.3243465424e+00
1.3592649698e+00
-2.2976891994e+00
-4.4478753209e-01
9.3805921078e-01
2.3957886696e+00
3.1920771599e+00
-1.5989789367e-01
2.7785941958e-01
2.0938989520e-01
1.1363704689e-02
4.2267259955e-01
3.0520482063e+00
-9.5290756226e-01
-2.4121557176e-01
-6.9138872623e-01
-1.2615422904e-01
4.8727324605e-01
2.9922568798e-01
-4.7601148486e-01
-5.5853564292e-02
6.8878608942e-01
-3.8287227154e+00
-4.2964968085e-01
-4.4558605552e-01
8.3088004589e-01
-3.0935582519e-01
-1.7854574919e+00
-1.1606220007e+00
-7.9849553108e-01
-4.1444355249e-01
8.5254019499e-01
-7.2891944647e-01
-4.1169056296e-01
3.3016121387e-01
4.6792852879e-01
5.1169335842e-01
6.2596315145e-01
3.4442299604e-01
-1.4931587875e-01
-6.8796187639e-01
-1.5382130146e+00
-1.2839220762e+00
-2.3670477867e+00
-2.5097179413e+00
-1.3949904442e+00
-2.6754701976e-03
4.4793519974e+00
1.5109223127e+00
7.3574942350e-01
1.0482443571e+00
2.7233970165e+00
1.9137082100e+00
-3.3029136062e-01
-1.3880831003e+00
1.0525010824e+00
1.8404601812e+00
5.7400041819e-01
1.4400905371e+00
1.2339396477e+00
1.0469217300e+00
1.7277981043e+00
-8.0366605520e-01
9.6453690529e-01
4.4251507521e-01
1.9803492725e-01
9.8841720819e-01
-3.5642090440e-01
-1.4104782343e+00
-1.4479088783e+00
-1.3036037683e+00
-1.7163354158e-01
2.1591864526e-01
-3.9007753134e-01
-1.1252294779e+00
3.7958103418e-01
1.8099712133e+00
-3.3913843632e+00
-1.5096805096e+00
-2.0425534248e+00
-1.6937946081e+00
-1.8975735903e+00
-1.4618409872e+00
-5.7533800602e-01
-3.4642942250e-02
2.2695213556e-01
3.0579888821e-01
4.7639185190e-01
1.8930562735e+00
1.1270388216e-01
-4.0218877792e-01
-5.6590104103e-01
9.7881889343e-01
-1.2396085262e+00
-8.0817306042e-01
6.2153911591e-01
2.0553956032e+00
8.0389285088e-01
-1.7105035484e-01
-7.5511223078e-01
-5.0741219521e-01
-3.2769036293e-01
3.1771472096e-01
-5.1550292969e-01
-1.4036089182e-01
-8.5822844505e-01
-1.4881423712e+00
-9.8601621389e-01
-5.4385417700e-01
-6.8832284212e-01
-3.1353715062e-01
-6.7714679241e-01
-1.6115962267e+00
-1.5470008552e-01
-3.3350294828e-01
-2.0288789272e-01
7.0543460548e-02
9.1373682022e-01
7.6466345787e-01
-4.4695127755e-02
6.3399881124e-01
-3.4207820892e-01
7.0864713192e-01
-4.4723898172e-01
-1.9511395693e-01
-8.0065019429e-03
-9.0114963055e-01
1.7282541990e+00
1.2358809710e+00
9.0505701303e-01
8.0237543583e-01
1.0256434679e+00
-3.9771139622e-01
-3.1552594900e-01
-3.0844268203e-01
-6.1612266302e-01
2.0913201571e-01
6.6911262274e-01
-8.0705499649e-01
-1.1818459034e+00
-6.7976512015e-02
2.6968747377e-01
-6.5527367592e-01
-3.6579608917e-01
-4.6740937233e-01
1.2718728185e-01
9.1569703817e-01
-1.4625573158e+00
-5.7898026705e-01
-4.1482248902e-01
-4.2623904347e-01
-1.1091550589e+00
1.6727886200e+00
1.7434989214e+00
1.7304599285e-01
-1.1179515123e+00
-1.5896139145e+00
-2.2098000050e+00
-2.2768824100e+00
-2.0806853771e+00
9.8034000397e-01
2.2437031269e+00
-7.5704711676e-01
5.9019804001e-01
7.0926785469e-01
9.5456361771e-01
1.4678862095e+00
-6.8978285789e-01
-2.5090047717e-01
-5.6449663639e-01
-8.7580554187e-02
8.2878082991e-01
-1.2862222195e+00
-1.0489463061e-01
-7.3696267605e-01
-5.3496670723e-01
-5.8171804994e-02
2.8259410858e+00
1.6757128239e+00
-8.1081783772e-01
-5.0353759527e-01
-5.3881180286e-01
-2.9621091485e-01
-5.6098097563e-01
1.1039455421e-03
-1.0903295279e+00
-1.0869715214e+00
1.1658348888e-01
-2.7462583780e-01
-8.0488127470e-01
-2.8399729729e-01
-1.2804162502e-01
-2.3474223614e+00
3.5941308737e-01
1.7159030437e+00
2.9897799492e+00
3.7636866570e+00
-7.3963946104e-01
3.8144072890e-01
1.6246803105e-01
3.9322936535e-01
9.9461525679e-01
3.3098993301e+00
2.8027873039e+00
1.2775958776e+00
3.0507655144e+00
1.2564332485e+00
6.4859271049e-01
1.5223772824e-01
-3.2325130701e-01
-1.1720452309e+00
-8.4395331144e-01
1.7591370344e+00
9.3628907204e-01
8.1738746166e-01
8.0739140511e-01
1.9102103710e+00
-3.4056074619e+00
-1.3145962954e+00
-7.3808503151e-01
5.7341545820e-01
1.7645884752e+00
-3.3539228439e+00
-4.1272583008e+00
-4.1456518173e+00
-2.9866576195e+00
-8.3503746986e-01
2.2975199223e+00
8.1627094746e-01
1.6036212444e-01
1.5926785469e+00
1.0454379320e+00
-4.4456005096e-01
8.0303102732e-02
2.2676457465e-01
-2.5411739945e-01
5.0352431834e-02
2.5866250992e+00
1.3937155008e+00
1.3161513805e+00
2.7133471966e+00
1.1295535564e+00
3.3643108606e-01
1.2216535807e+00
1.2118221074e-01
-9.6088463068e-01
-2.0210766792e-01
1.3191010952e+00
1.4009881020e+00
2.8402955532e+00
2.3449673653e+00
2.8453981876e+00
-9.6154719591e-01
-1.4003616571e+00
-2.2984180450e+00
-1.0015593767e+00
5.9179073572e-01
6.8130171299e-01
3.5932722688e-01
8.8316965103e-01
2.2059054375e+00
2.8142733574e+00
-1.4321945906e+00
-8.1070721149e-01
-5.9220010042e-01
-1.6000039876e-01
1.0511962175e+00
-9.9857521057e-01
-1.2957375050e+00
1.9302915037e-01
-7.0168840885e-01
-1.8303148746e+00
1.9871893525e-01
-1.1643880978e-02
-1.4239532948e+00
-1.7611126900e+00
-2.7320969105e+00
1.4100797474e-01
-3.2914873958e-01
-4.9185287952e-01
-4.0663367510e-01
-2.1766944230e-01
-4.5066777617e-02
-2.5951260328e-01
-8.2892364264e-01
-7.6967394352e-01
-1.1073118448e+00
-1.2716705799e+00
-1.5638349950e-01
-4.2721846700e-01
-4.0836268663e-01
-8.2125407457e-01
-2.0600502491e+00
-1.8699014187e+00
-1.9080094099e+00
-3.5326936245e+00
-2.0275142193e+00
-3.1429503113e-02
1.3726614416e-01
2.0489518642e+00
8.2757431269e-01
-3.1118255854e-01
2.7490444183e+00
1.6056936979e+00
4.7510337830e-01
2.3455505371e+00
3.4678478241e+00
1.9321082830e+00
3.3489581943e-01
9.6496564150e-01
-1.7280256748e-01
-9.6124041080e-01
-2.5284941196e+00
-2.6258983612e+00
-2.7398254871e+00
-2.0924897194e+00
-1.5081619024e+00
4.9392920732e-01
-2.8942847624e-02
-1.6828098893e-01
4.2594918609e-01
6.5775805712e-01
2.4756033719e-01
-9.5564222336e-01
-2.1799273491e+00
5.2394014597e-01
1.9208127260e+00
-8.7646114826e-01
-1.5894399881e+00
-1.5015684366e+00
-1.4593012333e+00
-1.1276413202e+00
1.2289943695e+00
9.5486158133e-01
-4.7447785735e-01
2.3557224274e+00
3.7828185558e+00
4.0192875266e-01
5.3594875336e-01
1.5045313537e-01
3.5836765170e-01
-2.3973758519e-01
6.3652569056e-01
7.0253670216e-01
4.0813499689e-01
-5.5435293913e-01
-2.1650881767e+00
1.4097882509e+00
3.2431641221e-01
-8.5798096657e-01
-3.9350831509e-01
-9.2425549030e-01
1.5551483631e+00
9.9286109209e-01
9.6363490820e-01
7.8091460466e-01
5.3696662188e-01
-2.5201940536e+00
-3.5454788208e+00
-4.3615794182e+00
-3.4048449993e+00
-1.4895650148e+00
-2.8021295071e+00
-3.5512242317e+00
-2.2239220142e+00
-3.8303013891e-02
2.4033355713e+00
-1.0652400255e+00
-1.0976858139e+00
-1.4586286545e+00
-7.5369566679e-01
-2.1397211552e+00
8.9295363426e-01
1.7597817183e+00
1.0531213880e-01
-1.4142727852e+00
-2.0519168377e+00
2.3463065624e+00
9.3139797449e-01
6.7457240820e-01
-2.7304077148e-01
-2.4640588760e+00
1.8772224188e+00
1.2565336227e+00
2.1004824638e+00
1.1510777473e+00
7.1501243114e-01
2.8546724319e+00
3.2861661911e+00
2.7566285133e+00
2.5722208023e+00
3.9152479172e+00
-2.6563665271e-01
8.3730686456e-03
-1.7424389124e+00
-2.4367163181e+00
-3.6523699760e+00
4.5725965500e+00
4.1135377884e+00
2.3605000973e+00
1.1073617935e+00
-9.3368834257e-01
-3.2865452766e-01
-7.5227630138e-01
-1.8273980916e-01
3.6693677306e-01
2.3980949819e-01
2.5366771221e+00
1.1323113441e+00
-1.1863201857e+00
-4.3663695455e-01
9.5217823982e-01
1.5160803795e+00
1.4217455387e+00
5.5091845989e-01
7.9497748613e-01
8.7628090382e-01
-1.1743814945e+00
-1.0028247833e+00
-8.4641492367e-01
-2.5316329002e+00
-4.3755068779e+00
-9.3586623669e-01
2.7221193910e-01
1.2421162426e-01
5.9567719698e-01
1.1842459440e+00
4.0120429993e+00
3.6621191502e+00
1.0611988306e+00
1.3719328642e+00
5.8149546385e-01
-5.3676682711e-01
-2.7350142598e-01
-2.3474568129e-01
1.1357144266e-01
5.3983247280e-01
-3.8140125573e-02
-2.3316210508e-01
-1.5888161957e-01
2.7383586857e-03
-6.2619215250e-01
-1.2951459885e+00
-1.0535845757e+00
-1.7747859955e+00
-1.8470760584e+00
-3.6074769497e+00
-7.8482025862e-01
-1.0309213400e+00
-9.7462755442e-01
-1.0276404619e+00
-1.1185915470e+00
-4.1294896603e-01
1.0647571832e-01
3.2579588890e-01
8.6780387163e-01
7.5426965952e-01
3.2289836407e+00
1.9955595732e+00
3.1418123245e+00
2.7021174431e+00
-3.3440679312e-02
3.5059505701e-01
2.4613194168e-01
2.2757193446e-01
-4.8798331618e-01
-1.9037637711e+00
1.9363644123e+00
1.7490670681e+00
4.3474408984e-01
1.5017224848e-01
-3.4697109461e-01
1.3704053164e+00
-4.9548670650e-01
-1.8046424389e+00
-1.5801975727e+00
5.4550987482e-01
3.7858862877e+00
3.3183815479e+00
2.3213474751e+00
9.4130784273e-01
-1.2309765816e+00
1.8884546757e+00
1.0368983746e+00
-1.9911694527e+00
-3.1196558475e+00
-4.9377059937e+00
3.3623585105e-01
7.7544790506e-01
1.3329801559e+00
3.4298002720e-01
-2.8097021580e-01
6.8330401555e-03
3.6855605245e-01
8.2743622363e-02
6.7000466585e-01
9.3353009224e-01
1.3286201954e+00
1.6268112659e+00
-6.0090994835e-01
-1.1325385571e+00
-1.1720515490e+00
-1.5441706777e-01
-5.0860589743e-01
-7.5606781244e-01
-1.0172377825e+00
-1.0992728472e+00
-3.1323710084e-01
-5.7290934026e-02
1.7344769835e-01
1.5774121881e-01
-4.3397185206e-01
-1.2693560123e+00
-2.4369871616e+00
-3.6518371105e+00
-4.0242748260e+00
-2.1555674076e+00
-9.5738774538e-01
-9.2299503088e-01
-1.1946401596e+00
2.1869666874e-01
-1.0008944273e+00
4.9332971573e+00
1.2962697744e+00
2.4246118069e+00
2.1966972351e+00
3.0352535248e+00
-2.0805268288e+00
-5.8434754610e-02
1.0942090750e+00
1.0781197995e-01
-9.4523864985e-01
-7.9854476452e-01
1.1566686630e+00
9.9574315548e-01
1.0706030130e+00
-1.5914408863e-01
9.6165990829e-01
1.6551332474e+00
-2.3196024895e+00
-2.8492736816e+00
-1.7612007856e+00
2.4889318943e+00
1.7378598452e-01
1.0474542379e+00
1.1816883087e+00
1.1394541264e+00
-1.1266021729e+00
1.6371300220e+00
7.6001781225e-01
-1.0838351250e+00
-4.3861565590e+00
-2.9095675945e+00
-4.7107753754e+00
-2.2965433598e+00
-9.4758152962e-02
1.5036342144e+00
1.4388061762e+00
1.0058343410e+00
-2.1135046482e+00
-1.9250719547e+00
3.0368036032e-01
3.0740692616e+00
4.2515187263e+00
1.7932742834e+00
-1.2798986435e+00
-1.1688954830e+00
5.0950634480e-01
8.7916933000e-02
-9.3133795261e-01
-9.9234980345e-01
-9.4598442316e-01
-3.7514534593e-01
-4.2988583446e-01
-9.3640398979e-01
6.9366842508e-01
6.6526883841e-01
-1.8118270636e+00
-8.1399768591e-01
-1.3049268723e+00
-3.2764676213e-01
-9.5735478401e-01
8.7532073259e-01
6.7695039511e-01
-1.0300988704e-01
-4.5228242874e-01
1.1659899950e+00
-7.8072285652e-01
-3.1161424518e-01
-1.7714936733e+00
-5.0576108694e-01
-1.7145369947e-01
-5.1314926147e-01
-1.9681521654e+00
-1.2122039795e+00
-7.1162527800e-01
1.9955724478e+00
5.5796904489e-03
6.2154835463e-01
-4.1881293058e-01
-2.8661744595e+00
-3.8626556396e+00
1.6915757656e+00
1.8281356096e+00
1.8413681984e+00
2.0402848721e+00
1.7706465721e+00
-8.6205929518e-01
-1.5416281223e+00
-9.5079207420e-01
-1.6911309958e+00
4.2335322499e-01
-9.3369662762e-01
-1.1564666033e+00
-1.3484253883e+00
-9.8224753141e-01
8.0539202690e-01
7.6137971878e-01
1.1689140797e+00
4.2078772187e-01
6.9230574369e-01
4.2053973675e-01
-1.2272455692e+00
4.0201178193e-01
2.8227465153e+00
4.5416784286e-01
-9.3662130833e-01
-9.2566050589e-02
2.4774312973e-01
-1.2242918015e+00
-4.7463199496e-01
5.0624795258e-02
-2.1727128327e-01
-3.7217468023e-02
-4.3709373474e-01
-4.5120671391e-01
-4.5839354396e-01
9.7508162260e-02
2.8010264039e-01
-4.8699590564e-01
-2.1783934534e-01
-2.2170724347e-02
-3.2859733105e+00
-2.8257973194e+00
-2.0211412907e+00
-6.3302153349e-01
1.0410206318e+00
1.0418462753e+00
7.4698221684e-01
-1.9643125534e+00
-9.9853682518e-01
8.8062129915e-02
-2.0738668442e+00
3.0780160427e-01
2.2609081268e+00
1.2486906052e+00
-1.2443256378e+00
-3.2465779781e-01
-1.6057944298e-01
8.8848128915e-02
7.9904861748e-02
2.2648406029e-01
-2.3816399574e+00
-1.8598592281e+00
-2.1490342617e+00
1.8395638466e+00
3.4876408577e+00
-2.1160347462e+00
1.4924374223e-01
-5.6638950109e-01
-4.1566759348e-02
-8.6769926548e-01
1.0169664621e+00
3.9298582077e-01
2.6961448789e-01
-4.5889282227e-01
4.1405722499e-01
1.8420128524e-01
3.7066155672e-01
3.0872952193e-03
7.8047966957e-01
1.0878894329e+00
-1.4378371239e+00
-3.1114956737e-01
-1.7522115707e+00
-6.7437273264e-01
5.8305460215e-01
9.9575597048e-01
-4.6855798364e-01
-3.2048723102e-01
-1.3633869886e+00
2.0325946808e+00
7.2124844790e-01
-9.3777590990e-01
2.5478455424e-01
-3.3730712533e-01
1.3064719439e+00
-1.5958374739e+00
2.2100059986e+00
1.3773719966e-01
-6.6349464655e-01
7.9810053110e-01
-3.0728611946e+00
-2.7276057005e-01
-1.6828496456e+00
-1.1170967817e+00
-3.6490697861e+00
-8.4692239761e-01
-3.5610148907e+00
-3.3258333206e+00
6.5668320656e-01
1.0132058859e+00
-6.2143665552e-01
-3.8276866078e-01
8.1567332149e-02
-1.2898929119e+00
5.9547430277e-01
-3.2747352123e+00
-2.1227152348e+00
-2.8587203026e+00
-3.4485828876e-01
6.5112066269e-01
-6.6858738661e-01
-9.6131432056e-01
-1.6516152620e+00
-4.9484071136e-01
4.5400416851e-01
2.2236497402e+00
1.4158477783e+00
2.4138531685e+00
1.7867131233e+00
7.1045100689e-01
3.8742456436e+00
1.2079823017e+00
-7.5888288021e-01
-8.3185422421e-01
3.9728981256e-01
1.4915440977e-01
2.5145599246e-01
-8.4040063620e-01
-7.1998500824e-01
2.3433250189e-01
1.5429668427e+00
1.6451308727e+00
4.4246733189e-01
-2.8094952106e+00
-4.7359752655e+00
-4.0552341938e-01
2.3780401051e-01
5.8441090584e-01
1.0279607773e+00
3.6433529854e-01
-3.0752959847e-01
-1.1301475763e-01
-6.0847294331e-01
1.2222515345e+00
2.1325347424e+00
5.1710146666e-01
6.7017108202e-01
1.1498366296e-01
3.0007496476e-01
3.5962033272e-01
1.5068525076e+00
1.8519344330e+00
1.9136154652e+00
2.4313306808e+00
3.7447822094e+00
-1.7611960173e+00
-1.7372428179e+00
-1.6772679090e+00
-1.0222749710e+00
-1.1534190178e+00
-1.1189545393e+00
-8.2801067829e-01
-1.0056556463e+00
-4.6472568065e-02
-3.1450673938e-01
2.2326034307e-01
1.1619485915e-01
7.2707736492e-01
1.4242804050e+00
1.5242897272e+00
-5.1837182045e-01
-2.6378002018e-02
-1.5041159093e-01
1.9941353798e-01
-8.6730509996e-01
-8.4060201645e+00
-4.6225600243e+00
-1.4494692087e+00
1.6060370207e-01
2.0892465115e-01
6.6594034433e-01
-4.4138723612e-01
1.9820421934e-01
3.3723366261e-01
2.7489390969e-01
-8.7564402819e-01
-1.5797455311e+00
-2.3959393501e+00
-2.6832053661e+00
1.1657285690e+00
-5.2050167322e-01
3.6244866252e-01
-8.2471780479e-03
1.0478607416e+00
1.9107681513e+00
-2.3072545528e+00
-1.1980317831e+00
-2.0553829670e+00
-7.5477850437e-01
-4.9404412508e-01
-2.1457209587e+00
-1.7627477646e+00
-2.1103434563e+00
-1.2168632746e+00
-1.5609611273e+00
4.1560583115e+00
3.7126854062e-02
-5.1070749760e-01
-4.5525144786e-02
1.3885074854e+00
-7.6498508453e-01
-4.5082394034e-02
2.7064022422e-01
9.3232011795e-01
2.3457412422e-01
-3.5597911477e-01
-2.6926419139e-01
-2.7071800828e-01
-1.4441895485e-01
-3.6133810878e-01
6.7490601540e-01
3.3216854930e-01
2.9404822271e-03
1.4733916521e-01
-2.9384797812e-01
-3.1311008334e-01
-6.6176426411e-01
-6.5751057863e-01
-9.5356786251e-01
-8.7281680107e-01
-7.7951383591e-01
-4.8111537099e-01
-4.4201776385e-01
-9.2880325392e-03
-4.6562024951e-01
3.0127197504e-01
7.2766232491e-01
4.5872896910e-01
5.0833225250e-01
1.6996790469e-01
1.3540901244e-01
-1.1177613400e-02
-7.3039092124e-02
1.4299611747e-01
1.5768846869e-01
-9.5414020121e-02
-3.7464946508e-01
-5.9584027529e-01
-2.8804743290e-01
-2.7166584134e-01
-2.8812018037e-01
1.0986723006e-01
5.1465415955e-01
5.3979915380e-01
6.2051457167e-01
1.4697097242e-01
3.7479272485e-01
7.0454573631e-01
3.4730237722e-01
-3.3181318641e-01
-1.2625963427e-02
1.2972715497e-01
3.6688953638e-02
1.2790831923e-01
6.0801345110e-01
2.6950925589e-01
6.0390181839e-02
-1.3032478280e-02
-9.9279798567e-02
-2.2838513553e-01
7.7683347464e-01
9.9688893557e-01
7.9536676407e-01
6.4115178585e-01
1.1409974098e+00
-8.4176278114e-01
-2.6510226727e-01
-9.3093819916e-02
-2.6752956212e-02
-1.3691204786e-01
1.2370938063e-01
2.2662247717e-01
1.7632587254e-01
5.7667028159e-02
-2.0967231691e-01
-3.1848248839e-01
-5.2111793309e-02
-2.5060541928e-02
-3.3548232168e-02
-1.2986204028e-01
-9.6177965403e-01
-7.2397404909e-01
-4.8406168818e-01
-5.7887548208e-01
-6.5727221966e-01
2.1686941385e-01
6.6135650873e-01
2.5200471282e-01
8.6862817407e-02
-1.8461225927e-01
1.2272318825e-02
-1.9158302248e-01
1.1659616977e-01
1.4223404229e-01
5.6646347046e-02
-2.8224059939e-01
-6.2245917320e-01
-5.4279506207e-01
1.2848107517e-01
-1.4385627210e-01
3.4070584178e-01
4.4582790136e-01
3.7335893512e-01
3.1799167395e-01
3.4056785703e-01
4.4053432345e-01
4.5748677850e-01
5.8021003008e-01
6.8474173546e-01
8.0384081602e-01
-7.1281594038e-01
-9.6901327372e-01
-1.1387393475e+00
-1.3511974812e+00
-1.0435065031e+00
2.2168746591e-01
3.3668944240e-01
8.8519891724e-03
3.3385830466e-03
-4.7445867211e-02
9.1219568253e-01
1.2655408382e+00
6.7084383965e-01
3.7830603123e-01
8.3780534565e-02
-3.2721394300e-01
-1.2701249123e-01
-1.1341159791e-01
-2.1766458452e-01
-2.3358793557e-01
2.2502844036e-01
-6.4250141382e-02
2.0003909245e-02
4.0321266651e-01
2.9037229717e-02
-6.5310400724e-01
-4.9432113767e-01
-9.2628501356e-02
-1.8175266683e-01
2.7780652046e-02
-2.4109712243e-01
3.3644238114e-01
-1.4194886386e-01
-7.0479325950e-02
-6.5963946283e-02
-6.4260140061e-02
-2.8275015950e-01
-1.3089250028e-01
-5.6100624800e-01
-6.9958823919e-01
-6.2421340495e-02
-1.5410459042e-01
3.5701474547e-01
1.8671910465e-01
-2.4837902188e-01
-5.6955420971e-01
-2.8743702173e-01
-4.6747615933e-01
-3.5603997111e-01
-3.0577003956e-01
-1.6014096141e-01
5.2526511252e-02
4.1931975633e-02
-2.2043319046e-01
-2.9899734259e-01
-1.9622216001e-02
3.8535413146e-01
2.4039055407e-01
3.5081538558e-01
3.6208969355e-01
2.4579623342e-01
4.3575930595e-01
1.8083016574e-01
-1.4418058097e-01
-1.2789838016e-01
1.1595018953e-01
6.1561606824e-02
5.8199167252e-03
-6.0482513160e-02
-2.2721846402e-01
-1.2588603795e-01
-1.0266205296e-02
8.5789058357e-03
-1.8646109104e-01
-1.0362831354e+00
1.2350384146e-01
-2.9973220080e-02
-1.8667669594e-01
-7.4448980391e-02
9.1567859054e-02
-4.6467667818e-01
3.4204412252e-02
-1.6509686410e-01
1.4894501865e-01
2.5030651689e-01
1.7896176875e-01
1.4700558782e-01
1.3501593471e-01
2.8056660295e-01
4.7628226876e-01
1.8121892214e-01
7.4073873460e-02
2.9868403077e-01
4.7779089212e-01
4.2885300517e-01
-2.8934067115e-02
-4.3206009269e-01
-3.7270313501e-01
-2.8359851241e-01
-2.2075232863e-01
-3.0049720407e-01
-7.0188410580e-02
-7.6457285322e-03
1.2252523005e-01
-7.6793613844e-03
4.2638403177e-01
5.4910659790e-01
2.8156161308e-01
3.7535065413e-01
4.6129161119e-01
2.3043012619e-01
1.8781513209e-03
-4.3484419584e-01
-2.4665072560e-01
-2.5671753287e-01
-1.5288141370e-01
5.2378825843e-02
5.3898304701e-01
1.7322833836e-01
3.7743872404e-01
-8.3109974861e-01
-6.4317578077e-01
-5.0644713640e-01
-5.6200009584e-01
-6.9438201189e-01
5.8773702383e-01
2.8442165256e-01
1.6554813087e-01
-1.8281646073e-02
-4.8589518666e-01
3.6080223322e-01
6.3558816910e-01
3.6147719622e-01
6.0411965847e-01
-1.1519223452e-01
-2.7468860149e-02
-4.9577914178e-02
6.5264537930e-02
-1.1790356785e-01
1.3513363898e-01
-5.4217040539e-02
1.1515875161e-01
3.3412780613e-02
2.0146794617e-02
-3.0470079184e-01
-1.3419393301e+00
-6.0456824303e-01
-1.4771631360e-01
1.3638906181e-02
4.4933581352e-01
4.0002885461e-01
3.8821673393e-01
3.3715501428e-01
6.9773346186e-01
8.7972939014e-01
-2.6230764389e-01
-6.9451399148e-02
-6.3639259338e-01
-3.8475757837e-01
-2.2768150270e-01
-2.4985785782e-01
1.1123879999e-01
1.3399703801e-01
2.0180404186e-01
3.8293355703e-01
2.6135408878e-01
1.7129655182e-01
2.7587410808e-01
2.1438348293e-01
-1.6831834801e-03
2.5689592585e-02
2.2007854283e-01
-1.3580705225e-01
-1.2602435052e-01
-2.4968229234e-01
-4.4285717607e-01
-1.8926972151e-01
-8.1407696009e-02
3.4124568105e-02
-1.4560309052e-01
-5.7621347904e-01
-4.3248873949e-01
2.4837578833e-01
3.4167894721e-01
2.1545611322e-01
-2.8259637952e-01
-1.5033055842e-01
1.9469828904e-01
3.1508055329e-01
4.1251879930e-01
7.2850152850e-02
1.8089765310e-01
1.0306943953e-01
2.0182152092e-01
3.9712035656e-01
-2.2861996293e-01
1.3775807619e-01
4.1095623374e-01
3.0511358753e-02
-1.3559234142e-01
2.6262481697e-03
-1.8473523855e-01
-1.5529176593e-01
7.8472800553e-02
4.3683037162e-02
9.9600446224e-01
4.7242164612e-01
2.1136285365e-01
-3.9843162894e-01
-4.3659177423e-01
1.2583869696e-01
2.0736239851e-01
3.8878578693e-02
2.6957781985e-02
2.4445652962e-01
-9.3803584576e-01
-4.4789755344e-01
-1.0187668800e+00
-7.1829020977e-01
2.7391743660e-01
1.3818954229e+00
2.0104668140e+00
-2.9862791300e-02
-1.6132042408e+00
-4.8775615692e+00
1.7745758295e+00
6.4121627808e-01
-1.3254018128e-01
1.5064999461e-01
1.0358721018e+00
-2.9744474888e+00
-2.1583425999e+00
1.5998957157e+00
7.9635423422e-01
-1.3833411932e+00
-1.8450385332e-01
-7.8859794140e-01
2.0904912055e-01
-1.8640730530e-02
-4.6563047171e-01
1.6324436665e-01
4.2510805130e+00
1.5948815346e+00
1.9345910549e+00
9.9631619453e-01
1.4100656509e+00
5.3385561705e-01
-3.5728424788e-01
-1.6442254782e+00
-3.3168282509e+00
2.7120103836e+00
1.6857813597e+00
1.4864096045e-01
2.0213949680e+00
-4.1519805789e-01
-2.2507803440e+00
-2.6908462048e+00
-2.9179730415e+00
-1.8285759687e+00
-1.2118132114e+00
2.6567813754e-01
9.2887252569e-01
2.3974785805e+00
-1.3938968182e+00
-2.0437631011e-01
-4.7285728455e+00
-3.4933559895e+00
-1.1032323837e+00
1.6740300655e+00
3.0716767311e+00
-1.5861120224e+00
-1.9917114973e+00
9.7786515951e-01
1.7152743340e+00
1.2008519173e+00
-1.3058317900e+00
-7.7542299032e-01
-3.6280810833e-01
3.3646869659e-01
-7.6780027151e-01
-3.4796037674e+00
-2.8002808094e+00
-3.2038190365e+00
-2.9649398327e+00
-2.5797698498e+00
1.9211757183e+00
2.4519789219e-01
-1.3076165915e+00
-1.3690738678e+00
-4.4858482480e-01
-2.1038866043e+00
-1.9324659109e+00
1.6288304329e+00
3.2396068573e+00
5.9268659353e-01
-2.6975519657e+00
-9.3361622095e-01
-3.9747768641e-01
-4.6776883304e-02
-2.8713676333e-01
-2.1548504829e+00
6.6947913170e-01
2.0099699497e+00
-1.9127483666e-01
-1.3930764198e+00
-2.3837304115e+00
-3.2537808418e+00
-2.2996146679e+00
-1.6310440302e+00
-7.5687283278e-01
3.8227066398e-01
6.1348778009e-01
4.9781382084e-01
3.6947268248e-01
1.1974104643e+00
-1.1261675507e-01
1.3834387064e+00
2.1042978764e+00
7.1564018726e-01
-2.4928514957e+00
-1.8315365314e+00
-4.9432578683e-01
5.7691049576e-01
-6.0093921423e-01
1.3279138803e+00
1.2413276434e+00
-1.2290344387e-01
-4.7407522798e-01
1.0120774508e+00
6.9736182690e-01
-2.3106873035e+00
5.7019877434e-01
-1.5304131806e-01
6.5966051817e-01
-9.1963714361e-01
1.7012025416e-01
5.7125217281e-03
4.5032352209e-01
2.5727868080e-01
6.4280605316e-01
-7.9651629925e-01
-4.5871391892e-01
-1.9666011631e-01
-1.5946648121e+00
-3.8426897526e+00
1.4512963593e-01
1.6941705346e-01
-6.5000534058e-01
1.0463759303e-01
9.8182901740e-02
9.5269948244e-01
1.8208479881e+00
1.1512528658e+00
2.2588786483e-01
1.5388767719e+00
1.0520604849e+00
-7.7327525616e-01
-4.6025523543e-01
-7.1002560854e-01
-4.7747159004e-01
-1.5973496437e+00
2.4851363897e-01
-2.1263191700e+00
-2.7367637157e+00
-3.5746104717e+00
-1.7097097635e+00
-3.5933837295e-01
-1.6163018346e-01
9.0664142370e-01
1.2002948523e+00
1.9294483960e-01
3.1123507023e+00
5.8466416597e-01
-2.2417659760e+00
-6.9085488319e+00
-4.4773790240e-01
-1.8204387426e+00
-2.1231517792e+00
-1.8826382160e+00
-1.1774815321e+00
9.0261042118e-01
6.1946988106e-01
3.9985328913e-01
1.7249424458e+00
1.7237107754e+00
-1.3471565247e+00
2.9825094342e-01
1.1510825157e-01
1.0877635330e-01
-5.4018694162e-01
1.9714221358e-01
2.8756072521e+00
-6.1761964113e-02
-2.2847428322e+00
-5.0251698494e+00
-2.3826022148e+00
-7.4725282192e-01
1.7531236410e+00
1.0265184641e+00
4.7016036510e-01
-3.8423814774e+00
-2.0016634464e-01
2.5854721069e+00
9.2220836878e-01
-5.5995136499e-01
9.9517188966e-02
-9.1924631596e-01
-1.2867325544e+00
2.7527248859e+00
2.2425460815e+00
2.2788050175e+00
2.8807541728e-01
-5.2356773615e-01
-5.4284060001e-01
5.7208740711e-01
-1.9809310436e+00
-9.9179726839e-01
-5.0339382887e-01
-1.4371525049e+00
-1.1153290272e+00
-1.1320085526e+00
-2.0998272896e+00
9.6576243639e-01
-5.3906977177e-01
-1.2061109543e+00
3.1974093914e+00
1.1722947359e+00
-1.8432475626e-01
-2.2603645325e+00
-2.6690177917e+00
1.9066525623e-02
9.4072401524e-01
-3.6665382981e-01
7.9050779343e-01
1.5432527661e-01
-1.5897914171e+00
-4.1936283112e+00
-2.6484229565e+00
-8.0740708113e-01
-8.3430761099e-01
-1.1525102854e+00
1.0385250300e-01
8.4718161821e-01
4.7648870945e-01
1.5799031258e+00
-3.5625674725e+00
-1.0787405968e+00
1.1258133650e+00
1.6382924318e+00
9.8684555292e-01
4.3199338913e+00
6.7449326515e+00
4.4997305870e+00
-2.4935767651e+00
-5.0604858398e+00
-7.0024542511e-02
7.8364384174e-01
-2.2157711983e+00
-1.6479473114e+00
-2.4731227756e-01
7.6209813356e-01
1.4326143265e+00
9.7814327478e-01
-1.9615522027e-01
-3.6422064900e-01
-1.0390764475e+00
1.2526172400e+00
7.9849791527e-01
4.5830318332e-01
8.8482278585e-01
-6.9930779934e-01
8.5343116522e-01
2.0516338348e+00
2.7214436531e+00
1.1373122036e-01
-6.1013203859e-01
-1.0240317583e+00
-8.2914721966e-01
-1.6210051775e+00
4.5117577910e-01
-1.8858052790e-01
-6.2060803175e-01
-3.2167708874e-01
2.9861086607e-01
9.5778530836e-01
-2.3632318974e+00
-7.5548112392e-01
6.2192678452e-01
6.3460940123e-01
2.3770446777e+00
-5.1675271243e-02
-1.4815247059e-01
-8.6899417639e-01
1.2838740647e-01
2.8386132792e-02
8.1103220582e-02
7.3920734227e-02
1.5006436408e-01
3.2842242718e-01
1.1461458206e+00
-7.5047273636e+00
-3.3166840076e+00
-2.0326683521e+00
-1.9587326050e+00
-1.8250555992e+00
1.8996378779e-01
1.9541183710e+00
1.2866348028e+00
5.4462659359e-01
2.8351938725e-01
-2.0024471283e+00
-1.4078227282e+00
-8.3650015295e-02
3.8717028499e-01
8.8674598932e-01
1.2043637037e+00
8.1278747320e-01
1.1824002266e+00
1.0430352688e+00
2.4811797142e+00
9.4152700901e-01
4.5012086630e-01
2.8290474415e-01
4.1669061780e-01
1.0941259861e+00
-3.8772280216e+00
-1.4339104891e+00
5.7062768936e-01
2.6229660511e+00
-9.8578147590e-03
-2.0880329609e+00
-9.4136035442e-01
-1.0846215487e-01
1.1779377460e+00
1.6748536825e+00
-2.4402067661e+00
-1.1851908267e-01
9.1467844322e-03
6.5707582235e-01
1.2069194317e+00
-4.0125541687e+00
-1.0664811134e+00
-8.3631986380e-01
-6.0063391924e-01
-2.3670926094e+00
-2.7464630604e+00
-2.5553681850e+00
-7.4565613270e-01
5.7989680767e-01
-6.1103451252e-01
1.4279209077e-01
-1.5310540199e+00
-3.6676377058e-01
3.9251962304e-01
-1.3761469126e+00
3.0034679919e-02
-4.1047593951e-01
3.3799427748e-01
1.3693352230e-02
-2.0732405186e+00
1.9510953128e-01
-9.2813020945e-01
-3.7387091666e-02
-3.4144465923e+00
-3.4279973507e+00
-1.5526312590e+00
-1.1523361206e+00
-9.1296505928e-01
3.7851539254e-01
-6.7341446877e-02
-1.0918291807e+00
-1.5727339983e+00
-2.4800481796e+00
-2.5371828079e+00
-2.1882288456e+00
-1.3960161209e+00
-4.4706523418e-01
-1.7633843422e+00
-2.1485681534e+00
-2.8412225246e+00
5.5756831169e-01
1.1435166597e+00
2.1198570728e+00
1.5668529272e+00
-3.5838752985e-01
3.8631620407e+00
3.6418426037e+00
2.2084596157e+00
1.4471642971e+00
-3.6667722464e-01
1.4339486361e+00
4.1458839178e-01
1.2480390072e+00
1.3022127748e-01
-3.5293247700e+00
2.4552145004e+00
-5.7330757380e-02
-4.9875247478e-01
2.9357154369e+00
1.1956325769e+00
-2.9604561329e+00
-2.2335343361e+00
-3.3705470562e+00
-4.5627837181e+00
-4.4735207558e+00
-1.3914500475e+00
-5.9032762051e-01
-1.1974269152e+00
-6.8023324013e-01
-1.1292963028e+00
1.6377316713e+00
-6.1822127551e-02
4.5072868466e-01
-1.7535601854e+00
-1.1962555647e+00
5.4263248444e+00
2.5541045666e+00
9.3637448549e-01
2.0616443157e+00
3.7101366520e+00
-1.7638592720e+00
-1.9867345095e+00
-1.4937266111e+00
1.7987630367e+00
9.4278568029e-01
1.9385261536e+00
1.6989052296e+00
2.0817224979e+00
3.4709510207e-01
1.7243220806e+00
-5.5018091202e-01
-5.4625743628e-01
-6.5836650133e-01
-1.1785745621e+00
-1.4005022049e+00
-2.2660091519e-01
-1.2199661732e+00
-6.0389738530e-02
2.1846823692e+00
1.8212649822e+00
1.3933888078e-01
2.0591766834e+00
8.8009685278e-01
9.3388485909e-01
-2.7651956081e+00
5.0774651766e-01
-6.1514133215e-01
-1.4240120649e+00
-1.3620622158e+00
4.5684370399e-01
1.2496747971e+00
1.0949110985e+00
1.8811744452e+00
3.8182268143e+00
2.6998651028e+00
-1.5929794312e+00
-1.5095092058e+00
6.9922938943e-02
1.5945270061e+00
-2.1128521860e-01
-2.6475088596e+00
4.4691924006e-02
8.1694044173e-02
2.6324006915e-01
6.4128404856e-01
-2.9534585476e+00
-1.6774594784e+00
-1.7870386839e+00
5.4996061325e-01
7.5552552938e-01
-2.5662973523e-01
-1.9779465199e+00
-3.1084120274e+00
-2.2409536839e+00
-5.4715342522e+00
2.8438664973e-02
-5.4209712893e-02
2.3326708376e-01
-6.3538122177e-01
-1.3554549217e+00
1.4090464115e+00
-7.7601653337e-01
-1.3461099565e-01
1.3833767176e-01
1.9607822597e-01
-4.3768170476e-01
-1.3015564680e+00
-2.1325442791e+00
-2.3827052116e+00
-1.6971594095e+00
-1.2848811150e+00
-8.9823323488e-01
-8.3674067259e-01
2.0742800236e+00
1.6044172049e+00
1.0554418564e+00
1.5619188547e-01
-1.3067217171e-01
-8.2684212923e-01
-1.7542625666e+00
2.0160666108e-01
5.7096666098e-01
1.6926801205e-01
1.6088033915e+00
5.6974989176e-01
-4.3710165024e+00
-2.5604507923e+00
-2.6540884972e+00
-2.6133820415e-01
2.8783792257e-01
-1.2782256603e+00
-1.3190810680e+00
-7.8079694510e-01
1.1098525524e+00
2.0287098885e+00
1.5238763094e+00
1.5170409344e-02
1.0353957769e-03
2.3741016388e+00
2.5372042656e+00
-9.5272824168e-02
-1.2473051548e+00
-1.1589708328e+00
2.0163595676e+00
2.0713634491e+00
2.0957579613e+00
-1.3610421121e-01
-2.6884715557e+00
-1.4181090593e+00
4.2040491104e-01
1.9368299246e+00
3.5209019184e+00
2.6627101898e+00
2.4635853767e+00
1.0679281950e+00
-4.1571884155e+00
-3.0924799442e+00
-1.3348604441e+00
-1.1703587770e+00
-1.9269315004e+00
-1.0565154552e+00
-1.0805640221e+00
-8.2896614075e-01
1.3474454880e+00
1.1542283297e+00
6.6148811579e-01
1.6424387693e+00
-1.0208842903e-01
-4.5168998837e-01
-1.0203280449e+00
-7.7344000340e-01
6.2996053696e-01
5.1104813814e-01
4.6066668630e-01
-3.4053847194e-01
3.5016313195e-01
1.1065859348e-01
1.1840749979e+00
-7.4357473850e-01
8.6850965023e-01
-4.6188196540e-01
-5.1396119595e-01
-1.1901223660e+00
-7.2798126936e-01
1.4467296600e+00
4.4877014160e+00
1.6925733089e+00
-2.5558509827e+00
-3.3936409950e+00
-2.1255531311e+00
-1.6621137857e+00
-3.5884985328e-01
1.4438303187e-02
-7.1812921762e-01
-4.1682229042e+00
-1.5480136871e+00
-9.4155919552e-01
4.2841847986e-02
2.5056977272e+00
-1.7688268423e+00
-2.5625417233e+00
-8.4173780680e-01
-8.8612502813e-01
-9.1217440367e-01
-7.6628136635e-01
-1.0242100954e+00
-1.7533017397e+00
-2.3107316494e+00
-7.1372769773e-02
2.2761032581e+00
1.0507980734e-01
-2.5027889013e-01
-2.7985218167e-01
-2.2338490188e-01
-1.8496577442e-01
9.2434906960e-01
-2.0320801437e-01
-3.1272873282e-01
-1.3820844889e+00
6.6199576855e-01
-3.6506593227e-01
-4.7932592034e-01
-4.9116653204e-01
2.2471071780e-01
-1.3966125250e+00
-2.6598112583e+00
-1.0185378790e+00
3.2668783665e+00
4.1421704292e+00
7.0145845413e-01
-9.5153719187e-01
-6.7146557570e-01
-2.2771522403e-01
5.0297623873e-01
9.6882611513e-01
6.9794321060e-01
1.5997451544e+00
-2.0951796323e-02
4.6880263835e-02
-1.8813154697e+00
1.9565515518e+00
6.4147508144e-01
1.2855515480e+00
7.3445641994e-01
1.5176938474e-01
-9.9214839935e-01
-9.4843399525e-01
5.3503477573e-01
3.0728104115e+00
2.4240627289e+00
-1.8687504530e+00
-1.2915858030e+00
-1.2489064932e+00
-1.3529092073e+00
-5.6417644024e-01
1.9794301987e+00
1.1965028048e+00
9.1763347387e-01
2.5932285786e+00
-1.2159821391e-01
9.8208928108e-01
7.0751738548e-01
8.1405621767e-01
1.2709019184e+00
1.7870312929e+00
4.0290369987e+00
2.6356441975e+00
5.2581548691e-01
2.6010429859e+00
1.2906543016e+00
-1.3708957434e+00
-1.2186071873e+00
-1.3013453484e+00
-1.6372483969e+00
-8.3284229040e-01
3.2624390721e-01
-9.8585826159e-01
-8.2381129265e-01
-6.5069997311e-01
-4.0991684794e-01
-4.3826112151e-01
-1.6259980202e+00
-7.9905104637e-01
-5.9617513418e-01
-1.1984628439e+00
-9.4159549475e-01
-8.5944569111e-01
-3.5814723372e-01
-6.1219805479e-01
-8.2226473093e-01
1.7280963659e+00
2.9826347828e+00
7.4939173460e-01
1.8788017035e+00
9.0502691269e-01
1.0537018776e+00
1.3630772829e+00
5.9256678820e-01
5.0910437107e-01
3.6756137013e-01
-8.2173955441e-01
-1.1868420057e-02
1.2610087395e+00
-9.1166633368e-01
-1.8610140085e+00
-1.7449371815e+00
7.3328241706e-02
-1.2997099161e+00
-1.0137339830e+00
5.0281256437e-01
4.0297290683e-01
3.8499469757e+00
2.7652447224e+00
-1.3318446875e+00
-2.1294682026e+00
-2.7396285534e-01
-5.4907733202e-01
-6.5557670593e-01
1.8689273298e-01
7.0427423716e-01
1.6974626780e+00
1.1283595562e+00
-1.3622682095e+00
-3.8609984517e-01
-1.2367130518e+00
2.8635694981e+00
3.5883691907e-01
-6.7609721422e-01
-9.3000853062e-01
-2.2392926216e+00
8.2320988178e-01
1.6410427094e+00
3.0224588513e-01
-2.7871730924e-01
5.0914251804e-01
-1.5621498823e+00
-2.5693802834e+00
-2.3810391426e+00
-2.1967308521e+00
-3.8138601780e+00
3.2712855935e-01
1.6771929264e+00
1.4495457411e+00
4.9206578732e-01
-9.0128117800e-01
1.1067175865e+00
1.1266735792e+00
1.6381884813e+00
1.7333003283e+00
1.3718738556e+00
-2.5164284706e+00
-5.8482486010e-01
-8.0434757471e-01
-7.6037186384e-01
-8.1246614456e-01
-3.0050845146e+00
-3.4687134624e-01
-5.8432102203e-01
-2.5406827927e+00
-1.8900289536e+00
9.9306702614e-01
-2.3608250618e+00
-1.0290241241e+00
-1.4033435583e+00
-5.6353676319e-01
-1.4043426514e+00
-1.9321206212e-01
1.7171543837e+00
2.0669274330e+00
4.2044106871e-02
3.6375212669e+00
3.1481969357e+00
4.1100106239e+00
2.9201607704e+00
3.6783480644e+00
2.6265249252e+00
-4.1015294194e-01
1.5439317226e+00
5.1721161604e-01
8.4982109070e-01
-7.6863390207e-01
-3.3603891730e-01
-1.8358658254e-01
1.4515465498e+00
4.1195368767e-01
1.0085309744e+00
1.7292724848e+00
-4.7196763754e-01
-4.9654361606e-01
-1.9897793531e+00
-7.7980357409e-01
-1.7610424757e-01
1.4296540022e+00
1.2269365788e-01
3.6458465457e-01
1.2817137241e+00
6.1666184664e-01
2.7566182613e-01
-5.0022876263e-01
-1.5471488237e-01
-4.5634785295e-01
-1.3019862175e+00
1.3140274584e-01
5.8175939322e-01
5.2234190702e-01
1.0047383308e+00
1.5431845188e-01
9.3716174364e-01
1.5232208967e+00
1.3976490498e+00
-6.8693029881e-01
-2.1001169086e-01
-1.2093338966e+00
2.3748657107e-01
-8.4669595957e-01
4.9460548162e-01
9.3925482035e-01
1.6940748692e+00
-2.8084808961e-02
2.9457229376e-01
-3.1639301777e+00
3.7905201316e-01
-4.7403705120e-01
-8.0610936880e-01
-1.3155452907e-02
1.8163232505e-01
-5.8568365872e-02
5.6310737133e-01
3.3531260490e-01
1.9033221900e-01
-5.2813820839e+00
-6.8248522282e-01
-6.3119477034e-01
-1.2727298737e+00
-1.7061035633e+00
2.5199371576e-01
1.6675570607e-01
1.1557315588e+00
1.0784425735e+00
2.0150291920e+00
9.6436470747e-01
1.4137810469e+00
-9.8268461227e-01
-7.0163357258e-01
-9.6485477686e-01
1.0029394627e+00
1.0763041973e+00
-7.9268112779e-02
-7.7690255642e-01
3.0131736770e-02
-3.0521574020e+00
-1.3244386911e+00
4.2875662446e-01
-8.8589900732e-01
-6.8287348747e-01
2.1169941425e+00
1.1846868992e+00
-1.1684060097e+00
-2.2827729583e-01
-6.4328074455e-01
1.1961753368e+00
-1.0717874765e+00
-5.1933443546e-01
-6.4433133602e-01
-5.6470054388e-01
1.4642599821e+00
2.5563185215e+00
1.0259145498e+00
4.3015846610e-01
8.5523140430e-01
-1.8527550697e+00
-2.0911819935e+00
-1.2575221062e+00
-5.3030807525e-02
1.9783263206e+00
-3.5040817261e+00
-1.4915915728e+00
-1.9444356859e-01
2.2554677725e-01
8.7520110607e-01
5.6287050247e-01
1.1463680267e+00
-5.7319724560e-01
-8.9305430651e-01
-1.4082553387e+00
-6.1507981271e-02
3.6537817121e-01
6.7645561695e-01
6.5108585358e-01
4.6081587672e-01
-6.7420595884e-01
-2.7095931768e-01
-3.7243169546e-01
-3.3106654882e-01
-2.3199130595e-01
-1.5137699842e+00
1.5102719069e+00
1.1767368317e+00
2.0684232935e-02
4.0837746859e-01
-2.5670590997e-01
1.5872454643e-01
-3.2748901844e-01
-8.0069106817e-01
-3.4105420113e-01
-7.7150386572e-01
1.1903449148e-01
-4.8611971736e-01
-9.5493179560e-01
-2.8642163277e+00
1.1297012568e+00
1.1037212610e+00
-4.1942456365e-01
-2.2010184824e-01
-6.7876815796e-01
-5.5524533987e-01
-2.3441438377e-01
-2.0334790647e-01
-1.6402935982e-01
-3.7240526080e-01
-1.4099901915e+00
1.4407156408e-01
1.4544314146e-01
4.3432068080e-02
-8.2140430808e-02
-3.0974924564e-01
8.4942418337e-01
-4.6172764897e-01
-2.4880151749e+00
-1.5789406300e+00
1.7316700220e+00
3.0585008860e-01
-6.0678368807e-01
-1.9592340291e-01
-3.8194346428e-01
3.1424176693e+00
2.4155111313e+00
2.2239372730e+00
2.4587101936e+00
1.4323395491e+00
6.4729726315e-01
-4.3451705575e-01
1.0428102016e+00
6.1269158125e-01
6.4393705130e-01
2.1002843380e+00
-1.3281750679e+00
-1.8906838894e+00
-1.5227092505e+00
2.3041534424e+00
2.0687913895e-01
-5.6599098444e-01
-1.7237873077e+00
-1.9749476910e+00
-8.4884458780e-01
-5.7095032930e-01
-1.0915892124e+00
5.7318788767e-01
2.3538684845e-01
1.7304933071e-01
1.9107183218e+00
1.0830236673e+00
2.5403562188e-01
-3.1395322084e-01
-1.0572589636e+00
1.3522977829e+00
-1.1554343700e+00
-5.6249141693e-01
-9.6835988760e-01
-9.2943644524e-01
7.5848126411e-01
2.6367521286e-01
-6.6824799776e-01
-2.6490306854e-01
9.6943545341e-01
-1.3380647898e+00
-1.7761936188e+00
2.9573261738e-01
5.5043905973e-01
3.9525997639e-01
-3.8538330793e-01
-4.6474453807e-01
-7.5260233879e-01
-2.9791620374e-01
2.2699908912e-01
5.0003194809e-01
1.6663460732e+00
2.5313928127e+00
2.3901951313e+00
-2.4085932970e-01
1.1987910271e+00
8.8148176670e-01
1.3148917258e-01
4.1415596008e-01
-6.0655587912e-01
-8.7399142981e-01
-1.7351214886e+00
-8.7760257721e-01
-2.2189754248e-01
-1.3016723394e+00
-5.6869211197e+00
-5.1859626770e+00
-3.7989423275e+00
-1.5593893528e+00
-1.2051852942e+00
4.9814677238e-01
1.4385317564e+00
1.3556076288e+00
1.2986136675e+00
2.8062868118e+00
2.1464881897e+00
-4.5111598969e+00
-2.2258598804e+00
-1.9142059088e+00
-1.1795935631e+00
7.8549998999e-01
3.2660293579e-01
-1.5952777863e+00
-7.0112448931e-01
7.4876326323e-01
-6.7459456623e-02
-1.3097131252e-01
-8.5611802340e-01
-1.8134790659e+00
-3.7838017941e+00
-1.2949223518e+00
1.0940847397e+00
1.1406592131e+00
2.6806747913e+00
4.2537040710e+00
-2.2489809990e+00
-5.1236958504e+00
-5.3342819214e+00
-3.7557044029e+00
-3.1760859489e+00
2.6662602425e+00
-5.7907110453e-01
-4.0897331238e+00
-2.4796555042e+00
-1.3237696886e+00
6.7534482479e-01
-3.7085059285e-01
-1.4084898233e+00
-2.4563853741e+00
-1.8772042990e+00
2.6674220562e+00
9.8116570711e-01
-1.1331412792e+00
-8.8674992323e-01
8.0679994822e-01
1.8080158234e+00
-7.0158708096e-01
-4.7328180075e-01
-2.8473067284e-01
4.6871271729e-01
-7.7226022258e-03
-4.9600309134e-01
1.3406820297e+00
1.0945996046e+00
5.2078623772e+00
2.3190858364e+00
1.4997777939e+00
4.2674845457e-01
-8.0434447527e-01
4.5669469237e-01
-6.1146098375e-01
1.8699808419e-01
1.2481117249e+00
2.0542056561e+00
2.5731139183e+00
-5.4244107008e-01
-2.8852492571e-01
-1.7031993866e+00
-1.5121741295e+00
1.1349067688e+00
4.9279198050e-02
-5.1923865080e-01
-1.7131369114e+00
-2.6334886551e+00
-7.4529619217e+00
-1.2588632107e+00
-1.1860070229e+00
-1.2807254791e+00
2.2105807066e-01
-1.2981014252e+00
7.2709149122e-01
1.5323394537e-01
9.6147227287e-01
9.2548954487e-01
5.0112193823e-01
6.3932573795e-01
8.7982773781e-01
4.2049369216e-01
9.6556097269e-01
7.6529568434e-01
-2.0447127819e+00
-2.5494725704e+00
-3.4679725170e+00
-7.1548092365e-01
-1.0631939173e+00
-1.6219301522e-01
-5.6647044420e-01
-1.9050602615e-01
-6.5049540997e-01
-5.8090958744e-02
-1.8544727564e-01
3.0778244138e-01
2.8194507957e-01
1.7299057245e+00
-6.1162257195e-01
-1.6839656830e+00
-6.3946449757e-01
-1.3315249681e+00
-5.9768822044e-02
-5.8879798651e-01
1.1415284872e+00
1.4809150696e+00
1.5918182135e+00
1.8078658581e+00
1.6417611837e+00
-3.8537323475e-01
-2.6455855370e+00
-1.6306208372e+00
-4.0248030424e-01
1.6793690920e+00
-6.0586959124e-01
1.6798177958e+00
1.6808744669e+00
2.1735994816e+00
-8.5031235218e-01
1.7362929583e+00
2.0416634083e+00
1.0085633993e+00
-2.5729084015e+00
-2.6064708233e+00
-1.0951765627e-01
-1.5988003463e-02
3.7875846028e-01
1.1477926373e-01
2.0394982398e-01
-5.8701878786e-01
5.3776019812e-01
1.0366522074e+00
-2.8938395977e+00
2.5423344970e-01
4.3701019883e-01
1.0065006018e+00
2.4539685249e-01
3.1060644984e-01
-4.8877164721e-01
-9.7043091059e-01
1.2161815166e+00
-3.3310052752e-01
-6.7555749416e-01
2.0103747845e+00
-2.9330068827e-01
4.9793237448e-01
3.4658682346e-01
-6.0473829508e-01
2.1867976189e+00
-7.9423689842e-01
-3.1722992659e-01
-5.4419976473e-01
4.8414346576e-01
4.9238398671e-01
1.4037173986e+00
-1.8747636080e+00
-6.2622008324e+00
-4.2948741913e+00
-6.7364495993e-01
-6.5872378349e+00
-2.8256700039e+00
1.6783581674e-01
7.5854271650e-01
1.5644456148e+00
1.1621747017e+00
-1.2274571657e+00
-4.5883050561e-01
-1.6175525188e+00
-1.6219043732e+00
1.5001705885e+00
-1.6844296828e-02
-5.0568479300e-01
5.7406592369e-01
-1.6986763477e-01
3.0593633652e+00
-4.5403814316e-01
2.0440979004e+00
-2.8148794174e-01
-7.6622837782e-01
-1.3893814087e+00
-7.2184932232e-01
-2.9963314533e-02
-4.3136417866e-01
2.8518371582e+00
-1.2735098600e+00
-1.0373897552e+00
-1.5054317713e+00
-1.3596791029e+00
4.9736100435e-01
7.4519723654e-01
1.8049586564e-02
-2.5929296017e-01
1.7153945565e-01
1.2287555933e+00
-1.6965781152e-01
-7.0005738735e-01
-1.5607732534e+00
-1.4637635946e+00
-1.8885290623e+00
4.4517006725e-02
-4.5087391138e-01
-6.5258204937e-01
-6.8835538626e-01
-1.4654517174e-01
6.4287152290e+00
-1.6620804071e+00
-6.5416061878e-01
1.0195884854e-02
1.4307584763e+00
-6.9504149258e-02
7.6624816656e-01
1.9454431534e+00
1.2870669365e+00
-1.6066405177e-01
6.8401855230e-01
1.1938605309e+00
-5.0947719812e-01
-1.6345155239e+00
-7.3435826302e+00
-3.1111302376e+00
-2.2315208912e+00
-6.3478112221e-01
5.4957723618e-01
7.0778653026e-02
-6.9052577019e-01
-1.1845485121e-01
1.3929954730e-02
1.0872609913e-01
-1.4783251286e-01
-5.2573907375e-01
1.4166750014e-02
8.7330266833e-02
2.8165593743e-01
7.7291369438e-01
1.2065881491e+00
-1.8824955449e-02
-7.0348793268e-01
-9.6660441160e-01
-3.6829118729e+00
-1.6254625320e+00
-2.2037217617e+00
-1.5386788845e+00
-2.3721544743e+00
-2.5691819191e+00
1.6023751497e+00
1.7073482275e+00
2.3681776524e+00
2.2911608219e+00
1.0844402313e+00
-7.5160270929e-01
-3.8550615311e-01
2.5760147721e-02
-1.5368095040e-01
-1.5222191811e-01
-1.1367912292e+00
-6.0534024239e-01
-4.1687089205e-01
1.6874581575e+00
1.4829468727e+00
-5.1174215972e-02
-3.4275481105e-01
-2.0648199320e-01
2.4529622495e-01
1.3983217478e+00
1.4282749891e+00
7.2846591473e-01
1.4181761444e-01
-1.9961726665e-01
-2.5209922791e+00
5.6230802536e+00
-1.5711321831e+00
-1.9684888124e+00
1.3779655695e+00
2.5072810650e+00
-8.1738078594e-01
3.6987346411e-01
-4.0265896916e-01
1.2532755136e+00
-1.3747104406e+00
8.9888274670e-01
6.0134667158e-01
-3.3844184130e-02
-5.0066608191e-01
2.2948043048e-01
-9.6834683418e-01
-1.2676987648e+00
-7.7609133720e-01
-4.8489257693e-01
-7.5824759901e-02
-1.9359321892e-01
-2.2302302718e-01
-1.0654898882e+00
-9.5561444759e-02
8.4354393184e-02
1.6770073175e+00
1.1384262145e-01
-1.0029460192e+00
-3.6335816383e+00
-5.4031438828e+00
2.0710914135e+00
5.4665261507e-01
-2.0451147556e+00
-6.3558566570e-01
-1.6932265460e-01
8.0452305079e-01
2.1489550173e-01
1.5130984783e+00
-7.5668551028e-02
2.4071866274e-01
-1.5406432748e-01
-1.1415399313e+00
-2.0219962597e+00
-1.8246825933e+00
-8.6161375046e-02
3.2151252031e-01
5.1593840122e-01
-8.1483453512e-01
-1.6396647319e-02
1.0505656004e+00
2.7005677223e+00
-8.6400605738e-02
-2.3164415359e+00
3.1878933907e+00
-2.4285755157e+00
-1.5352567434e+00
-2.1938130856e+00
-2.3016738892e+00
-6.6846412420e-01
9.2812679708e-02
4.8655399680e-01
-1.4004145563e-01
-1.4873070717e+00
-8.9922100306e-01
4.8571768403e-01
6.3312035799e-01
7.8778451681e-01
7.0443558693e-01
3.1257721782e-01
1.4172456264e+00
3.8970644474e+00
3.8913476467e+00
2.2434983253e+00
5.1975708008e+00
3.7083292007e+00
-6.1665999889e-01
-3.0656152964e-01
4.1642537713e-01
2.6248216629e+00
6.8658405542e-01
-1.2242269516e+00
-7.4971985817e-01
-7.3614232242e-02
-8.7306708097e-01
-1.1445302963e+00
-1.7564922571e+00
-1.2081816047e-01
-2.0792720318e+00
-1.7427265644e+00
-2.9647166729e+00
-2.8818597794e+00
-5.0004172325e-01
9.8223698139e-01
2.7378079891e+00
1.0859227180e+00
7.3701137304e-01
3.9521069527e+00
9.0673816204e-01
5.7628941536e-01
4.0764436126e-01
-6.3882112503e-01
-9.5675152540e-01
-3.5211670399e-01
5.9714114666e-01
-6.3660979271e-02
3.4368371964e-01
6.8766343594e-01
-1.7243838310e+00
-1.9498126507e+00
5.7955706120e-01
1.1960303783e+00
1.1228327751e+00
4.1090077162e-01
-5.3464692831e-01
-1.1946257353e+00
2.0806962252e-01
7.3737069964e-02
-1.6185804605e+00
-2.5013971329e+00
-1.2937787771e+00
-7.2769236565e-01
-4.0350317955e-01
-1.5202388763e+00
-1.2180472612e+00
-9.5765811205e-01
1.9989079237e+00
1.6795781851e+00
5.3066831827e-01
9.1820150614e-01
-5.2791291475e-01
8.1970824795e-07
-2.6829242706e-01
-5.2715688944e-01
6.6023027897e-01
1.8917822838e+00
-1.0687044263e-01
1.7860473394e+00
4.1016140580e-01
4.9037554860e-01
-1.7972673178e+00
-1.2936718464e+00
-5.3260844946e-01
3.2208544016e-01
2.5259402394e-01
8.9756625891e-01
-5.2612859011e-01
6.9194310904e-01
3.2434478402e-01
5.1787805557e-01
2.7643588185e-01
4.5102274418e-01
-7.0781594515e-01
-3.2106568813e+00
4.0209531784e-01
-6.3757169247e-01
3.7446311116e-01
-2.0678478479e-01
-1.0252581835e+00
2.0615878701e-01
1.7418199778e+00
-2.1545122564e-01
-3.9463052154e-01
1.2167950161e-02
5.7720375061e-01
4.9583089352e-01
2.4365017414e+00
2.5756852627e+00
-3.6985513568e-01
-1.4694131613e+00
-2.0249972343e+00
-4.2451167107e+00
-3.5137240887e+00
-2.7039029598e+00
-2.1554625034e+00
-2.4980635643e+00
1.4204196632e-01
1.8457961082e-01
1.3401077688e-01
-3.7417694926e-01
-6.9718027115e-01
-2.0273299217e+00
-3.2559502125e-01
8.6090153456e-01
1.2615624666e+00
1.6940351725e+00
-3.4864597321e+00
-1.1632684469e+00
-2.6632936001e+00
-2.6264588833e+00
-2.3523995876e+00
-1.2770355940e+00
-5.7129389048e-01
-1.0844813585e+00
-1.1060841084e+00
8.5061949492e-01
-5.0554418564e+00
-3.4483621120e+00
-5.0587713718e-01
1.3016327620e+00
7.5340324640e-01
-3.5895484034e-03
3.5504525900e-01
2.1394264698e-01
1.3865363598e+00
-9.7967261076e-01
-1.7090154886e+00
-4.7462490201e-01
1.6967866570e-02
4.2130205780e-02
1.6767710447e-01
-4.7424274683e-01
1.0101851225e+00
5.2438402176e-01
-2.9883202910e-01
7.7908521891e-01
7.7477860451e-01
-7.7712440491e-01
-1.8419996500e+00
5.0621163845e-01
-1.8833569288e+00
-1.3573409319e+00
-3.4551000595e+00
-2.0241110325e+00
-1.0873754025e+00
-2.0480747223e+00
-1.4423128366e+00
-8.5277569294e-01
-2.4650197029e+00
5.8066111803e-01
-1.6883374453e+00
4.4942889363e-02
-6.4094090462e-01
-2.6620271206e+00
-5.3624659777e-01
1.2421716452e+00
1.9127152860e-01
6.3128548861e-01
5.1325138658e-02
-6.8142086267e-01
-7.5856065750e-01
-1.7453968525e-01
-1.7161906958e+00
-2.6778469086e+00
-1.7707210779e+00
-3.4679992199e+00
-3.5374510288e+00
-3.5519077778e+00
-2.7353670597e+00
-6.6774731874e-01
2.6286084652e+00
1.7587514222e-01
-6.4085292816e-01
-5.9450101852e-01
3.1046021730e-02
3.9480891824e-01
-1.6240719557e+00
-6.9675797224e-01
-6.8481791019e-01
2.2470474243e+00
-9.0530878305e-01
4.0251064301e-01
1.6914625466e-01
1.8778276443e+00
6.1083328724e-01
1.6491150856e-01
-7.1823577881e+00
-5.7381973267e+00
-6.6911797523e+00
-2.7114338875e+00
-1.8585540354e-01
3.9774115086e+00
5.3049707413e+00
3.0259869099e+00
2.9810569286e+00
2.4046216011e+00
1.2082657814e+00
8.1937074661e-01
4.4942948967e-02
1.7248381376e+00
4.2180126905e-01
-3.8557287306e-02
7.4245199561e-02
6.2746204436e-02
6.0078233480e-01
7.6521396637e-01
-1.9031509757e-02
-9.4446861744e-01
-2.8219909668e+00
-3.1345756054e+00
-3.6290729046e+00
3.7632587552e-01
-7.7982798219e-02
-1.2707194090e+00
8.4171992540e-01
1.3832583427e+00
1.5770007372e+00
1.3153061867e+00
2.0530266762e+00
2.6345221996e+00
2.7510223389e+00
-1.0563426018e+00
-3.5558840632e-01
-1.8832734823e+00
-1.1157160997e+00
-1.5898469687e+00
-9.8794370890e-01
-1.8702859879e+00
-2.7340545654e+00
-8.4168070555e-01
2.0710172132e-02
3.8503170013e-02
4.1029778123e-01
-5.6140825152e-02
1.5772514045e-02
5.0995773077e-01
-3.3928363323e+00
-2.5881900787e+00
-4.1864795685e+00
-4.4533486366e+00
-9.0649974346e-01
-4.7511100769e+00
-3.4126343727e+00
-1.5960701704e+00
1.5953758955e+00
-4.8807942867e-01
2.4553261697e-01
-1.2634677887e+00
-2.6095850468e+00
-1.9397667646e+00
-2.3285052776e+00
1.5311172009e+00
8.0708920956e-01
3.1938397884e-01
2.2114605904e+00
1.8141915798e+00
2.0804551244e-01
-5.4385447875e-03
-1.8272567987e+00
9.1488128901e-01
1.8066722155e+00
-5.9709966183e-01
-4.6442276239e-01
-4.8671537638e-01
-6.7207619548e-02
1.0317870229e-01
-3.7919750214e+00
-3.6482244730e-01
-2.9529097080e+00
5.7690489292e-01
2.2616930008e+00
-3.0349702835e+00
-2.4909799099e+00
-1.0458959341e+00
-5.6984782219e-01
2.5219783187e-01
-1.1145825386e+00
3.1308823824e-01
8.1010627747e-01
1.8937335014e+00
-1.1720393896e+00
-2.0432808399e+00
-1.3285890818e+00
2.5668856502e-01
1.1326479912e+00
-6.9651156664e-02
4.2073193192e-01
4.1336092353e-01
-2.0396244526e-01
-1.8713374436e-01
-1.8948133290e-01
3.8278970718e+00
2.4956409931e+00
1.9042016268e+00
1.8455364704e+00
-2.2031900883e+00
-6.2577545643e-01
-9.7317171097e-01
-1.7539173365e-01
2.6214757562e-01
7.0210301876e-01
1.1060864925e+00
1.5948666632e-01
-4.0591114759e-01
-4.3943813443e-01
9.8455661535e-01
-4.6629798412e-01
9.4336122274e-01
9.8777180910e-01
4.2589583993e-01
1.2071578503e+00
1.2035550177e-01
1.2502828836e+00
6.0819423199e-01
1.4205800295e+00
3.3245456219e+00
-1.0886242390e+00
-2.9470510483e+00
-1.9050995111e+00
-3.9113205671e-01
-4.2596092224e+00
1.2083302736e+00
1.5001478195e+00
-1.3948820531e-01
-2.0874691010e+00
-8.0519258976e-02
3.4319579601e+00
2.6860764623e-01
3.2833385468e+00
3.6577150822e+00
6.8355369568e+00
5.9858447313e-01
-5.8998829126e-01
-7.0678979158e-01
-8.7346351147e-01
-1.5600214899e-01
4.1313284636e-01
4.2377061844e+00
5.9522318840e+00
2.5416407585e+00
4.5596213341e+00
2.5629172325e+00
2.1098852158e+00
5.2602350712e-01
6.5870535374e-01
-6.1755716801e-01
-5.7797306776e-01
2.4906535149e+00
2.2939975262e+00
2.2472529411e+00
2.1936244965e+00
1.1333174706e+00
6.4512509108e-01
-8.6361989379e-02
-6.1920183897e-01
-5.2042061090e-01
9.5357030630e-01
1.1525782347e+00
7.4432158470e-01
-2.7786898613e-01
-2.3266081810e+00
-3.0794262886e+00
-3.1614828110e-01
-2.3350651562e-01
1.4967362881e+00
-2.6813342571e+00
-1.0148903131e+00
-1.6450048983e-01
1.9528533220e+00
2.4444661140e+00
-3.9648208618e+00
-4.2697122693e-01
-4.6651992202e-01
-1.1249704361e+00
-1.6710700989e+00
-2.1980423927e+00
-4.9457535744e+00
-2.1868829727e+00
-1.7788326740e+00
5.4402333498e-01
-2.7844469547e+00
7.8545063734e-01
3.7499669194e-01
-4.8529914021e-01
-1.4795989990e+00
6.0744005442e-01
1.3674441576e+00
1.3609488010e+00
4.5251075178e-02
5.1954352856e-01
-4.7752135992e-01
7.9071992636e-01
5.2817888260e+00
7.2844533920e+00
8.4845571518e+00
-8.0697506666e-01
1.4586007595e+00
1.4651621580e+00
6.3086003065e-01
1.4551471472e+00
1.5841268301e+00
-2.3481945992e+00
-4.0397775173e-01
3.9339205623e-01
1.1321407557e+00
-6.8680804968e-01
-5.2499663830e-01
1.9254839420e+00
1.4288728237e+00
1.8343838453e+00
1.4361584187e+00
1.1479701996e+00
9.6835875511e-01
-9.5011800528e-01
-3.0097731948e-01
5.2817396820e-02
-6.7958986759e-01
6.9015614688e-02
4.5298650861e-01
2.8520444036e-01
-6.1280965805e-01
2.8478775024e+00
4.1680274010e+00
4.5405082703e+00
6.3769416809e+00
3.8859708309e+00
1.9806843996e-01
2.7015611529e-02
-3.1857416034e-01
-2.3737293482e-01
3.6923059821e-01
4.5256629586e-01
1.0321233273e+00
-3.4005045891e-01
3.2600072026e-01
-3.9637163281e-01
1.6335355043e+00
1.2064762115e+00
-1.6897211969e-01
-1.2887054682e+00
-5.0180006027e-01
6.8883389235e-02
-3.1292641163e-01
1.2908443213e+00
1.5773066878e-01
6.2058252096e-01
-2.1842834949e+00
-4.2537598610e+00
-5.1119279861e+00
-3.9794228077e+00
-3.4657590389e+00
1.4591975212e+00
1.7319000959e+00
2.9309649467e+00
4.4090962410e+00
3.2333030701e+00
-7.2380506992e-01
-1.2977246046e+00
-1.6823523045e+00
-1.9619579315e+00
-3.6425459385e+00
-1.5343289375e+00
9.7184312344e-01
-2.7807509899e-01
7.7719289064e-01
-3.1062963009e+00
8.0477037430e+00
1.7485524416e+00
1.1804329157e+00
7.8747433424e-01
-4.0927681327e-01
-8.0856263638e-01
5.0727033615e-01
-3.5233661532e-01
6.7937928438e-01
2.2510902882e+00
2.1599311829e+00
2.1877534389e+00
1.6044439077e+00
1.5786783397e-01
1.7203637362e+00
-1.1221644878e+00
1.0493168235e-01
5.6294280291e-01
-6.6562545300e-01
-2.7638723850e+00
6.9294297695e-01
7.4729627371e-01
9.4580173492e-01
1.6551054716e+00
2.6514661312e-01
-1.3608063757e-01
-1.4376753569e-01
4.2597222328e-01
4.3238022923e-01
6.4115744829e-01
5.2780227661e+00
2.6922578812e+00
5.8810057640e+00
6.6768717766e+00
-1.4314380884e+00
1.4012817144e+00
2.8248264790e+00
2.6344106197e+00
7.2847026587e-01
1.1513519287e+00
1.0919767618e+00
-9.2240351439e-01
-2.3485050201e+00
-3.7439174652e+00
-4.5176305771e+00
-1.0135983229e+00
-2.0201013088e+00
-1.5270390511e+00
-1.7296869755e+00
7.4838900566e-01
1.9879584014e-01
1.2234429270e-01
6.0595798492e+00
7.2087806463e-01
-6.7475622892e-01
-5.0735819340e-01
-7.1870023012e-01
-1.0301462412e+00
-9.8514914513e-01
2.2446850315e-02
9.5723223686e-01
9.7228014469e-01
1.0702984333e+00
6.5683025122e-01
-8.9514857531e-01
-2.6703534126e+00
-3.2082080841e+00
-3.1891233921e+00
-2.6460158825e+00
-3.7553641796e+00
2.6863322258e+00
2.1031241417e+00
9.3300372362e-01
7.7525967360e-01
-2.5842101574e+00
-8.7645763159e-01
2.7499470115e-01
-5.7860815525e-01
-1.3781861961e-01
1.8478800356e-01
7.3108828068e-01
1.5717372894e+00
2.6341402531e+00
3.5976078510e+00
1.3643605709e+00
1.7449781299e-02
2.2702297568e-01
-6.0348990373e-03
1.3323591650e-01
1.2085337639e+00
1.8103457689e+00
7.8675985336e-01
1.3941425085e-01
-9.2314863205e-01
-6.6381955147e-01
2.6729617119e+00
3.6668410301e+00
4.6953673363e+00
5.4431281090e+00
3.7328865379e-02
-1.3232905865e+00
8.6005711555e-01
1.2928828001e+00
2.0755498409e+00
-2.8678016663e+00
1.2619596720e+00
8.7140017748e-01
1.2517948449e-01
-1.0938823223e+00
-2.9873111248e+00
1.4020798206e+00
7.2749608755e-01
3.4575608373e-01
5.1986533403e-01
1.8331249952e+00
-4.5614114404e-01
-1.9035834074e-01
1.1632057428e+00
2.2442235947e+00
1.5753960609e+00
-9.7159475088e-01
-1.7093136311e+00
4.6333295107e-01
-2.8784327507e+00
-3.4496285915e+00
-2.6441535354e-01
-1.6597118378e+00
-2.5176277161e+00
-1.7164078951e+00
-4.1732783318e+00
-6.1514127254e-01
-5.8936494589e-01
-3.1828323007e-01
-4.9391034245e-01
-2.7996748686e-01
-2.4082167149e+00
-1.3007953167e+00
-1.3847799301e+00
-1.0086990595e+00
-2.8209894896e-01
-1.4426486492e+00
-1.5307942629e+00
-1.1073350906e+00
-7.7136629820e-01
-8.9849732816e-02
2.3031797409e+00
2.1618356705e+00
2.5317876339e+00
3.0270147324e+00
1.0111138821e+00
-7.8345584869e-01
-2.1382560730e+00
-2.4026219845e+00
-1.8404392004e+00
-1.6588320732e+00
-2.5225692987e-01
6.3046149909e-02
2.7874314785e-01
6.9198292494e-01
7.6026803255e-01
-8.3401715755e-01
-1.0077090263e+00
-6.8550366163e-01
-1.5754511952e-01
4.3835088611e-01
3.9270919561e-01
1.1738480330e+00
1.7116645575e+00
2.4806399345e+00
2.6295104027e+00
1.0774853230e+00
1.3030161858e+00
9.8748993874e-01
4.9668204784e-01
5.3035134077e-01
1.4340664148e+00
2.0193514824e+00
2.9105148315e+00
2.6016097069e+00
2.3530733585e+00
5.0804185867e-01
5.5999392271e-01
3.3051711321e-01
7.5238156319e-01
2.3473168910e-01
6.1788642406e-01
-1.7337273359e+00
-2.5480377674e+00
-2.2540090084e+00
-7.0667636395e-01
1.2663358450e-01
5.8204543591e-01
4.9641251564e-01
2.2161276639e-01
-4.4271996617e-01
7.0414239168e-01
3.1140807271e-01
5.1568049192e-01
1.2483498454e-01
-1.9073480740e-02
-7.0699021220e-02
1.7004974186e-01
1.4311602712e-01
3.6381524056e-02
-1.0367164612e+00
1.3637285233e+00
5.6205391884e-01
6.8729734421e-01
7.6952809095e-01
8.6721891165e-01
7.4134379625e-01
3.2073876262e-01
2.9653343558e-01
-2.2948546708e-01
-1.6223883629e+00
9.8333418369e-01
5.5779486895e-01
3.1030923128e-01
3.6252090335e-01
-2.0223161578e-01
1.4290281534e+00
2.2853262424e+00
2.4851093292e+00
2.3415787220e+00
1.4885107279e+00
-3.2934384346e+00
-3.2062449455e+00
-3.1464433670e+00
-3.3344175816e+00
-3.6246664524e+00
-3.0036385059e+00
-1.3798166513e+00
-9.6832829714e-01
6.7314463854e-01
8.9275467396e-01
1.4617838860e+00
1.2624725103e+00
2.9212844372e-01
4.1188323498e-01
7.8089046478e-01
1.7024758458e-01
7.9446874559e-02
-3.6728465557e-01
5.9236533940e-02
-1.3405237198e+00
-3.1659212112e+00
-2.6590964794e+00
-1.8620806932e+00
-1.2252695560e+00
-1.2069348097e+00
-1.8760003150e-01
1.2517158985e+00
-1.3139019012e+00
-7.3396193981e-01
2.9208083153e+00
-2.1074228287e+00
-2.0950212479e+00
-1.3516080379e+00
-8.2949507236e-01
-8.0139410496e-01
6.6568529606e-01
1.2593644857e+00
1.1694289446e+00
1.3066648245e+00
9.2828071117e-01
6.0285425186e-01
-4.8265761137e-01
-9.6938025951e-01
5.2430342883e-02
2.4940211773e+00
1.8558257818e-01
-8.8701981306e-01
-1.1144576073e+00
-1.5053952932e+00
-1.7368268967e+00
3.7595781684e-01
1.7560572922e-01
-3.4454241395e-01
-3.0144977570e-01
8.6579394341e-01
-1.2463591099e+00
-1.2774186134e+00
-4.7763970494e-01
1.9208742678e-01
4.9634925090e-03
1.0056600571e+00
6.3410633802e-01
2.9270502925e-01
5.2795308828e-01
-9.1799014807e-01
9.4889312983e-01
6.2530314922e-01
-3.5680904984e-01
-5.3202290088e-02
1.3690128922e-01
-3.8770723343e-01
4.1817471385e-01
2.7197030187e-01
-2.5511422753e-01
-1.1554247141e+00
2.2238740325e-01
-5.7282205671e-02
-5.8371692896e-01
-5.5894565582e-01
-6.2669706345e-01
-2.1201431751e+00
-1.0590965748e+00
-1.0980153084e+00
-1.7471125722e-01
8.1266933680e-01
-1.2886654139e+00
-4.0092834830e-01
-3.3367976546e-01
2.3427197337e-01
-3.8613983989e-01
-4.6749183536e-01
8.6073708534e-01
9.7459954023e-01
2.9977023602e-01
6.7501705885e-01
2.0568400621e-01
1.7486296594e-01
-4.2866446078e-02
-1.6416455805e-01
-9.3760710955e-01
3.4837269783e-01
-3.4027528763e-01
-2.1835766733e-01
3.5375100374e-01
8.6151337624e-01
1.4882571697e+00
1.8933746815e+00
2.0879623890e+00
2.4029142857e+00
2.6076686382e+00
-4.3363422155e-02
1.2909351587e+00
5.7140296698e-01
8.4027516842e-01
3.4911403060e-01
-7.4344623089e-01
-1.0395814180e+00
-5.8851033449e-01
6.3401734829e-01
9.0816207230e-02
-5.9449779987e-01
-3.9949351549e-01
8.0287255347e-02
-2.1394774318e-02
-1.2189003080e-01
-4.3728679419e-02
7.7779054642e-01
1.0923817158e+00
6.9130390882e-01
-1.8472772837e-01
9.5234036446e-01
1.0355137587e+00
2.8620201349e-01
6.6208422184e-01
2.2033331916e-02
-1.7924488783e+00
-2.9601547718e+00
-3.3710904121e+00
-2.1857748032e+00
-8.3471202850e-01
-3.4476447105e+00
-1.8883860111e+00
-8.5614103079e-01
4.6925395727e-01
5.3598719835e-01
-4.0387406945e-01
3.1689107418e-01
4.8233273625e-01
1.2116885185e+00
1.1625430584e+00
-7.7536356449e-01
-3.6270081997e-01
-3.2141634822e-01
-2.6626244187e-01
-4.6084594727e-01
4.0927046537e-01
4.0798954666e-02
1.8644249439e-01
-1.8211247399e-02
-1.9993810356e-01
-8.3462625742e-01
-2.0328608155e-01
-1.0249663591e+00
-7.2009789944e-01
-2.2955340147e-01
1.6116187572e+00
2.2487733364e+00
2.1354930401e+00
1.9604985714e+00
6.3572120667e-01
-2.0964260399e-01
-4.3919435143e-01
-6.6766047478e-01
-4.5515996218e-01
-6.2692034245e-01
1.1894224584e-01
3.2561513782e-01
3.2901316881e-01
1.0930755138e+00
2.4636191130e-01
-3.6059251428e-01
1.6564098001e-01
1.9332467020e-01
3.7657785416e-01
-1.9217537344e-01
2.1439421177e+00
1.1933212727e-01
-2.3073452711e-01
4.3647924066e-01
5.3084987402e-01
1.9278730452e-01
1.1424484253e+00
8.6617136002e-01
1.0707100630e+00
-4.6870782971e-01
-1.0397467017e-01
1.0772321224e+00
1.3991293907e+00
4.9052605033e-01
7.2877299786e-01
1.5486524105e+00
5.3124397993e-01
1.8543274701e-01
4.0062242746e-01
-5.9284037352e-01
-2.9017746449e-01
-3.1409984827e-01
1.0303717852e-01
2.0156149566e-01
6.9342844188e-02
-1.5010091662e-01
-5.6565028429e-01
-2.4623921514e-01
-7.0937430859e-01
-1.2398688793e+00
-1.2498211861e+00
-8.0157327652e-01
-5.2194267511e-01
2.1708686650e-01
4.2588729411e-02
-3.2962095737e+00
-3.0984313488e+00
-2.9724864960e+00
-3.0066115856e+00
-3.2998163700e+00
-7.2179061174e-01
-2.1089529991e+00
-1.0720795393e+00
7.4957668781e-01
4.8568749428e-01
-1.8994531631e+00
-9.7316496074e-02
7.7613669634e-01
8.9764934778e-01
1.5578031540e+00
7.1451121569e-01
6.3646125793e-01
2.8434592485e-01
8.0696433783e-02
3.6027213931e-01
3.8726711273e-01
7.1982049942e-01
5.4009819031e-01
4.3406727910e-01
4.3782730103e+00
2.6713386178e-01
-4.9828046560e-01
-1.9513279200e+00
-6.5616726875e-01
-7.6356184483e-01
-2.6812109947e+00
1.4262518883e+00
1.2262500525e+00
-2.5576581955e+00
-3.5964505672e+00
-1.0104091167e+00
4.1753017902e-01
-1.7581878603e-01
1.8103471398e-01
6.8507987261e-01
1.2269618511e+00
4.2360261083e-01
1.6089854240e+00
3.2056262493e+00
4.6717858315e+00
1.5318207443e-01
-7.6060044765e-01
-3.0175778866e+00
-8.7877255678e-01
1.5030140877e+00
2.1124606133e+00
6.5214371681e-01
1.9503036141e-01
1.2024158239e+00
-6.3869565725e-01
-1.3560853004e+00
-2.3484797478e+00
-3.3421134949e+00
-3.8400917053e+00
-5.3088922501e+00
3.1015068293e-01
1.0096874237e+00
-4.0845745802e-01
2.5240710378e-01
-6.3143625855e-02
1.6130439043e+00
9.3142378330e-01
1.1512383223e+00
1.7645021677e+00
2.3877193928e+00
1.0043860674e+00
7.6710432768e-03
-8.6616545916e-01
-7.5518727303e-01
9.0981614590e-01
2.9407553673e+00
2.2716054916e+00
2.0455262661e+00
7.2645533085e-01
1.1686266959e-01
-1.6523268223e+00
-1.0134245157e+00
-1.3004347086e+00
1.6124428809e-01
3.4230941534e-01
1.2030808926e+00
1.8943992853e+00
-7.9100048542e-01
-6.3159567118e-01
1.6963728666e+00
1.0865186453e+00
-6.7760342360e-01
1.4286909103e+00
1.2369339466e+00
2.6051551104e-01
3.3786836267e-01
7.6441836357e-01
1.2915906906e+00
-2.0146282017e-01
7.0102792978e-01
6.2503248453e-02
4.0900164843e-01
1.1655182391e-01
-1.8854206800e-01
-3.0131679773e-01
1.0455424786e+00
1.8190944195e-01
2.2730283737e+00
4.4510078430e+00
2.5341727734e+00
-1.6191191673e+00
-3.7785902619e-01
-3.4197578207e-03
-8.3030039072e-01
-5.1892197132e-01
4.3048733473e-01
1.4396966696e+00
1.5352377892e+00
1.4369302988e+00
1.0910238028e+00
2.0598921776e+00
-1.8943545222e-01
2.4526972771e+00
4.4433302879e+00
2.7951176167e+00
3.5283470154e-01
-2.8573220968e-01
-9.5317631960e-01
-2.6851735115e+00
-3.8597815037e+00
-1.9976285696e+00
-1.4271783829e+00
-5.3915813565e-02
5.5783426762e-01
9.7905862331e-01
7.7401179075e-01
2.0536260605e+00
6.4642769098e-01
1.3585929871e+00
1.0101208687e+00
4.0942716599e+00
7.8851327300e-02
-1.2549411058e+00
-1.6800212860e+00
-1.6103606224e+00
-4.8648920655e-01
2.3771628737e-01
-2.4519583583e-01
-7.4581789970e-01
-1.1050770283e+00
-5.6142950058e-01
-1.4875092506e+00
-3.4702682495e-01
2.2648860514e-01
-6.4188736677e-01
-1.0855808258e+00
-1.9569320977e-01
-8.1038814783e-01
-9.2266970873e-01
-3.6735000610e+00
1.1226886511e+00
-1.8106013536e-01
3.6170297861e-01
-3.0138794333e-02
1.0443013906e+00
4.0778555870e+00
-3.3106201887e-01
-1.2636408806e+00
-6.1526840925e-01
9.7457313538e-01
7.2650539875e-01
1.7674336433e+00
5.4705351591e-01
-9.3120008707e-02
1.1154470444e+00
-2.7743582726e+00
-2.4855420589e+00
-2.6403567791e+00
-4.4858190417e-01
8.8528835773e-01
-2.6669335365e+00
-1.8752830029e+00
-9.0341493487e-02
1.1717833281e+00
7.7064597607e-01
-1.1414775848e+00
1.2303613126e-01
-2.7708408833e+00
-2.1724414825e+00
1.2859326601e+00
1.3667725325e+00
-1.1392239332e+00
-2.2675646842e-01
-3.7065252662e-02
5.4383659735e-03
-1.2097196579e+00
8.2189393044e-01
-1.4765461683e+00
-6.7680054903e-01
-1.8211212158e+00
5.6742870808e-01
2.0737804472e-01
-3.5208106041e-01
-6.0980993509e-01
-5.5125010014e-01
-5.9224432707e-01
-1.0976037979e+00
-4.4298633933e-01
-2.0588238239e+00
-2.9805386066e+00
1.4320101738e+00
-4.5820596814e-01
-4.8200052977e-01
-1.3650937080e+00
-9.7994416952e-01
6.5840516090e+00
1.9663890600e+00
1.0857582092e+00
-4.7643402219e-01
-5.0058430433e-01
-5.1844155788e-01
-5.9411424398e-01
-5.8401221037e-01
-9.9508768320e-01
-6.4996218681e-01
7.4248558283e-01
3.5034227371e+00
2.7773528099e+00
1.4778425694e+00
5.1302676201e+00
1.8653640747e+00
1.8703508377e+00
-1.1765800714e+00
-2.0946989059e+00
-3.2279338837e+00
1.6649798155e+00
1.6809982061e+00
1.9913461208e+00
1.0579321384e+00
-3.8991418481e-01
-1.2292288542e+00
1.6405001879e+00
4.9925336242e-01
3.4363040924e+00
4.9472770691e+00
6.3777613640e-01
4.2217376828e-01
-5.4133594036e-01
6.3096714020e-01
3.0884175301e+00
1.3022279739e-01
3.3063033223e-01
-1.1549045146e-01
-4.0961340070e-01
-1.1981637478e+00
1.4425160885e+00
4.2692980170e-01
-2.2650856972e+00
-2.7465646267e+00
-2.7009344101e+00
1.5712977946e-01
-8.0564215779e-02
3.0604121089e-01
2.9423943162e-01
2.0359585285e+00
9.7977936268e-01
4.8014989495e-01
-1.6542285681e-01
-4.8703509569e-01
-1.9896947145e+00
1.0834184289e-01
1.1705148965e-01
2.9493936896e-01
-1.9274246693e-01
-8.1054413319e-01
-1.1916908026e+00
-2.4795322418e+00
-1.3877040148e+00
-6.7898172140e-01
-2.0330233574e+00
-2.1415305138e-01
-2.3501074314e-01
-5.4002791643e-01
-3.1835368276e-01
1.1351987720e-01
2.6314828396e+00
1.3962374926e+00
8.8475728035e-01
-1.0200561285e+00
-2.5388784409e+00
-9.9015824497e-02
1.4599468708e+00
2.0023727417e-01
3.9123234749e+00
4.0472517014e+00
1.9099452496e+00
-1.0990685225e+00
1.6588115692e-01
3.9205083251e-01
-2.3750150204e+00
1.0068126917e+00
-5.5004143715e-01
-1.4090310335e+00
-1.2208435535e+00
-3.3223626018e-01
7.8362858295e-01
-5.4757297039e-01
-1.7491364479e+00
-9.1575491428e-01
-1.0949472189e+00
7.4912571907e-01
-2.2691051662e-01
-1.2429716587e+00
5.4995673895e-01
1.5456374884e+00
-1.8924095631e+00
-1.3620723486e+00
-2.7176901698e-01
-8.0077648163e-01
2.8260514736e+00
-2.9299107194e-01
-2.1106724739e+00
-2.3754742146e+00
-1.5261299610e+00
5.6320601702e-01
-4.5612522960e-01
-1.9716165066e+00
-8.7549620867e-01
-6.2832891941e-01
-7.0803505182e-01
-1.9449584484e+00
-1.6877479553e+00
-1.6147667170e+00
-1.9589296579e+00
-2.3748662472e+00
9.3346738815e-01
1.6310930252e+00
1.8589460850e+00
5.6281149387e-01
4.7071641684e-01
3.2669678330e-01
-1.4026700258e+00
-1.1567386389e+00
-2.7110657692e+00
-2.9848926067e+00
1.3800431490e+00
9.7448235750e-01
6.3971585035e-01
9.3698024750e-01
1.0230029821e+00
-1.4515305758e+00
6.6948169470e-01
5.6029252708e-02
2.8716835380e-01
1.2108066678e-01
1.0862246752e+00
2.1505293846e+00
1.6264399290e+00
1.2647664547e+00
1.2824326754e+00
-1.4484989643e-01
-2.3086810112e+00
1.8881523609e-01
8.7757462263e-01
8.7532860041e-01
-6.0463470221e-01
-3.5350346565e-01
2.6126855612e-01
1.5576739311e+00
2.0599713326e+00
3.0803024769e-01
1.0812406242e-01
7.2806257010e-01
1.6484007835e+00
-3.0720186234e-01
1.2479846478e+00
6.8216270208e-01
8.8203322887e-01
-2.2770491242e-01
4.5193964243e-01
1.7646915913e+00
6.4527559280e-01
1.7578958273e+00
9.9658083916e-01
6.1479330063e-01
-8.1353693008e+00
-9.6095228195e+00
-9.2894849777e+00
-8.7694959641e+00
-6.0404644012e+00
-5.7077908516e-01
-1.3829782009e+00
-2.0206809044e+00
-8.5311514139e-01
-7.8215487301e-02
-8.4951120615e-01
-6.2707883120e-01
-7.4215805531e-01
-1.0209898949e+00
-1.4648188353e+00
-4.1833408177e-02
1.1327452660e+00
7.1303904057e-01
2.2537066042e-01
-9.8210000992e-01
1.1407522485e-02
-2.4702873230e+00
-3.3192932606e+00
-4.4799146652e+00
-2.8993477821e+00
1.4411212206e+00
1.2901270390e+00
9.9121630192e-01
2.9072889686e-01
3.1042176485e-01
-6.4182114601e-01
-8.3085495234e-01
-1.0656871796e+00
3.4173563123e-02
-5.2112501860e-01
7.1253335476e-01
-7.4008482695e-01
-1.0034160614e+00
-1.8917825222e+00
-5.4787454428e-04
-4.1269800067e-01
-7.8814101219e-01
-7.5206047297e-01
-1.4284392595e+00
-8.9162123203e-01
5.7262051105e-01
6.0029852390e-01
2.1846866608e+00
3.1450369954e-01
-6.8344956636e-01
-6.0089543462e-02
-2.3975020647e-01
-1.0409176350e+00
-1.1502376795e+00
-4.7367909551e-01
1.6129076481e+00
1.5342838764e+00
1.2679582834e+00
1.6252549887e+00
-9.5900571346e-01
-2.4096444249e-01
2.7388003469e-01
1.5202175379e+00
1.6096439362e+00
1.6718243361e+00
8.1949889660e-01
-5.6302320212e-02
-3.0954059958e-01
-2.3223242164e-01
-9.4965569675e-02
-2.6043922901e+00
-1.5196281672e+00
-1.9739699364e+00
-1.6017056704e+00
-2.2594358921e+00
1.1876899004e-01
-2.7283530235e+00
-2.6100208759e+00
-3.8013417721e+00
-1.5664144754e+00
7.0408083498e-02
-3.6485740542e-01
-4.1686016321e-01
-6.2429226935e-02
6.8033701181e-01
1.6539071798e+00
1.3690042496e+00
2.1577596199e-03
-2.4123440683e-01
6.5304327011e-01
-3.2979586720e-01
4.0760838985e-01
-3.9371755719e-01
-1.7855138779e+00
-1.7301424742e+00
-9.9022263288e-01
-1.1305267811e+00
-3.2869511843e-01
-3.7727829814e-01
5.8406615257e-01
4.0979763865e-01
9.6930688620e-01
1.9536607265e+00
1.4991307259e+00
2.5470204353e+00
-3.6503024101e+00
-5.8222570419e+00
-4.7266125679e+00
-4.7640514374e+00
-3.9792959690e+00
-9.8923683167e-01
-5.2199012041e-01
-2.0932713151e-01
7.8657817841e-01
6.1966782808e-01
2.8043314815e-01
8.7409049273e-01
1.8982384205e+00
1.2789994478e+00
1.4032000303e+00
1.1264992952e+00
3.4412536770e-02
2.0442327484e-02
-1.1911656857e+00
-1.0666560382e-01
4.4462117553e-01
7.2200071812e-01
2.3688882589e-01
-1.4749004841e+00
-9.1870707273e-01
-6.3784539700e-01
-4.7882521152e-01
2.7225011587e-01
2.3213480413e-01
5.3044068813e-01
-3.3554372191e-01
1.3980400562e+00
1.3529864550e+00
1.7604024410e+00
2.0368819237e+00
-1.7029674053e+00
-1.0440711975e+00
-1.3310526609e+00
-1.5173940659e+00
-1.0403450727e+00
1.6455955505e+00
1.0408178568e+00
1.4844509363e+00
1.6206210852e+00
7.5165605545e-01
-1.6993618011e-01
-1.3900202699e-02
1.7212435007e+00
2.6140875816e+00
2.4812085629e+00
1.8182122707e-01
1.4003897905e+00
3.9221712947e-01
-6.3070559502e-01
-5.4961138964e-01
6.1667448282e-01
-8.3256018162e-01
-1.1358947754e+00
-6.5155029297e-01
3.8929924369e-01
-5.9041671753e+00
-5.8799557686e+00
-5.0778017044e+00
-5.1770453453e+00
-2.9960353374e+00
4.2662009597e-01
6.1809909344e-01
1.7178784311e-01
-1.1440123320e+00
-1.0861634016e+00
-7.0798206329e-01
-8.9364755154e-01
-1.2089687586e+00
-1.7691026926e+00
9.2660856247e-01
1.3228668272e-01
1.1976015568e+00
1.2947529554e+00
1.0115536451e+00
-3.8154220581e-01
9.0049445629e-02
7.0847475529e-01
6.4566946030e-01
4.7946232557e-01
-6.2941104174e-01
-2.3548223078e-01
-2.5483345985e+00
-3.2760460377e+00
-2.0235712528e+00
-3.0398924351e+00
1.2388114929e+00
1.1424853802e+00
8.2103097439e-01
-1.1347355694e-01
1.7511601746e-01
-3.4154742956e-01
-7.5072968006e-01
-1.8721376657e+00
-1.4811918736e+00
-9.0193933249e-01
6.2166780233e-01
2.8776907921e-01
4.4780081511e-01
-4.1509509087e-01
-3.9246201515e-01
-1.9313222170e-01
9.1572076082e-02
7.6744520664e-01
-1.8364523649e+00
-2.4384918213e+00
-7.2921890020e-01
-1.8304318190e+00
-1.5224510431e+00
-8.7692946196e-01
-1.5130137205e+00
3.7710569799e-02
5.6274741888e-01
-1.1915829182e+00
-7.9207740724e-02
-1.6335046291e+00
-4.2166013271e-02
-6.4248919487e-01
-7.6401811838e-01
-5.2833718061e-01
-9.0554875135e-01
6.7480581999e-01
1.3769307733e-01
-2.6630949974e-01
-1.1784309149e+00
-6.0069096088e-01
1.0396939516e+00
1.9748070240e+00
3.0633060932e+00
3.0660898685e+00
3.6468021870e+00
3.0745300651e-01
7.4957951903e-02
-1.1986236274e-01
-5.9851568937e-01
-2.6873382926e-01
7.6229381561e-01
3.3454370499e-01
2.5315493345e-01
-1.8946495652e-01
-8.0805277824e-01
2.7142276764e+00
1.1577857733e+00
-6.9048416615e-01
-7.9245012999e-01
5.6589126587e-01
1.5982352495e+00
-7.9549008608e-01
-1.2870705128e+00
-1.3505314589e+00
-1.1692858934e+00
-2.2220854759e+00
-6.7948341370e-01
-2.7973607183e-01
-6.4593153074e-03
-7.3291763663e-02
-5.4644614458e-01
8.4800142050e-01
-6.4118272066e-01
-6.4481365681e-01
-2.4308111668e+00
-1.6691403389e+00
-3.7084507942e-01
2.8999313712e-01
4.7031808645e-02
-9.9387645721e-02
5.7838672400e-01
-2.2149703503e+00
-3.1692943573e+00
1.5764651299e+00
2.1816775799e+00
-1.1976686865e-01
7.2339630127e-01
4.0039750934e-01
-7.0366662741e-01
-2.9394969940e+00
-9.3391889334e-01
-1.7036528587e+00
-1.4305942059e+00
3.6173850298e-01
2.4177742004e-01
-7.7182549238e-01
2.7128419280e-01
9.5462791622e-02
7.0667827129e-01
1.2706292868e+00
1.9144830704e+00
1.7407602072e+00
1.4979070425e+00
2.6017713547e+00
3.0185832977e+00
-1.8627520800e+00
-2.8238680959e-01
-1.0714105368e+00
-2.1344728470e+00
-3.8140623569e+00
3.7362521887e-01
6.8068057299e-01
-9.5297300816e-01
-2.6125080585e+00
-3.9711201191e+00
3.1473553181e-01
1.0366009474e+00
8.9128226042e-01
-5.0179350376e-01
7.0748096704e-01
1.7453688383e+00
2.1979134083e+00
-1.1194589138e+00
-9.5009893179e-01
-3.5860784054e+00
-6.9124412537e+00
-9.1961641312e+00
-9.0819778442e+00
-5.2811770439e+00
-1.9792534113e+00
-5.2637183666e-01
-1.8684096634e-01
-5.7454174757e-01
2.4827294052e-01
9.1446644068e-01
6.6637462378e-01
-8.1529629230e-01
-7.2284269333e-01
-1.4572471380e+00
-2.0971031189e+00
-1.4295227528e+00
-6.7431956530e-01
2.2610197961e-01
-6.1176109314e-01
-8.4226590395e-01
-1.0062122345e+00
-1.5388836861e+00
-7.7122563124e-01
1.9724389315e+00
3.5272400379e+00
1.5939256549e-01
2.4536944926e-01
-1.2522648089e-02
7.7159273624e-01
-2.1285474300e+00
5.0648576021e-01
-4.0695297718e-01
-9.1081804037e-01
-9.0092289448e-01
-9.6794016659e-02
1.1143715382e+00
-3.1182700396e-01
-9.3229329586e-01
-1.7551505566e+00
-1.4047161341e+00
-1.5602235794e+00
-1.3823697567e+00
-1.7449772358e+00
-1.0203200579e-01
-1.6720728576e-01
5.3263163567e-01
9.8806017637e-01
3.7550386041e-02
-1.5818104744e+00
-4.4704880714e+00
-1.3182246685e-01
7.5125098228e-02
-2.2643515468e-01
5.0466763973e-01
2.4932787418e+00
8.4175974131e-01
6.8961930275e-01
-7.6212304831e-01
3.3467595577e+00
1.8464016914e+00
8.9916479588e-01
1.9164798260e+00
1.3499387503e+00
-7.0168137550e-01
-1.0337651968e+00
-1.4340181351e+00
-2.5864145160e-01
-1.7369338870e-01
2.5759354234e-01
2.3494602740e-01
-2.0913724899e+00
-7.6815307140e-01
-1.9821513444e-02
-2.7517402172e-01
-1.4229022264e+00
4.3058845401e-01
-6.8871235847e-01
-9.6285179257e-02
4.2909976840e-01
4.6291151643e-01
-3.5033348203e-01
1.1814381927e-01
-4.0060099959e-01
-1.5962501764e+00
-1.2404398918e+00
-5.4924159050e+00
-1.9797472954e+00
-4.4217363000e-01
4.2754077911e-01
6.3766963780e-02
-1.6931366920e+00
-2.3106007576e+00
-2.4260849953e+00
-9.5199984312e-01
1.9072376192e-01
-6.3197666407e-01
4.5243474841e-01
1.1636841297e+00
2.4183259010e+00
-1.5739016533e+00
8.6550498009e-01
9.5988905430e-01
8.0803310871e-01
2.4660600722e-01
1.4591832459e-01
1.7602434158e+00
-1.8856796026e+00
-2.5872542858e+00
-7.4193544686e-02
1.6787700653e+00
-1.9870014191e+00
-8.0120092630e-01
-2.3940427601e-01
3.5378769040e-01
6.5733021498e-01
-1.6774679422e+00
-4.2840445042e-01
5.4582560062e-01
1.8415273428e+00
1.2584699318e-02
1.8313432932e+00
-6.0600823164e-01
-1.6614667177e+00
1.3414481878e+00
1.4294993877e+00
1.7180307209e-01
-1.5271555185e+00
-1.7400606871e+00
1.8469738960e-01
-2.0460522175e+00
2.5097239017e-01
1.2119005919e+00
7.6854653656e-02
3.3368453383e-02
6.5803581476e-01
4.6851181984e-01
8.8289988041e-01
1.7166475952e-01
-8.4686344862e-01
-2.7406175137e+00
-2.9556808472e+00
-1.3877643347e+00
-3.3314025402e+00
-2.8314452171e+00
-2.4443187714e+00
1.8487268686e+00
8.0166006088e-01
-3.1785193086e-01
5.1604819298e-01
-1.2110775709e+00
2.7512824535e+00
1.8464754820e+00
8.9453727007e-01
-1.9666633010e-01
1.1442466080e-01
-5.6946545839e-01
-6.9979201071e-03
-1.0773869604e-01
1.1533333361e-01
3.4280580282e-01
8.6303871870e-01
-2.9171746969e-01
-9.5107084513e-01
-3.2233515382e-01
4.2284836769e+00
-3.7279927731e+00
-5.0964965820e+00
-3.9669234753e+00
-1.6174082756e+00
-8.6966919899e-01
5.6410878897e-03
-9.2561197281e-01
-8.3468806744e-01
8.4334783256e-02
1.5332648754e+00
-3.9836122990e+00
-4.3001331389e-02
-1.2986862659e+00
-1.8732394278e-01
-1.0665713996e-01
1.2434697151e+00
1.3134652376e+00
3.8520574570e-01
-1.0051901340e+00
-1.9226831198e+00
-4.6052104235e-01
3.3706918359e-02
4.6116107702e-01
-4.8405420035e-02
6.7976981401e-02
-2.4443137646e+00
-1.8608114719e+00
-1.3872921467e+00
2.4839223921e-01
-5.6299582124e-02
1.0687341690e+00
2.4043916166e-01
-5.3642693907e-02
2.5749436021e-01
-5.4853862524e-01
-2.9720392823e-01
-9.8778551817e-01
-1.5089204311e+00
-2.3942229748e+00
-2.5546550751e+00
2.2269338369e-01
-6.5160709620e-01
-5.0093924999e-01
-9.2599970102e-01
-2.9539255425e-02
-3.2457733154e-01
-2.6824757457e-01
3.8511168957e-01
-2.8560078144e+00
-5.6746444702e+00
-5.1329098642e-02
-3.8792577386e-01
-3.0131605268e-01
-6.2736105919e-01
9.3025952578e-01
1.6346116066e+00
-5.9011373669e-03
-2.5059475899e+00
-1.7756239176e+00
-1.1721524000e+00
7.4969631433e-01
-1.9600596428e+00
-2.0382001400e+00
7.2435118258e-02
1.3447624445e+00
1.0149086714e+00
-2.8570565581e-01
-4.2259699106e-01
-9.6783101559e-02
-2.5200388432e+00
2.6457660198e+00
2.7074086666e+00
1.4917292595e+00
-9.1451358795e-01
-2.4523863792e+00
9.3576423824e-03
4.9528029561e-01
-1.8459352851e-01
-1.7228834629e+00
-1.5053430796e+00
-6.2102872133e-01
3.2740840316e-01
5.3562939167e-01
2.1809509397e-01
2.9074013233e-01
1.5301365852e+00
-6.2075322866e-01
-2.1659669876e+00
1.6841384172e+00
4.1777343750e+00
1.4453361034e+00
-1.1663886309e+00
-2.5166530609e+00
-2.0256035328e+00
-1.4312220812e+00
7.2391808033e-02
1.0771632195e-02
-3.5470193624e-01
-8.1446921825e-01
-2.4444255829e+00
-5.8307737112e-01
-1.3009482622e+00
-1.8740974665e+00
-4.4882917404e+00
-1.4810866117e+00
4.3683102727e-01
-1.4467806816e+00
-1.1487891674e+00
-1.2407212257e+00
-1.1095479727e+00
2.5617172718e+00
4.7312774658e+00
1.0404908657e+00
7.7493089437e-01
3.5933899879e+00
-2.7821941376e+00
-1.6881485283e-01
5.6719154119e-01
1.0250198841e+00
-3.7593218684e-01
-6.1385327578e-01
-1.5226961114e-03
-3.9390125871e-01
-4.7687536478e-01
-1.5260251760e+00
2.4216547608e-01
-8.6884938180e-02
-2.4155499935e+00
-1.3973616362e+00
-1.0992482901e+00
1.8089208603e+00
1.7230875492e+00
1.2200608253e+00
1.3662077188e+00
4.2688121796e+00
-1.5447076559e+00
-3.2616767287e-01
1.2737073898e+00
9.3077570200e-01
-2.6330414414e-01
2.3895834386e-01
2.5298826694e+00
6.4067691565e-01
-2.3387273774e-02
-1.1262893677e+00
-3.8829112053e-01
-1.2633703649e-01
-8.1985449791e-01
-1.9880321026e+00
-2.6486709118e+00
-1.3393707275e+00
3.0513003469e-01
2.6604336500e-01
-3.0992576480e-01
-2.1305768490e+00
-9.4412845373e-01
-1.8542671204e+00
6.3833445311e-02
-3.4175726771e-01
1.0048578978e+00
2.7048499584e+00
1.4840880632e+00
-1.4887160622e-02
-3.9019402862e-01
-7.8598773479e-01
-1.0250993967e+00
-2.2721290588e-01
4.4660988450e-01
-1.5146515369e+00
-1.6341464520e+00
-5.8488690853e-01
-6.6428720951e-01
1.4467588067e-01
-2.0793777704e-01
1.4489684105e+00
1.5253236294e+00
1.1379401684e+00
-3.9178523421e-01
-8.7180364132e-01
1.0210791975e-01
2.4340097904e+00
4.6411922574e-01
1.3181574345e+00
5.1301771402e-01
-8.5701927543e-02
-3.9925611019e+00
-1.2082860470e+00
-1.7502155304e+00
-2.4053885937e+00
-1.7764444649e-01
3.1855162978e-01
5.8976030350e-01
3.1076237559e-01
1.8963243067e-01
2.6525953412e-01
2.5056717396e+00
2.2050130367e+00
3.4538680315e-01
-8.7491977215e-01
-1.4240552187e+00
1.8212100267e+00
-8.0084520578e-01
-1.6216428280e+00
-5.8790749311e-01
-4.2282590270e-01
-1.6821791232e-01
-4.4126260281e-01
4.2372173071e-01
7.4890905619e-01
1.2370631695e+00
1.5082217455e+00
6.4257878065e-01
5.8694338799e-01
2.3225607872e+00
1.5673048496e+00
-9.1823989153e-01
-1.3589149714e+00
-4.0261125565e-01
2.1965444088e-01
-5.5277135223e-02
4.4616010785e-01
7.3147945106e-02
-1.4386500418e-01
-7.5050109625e-01
-7.7099716663e-01
1.2868635654e+00
1.4950612783e+00
2.5831782818e+00
1.1980286837e+00
2.1842575073e-01
-2.5665235519e+00
-3.4184284210e+00
-1.1489291191e+00
1.5522257425e-02
1.6525521278e+00
-2.4121144414e-01
-2.3683550954e-01
-1.0971454382e+00
-8.1159389019e-01
2.6543516666e-02
2.3590177298e-01
-1.9848084450e+00
-1.6636407375e+00
6.7922979593e-02
-2.2543121874e-01
-1.3115134239e+00
-1.9670612812e+00
-8.3306646347e-01
-1.4937390089e+00
-7.5226604939e-02
1.0320107937e+00
-1.7896367311e+00
-1.7219712734e+00
-2.9951092601e-01
6.7834508419e-01
1.1907836199e+00
1.3663017750e+00
7.8435158730e-01
4.5136481524e-01
2.2209671140e-01
4.6536269784e-01
1.6946698427e+00
2.1534031630e-01
2.5380340219e-01
1.7867468596e+00
1.4084758759e+00
4.3276792765e-01
2.8048312664e-01
7.1795270778e-03
2.0803359151e-01
6.1451639980e-02
-1.7214815617e+00
-1.1292601824e+00
-1.9504441023e+00
-1.0646260977e+00
-1.1614608765e+00
2.5229353905e+00
1.3753443956e+00
2.0083445311e-01
1.1032950878e+00
2.6600837708e+00
2.6208078861e+00
-3.2171872258e-01
1.4861294031e+00
-3.3167004585e-01
-7.8751015663e-01
-9.9736630917e-01
-1.1236300468e+00
1.0478547215e-01
1.9726958871e-01
-1.3749988079e+00
-1.0267828405e-01
1.7162252963e-01
5.5572175980e-01
6.1467953026e-02
2.2847883701e+00
1.4132099152e+00
-1.9853112698e+00
-2.3038969040e+00
-9.6067667007e-01
8.2292973995e-01
3.3130776882e+00
7.2520500422e-01
3.4744017124e+00
4.3137936592e+00
-4.6770310402e+00
-3.3337521553e-01
1.2943359613e+00
1.8910619020e+00
1.5899380445e+00
-2.2804047167e-01
-8.5751724243e-01
-1.8523476124e+00
-2.0167534351e+00
-1.5744376183e+00
3.6566770077e-01
1.7551798820e+00
4.8826399446e-01
1.9730655849e-01
4.1194233894e+00
-4.4134111404e+00
-2.3676264286e+00
-8.1512564421e-01
-5.8173620701e-01
-9.0239930153e-01
8.8467448950e-01
3.1912317872e-01
-7.9813921452e-01
-1.1643919945e+00
9.8059767485e-01
-1.5170640945e+00
-1.4792193174e+00
-2.7908294201e+00
-1.3336243629e+00
-1.7293403149e+00
1.2542751431e-01
-7.8440463543e-01
1.0076718330e+00
-1.3690612316e+00
-4.6250149608e-01
7.9545199871e-01
6.0238462687e-01
-1.1137688160e+00
4.5398384333e-01
1.2724560499e+00
-2.6759274006e+00
-4.2333698273e-01
7.9632133245e-02
4.0686473250e-01
5.2591925859e-01
1.0163761377e+00
1.2350293398e+00
3.0506558418e+00
2.3925652504e+00
9.5165169239e-01
-2.3282027245e+00
-2.4853663445e+00
-2.4756803513e+00
-2.5900506973e+00
-2.5529363155e+00
-1.7148820162e+00
-1.5151811838e+00
-1.6628780365e+00
-1.1566121578e+00
-8.4657371044e-01
3.2036836147e+00
3.7987608910e+00
5.0654773712e+00
-1.3843213022e-01
-3.7067344785e-01
4.7568716109e-02
8.9899361134e-02
4.6091362834e-02
5.4491001368e-01
5.1774883270e-01
8.4598183632e-01
4.9997991323e-01
-1.0013389587e+00
-1.8291721344e+00
-2.2565405369e+00
1.4252284765e+00
1.7689435482e+00
-1.5111606121e+00
-7.9430723190e-01
4.7169405222e-01
4.6144938469e-01
1.2696106434e+00
5.8994120359e-01
1.5849986076e+00
-1.0130281448e+00
-6.5366739035e-01
-5.1303923130e-01
-6.3156151772e-01
-3.6148688197e-01
1.2060286850e-01
-2.9890940189e+00
1.8671229482e-01
3.3519610763e-01
1.5558709204e-01
-2.4027328491e+00
-8.4690278769e-01
-2.1681540012e+00
-2.2852561474e+00
-1.9216201305e+00
-3.0143578053e+00
2.0163900852e+00
3.5149450302e+00
-5.5100226402e-01
-2.1426281929e+00
-3.3010366559e-01
-8.8449645042e-01
1.4272549748e-01
3.0785003304e-01
8.8568270206e-01
9.4720661640e-01
1.1618690491e+00
-4.9312304705e-02
-2.0621755123e+00
8.2618051767e-01
-1.4830271006e+00
2.2757980824e+00
2.5580954552e+00
1.1564714909e+00
1.2156628370e+00
2.2747197151e+00
-3.2575540543e+00
-1.6109727621e+00
-4.9808987975e-01
-1.0584779978e+00
1.7314805984e+00
2.2239980698e+00
-2.8070554733e+00
-4.8059744835e+00
-2.3590774536e+00
-3.1843070984e+00
-3.8741221428e+00
-1.8043900728e+00
-2.1368962526e-01
-4.3395802379e-01
-5.0243288279e-01
-3.3849117756e+00
-1.2861678600e+00
-1.7356221676e+00
-1.9861817360e+00
-3.2232754230e+00
-4.7657659650e-01
8.8761514425e-01
1.6917990446e+00
3.3948426247e+00
4.1811714172e+00
7.7171939611e-01
5.6641072035e-01
-2.3569173813e+00
-3.1203603745e+00
-3.2395129204e+00
-1.7234805822e+00
-2.0732553005e+00
-2.6460874081e+00
-7.8348046541e-01
-1.2680656910e+00
-2.6677846909e+00
-3.0313286781e+00
-1.6783303022e+00
-5.1200455427e-01
1.8575686216e+00
-1.6791412830e+00
1.5820005536e-01
5.0635486841e-01
1.2154283524e+00
1.0197787285e+00
-1.7880926132e+00
-5.2141606808e-01
5.9195935726e-01
-2.3032632470e-01
8.0202005804e-02
-2.3076739311e+00
2.2630468011e-01
-1.9123342633e-01
4.0073505044e-01
3.7364581227e-01
-8.6583375931e-01
-4.3248987198e+00
-6.6715121269e+00
-3.7094616890e+00
-2.8882586956e+00
8.8245642185e-01
1.8983960152e+00
-6.3118231297e-01
-3.6943432689e-01
2.0814104080e+00
-5.8139747381e-01
9.1406297684e-01
1.6914496422e+00
9.0793430805e-01
1.1726554632e+00
6.8842083216e-01
8.0438238382e-01
-1.0033627748e+00
2.3216511309e-01
-2.5738043785e+00
7.1753674746e-01
-3.3327484131e-01
-5.8640468121e-01
-5.5480134487e-01
1.3702940941e+00
3.3680663109e+00
-1.6247133017e+00
-2.9924156666e+00
-1.8494501114e+00
-1.1598651409e+00
-1.8651925325e+00
-2.0686495304e+00
-1.9136139154e+00
-5.8082312346e-01
3.5080918670e-01
5.3011709452e-01
2.6879823208e+00
1.3995046616e+00
-1.8031009436e+00
-2.3697853088e+00
1.9691129923e+00
-2.1223130226e+00
5.4701679945e-01
6.7063063383e-01
9.2964571714e-01
8.2937460393e-03
-2.8498032689e-01
-1.0656692982e+00
-1.6127536297e+00
-3.2174985409e+00
1.1741706133e+00
5.9809380770e-01
2.4104821682e-01
1.0992816687e+00
1.4419186115e+00
-2.9671638012e+00
-9.4969874620e-01
-3.7319418788e-01
6.2350881100e-01
2.1455273628e+00
1.2149122953e+00
-1.0083317012e-01
-1.4916152954e+00
-1.2014865875e+00
-3.7756374478e-01
3.0236275196e+00
1.9178779125e+00
-9.4478845596e-01
-1.4282106161e+00
-3.5551967621e+00
-3.0584058762e+00
1.8264281750e+00
2.5787782669e+00
2.8652064800e+00
2.4123821259e+00
-4.7787299752e-01
-1.0184620619e+00
3.3032187819e-01
-2.7273198962e-01
-3.0497351289e-01
1.2296044827e+00
1.7814716101e+00
7.3498558998e-01
2.7068233490e+00
2.7555243969e+00
-1.9015361369e-01
2.3198989034e-01
-6.2966358662e-01
-4.1118645668e-01
-2.9292485118e-01
8.6305272579e-01
-5.6199645996e-01
-1.6686764956e+00
-6.6397331655e-02
2.6910264492e+00
4.3047245592e-02
1.2416905165e+00
7.7117002010e-01
4.7071865201e-01
1.5838106871e+00
7.5906586647e-01
5.1712936163e-01
-7.9426479340e-01
-1.7659723759e+00
-2.0049121380e+00
6.6394627094e-01
-9.2839795351e-01
-3.4338355064e+00
-3.2737534046e+00
-2.9637372494e+00
2.2169318199e+00
3.6559233665e+00
3.3814175129e+00
3.0778293610e+00
2.9467997551e+00
2.1001703739e+00
6.1359024048e-01
6.8582302332e-01
1.2130690739e-02
-2.7173743248e+00
1.4369751215e+00
8.8534057140e-01
3.7349039316e-01
-6.0156953335e-01
-8.3482718468e-01
-3.6426982880e+00
1.5137063265e+00
1.1613247395e+00
6.9337300956e-02
-2.3096101284e+00
-1.1414861679e+00
4.5546256006e-02
-4.1745471954e-01
5.7652283460e-02
1.1719294786e+00
9.5306760073e-01
-1.9118021727e+00
-3.8357472420e+00
-2.8914036751e+00
-3.6077377796e+00
-6.0576356947e-02
-6.7072826624e-01
-9.4370639324e-01
1.0968103409e+00
4.5266053081e-01
-7.6434597373e-02
9.8212492466e-01
8.7693846226e-01
1.1350317001e+00
2.2255337238e+00
1.6867390275e-01
-3.0006763339e-01
-1.3724803925e-01
1.6484646499e-01
1.0016731918e-01
4.0488204956e+00
1.5795720816e+00
7.3174691200e-01
-2.0087122917e-01
-2.6284882426e-01
-1.8904602528e-01
7.3553431034e-01
8.6808633804e-01
2.9015522003e+00
6.6799515486e-01
-2.7816960216e-01
-2.4456916749e-01
-7.2262680531e-01
-1.0962071419e+00
-3.9756157398e+00
3.1873078346e+00
3.8313858509e+00
3.2889349461e+00
3.0452044010e+00
3.5204300880e+00
1.2170351744e+00
-9.5594592392e-02
-9.9172449112e-01
1.2054299116e+00
1.7664262056e+00
1.8276683986e-01
-7.1878367662e-01
-8.8000673056e-01
-1.0423659086e+00
-1.5773861408e+00
3.5734736919e-01
2.7969771624e-01
-1.7680421472e-01
7.1929287910e-01
-1.8215472698e+00
4.5433354378e-01
-5.0040856004e-02
1.1065064371e-01
-9.4725966454e-01
-4.3395817280e-01
-1.2675074339e+00
-2.2183189392e+00
-1.7758150101e+00
1.5513795614e-01
1.2207325697e+00
-3.2711145282e-01
-2.3346161842e-01
-1.9845273346e-02
-8.7951488793e-02
-5.3140056133e-01
2.5370626450e+00
-7.7926737070e-01
-2.0120618343e+00
-9.4830501080e-01
1.1446970701e+00
7.1629084647e-02
2.0667837560e-01
-1.3610992432e+00
-1.5030238628e+00
-1.6655372381e+00
1.9047715664e+00
3.4834349155e-01
6.7085343599e-01
-5.7924789190e-01
-3.3500962257e+00
2.0631604195e+00
-4.5276507735e-02
-1.8387378454e+00
-6.3304281235e-01
-5.0911664963e-01
1.3029811382e+00
7.5444769859e-01
-8.5475474596e-02
-1.3120236397e+00
-7.8635323048e-01
-1.0908616781e+00
-1.9129540920e+00
-1.5719796419e+00
-1.2248695642e-01
7.9293727875e-01
-1.3966336250e+00
-9.3634611368e-01
-4.8738217354e-01
3.6021101475e-01
2.0216839314e+00
-1.5928287804e-01
1.3714720011e+00
9.9615043402e-01
2.7245771885e-01
-1.2845902145e-01
5.7502567768e-01
1.0344579220e+00
-4.4127088785e-01
1.3538088799e+00
-5.9280818701e-01
-1.1557937860e+00
-2.4442186356e+00
-2.8179197311e+00
-2.5701081753e+00
-1.3457106352e+00
-1.1263635159e+00
-1.4548492432e+00
-1.0698760748e+00
-8.8063456118e-02
1.1283285618e+00
-6.5452070236e+00
-4.0034952164e+00
-3.8989653587e+00
-2.3889310360e+00
3.0473348498e-01
-1.5429716110e+00
-7.7981328964e-01
-5.1992535591e-01
-5.5684912205e-01
1.3443351984e+00
-4.0211361647e-01
-3.6874729395e-01
3.5193899274e-01
-9.7495520115e-01
1.4684494734e+00
-3.4802192450e-01
-9.0261660516e-02
1.1969875544e-01
2.1045045853e+00
-8.2592433691e-01
-6.6999894381e-01
-3.3721790314e+00
-1.0001224279e+00
-1.3155034781e+00
-3.5149941444e+00
-1.4250882864e+00
-2.9205467701e+00
-1.7349961996e+00
9.9218511581e-01
1.9820796251e+00
-3.4561009407e+00
-1.2033629417e+00
-3.1133744717e+00
-1.9902621508e+00
-1.2512745857e+00
-2.8750765324e+00
-2.3198103905e+00
2.7120190859e-01
-4.0108892322e-01
-1.6733222008e+00
-7.9507839680e-01
-2.1249258518e+00
-1.5216429234e+00
-6.0142123699e-01
-1.4393266439e+00
5.5916919708e+00
4.2425518036e+00
2.9192175865e+00
1.2497956753e+00
-9.2256534100e-01
7.6572799683e-01
2.4046467245e-01
1.7205899954e+00
1.4052770138e+00
-7.1201413870e-02
1.9243103266e+00
5.4201591015e-01
1.0194483995e+00
4.6557280421e-01
8.9345562458e-01
-1.2325296402e+00
-5.3868466616e-01
-9.5803126693e-02
1.2243760377e-01
-7.2282391787e-01
1.5862061083e-01
6.7180770636e-01
3.1828948855e-01
-9.4810163975e-01
-9.3725159764e-02
-1.1107547283e+00
1.7644961178e-01
1.7003360987e+00
6.6308379173e-01
-5.8042967319e-01
1.2011250257e+00
2.6100561619e+00
2.1844346523e+00
1.9757429361e+00
1.4767345190e+00
-5.9492844343e-01
-1.1612160206e+00
-8.8852840662e-01
-2.1469633579e+00
7.4178040028e-02
-1.4715609550e+00
-1.5274423361e+00
-9.3209373951e-01
-2.0727531910e+00
6.9201058149e-01
-6.5642029047e-01
3.4312951565e-01
-1.3547617197e-01
-9.5974379778e-01
-1.0280911922e+00
-1.6346416473e+00
-2.6704864502e+00
-2.5323224068e+00
-2.7143385410e+00
-1.3948001862e+00
1.8195166588e+00
4.9247834086e-01
1.2175437212e+00
1.4245714247e-01
2.3556520045e-01
-3.8063931465e-01
-2.6358669996e-01
-4.9747043848e-01
-1.2316832542e+00
-3.8869567215e-02
2.9834194183e+00
1.7097939253e+00
9.2811042070e-01
3.1946535110e+00
1.5483976603e+00
1.5076309443e-01
2.4971719086e-01
-2.9946175218e-01
1.9149169326e-01
4.6366146207e-01
-9.5004206896e-01
4.8162320256e-01
-1.7947530746e+00
-7.0633459091e-01
5.3282201290e-01
-1.2625912428e+00
8.7883628905e-02
-6.7114317417e-01
3.7369482219e-02
1.4031355381e+00
-1.5477898121e+00
1.9400982186e-02
-6.2993538380e-01
-1.8838193417e+00
-6.9498782158e+00
-1.5265505314e+00
-9.0850263834e-01
-2.6064535975e-01
-4.0232023597e-01
7.3145115376e-01
2.2668666840e+00
8.4741216898e-01
1.3001751900e+00
3.7674158812e-01
2.4990358353e+00
6.8860036135e-01
-1.1878705025e+00
-1.6410481930e+00
-1.2264673710e+00
-1.7232930660e+00
-7.4758917093e-01
-9.5189130306e-01
-1.1317582130e+00
1.8842507601e+00
2.7846260071e+00
2.0272850990e+00
1.4870306253e+00
8.0236840248e-01
1.1080702543e+00
-5.3403085470e-01
-1.5528351068e+00
4.0717634559e-01
3.4338110685e-01
1.3674155474e+00
1.5060584545e+00
-3.1971902847e+00
-3.1798474789e+00
-3.3172290325e+00
-2.9093151093e+00
-2.2798776627e+00
1.4749319553e+00
-6.3747227192e-01
-1.8118931353e-01
-5.8460295200e-02
1.9000316858e+00
2.9966714978e-01
-5.6975179911e-01
-1.3499399424e+00
-3.5377836227e+00
9.5375992358e-02
-7.1860170364e-01
-2.2662875652e+00
-1.6672896147e+00
-2.0433115959e+00
6.0631877184e-01
1.6523599625e+00
3.7350535393e-01
8.9731521904e-02
-3.2197901607e-01
4.7212800384e-01
6.5418893099e-01
1.7394814491e+00
1.5005493164e+00
2.5431013107e+00
1.5472446680e+00
8.0616110563e-01
2.6312664151e-01
1.0467582941e+00
8.1610447168e-01
1.8021668196e+00
3.1370866299e-01
-2.8930577636e-01
-4.5733845234e-01
-8.8493442535e-01
1.6111993790e+00
3.3633452654e-01
1.1295982599e+00
1.7362672091e+00
1.9776455164e+00
9.5904439688e-01
-6.6157895327e-01
-1.0152434111e+00
-9.4325381517e-01
-1.2027928829e+00
2.9650459066e-02
-7.7020162344e-01
-1.8424463272e+00
3.6785385013e-01
4.4005620293e-04
2.1538190842e+00
-2.9079356194e+00
-1.4651314020e+00
-9.2204403877e-01
-1.7353525162e+00
-1.4618526697e+00
5.8745867014e-01
9.3832427263e-01
4.3062463403e-01
-1.5223629475e+00
-2.9017305374e+00
-1.2843601704e+00
3.8978108764e-01
-1.2675744295e+00
5.2297538519e-01
5.0093293190e-01
-9.9963068962e-01
-6.1841219664e-01
-1.0402990580e+00
-2.6145868301e+00
-2.0377171040e+00
-2.1137177944e+00
-1.4916557074e+00
-1.4850713015e+00
-1.6428023577e+00
-7.2670906782e-01
2.3757691681e-01
-1.2628337741e-01
-1.8064873219e+00
-1.7125331163e+00
-2.3519389331e-01
9.5339372754e-02
-5.7544624805e-01
-1.2639418840e+00
-2.4371964931e+00
-6.2270134687e-01
8.9671492577e-01
1.3972476721e+00
-7.4986338615e-01
-1.5833337307e+00
-1.9658659697e+00
7.0547759533e-01
4.2715647817e-01
-5.8471423388e-01
-5.4368901253e-01
4.9405223690e-03
1.3285481930e+00
7.7138021588e-02
-1.3877917826e-01
1.7854326963e+00
5.5558139086e-01
-9.4902050495e-01
-1.1975587606e+00
-7.6631802320e-01
-8.6875194311e-01
5.8632928133e-01
-7.6859225519e-03
-1.5634538233e-01
-1.7656917870e-01
6.7083305120e-01
-1.7057155371e+00
9.9478834867e-01
5.5803734064e-01
2.2030186653e+00
2.7109858394e-01
8.0918705463e-01
-7.9895186424e-01
-2.1563372612e+00
-4.4346797466e-01
-1.9992399216e-01
1.7361347675e+00
-2.0186409950e+00
-1.9618035555e+00
-1.4430525303e+00
-4.3137320876e-01
-4.5543846488e-01
1.6011943817e+00
2.0157086849e+00
2.4803899229e-01
1.4152081013e+00
-2.7649459243e-01
-1.2014552206e-01
-1.6124090552e-01
7.6769655943e-01
1.1632242203e+00
1.2852780819e+00
2.4435389042e-01
1.5729459524e+00
2.0133402348e+00
1.3959022760e+00
2.2014267445e+00
-1.0559409857e+00
-1.1042472124e+00
-1.6639703512e+00
-1.3454905748e+00
-7.1134501696e-01
1.3094553351e-01
3.9581137896e-01
-1.6708687181e-03
-2.7533793449e-01
-6.9260254502e-02
-7.2469145060e-01
3.5395205021e-01
-1.4384314418e-01
2.4323526025e-01
1.4099516869e+00
9.1926777363e-01
1.7082690001e+00
2.4428691864e+00
3.2279980183e+00
-2.0056912303e-01
-4.4390687943e+00
-3.2680785656e+00
-1.3265317678e+00
2.6076178551e+00
3.3361880779e+00
3.0340722203e-01
-7.3061794043e-02
-6.7050069571e-01
-6.0642105341e-01
-3.2436811924e+00
-1.0174160004e+00
1.5909198523e+00
-5.9001737833e-01
1.1974414587e+00
4.6274838448e+00
-3.9381000400e-01
3.5299144685e-02
7.6924133301e-01
1.0164973736e+00
2.9296493530e-01
-3.7997236252e+00
-2.1347730160e+00
7.7351190150e-02
1.4207917452e+00
3.6525063515e+00
-1.3264143467e+00
-4.3217432499e-01
-7.8159272671e-01
3.4602561593e-01
-2.1742479503e-01
1.1247798204e+00
1.0835064650e+00
1.6868846416e+00
4.0487760305e-01
1.1022069454e+00
-3.2951338291e+00
-1.7458182573e+00
-1.4055105448e+00
-4.0429675579e-01
1.2855885029e+00
1.2065199614e+00
-3.5286959261e-02
-1.8477859497e+00
-3.1074216366e+00
-3.8718981743e+00
-3.0816383362e+00
-3.5477528572e+00
-4.3773574829e+00
-3.4584851265e+00
-2.4788498878e+00
-1.3342652321e+00
-1.1226903200e+00
-1.0880386829e+00
-5.8661615849e-01
-6.6606432199e-01
1.4926956892e+00
1.1865329742e+00
8.6780399084e-01
-1.3456114531e+00
-4.3407187462e+00
-3.1429905891e+00
-1.9151383638e+00
-9.1039603949e-01
-1.7241211236e-01
-1.7844133377e+00
-3.6681051254e+00
-4.0497803688e+00
-1.3705080748e+00
5.4465377331e-01
9.4585299492e-01
1.9202269614e-01
1.8945039809e-01
7.6858335733e-01
3.4033653736e+00
1.6330153942e+00
3.8960929960e-02
-4.5253533125e-01
-5.1626700163e-01
1.3573995233e-01
2.0228476822e-01
2.4320431054e-01
7.7309280634e-01
8.3721333742e-01
9.5026487112e-01
1.1703231335e+00
-2.3089714050e+00
-1.1082987785e+00
-9.3747520447e-01
2.5283749104e+00
2.6135723591e+00
-6.0800892115e-01
-1.2456940114e-01
-1.0367568731e+00
-1.2338941097e+00
-2.2462422848e+00
3.5897176713e-02
6.1826592684e-01
-9.4222730398e-01
-5.8100152016e-01
2.2981197834e+00
-1.1070048809e+00
9.5614165068e-02
1.8905634880e+00
3.9379067421e+00
2.5202397257e-02
-6.1916041374e-01
8.3930772543e-01
8.9457577467e-01
-6.5098428726e-01
-9.6111983061e-01
-9.4043332338e-01
-5.0383597612e-01
-6.5331208706e-01
-2.1141564846e-01
-1.0731024668e-02
-8.9628711343e-02
2.1516633034e+00
1.5496740341e+00
1.1155315638e+00
8.1957876682e-01
4.6684241295e-01
-6.6456365585e-01
1.6937974691e+00
9.6627354622e-01
8.0537158251e-01
6.0739612579e-01
2.0483714342e-01
8.5781592131e-01
-5.8030933142e-01
-1.6994831562e+00
-4.3155574799e+00
-2.8908262253e+00
-1.8177187443e+00
-3.8366514444e-01
-1.4316113293e-01
-4.1541853547e-01
-1.7022438347e-01
-1.1133397818e+00
4.8637551069e-01
-1.2594510615e-01
-7.0308184624e-01
-1.3613733053e+00
-7.4709695578e-01
7.9438412189e-01
4.4763889909e-01
3.8871068954e+00
7.0669239759e-01
-2.4648263454e+00
-3.0003604889e+00
-4.0863137245e+00
-2.0434646606e+00
-2.7803771496e+00
-1.8032470942e+00
-1.4079874754e+00
-1.6720350981e+00
-1.9236786366e+00
2.7062645555e-01
2.2687071562e-01
9.1363984346e-01
5.0955563784e-01
-2.3872191906e+00
-1.7620692253e+00
-1.3922759295e+00
-7.2022393346e-02
4.4136831164e-01
-1.7141747475e+00
-2.6845893860e+00
-2.9722714424e+00
3.3290100098e-01
3.5960039496e-01
-1.4718517065e+00
-7.6837748289e-01
-1.1645817757e+00
2.8631763458e+00
3.2831463814e+00
-1.0404727459e+00
-3.9169117808e-01
-5.5436754227e-01
3.4859380126e-01
1.3507860899e+00
1.3911990821e-01
-2.0113343000e-01
-4.3008884788e-01
-3.2625298500e+00
-8.1662311554e+00
-2.0578181744e+00
-2.6138315201e+00
-2.5084245205e+00
-2.2930183411e+00
-1.4676765203e+00
6.5146464109e-01
-1.5828660131e-01
-3.7309592962e-01
1.4540349245e+00
4.4943121076e-01
5.1791186333e+00
1.6397221088e+00
2.0195229352e-01
-1.8609265089e+00
-2.9552950859e+00
-3.5727608204e-01
-1.6922339564e-03
1.3102047145e-01
4.4495213032e-01
-3.8343280554e-01
-1.7951202393e-01
-4.4203814864e-01
-3.7040195465e+00
2.6083967686e+00
1.6726542711e+00
-5.4762774706e-01
-3.6580641270e+00
-3.8448340893e+00
-2.3966701031e+00
-1.9732125998e+00
1.3706706762e+00
-3.9686572552e-01
-1.4630461931e+00
6.6434013844e-01
2.2692313194e+00
-1.4986081123e+00
7.2195619345e-01
8.7927681208e-01
4.2487961054e-01
-3.5310167074e-01
-9.5709002018e-01
-1.0588902235e+00
-9.0858143568e-01
1.3976991177e+00
-2.7291307449e+00
-5.3196556866e-02
4.6106898785e-01
5.7450801134e-01
9.6070605516e-01
6.9212335348e-01
-4.1430549622e+00
-1.5293022394e+00
7.7046555281e-01
1.2809838057e+00
4.8984029889e-01
-1.2655457258e+00
-1.1062726974e+00
-9.7941213846e-01
1.4370520413e-01
1.2555828094e+00
4.1093951464e-01
-5.1316082478e-01
-8.6127972603e-01
-8.1460958719e-01
-7.8705292940e-01
-2.4062286317e-01
-3.2191881537e-01
-9.7127383947e-01
-1.3392210007e+00
-1.0992028713e+00
9.4853264093e-01
1.7577220201e+00
1.9190487862e+00
-1.2549604177e+00
-4.9944964051e-01
-1.0392608643e+00
-5.6217163801e-01
-3.3867444843e-02
4.6986371279e-01
9.1070550680e-01
1.6759381294e+00
-4.5503753424e-01
-5.0041550398e-01
-2.8054120541e+00
-1.6394572258e+00
-2.9222633839e+00
-2.3223869801e+00
-2.2730343342e+00
4.6202033758e-01
-4.4584724307e-01
-1.9539232254e+00
-1.3937093019e+00
3.2056054473e-01
2.1085338593e+00
-4.8113174736e-02
6.2048089504e-01
-5.8534916490e-02
4.3580286205e-02
-7.8638434410e-01
-5.8541667461e-01
-6.8941837549e-01
-3.8364911079e-01
-2.6995053887e-01
-1.6480311155e+00
-2.4437191486e+00
4.7672984004e-01
4.8834741116e-02
2.6089566946e-01
2.4262487888e-01
-1.7516332865e+00
-6.1200509071e+00
-6.2761554718e+00
-2.9256436825e+00
1.7455246449e+00
1.7345513105e+00
-5.2651323378e-02
-3.7550541759e-01
-9.1555929184e-01
-3.6390427500e-02
2.7463153005e-01
-8.3834600449e-01
-2.5499534607e+00
-1.8554010391e+00
5.2052712440e-01
7.4035924673e-01
-4.2999720573e+00
-2.7587192059e+00
-1.4447802305e+00
-7.4401319027e-02
2.0685996115e-01
1.1655168533e+00
8.8627666235e-01
-2.5914194062e-02
-7.4859035015e-01
3.5701590776e-01
-1.1693911552e+00
-1.8011753559e+00
-8.3382540941e-01
-2.5070173740e+00
-2.3925774097e+00
1.0547606945e+00
3.0614379048e-01
2.6988692582e-02
-1.4399381876e+00
1.4310929179e-01
4.3904772401e-01
-1.2096346617e+00
-1.5553541183e+00
-1.6039347649e-01
-5.7435399294e-01
-1.5835109949e+00
8.6519163847e-01
1.4741772413e-01
1.8897238970e+00
1.9543941021e+00
-2.4066622257e+00
-4.6175045967e+00
-3.3231594563e+00
-1.7068032026e+00
8.3902493119e-02
9.9810254574e-01
-2.0488779545e+00
-1.2331191301e+00
-1.0430457592e+00
-7.0296013355e-01
3.0128452182e-01
-1.5493966341e+00
-3.5091853142e+00
-3.5730752945e+00
-3.0398994684e-01
1.4097023010e+00
-2.2254118696e-02
-5.3046166897e-01
6.5282714367e-01
-1.4568847418e+00
2.4643187523e+00
-2.9141455889e-01
-3.1315028667e-01
4.9458530545e-01
5.7913708687e-01
5.6329709291e-01
2.1367318630e+00
3.7645964622e+00
2.7080686092e+00
3.8976893425e+00
2.0153338909e+00
8.6596786976e-01
1.5901508927e-01
1.0712285042e+00
2.5441169739e+00
2.8329992294e-01
1.4888160229e+00
2.3501651287e+00
2.4428591728e+00
3.3310775757e+00
3.8403102756e-01
-3.5891640186e-01
-1.9081202745e+00
-2.1780138016e+00
-3.2354506850e-01
-1.1039482057e-01
-1.5569403768e-01
-2.1544036865e+00
-2.2643284798e+00
-9.1257276535e+00
1.3373988867e-01
-9.9012702703e-01
-1.4515562057e+00
-1.1779744625e+00
-5.0867152214e-01
-1.9593806267e+00
2.3268714547e-02
1.4266793430e-01
-7.3682203889e-02
-6.1147159338e-01
-1.3902229071e-01
-3.7539145350e-01
-1.2189009190e+00
-5.1503252983e-01
7.8888647258e-02
-3.0951969624e+00
-3.1591663361e+00
-2.3076267242e+00
-4.5935320854e-01
1.3021501899e-01
8.6083769798e-01
-3.7805396318e-01
-3.1631350517e-01
6.4000040293e-01
1.5255137682e+00
-6.7355729640e-02
5.1796329021e-01
8.0080062151e-01
1.6402100325e+00
2.1197816730e-01
3.1327211857e+00
1.7806193829e+00
1.3385620117e+00
1.4367984533e+00
6.9009847641e+00
1.3832312822e+00
9.1644448042e-01
1.7103548050e+00
1.7035001516e+00
-4.1159632802e-01
-7.9697376490e-01
-2.4561948776e+00
-5.8201348782e-01
4.7049587965e-01
1.2963624001e+00
-1.1661052704e+00
8.0069527030e-02
7.8096210957e-02
1.1547807455e+00
-5.2883863449e-01
2.6569311619e+00
1.3088412285e+00
-4.1191309690e-01
-9.6966779232e-01
-1.2032375336e+00
9.1034716368e-01
1.8854098022e-01
-5.3091722727e-01
-2.2317866981e-01
-6.8960130215e-01
2.8409247398e+00
1.4920789003e+00
4.2314105034e+00
2.6874883175e+00
2.8197319508e+00
6.8764984608e-01
3.7357816100e-01
-3.0787792802e-01
-2.9992982745e-01
-1.1981518269e+00
3.3029717207e-01
5.2618396282e-01
-9.7813004255e-01
5.5963003635e-01
2.0293526649e+00
1.0231537819e+00
1.7372511625e+00
8.0434203148e-01
5.4411894083e-01
2.6374425888e+00
-1.2541812658e-01
3.0572560430e-01
9.5522679389e-02
3.4736493230e-01
-4.5483902097e-01
3.8422310352e-01
-3.9965658188e+00
-6.9981307983e+00
-4.0612273216e+00
-1.0136528015e+00
-3.6959092617e+00
-1.4617954493e+00
2.2005000710e-01
9.2484110594e-01
1.4604727030e+00
-1.7247388363e+00
-1.5667957067e+00
-3.7867543101e-01
-2.7138416767e+00
-4.7145400047e+00
8.6129814386e-02
-1.2915413082e-01
-1.6422929764e+00
-1.9154739380e+00
-2.1147770882e+00
1.2168228626e+00
-1.0459859371e+00
3.4696509838e+00
-1.8740093708e+00
-2.8381023407e+00
2.5539600849e-01
-1.3601522446e+00
-9.6881186962e-01
-2.3921305314e-02
1.5643126965e+00
7.7457916737e-01
-1.3742151856e-01
-4.8953983933e-02
1.8030196428e-01
3.1008106470e-01
-3.6925166845e-01
4.3127241731e-01
-5.9073847532e-01
-1.1799931526e+00
-2.2203671932e+00
2.5122733116e+00
1.9236432314e+00
1.7035615444e+00
-2.9303464293e-01
1.3612483442e-01
-1.7000120878e-01
-1.1252102852e+00
-6.4654040337e-01
-1.8570768833e-01
-5.4686391354e-01
1.9638651609e+00
1.1047115326e+00
1.1580144167e+00
1.3060861826e+00
9.1058546305e-01
1.9824461639e-01
1.5418524742e+00
8.2146221399e-01
4.6173754334e-01
-1.5077836514e+00
7.6386302710e-01
2.0903146267e+00
1.6519889832e+00
9.8500257730e-01
-4.5969457626e+00
-3.7732422352e+00
-5.4653853178e-01
8.1777775288e-01
2.6535074711e+00
3.1692295074e+00
-3.4199905396e-01
-7.4549600482e-02
-1.4483840764e-01
-5.2202063799e-01
-1.5492737293e+00
-8.6515027285e-01
-8.1948965788e-01
-4.3556863070e-01
3.5553246737e-01
4.4618624449e-01
3.7280544639e-01
-4.0576044470e-02
-1.6395934820e+00
-3.5120484829e+00
-7.3832445145e+00
-3.3383603096e+00
-2.7162637711e+00
-1.9296456575e+00
-3.2340996265e+00
-3.2971556187e+00
8.6967426538e-01
8.1254094839e-01
9.2886501551e-01
7.3343026638e-01
-4.1242974997e-01
2.5346428156e-01
1.3510891795e-01
1.3687150180e-01
5.7719901204e-02
-5.1739549637e-01
1.0372245312e+00
-8.2088321447e-01
-2.1012027264e+00
1.9479985535e-01
9.3092256784e-01
-4.7579097748e-01
-5.9224623442e-01
7.4683353305e-02
-1.5269108117e-01
-2.0358513296e-01
3.1865303516e+00
1.4628230333e+00
3.5109829903e-01
-1.7073236704e+00
-2.4872884750e+00
4.2461814880e+00
2.0581834316e+00
9.8425513506e-01
1.5383964777e+00
4.9807486534e+00
1.5535136918e-03
5.7458460331e-01
-7.1952050924e-01
-1.3338780403e+00
-2.7295162678e+00
7.8738117218e-01
7.3354905844e-01
6.8204201758e-02
-4.2811417580e-01
-4.6280124784e-01
-1.8078044653e+00
-1.1616833210e+00
9.8304815590e-02
8.5436934233e-01
-4.0447172523e-01
-8.7056714296e-01
-6.0819959641e-01
-5.4520040751e-01
5.6268751621e-01
4.5358493924e-01
2.1578760445e-01
6.4366531372e-01
1.0020554066e+00
-9.0307778120e-01
-2.2647508979e-01
-9.7918413579e-02
-2.4144489765e+00
-3.4902834892e+00
-3.4626681805e+00
-1.1679428816e+00
1.5474534035e+00
3.2777661085e-01
-1.6052655876e-02
-6.6413357854e-02
6.2147378922e-01
1.0775369406e+00
2.6651212573e-01
1.6373890638e-01
8.8959193230e-01
1.9587762356e+00
-7.0292580128e-01
5.7967793941e-01
2.5326922536e-01
-4.6280527115e-01
7.8022944927e-01
-1.5110695362e+00
1.8466506004e+00
8.6741197109e-01
-2.0001537800e+00
-2.7318806648e+00
-1.3395372033e-01
7.1629244089e-01
5.0650322437e-01
-2.7826672792e-01
-1.3723261356e+00
-1.8652103841e-01
-6.4892250299e-01
-1.3409498930e+00
3.5139909387e-01
-5.0690537691e-01
1.2550708055e+00
9.9393188953e-01
4.1455480456e-01
1.1188298464e+00
1.8466945887e+00
2.0096676350e+00
1.6142817736e+00
8.6909842491e-01
-6.0119307041e-01
-4.6777162701e-02
-3.8304438591e+00
-5.0804668665e-01
2.3315498829e+00
5.2740824223e-01
-1.3788187504e+00
-5.0769309998e+00
-4.8393416405e+00
-5.0099115372e+00
-6.9482722282e+00
-3.6156854630e+00
1.0666538477e+00
1.2239382267e+00
3.7921163440e-01
3.6137610674e-02
-4.0536732674e+00
-1.1147682667e+00
1.0184752941e+00
-6.3354843855e-01
-1.0926545411e-01
-4.6292382479e-01
-1.2000481039e-01
1.9393255711e+00
-7.2704023123e-01
9.0525311232e-01
2.2173705101e+00
3.7095189095e+00
3.0274813175e+00
7.6292109489e-01
-1.8308149576e+00
-2.9506661892e+00
-5.0887465477e+00
-3.1939349174e+00
-2.4754848480e+00
3.2864052057e-01
1.5126165152e+00
1.8736068904e-01
1.2270482779e+00
3.5860577226e-01
-2.2873885632e+00
-1.5370117426e+00
2.4920735359e+00
1.5896087885e+00
7.2617214173e-03
-5.5794703960e-01
-1.0073394775e+00
-5.6728947908e-02
1.2571179867e+00
3.1924970448e-02
-6.2703627348e-01
2.1354019642e+00
-7.1487855911e+00
-3.1875336170e+00
-1.1474466324e+00
-2.3533426225e-01
-7.4241620302e-01
7.0496177673e-01
1.0948830843e+00
1.0734339952e+00
1.2356270552e+00
1.7447741032e+00
9.4664925337e-01
1.8637607098e+00
-1.4779095650e+00
-1.1434909105e+00
-4.4139015675e-01
1.9920138121e+00
6.9213742018e-01
6.8421021104e-02
1.5041391850e+00
-2.1369185448e+00
7.0271736383e-01
4.5918032527e-01
1.1008384824e-01
5.6488138437e-01
4.8590517044e-01
-5.5311427116e+00
-1.9912856817e-01
1.7984329462e+00
9.4419419765e-01
2.1433641911e+00
1.8667471409e-01
-1.6518223286e-01
-1.0093648434e+00
2.6703348756e-01
4.1266462207e-01
1.1143840551e+00
5.0817811489e-01
-2.8738638759e-01
-3.2120916247e-01
-1.7141553760e-01
-4.7383776307e-01
-6.8024760485e-01
-1.1243529320e+00
2.2209097445e-01
1.3647574186e+00
-4.0503249168e+00
-1.6493059397e+00
-1.2528301477e+00
2.1677522361e-01
3.8429226875e+00
-3.6367833614e-02
5.8525800705e-01
2.7369281650e-01
1.9596484303e-01
3.8020080328e-01
8.9747899771e-01
8.0593776703e-01
-6.1536675692e-01
-4.1561305523e-02
-4.3593552709e-01
-2.5434157848e+00
-6.3073879480e-01
-8.8964653015e-01
-1.4587714672e+00
-1.9724242687e+00
-1.1651445627e+00
-8.2494747639e-01
-2.7283833027e+00
-7.4622356892e-01
1.5362334251e+00
-1.2919144630e+00
1.9048920870e+00
6.2381565571e-01
1.3951175213e+00
1.8087916374e+00
1.8634113669e-01
2.2881795466e-01
4.0718402714e-02
3.8523025811e-02
7.4248713255e-01
2.6496343613e+00
4.0624102950e-01
7.5660506263e-03
-3.6445444822e-01
-5.7532522827e-02
1.1845365763e+00
7.7683866024e-01
2.7114439011e-01
4.2036521435e-01
1.7180919647e+00
-1.2411279678e+00
9.8897927999e-01
4.2900726199e-01
-1.3865742683e+00
-1.5374296904e+00
-2.6110227108e+00
1.9716064930e+00
3.1119343638e-01
-1.4248161316e+00
-1.2008608580e+00
-3.1470862031e-01
-3.0059114099e-02
-1.5934193134e+00
-2.2977788448e+00
-1.7715477943e+00
-1.9298785925e+00
-1.7481923103e+00
-2.1354813576e+00
1.4432122707e+00
1.7615377903e+00
1.7824420929e+00
6.8647122383e-01
-7.6659226418e-01
-1.9415619373e+00
-1.3346148729e+00
-3.9281475544e-01
-1.1224529743e+00
-7.4808761477e-02
-3.2904919982e-01
8.1677436829e-01
-3.9768126011e+00
-3.1639587879e+00
-2.4277148247e+00
-4.5000153780e-01
8.6865377426e-01
1.0895720869e-01
3.6112785339e-01
-9.5347948372e-02
-3.5621013492e-02
-1.3631788492e+00
-3.3468034267e+00
-2.7525403500e+00
1.9978543520e+00
-1.9546255469e-01
-1.4253375530e+00
-2.6701235771e-01
1.0666164160e+00
-3.8423293829e-01
-6.6539198160e-02
1.0969220400e+00
-3.3662097454e+00
-8.9804090559e-02
-1.2652701139e+00
-3.7177712917e+00
-2.6591248512e+00
2.6875591278e+00
-4.4061538577e-01
-9.3748283386e-01
8.3763307333e-01
5.1522147655e-01
-1.4930492640e+00
-1.4813981056e+00
-1.0319627523e+00
1.1563208103e+00
-2.5407624245e+00
5.2091753483e-01
4.9585786462e-01
-2.8614559770e-01
-5.1055717468e-01
-2.3796688020e-01
4.8633828759e-01
1.4283969402e+00
5.3420370817e-01
-3.0475282669e-01
5.0242823362e-01
2.5284557343e+00
1.3826243877e+00
6.4316356182e-01
-6.5075993538e-01
1.5925909281e+00
8.6369872093e-02
-8.8702857494e-02
-3.2862952352e-01
4.8044353724e-01
7.8321021795e-01
-1.4007281065e+00
-1.4480774403e+00
-7.4026614428e-01
-1.0229344368e+00
-1.2401636690e-01
1.6316080093e+00
1.7776619196e+00
2.5181655884e+00
3.4894928932e+00
3.1622672081e+00
4.2093929648e-01
2.2308163345e-01
-1.0039761066e+00
-9.8349410295e-01
-4.3407046795e-01
-6.3896355629e+00
-5.0389337540e+00
-3.7146298885e+00
-3.1216361523e+00
-1.1412283182e+00
-2.3136196136e+00
1.7257103920e+00
6.5827298164e-01
-2.1448090076e+00
-1.2994946241e+00
-1.1841126680e+00
-1.9470363855e-01
-5.2369314432e-01
-5.7953608036e-01
1.0216224194e+00
6.8476104736e-01
-1.3218130171e-01
-7.6329803467e-01
-2.3119857907e-01
-3.7767928839e-01
-1.6527770460e-01
1.1680606008e-01
-9.0854930878e-01
8.4904551506e-01
-2.8902217746e-01
-4.8841750622e-01
-2.6487538218e-01
-1.7809780836e+00
-1.1391009092e+00
-4.6830114722e-01
6.7066937685e-01
3.0423116684e+00
-6.8897515535e-01
-3.1217341423e+00
-1.7751957178e+00
-2.1102259159e+00
-1.1474183798e+00
-1.0375427008e+00
-1.8116394281e+00
-1.0749306679e+00
6.4551365376e-01
4.3320041895e-01
9.4877462834e-03
-9.2934690416e-02
-9.7733402252e-01
-3.4045493603e-01
-1.4745882750e+00
1.4068150520e+00
1.8409559727e+00
3.2899987698e-01
-1.8838974237e+00
-1.9582871199e+00
-2.1377122402e-01
7.5416797400e-01
2.5839123875e-02
2.6056492329e+00
1.9204467535e+00
3.6407420635e+00
2.5465085506e+00
1.0529319048e+00
-1.1618392467e+00
2.4330800772e-01
2.2841856480e+00
8.6189138889e-01
-1.0921742916e+00
4.4028222561e-01
7.7492552996e-01
-1.3200778961e+00
4.4757772237e-02
1.4881548882e+00
2.4281370640e-01
-5.1845893264e-02
-7.8695148230e-02
-1.4814068377e-01
1.7416640520e+00
-1.0306566954e+00
-1.2464427948e+00
2.3035228252e+00
4.8418059349e+00
3.7565283775e+00
6.9314974546e-01
-1.1248880625e-01
-2.4011662602e-01
7.1792107821e-01
2.9089336395e+00
-1.0996352434e+00
1.0629798174e+00
3.3207592368e-01
-2.0419135094e+00
-1.9488868713e+00
2.7288262844e+00
3.5974423885e+00
2.2037837505e+00
8.5078394413e-01
8.6117780209e-01
-1.3186589479e+00
3.0335383415e+00
1.3334429264e+00
-2.2167892754e-01
-1.5694013834e+00
2.7036309242e-02
-1.5418999195e+00
-3.3156856894e-01
-6.0102051497e-01
1.5209420919e+00
9.1918915510e-01
8.9136582613e-01
1.4737197161e+00
6.3461780548e-01
1.7245954275e-01
-1.7162417993e-02
3.4671220183e-01
4.9071043730e-02
-6.1160743237e-02
-1.3779672980e-01
-1.9545481205e+00
-1.2848123312e+00
8.2886457443e-01
8.4347687662e-02
-1.0923479795e+00
1.1659793854e+00
7.7717006207e-01
-3.7210455537e-01
9.8800963163e-01
3.0524939299e-01
2.5158002377e+00
2.8635506630e+00
1.0974341631e+00
5.1549667120e-01
-3.1149244308e-01
6.3379913568e-01
-1.0362070799e+00
-1.1757724285e+00
-2.4702744484e+00
-2.1783857346e+00
6.6174274683e-01
1.0547660291e-01
-7.9797637463e-01
-9.4557839632e-01
-1.5002490580e-01
2.5111322403e+00
2.8341755867e+00
1.7003766298e+00
1.7677805424e+00
1.1101378128e-02
-6.3511621952e-01
-6.6795158386e-01
5.2781867981e-01
-4.0370035172e-01
-5.9306645393e-01
1.9092895985e+00
2.9412591457e-01
5.8628946543e-01
1.8400050402e+00
6.4521843195e-01
1.4431325197e+00
-1.0030616522e+00
-2.9322779179e+00
-5.0649893284e-01
-5.7889771461e-01
1.1506733894e+00
5.0738072395e-01
7.3225200176e-01
1.8323222399e+00
2.2433292866e+00
4.4085912406e-02
1.3406597078e-01
5.5754911900e-01
5.3233742714e-01
-1.1882936954e+00
5.5966234207e-01
-1.0345129669e-01
1.2027308941e+00
-4.5592948794e-02
2.2377739847e-01
-1.0799713135e+00
-7.0196300745e-01
-9.0600055456e-01
9.9474918842e-01
9.0844762325e-01
-8.8706916571e-01
-2.6224872470e-01
-1.2160391361e-01
6.3872456551e-01
4.3263140321e-01
4.1175964475e-01
-1.3864692450e+00
-1.2965511084e+00
-2.3507514000e+00
1.8073788881e+00
-3.8994771242e-01
-1.3853441179e-01
-8.1931918859e-01
4.2571005225e-01
5.4049611092e-01
-6.0668623447e-01
-1.6082823277e-01
8.4262943268e-01
5.8518821001e-01
3.6843063831e+00
2.5270459652e+00
2.3272256851e+00
2.3140697479e+00
3.4093871117e+00
3.9718787670e+00
1.2692526579e+00
1.0874719620e+00
1.2588435411e+00
6.2684053183e-01
8.7937879562e-01
1.1406265497e+00
9.7523277998e-01
6.7943793535e-01
1.2346331775e-01
4.6902000904e-01
1.0005691051e+00
-2.1498160064e-01
1.6027925014e+00
-6.2996268272e-02
5.0813335180e-01
2.4996855259e+00
1.2865231037e+00
2.8922507763e+00
3.3962509632e+00
1.9173189402e+00
1.3506377935e+00
2.6459083557e+00
2.9300382137e+00
1.3657547235e+00
-5.8375430107e-01
5.4282684326e+00
1.5068612099e+00
1.8517175913e+00
2.2240645885e+00
2.8758699894e+00
-4.0362074971e-01
9.4997757673e-01
3.1258826256e+00
3.4875462055e+00
2.3045082092e+00
-9.1222524643e-01
-1.5000978708e+00
-8.4800732136e-01
-3.5780152678e-01
1.1310880184e+00
2.8068082333e+00
3.3475589752e+00
2.0914697647e+00
1.8216426373e+00
2.4707746506e+00
-3.5548561811e-01
2.2722165585e+00
3.1807208061e+00
3.0778882504e+00
3.1752676964e+00
-8.4169590473e-01
-1.5804599226e-01
-2.6800125837e-01
-4.5767250657e-01
-9.2804658413e-01
6.1256033182e-01
-9.9274349213e-01
-6.8341308832e-01
-1.8626097441e+00
5.9846627712e-01
2.8643825650e-01
2.5165897608e-01
7.2477400303e-01
7.7204048634e-01
2.6483029127e-01
1.4651139975e+00
9.2643583193e-03
-7.7175730467e-01
-4.6968114376e-01
-2.6387661695e-02
-2.1089715958e+00
-2.8597170115e-01
2.5314390659e-01
2.6217522621e+00
3.0578620434e+00
2.5821378231e+00
2.8430414200e+00
4.8123540878e+00
3.6899232864e-01
9.0236890316e-01
-9.1682597995e-02
-1.3136762381e-01
-5.2947099321e-03
-3.8295128942e-01
6.6665232182e-01
-3.7134364247e-01
1.2291660905e-01
3.7976127863e-01
7.8276079893e-01
-5.4805565625e-02
1.9520663023e+00
2.3511819839e+00
3.2147529125e+00
3.0104587078e+00
1.8655320406e+00
-1.1658741236e+00
-1.9958112240e+00
-2.7932577133e+00
-2.8257293701e+00
-2.0301284790e+00
-8.2215750217e-01
8.6699577514e-04
-2.3403903842e-01
-1.1691617966e-01
-2.9623103142e-01
6.7992198467e-01
1.8850216866e+00
2.4258582592e+00
1.3787521124e+00
4.1296038628e+00
4.0833476186e-01
-5.1696944237e-01
-7.7910929918e-02
1.4161286354e+00
2.6499915123e+00
-8.9407420158e-01
-3.6951181293e-01
-8.6008149385e-01
-1.3845678568e+00
-1.0051003695e+00
1.9715251923e+00
8.7802344561e-01
2.3095643520e+00
-6.5936005116e-01
-1.4756832123e+00
1.3443644047e+00
3.2266509533e+00
2.4403452873e+00
2.7282819748e+00
3.0570534989e-02
1.8905193806e+00
2.0679905415e+00
2.1976697445e+00
2.3666331768e+00
2.6465518475e+00
3.1016945839e-01
4.2340764999e+00
4.9334053993e+00
7.3055177927e-01
-1.2112470865e+00
-8.9698439837e-01
-4.8847943544e-01
3.4397271276e-01
3.1767460704e-01
-4.4369781017e-01
1.5376727581e+00
-2.9509039596e-02
-3.9012956619e-01
1.4450584650e+00
2.3641550541e+00
1.2917460203e+00
8.9737135172e-01
1.6595609188e+00
1.1262947321e+00
4.1911074519e-01
