# Shape: [64, 8, 25]
# Original tensor was reshaped from [64, 8, 25] to 1D array
1.5320600271e+00
1.5161975622e+00
6.0798251629e-01
1.8200014830e+00
2.8640420437e+00
2.2168257236e+00
2.4355144501e+00
9.5984226465e-01
1.1428345442e+00
8.1526003778e-02
3.5740423203e-01
1.5956659317e+00
5.5439817905e-01
8.5679359734e-02
3.1053039432e-01
-4.5762601495e-01
-3.9788421988e-01
-1.3023790121e+00
-6.9950568676e-01
-8.0239927769e-01
5.3982192278e-01
1.9903168082e-01
8.3478337526e-01
2.4289758503e-01
1.8265746832e+00
-1.8813185394e-01
2.1900851727e+00
1.0403234959e+00
1.3203637600e+00
7.2017788887e-01
3.8557016850e-01
6.8661618233e-01
2.2282371521e+00
1.3667055368e+00
-2.5263582356e-03
3.4676986933e-01
1.5550962090e-01
-2.3687944412e+00
6.5815024078e-02
-5.1737505198e-01
6.8891918659e-01
1.5233441591e+00
1.1440317631e+00
1.2889044285e+00
1.4299855232e+00
7.2838652134e-01
9.9292784929e-01
6.4552801847e-01
4.1370359063e-01
6.3426697254e-01
-3.5187776089e+00
-1.6087774038e+00
-9.0070897341e-01
-2.8890445232e+00
-3.3194801807e+00
-2.2871108055e+00
-3.6228303909e+00
-2.3310444355e+00
-2.5638818741e+00
-1.3914097548e+00
-1.2709852457e+00
-6.9934844971e-01
-3.4316122532e-01
-2.4860589504e+00
-3.9394173622e+00
-3.7012171745e+00
-4.2027530670e+00
-1.1697206497e+00
-1.4318929911e+00
-7.1526771784e-01
-1.2921938300e-01
-1.2724576890e-01
-5.4763698578e-01
-1.3727644086e-01
3.0767953396e-01
6.5883344412e-01
1.4646223783e+00
1.0723570585e+00
5.1028084755e-01
-1.2031244487e-01
5.7901091874e-02
9.0250402689e-01
1.4278327227e+00
1.0884320736e+00
-4.5744588971e-01
-7.4283766747e-01
-4.1054502130e-01
-4.9736022949e-01
1.4456053972e+00
1.9707549810e+00
1.7639406919e+00
1.8700168133e+00
9.7526729107e-01
1.7434706688e+00
2.1582946777e+00
1.7704626322e+00
1.9231406450e+00
7.4990576506e-01
1.1310607195e+00
4.8589244485e-01
3.2009198666e+00
2.2059109211e+00
2.6238603592e+00
1.8779114485e+00
2.5166471004e+00
1.6685930490e+00
1.5697346926e+00
8.0081301928e-01
8.1199520826e-01
2.6254427433e+00
1.1853344440e+00
2.2029144764e+00
2.3665766716e+00
2.4676711559e+00
2.6993286610e+00
2.3941788673e+00
2.2800340652e+00
1.4950712919e+00
1.6186208725e+00
1.9739840031e+00
3.3432431221e+00
2.3998544216e+00
2.0410640240e+00
2.4304897785e+00
3.5025210381e+00
1.3195130825e+00
1.4049106836e+00
2.1706774235e+00
1.1503818035e+00
-1.5040144920e+00
-2.8319587708e+00
-3.6225655079e+00
-2.2886362076e+00
-2.8422355652e+00
-3.3852088451e+00
-4.4279212952e+00
-3.8445763588e+00
-3.0127232075e+00
-3.5044393539e+00
-3.9632201195e+00
-4.6118507385e+00
-4.5355954170e+00
-2.6951804161e+00
-2.7593271732e+00
-1.0797277689e+00
-5.0045615435e-01
-6.8198966980e-01
-8.1000214815e-01
-9.3884432316e-01
4.8244845867e-01
5.4851943254e-01
-1.8206542730e+00
6.8382120132e-01
1.4072352648e+00
2.5366766453e+00
4.6505627036e-01
-1.2159570456e+00
6.9620400667e-01
3.3821624517e-01
4.8125165701e-01
1.7520824671e+00
8.1193172932e-01
1.8025908470e+00
-4.9170461297e-01
-1.4841545820e+00
-3.2443933487e+00
-1.6700726748e+00
-2.1705889702e+00
-8.1712222099e-01
-2.0422379971e+00
1.2226057053e+00
2.1909782887e+00
4.3019893765e-01
2.6449391842e+00
1.9630329609e+00
-4.4298121333e-01
1.5293205976e+00
-1.4008444548e+00
-1.5862777233e+00
4.8594679683e-02
-8.2274436951e-01
-4.3608492613e-01
-9.2419695854e-01
1.1484775543e+00
-3.4929928184e-01
1.5082312822e+00
1.1629099846e+00
7.9358744621e-01
1.0754352808e+00
2.0879456997e+00
2.3195395470e+00
1.5064094067e+00
5.5054146051e-01
1.5106074810e+00
1.6038670540e+00
-7.2100073099e-01
-1.2799912691e+00
-8.4328496456e-01
-1.0239716768e+00
8.6009556055e-01
-1.2979583740e+00
-5.1661586761e-01
-5.2389287949e-01
9.7537034750e-01
1.1683892012e+00
1.4669035673e+00
1.1205819845e+00
1.3067644835e+00
1.3033094406e+00
5.4542386532e-01
5.1320260763e-01
2.4623380974e-02
-1.8945490122e+00
-9.6985876560e-01
-1.5364316702e+00
-2.5178937912e+00
-2.3865079880e+00
-2.5450499058e+00
-1.5701533556e+00
1.0047265887e-01
1.3575720787e+00
1.0260576010e+00
2.4243244529e-01
2.1880645752e+00
1.2512389421e+00
5.3922146559e-01
-5.3189009428e-01
7.2135049105e-01
3.7133815885e-01
1.1756608635e-01
-1.0734635592e+00
-1.2118253708e+00
-1.9935480356e+00
-2.3367960453e+00
-6.1728632450e-01
-1.6021542549e+00
-1.3863829374e+00
-2.3952002525e+00
-7.9513454437e-01
-1.4885196686e+00
9.2761784792e-02
6.6754865646e-01
2.1309678555e+00
2.0279178619e+00
8.9415115118e-01
6.7406153679e-01
-4.3005448580e-01
-2.3103703558e-01
-3.7136614323e-01
-4.3865343928e-01
-1.1635222435e+00
-6.9917929173e-01
-1.3993163407e-01
3.4216508269e-01
7.8361684084e-01
1.4934130907e+00
1.1768448353e+00
1.6419038773e+00
3.9700818062e-01
8.8930612803e-01
2.5472879410e+00
2.4667799473e+00
2.5333127975e+00
2.2060208321e+00
1.1507376432e+00
1.1140400171e+00
2.7410749346e-02
1.7324781418e-01
-1.6595913470e-01
-1.8501496315e-01
-8.4212845564e-01
-1.0795376301e+00
-1.1763151884e+00
-1.9854424000e+00
-1.3061505556e+00
-2.3478995264e-01
5.3600996733e-01
1.0752427578e+00
1.2839733362e+00
7.8156608343e-01
5.0173562765e-01
-1.4303964376e+00
3.2692249864e-02
-1.1250977963e-01
-2.0611681938e+00
-2.6687769890e+00
-2.4266822338e+00
-1.4353735447e+00
-1.4615814686e+00
-2.2343224287e-01
1.1041851044e+00
2.5463759899e+00
1.9558933973e+00
1.7564879656e+00
1.5977494717e+00
1.5876926184e+00
8.4121912718e-01
1.6048897803e-01
2.5102210045e-01
-7.8353887796e-01
-2.8615336865e-02
1.2605373561e-01
-9.0022313595e-01
-5.8533281088e-01
-8.9398854971e-01
-4.4572585821e-01
-1.8519239426e+00
-1.4553403854e+00
-2.7188482285e+00
-1.6501778364e+00
-9.5539116859e-01
5.9101927280e-01
-3.4644821286e-01
2.0961775780e+00
7.0711612701e-01
2.3037331104e+00
5.1576119661e-01
3.6321505904e-01
-6.6477161646e-01
-1.4957703352e+00
-1.4321550131e+00
-1.4951078892e+00
-2.3139815331e+00
-2.2191534042e+00
-7.4786037207e-01
-7.2732043266e-01
-1.0884710550e+00
-7.3782896996e-01
-7.5890636444e-01
-1.3290671110e+00
-9.6062207222e-01
-4.0565285087e-01
-6.3836354017e-01
-4.2948849499e-02
9.0839928389e-01
2.9817063808e+00
3.1767866611e+00
5.2235212326e+00
3.6948063374e+00
1.9517217875e+00
-1.0842392221e-02
1.7503035069e-01
4.3432231992e-02
-9.1078311205e-02
4.1039597988e-01
-9.9494463205e-01
-1.4678857327e+00
-1.1415638924e+00
-1.8220498562e+00
6.8790477514e-01
-4.5345464349e-01
-3.5957443714e-01
3.4214690328e-01
1.1299947500e+00
2.4558053017e+00
1.9614074230e+00
1.7120757103e+00
6.9952589273e-01
1.1893823743e-01
-8.4324997663e-01
-1.6658353806e+00
-1.9038926363e+00
-2.0559563637e+00
-1.2829262018e+00
-1.2774701118e+00
-2.6323237419e+00
-2.1166329384e+00
-8.9026385546e-01
6.0686719418e-01
1.7445567846e+00
3.4349334240e-01
2.3332669735e+00
7.7813053131e-01
2.4307326972e-01
1.2829856575e-01
-1.2572503090e+00
-1.9445163012e+00
-2.5615086555e+00
-1.5635212660e+00
-1.3927592039e+00
-1.4045698643e+00
-1.5351440907e+00
-1.2627286911e+00
-2.6714200974e+00
-3.6843320727e-01
-1.2979596853e-01
1.2696238756e+00
2.0224509239e+00
1.7210068703e+00
1.0225443840e+00
1.2497615814e+00
-4.7200655937e-01
-8.4463036060e-01
-8.1450104713e-01
-8.7983632088e-01
-7.2375655174e-01
-9.4654768705e-01
-7.3011833429e-01
-2.5540471077e+00
5.8453834057e-01
-2.8109887242e-01
-1.1557997018e-01
8.4976184368e-01
3.7742531300e-01
7.5157892704e-01
1.0850918293e+00
2.9016962647e-01
-4.6044906974e-01
-2.8794088364e+00
-2.7525095940e+00
-3.2352409363e+00
-1.5370074511e+00
2.0937798917e-01
1.1725740433e+00
1.8107951880e+00
1.8600547314e+00
1.8439764977e+00
1.6774971485e+00
9.6324110031e-01
9.7772729397e-01
4.1086021066e-01
9.6121412516e-01
4.8715165257e-01
3.4995770454e-01
-3.2270962000e-01
1.2605799437e+00
1.1841778755e+00
1.9817113876e-01
-1.9949766397e+00
-2.9720904827e+00
-3.6306681633e+00
-2.3240704536e+00
-6.9655221701e-01
1.8395562172e+00
2.0727145672e+00
3.1150367260e+00
1.9824343920e+00
1.3074444532e+00
5.3354525566e-01
3.1749954820e-01
2.3570880294e-01
4.7087836266e-01
2.4421823025e-01
3.3464175463e-01
-6.5898692608e-01
-8.6487025023e-01
-1.2459846735e+00
-1.1786530018e+00
-1.0887506008e+00
-6.7677658796e-01
4.6383988857e-01
4.4798091054e-01
4.6580022573e-01
3.2108137012e-01
3.1354439259e-01
-3.0617201328e-01
-7.4343949556e-01
-1.1256592274e+00
-8.4640544653e-01
-3.7773698568e-01
2.5774970651e-01
5.3660494089e-01
9.9519610405e-01
-8.0916655064e-01
-1.7887476683e+00
-3.1901028156e+00
-3.5120003223e+00
-3.3704795837e+00
-2.3921589851e+00
-1.1196370125e+00
2.3918952793e-02
4.2901131511e-01
-8.4786780179e-02
8.0449718237e-01
5.1392167807e-01
1.9089885950e+00
3.5281759501e-01
-7.8631889820e-01
-1.2706936598e+00
-2.5573875904e+00
-2.1253039837e+00
-8.4731429815e-01
1.6165068746e-01
2.1122820377e+00
2.1427211761e+00
2.7986257076e+00
1.5669409037e+00
1.2138258219e+00
1.1374506950e+00
5.6990277767e-01
7.6714500785e-02
-5.9293538332e-01
-5.6331956387e-01
-6.6212880611e-01
-2.1038517952e+00
-1.2410117388e+00
-1.0344709158e+00
-4.6736451983e-01
-4.0392145514e-01
4.3130502105e-01
-4.9126065278e-05
6.9234824181e-01
-3.1540459394e-01
-5.4675668478e-01
-4.5539379120e-01
1.0294513702e+00
-1.2989563942e+00
5.0377231836e-01
7.9742455482e-01
1.6454164982e+00
1.0635588169e+00
5.6125277281e-01
5.3142750263e-01
-3.1284946203e-01
4.2026388645e-01
-1.1703245640e+00
-2.6224641800e+00
-1.4971537590e+00
-1.8263454437e+00
-8.0684089661e-01
-1.0323473215e+00
-1.8105472326e+00
-6.7582058907e-01
3.1371343136e-01
8.7480020523e-01
-2.4023728073e-01
-5.0353664160e-01
-3.8131049275e-01
-4.0408262610e-01
-6.2543076277e-01
-2.1902404726e-01
1.0126084089e-01
7.2573286295e-01
2.1055160463e-01
8.8915139437e-01
8.1793093681e-01
1.1232111454e+00
1.1447176933e+00
3.8447576761e-01
-1.5225110948e-01
-5.2803951502e-01
-9.3293720484e-01
-7.4258005619e-01
6.1877357960e-01
4.5266410708e-01
1.3718694448e+00
7.2256052494e-01
6.2621515989e-01
1.8666435480e+00
1.1029695272e+00
7.6695871353e-01
6.8725377321e-01
1.3011161089e+00
1.0802011490e+00
1.4115715027e+00
7.6137584448e-01
-4.6043679118e-01
-3.5214412212e+00
-3.1373105049e+00
-2.8155894279e+00
-1.3656607866e+00
8.1964462996e-01
2.9665169716e+00
2.6132326126e+00
2.8408532143e+00
2.4403204918e+00
2.2098546028e+00
1.3697170019e+00
8.9853471518e-01
1.4305670261e+00
-1.3062755764e-01
-7.2271049023e-01
-2.0009811223e-01
-1.0644843578e+00
1.5479625762e-01
3.3566740155e-01
-1.6660073996e+00
-7.5219504535e-02
1.1990169287e+00
6.4597755671e-01
1.9237465858e+00
3.2616138458e-01
8.5598236322e-01
2.2666363716e+00
2.2926037312e+00
6.5962272882e-01
6.3600003719e-01
-3.5772562027e+00
-2.5036280155e+00
-4.7151637077e+00
-4.0624423027e+00
-4.0295462608e+00
-2.4388055801e+00
-8.1767594814e-01
-1.2547805309e+00
-2.1264646947e-01
-1.0406219959e+00
-1.9366909266e+00
9.6285682917e-01
-1.0452640057e+00
7.4191220105e-02
3.3444494009e-01
-4.0709006786e-01
-7.5240236521e-01
-1.8454679251e+00
-1.6561204195e+00
-1.3608480692e+00
-1.9525249004e+00
-1.6925961971e+00
-1.6223025322e+00
-6.1564564705e-01
3.2657495141e-01
7.5263589621e-02
8.0133539438e-01
9.1033381224e-01
3.9657863975e-01
-7.3537313938e-01
-1.3245277405e+00
-1.3469356298e+00
-8.7438714504e-01
-4.7254303098e-01
-1.5830829144e+00
-1.4387421608e+00
1.3320539892e-01
1.4410312474e-01
-5.3757572174e-01
-1.4484354258e+00
-2.0382580757e+00
-1.5433419943e+00
-2.1776118279e+00
-1.9743865728e+00
-2.1795821190e+00
-9.2950409651e-01
-4.2607435025e-03
7.9330123961e-02
5.7706040144e-01
9.4859606028e-01
1.7188835144e+00
9.8826956749e-01
-5.0447952002e-02
3.5224866867e-01
-2.3088370264e-01
7.0345872641e-01
-2.9153594375e-01
1.0300940275e+00
9.5329463482e-01
1.0384362936e+00
1.9814980030e-01
6.0659515858e-01
9.7641134262e-01
3.4656542540e-01
5.9406578541e-01
2.6289054751e-01
-4.8085784912e-01
-7.0874011517e-01
-2.0150159299e-01
-5.3770053387e-01
-2.9299929738e-01
2.8413248062e-01
7.7086114883e-01
1.0560294390e+00
1.4510300159e+00
1.3814718723e+00
1.1001790762e+00
1.4618003368e-01
3.6511605978e-01
-1.8452759087e-01
7.3419588804e-01
-3.7343674898e-01
6.6396474838e-01
-5.9998564422e-02
-3.7460505962e-01
-1.7656257749e-01
-1.2361123562e+00
-7.1218454838e-01
-1.3403429985e+00
-9.4366097450e-01
-1.5649923086e+00
-1.1323722601e+00
-1.6906784773e+00
-2.3670504987e-01
-3.2213687897e-01
-1.3515811414e-02
8.9873027802e-01
6.4022856951e-01
1.3756048679e+00
3.2356393337e-01
7.2308111191e-01
-9.2695170641e-01
-6.4433455467e-01
-5.3961038589e-01
-1.2860851288e+00
-9.5565152168e-01
1.0308071226e-01
1.2805917859e-01
-4.9328155816e-02
6.2621688843e-01
5.0088860095e-02
1.0475485325e+00
2.2552685440e-01
9.6438711882e-01
1.3365910053e+00
1.0847411156e+00
5.4666382074e-01
3.9294311404e-01
-1.7965680361e-01
3.8432121277e-01
-7.8391492367e-01
-5.3011542559e-01
1.3530448675e+00
2.8755893707e+00
3.0615503788e+00
1.6945402622e+00
1.4625808001e+00
-1.9124288559e+00
-2.3724906445e+00
-2.9306163788e+00
-2.4544944763e+00
-1.0084019899e+00
-2.0996572077e-01
-6.6413193941e-01
-1.4707230031e-01
-1.1888346672e+00
5.2892643213e-01
6.0957920551e-01
3.7678434849e+00
4.5632662773e+00
4.5958371162e+00
5.1322278976e+00
4.5792140961e+00
5.2239093781e+00
4.7711014748e+00
3.4667358398e+00
4.1329517365e+00
5.6154918671e+00
5.5981302261e+00
6.0194292068e+00
6.0229597092e+00
4.2818360329e+00
1.7167868614e+00
-3.8604339957e-01
8.0976951122e-01
1.2265155315e+00
1.3986246586e+00
1.0851839781e+00
7.0544564724e-01
7.2511309385e-01
8.1571877003e-01
6.6702508926e-01
-5.8793109655e-01
5.4244464636e-01
-7.5647509098e-01
-1.0410063267e+00
-2.2698752880e+00
-2.3164572716e+00
-3.1214060783e+00
-3.3042192459e+00
-2.5171563625e+00
-1.1945612431e+00
9.0969398618e-02
1.3869173527e+00
1.1221204996e+00
1.3776799440e+00
1.7446526289e+00
1.0019410849e+00
-1.0007309914e+00
-1.5045115948e+00
-5.2653491497e-01
-2.1450872421e+00
-1.2821524143e+00
-2.3678786755e+00
-1.1597750187e+00
-2.5161879063e+00
-1.5908328295e+00
-6.9077885151e-01
-1.9405919313e+00
-1.9457517564e-01
-9.3751263618e-01
2.6489529014e-01
-9.0287637711e-01
-9.0905308723e-01
-1.6347619295e+00
-1.6410638094e+00
-2.8977611065e+00
-2.3174302578e+00
-3.9417357445e+00
-2.7029936314e+00
-3.3936316967e+00
-2.6000142097e+00
-1.8468085527e+00
-1.4461625814e+00
-5.9105187654e-01
-1.0114712715e+00
-7.2750210762e-01
2.9587075114e-01
3.3087500930e-01
7.5004291534e-01
1.0624732971e+00
1.7025946379e+00
1.8600368500e+00
-6.4212763309e-01
-4.6110379696e-01
2.8990381956e-01
-9.2667952180e-02
8.0481272936e-01
1.4730307460e-01
5.1112943888e-01
-2.3772417009e-01
-1.4123752713e-01
-1.3852560520e+00
-2.1100950241e+00
-1.5497840643e+00
-3.4534728527e-01
1.0467762947e+00
1.9884757996e+00
2.3906035423e+00
1.5338948965e+00
-1.8315838277e-01
-2.2390899658e+00
-2.6462192535e+00
-1.2799329758e+00
-1.4389812946e+00
-6.2711900473e-01
2.6057279110e-01
-1.2676393986e+00
1.2049555779e+00
1.0036970377e+00
9.5517808199e-01
-5.4866379499e-01
-1.4701654911e+00
-2.5137376785e+00
-2.4661910534e+00
-2.1888849735e+00
4.1942372918e-01
2.6150913239e+00
2.7573320866e+00
3.1614971161e+00
2.2731478214e+00
1.4915271997e+00
-8.5893714428e-01
-1.6070230007e+00
-1.3858964443e+00
-1.0222753286e+00
-5.0527983904e-01
4.9822423607e-02
4.4861301780e-01
3.6045151949e-01
4.2638972402e-01
1.9397702068e-02
-5.1590931416e-01
7.7390456200e-01
7.5725942850e-01
-5.3640019894e-01
-9.1963088512e-01
-1.3003727198e+00
-1.1191257238e+00
-1.0342916250e+00
-1.3092712164e+00
-4.4045493007e-01
-7.8374695778e-01
-1.8462614715e-01
-4.6996414661e-02
1.8336465955e-01
-8.1603127718e-01
-9.0232056379e-01
-1.6481785774e+00
-1.9949755669e+00
-2.4965231419e+00
-1.5572097301e+00
-2.2281223536e-01
8.1342470646e-01
2.5739035606e+00
3.8284456730e-01
6.9274818897e-01
-1.1284514666e+00
9.9147307873e-01
1.3566979170e+00
-2.6510593295e-01
-2.0456676483e+00
-2.7990639210e+00
-1.5239312649e+00
-1.6040121317e+00
-1.0481277108e-01
1.6184262037e+00
2.5110969543e+00
3.3433973789e+00
1.5109814405e+00
-4.4083230197e-02
-9.8573327065e-01
-1.8768981695e+00
-2.5857856274e+00
-1.7071281672e+00
-8.7317264080e-01
-7.9448544979e-01
-1.4848887920e-01
7.5334686041e-01
-6.5863862634e-02
-5.8604592085e-01
4.6845862269e-01
-3.7190395594e-01
-1.2380446196e+00
-2.7949938774e+00
-1.7178634182e-02
-7.5104337931e-01
-1.4653613567e+00
-1.4291695356e+00
-1.1658312082e+00
-6.5358293056e-01
1.0489947349e-01
2.3597900867e+00
1.8590492010e+00
1.1732996702e+00
1.2644469738e+00
5.4059493542e-01
2.1615168452e-01
-3.5460639000e-01
-6.1931264400e-01
-1.3335880041e+00
6.1533498764e-01
8.3673685789e-01
2.2959425449e+00
1.5336841345e+00
3.5629510880e-01
7.5607168674e-01
5.7009357214e-01
-8.0774736404e-01
-5.2358138561e-01
-9.6231400967e-01
-8.4461998940e-01
-6.1380577087e-01
-8.1999045610e-01
6.1556148529e-01
4.2182245851e-01
1.0417938232e+00
1.1789612770e+00
6.7841780186e-01
1.1125431061e+00
1.0483297110e+00
1.0637279749e+00
1.2298489809e+00
5.2399462461e-01
-2.7356225252e-01
4.3032810092e-01
5.5598104000e-01
3.1982213259e-01
-5.1561141014e-01
-5.9915125370e-01
5.7837772369e-01
-4.5174589753e-01
-1.3373080492e+00
7.9824680090e-01
4.3918374181e-01
7.2767001390e-01
1.3328292370e+00
2.0856127739e+00
1.6233192384e-01
2.5576859713e-02
-9.1359925270e-01
-1.6614248753e+00
-2.4137618542e+00
-2.9616649151e+00
-2.5522544980e-01
2.2674694061e+00
3.1405062675e+00
2.6715395451e+00
2.2507691383e+00
1.2545527220e+00
-6.1978685856e-01
-3.4249017239e+00
-3.0307309628e+00
5.2847975492e-01
-4.9319472909e-01
1.8170152605e-01
8.2155454159e-01
1.5208444595e+00
4.3939086795e-01
-2.3008239269e-01
-1.0154756904e-01
8.0466824770e-01
9.5698410273e-01
2.3041973114e+00
1.1552612782e+00
-1.0316376388e-01
1.6785895824e+00
1.9269502163e+00
-2.5165495276e-01
-4.6083307266e-01
-1.2525064945e+00
-1.8570566177e+00
-1.5705893040e+00
-1.0351366997e+00
-6.3268798590e-01
6.3947850466e-01
2.2575111389e+00
9.7936910391e-01
1.1142791808e-01
5.5903905630e-01
-1.5751172304e+00
2.5816509724e+00
1.9253258705e+00
1.0718070269e+00
1.5607807636e+00
9.7483271360e-01
1.5451156651e-04
-5.8373142034e-02
-1.8295967579e+00
-5.3673690557e-01
-4.2185401917e-01
-6.4472943544e-01
-8.5273921490e-01
-4.3885037303e-02
-1.2214213610e+00
7.3195862770e-01
7.9589045048e-01
2.2689738274e+00
3.7220737934e+00
4.2975811958e+00
3.0039649010e+00
2.5736634731e+00
-8.9025521278e-01
-1.6724188328e+00
-1.3947860003e+00
2.5017371774e-01
-1.3097238541e+00
-1.7596007586e+00
1.0067785531e-01
-6.0601878166e-01
-7.3381495476e-01
1.3689242303e-01
6.5038943291e-01
-1.5142488480e+00
3.6501903087e-02
-5.9757870436e-01
1.3979424536e-01
3.6568561196e-01
1.6642791033e+00
2.4979932308e+00
3.8390419483e+00
1.6429886818e+00
4.3327137828e-01
-3.1145820618e+00
-3.1468298435e+00
-4.1917223930e+00
-2.4967181683e+00
-1.9912480116e+00
-1.9934425354e+00
-5.4119038582e-01
2.8527504206e-01
-9.9401138723e-03
-2.9338452220e-01
5.0987459719e-02
-8.4393686056e-01
-2.9935550690e-01
-2.4399332702e-01
-1.2412518263e-02
-1.5952196717e-01
-3.0543479323e-01
2.6982787997e-02
4.8567619175e-02
5.9988605790e-03
-1.5954183042e-01
-8.7871605158e-01
-7.4617928267e-01
-5.1607388258e-01
-4.7257143259e-01
4.6805262566e-01
6.9762301445e-01
-1.5349350870e-01
3.8751581311e-01
-3.2739368081e-01
8.2648754120e-01
1.7416241169e+00
2.8789019585e+00
2.8272690773e+00
3.7650282383e+00
3.1421494484e-01
9.6884220839e-01
1.0648204088e+00
-2.4799907207e-01
-3.9288219810e-01
-1.7328552008e+00
-4.3099265546e-02
-1.0168268681e+00
-1.0722514242e-01
1.1838946342e+00
3.7821128368e+00
3.4875438213e+00
5.1231513023e+00
2.8062517643e+00
-7.0134615898e-01
-1.0748643875e+00
-1.7728137970e+00
-2.8221437931e+00
-3.0633852482e+00
-1.0593682528e+00
-1.3632766008e+00
-9.0025022626e-02
-1.4419922829e+00
2.7743110061e-01
-1.1390855312e+00
1.8971096277e+00
5.5056267977e-01
-1.1349232495e-01
-3.2567715645e-01
-1.1472734213e+00
6.0981296003e-02
1.9100949168e-01
-1.2989445925e+00
-2.8968653083e-01
5.0050997734e-01
1.9178049564e+00
1.8969784975e+00
1.1820462942e+00
1.8278366327e+00
7.0236563683e-01
2.8605607152e-01
9.8403394222e-01
2.9411724210e-01
9.2173582315e-01
2.6233399287e-02
1.2745596468e-01
-1.3101499081e+00
1.4035203457e+00
-1.7518812418e+00
1.3279263973e+00
1.4355958998e-01
-6.8018418550e-01
-1.0778588057e+00
8.2751862705e-02
-1.3203424215e+00
3.5157054663e-01
-1.4841091633e+00
1.9057568908e-01
-1.7680763006e+00
-6.3609790802e-01
-1.5220820904e+00
-5.2317303419e-01
-9.9445563555e-01
-5.7941418886e-01
4.5424041152e-01
1.2135115862e+00
1.9591915607e-01
4.3292781711e-01
2.8886830807e-01
4.1349205375e-01
2.8422448039e-01
6.8198174238e-01
1.9065246582e+00
2.2352201939e+00
1.6417798996e+00
-1.6129502058e+00
-1.2309994698e+00
-6.3870757818e-01
-7.0282500982e-01
-9.1217839718e-01
-5.5947440863e-01
1.0434722900e+00
1.8292461336e-01
-3.3699828386e-01
3.3147677779e-01
-9.7473776340e-01
-1.0700280666e+00
-9.0345360339e-02
-2.9223826528e-01
2.0097899437e+00
4.7896542549e+00
5.0088934898e+00
4.2220526934e-01
-3.5850098133e+00
-2.4983077049e+00
-2.5940840244e+00
-1.0641468763e+00
-7.5682646036e-01
-2.5639305115e+00
-2.9682533741e+00
3.8475659490e-01
-3.2237237692e-01
5.4835146666e-01
-1.8349305391e+00
2.9710190296e+00
1.2680702209e+00
4.9767308235e+00
2.7715685368e+00
2.6572687626e+00
3.2593256235e-01
9.5031666756e-01
2.9698303342e-01
-5.1641881466e-02
-1.5540177822e+00
-9.7559851408e-01
-3.9726011753e+00
-7.9481035471e-01
-3.0965991020e+00
-7.0021700859e-01
-2.1353602409e+00
-1.4773057699e+00
-2.3748438060e-01
1.2925269604e+00
-1.4365737140e-01
-1.8111510277e+00
-3.9233610034e-01
-4.9599155784e-01
8.3280700445e-01
1.6680455208e+00
7.6066422462e-01
5.0713193417e-01
-6.0578972101e-01
4.8938748240e-01
-3.4145939350e-01
3.9689239860e-01
-2.5599865913e+00
-1.8358243704e+00
-8.0606895685e-01
1.3300782442e+00
1.2627451420e+00
2.0009469986e+00
-7.8257679939e-02
-2.9754680395e-01
-2.2940697670e+00
-2.4090659618e+00
-2.0772199631e+00
-1.6811727285e+00
-1.7649482489e+00
-3.1665468216e-01
-1.7680779099e-01
2.7024992742e-03
-4.9119070172e-02
9.5700132847e-01
1.8086993694e-01
-1.4258143306e-01
-1.4131386280e+00
-4.7064013481e+00
-1.6651232243e+00
-1.9069473743e+00
1.0173034668e+00
2.4013030529e+00
2.8203940392e+00
1.7152845860e+00
2.9035106301e-01
-1.1285848171e-01
-1.5109387636e+00
-1.3024630547e+00
-5.6926965714e-01
3.8280838728e-01
5.4678255320e-01
5.4291158915e-01
-5.6511461735e-01
-6.4942193031e-01
-5.6573295593e-01
8.2869581878e-02
-1.3299021721e+00
4.2011246085e-01
-1.9230860472e-01
-1.5383529663e+00
-2.1871502697e-01
-6.4412677288e-01
-1.4072830677e+00
6.9974407554e-02
-1.0738104582e+00
9.6168614924e-02
7.7626454830e-01
1.2838145494e+00
1.1646863222e+00
-7.4088513851e-02
-3.9995473623e-01
-9.2023605108e-01
-1.9523134232e+00
-1.7425565720e+00
-1.4373240471e+00
9.5262795687e-02
-7.7257740498e-01
1.6985418797e+00
1.1130853891e+00
1.4303179979e+00
-1.1926070452e+00
1.6544944048e+00
1.8541045189e+00
-1.2833079696e-01
-1.3999012709e+00
-3.4244477749e+00
-2.3983540535e+00
-3.9678666592e+00
7.6825290918e-01
5.3451150656e-01
2.2517380714e+00
9.3464124203e-01
3.9220268726e+00
1.6600136757e+00
-2.2383165359e+00
-1.3522882462e+00
-6.2058037519e-01
-6.6835963726e-01
-7.3386526108e-01
-4.5244944096e-01
9.0419903398e-02
-2.8219375014e-01
-2.6631125808e-01
-8.6044394970e-01
7.4560597539e-02
8.1422276795e-02
-6.0251671076e-01
7.8997170925e-01
2.6402226090e-01
3.4236905575e+00
-1.0529483557e+00
-1.4052829742e+00
-2.4299384654e-01
-2.0108764172e+00
-1.1943950653e+00
-9.0683519840e-01
2.3181946278e+00
1.6491721869e+00
3.1631081104e+00
2.5955374241e+00
2.6998989582e+00
6.5544700623e-01
9.4786083698e-01
2.5482130051e-01
-4.9974173307e-01
5.8181375265e-01
2.7810702324e+00
3.5388944149e+00
1.1468948126e+00
1.0778051615e+00
2.4506962299e+00
-9.3958306313e-01
-2.5277602673e+00
-1.1418453455e+00
-1.8607219458e+00
-3.0889701843e+00
-7.4330061674e-01
-1.3709418774e+00
-1.2512673140e+00
7.0807021856e-01
1.5723427534e+00
8.0777668953e-01
1.0604891777e+00
1.5934099257e-01
2.3418532312e-01
6.0857385397e-01
-1.4443380833e+00
-1.5327998400e+00
-7.1992826462e-01
-5.0304293633e-01
-1.1649817228e+00
-4.6813288331e-01
5.4419577122e-01
6.5338879824e-01
-4.8518586904e-02
-3.8778334856e-01
-1.2427384853e+00
-4.2003080249e-01
4.9059155583e-01
-4.6284255385e-01
-8.2122609019e-02
-1.2479436398e+00
-1.3697280884e+00
-3.3721120358e+00
-2.5940043926e+00
-3.7253496647e+00
-1.7413787842e+00
-6.2146735191e-01
6.4852792025e-01
3.0225756168e+00
3.8808779716e+00
3.0814416409e+00
1.4834123850e+00
-1.4663363695e+00
-2.2467284203e+00
-7.3012584448e-01
-1.1911684275e+00
7.0546358824e-01
-6.7372584343e-01
7.8702047467e-03
6.5906769037e-01
1.4588280916e+00
-1.0993810892e+00
-1.6278145313e+00
-1.1194598675e+00
-5.9817099571e-01
1.0062838793e+00
-1.4943955839e-01
-2.3207907379e-01
1.0707569122e+00
-2.5759631395e-01
-1.4919281006e+00
-1.7737400532e+00
-9.2671090364e-01
-1.3736966252e-01
2.4229902029e-01
1.1478561163e+00
1.4565266669e-01
-4.1485786438e-01
1.8844168186e+00
1.4521838427e+00
2.8866810799e+00
-7.1956628561e-01
1.7647759914e+00
-1.0109555721e+00
1.8355915546e+00
-2.3758833110e-01
-2.3543946445e-01
3.9938560128e-01
-2.4069700390e-02
-2.7594515681e-01
1.0155541897e+00
3.2391926646e-01
6.3699567318e-01
-1.9589969516e-01
-1.2955445051e+00
-1.4222340584e+00
-2.7564053535e+00
-2.8188791275e+00
-1.7258926630e+00
1.8647261858e+00
1.2441575527e+00
1.0420683622e+00
8.1292903423e-01
9.7185665369e-01
1.0051921606e+00
3.9808180928e-01
-4.3517071754e-02
-2.4430027604e-01
-7.8473049402e-01
-3.0254572630e-01
7.8379809856e-01
9.9839639664e-01
5.8656901121e-01
-7.5698381662e-01
-2.3801755905e-01
-3.7084338069e-01
-2.6817109585e+00
-5.2423067093e+00
-4.0160284042e+00
-1.4125137329e+00
2.5268421173e+00
4.3661494255e+00
3.5597298145e+00
9.2251378298e-01
7.8512877226e-01
5.7244271040e-01
-1.6277681291e-01
5.8838421106e-01
6.7922955751e-01
1.4569725990e+00
1.6090818644e+00
1.2237313986e+00
3.0389961600e-01
5.7900719345e-02
1.9562956691e-01
1.2519376278e+00
1.7775279284e+00
1.7130358219e+00
1.3477747440e+00
8.3290839195e-01
9.9709761143e-01
4.9007302523e-01
1.1444397271e-01
3.9037558436e-01
-2.1247481927e-02
-9.0694591403e-02
5.1973652840e-01
5.5412441492e-01
1.2127176523e+00
9.1667103767e-01
-3.7141811848e-01
-8.1449979544e-01
-2.1642422676e+00
-3.2263734341e+00
-2.3308799267e+00
-2.5603237152e+00
-1.2781542540e+00
-1.2614961863e+00
-5.3224027157e-01
-2.2322311401e+00
9.7686059773e-02
-1.0919076204e-01
1.7629052699e-01
-3.6080104113e-01
-1.8951493502e+00
-1.2217727900e+00
-3.7940428257e+00
-5.0119924545e+00
-2.5396988392e+00
5.6932002306e-01
2.2275624275e+00
3.2107529640e+00
2.7477431297e+00
1.3990157843e+00
-3.8249976933e-02
-1.2890837193e+00
-7.4945640564e-01
6.3884538412e-01
1.1189043522e-01
-1.1850168705e+00
-9.4188272953e-01
-5.9672498703e-01
-4.9028301239e-01
8.3047911525e-02
-3.1067016721e-01
-6.2685467303e-02
-6.7246979475e-01
6.4043152332e-01
1.6994704008e+00
9.2700010538e-01
-9.5181757212e-01
-7.2094911337e-01
-9.2320784926e-02
-7.8385555744e-01
-9.2170673609e-01
-8.6771404743e-01
1.4347665310e+00
1.3728445768e-01
1.9185459614e+00
1.2326335907e+00
-2.2364281118e-01
-2.1718500555e-01
-8.2596826553e-01
-4.1915010661e-02
4.6473181248e-01
1.6669018269e+00
2.3863203526e+00
2.3940846920e+00
3.1062281132e-01
-2.7673897147e-01
1.9273066521e+00
1.0760939121e+00
1.5716791153e+00
7.4262404442e-01
1.7459250987e-01
-1.1034094542e-01
6.8042635918e-02
7.9214614630e-01
5.3983414173e-01
-3.1084266305e-01
-1.0853179544e-01
-7.3172354698e-01
7.7948853374e-02
-4.9100735784e-01
-7.9356336594e-01
-1.4103492498e+00
-8.4704512358e-01
-3.2053047419e-01
-3.4977313876e-01
-4.7660169005e-01
-6.5723672509e-02
8.5016739368e-01
1.0093258619e+00
4.4560185075e-01
-1.0599716902e+00
8.8037157059e-01
-1.5376320481e-01
-4.5402109623e-01
2.4989899993e-01
1.3020992279e+00
1.7431906462e+00
8.6373770237e-01
7.2947049141e-01
-3.3088776469e-01
-1.7078688145e+00
-2.5588650703e+00
-3.2334051132e+00
-1.2318530083e+00
4.5906972885e+00
6.1455483437e+00
4.0516605377e+00
2.8717601299e+00
5.0573408604e-01
-3.4747937322e-01
1.2200988531e+00
-1.6891057789e-01
1.1305373907e+00
3.3754986525e-01
-2.0836798847e-01
7.6577901840e-01
8.6646497250e-01
-2.9571788311e+00
-1.0917836428e+00
-1.1640442610e+00
9.0389496088e-01
1.2512465715e+00
3.0003771186e-01
4.9619543552e-01
1.1031583548e+00
1.4275130033e+00
9.4142615795e-01
2.2680354118e+00
2.4585573375e-01
6.3491874933e-01
2.1691775322e-01
4.5384106040e-01
-9.3534237146e-01
-7.7202445269e-01
-1.4831228554e-01
1.0637707710e+00
2.6193642616e-01
7.8374922276e-01
1.0559080839e+00
-1.7853456736e+00
1.8497442007e+00
8.6029374599e-01
-5.4967987537e-01
-1.7600633204e-01
-7.7085793018e-01
1.1038810015e+00
-6.5640079975e-01
1.7797274515e-02
7.4299767613e-02
7.2980362177e-01
6.1144471169e-01
9.7560757399e-01
3.0957189202e-01
1.0091537237e+00
-4.0147519112e-01
-1.5242637396e+00
-2.9018406868e+00
-3.4523112774e+00
-1.7495113611e+00
-1.8143463135e-01
1.1354553699e+00
1.6985315084e+00
8.0342829227e-01
-9.1284640133e-02
-5.3284782171e-01
-8.0603015423e-01
-6.5744280815e-01
-1.1619786024e+00
-4.8113998771e-01
-4.4626379013e-01
1.4422266483e+00
5.4670536518e-01
2.7326221466e+00
1.2450315952e+00
2.4471950531e+00
1.1789489985e+00
-1.1689624786e+00
-3.1633214951e+00
-4.4080572128e+00
-3.0003962517e+00
-1.2639396191e+00
2.2683806717e-01
2.7652722597e-01
9.1127496958e-01
-1.2848776579e+00
-5.2078199387e-01
-1.8327602148e+00
1.4942066371e-01
2.1390502155e-01
1.4692286253e+00
-1.5489366651e-01
-1.8468482494e+00
-1.3464734554e+00
-1.3209143877e+00
-4.4346374273e-01
-1.7591044307e-01
-3.3211717010e-01
2.6530024409e-01
-1.1388123780e-01
-8.5608497262e-02
-6.1637073755e-01
-6.8087393045e-01
-1.2155075073e+00
-1.0292216539e+00
-5.6865131855e-01
-6.1369425058e-01
-4.6967080235e-01
4.1783192754e-01
-6.9173693657e-02
1.1660383940e+00
6.4040613174e-01
2.2479696572e-01
-8.2731205225e-01
-2.3786039352e+00
-2.4897708893e+00
-2.6245429516e+00
-8.2565456629e-01
-1.8909225240e-02
-4.3655347824e-01
-6.8245786428e-01
6.6316467524e-01
9.4842737913e-01
1.3328768015e+00
1.1218587160e+00
2.4090902880e-03
-7.9292155802e-02
-2.9485359192e+00
-1.9982749224e+00
-1.2156432867e+00
3.5064706206e-01
-4.4827473164e-01
2.4277079105e+00
1.5283808708e+00
2.0787868500e+00
-1.0079717636e+00
-5.6057381630e-01
-1.7025855780e+00
1.1058946848e+00
-5.7558232546e-01
-1.4833938330e-03
-5.4472011328e-01
7.0763683319e-01
-3.5560193658e-01
2.8765457869e-01
-8.9628028870e-01
-2.0578708649e+00
2.5424629450e-01
9.3630802631e-01
1.6120269299e+00
1.5929591656e+00
3.9255848527e-01
-3.3759030700e-01
7.4992179871e-01
-9.9461203814e-01
1.4304076135e-01
-1.5891962051e+00
1.1161253452e+00
2.1970751286e+00
2.4656398296e+00
1.9223743677e+00
1.1910017729e+00
1.5011944771e+00
4.4373658299e-01
1.1063922644e+00
8.3118730783e-01
1.1805942059e+00
-1.7900561094e+00
-2.3444826603e+00
-1.2034872770e+00
-7.7260839939e-01
3.9532515407e-01
-2.5386196375e-01
1.4389684796e-01
-3.3179944754e-01
-5.0297027826e-01
-6.1277896166e-01
1.3953466713e-01
2.7475804090e-01
8.3872109652e-01
9.0275281668e-01
1.6700930595e+00
2.1531801224e+00
1.4571869373e+00
2.0676889420e+00
1.5789319277e+00
1.6804472208e+00
8.7598645687e-01
3.9370641112e-01
-1.8810471892e-01
7.7273219824e-02
-1.1516424417e+00
1.5503472090e-01
2.4014277756e-01
-1.8807893991e-01
-1.8270829916e+00
7.5932517648e-02
6.9176042080e-01
-4.7984537482e-01
6.8637472391e-01
1.3515192270e-01
1.5193483829e+00
5.9697932005e-01
7.5389558077e-01
-1.5947898626e+00
-5.7146911621e+00
-5.6703934669e+00
-6.2468256950e+00
-2.3521583080e+00
-1.2596589327e+00
-5.8933085203e-01
2.1743688583e+00
1.9433662891e+00
1.0161528587e+00
1.7611199617e+00
7.4362862110e-01
-5.0041079521e-01
4.9842041731e-01
-7.2857463360e-01
3.8722512722e+00
2.7032856941e+00
1.6183780432e+00
-6.5824878216e-01
-1.3379670382e+00
-4.1261725426e+00
-2.2554264069e+00
-3.6997454166e+00
1.2870551348e+00
-1.2622809410e+00
1.9857711792e+00
-5.1537677646e-02
1.3232403994e+00
6.5430730581e-01
2.1671712399e+00
2.0812838078e+00
-9.0116169304e-03
-4.4927325845e-01
1.9888918102e-01
-2.0156209469e+00
1.3740686178e+00
1.1657823324e+00
4.8384046555e+00
-1.1044439077e+00
-4.5941933990e-01
-4.8549073935e-01
-1.2520273924e+00
1.4886142313e-01
4.2439311743e-01
1.9039816856e+00
1.3949804306e+00
7.3785436153e-01
1.1964765787e+00
1.7395277321e-01
-3.7228801250e+00
-3.7361054420e+00
-1.2955256701e+00
-1.7674607038e+00
5.4301357269e-01
4.1115541011e-02
1.0514096022e+00
5.0878041983e-01
4.1111204028e-01
5.5225437880e-01
3.5529416054e-02
-6.7152351141e-02
-8.8065463305e-01
-5.4318267107e-01
-1.7197413370e-02
1.9393122196e+00
9.1333663464e-01
2.2300527096e+00
2.2168021202e+00
1.7869940400e-01
-2.4729511738e+00
-3.1629023552e+00
-4.0190277100e+00
-3.9086329937e+00
-1.9293055534e+00
1.6135572195e+00
2.1475274563e+00
2.2740311623e+00
1.2275785208e+00
9.2603230476e-01
-5.7386323810e-02
4.9309313297e-01
-5.4781037569e-01
-6.8280267715e-01
6.2648087740e-01
-2.0371340215e-01
-3.8018941879e-01
-7.9530286789e-01
-2.6196086407e-01
1.0304143652e-02
4.3693408370e-01
4.5037689805e-01
1.8330529332e-01
5.3571617603e-01
-1.2022488564e-01
6.8899635226e-03
5.2701819688e-02
-5.3687846661e-01
-1.8526758254e-01
3.0763930082e-01
2.3466865718e-01
1.0794205666e+00
5.5660337210e-01
1.4133887291e+00
5.7925446890e-03
7.5227916241e-01
-8.6601418257e-01
-2.4475100040e+00
-2.7724616528e+00
-3.5014438629e+00
-1.0487134457e+00
-9.9452716112e-01
1.5366184711e+00
1.2738865614e+00
1.0739358664e+00
1.2896126509e+00
2.6989269257e+00
1.9821994305e+00
-6.0335499048e-01
-2.2942168713e+00
-1.8758379221e+00
-3.6487479210e+00
-4.0664296150e+00
-1.5598703623e+00
-1.3917635679e+00
-1.6983185196e-04
1.6956511736e+00
1.4384632111e+00
1.1802592278e+00
3.0035620928e-01
1.5013328753e-02
-2.6994023472e-02
-8.0247420073e-01
1.4400331303e-02
-1.6137235165e+00
-8.0483531952e-01
-1.1821087599e+00
-9.1220533848e-01
3.4529432654e-01
1.4625558853e+00
2.1852521896e+00
-2.2714160383e-01
6.4664864540e-01
-6.9186443090e-01
2.3044839501e-01
-4.8882195354e-01
-8.7541717291e-01
-1.5344796181e+00
-2.4563112259e+00
-6.8782910705e-02
2.1021120250e-01
2.1303774416e-01
1.1899852753e+00
-1.1398127079e+00
1.3115617447e-02
-2.2098188400e+00
-9.5546245575e-01
-2.7384364605e+00
-2.7401790619e+00
-6.3412898779e-01
2.3946691304e-02
7.7746146917e-01
2.2730879784e+00
3.1770944595e+00
8.3433139324e-01
-4.1369053721e-01
5.8063650131e-01
-3.9347705245e-01
7.2968564928e-02
-2.6688984036e-01
-1.1748549938e+00
-4.2302760482e-01
-8.5050392151e-01
-8.6956307292e-02
2.7092221379e-01
-1.2205165625e-01
6.8059486151e-01
-1.3773915172e-01
1.4376033843e-01
-5.1813048124e-01
-1.6756930351e+00
-1.9473941326e+00
-2.6511406898e+00
-4.2136284709e-01
-3.1645558774e-02
1.7822309732e+00
3.1585485935e+00
3.1434507370e+00
4.1975975037e+00
-4.1184905171e-01
1.6038852930e-01
-4.2612874508e-01
1.3363921642e+00
5.4158598185e-01
1.5258213282e+00
2.1120457649e+00
1.6341459751e+00
1.2645250559e+00
4.9656239152e-01
-1.3017538786e+00
-3.9238848686e+00
-3.7634387016e+00
8.7246823311e-01
1.6007027626e+00
4.8521189690e+00
2.3993327618e+00
3.7978782654e+00
-2.3407767713e-01
1.3238095045e+00
9.2078971863e-01
-1.3704903126e+00
1.2517787218e+00
4.6364095807e-01
4.9995717406e-01
9.1060835123e-01
4.9278584123e-01
-2.3681907654e+00
-9.6795701981e-01
-1.7494615316e+00
-1.9627997875e+00
3.1050932407e-01
-5.3103423119e-01
5.7865858078e-01
2.2818516195e-01
7.9775243998e-01
1.2265971899e+00
9.6768516302e-01
5.9212863445e-02
3.1680986285e-01
2.5354737043e-01
-1.4075763226e+00
-2.0946571827e+00
-2.4449636936e+00
-1.3906917572e+00
5.8321064711e-01
7.8148162365e-01
2.8917496204e+00
-1.0065513849e+00
6.8114614487e-01
-2.8067484498e-01
-3.7090626359e-01
-7.1478539705e-01
5.6722521782e-01
2.1523581445e-01
2.5143283606e-01
1.1978886127e+00
1.2996498346e+00
1.3056392670e+00
4.1083911061e-01
-1.4970836043e-01
-5.6023895741e-01
-1.1299545765e+00
-2.9725924134e-01
-3.3931477070e+00
-1.4989057779e+00
-2.6439652443e+00
-6.7052686214e-01
-7.7016955614e-01
9.9061584473e-01
-3.2030162215e-01
-1.1517463923e+00
-2.1232481003e+00
-4.4065136909e+00
-3.6302125454e-01
1.8763461709e-01
9.1124188900e-01
9.9884474277e-01
9.3765193224e-01
5.9321767092e-01
7.0147264004e-01
5.5498158932e-01
1.1788911819e+00
4.7185829282e-01
-9.5436298847e-01
-1.9682866335e+00
-1.9018808603e+00
-1.4516762495e+00
-3.9669358730e-01
-1.2968516350e+00
-1.5848170221e-01
-2.8411016464e+00
8.6227560043e-01
-6.9571006298e-01
-2.2551441193e+00
-1.7937788963e+00
-2.3642792702e+00
-3.4425792694e+00
5.3302729130e-01
1.7364001274e-01
-2.9046463966e-01
-3.0254584551e-01
1.2864312530e-01
3.7740489841e-01
-4.2742457986e-01
-1.8678797483e+00
-1.0208269358e+00
-1.9237970114e+00
2.2819299996e-01
-9.0720897913e-01
-1.6911737919e+00
-2.2895624638e+00
-2.3626110554e+00
-1.2476906776e+00
-1.0110744089e-01
3.3515557647e-01
-3.3060881495e-01
3.7096711993e-01
-1.8884832859e+00
-2.0659217834e+00
-3.4486632347e+00
-1.9681767225e+00
-3.1265473366e+00
-3.7644011974e+00
-3.4835302830e+00
4.3353104591e-01
4.5379808545e-01
9.0195852518e-01
7.9946935177e-01
1.3357912302e+00
2.2994503379e-01
9.8019081354e-01
5.7793611288e-01
5.5149692297e-01
-4.7879591584e-02
-3.4811663628e+00
-9.9842172861e-01
5.9638399631e-02
-2.2282068729e+00
-1.0762082338e+00
1.0424207449e+00
-1.3836302757e+00
-1.2324569225e+00
-2.0540895462e+00
-8.3345973492e-01
-1.7590949535e+00
-8.8915896416e-01
-8.9103138447e-01
-2.0097739697e+00
-1.1820435524e+00
-1.1284258366e+00
2.1886779368e-01
-2.2326208651e-01
7.1406930685e-01
1.5391849279e+00
1.0723932087e-01
9.5880389214e-01
4.5062550902e-01
1.3666725159e+00
-1.7841897905e-01
2.2395350933e+00
1.4974544048e+00
1.9349608421e+00
1.7554546595e+00
5.7196277380e-01
2.5729587078e+00
3.2928690910e+00
2.4754483700e+00
1.9663554430e+00
1.0431635380e+00
1.3675068617e+00
1.5780311823e+00
6.1765287071e-02
1.0862100124e+00
5.7335233688e-01
1.2274962664e+00
1.3987642527e+00
1.6448810101e+00
4.7292780876e-01
3.5805530846e-02
-5.4982364178e-01
-4.3323192000e-01
-5.8370703459e-01
-5.7150617242e-02
-7.4513763189e-01
-1.3347096443e+00
-1.1069790125e+00
9.9920570850e-02
-7.1644181013e-01
4.8519921303e-01
-2.4271333218e-01
1.3610103130e+00
9.6025234461e-01
1.0597522259e+00
8.1635159254e-01
-2.7086991072e-01
-6.8810617924e-01
-9.8328447342e-01
-1.3827375174e+00
-1.8157538176e+00
6.6240034997e-02
1.0855864286e+00
-3.7460219860e-01
4.8641806841e-01
1.2847603559e+00
1.6871447563e+00
1.2094370127e+00
1.0434440374e+00
8.8152277470e-01
1.5857793093e+00
3.0126698017e+00
-7.6377487183e-01
-3.9051601887e+00
-6.2957139015e+00
-1.8437689543e+00
-1.4257235527e+00
-3.0613079667e-01
-7.8141659498e-01
1.4037044048e+00
2.7188978195e+00
3.6328253746e+00
1.8836028576e+00
4.9091930389e+00
1.9221700430e+00
2.2670617104e+00
2.4048082829e+00
2.5572426319e+00
6.7176783085e-01
-1.1841524839e+00
2.6389527321e-01
1.8463976681e-01
-1.1469997168e+00
-1.5784864128e-01
-3.8800327778e+00
-1.3269999027e+00
6.4943480492e-01
4.8490673304e-01
2.5967457294e+00
2.1803264618e+00
1.8351020813e+00
1.8523030281e+00
3.1177756786e+00
6.4496916533e-01
3.0026042461e+00
2.0200028419e+00
8.7282651663e-01
2.3330872059e+00
2.8927569389e+00
1.5027447939e+00
3.7811663151e+00
-8.2782083750e-01
-8.6866390705e-01
1.1396399885e-01
-8.7595599890e-01
-2.6365244389e-01
-7.8695178032e-01
-1.4428189397e-01
4.1561070085e-01
6.6211879253e-02
-5.9945527464e-03
-1.3440550566e+00
-1.2046808004e+00
-3.5794308186e+00
-4.4898252487e+00
-2.0326273441e+00
-4.0315169096e-01
4.4053712487e-01
4.5436638594e-01
2.2698777914e-01
1.0928051472e+00
-5.7010972500e-01
-4.6434915066e-01
4.9044975638e-01
-6.2536574900e-02
-2.5611060858e-01
-1.6144191027e+00
-3.7629106641e-01
-4.9508064985e-01
5.4685264826e-01
4.9480879307e-01
3.7101835012e-01
-2.7203643322e-01
-1.4245827198e+00
-3.1227679253e+00
-1.7694575712e-02
-6.2257874012e-01
9.7023737431e-01
1.3513913155e+00
1.2126368284e+00
2.8449697495e+00
1.4572479725e+00
1.2972300053e+00
-4.7459328175e-01
-8.8407337666e-01
-1.8336324394e-01
2.1336010098e-01
8.3629094064e-02
-3.9566535503e-02
-1.5298262835e+00
-3.2122015953e-01
-3.6015009880e-01
-3.5158365965e-01
1.4847150445e-01
-4.0396630764e-01
2.5340530276e-01
5.1135629416e-01
2.3560453951e-01
2.8691396117e-02
-4.2140895128e-01
-2.0154570043e-01
-4.4862464070e-01
-5.0340366364e-01
-8.2579106092e-01
-1.0839556903e-01
2.3852908984e-02
-2.3120331764e-01
-3.2869783044e-01
-5.8631682396e-01
-1.7826024294e+00
-2.3034398556e+00
-3.5117824078e+00
-3.0677623749e+00
-2.6010036469e+00
-2.1767487526e+00
-1.6762632132e+00
-8.4727346897e-01
-1.5745762587e+00
2.3458126187e-01
-4.0278726816e-01
-1.7423079908e-01
-2.1634249389e-01
-3.7275598049e+00
-3.8388290405e+00
-1.9329372644e+00
-2.3693876266e+00
-1.7418838739e+00
-3.5900485516e-01
6.9982016087e-01
1.4665799141e+00
1.2025676966e+00
8.0544972420e-01
8.0774146318e-01
3.2342493534e-01
-2.9856771231e-01
-1.2056700885e-01
-1.7198870182e+00
-1.8403253555e+00
-1.0393331051e+00
-4.3777826428e-01
-1.0441774130e+00
5.9771817923e-01
-6.1012381315e-01
3.1672689319e-01
1.7772138119e+00
1.6700810194e+00
8.0549377203e-01
2.1908931732e+00
8.8447861373e-02
1.1221475601e+00
-6.1786717176e-01
2.0070133209e+00
1.6724616289e-01
2.1909866333e+00
9.5824861526e-01
8.6426365376e-01
2.1637520790e+00
1.6834837198e+00
6.7487758398e-01
8.0121719837e-01
4.5767092705e-01
6.4090943336e-01
-9.6937298775e-01
2.3698361218e-01
4.4594505429e-01
1.2175008059e+00
2.3931398988e-01
-2.3060034215e-01
3.0645772815e-01
-1.1633858830e-01
1.8343240023e-01
1.5243770182e-01
3.6007203162e-02
2.7851149440e-01
3.0889344215e-01
1.4260296822e+00
1.5400699377e+00
1.9946441650e+00
2.2777822018e+00
2.5980830193e+00
1.3290705681e+00
1.8770035505e+00
1.1948413849e+00
1.5100327730e+00
3.5115194321e-01
-4.4606477022e-01
-4.0573605895e-01
-1.1804230213e+00
-1.1479371786e+00
-1.2356159687e+00
-7.3807978630e-01
1.0089200735e+00
-7.6080560684e-01
-2.1883408725e-01
1.5137062967e-01
-3.4085667133e-01
6.7817950249e-01
1.0850963593e+00
3.1411698461e-01
-6.7873686552e-01
-2.3265240192e+00
-1.3293912411e+00
-3.1227169037e+00
-3.5984604359e+00
-3.3587887287e+00
-1.0494438410e+00
-1.0478422642e+00
-5.2815490961e-01
1.6194039583e+00
2.3073322773e+00
2.6298091412e+00
2.5470983982e+00
-1.2262567282e+00
-5.0117659569e-01
9.7551956773e-02
8.6495089531e-01
2.6474750042e+00
6.5667152405e-01
1.1033365726e+00
1.3534664176e-02
-6.0102444887e-01
3.8555142283e-01
2.4752892554e-01
-3.9709302783e-01
-1.3402121142e-02
-5.3643316031e-01
6.5332877636e-01
9.1644781828e-01
8.5989600420e-01
2.4264664650e+00
1.4267591238e+00
6.8963520229e-02
-6.4745342731e-01
-3.9203402400e-01
-1.7119103670e+00
-7.8634309769e-01
1.3783112764e+00
3.0104453564e+00
2.2713711262e+00
3.2884426117e+00
2.9418530464e+00
-1.1992598325e-01
2.2223754227e-01
-8.2319158316e-01
-8.0855888128e-01
-1.4026739597e+00
-1.0619522333e+00
5.6933581829e-02
-2.8635868430e-01
-3.1034896150e-02
2.0475375652e+00
1.2979667187e+00
1.3975890875e+00
1.4400246143e+00
-1.1436614990e+00
-1.0697290897e+00
-2.1382141113e+00
-2.2786126137e+00
-1.2359670401e+00
-4.5277726650e-01
4.8461943865e-01
1.1507738829e+00
5.3547888994e-01
-5.2423655987e-01
9.1384929419e-01
6.3448554277e-01
-4.5335078239e-01
-1.0387023538e-01
-4.6513924003e-01
-1.3434724808e+00
6.8108385801e-01
1.1738377810e+00
2.5366668701e+00
1.7913802862e+00
1.1135309935e+00
-5.0556641817e-01
-3.3751480579e+00
-3.4636757374e+00
-3.3539991379e+00
-1.1103799343e+00
7.4210035801e-01
1.7170019150e+00
1.6446976662e+00
1.6213476658e+00
5.6199121475e-01
2.4289920926e-01
4.5253083110e-01
-1.4242166281e+00
-1.2619918585e-01
2.3599545658e-01
1.7584715784e-01
-1.1440501213e+00
-1.2731580734e+00
-1.3754854202e+00
-4.4972923398e-01
-1.3808242977e-01
-1.9198960066e-01
5.1535707712e-01
-6.7615456879e-02
-1.8604476750e-01
2.4637658894e-01
-6.8456506729e-01
5.4635129869e-02
-1.1054021120e+00
-4.0655034781e-01
9.4489693642e-02
4.9221998453e-01
6.8828219175e-01
1.6068277359e+00
1.8524944782e+00
1.2167770863e+00
-7.4017715454e-01
-1.0106264353e+00
-2.0996713638e+00
-1.5725059509e+00
9.3694126606e-01
-1.3697602749e+00
-9.5666430891e-02
-2.7473810315e-01
1.5967662334e+00
1.2830746174e+00
2.4713618755e+00
1.2290399075e+00
1.0792856216e+00
2.8417471051e-01
-1.4523652792e+00
-4.2566642761e+00
-3.1310074329e+00
-6.7424565554e-01
-7.7604427934e-02
1.9324047565e+00
3.0937380791e+00
1.4746781588e+00
1.3524776697e+00
5.5232864618e-01
2.4021807313e-01
4.7749882936e-01
-3.6680999398e-01
-5.1245599985e-01
-6.1635208130e-01
-6.0088396072e-01
-1.0360997915e+00
1.1003236771e+00
4.4778311253e-01
1.9390121698e+00
1.0451904535e+00
2.9909488559e-01
2.3411421776e+00
1.2251046896e+00
6.2715017796e-01
7.7731198072e-01
-1.1506043673e+00
-2.6203043461e+00
-1.0176131725e+00
2.1638008952e-01
1.3161606789e+00
2.4401721954e+00
2.5079820156e+00
1.4066424370e+00
1.9769697189e+00
-4.7029218078e-01
2.4412397295e-02
-1.5954095125e+00
-1.3943936825e+00
-2.2839481831e+00
-1.2443014383e+00
2.2979670763e-01
7.0170038939e-01
1.1288615465e+00
6.7607885599e-01
5.7414382696e-01
-2.4260465801e-01
-1.6494391859e-01
-5.1230514050e-01
-1.1884310246e+00
-3.7363645434e-01
-1.0991823673e+00
-5.7871145010e-01
2.5115323067e-01
2.0979762077e-01
-9.3586450815e-01
-2.3054982722e-01
2.4711368978e-01
-7.4377590790e-03
2.0098407567e-01
-5.2342649549e-02
-9.2963838577e-01
-1.0331634283e+00
-2.3516581059e+00
-1.5346761942e+00
-5.9994739294e-01
4.6382331848e-01
-6.6574776173e-01
-8.3350265026e-01
-3.2541418076e-01
-6.1427050829e-01
-1.3162407279e-01
-6.4553773403e-01
6.9550925493e-01
1.5975193977e+00
1.2596186399e+00
8.5926032066e-01
2.2927417755e+00
-1.5077973604e+00
-2.7119126320e+00
-4.4255752563e+00
-4.1572709084e+00
-2.1679868698e+00
8.8945120573e-01
8.4318900108e-01
1.4213593006e+00
1.4423315525e+00
5.7983672619e-01
-1.8999642134e-01
3.5626155138e-01
-2.9950749874e-01
-4.6085987240e-02
9.4550144672e-01
8.8754457235e-01
6.9172888994e-01
-4.0202695131e-01
-2.2309775352e+00
-1.4015966654e+00
-1.3565654755e+00
-8.2301712036e-01
-1.4757512808e+00
1.7003297806e-02
2.7346491814e-01
5.4350042343e-01
1.0911440849e+00
9.4298595190e-01
9.6872246265e-01
1.3377369642e+00
1.4789189398e-01
-2.3403765634e-02
-7.0256769657e-01
-1.2228747606e+00
-7.9234254360e-01
-3.1161788106e-01
-3.8538375497e-01
4.2766803503e-01
-5.4510045052e-01
-1.1402144432e+00
1.9846159220e-01
1.7427835613e-02
4.2272865772e-01
1.9017603397e+00
1.3572486639e+00
1.0400780439e+00
-4.4265270233e-01
-6.5395158529e-01
-2.4868834019e+00
-3.1051011086e+00
-2.4835355282e+00
-1.5666413307e+00
-1.3766981363e+00
1.1897882074e-01
7.6664757729e-01
1.2765332460e+00
1.6572301090e-01
3.1629413366e-01
-5.4281282425e-01
-1.8814432621e+00
-1.2435815334e+00
-1.3234409094e+00
-2.8411409259e-01
3.1444424391e-01
9.9991720915e-01
4.7637948394e-01
8.3826678991e-01
-5.5745136738e-01
-1.2938424349e+00
-3.9425649643e+00
-3.7634992599e+00
-2.9909789562e+00
-1.4399884939e+00
8.0456829071e-01
1.9133894444e+00
2.4276132584e+00
1.3551534414e+00
8.2271498442e-01
-8.2699990273e-01
-1.1215264797e+00
-1.0351001024e+00
-1.0474519730e+00
-2.4385507405e-01
-4.9750752747e-02
-4.6038389206e-01
-3.3355465531e-01
-3.9520284534e-01
-4.5116940141e-01
5.2772726864e-02
-1.3285702467e-01
5.1376503706e-01
4.5080187917e-01
-4.3746018410e-01
-1.3133770227e-01
-1.7940647900e-02
-5.7429438829e-01
-7.9267960787e-01
-2.7810007334e-01
-1.7005996406e-01
-1.1851552129e-01
7.0490711927e-01
4.1116490960e-01
-3.0271224678e-02
1.9483934343e-01
-1.1971005201e+00
-2.3760910034e+00
-2.0409715176e+00
-2.7075538635e+00
-1.2555484772e+00
7.2649329901e-01
1.0598812103e+00
1.4154723883e+00
1.0021232069e-01
9.8556512594e-01
1.3036153316e+00
1.8197507858e+00
7.1056467295e-01
-8.0318808556e-01
-8.2813572884e-01
-2.3470032215e+00
-2.8709652424e+00
-1.1247991323e+00
1.2098364830e+00
2.6529771090e-01
2.4967384338e+00
1.1352211237e+00
5.3757274151e-01
-7.2727990150e-01
-8.8187716901e-03
-9.1622257233e-01
-3.8018852472e-01
-2.8370314837e-01
-1.8407545984e-01
-4.5370340347e-01
-7.9167944193e-01
4.7491902113e-01
-4.3159687519e-01
1.0596958399e+00
7.1416378021e-01
8.3474129438e-01
-1.2644510269e+00
3.5425505042e-01
-1.3685656786e+00
6.7138415575e-01
-4.6784165502e-01
-1.7416975498e+00
-1.9294747114e+00
-3.4714874625e-01
1.8085584641e+00
1.4324954748e+00
2.6952533722e+00
1.8360121250e+00
1.6893063784e+00
8.2074749470e-01
-5.1719009876e-01
-2.6543679237e+00
-2.6289587021e+00
-5.7434082031e-01
-1.0240122080e+00
5.6860297918e-01
1.9879541397e+00
2.1795527935e+00
2.9585926533e+00
1.0494402610e-02
-9.6122336388e-01
-7.9487192631e-01
-1.0501022339e+00
-7.4172335863e-01
-8.0198711157e-01
-1.1671903133e+00
-7.0430082083e-01
4.9796666950e-02
6.9178825617e-01
1.0591749847e-01
2.7774640918e-01
-6.5035378933e-01
-1.8471276760e-01
-7.7332794666e-01
-1.6166827679e+00
-1.9616624117e+00
-1.1670356989e+00
-1.2452173233e+00
-5.8237367868e-01
-4.7793322802e-01
5.3242474794e-01
2.7748164535e-01
3.4609031677e+00
2.6050245762e+00
3.6740458012e-01
8.0555804074e-02
5.9464013577e-01
1.2076693773e+00
6.6116416454e-01
1.5156999826e+00
7.5925320387e-01
-4.6040156484e-01
-1.5616471767e+00
-2.0330626965e+00
-2.6439244747e+00
-3.4242947102e+00
-2.0536217690e+00
8.2686638832e-01
1.8101085424e+00
1.6640405655e+00
1.5194793940e+00
1.2898581028e+00
-8.0423927307e-01
-1.0104943514e+00
-2.8646709919e+00
-2.5572919846e+00
-1.9436028004e+00
-9.6340870857e-01
-7.9446315765e-01
-5.7003593445e-01
-1.4298349619e+00
-1.3969208002e+00
-2.3423914909e+00
-1.1751238108e+00
-6.8084561825e-01
-3.2969158888e-01
7.2506612539e-01
1.3130506873e-01
-9.3992009759e-02
6.1739939451e-01
4.9239167571e-01
-5.7524312288e-02
-6.6319459677e-01
-1.4044784307e+00
-1.1240369081e+00
-3.0186254978e+00
-2.1212835312e+00
-7.8684633970e-01
-9.7960852087e-02
7.7289420366e-01
4.9906349182e-01
6.9133251905e-02
-2.5947828293e+00
-6.8161886930e-01
-3.5169529915e-01
-8.8752579689e-01
-4.8697184771e-02
-9.2400282621e-01
-1.2072157860e+00
-2.6898294687e-01
-1.0396765471e+00
-5.0681871176e-01
-5.4292160273e-01
-2.3894083500e+00
-2.9871840477e+00
-8.7312072515e-01
5.7422381639e-01
1.9557429552e+00
1.6425118446e+00
1.5558686107e-02
7.0204210281e-01
1.4641026035e-02
-1.4310917854e+00
3.7207454443e-01
7.5398105383e-01
-1.6322039068e-01
2.6625499129e-01
1.6001749039e+00
-9.2279016972e-01
9.6304500103e-01
9.2499625683e-01
-5.5516469479e-01
-8.0174523592e-01
-1.9369807243e+00
-2.9125580192e-01
-1.9914336205e+00
-1.7446926832e+00
1.0862094164e+00
2.9529409409e+00
3.5109989643e+00
2.5782277584e+00
7.4805045128e-01
7.8960359097e-02
-3.7277978659e-01
-1.9618144631e-01
3.8136973977e-01
-3.1466266513e-01
-1.2186204195e+00
-3.4694617987e-01
-5.6605249643e-01
-1.4810101986e+00
-7.3925465345e-01
-2.9807248712e-01
-9.2813950777e-01
1.1514202356e+00
7.4153345823e-01
1.2824543715e+00
1.1855118275e+00
1.7024649382e+00
1.8428114653e+00
1.3265337944e+00
4.7640234232e-01
2.4590794742e-01
-3.7877765298e-01
-2.0862026513e-01
1.1007345468e-01
1.4664146304e-01
-1.2519380450e-01
-7.7179974318e-01
-8.8108885288e-01
-1.2763254642e+00
-1.3918595314e+00
-6.8268021569e-03
5.0278556347e-01
7.0345759392e-01
4.3202945590e-01
5.7873636484e-01
-2.8898864985e-01
2.3110678792e-01
4.6054175496e-01
-1.0642948151e+00
-4.2101922631e-01
-1.2329430580e+00
-2.2368445396e+00
-1.5169867277e+00
-5.3996664286e-01
2.8657641262e-02
3.1230680943e+00
3.9561660290e+00
1.2987062931e+00
1.1058857441e+00
-2.1420384292e-03
-9.0089017153e-01
-9.3550920486e-01
1.4928103983e-01
9.1636919975e-01
-4.1763103008e-01
-6.1954909563e-01
-5.7465207577e-01
9.8639488220e-02
-8.2631599903e-01
-1.0731111765e+00
2.1274618804e-01
1.0412191600e-01
9.5909076929e-01
1.0641981363e+00
1.6073533297e+00
1.6462975740e+00
2.0330326557e+00
2.6301407814e+00
4.7032890320e+00
6.9967806339e-01
-3.2926726341e-01
6.2042546272e-01
-3.4339871407e+00
-2.5058465004e+00
-2.6325197220e+00
-1.8599075079e+00
-2.6850876808e+00
-2.5507519245e+00
-1.3229408264e+00
7.9314082861e-02
1.7046010494e+00
2.9706656933e+00
1.6185526848e+00
-6.1361682415e-01
5.0725120306e-01
-1.2653201818e+00
-7.7700334787e-01
3.3255198002e+00
3.0016183853e+00
2.8613145351e+00
3.1715528965e+00
3.5659754276e+00
3.3191854954e+00
1.3910901546e+00
4.5181748271e-01
-8.0778437853e-01
-1.2357927561e+00
-1.6135901213e+00
-1.4154756069e+00
-2.0190389156e+00
-2.4916961193e+00
-2.1941943169e+00
-1.5180214643e+00
-1.5314588547e+00
-1.4988332987e+00
-1.1212506294e+00
8.9722543955e-01
2.0301568508e+00
8.5880780220e-01
-5.5423182249e-01
-1.9093736773e-03
-1.7898324728e+00
-6.1053067446e-01
-9.6113491058e-01
-7.2667044401e-01
3.5409259796e-01
5.6014835835e-01
-9.9883697927e-02
1.6054465771e+00
3.5591387749e-01
-6.9874751568e-01
-3.4002408981e+00
-7.4071800709e-01
1.9257949293e-01
2.0577197075e+00
2.0963268280e+00
1.4454113245e+00
-4.2437511683e-01
-8.9444875717e-01
-1.3588989973e+00
-2.1268954277e+00
-6.4313071966e-01
6.3665574789e-01
1.7076882720e-01
5.9312647581e-01
3.9390885830e-01
7.9212114215e-02
-1.3773313761e+00
-2.5761055946e+00
-9.9851840734e-01
1.7245420218e+00
2.1851823330e+00
1.5073064566e+00
9.5923793316e-01
1.6177372932e+00
1.5889973640e+00
-3.1971599907e-02
-1.3613823652e+00
-7.3063659668e-01
-3.2609159946e+00
-6.0521878302e-02
-5.7826939970e-02
-2.3659553528e+00
-2.0519518852e+00
3.4638547897e-01
9.2213012278e-02
2.5322878361e+00
1.8423780203e+00
7.9125446081e-01
-2.7235454321e-01
1.3414746523e-01
-1.3826426864e-01
1.0031452179e+00
7.5088506937e-01
1.0091383457e+00
1.1299680918e-01
2.3127780855e-01
-8.4456914663e-01
-2.8474388123e+00
-2.0809209347e+00
-1.3999071121e+00
-9.0064823627e-01
-2.7283924818e-01
-6.0742413998e-01
1.7385280132e-01
1.0508923531e+00
1.9659293890e+00
1.2534835339e+00
1.7626737356e+00
-9.2834824324e-01
6.0983026028e-01
9.0373158455e-02
2.8751924634e-01
9.5999550819e-01
4.3378901482e-01
-3.4402897954e-01
-7.2011524439e-01
7.5076073408e-01
1.9501763582e+00
4.3491119146e-01
-9.9224799871e-01
-4.9049127102e-01
1.8646191806e-02
1.4910295010e+00
4.7498738766e-01
1.5131149292e+00
1.3007687330e+00
2.1387598515e+00
1.2087756395e+00
2.7032482624e+00
2.2936890125e+00
1.4322774410e+00
-6.4675517380e-02
-6.9433522224e-01
-5.9152567387e-01
4.4975268841e-01
1.1414590292e-02
7.7899533510e-01
-2.3799020052e-01
5.0087589025e-01
-7.8688311577e-01
-4.5590454340e-01
6.0092762113e-02
-3.7254098058e-01
-1.1233189106e+00
-2.8535690904e-01
-5.5617475510e-01
-5.6766039133e-01
-1.0672154427e+00
-3.3426770568e-01
-4.6889987588e-01
-9.8044431210e-01
-2.0685474873e+00
-1.4785201550e+00
-2.5849673748e+00
-4.0722126961e+00
-4.9990139008e+00
-5.3286623955e+00
-4.0070157051e+00
-1.8970146179e+00
-1.7142174244e+00
-1.3366550207e-01
7.4026578665e-01
-4.3609809875e-01
1.8422001973e-02
7.5588130951e-01
-1.0739494562e+00
3.9881947637e-01
-1.1152285337e+00
-5.4119139910e-01
-1.8982717991e+00
-6.5343260765e-02
-1.4023429155e-01
9.6907103062e-01
1.1225919724e+00
9.9133890867e-01
1.6808756590e+00
2.4412643909e+00
2.1239962578e+00
2.0602381229e+00
2.0828411579e+00
7.1272575855e-01
7.2135722637e-01
6.9074255228e-01
-7.4349403381e-01
6.6429728270e-01
1.2556387186e+00
6.6581666470e-01
8.3647990227e-01
-7.5298506021e-01
-1.0430797338e+00
1.4510197639e+00
9.5174020529e-01
1.6055755615e+00
1.2297714949e+00
-4.4422167540e-01
1.0045174360e+00
6.1884009838e-01
1.8238769770e+00
2.0527245998e+00
2.2054884434e+00
1.3213725090e+00
1.8296129704e+00
2.2938213348e+00
1.3273535967e+00
2.0185141563e+00
2.1534507275e+00
1.8333221674e+00
1.7772586346e+00
2.6565990448e+00
3.0284509659e+00
3.7074985504e+00
2.3218536377e+00
1.5785338879e+00
1.8519818783e+00
3.6502337456e-01
6.6659653187e-01
1.3783717155e+00
1.0584819317e+00
1.1127681732e+00
1.0037816763e+00
1.6367224455e+00
1.5043560266e+00
1.2039687634e+00
1.5001671314e+00
1.6354088783e+00
8.7277257442e-01
-1.2842817307e+00
-1.1107629538e+00
-1.9305896759e+00
-2.9612929821e+00
-2.9000391960e+00
-4.6341147423e+00
-4.9309663773e+00
-5.0002064705e+00
-2.1772060394e+00
-3.0213162899e+00
-3.1525683403e+00
-4.8083643913e+00
-4.7592163086e+00
-5.0132408142e+00
-2.2064588070e+00
-5.6658625603e-01
6.6597956419e-01
-7.9537737370e-01
-2.8247847557e+00
-3.3739142418e+00
-4.4679141045e+00
-2.1241703033e+00
4.0937030315e-01
-1.8294277191e+00
-5.3208100796e-01
2.0392930508e+00
3.7029559612e+00
4.7230253220e+00
5.3635725975e+00
5.2215003967e+00
3.6292357445e+00
3.2611248493e+00
2.3112936020e+00
2.6171185970e+00
2.8021192551e+00
3.2921714783e+00
3.4548053741e+00
1.9374018908e+00
2.5800259113e+00
2.7205452919e+00
1.0017341375e+00
9.6859490871e-01
4.9517744780e-01
9.5579437912e-02
2.5765866041e-01
4.0407177806e-01
2.1075093746e+00
1.4589856863e+00
2.6350567341e+00
5.8051061630e-01
1.1643935442e+00
6.2571984529e-01
-3.5146858692e+00
-7.0760661364e-01
-3.9502313733e-01
2.0145678893e-02
-1.7022016644e-01
1.0914021730e+00
-1.7306664586e-01
-3.9232116938e-01
-1.7464343309e+00
-8.2000041008e-01
-8.7286382914e-01
-2.8492370248e-01
1.1204633713e+00
-1.0730198026e-01
-3.7475124002e-01
-1.7163403332e-01
-1.6671325266e-01
-5.2995252609e-01
-9.1410595179e-01
-8.4022045135e-01
1.3704654574e-01
5.0652021170e-01
1.6578325033e+00
1.8909806013e+00
1.5959876776e+00
-6.5902698040e-01
-1.9300074577e+00
-4.0854063034e+00
-2.2792580128e+00
-2.3836085796e+00
-4.3602373451e-02
1.8863952160e+00
6.9510179758e-01
1.2458070517e+00
-8.8214015961e-01
-1.2330684662e+00
-1.6995064020e+00
-1.9629110098e+00
-1.0675656796e+00
-9.2838120461e-01
-1.3791340590e+00
-2.3956152797e-01
7.6415878534e-01
1.6115978956e+00
3.6026561260e+00
2.0305180550e+00
1.3667397499e+00
-4.2762632370e+00
-5.0419263840e+00
-4.8889708519e+00
-6.8246686459e-01
1.2753196955e+00
3.5675146580e+00
1.1438111067e+00
1.2172360420e+00
6.7954033613e-01
-1.3555991650e+00
-1.3706628084e+00
-3.9201542735e-01
-4.2165386677e-01
-3.4383627772e-01
1.8412302732e+00
-2.6976162195e-01
-2.1388404071e-01
-5.1467055082e-01
2.5157541037e-02
4.7737908363e-01
7.9918527603e-01
6.0729038715e-01
4.1914594173e-01
2.4403348565e-01
-2.7998405695e-01
-3.9403396845e-01
-8.3528327942e-01
-9.4936925173e-01
-9.8472833633e-01
-5.1156139374e-01
-4.5179608464e-01
9.6541279554e-01
1.5938620567e+00
2.0954403877e+00
1.1961510181e+00
4.3935008347e-02
-2.2100114822e+00
-3.0509366989e+00
-1.6401249170e+00
-1.4272960424e+00
-1.2482205033e-01
-9.1991895437e-01
-1.3331949711e+00
-6.1822175980e-01
1.4060002565e+00
1.7423051596e+00
2.8670215607e+00
1.7650187016e+00
-9.2792019248e-02
-2.5152699947e+00
-4.3160529137e+00
-5.9714984894e+00
-1.1625238657e+00
7.3793339729e-01
1.2962114811e+00
2.1808218956e+00
-3.5161781311e-01
-8.7435245514e-01
-8.0002772808e-01
-1.5581874847e+00
-2.1388688087e+00
-5.3998875618e-01
-1.2847378254e+00
1.0562197119e-01
-6.3148599863e-01
-1.7708433867e+00
-1.9116244316e+00
-3.4662594795e+00
-1.5495694876e+00
-7.8502702713e-01
4.0847736597e-01
4.2085242271e-01
1.0425702333e+00
1.2275046110e+00
4.4895503670e-02
-1.2818053961e+00
-3.0301516056e+00
-2.0981171131e+00
5.8051371574e-01
1.0356328487e+00
5.3410542011e-01
1.1054438353e+00
-8.0745846033e-02
-7.8069424629e-01
1.1543916166e-01
-8.1154030561e-01
-1.9036866426e+00
-1.6464874744e+00
-6.3993507624e-01
-2.3605310917e-01
-2.8017243743e-01
-6.2723040581e-01
5.8298077434e-02
-3.1951847672e-01
2.2113993764e-01
4.4613417983e-01
-1.6094282269e-01
5.5953934789e-02
-2.9783084989e-01
-6.4369183779e-01
-1.3071632385e-01
-7.7139779925e-02
5.2849578857e-01
4.7940078378e-01
4.1175580025e-01
6.2063306570e-01
5.5684608221e-01
1.5938645601e+00
1.5891801119e+00
1.2480707169e+00
-2.6643618941e-01
-3.8511797786e-01
-1.1651284695e+00
-8.8436824083e-01
-5.4803574085e-01
1.3344225287e-01
-1.4475157261e+00
-5.2436363697e-01
-1.9514223933e-01
-1.2075444460e+00
-5.2147817612e-01
2.8277701139e-01
9.7544938326e-01
2.5990641117e-01
1.0817371607e+00
2.2841722965e+00
6.2678968906e-01
-7.8017687798e-01
-5.7196578979e+00
-5.3769202232e+00
-5.1329665184e+00
4.1327598691e-01
4.7252666205e-02
2.8669431210e+00
1.6019343138e+00
7.2761976719e-01
1.4591307640e+00
7.2651076317e-01
-4.0719857812e-01
-1.4188451767e+00
-1.2902259827e+00
1.4819014072e+00
2.1458187103e+00
2.4807562828e+00
8.0175006390e-01
-1.5186777711e-01
-8.5834985971e-01
-1.8947888911e-01
9.7778362036e-01
7.2552390397e-02
-2.6445642114e-01
5.9009349346e-01
-9.3163587153e-03
4.4892665744e-01
9.4369220734e-01
5.1451206207e-01
9.1967344284e-01
1.7366386652e+00
5.9388083220e-01
-1.2173253298e+00
-8.5262113810e-01
-1.7077298164e+00
1.0287247896e+00
3.6570496559e+00
1.7449676991e+00
2.7709093094e+00
5.1212394238e-01
2.3105020821e-01
9.6564903855e-02
8.6680573225e-01
8.8155531883e-01
-6.0389965773e-01
3.2492759824e-01
3.1505003572e-01
5.4364375770e-02
-1.3281017542e-01
-2.1925997734e-01
3.1526559591e-01
-5.7299840450e-01
-5.8398145437e-01
-1.2420673370e+00
-2.3448626995e+00
-2.0833439827e+00
-2.5251555443e+00
-5.1501220465e-01
-1.1496863365e+00
7.1664765477e-02
1.7945847511e+00
1.4857136011e+00
2.2191673517e-01
1.2395465374e+00
2.8183549643e-01
-2.1110982895e+00
-1.8639900684e+00
-1.7416641712e+00
-9.4600433111e-01
-1.9112594128e+00
-1.6032494307e+00
3.2210135460e-01
-1.1886522770e+00
-6.2404036522e-01
-1.4957549572e+00
-1.5019156933e+00
-3.5845663548e+00
-2.0341715813e+00
2.4533247948e-01
-6.1130139977e-02
1.0635217428e+00
1.8325297832e+00
1.6046918631e+00
1.8332381248e+00
3.9447903633e-01
2.2736696526e-02
-1.7474145889e+00
-6.5462028980e-01
-1.5532720089e-01
2.3772449791e-01
5.5761164427e-01
3.1621077657e-01
8.6716014147e-01
8.5161715746e-01
1.4513987303e+00
6.0123795271e-01
-2.1824812889e-01
7.4506640434e-02
6.4986459911e-02
8.5072344542e-01
9.9396044016e-01
9.6900928020e-01
1.7203733325e-01
-1.0365051031e+00
-3.7503662705e-01
-8.4341043234e-01
-1.5478013083e-02
4.3972432613e-01
-5.1693201065e-01
-4.1722720861e-01
-1.7577470541e+00
-1.2198435068e+00
-1.6616064310e+00
-2.6365184784e-01
-2.2097990513e+00
-5.7005143166e-01
-4.6928429604e-01
-1.1648584902e-01
-1.2548673153e+00
2.9496327043e-01
-8.3559621125e-03
2.6043966413e-01
6.7462992668e-01
-7.3660820723e-01
-4.4239243865e-01
-1.5278588533e+00
-2.2206656933e+00
-1.9921489954e+00
1.0843769312e+00
-1.8520350754e-01
2.4666285515e+00
9.3877631426e-01
1.4766302109e+00
-7.1637684107e-01
6.7454499006e-01
2.8351014853e-01
-9.5657926798e-01
4.2129242420e-01
-6.3099610806e-01
1.6313645840e+00
2.1776929498e-01
1.1301666498e+00
-2.6917576790e-01
1.8645867109e+00
-3.3079543710e-01
-1.8486516476e+00
-1.5965863466e+00
-2.1386296749e+00
-1.9600896835e+00
2.7204000950e-01
1.8084337711e+00
2.0988476276e+00
2.3022890091e+00
3.3987390995e+00
2.8846130371e+00
2.9249410629e+00
3.1001839042e-01
1.6596009731e+00
1.0880906582e+00
6.3345098495e-01
-9.9806362391e-01
-1.5464439988e-01
1.2448178530e+00
2.9422416687e+00
6.7616987228e-01
-2.1180185676e-01
-2.4778909981e-01
-1.2279446423e-01
1.4115906954e+00
4.2803189158e-01
1.6775853634e+00
9.0339130163e-01
1.8543840647e+00
3.4148373604e+00
3.4818544388e+00
3.7339401245e+00
5.9265437126e+00
4.2635421753e+00
2.4174301624e+00
-4.4420054182e-03
1.9387649298e+00
8.7902772427e-01
-2.4776744843e-01
-4.8639479280e-01
-5.4188060760e-01
-5.8887813240e-02
1.2656513453e+00
-1.0670100898e-01
2.2747595310e+00
3.0247330666e-01
5.8399826288e-02
3.4180670977e-01
-3.3042389154e-01
-2.1553960443e-01
-4.8192006350e-01
-1.2148573399e+00
-1.5240455866e+00
-1.0059419870e+00
3.9089214057e-02
5.8719503880e-01
-1.9404944181e+00
-2.2191660404e+00
-1.9296314716e+00
-3.3160536289e+00
-2.2851719856e+00
-3.1996490955e+00
-2.6696896553e+00
-5.0595867634e-01
2.1190466881e+00
3.9137572050e-01
1.1412391663e+00
1.8451094627e+00
-2.3253528774e-01
-3.2650777698e-01
-5.3993308544e-01
-2.3617455363e-01
4.8486265540e-01
1.0434894562e+00
-9.8814272881e-01
-8.2846063375e-01
-1.4881653786e+00
-1.8894100189e+00
-1.5495779514e+00
-1.5460125208e+00
-6.6477572918e-01
-4.1242411733e-01
-5.5037790537e-01
4.3173596263e-01
-8.2093870640e-01
4.1573616862e-01
-2.3193359375e+00
-1.8458704948e+00
-1.5325192213e+00
-2.3654217720e+00
-2.4595675468e+00
-4.6471980214e-01
-6.7466682196e-01
-3.5084930062e-01
-6.8432861567e-01
-9.0232431889e-01
-1.2777884007e+00
1.6757364571e-01
4.7708475590e-01
1.4122425318e+00
5.9229105711e-01
1.0650490522e+00
-2.8611227870e-02
1.8308350444e-01
-7.1095222235e-01
-1.7892779112e+00
-2.3950064182e+00
-1.8014349937e+00
-7.1595573425e-01
-1.5754513443e-01
1.1905188560e+00
1.4314973354e+00
1.7982693911e+00
9.8411053419e-02
-6.7697994411e-02
-1.2980091572e+00
-2.3666067123e+00
-1.0726624727e+00
-1.2074847221e+00
1.6623310745e-01
1.0431163013e-01
8.0497646332e-01
5.7298225164e-01
9.5592719316e-01
-5.7421219349e-01
-7.2345006466e-01
-1.9932804108e+00
-3.6652390957e+00
-2.3828523159e+00
-1.6240024567e+00
1.2886198759e+00
2.2805206776e+00
3.9141852856e+00
2.3142111301e+00
3.3586689830e-01
-1.2056716681e+00
-1.8518713713e+00
-1.5549750328e+00
-2.0071911812e+00
-9.9624675512e-01
-1.0621320009e+00
-2.4406200647e-01
-1.1347348243e-01
4.3114656210e-01
-4.1229873896e-02
8.3589687943e-02
-2.0462767780e-01
-7.7698923647e-02
-2.2648832202e-01
-6.6939198971e-01
-2.4096058309e-01
-6.3890719414e-01
-1.5938096046e+00
-8.4715008736e-01
-2.5474673510e-01
-2.2824063897e-01
4.4983434677e-01
2.4726654589e-01
-5.2600872517e-01
2.2268390656e-01
1.4000520110e-01
-7.1261405945e-01
-1.1795555353e+00
-1.6701596975e+00
-1.7379118204e+00
2.3832449317e-01
7.0048615336e-02
2.5779893398e+00
2.1120200157e+00
2.6728041172e+00
-1.2320732325e-01
3.8878145814e-01
6.6733646393e-01
2.7943524718e-01
-1.3144962788e+00
-1.9485273361e+00
-2.7243113518e+00
-1.5297899246e+00
-2.9721862078e-01
1.6138715744e+00
2.6251828671e+00
4.0852560997e+00
2.2050166130e+00
1.1472920179e+00
-1.4969304204e-01
-7.7865552902e-01
-1.6200983524e+00
-6.4889323711e-01
-2.4382972717e-01
-6.0623991489e-01
-1.4281783104e+00
-1.5059058368e-01
-9.0993469954e-01
5.7641316205e-02
-4.6477541327e-01
-5.6492364407e-01
8.7128365040e-01
-1.2988543510e+00
2.8353306651e-01
-9.8017287254e-01
-5.1393198967e-01
-2.6497232914e-01
-5.9394776821e-01
-1.3255859613e+00
4.2214956880e-01
4.1728955507e-01
3.0716726780e+00
1.3301430941e+00
1.6001499891e+00
1.1462959051e+00
2.0578347147e-01
1.7390276492e-01
-1.0825934410e+00
-8.8990902901e-01
2.9083916545e-01
3.8786545396e-01
2.0749144554e+00
2.1417763233e+00
3.1094102859e+00
1.6931750774e+00
-6.6966050863e-01
-9.5520216227e-01
-7.2794348001e-01
-5.6664955616e-01
-1.4162707329e+00
-1.0680721998e+00
-5.0411969423e-01
-7.6461797953e-01
-1.2325962633e-01
1.4062671689e-03
4.3831112981e-01
4.4592395425e-01
5.2174413204e-01
-2.1600686014e-01
-5.0679957867e-01
-8.2471573353e-01
-5.1055413485e-01
-9.9337989092e-01
-9.3014621735e-01
-6.6988265514e-01
-1.0382357836e+00
3.5893294215e-01
3.7512633204e-01
9.4108361006e-01
1.1776227951e+00
-6.0116988420e-01
4.9064284563e-01
-3.3401226997e-01
5.2363544703e-02
8.2987940311e-01
9.1250467300e-01
2.8361296654e-01
-1.0866410732e+00
-1.6986330748e+00
-2.8049552441e+00
-3.0916464329e+00
-3.0348706245e+00
-1.2860165834e+00
2.4627679586e-01
1.6518995762e+00
3.1084322929e+00
1.5867424011e+00
1.4064905643e+00
-1.7433969975e+00
-1.9471946955e+00
-3.4431986809e+00
-1.9090423584e+00
-1.2263729572e+00
-8.2658225298e-01
5.5196555331e-03
-7.5009274296e-03
-2.0064079762e+00
-8.8491314650e-01
-1.4875369072e+00
-4.5585134625e-01
-8.0887430906e-01
7.3427140713e-02
1.8298372030e+00
3.6699444056e-01
1.7245608568e+00
4.7996082902e-01
-2.4308039248e-01
-4.8593452573e-01
1.9576398656e-02
-1.4253952503e+00
-3.8361054659e-01
-5.4249715805e-01
-8.4616869688e-02
-7.4179297686e-01
1.0443842411e+00
1.0627799034e+00
3.4373164177e-01
2.5500291586e-01
5.5847418308e-01
-8.7255406380e-01
3.9242064953e-01
-1.4388345480e+00
-1.2975157797e-01
-1.5231180191e+00
-8.5851943493e-01
-1.2430969477e+00
1.2324722856e-01
9.9608743191e-01
-6.5549076535e-03
-5.7635921240e-01
8.6921870708e-01
1.7495732307e+00
3.0298016071e+00
2.3968589306e+00
9.2933714390e-01
-1.0500198603e+00
-2.5914457440e-01
-1.8312932253e+00
-1.3316975832e+00
-1.4075417519e+00
5.2241468430e-01
-3.7944611907e-01
5.7463787496e-02
6.8551015854e-01
1.0084596872e+00
-3.1841114163e-02
9.7659814358e-01
4.1112959385e-01
-8.4253579378e-01
-4.2978819460e-02
-6.6558547318e-02
1.5135824680e+00
1.9437451363e+00
1.8126074076e+00
2.5668683052e+00
2.3106229305e+00
-1.7388715744e+00
-1.4946626425e+00
-1.9510359764e+00
-2.2466990948e+00
-2.5972106457e+00
-4.6193975210e-01
-6.4690685272e-01
3.5758435726e-01
-2.5493833423e-01
3.3957907557e-01
6.0883756727e-02
-1.3674987555e+00
-1.3340984583e+00
-1.6062614918e+00
-8.1780725718e-01
-2.8541535139e-01
-1.9734804630e+00
-2.2691526413e+00
-9.8208707571e-01
-7.6118654013e-01
-8.4478998184e-01
2.1171973646e-01
4.4935500622e-01
2.8542706370e-01
-6.2426805496e-01
-1.0083357096e+00
-7.0633041859e-01
-9.5984689891e-02
-8.5189431906e-02
-1.4371715486e-01
5.3326934576e-02
-9.2336274683e-02
8.7530153990e-01
2.3203434944e+00
1.2842097282e+00
1.0592544079e+00
1.1166140437e-01
-1.1241645813e+00
-8.2150876522e-01
-1.2962328196e+00
-1.7063077688e+00
3.0984607339e-01
-1.1492900848e+00
-1.2095668167e-01
7.6573705673e-01
7.8402394056e-01
1.5968582630e+00
1.6359738111e+00
2.1599419117e+00
3.3308652043e-01
-1.4757548571e+00
-3.6239862442e+00
-4.3141770363e+00
-2.2873034477e+00
-1.2494031191e+00
7.4261766672e-01
-2.5920182467e-01
-2.4993529916e-01
1.2216762304e+00
-1.0977658033e+00
-1.9157967567e+00
3.3823567629e-01
-3.3204200864e-01
8.4960013628e-02
2.1835706234e+00
-1.9266949892e+00
-4.0635734797e-02
1.1025834084e+00
1.4355784655e+00
-2.8625953197e-01
-2.5718933344e-01
5.6743842363e-01
3.6742982268e-01
1.0067332983e+00
-1.0379073620e+00
-2.3451970518e-01
-2.0591790676e+00
-1.8193361759e+00
-2.0897066593e+00
-9.7422617674e-01
-1.9996616989e-02
6.4874726534e-01
8.4186995029e-01
9.8367559910e-01
1.6090899706e+00
2.1107432246e-01
-1.1372365952e+00
-4.2481498718e+00
-4.9555110931e+00
3.2823792100e-01
-9.6351999044e-01
-3.5206374526e-01
-3.1593799591e-01
2.5466161966e-01
7.4013322592e-01
1.0218194723e+00
9.9955850840e-01
5.9645853937e-02
-8.4634053707e-01
-9.3367320299e-01
-3.4098389745e-01
-4.5478746295e-02
3.2874742150e-01
3.3290863037e-01
-7.9185807705e-01
-5.6210543960e-02
4.7245642543e-01
1.8733849525e+00
6.2354779243e-01
1.3232496381e-01
-5.8273071051e-01
-5.0149798393e-01
-1.6216652393e+00
-2.9194841385e+00
-2.2120472044e-02
2.2441785038e-01
-1.2348641157e+00
-1.1166446209e+00
-1.2209943533e+00
-5.6257396936e-01
-9.7260102630e-02
-1.3607211113e+00
1.4413627982e-01
-7.8617954254e-01
9.2808616161e-01
2.0500204563e+00
4.3654408455e+00
1.1996719837e+00
-1.3190367222e+00
-3.1368575096e+00
-8.7539774179e-01
-4.3225914240e-01
-2.1247492731e-01
6.0109478235e-01
4.2273753881e-01
1.4872977734e+00
2.3757400513e+00
9.6534872055e-01
-4.4579023123e-01
8.3052378893e-01
9.8240703344e-02
9.6496325731e-01
4.8424440622e-01
2.0013689995e+00
-1.0500193387e-01
2.4023215473e-01
-7.3649424314e-01
-9.6060299873e-01
-5.9495079517e-01
-1.7521673441e+00
-8.3795231581e-01
7.7098745108e-01
-3.0501583219e-01
1.1940181255e+00
3.2632079720e-01
9.3465852737e-01
4.8987632617e-03
1.5371059179e+00
-6.2763607502e-01
-2.3807494640e+00
-8.7802118063e-01
-4.5890972018e-01
-4.3389499187e-01
-1.0781625509e+00
-8.1825435162e-01
8.9301609993e-01
-6.8968135118e-01
7.9927963018e-01
3.4076857567e-01
2.8751832247e-01
-1.0857481509e-01
-4.8957381397e-02
6.1022812128e-01
4.0275257826e-01
2.4779413640e-01
9.2931473255e-01
1.1969008446e+00
1.1384871006e+00
1.0264874697e+00
1.6096935272e+00
1.5433032513e+00
7.3574006557e-01
4.9025890231e-01
-1.5069152117e+00
-2.8381571770e+00
-1.6878564358e+00
-1.9951392412e+00
-1.5252590179e+00
2.2315211594e-01
8.0595177412e-01
1.1345629692e+00
3.0251985788e-01
1.8094296455e+00
1.5058366060e+00
-4.1149351001e-01
8.8196450472e-01
5.3839415312e-02
1.2517307997e+00
3.2922726870e-01
1.7280015945e+00
1.1811678410e+00
2.8137066364e+00
1.8944998980e+00
3.8323867321e-01
-1.2843897343e+00
-3.1612551212e+00
-4.4558973312e+00
-3.3117413521e+00
-1.7468973398e+00
-1.5052357912e+00
1.1232993603e+00
1.0602366924e+00
-2.0949551463e-01
1.2956625223e-01
-2.7713983059e+00
-3.9594821930e+00
-2.5687189102e+00
-3.6531348228e+00
-2.4295971394e+00
-1.9976587296e+00
-1.3706893921e+00
-1.5168656111e+00
-1.3058928251e+00
-1.8925782442e+00
-1.6436666250e+00
-1.2536739111e+00
-1.6016690731e+00
-1.9955381155e+00
-2.5617295504e-01
-1.8024349213e-01
3.2802230120e-01
1.2822985649e-01
1.4112164080e-01
-2.6901349425e-01
4.4137448072e-01
2.5108334422e-01
5.7570761442e-01
8.6989223957e-01
7.3816388845e-01
9.1304987669e-01
1.7539259195e+00
1.5655750036e+00
1.1403270960e+00
9.5027357340e-01
9.7706544399e-01
1.2149631977e+00
-1.3060542941e-01
6.8587148190e-01
-5.6165054440e-02
1.2757889032e+00
1.3217798471e+00
1.5242447853e+00
9.4293975830e-01
-3.7115257978e-01
-1.5958130360e+00
-3.0329718590e+00
-2.9233720303e+00
-9.6376609802e-01
-3.8462594151e-01
4.6404466033e-01
8.7909018993e-01
-1.8381533027e-01
2.7906683087e-01
9.3680900335e-01
-1.8993095160e+00
-4.2828726768e-01
-1.1293590069e+00
-6.8002706766e-01
3.4347066283e-01
1.1907858849e+00
9.6277087927e-01
-2.6359254494e-02
-1.4439458847e+00
-9.1385203600e-01
3.6609607935e-01
1.5736533701e-01
-2.0576074123e+00
-6.0738533735e-01
-5.0241845846e-01
-7.7452772856e-01
4.3308287859e-01
1.3534536362e+00
1.9993720055e+00
1.2159558535e+00
1.1465054750e+00
8.3799785376e-01
4.6591347456e-01
4.7573986650e-01
-4.6872648597e-01
-2.0557951927e+00
-2.3243894577e+00
-1.4867992401e+00
-1.1587067842e+00
-1.9084033370e-01
-3.3780908585e-01
-2.3692806065e-01
-4.3637096882e-01
-4.1207382083e-01
-4.9078443646e-01
-9.6397769451e-01
-4.7748616338e-01
-7.3499399424e-01
4.9025693536e-01
5.8170962334e-01
1.4586601257e+00
1.5726771355e+00
1.6584526300e+00
1.8200348616e+00
2.0330805779e+00
2.1508312225e+00
1.0134887695e+00
1.2367168665e+00
1.4909234047e+00
1.4118037224e+00
-1.7853405327e-02
-1.8768110275e+00
-5.9374922514e-01
-1.3418346643e+00
-4.1859468818e-01
-8.5372519493e-01
8.5785853863e-01
5.5251532793e-01
9.8738980293e-01
-2.7537515759e-01
-2.3029257357e-01
-3.4657371044e-01
-2.7680110931e-01
-5.5922770500e-01
-1.5686005354e-01
1.3731615543e+00
1.4649344683e+00
-4.8219102621e-01
-8.1944710016e-01
-2.3935794830e+00
-2.6569402218e+00
-1.6772162914e+00
-6.9158947468e-01
-3.1069850922e-01
8.6698961258e-01
-7.7611500025e-01
-2.4912350178e+00
1.0671696663e+00
6.3924252987e-01
-6.4151841402e-01
-9.2017686367e-01
2.9728848934e+00
2.0653662086e-01
1.2678792477e+00
5.1732569933e-01
8.2541716099e-01
6.2036622316e-02
5.8306819201e-01
-3.4604239464e+00
7.8336298466e-01
-1.4455418587e+00
5.2875608206e-01
5.4871636629e-01
1.6935800314e+00
2.9069748521e-01
-1.2992413342e-01
1.9576434791e-01
1.9955105782e+00
1.1735258102e+00
6.3775044680e-01
-1.1564009190e+00
-2.7129099369e+00
-1.7536925077e+00
-1.5129053593e+00
-9.4599366188e-01
-6.6241997480e-01
1.1751512438e-01
-1.1160412431e-01
4.4210496545e-01
1.0106705427e+00
8.2726806402e-01
2.5179924965e+00
2.9011681080e+00
2.7375764847e+00
1.9504252672e+00
-1.5023887157e-01
-1.3843666315e+00
-1.4151104689e+00
-1.5786817074e+00
-4.4868972898e-01
-7.2349667549e-02
-8.1360793114e-01
-1.2615529299e+00
-6.1685371399e-01
3.2341711223e-02
6.7881715298e-01
-5.6776857376e-01
-1.7814679146e+00
-1.9423043728e-01
-1.0243335962e+00
5.8951961994e-01
2.0249483585e+00
9.3338751793e-01
2.2572069168e+00
3.3936660290e+00
2.9242541790e+00
-1.8199668825e-01
-2.4288702011e+00
-3.5412046909e+00
-3.0727267265e+00
-8.4360045195e-01
-9.9447834492e-01
9.8328584433e-01
-4.6434175968e-01
7.7301973104e-01
4.3005222082e-01
7.0192933083e-01
4.6359422803e-01
-3.5863849521e-01
1.5466408432e-01
-2.2558293343e+00
-2.0133492947e+00
-1.6411354542e+00
-1.7128772736e+00
-6.3174092770e-01
-5.1671546698e-01
1.3414625823e-01
2.9360322282e-02
-3.7517547607e-01
-9.1983717680e-01
-1.2343349457e+00
-5.2758121490e-01
-1.4848823547e+00
-1.8093611300e-01
-3.0172225833e-01
-2.6566684246e-01
-7.9520404339e-02
1.3905832171e-01
1.2266620398e+00
7.8674796969e-03
4.8194676638e-01
-6.4750827732e-05
1.8359534442e-01
1.2842155993e-02
-5.2236884832e-01
7.2012662888e-01
2.9665985703e-01
-1.2614709139e-01
2.9956960678e-01
1.2534402609e+00
1.7931787968e+00
2.4350569248e+00
4.5126366615e+00
4.0463876724e+00
2.1842970848e+00
-1.5733301640e-01
-3.1209115982e+00
-2.3905692101e+00
-3.2095520496e+00
-1.6860216856e+00
-9.9752455950e-01
-2.3403697014e+00
-8.9811243117e-02
-1.8478817940e+00
-1.7473575473e-01
9.2793859541e-02
-3.4567070007e-01
-1.5078710020e-01
-6.6347762942e-02
-2.2952709198e+00
1.1022289991e+00
2.1793005988e-02
-7.6134860516e-01
-6.8625909090e-01
-2.0054943562e+00
-2.9808876514e+00
-1.5160160065e+00
5.2067810297e-01
-2.1524326801e+00
-1.8890239000e+00
-1.5983121395e+00
-2.7042422295e+00
-3.4638175964e+00
-4.4628205299e+00
-3.7421846390e+00
-3.9791911840e-01
1.0627642870e+00
9.8985689878e-01
1.0118947029e+00
-1.4854202271e+00
-2.6599237919e+00
-1.4610412121e+00
-2.0625171661e+00
-3.6753356457e+00
-3.3138253689e+00
-1.2342150211e+00
-1.5684921741e+00
-4.1403964162e-01
-1.3719890118e+00
-3.9483326674e-01
-5.7040411234e-01
1.8455819786e-01
6.8127858639e-01
3.8620626926e-01
1.1388108730e+00
8.3622890711e-01
1.0288300514e+00
1.3890358210e+00
1.2261314392e+00
1.3323719501e+00
1.9390816689e+00
1.9342317581e+00
1.5913004875e+00
9.9380564690e-01
2.2589573860e+00
2.2908613682e+00
1.4761964083e+00
7.6644498110e-01
4.9273177981e-01
1.9508934021e-01
-2.6002142429e+00
1.4458768070e-01
6.3796162605e-01
-1.3795832396e+00
3.7303659320e-01
8.9390945435e-01
2.3835828900e-01
3.4437289834e-01
3.7514173985e-01
1.2509469986e+00
-4.8740789294e-01
1.8088756800e+00
3.4494454861e+00
2.3537101746e+00
2.6522952318e-01
-1.5863270760e+00
-1.2508827448e+00
-7.8232270479e-01
-8.9467442036e-01
2.6256799698e-01
2.1438417435e+00
-2.9116532207e-01
-2.1125309169e-01
-1.7399631739e+00
5.2675378323e-01
1.4307186604e+00
2.1810073853e+00
1.8206756115e+00
2.4745283127e+00
4.7456769943e+00
2.0016605854e+00
1.4972610474e+00
5.1261401176e-01
2.8894227743e-01
-2.0182087421e+00
-5.9318292141e-01
-2.2075313330e-01
-8.4146291018e-01
-2.2998492718e+00
9.6293920279e-01
-3.2966834307e-01
7.7544468641e-01
-1.8282218277e-01
1.5293319225e+00
-2.5109002367e-02
-9.1081929207e-01
-2.3963060379e+00
-1.9910582304e+00
-1.2001574039e+00
-8.3227771521e-01
-3.6844193935e-01
-5.6432646513e-01
-7.8814607859e-01
-4.8307913542e-01
-5.1064360142e-01
-7.1969443560e-01
6.5567469597e-01
1.0673170090e+00
1.0439378023e+00
2.1061732769e+00
9.9151384830e-01
2.2251480818e-01
-1.2964466810e+00
-3.1016683578e+00
-2.0110843182e+00
-3.8230495453e+00
-1.6527984142e+00
1.0022753477e+00
2.0015299320e+00
2.4445941448e+00
1.3087770939e+00
2.4438039400e-03
4.5563852787e-01
1.4840124846e+00
-2.0944106579e+00
-5.3375691175e-01
-4.5885544270e-02
-2.1549171209e-01
1.2243946791e+00
1.1201745272e+00
2.6015458107e+00
8.9590835571e-01
1.3276615143e+00
-3.3826100826e+00
-2.5337686539e+00
-4.0651111603e+00
-2.3141613007e+00
3.0142477155e-01
1.6173132658e+00
1.3649455309e+00
2.3153367043e+00
2.7190730572e+00
6.6241699457e-01
-2.6175278425e-01
-1.4020520449e-01
-6.4752951264e-02
1.2392062694e-01
-2.6812925935e-01
-8.3916980028e-01
-1.9364888668e+00
-7.3965299129e-01
-3.6498731375e-01
-6.5100628138e-01
-2.3158591986e-01
1.8320876360e-01
-1.1021783948e-01
1.1684893072e-01
-4.8409208655e-01
-7.4053746462e-01
-7.1225762367e-01
-7.2145503759e-01
-7.9053491354e-01
-9.1369950771e-01
-5.2052462101e-01
-2.8033664823e-01
9.0255504847e-01
3.6053219438e-01
4.4042944908e-01
-5.8753162622e-01
-1.7625079155e+00
-2.3805541992e+00
-1.8942317963e+00
-2.3373072147e+00
-1.1435759068e-01
9.6067911386e-01
-1.0384505987e+00
2.4455042183e-01
-3.4974572062e-01
1.6484010220e+00
1.6124539375e+00
1.7325259447e+00
-3.4675905108e-01
-9.8482865095e-01
-3.2731671333e+00
-2.6510739326e+00
-6.5997748375e+00
1.1683245003e-01
5.9157651663e-01
2.1305928230e+00
1.2818099260e+00
1.7882095575e+00
4.3139439821e-01
1.6028963327e+00
5.4133987427e-01
1.8813148141e-01
-1.5503114462e+00
-9.3774193525e-01
-1.3907743692e+00
-1.2358683348e+00
-1.1986932158e-01
-1.2348904610e+00
1.0046369582e-01
7.3038518429e-02
-1.0239452869e-01
-5.2691513300e-01
1.1424101591e+00
1.8026611209e-01
-5.0197809935e-01
-6.9407367706e-01
-7.0459735394e-01
-1.6447873116e+00
-1.1409636736e+00
-1.9964756072e-01
-1.5015515089e+00
-5.7299748063e-02
-6.2752181292e-01
6.8163365126e-01
5.4750561714e-01
6.4277344942e-01
-2.3379313946e+00
-1.0406770706e+00
-2.2850358486e+00
3.0227744952e-02
4.1040621698e-02
8.3425837755e-01
-5.8696883917e-01
4.7397333384e-01
2.7541828156e-01
1.2762355804e-01
4.3325850368e-01
-5.0734239817e-01
-2.3816803098e-01
-5.2109235525e-01
-5.4022049904e-01
-6.1990481615e-01
3.3806571364e-01
7.2440475225e-01
1.5211290121e+00
1.0655806065e+00
1.6346256733e+00
2.0899608135e+00
1.6533914804e+00
9.2179185152e-01
3.4501758218e-01
-3.2964593172e-01
-1.3357920945e-01
-5.4141074419e-01
1.5861245394e+00
8.7114620209e-01
1.2761847973e+00
-3.0505549908e-01
3.5038575530e-01
-6.6924057901e-02
4.6779945493e-02
-8.6050248146e-01
8.3010756969e-01
8.1240969896e-01
2.7134544849e+00
2.8346786499e+00
2.4279608727e+00
1.4322491884e+00
-1.3513470888e+00
-3.9920237064e+00
-4.1451244354e+00
-3.3784856796e+00
1.0186271667e+00
1.1938426495e+00
2.6567065716e+00
1.3463633060e+00
3.1629087925e+00
1.1138910055e+00
-1.0391693562e-01
-1.3702112436e+00
-1.3958832026e+00
-9.9687255919e-02
9.9164444208e-01
1.5501290560e+00
1.0942226648e+00
-2.1661569178e-01
-2.2608704567e+00
-5.9172172546e+00
-1.8985784054e+00
-6.8581354618e-01
3.3621242642e-01
-1.0634273291e+00
-2.3102952540e-01
-2.8842505813e-01
1.9864308834e+00
1.3038254976e+00
1.7854940891e+00
1.6020369530e+00
-1.4790442586e-01
-1.8340326548e+00
-1.1593816280e+00
-3.1974983215e-01
-5.1770112477e-03
4.2499166727e-01
1.3485330343e+00
2.0587115288e+00
1.9744369984e+00
5.3104007244e-01
-5.8278881013e-02
9.1697055101e-01
6.2670004368e-01
2.7941349894e-02
2.7280715108e-01
-6.9286152720e-02
7.4429941177e-01
1.0951980352e+00
-8.8895875216e-01
1.2953937054e-01
-3.7016589195e-02
-8.9010459185e-01
1.1576978723e-03
-3.5854217410e-01
-4.3272721767e-01
-1.6485700607e+00
-2.1451084614e+00
-2.0844151974e+00
-1.5665708780e+00
-7.8537172079e-01
6.1991637945e-01
1.7533950806e+00
-5.8934533596e-01
-7.4305450916e-01
-2.8191915154e-01
-1.2470079660e+00
-4.1804596782e-01
-2.7506357431e-01
-1.7456042767e+00
-1.1102449894e+00
1.8975630403e-02
-9.0316563845e-01
5.2002880722e-02
-5.2414987236e-02
-6.3631638885e-02
-7.8983165324e-02
-2.2455380857e-01
-6.8592071533e-01
-1.8784943223e-01
-5.8938258886e-01
4.5536205173e-02
-5.4240775108e-01
4.5544657111e-01
4.7950917482e-01
3.8224107027e-01
9.6480393410e-01
9.5779716969e-01
1.6442458630e+00
1.5612183511e-01
-8.7731206417e-01
-7.9542315006e-01
-4.3938255310e-01
2.8136916459e-02
4.2157661915e-01
7.8377926350e-01
2.7587950230e-01
3.7873816490e-01
-6.0262456536e-02
2.1522130817e-02
1.4672252536e-01
-2.6329156756e-01
-7.8951440752e-02
7.3763322830e-01
7.6541382074e-01
-3.6351734400e-01
-4.2155978084e-01
8.5902526975e-02
-2.3743997514e-01
-9.4112735987e-01
-4.4715923071e-01
-1.3864214420e+00
-3.4666683674e+00
-3.1910464764e+00
-3.8227701187e+00
7.2415536642e-01
-1.6256653070e+00
2.9400640726e-01
5.8336389065e-01
6.5630435944e-01
6.2708720565e-02
-1.6770571470e+00
2.7427959442e-01
3.1852635741e-01
8.5194933414e-01
-1.9771953821e+00
-3.8969647884e-01
1.6327058077e+00
-1.7854187489e+00
-2.1523776054e+00
-5.9133470058e-01
-2.0082726479e+00
-4.9537065625e-01
-1.8413119316e+00
4.4797316194e-02
4.9908539653e-01
7.9361625016e-02
-4.3110924959e-01
-2.6953324676e-01
-6.5650480986e-01
-1.7191079259e-01
-7.3248547316e-01
1.0151422024e+00
-1.8464509249e+00
-5.6334490776e+00
-4.8816952705e+00
-4.2909736633e+00
-2.8858125210e+00
2.5011868477e+00
2.8234237432e-01
-1.6418732405e+00
-1.5037714243e+00
-1.6701850891e+00
-5.3503853083e-01
-1.1000597477e+00
-1.1201145649e+00
-5.4695403576e-01
3.1549868584e+00
-1.6198855639e+00
4.2391860485e-01
1.4529924393e+00
1.5326344967e+00
-6.9934076071e-01
-1.5079880953e+00
-6.5456752777e+00
-5.0433974266e+00
-3.7714593410e+00
-9.6929687262e-01
-3.3994588852e+00
2.7690279484e-01
-5.5596417189e-01
-1.6973017454e+00
5.7580345869e-01
-4.0191017091e-02
1.4692412615e+00
2.0647156239e+00
3.6792740226e-01
1.0270210505e+00
4.3691945076e-01
2.3516881466e+00
-5.8089051396e-02
-1.1566447020e+00
-2.4994061887e-01
-2.0584693551e-01
-5.2158308029e-01
-7.2514122725e-01
-1.6933412552e+00
-2.8630864620e+00
-4.2108669281e+00
-5.1028890610e+00
6.7591923475e-01
3.1164476275e-01
9.4869154692e-01
5.8086454868e-01
-6.3923639059e-01
-2.3977109790e-01
-2.1991017461e-01
9.1852951050e-01
-6.5801523626e-02
-1.4073661566e+00
-3.8582157344e-02
5.3565418720e-01
-1.7902414799e+00
-1.9473264217e+00
1.7884529829e+00
1.7764078379e+00
1.4323012829e+00
-1.8532407284e+00
-5.3782981634e-01
4.3981617689e-01
-9.9852204323e-01
-1.2741779089e+00
1.5358604193e+00
1.6180304289e+00
2.2505061626e+00
-1.6858817637e-01
6.3362292945e-02
7.8629052639e-01
2.6323080063e+00
2.1459200382e+00
-5.6635242701e-01
2.3860037327e+00
1.7989548445e+00
2.6973342896e+00
1.7086143494e+00
1.4282711744e+00
8.3116650581e-01
1.4455664158e+00
2.1000659466e+00
2.2203853130e+00
1.8266990185e+00
1.4081559181e+00
1.8924762011e+00
3.3049609661e+00
4.2701840401e+00
1.2908947468e+00
2.5658664703e+00
2.8166685104e+00
2.4194040298e+00
2.5780646801e+00
-1.7417420447e-01
3.6565355957e-02
3.7546911836e-01
2.4089157581e-01
3.9195811749e-01
8.5020798445e-01
9.5686441660e-01
1.1366107464e+00
1.8151191473e+00
1.5652085543e+00
5.8200639486e-01
-1.6344040632e+00
-2.3113873005e+00
-3.5301783085e+00
-4.2844195366e+00
-2.3090314865e+00
1.3471266031e+00
3.8523596525e-01
2.4033835530e-01
-3.5155376792e-01
8.6073851585e-01
-9.6669447422e-01
-1.1950044632e+00
-7.2558724880e-01
-2.1691277623e-01
-2.0081859827e-01
-2.5246044993e-01
2.7622118592e-01
1.8151690960e+00
1.7135062218e+00
2.2317759991e+00
2.3008528352e-01
-1.5896019936e+00
-4.6238865852e+00
-6.4670882225e+00
-5.3082609177e+00
-2.4594588280e+00
1.4777842760e+00
8.4348595142e-01
3.0225481987e+00
1.8210062981e+00
6.2402731180e-01
7.0554947853e-01
7.0631796122e-01
1.0358898342e-01
5.7037925720e-01
1.4932999611e+00
1.1261340380e+00
5.1162993908e-01
3.6396676302e-01
4.3373156339e-02
3.1082463264e-01
4.9974074960e-01
-3.3516210318e-01
4.6001446247e-01
1.6838170588e-01
8.6449944973e-01
5.1851469278e-01
7.8792363405e-02
-2.5719004869e-01
-7.4304181337e-01
-1.6622044146e-01
-5.4244256020e-01
2.2394387424e-01
6.1245942116e-01
8.4964680672e-01
8.7537217140e-01
7.4662280083e-01
-5.6314563751e-01
-1.0978991985e+00
-2.0016863346e+00
-2.1656789780e+00
-2.4993786812e+00
-1.3390995264e+00
-9.2317539454e-01
1.1492337286e-01
4.9409061670e-01
8.9998680353e-01
2.0842864513e+00
1.4794795513e+00
-5.4103285074e-01
-1.2502278090e+00
-4.2283535004e+00
-4.0619592667e+00
-3.8157362938e+00
-2.5739848614e+00
1.3114836812e-01
8.1565850973e-01
1.0994252563e-01
8.7534987926e-01
-2.0966836810e-01
-4.0732717514e-01
-7.2357487679e-01
-4.9271452427e-01
-8.3304435015e-01
-3.6678588390e-01
-1.0328442603e-01
-3.0165189505e-01
4.1881337762e-01
6.6204905510e-01
3.2442026138e+00
1.3589193821e+00
3.9620056748e-01
-9.8049747944e-01
1.0497354269e+00
8.1951498985e-02
-1.7275314331e+00
-3.1240165234e+00
-2.8415956497e+00
-8.6829763651e-01
4.1348767281e-01
-1.0583714247e+00
-5.8344691992e-01
3.4808355570e-01
1.2563791871e-01
1.0545937717e-01
-1.5611901283e+00
-1.9723715782e+00
-1.1649230719e+00
-7.8632360697e-01
-7.0492464304e-01
4.9482354522e-01
7.4000597000e-01
2.3749712110e-01
6.3458162546e-01
2.7032642365e+00
1.7686778307e+00
1.7122064829e+00
1.0783247948e+00
9.8400324583e-01
5.4088211060e-01
-2.4117385969e-02
6.0405258089e-02
-1.4423990250e-01
-1.3268647194e+00
-7.0717239380e-01
-3.2696816325e-01
-5.7457631826e-01
-1.0065229237e-01
-1.2201637030e+00
7.6816305518e-02
3.5483002663e-01
3.7230473012e-02
3.5779577494e-01
-2.2431202233e-01
-1.9149293005e-01
-7.3086410761e-01
4.5917788148e-01
6.3953924179e-01
5.1450330019e-01
1.0975552797e+00
5.1715856791e-01
3.3631186932e-02
8.5022097826e-01
4.9595174193e-01
-3.4383304417e-02
1.9708400965e+00
1.4954209328e+00
1.3533279300e-01
-1.1898189783e+00
-1.0285885334e+00
-3.5080013275e+00
-8.3506364822e+00
-7.0091176033e+00
-2.3086657524e+00
6.1129635572e-01
2.0446612835e+00
-5.9983772039e-01
3.0982050896e+00
2.9208128452e+00
3.2569947839e-01
1.0606997013e+00
2.0653903484e+00
1.0794061422e+00
6.3744378090e-01
1.7218848467e+00
1.0752164125e+00
-3.0259543657e-01
-8.8663291931e-01
-1.6229269505e+00
1.7449852824e-01
-4.5816954970e-01
-8.8550692797e-01
-6.8553137779e-01
-2.5267434120e-01
3.6984145641e-01
1.8661094904e+00
1.2594745159e+00
2.6065032482e+00
7.4047064781e-01
-1.1135007143e+00
-1.0835375786e+00
-4.4926977158e-01
-2.2736334801e+00
-1.6409242153e+00
-5.6311506033e-01
7.6521509886e-01
8.8662415743e-01
1.3182076216e+00
7.6220774651e-01
1.2390189171e+00
7.0931178331e-01
6.5322786570e-01
-4.9992138147e-01
-9.1852492094e-01
8.0884015560e-01
-2.4717591703e-01
3.3253037930e-01
7.0186746120e-01
8.7332725525e-01
6.1707329750e-01
9.3825513124e-01
7.1488064528e-01
9.1061991453e-01
5.2728122473e-01
4.4633027911e-01
7.1430528164e-01
7.8121948242e-01
8.5279852152e-01
-2.9453154653e-02
-3.6396515369e-01
-3.1600686908e-01
-1.2422353029e+00
-1.4832191467e+00
-1.3938430548e+00
4.2891618609e-01
-7.8344684839e-01
1.5504679680e+00
5.5345994234e-01
1.1078021526e+00
1.9292292595e+00
1.2677932978e+00
1.2546064854e+00
-5.0829690881e-03
6.6848754883e-01
-1.8853832781e-01
4.3657284975e-01
1.4314559698e+00
3.0493658781e-01
8.3814388514e-01
4.7622868419e-01
-4.3008977175e-01
-7.8489732742e-01
-1.1666682959e+00
-9.9758636951e-01
-7.0697620511e-02
-1.1538556218e-01
1.4187188148e+00
6.1880499125e-01
4.1109904647e-01
-3.0135838985e+00
-4.0483355522e+00
-3.1870169640e+00
-3.8421726227e+00
-4.4769153595e+00
-4.4361481667e+00
-1.7926788330e+00
-5.6016707420e-01
-2.0774583817e+00
-4.4779057503e+00
-3.6561958790e+00
-2.4918332100e+00
-3.9173595905e+00
-2.7105798721e+00
-1.4359629154e+00
-2.3720529675e-01
-7.9838174582e-01
-4.4995650649e-01
6.4724296331e-01
7.5217080116e-01
3.7073814869e-01
4.2067486048e-01
7.8267818689e-01
5.1716721058e-01
6.8141542375e-02
1.6882245243e-01
3.0173510313e-01
2.6913061738e-01
2.4086727202e-01
4.0399831533e-01
-8.4508144855e-01
1.2119386196e+00
2.1122159064e-01
8.8091170788e-01
5.5062711239e-01
7.2047555447e-01
6.2110495567e-01
1.1040478945e+00
1.6958845854e+00
7.7164065838e-01
-2.1945136786e-01
-1.6129499674e+00
-1.3980810642e+00
-4.9349528551e-01
-9.8175513744e-01
-3.9764907956e-01
-4.1565415263e-01
-2.5209245086e-01
-4.6162578464e-01
-1.0771332681e-01
-2.0192923546e+00
-2.9911965132e-01
-8.9214080572e-01
-2.4044141769e+00
-3.0809082091e-02
-8.7826615572e-01
2.3195822239e+00
7.6950088143e-02
1.3556485176e+00
1.6543021202e+00
1.0734599829e+00
1.6427634954e+00
4.8626461625e-01
2.4933817983e-01
1.0537127256e+00
6.4260059595e-01
2.3202535510e-01
1.7630822659e+00
2.8105058670e+00
3.4777996540e+00
2.4384481907e+00
2.4917056561e+00
2.5582602024e+00
1.1131845713e+00
7.1540760994e-01
-2.9124324322e+00
-1.5129033327e+00
-2.4963181019e+00
-1.0947545767e+00
-1.2885321379e+00
-6.1118650436e-01
6.0053044558e-01
3.3098816872e-01
8.6531108618e-01
-7.4677634239e-01
-5.7637304068e-01
-8.4517091513e-01
-3.2069230080e-01
8.1672841311e-01
1.1977537870e+00
1.5750125647e+00
2.1265380383e+00
2.0721158981e+00
1.3304500580e+00
1.1578551531e+00
6.9279450178e-01
5.2239149809e-01
6.4844727516e-02
-2.1102032065e-01
-6.5913152695e-01
-6.6712361574e-01
1.3647975922e+00
-7.3624223471e-01
1.3847441673e+00
-7.2058841586e-02
1.3811107874e+00
1.3517307043e+00
1.9401657581e+00
2.5041534901e+00
1.2305918932e+00
5.8206170797e-01
-6.4382869005e-01
2.5495252013e-01
6.2345165014e-01
-3.5245156288e-01
-2.4865899980e-01
2.1334406734e-01
-1.2438074350e+00
-5.4843451828e-02
-1.1593899876e-01
5.8372980356e-01
-7.2390818596e-01
-1.1811175346e+00
-6.1700075865e-01
4.5785456896e-01
-2.1283624172e+00
7.6203656197e-01
5.4298821837e-02
-3.6731908321e+00
2.2335720062e+00
1.2990293503e+00
-1.3465694189e+00
-6.0807204247e-01
7.7209353447e-02
-4.6703132987e-01
-3.5907572508e-01
-4.3668875098e-01
-1.6461832523e+00
-1.5872615576e-01
-1.6932837963e+00
-1.0080783367e+00
-2.2309212685e+00
8.0506962538e-01
7.4329465628e-01
1.7521882057e-01
2.0148928165e+00
4.9990823865e-01
2.8475236893e-01
2.0252671242e+00
1.3059769869e+00
-1.2314633131e+00
9.6089661121e-01
-9.6135026217e-01
2.5616908073e-01
-5.6183564663e-01
-1.3370167017e+00
-6.4490139484e-01
2.3846976459e-02
9.2117393017e-01
-1.2811321020e+00
-4.0565091372e-01
-5.0961756706e-01
8.2602214813e-01
-7.4964988232e-01
-1.6294705868e+00
-1.8364788294e+00
-5.5933628231e-02
-1.0846056938e+00
-6.0523396730e-01
-3.8850600831e-03
-1.1309909821e+00
-6.3879311085e-01
-5.0823289156e-01
-2.1907258034e-01
5.8423751593e-01
-1.8602728844e+00
-1.5412585735e+00
-1.8154398203e+00
-5.4605107754e-02
-6.4659994841e-01
-3.3964666724e-01
-3.0064389110e-01
8.9412607253e-02
1.3405661583e+00
1.1700094938e+00
-3.3086857200e-01
7.1456581354e-02
1.2632803917e+00
3.9553046227e-01
4.1411638260e-01
9.2100161314e-01
3.2683083415e-01
7.8873282671e-01
2.5952222943e-01
3.4741622210e-01
4.5500943065e-01
8.8187795877e-01
-2.3856671154e-01
-7.7572919428e-02
5.5003184080e-01
3.1376111507e-01
-9.4048994780e-01
-4.8344519734e-01
-8.3479362726e-01
2.3873472586e-02
-3.3915168047e-01
1.8125692382e-02
2.0067144651e-03
2.1613672376e-01
8.3770489693e-01
4.9901455641e-01
-1.2502275705e+00
-1.9686290026e+00
-1.8829880953e+00
-7.8692895174e-01
-1.4042084217e+00
-4.7373875976e-01
8.8307715487e-04
-3.1419205666e-01
-7.8377234936e-01
-9.3695163727e-01
-6.5453743935e-01
-6.9002270699e-01
-1.0403292179e+00
-1.7566115856e+00
3.3329524100e-02
-4.5694433153e-02
-4.6722891927e-01
-1.6752870381e-01
-4.6521052718e-01
1.8193422556e+00
-1.3075883687e-01
1.9977545738e-01
-2.6081794500e-01
-2.8268465400e-01
-6.4876532555e-01
-5.2985143661e-01
5.9988772869e-01
-6.4419561625e-01
-1.6348518133e+00
-1.6884467006e-01
-7.9792402685e-02
1.2239158899e-01
9.6232992411e-01
-2.6713822037e-02
7.1014726162e-01
1.4308203459e+00
8.0238360167e-01
5.2852404118e-01
-4.3662920594e-02
3.0649640560e+00
3.5917308927e-01
-1.8015290797e-01
1.3502306938e+00
9.0755838156e-01
7.6032429934e-02
6.2596821785e-01
9.3400847912e-01
6.5199816227e-01
6.9813585281e-01
7.6239126921e-01
1.1429063082e+00
2.6062306762e-01
-7.0555454493e-01
4.0336498618e-01
1.0738546848e+00
1.1959744692e+00
4.6916902065e-01
1.5258810520e+00
2.4403405190e+00
5.8908408880e-01
1.6423472166e+00
6.8775838614e-01
-9.4172108173e-01
7.7865362167e-02
2.2700433433e-01
4.8359745741e-01
2.4678547382e+00
4.3426927924e-01
1.7005861998e+00
-3.4257206321e-01
8.2802993059e-01
-1.5694791079e+00
-2.1167880297e-01
-2.3627533913e+00
-4.2102479935e+00
-2.5732536316e+00
-6.1769008636e+00
-8.6578807831e+00
-9.5705919266e+00
-1.0322886467e+01
-9.2083654404e+00
-6.7442741394e+00
-6.3829398155e+00
-2.9947004318e+00
-1.5694075823e+00
-2.9778962135e+00
-1.6328841448e+00
-1.7156603336e+00
6.7497849464e-01
1.8838686943e+00
-6.9741141796e-01
1.0142146051e-01
-4.6930018812e-02
-1.4160963297e+00
-4.7585415840e-01
-1.6214054823e+00
-5.3977048397e-01
1.8806802034e+00
4.0456538200e+00
4.6165456772e+00
4.2744922638e+00
6.4067381620e-01
1.0093417168e+00
3.1537228823e-01
1.1580882221e-01
3.1307384372e-01
1.9607887268e+00
1.9368938208e+00
2.4406044483e+00
8.1282806396e-01
9.6408861876e-01
2.5027081370e-02
-1.0034457445e+00
2.9825904965e-01
1.5479282141e+00
-4.6557381749e-01
3.1522238255e-01
2.9060800076e+00
2.4740614891e+00
1.9492588043e+00
8.9908522367e-01
1.5252269506e+00
9.9490433931e-01
6.4486317337e-02
1.2628072500e+00
6.7288953066e-01
2.6639602184e+00
2.1965291500e+00
2.0021848679e+00
3.3995807171e+00
2.0638866425e+00
2.7569112778e+00
2.6711478233e+00
2.2827756405e+00
2.1520407200e+00
1.4887549877e+00
2.3410587311e+00
2.4386916161e+00
3.3543901443e+00
3.8316857815e-01
5.3056806326e-01
-1.5123507977e+00
1.3776357286e-02
-8.9210504293e-01
-1.3898004293e+00
-1.2252582312e+00
-1.3738628626e+00
-5.5587768555e-01
-8.0897378922e-01
2.0143418014e-01
-6.2825369835e-01
4.4877290726e-01
4.7256448865e-01
2.1017167568e+00
2.1112008095e+00
1.7553602457e+00
2.1475923061e+00
1.8444309235e+00
6.3158100843e-01
-2.1286957264e+00
-1.9802262783e+00
-1.2042942047e+00
-2.1451077461e+00
-2.4276440144e+00
-5.1967024803e-01
-1.0572398901e+00
-1.0966769457e+00
-1.8193928897e-01
2.5781670213e-01
-1.6108909249e-01
1.2643399239e+00
-4.4123843312e-02
1.0740014315e+00
-1.4996168613e+00
8.6695468426e-01
1.3093469143e+00
1.9428926706e+00
8.0512380600e-01
1.2866822481e+00
-7.3094552755e-01
-1.2086836100e+00
-3.7096192837e+00
-1.3032896519e+00
-1.2606149912e+00
1.3968628645e+00
1.3781526685e-01
4.0355467796e-01
8.4469425678e-01
1.3528099060e+00
-5.7578802109e-01
-4.4345846772e-01
-2.0498211682e-01
-1.1634366512e+00
-5.5706351995e-01
-3.6855441332e-01
-8.9515244961e-01
-2.2797805071e-01
-1.0321403742e+00
1.0081595927e-01
-2.8879305720e-01
1.9582206011e-01
6.9226449728e-01
6.2464022636e-01
4.6161609888e-01
3.3102655411e-01
3.8649871945e-01
1.6174612939e-01
2.1872276068e-01
-6.4670246840e-01
7.7122025192e-02
-1.0289080143e+00
2.4244635105e+00
1.1179033518e+00
2.5003263950e+00
-1.3913270235e+00
-1.6632666588e+00
-4.9913772941e-01
-1.5922943354e+00
2.9941120744e-01
-8.0309653282e-01
1.1779558659e+00
-1.6985065937e+00
7.3893702030e-01
-4.1033241153e-01
2.3644888401e+00
1.0479436815e-01
2.0618987083e+00
4.8679354787e-01
8.3386719227e-01
-8.9801466465e-01
-1.6885571480e+00
-1.9026015997e+00
-1.8432461023e+00
-5.0188666582e-01
1.6327071190e-01
1.0377814770e+00
1.3788791001e-01
1.4038057327e+00
1.2724065222e-02
6.6336625814e-01
1.5460520983e+00
-6.8952226639e-01
2.1501281857e-01
1.7478817701e+00
1.5407425165e+00
-2.1995577812e+00
1.7336382866e+00
3.0247410759e-02
9.0154832602e-01
-1.0662623644e+00
1.6388142109e+00
4.7302567959e-01
1.0810503960e+00
-6.1226814985e-01
-7.6407557726e-01
-4.2172172666e-01
-2.4050958157e+00
-1.3565238714e+00
-1.2885311842e+00
-4.1296082735e-01
-9.4701141119e-01
1.4857468605e+00
4.6432099342e+00
5.4904403687e+00
1.4659447670e+00
2.1915707588e+00
1.7274993658e+00
2.0125474930e+00
1.5708799362e+00
2.0231528282e+00
8.9508080482e-01
1.2703424692e+00
5.2942967415e-01
2.1912810802e+00
1.7646216154e+00
2.6993386745e+00
2.5627126694e+00
2.2976951599e+00
1.8489432335e+00
1.2808498740e-01
7.8875231743e-01
-6.4571583271e-01
1.4815855026e-01
-1.1062123775e+00
-1.3037329912e+00
-1.6346720457e+00
-5.9274930507e-02
1.0557930470e+00
1.5203278065e+00
4.6180853248e-01
2.5685876608e-01
5.3533512354e-01
3.1981113553e-01
-1.2730225325e+00
5.8858191967e-01
-1.0202975273e+00
-3.8517978787e-01
1.0836638212e+00
1.3156546354e+00
8.8546627760e-01
1.3168359995e+00
3.3492922783e-01
2.3987190723e+00
2.5505769253e+00
2.6386749744e+00
2.7630469799e+00
1.1854876764e-02
-1.5613640547e+00
-1.5804834366e+00
-2.5346076488e+00
-3.8866999149e+00
-1.0683412552e+00
-3.4069819450e+00
-1.0128509998e+00
3.3350798488e-01
1.1496810913e+00
2.8948779106e+00
5.1059865952e-01
2.7521069050e+00
1.4357767999e-01
1.7472457886e+00
-4.2382244021e-02
1.0440559387e+00
8.7615531683e-01
-1.1502963305e+00
2.8227001429e-01
-6.0074576177e-03
-5.6161350012e-01
-1.0800545216e+00
-7.4391722679e-01
-1.1906386614e+00
-4.0006294250e+00
3.0225253105e-01
-3.7349358201e-01
1.3821363449e+00
4.5835143328e-01
1.9959732294e+00
4.5414443016e+00
1.2046560049e+00
2.6073271036e-01
1.9823382795e-01
-7.6144433022e-01
8.2291525602e-01
-9.1402870417e-01
-1.8874626160e+00
5.0823026896e-01
1.7777125835e+00
6.5380573273e-01
5.0447559357e-01
4.0690773726e-01
1.1283042431e+00
-6.8001914024e-01
-1.8025476933e+00
-2.0995154381e+00
-1.3028128147e+00
9.7229707241e-01
-5.9589043260e-02
1.9229538739e-01
-7.8041590750e-02
1.0459120274e+00
4.6907466650e-01
-2.6667598635e-02
1.1618616432e-01
-3.1007397175e-01
-1.5169036388e-01
-1.2698362768e-01
1.1307126284e+00
7.0598137379e-01
1.1112524271e+00
1.8474247456e+00
7.2967469692e-01
-8.2815933228e-01
-3.0718703270e+00
-2.8890504837e+00
-2.9736711979e+00
-2.1045475006e+00
-2.3104946613e+00
5.9681361914e-01
-1.3242676854e-01
3.5159206390e-01
-4.4406253099e-01
1.1394174099e+00
-8.2075655460e-01
-1.2284647226e+00
1.2696821988e-01
-4.7705417871e-01
-2.0390133560e-01
-5.8676278591e-01
8.7141031027e-01
9.7319344059e-03
-4.4845384359e-01
-8.3898699284e-01
2.6892125607e-01
-1.8770457804e-01
-1.6922989860e-02
6.7143422365e-01
-3.9636898041e-01
-1.3727108948e-02
2.9601892829e-01
-1.2510482967e-01
2.5330957770e-01
6.2896740437e-01
6.5105342865e-01
9.8460495472e-01
7.6434499025e-01
1.1161758006e-01
9.5420652628e-01
-2.4210369587e-01
5.2208906412e-01
-1.4061168432e+00
1.2202045918e+00
-3.4236016870e-01
1.1080689430e+00
1.6679849476e-02
-1.3169836998e+00
1.0379493237e+00
-1.1625443697e+00
2.3132355213e+00
-2.0793166161e+00
9.0194118023e-01
-1.5634781122e-01
7.8898981214e-02
-4.5346121788e+00
6.7616134882e-01
-5.2994937897e+00
9.3894416094e-01
-2.8006277084e+00
6.5024182200e-02
-4.8219484091e-01
1.2994703054e+00
-6.1424684525e-01
-2.9469490051e-01
-3.3824566007e-01
-1.9202815369e-02
-4.3230572343e-01
6.9781623781e-02
3.6475601792e-01
5.6538903713e-01
1.9012978673e-01
1.2517397404e+00
1.0114578009e+00
3.4237122536e+00
1.4019045979e-02
2.8637006283e+00
-3.9388332516e-02
3.9789843559e+00
-2.9660902023e+00
3.0765764713e+00
-5.4647145271e+00
-4.9394771457e-01
-5.1956267357e+00
-1.1646739244e+00
-3.1823461056e+00
-2.7546920776e+00
-2.8990535736e+00
-1.3393983841e+00
-2.4425456524e+00
-1.2532976866e+00
-3.5564134121e+00
-1.6144404411e+00
-1.4464248419e+00
2.2552304268e+00
-2.9851284027e+00
-4.3385040760e-01
-2.2998741269e-01
5.8714985847e-01
-1.1111236364e-01
1.0925134420e+00
1.2110629082e+00
6.2605863810e-01
1.3578252494e-01
-4.2396566272e-01
-9.4005239010e-01
6.9396358728e-01
4.5580588281e-02
3.0949479342e-01
5.0690799952e-01
2.8438955545e-01
-2.2761146724e-01
-1.3825975657e+00
-1.6646267176e+00
-1.1994624138e+00
-1.8250731230e+00
-1.3426693678e+00
-1.7650067806e+00
-8.0730086565e-01
9.6733100712e-02
2.9423084259e+00
3.7101480961e+00
-8.5838419199e-01
-5.9631633759e-01
-3.2072153687e-01
9.0446460247e-01
-3.6771851778e-01
1.3547774553e+00
-4.1177690029e-01
1.0995253325e+00
1.7217129469e-01
3.6979126930e-01
9.4409972429e-01
2.5027239323e-01
-8.1670242548e-01
-1.4294544458e+00
-2.5021669865e+00
2.6918110251e-01
-9.8883038759e-01
-1.0861752033e+00
9.9304389954e-01
-1.1253623962e+00
-5.3056463599e-02
-2.6938154697e+00
-1.9979060888e+00
-3.7288143635e+00
-5.1991444826e-01
1.0352246761e+00
1.8853756189e+00
8.4664297104e-01
3.3889150620e-01
3.6637425423e-01
-6.5136623383e-01
-8.4667825699e-01
-3.5697072744e-01
-8.9035296440e-01
-1.0258296728e+00
6.7346572876e-01
-1.4512156248e+00
8.7793596089e-02
3.6040943861e-01
6.7404383421e-01
4.7385632992e-02
-8.4266638756e-01
-1.8987879157e-01
-1.5534281731e+00
-2.9936835170e-01
-1.6314404011e+00
-1.2095251083e+00
9.4667643309e-01
-1.3761590421e-01
-9.3958294392e-01
-3.4873324633e-01
-7.8591513634e-01
-4.5329263806e-01
-2.0872475207e-01
-3.4939715266e-01
2.1158729494e-01
7.0819669962e-01
1.0380975008e+00
8.9249098301e-01
8.9303314686e-01
2.7499482036e-01
-6.3381522894e-01
-2.2185997963e+00
-2.2991003990e+00
-2.0567064285e+00
-1.4107619524e+00
1.4694079757e-01
8.7400925159e-01
7.0739954710e-01
5.2056062222e-01
7.2538405657e-01
-4.3291187286e-01
-1.0156514496e-01
-6.6816277802e-02
2.6481604576e-01
-6.4335167408e-01
-2.1900814772e-01
5.2805471420e-01
4.0935504436e-01
4.0700489283e-01
5.4482489824e-01
-2.2208261490e-01
-1.3654069901e+00
-2.7360031605e+00
-3.3082461357e+00
-1.8431077003e+00
-7.0829272270e-01
1.0998792648e+00
1.9835572243e+00
1.5618470907e+00
8.4075522423e-01
1.7781931907e-02
-5.8022803068e-01
-9.0921270847e-01
-7.2103059292e-01
3.0373347923e-02
-4.2635998130e-01
-5.6265139580e-01
-5.4182761908e-01
-2.6219820604e-02
-7.7228903770e-01
-4.4750919938e-01
5.3054206073e-02
4.7516185045e-01
5.3812605143e-01
3.1884947419e-01
2.1825583279e-01
-1.7985050380e-01
-7.9432082176e-01
-6.8751531839e-01
3.7369545549e-02
-4.3043294549e-01
-2.9631772637e-01
2.2544115782e-01
2.7471211553e-01
7.3092144728e-01
2.3075337708e-01
-5.5353039503e-01
-1.5637186766e+00
-1.9707624912e+00
-2.1557683945e+00
-1.7519214153e+00
-7.6560878754e-01
6.9622600079e-01
8.2541871071e-01
-5.7379406691e-01
-1.5489734709e-01
1.2821651697e+00
1.1957724094e+00
9.4503074884e-01
4.1834470630e-01
-5.1076841354e-01
-2.3048110008e+00
-2.1043410301e+00
-2.4486815929e+00
-1.4411106110e+00
3.5724738240e-01
1.8814221621e+00
1.7950664759e+00
1.7548449039e+00
2.0928177238e-01
-3.1583705544e-01
-4.3268406391e-01
-3.1835398078e-01
-2.8906968236e-01
-6.8746650219e-01
-7.7350187302e-01
-2.2376160324e-01
1.3797001541e-01
-1.2699978054e-01
-1.9883656874e-02
1.0092674494e+00
6.9003063440e-01
2.2540703416e-01
-2.4081858993e-01
-6.9315500557e-02
4.5174956322e-01
-7.6605540514e-01
-1.7919610739e+00
-1.2676491737e+00
-1.3424309492e+00
-9.3124145269e-01
8.4435790777e-01
1.2690646648e+00
1.9262684584e+00
2.0541543961e+00
3.1921872497e-01
-5.9390264750e-01
-1.0717060566e+00
-1.5024636984e+00
-1.4582169056e+00
-7.0148640871e-01
6.6216868162e-01
1.9872220755e+00
2.7505421638e+00
8.7195688486e-01
1.4284297824e-01
-4.2841011286e-01
-4.0952074528e-01
-9.0486085415e-01
-4.2431810498e-01
-9.5092290640e-01
-1.2749572992e+00
-8.8546508551e-01
-2.5084206462e-01
-1.4251159132e-01
1.3117219508e-01
1.4175088704e-01
3.2133319974e-01
-6.9382093847e-02
-5.0926730037e-02
-4.0495157242e-01
-3.4175291657e-01
-3.3398675919e-01
-7.9110068083e-01
-1.0688356161e+00
-1.6577734947e+00
-1.4892700315e-01
7.7210503817e-01
2.7613582611e+00
-7.6506137848e-01
-1.0988339186e+00
-3.6583086848e-01
2.2350956500e-01
2.0572988689e-01
9.7678142786e-01
7.7240872383e-01
1.4662019014e+00
7.2030156851e-01
3.0774101615e-01
-1.1685144901e+00
-1.8245369196e+00
-2.8927953243e+00
-1.8989654779e+00
-9.0776103735e-01
2.1529312432e-01
1.4067484140e+00
1.6613641977e+00
1.6367156506e+00
3.8829267025e-01
-3.2675215602e-01
-1.6633257866e+00
-2.0686895847e+00
-1.0805134773e+00
-6.1837673187e-02
1.6460018158e+00
9.6175998449e-01
-8.8959142566e-02
-9.6128904819e-01
-1.1699012518e+00
-7.7951127291e-01
-1.5490379333e+00
-5.1285088062e-01
-1.9450753927e-01
3.2720717788e-01
9.8791700602e-01
4.6223342419e-01
1.4250008762e-01
3.9782676101e-01
-3.6730811000e-01
-1.0089008808e+00
-1.0806748867e+00
-1.2274233103e+00
-1.5920773745e+00
-1.0199245214e+00
7.9372996092e-01
1.0456497669e+00
1.1106935740e+00
3.1410893798e-01
-4.5470833778e-01
4.5973882079e-01
5.3332425654e-02
-4.4481097721e-03
1.7974419892e-01
1.0297340155e+00
1.3126488924e+00
1.8117308617e+00
7.4817556143e-01
3.0662423372e-01
-9.5877283812e-01
-1.2735900879e+00
-2.3040223122e+00
-1.6248550415e+00
4.2731827497e-01
1.4272960424e+00
2.3812625408e+00
2.8426837921e+00
1.5472708941e+00
2.2436097264e-01
-1.9478359222e+00
-2.4959323406e+00
-2.5950756073e+00
-1.9949827194e+00
-8.3868044615e-01
-3.9789146185e-01
2.8366798162e-01
9.6305960417e-01
1.4495309591e+00
1.2281122208e+00
-6.1265784502e-01
-1.9465253353e+00
-3.2432217598e+00
-3.2494091988e+00
-2.5601189137e+00
2.9495194554e-01
2.2934157848e+00
3.8102240562e+00
4.0493221283e+00
2.2254076004e+00
4.2057779431e-01
-2.1917574406e+00
-3.1470870972e+00
-2.2387447357e+00
-1.3699643612e+00
3.2937175035e-01
9.8950922489e-01
1.4553216696e+00
1.6824468374e+00
1.0572847128e+00
-2.9291868210e-01
2.0260341465e-01
5.6895637512e-01
5.7227021456e-01
3.7763652205e-01
-7.7743045986e-02
-2.5860115886e-01
-4.0879809856e-01
-5.6246095896e-01
-6.4244985580e-01
-1.7347040772e-01
4.2467099428e-01
8.0529105663e-01
1.3656232357e+00
1.1142046452e+00
8.1149160862e-01
4.5489102602e-02
-1.2858095169e+00
-2.1627223492e+00
-2.0094792843e+00
-1.7721540928e+00
-4.1041454673e-01
7.8619664907e-01
1.6667879820e+00
1.7524504662e+00
1.0389618874e+00
1.6743303537e+00
1.5091753006e+00
7.3406577110e-01
9.5445618033e-02
-1.1320887804e+00
-2.5052914619e+00
-2.2667930126e+00
-2.1516733170e+00
-3.4230105579e-02
1.8208149672e+00
3.2010080814e+00
3.3428473473e+00
2.0201466084e+00
-1.6974519193e-01
-1.1215285063e+00
-2.6210210323e+00
-2.8600995541e+00
-1.9050287008e+00
-1.8249820173e-01
6.5680563450e-01
1.4690079689e+00
1.1006036997e+00
6.1956626177e-01
3.5937318206e-01
1.1227153540e+00
-3.5921242833e-01
4.4698480517e-02
1.6740106046e-01
-5.6347280741e-01
2.4970617890e-01
-2.0136462152e-01
-6.4470142126e-01
-6.9007027149e-01
-3.3103629947e-01
1.1591134220e-01
1.2825758457e+00
1.1029927731e+00
9.6120941639e-01
1.1519700289e+00
1.3937132359e+00
3.7299719453e-01
-1.1190996170e+00
-1.5953303576e+00
1.2855224311e-01
9.9523597956e-01
8.9010113478e-01
2.1221215725e+00
1.5276329517e+00
1.0507178307e+00
2.6962405443e-01
-2.1603798866e-01
-3.1528526545e-01
-2.2373330593e-01
-1.0751727223e-01
-4.7334390879e-01
-7.4330967665e-01
-4.8864740133e-01
-3.3645099401e-01
1.1575280130e-01
9.2996899039e-03
2.4748554453e-02
4.0615065955e-03
-1.6051445901e-01
-2.3674534261e-01
1.6967828572e-01
-3.2552188635e-01
-4.5880255103e-01
-5.9976524115e-01
-5.7918566465e-01
5.8919213712e-02
2.9269525409e-01
9.8222702742e-01
1.2068052292e+00
1.1013115644e+00
5.0015193224e-01
6.8583376706e-02
1.0028280020e+00
9.8456108570e-01
1.2862989902e+00
1.2642307281e+00
1.6994900703e+00
1.0976662636e+00
-3.5482963920e-01
-1.1196172237e+00
-1.9820622206e+00
-2.4498808384e+00
-2.1376643181e+00
7.9551506042e-01
2.6239137650e+00
3.3354320526e+00
2.3373017311e+00
3.8858681917e-01
3.1486177444e-01
-2.3009231091e+00
-4.3222098351e+00
-3.9397759438e+00
-2.7478454113e+00
-1.8206021786e+00
-6.9114881754e-01
-4.8123621941e-01
-4.8394227028e-01
8.9246280491e-02
-1.2064265013e+00
-9.6644467115e-01
8.0918556452e-01
1.2586359978e+00
1.8682461977e+00
6.5740370750e-01
7.1328693628e-01
8.9824855328e-01
-1.7302888632e-01
2.6743078604e-02
4.8233139515e-01
-6.2534999847e-01
-7.1077209711e-01
-8.4762758017e-01
-1.9110310078e+00
-7.6708662510e-01
-4.3709075451e-01
9.6426308155e-01
1.7983288765e+00
1.5786527395e+00
-1.2116944045e-01
-4.8855799437e-01
-1.4213949442e+00
5.8501201868e-01
-4.0087766945e-02
1.9472715259e-01
1.2069467306e+00
9.3653929234e-01
5.5539536476e-01
-3.0543917418e-01
8.3647698164e-01
9.2998492718e-01
9.3525844812e-01
1.5950610638e+00
1.4003796577e+00
8.2854390144e-01
-3.9041975141e-01
-1.4588663578e+00
-8.7091618776e-01
-1.1880342960e+00
-2.7773365974e+00
-8.1780034304e-01
-1.8102090359e+00
6.5332704782e-01
8.6474829912e-01
1.2274423838e+00
4.5515519381e-01
8.3993738890e-01
1.0957370996e+00
5.4953634739e-01
4.1439431906e-01
6.3162964582e-01
3.2607039809e-01
-7.2002989054e-01
2.9930037260e-01
6.9690865278e-01
-4.5400384068e-01
3.8152635098e-02
-8.4504717588e-01
-4.2129963636e-01
-1.4754920006e+00
-2.0700216293e+00
-7.6142865419e-01
-8.5821610689e-01
1.1356118917e+00
2.1298310757e+00
1.1076765060e+00
1.8776096106e+00
5.9080117941e-01
-5.0929802656e-01
-6.9098770618e-01
3.1831547618e-01
-7.6125331223e-02
-3.7350413203e-01
-4.5271236449e-02
-8.9246374369e-01
-2.9845947400e-02
-6.6188251972e-01
1.2017921209e+00
1.5252824128e-01
4.3167173862e-01
1.4684327841e+00
1.4986166954e+00
1.0337244272e+00
1.2599948645e+00
1.1106990576e+00
5.1580125093e-01
7.0372629166e-01
-1.5604031086e-01
2.7140286565e-01
-6.7085936666e-02
-4.4581964612e-01
-2.8154256940e-01
-7.6266366243e-01
-1.4547419548e+00
-1.0798079967e+00
-6.2666654587e-01
-5.4093712568e-01
-1.6445373297e+00
-1.1496239901e-01
9.3206906319e-01
-9.9330984056e-02
1.0870945454e+00
3.9844551682e-01
-2.3744502664e-01
-7.8253751993e-01
-1.1527749300e+00
-1.0002083778e+00
-1.4914404154e+00
-2.4801964760e+00
-1.8923069239e+00
-1.1727758646e+00
6.4832311869e-01
3.8314381242e-01
1.6807059050e+00
1.2093344927e+00
1.6672531366e+00
1.0980321169e+00
1.0523601770e+00
1.5827190876e+00
6.6437166929e-01
1.4119836092e+00
7.7558666468e-01
9.8919463158e-01
9.4080638885e-01
7.5285637379e-01
6.9696706533e-01
1.0973355770e+00
4.5961168408e-01
-1.9962665439e-01
-1.2841204405e+00
-1.7477021217e+00
-1.2928302288e+00
-9.7860795259e-01
-9.4803100824e-01
-5.9751892090e-01
1.6934458017e+00
6.9872570038e-01
1.9642738104e+00
1.5632370710e+00
3.5993881524e-02
5.0045037270e-01
-1.1120684445e-01
-6.5866529942e-01
-1.1418256760e+00
-7.4897658825e-01
1.4921893179e-01
-7.7815242112e-02
4.0304982662e-01
8.3911138773e-01
1.0176178217e+00
1.1428983212e+00
1.5400024652e+00
1.1564095020e+00
1.4148641825e+00
5.9002000093e-01
-4.1696978733e-03
8.9460128546e-01
2.1661038399e+00
2.2976412773e+00
3.1003057957e+00
3.6647400856e+00
1.8420515060e+00
-4.7325018793e-02
-1.5684150159e-01
-2.8894007206e-01
-2.7834323049e-01
-8.0213814974e-01
1.8028043211e-01
-1.1842852831e-01
6.1436128616e-01
3.4553986788e-01
2.2207937241e+00
-6.9816999137e-02
-3.9043509960e-01
1.0316883326e+00
6.9494344294e-02
6.7726331949e-01
6.9537138939e-01
1.9367533922e-01
9.5471698046e-01
6.7978090048e-01
5.3954029083e-01
-8.7197095156e-01
-7.9307758808e-01
-2.6954248548e-01
-1.0929827690e+00
-1.1734892130e+00
-1.3286604881e+00
-1.7073457241e+00
-1.9209631681e+00
3.0994409323e-01
6.7466473579e-01
3.7715345621e-01
2.4327220917e+00
6.4905816317e-01
1.0761255026e+00
4.1676527262e-01
9.9193406105e-01
-7.2465769947e-02
1.0631752014e+00
-6.6067892313e-01
-7.3566180468e-01
-9.5809179544e-01
-2.3882672787e+00
-1.2260268927e+00
-2.0472345352e+00
-2.0550534725e+00
-1.5733385086e+00
-8.8031893969e-01
-1.2312015891e-01
-4.2863330245e-01
1.1859533191e-01
9.9628999829e-02
-6.0775876045e-01
-4.7721928358e-01
-7.0110559464e-01
-6.4438521862e-01
-2.2343906760e-01
1.8638701737e-01
-1.8838937581e-01
8.3257921040e-02
5.2707767487e-01
-1.1031947136e+00
-8.1057590246e-01
3.2608500123e-01
-2.4728730321e-01
-1.0055600405e+00
-1.6388846636e+00
-5.8544105291e-01
-1.2983957529e+00
-4.3118372560e-01
-1.3928585686e-02
1.3870974779e+00
8.5090345144e-01
1.6274933815e+00
1.4113234282e+00
2.4482858181e+00
2.5771217346e+00
2.8240654469e+00
1.2014949322e+00
9.6903634071e-01
-4.5420518517e-01
-1.8922721148e+00
-1.3181287050e+00
-1.3435429335e+00
-1.8807511330e+00
-1.1070523411e-01
-3.1499087811e-01
5.6210458279e-01
7.0615130663e-01
5.2997343242e-02
9.2584449053e-01
1.1714345217e+00
1.4124901295e+00
1.2005407810e+00
2.1297395229e+00
1.7303221226e+00
2.2314777374e+00
1.7851712704e+00
1.8934705257e+00
1.2343113422e+00
-6.7301988602e-01
-1.1892899275e+00
-2.5599844456e+00
-3.4219915867e+00
-3.0769612789e+00
-2.1599376202e+00
-4.4105029106e-01
8.9732354879e-01
7.0979166031e-01
1.0737109184e+00
1.0449160337e+00
5.9428554773e-01
-9.7016304731e-02
2.3579537868e-01
-5.6966429949e-01
-1.4122302532e+00
-3.0675492287e+00
-2.7685275078e+00
-3.0987484455e+00
-2.7555475235e+00
-2.7800781727e+00
-2.0729322433e+00
-2.2422473431e+00
-1.8285280466e+00
-1.5445243120e+00
-8.0390691757e-01
-3.5900270939e-01
6.1111623049e-01
1.5488834679e-01
3.5531976819e-01
2.7234089375e-01
-1.6311672330e-01
3.2929502428e-02
6.7045158148e-01
7.3962068558e-01
9.1332209110e-01
5.1583874226e-01
8.7616890669e-02
6.8494379520e-01
2.2553466260e-01
1.5915410519e+00
3.8178828359e-01
5.2620923519e-01
1.1641271114e+00
9.4004100561e-01
1.9119715691e+00
2.1854467392e+00
1.7291642427e+00
7.4503898621e-01
4.7958913445e-01
-8.3457857370e-02
-1.8826750517e+00
-1.6328274012e+00
-2.4501805305e+00
-2.2769906521e+00
-6.4467668533e-02
4.1424948722e-02
-4.5159578323e-01
1.6789570451e-01
1.7815060914e-01
-6.8238213658e-02
1.0671060085e+00
7.3976331949e-01
1.2775056362e+00
2.6378483772e+00
2.3605771065e+00
2.2076253891e+00
1.1221644878e+00
4.0810298920e-01
1.7442258596e+00
9.6176415682e-01
5.4592376947e-01
1.6481772661e+00
-1.2216867208e+00
-1.9337632656e+00
-2.3348081112e+00
-2.6829786301e+00
-1.6524953842e+00
-1.0323315114e-01
2.2843059897e-01
-3.6070105433e-01
4.8128876090e-01
4.2425510287e-01
2.2378141880e+00
1.3496466875e+00
2.5532081723e-01
6.6576719284e-01
-6.6745750606e-02
-1.4505206048e-01
5.2346515656e-01
-3.7068918347e-01
5.8903974295e-01
-5.6141805649e-01
1.4978754520e-01
-4.5300325751e-01
-2.6598688960e-01
-7.1542733908e-01
-5.1003050059e-02
-9.5891922712e-02
-3.9500069618e-01
3.9292013645e-01
8.3733850718e-01
1.3191089630e+00
9.5578324795e-01
7.2499030828e-01
1.3953733444e+00
1.9106079340e+00
2.1561188698e+00
1.4106299877e+00
1.4262470007e+00
1.6589487791e+00
-1.0038520098e+00
-9.8463612795e-01
-3.0835691094e-01
-2.3654341698e+00
-5.9332072735e-01
-1.2826249599e+00
-1.1057963371e+00
-1.1401761770e+00
7.9253181815e-02
4.3565671891e-02
-1.4971215278e-02
1.0919983685e-01
9.5362913609e-01
-3.4418326616e-01
6.1200875044e-01
6.1526042223e-01
7.0080643892e-01
-9.3789778650e-02
-1.7421714067e+00
-1.6699328423e+00
-2.2692809105e+00
-2.1327290535e+00
-9.7960591316e-01
-9.4113606215e-01
7.7015995979e-01
3.6980220675e-01
9.1220343113e-01
1.3235710859e+00
2.2480206490e+00
1.5191434622e+00
2.0759418011e+00
1.7565062046e+00
-2.8850081563e-01
-8.0881357193e-02
-3.2577028275e+00
-1.1074402332e+00
-4.7806663513e+00
-5.1944141388e+00
-4.8952331543e+00
-1.8705667257e+00
-3.3172197342e+00
9.2828100920e-01
-7.3650413752e-01
9.5811855793e-01
2.5829628110e-01
3.4582698345e-01
1.3594511151e-01
7.3624116182e-01
5.4531824589e-01
-5.5125993490e-01
1.3431522846e+00
1.3352965117e+00
2.1745505333e+00
1.2985309362e+00
3.1386494637e-01
-3.6182335019e-01
-2.4529993534e+00
-2.8844153881e+00
-1.8963340521e+00
-1.4359240532e+00
-6.3439166546e-01
9.0187889338e-01
-9.0066838264e-01
-3.8713198900e-01
-4.1628333926e-01
-3.6186623573e-01
5.9515976906e-01
-9.5503938198e-01
-1.5526962280e-01
1.3432890177e+00
1.4360445738e+00
1.6074766219e-01
1.8865903616e+00
1.4106715918e+00
-8.5704636574e-01
1.8905341625e-01
-5.9402120113e-01
-1.4898962975e+00
-2.3687331676e+00
-2.6191425323e+00
-1.8346592188e+00
-7.1157866716e-01
9.1946625710e-01
1.6074782610e+00
5.9248858690e-01
-2.4800829589e-01
6.8556463718e-01
4.7773039341e-01
4.3588924408e-01
2.1163618565e+00
1.8952559233e+00
2.6782407761e+00
1.1691296101e+00
9.8342120647e-01
1.0825455189e+00
1.2140539885e+00
2.0249418914e-02
1.4613358974e+00
1.1109997034e+00
1.5370706320e+00
8.6093044281e-01
3.3187544346e-01
7.7202063799e-01
4.5863339305e-01
-1.0844723135e-01
7.2547174059e-03
2.6190158725e-01
4.4127964973e-01
1.2836090326e+00
9.5713275671e-01
-6.5011486411e-02
-1.5290720463e+00
-2.0669131279e+00
-3.4815890789e+00
-4.4698767662e+00
-6.1980009079e+00
-4.5610713959e+00
-3.0943055153e+00
-2.3638193607e+00
-2.7310566902e+00
-4.1481494904e+00
-3.2334363461e+00
-4.9001746178e+00
-3.7862734795e+00
-2.2728285789e+00
-1.1198213100e+00
-1.8247159719e+00
-4.4460493326e-01
-2.2517392635e+00
-1.1995056868e+00
8.6091321707e-01
2.9916051030e-01
1.0804773867e-01
1.0117990971e+00
1.1513937712e+00
1.0352042913e+00
9.2778486013e-01
3.6377590895e-01
9.0153068304e-01
4.6364116669e-01
1.2399445772e+00
1.0592005402e-01
1.9747386873e-01
7.5272423029e-01
6.2679022551e-01
7.0602345467e-01
-2.6483818889e-01
-4.3981087208e-01
-1.6721804142e+00
-2.7513587475e-01
5.2827519178e-01
1.3537064791e+00
2.2706693411e-01
-7.4290597439e-01
8.1645804644e-01
-5.8681510389e-02
1.5904101729e-01
1.4485323429e+00
1.1349323988e+00
1.8626015186e+00
1.2817673385e-01
7.0557034016e-01
6.1962467432e-01
1.4140452147e+00
6.8824797869e-01
1.8313949108e+00
3.7141969204e+00
2.9450111389e+00
3.8748345375e+00
3.5541675091e+00
3.3281514645e+00
1.8650908470e+00
1.6591888666e+00
7.0930969715e-01
6.2150120735e-02
-1.6599550843e-01
7.7315115929e-01
1.3683202863e-01
3.4371551871e-01
5.5804127455e-01
1.7166932821e+00
6.9677138329e-01
6.2227070332e-01
1.1632916331e-01
4.2034453154e-01
-7.1874916553e-01
-7.8733241558e-01
-1.5731272697e+00
-1.6803040504e+00
-9.8847705126e-01
-2.2199418545e+00
-4.4435846806e-01
-3.9782792330e-02
3.4436640143e-01
-5.7175904512e-02
1.3609367609e-01
-4.9584564567e-01
-2.6241898537e-01
-2.1651320457e+00
-3.5057220459e+00
1.6656180620e+00
1.1714035273e+00
-2.2897225618e-01
-4.3440398574e-01
4.2937931418e-01
-1.8082985878e+00
-2.7135474682e+00
-2.3225309849e+00
-2.2079620361e+00
3.7036395073e-01
2.1972557902e-01
1.0794126987e+00
9.8697662354e-01
2.2133064270e+00
1.4399139881e+00
-1.7310421169e-01
1.3458645344e+00
1.5627340078e+00
1.8419630527e+00
4.2371659279e+00
2.0204765797e+00
4.2339682579e+00
3.3261590004e+00
6.3355064392e-01
9.3466740847e-01
-2.7571362257e-01
-1.0123263597e+00
-2.0190100372e-01
4.9948173761e-01
-8.1022453308e-01
1.4312953949e+00
1.5000391006e+00
1.1489485502e+00
1.0744544268e+00
1.5519795418e+00
1.5577691793e+00
-3.4107506275e-01
-2.9482858181e+00
-1.3420352936e+00
-2.7426693439e+00
-1.2831798792e+00
1.7725738287e+00
-4.9305680394e-01
1.1810467243e+00
1.5237107277e+00
5.9238772839e-02
1.6180539131e-01
3.5244956613e-01
-1.4459562302e-01
1.0423561335e+00
-6.0038983822e-01
-1.2536664009e+00
2.9882979393e-01
5.3678601980e-01
-7.9102319479e-01
4.9207314849e-01
7.5954204798e-01
1.5031921864e+00
1.2962462902e+00
1.5541436672e+00
2.5402107239e+00
2.9369005561e-01
2.9011276364e-01
-1.3824402094e+00
-2.1760885715e+00
-1.7874940634e+00
-1.4319356680e+00
-6.7057359219e-01
1.8043290824e-02
1.7109377682e-01
5.0066894293e-01
2.0909128189e+00
2.0440483093e-01
1.4654847383e+00
1.5644429922e+00
8.3302527666e-02
1.0587161779e+00
5.9051126242e-01
-1.5706180036e-01
9.6709334850e-01
6.7178505659e-01
1.2638162374e+00
4.2289814353e-01
-9.4396346807e-01
-1.4180645943e+00
-1.9104634523e+00
-1.7148418427e+00
-2.2189273834e+00
5.6345516443e-01
1.3018889427e+00
8.7023985386e-01
1.8886641264e+00
7.1762186289e-01
1.0621522665e+00
5.7595813274e-01
8.3963066339e-01
-1.1652598530e-01
-1.4018478394e+00
3.5551494360e-01
5.6616336107e-01
-1.1385780573e+00
-1.8717961311e+00
-5.9775185585e-01
-1.5323027968e-01
3.8867148757e-01
2.1917963028e-01
4.6368351579e-01
1.0313206911e+00
-1.3815961778e-01
-1.7621061206e-01
-4.7577928752e-02
-3.0293411016e-01
-4.4521787763e-01
3.0714541674e-01
1.4416112006e-01
7.9886478186e-01
6.9792729616e-01
-2.7278304100e-01
-9.5055830479e-01
-7.7307879925e-01
-1.7515486479e+00
-3.0244266987e+00
-7.1384787560e-01
1.2420567870e-01
9.7051244974e-01
-1.0698891878e+00
1.9992159307e-01
7.2764027119e-01
2.6566202641e+00
2.2015073299e+00
1.4730856419e+00
4.8259121180e-01
-1.3083877563e+00
-2.2240221500e+00
-2.4503383636e+00
-2.3737206459e+00
-2.3250741959e+00
-6.9222486019e-01
3.1664550304e-01
8.4549808502e-01
1.8211405277e+00
9.4308209419e-01
1.9325037003e+00
1.5962989330e+00
5.2210420370e-01
1.2889324427e+00
-8.1990772486e-01
-4.1528248787e-01
4.5157468319e-01
7.4348497391e-01
1.3372696638e+00
2.0771543980e+00
1.4216029644e+00
-1.1296503544e+00
1.4826641083e+00
-6.6493147612e-01
1.0582863092e+00
-1.2393112183e+00
-3.0495935678e-01
-2.8698291779e+00
-9.8886972666e-01
-4.7888201475e-01
-3.6114445329e-01
3.8856181502e-01
2.6530525684e+00
2.7334117889e+00
2.3192338943e+00
4.5891690254e-01
-1.7234520614e-01
-1.6503229141e+00
-1.2072438002e+00
-2.6961855888e+00
-5.7091586292e-02
9.2730599642e-01
5.9299564362e-01
1.0220680237e+00
1.1541293859e+00
2.1113445759e+00
2.0853400230e+00
-3.4138506651e-01
7.9339450598e-01
2.5712294504e-02
-7.3163282871e-01
-9.0970379114e-01
-3.7924908102e-02
2.6343989372e-01
5.4238104820e-01
1.1944408417e+00
9.7745400667e-01
-3.4305322170e-01
7.8331393003e-01
4.6606457233e-01
-1.3656747527e-02
-1.3190858364e+00
-7.0251953602e-01
-8.9594221115e-01
-5.1250636578e-01
-4.5413830876e-01
1.0072405636e-01
3.3205859661e+00
-6.0565823317e-01
6.7542850971e-01
-4.6756577492e-01
-2.2841750085e-01
3.2455238700e-01
1.6458560228e+00
1.7086280584e+00
2.1345272064e+00
1.3297640085e+00
1.7222044468e+00
-6.3271170855e-01
3.2837304473e-01
-2.4757683277e+00
-3.4850535393e+00
-2.5187816620e+00
-1.4983053207e+00
-5.0757074356e-01
6.8107193708e-01
3.1641952991e+00
1.7719936371e+00
2.2992761135e+00
9.5895421505e-01
-5.8558684587e-01
-3.3848069608e-02
-8.6933815479e-01
1.4923716784e+00
7.0245945454e-01
5.5208957195e-01
-7.3431593180e-01
-1.0024307966e+00
-1.3401684761e+00
-1.9038021564e+00
-7.7620375156e-01
-2.1418178082e+00
-6.1829739809e-01
9.8968476057e-01
-5.0111081451e-02
1.1712731123e+00
7.8666400909e-01
1.4565728903e+00
-6.8464040756e-02
-2.6629996300e-01
-1.3478120565e+00
-1.1310402155e+00
-6.5007352829e-01
-2.0860009193e+00
3.1609630585e-01
5.7794883847e-02
8.5099363327e-01
2.9312095046e-01
9.3437008560e-02
5.1106685400e-01
9.1813772917e-01
5.0950199366e-01
7.2007817030e-01
-2.5728872418e-01
-1.0253998041e+00
-4.3493824005e+00
-5.2512483597e+00
-2.6809253693e+00
-1.4908854961e+00
-1.4955019951e+00
3.7724635005e-01
1.7707513571e+00
1.2603789568e+00
1.3435913324e+00
1.1882454157e+00
9.9342453480e-01
1.4307343960e+00
1.2263011932e+00
8.1339949369e-01
8.1467998028e-01
4.3115383387e-01
-5.3968447447e-01
-7.0545560122e-01
2.4121987820e+00
-7.5237423182e-01
-8.3589756489e-01
-2.1243295670e+00
-2.7668900490e+00
-2.2643678188e+00
-1.4296021461e+00
-1.6276283190e-02
1.4271416664e+00
2.2378776073e+00
1.8723828793e+00
1.5880767107e+00
6.7844569683e-01
3.5191893578e-01
1.3317242861e+00
7.5178813934e-01
1.6594228745e+00
6.2756335735e-01
2.5699767470e-01
-5.6970638037e-01
-7.3445647955e-01
-1.4073641300e+00
-6.6094577312e-01
-1.1659163237e+00
4.3860965967e-01
4.1984122992e-01
7.6143234968e-01
4.2570382357e-01
3.9284953475e-01
3.3593394328e-03
4.1045956314e-02
-6.4595282078e-01
-7.2445559502e-01
-3.6498409510e-01
-3.9267234504e-02
4.4638758898e-01
-6.3836151361e-01
-1.0221853256e+00
-2.5130782127e+00
-4.7106261253e+00
-4.3580775261e+00
-4.1478548050e+00
-1.6500089169e+00
-4.3431451917e-01
-4.8389616609e-01
2.9549852014e-01
1.0922151804e+00
2.3067049682e-01
1.5919183195e-01
6.1131721735e-01
2.6184016466e-01
-1.2283294201e+00
-1.0460205078e+00
-2.0639042854e+00
-1.5989232063e+00
-2.4413297176e+00
-4.9739035964e-01
3.8004696369e-01
9.8404353857e-01
1.4377427101e+00
4.0518200397e-01
2.4750138819e-01
4.0538451076e-01
1.2725437880e+00
8.8339447975e-01
1.0570460558e+00
1.0436792374e+00
-1.1327234097e-02
1.5453171730e-01
-1.0200146437e+00
-9.6650618315e-01
-3.9972025156e-01
-1.0435681790e-01
2.5351592898e-01
-9.8392951488e-01
-3.8683941960e-01
-2.6107409596e-01
-6.2882041931e-01
-6.9312179089e-01
1.8698377535e-02
2.1445694566e-01
4.7839307785e-01
4.3144304305e-02
-2.4803356826e-01
1.8351658583e+00
1.0014861822e+00
2.4113357067e+00
7.8917676210e-01
4.3736293912e-01
1.8316329718e+00
2.4989005923e-01
-5.7364243269e-01
-1.9071418792e-02
4.2709973454e-01
1.5040686727e-01
2.1910339594e-01
-1.9922865927e-01
3.8268020749e-01
2.5585007668e-01
2.1199705601e+00
4.1754171252e-01
6.5409362316e-01
3.2939255238e-01
4.7324058414e-01
6.0671752691e-01
9.4675421715e-01
8.7392562628e-01
7.3233795166e-01
6.5825897455e-01
2.0102021694e+00
2.0094690323e+00
1.5599894524e+00
5.3717881441e-01
-9.8134946823e-01
-2.0417201519e+00
-7.9852128029e-01
-1.3075841665e+00
-9.1533285379e-01
2.0817376673e-01
1.2676250935e+00
1.4167412519e+00
2.7744311094e-01
-1.2486906052e+00
6.5037202835e-01
8.0581527948e-01
-4.0571981668e-01
-1.0758753121e-01
4.6696940064e-01
1.4384940863e+00
-1.5404695272e+00
-2.0138108730e+00
-3.7862355709e+00
-3.3055799007e+00
-4.1691651344e+00
-3.5772659779e+00
-6.8345332146e-01
3.6618323326e+00
4.1187806129e+00
2.6975641251e+00
3.4714040756e+00
2.9527096748e+00
1.5276628733e+00
1.5162501335e+00
1.5737451315e+00
1.6791211367e+00
1.4958899021e+00
1.2391752005e+00
-3.6943301558e-01
-7.7277630568e-02
7.8084811568e-02
-2.0762009621e+00
-1.0414854288e+00
-3.8335770369e-01
5.1170659065e-01
1.3692934513e+00
8.2131212950e-01
6.9448179007e-01
2.3951892853e+00
2.2884943485e+00
2.2858603001e+00
-3.5329943895e-01
-1.1729408503e+00
-4.1907553673e+00
-3.2112414837e+00
-3.4759459496e+00
-4.7446069717e+00
-2.2254698277e+00
-1.8555182219e+00
-1.3607892990e+00
1.4810217619e+00
1.3719234467e+00
-6.2245238572e-02
-1.5842634439e+00
1.6661554575e+00
1.7891460657e-01
-1.5093761683e-01
-1.6330713034e-01
-5.1391762495e-01
-4.1979002953e-01
-1.0031988621e+00
-1.0036741495e+00
-1.1120038033e+00
-1.0276349634e-01
8.3328291774e-02
1.2274402380e+00
2.2159368992e+00
2.4681851864e+00
2.0066332817e+00
7.9842436314e-01
-4.5084762573e-01
-2.4869410992e+00
-2.0784223080e+00
-2.4083693027e+00
-1.0837510824e+00
7.4396508932e-01
9.7777599096e-01
1.1296249628e+00
9.7186702490e-01
9.5138061047e-01
6.3557624817e-01
-5.5158740282e-01
-1.0104545355e+00
-1.3104317188e+00
-8.5189920664e-01
-9.3618780375e-02
1.6493715048e+00
3.4396686554e+00
3.2753672600e+00
3.1226708889e+00
1.0975464582e+00
-1.4387186766e+00
-3.1347689629e+00
-4.0398292542e+00
-2.6458046436e+00
-1.2639143467e+00
1.7398691177e+00
1.9411590099e+00
1.7048825026e+00
1.3274503946e+00
6.2905645370e-01
-6.0012018681e-01
-1.0128130205e-02
-5.8928948641e-01
-3.8965260983e-01
-1.1552130431e-01
-6.3636666536e-01
-8.1116098166e-01
-8.1557184458e-01
-6.4696198702e-01
-3.7977522612e-01
2.6477801800e-01
2.8993880749e-01
3.2135894895e-01
3.3198442543e-04
-3.0833286047e-01
-3.7296658754e-01
-4.9359995127e-01
-8.1296175718e-01
-9.3252968788e-01
-6.2218427658e-01
-2.7868148685e-01
5.9978020191e-01
1.7109698057e+00
1.8059234619e+00
2.0100946426e+00
1.0003460646e+00
-2.9195094109e-01
-1.5925868750e+00
-1.0374381542e+00
-1.1316289902e+00
-1.4364163876e+00
-1.2765582800e+00
-2.7012485266e-01
2.9357150197e-01
1.4787156582e+00
2.5777671337e+00
3.0418274403e+00
2.6758682728e+00
8.6226534843e-01
-1.1188421249e+00
-3.7233710289e+00
-3.2299988270e+00
-4.6264381409e+00
-5.7658976316e-01
1.0915781260e+00
2.2854802608e+00
9.5323944092e-01
1.9703294039e+00
8.8270759583e-01
3.4274563193e-02
1.7624380067e-02
-1.3093631268e+00
-7.2651332617e-01
6.0696429014e-01
-8.4331572056e-01
9.7237110138e-01
-7.8053653240e-01
-1.4364999719e-02
1.3810514212e+00
1.6258837283e-01
-1.0067719221e+00
1.1801344156e+00
1.9894570112e-01
-1.0091222078e-01
-4.5107629895e-01
-1.2989610434e+00
-3.1121928692e+00
-1.3544861078e+00
-1.1361159086e+00
-8.5837757587e-01
-4.4296181202e-01
7.5710630417e-01
2.0141299069e-01
-2.3467507958e-01
-8.8929396868e-01
-6.0981470346e-01
-8.7311315536e-01
-3.6287510395e-01
-1.6200972795e+00
-4.7994494438e-01
-2.1147136390e-01
3.9993426204e-01
6.1946278811e-01
5.9668487310e-01
6.7066514492e-01
1.0079426765e+00
7.6305127144e-01
2.2483682632e-01
1.4762818813e-01
2.4677678943e-01
5.3420907259e-01
-3.4150734544e-02
5.7458776236e-01
3.1523686647e-01
4.1702914238e-01
1.2586376071e-01
5.4052233696e-01
6.9824314117e-01
1.0609816313e+00
9.8703956604e-01
5.5149602890e-01
-6.1807847023e-01
-1.4096732140e+00
-7.9118949175e-01
-4.6601954103e-01
-3.1002989411e-01
-8.7799501419e-01
-7.5623077154e-01
-7.4065399170e-01
-1.1406855583e+00
-7.5076586008e-01
-6.6852247715e-01
3.8723137230e-02
1.2081211805e+00
2.5593931675e+00
3.0135664940e+00
1.2823201418e+00
-9.6386510134e-01
-2.4077391624e+00
-5.1276388168e+00
-4.8869848251e+00
-2.4227776527e+00
-6.7948883772e-01
4.9498352408e-01
1.8334929943e+00
2.2582581043e+00
8.1776678562e-01
8.8875904679e-02
-6.0322839022e-01
-7.5903874636e-01
8.5063403845e-01
1.2729750872e+00
1.3317624331e+00
-5.2597296238e-01
7.3066271842e-02
-2.5749263763e+00
-2.0595185757e+00
-4.8068827391e-01
-2.0787062645e+00
-1.5579630136e+00
-1.5964547396e+00
-5.6494903564e-01
-5.1256018877e-01
2.0158749819e-01
1.1598206758e+00
7.9091161489e-01
9.2717862129e-01
1.3805047274e+00
-2.1911779046e-01
-7.9260843992e-01
-1.3849796057e+00
-1.0502833128e+00
-1.6343328953e+00
-4.5527935028e-01
-3.1854531169e-01
-9.5779931545e-01
-8.3901923895e-01
3.1951575074e-03
4.1172879934e-01
5.0487285852e-01
1.8510071039e+00
1.7552112341e+00
2.1841218472e+00
1.7128919363e+00
8.0739676952e-01
-3.0624487996e-01
-9.9942153692e-01
-1.5401979685e+00
-1.1001110077e+00
-1.4541696310e+00
-1.5680230856e+00
-2.4084236622e+00
-1.9046101570e+00
-7.9208326340e-01
8.7131947279e-01
1.9676748514e+00
1.8794348240e+00
2.0926003456e+00
1.3383224010e+00
1.6631888151e+00
1.1688027531e-01
2.0776684582e-01
1.3726133108e+00
1.5438698232e-01
5.1365625858e-01
-2.8472471237e-01
-9.5752686262e-01
-8.1045550108e-01
-1.4542334080e+00
-2.6156897545e+00
-2.4598703384e+00
-2.0494234562e+00
-3.0035243034e+00
-2.2969245911e+00
-1.6308861971e+00
1.3985757828e+00
2.2601411343e+00
2.6483840942e+00
1.6076177359e+00
7.5601100922e-01
3.2437199354e-01
-2.3155762255e-01
-7.8222429752e-01
-8.4394663572e-01
-6.0252267122e-01
-4.1713815928e-01
-2.0829472691e-02
-2.3588974774e-01
5.3473478556e-01
7.5933033228e-01
1.3430583477e+00
9.5865416527e-01
4.5661854744e-01
-9.6876854077e-03
-2.0017693937e-01
4.1630259156e-01
1.0510941744e+00
1.1689428091e+00
1.7987201214e+00
1.4159394503e+00
9.7750020027e-01
3.2001858950e-01
1.9259802997e-01
-7.4286806583e-01
-1.2809602916e-01
-5.4031246901e-01
-1.2037358284e+00
-8.4906756878e-01
-1.4708458185e+00
-8.8469284773e-01
-8.9843916893e-01
9.4192665815e-01
7.7484679222e-01
1.0507584810e+00
5.4134035110e-01
1.1832447052e+00
-1.1796530485e+00
-6.5376681089e-01
-5.5218940973e-01
-1.8825691938e+00
-2.5063402653e+00
-2.1367635727e+00
-2.9327075481e+00
-3.5374394059e-01
1.7693121731e-01
2.6222925186e+00
2.4685587883e+00
2.7096841335e+00
1.8206642866e+00
1.5823783875e+00
4.8650357127e-01
1.7196534574e-01
4.2983436584e-01
2.5889980793e-01
-1.2282451391e+00
3.5159361362e-01
5.1299940795e-02
-1.7932107449e+00
-2.3919631541e-01
2.3105718195e-01
4.6685731411e-01
6.8762969971e-01
1.3920284808e-01
-9.9243092537e-01
-2.6857028008e+00
-1.5952907801e+00
-6.2629830837e-01
2.5826990604e-01
1.0748525858e+00
1.9136408567e+00
1.4226423502e+00
1.9826776981e+00
8.7846261263e-01
-7.2434020042e-01
-1.4726109505e+00
-1.9975164533e-01
-2.6458015442e+00
-1.2161247730e+00
-1.8337521553e+00
4.6130821109e-02
-8.0073505640e-01
-1.0922795534e+00
-8.0019575357e-01
-1.6080315113e+00
-6.0972416401e-01
-1.2453455925e+00
-5.4558932781e-01
-4.7035601735e-01
2.2967988253e-01
4.3345791101e-01
1.6162569523e+00
2.1540381908e+00
2.9967465401e+00
2.7366378307e+00
1.6519697905e+00
7.0379614830e-01
2.9242607951e-01
6.3509690762e-01
-8.0099686980e-02
-2.7387264371e-01
-9.8642915487e-01
-9.7386807203e-01
-1.2401512861e+00
-8.1541627645e-01
-9.3710213900e-01
-1.7882119119e-01
-1.7429475784e+00
-2.3923939094e-02
8.4752029181e-01
1.6955165863e+00
2.4451131821e+00
6.9510561228e-01
1.2362645008e-02
-5.5664610863e-01
-4.7381609678e-01
-6.5940761566e-01
-2.4519522190e+00
-2.7873308659e+00
-2.2394964695e+00
-2.5067698956e+00
-1.7920527458e+00
-1.6442689896e+00
-1.8867254257e-01
2.4282672405e+00
2.9069542885e+00
2.1162962914e+00
1.0713781118e+00
5.3912353516e-01
-4.2516428232e-01
-1.6325805187e+00
2.1298772097e-01
-1.3500887156e+00
-1.8128395081e+00
-1.5301249027e+00
-2.0098361969e+00
-8.1739675999e-01
-1.7546405792e+00
-1.0544480085e+00
-1.3421775103e+00
2.9208502173e-01
1.5802100897e+00
2.5903239250e+00
1.3400841951e+00
1.2502685785e+00
1.3383136988e+00
8.5259014741e-03
-1.5146967173e+00
-1.8270518780e+00
-1.2692658901e+00
-1.4817816019e+00
-1.2733352184e+00
-1.2449766397e+00
-8.3251368999e-01
6.4357179403e-01
-8.6633533239e-01
-1.6315842867e+00
-1.0862901062e-01
1.6204820871e+00
-2.1283595264e-01
-1.7576668262e+00
-2.5446006656e-01
4.5961996913e-01
-3.6812418699e-01
2.1045503616e+00
2.3026731014e+00
2.0411107540e+00
3.8904592395e-01
1.3326300383e+00
-1.7588827014e-01
-1.4692382514e-01
-2.0368435383e+00
-1.0277502537e+00
-4.9479791522e-01
-6.1203354597e-01
-1.2107291073e-01
-4.8903641105e-01
-1.7679201365e+00
-1.4267932177e+00
1.3323909044e-01
1.5462648869e-01
-1.3235869408e+00
1.7323143482e+00
2.5665380955e+00
-1.1920766532e-01
2.5525617599e+00
1.8337377310e+00
-5.5901962519e-01
6.5177381039e-01
4.0726524591e-01
-7.9099111259e-02
7.3758369684e-01
-5.0217604637e-01
3.7190052867e-01
-4.8049426079e-01
-6.6017508507e-01
-6.0606247187e-01
5.3116190434e-01
1.6648819447e+00
8.3769321442e-01
-1.5475361049e-01
-2.0179522038e-01
3.1577995420e-01
1.3011491299e+00
3.1480658799e-02
3.0757975578e-01
-1.5347197652e-01
-6.2600702047e-02
3.7207227945e-01
4.1865423322e-01
1.5375639778e-03
8.3879262209e-01
-1.1952025890e+00
-1.4981069565e+00
-2.2439770699e+00
-3.4012534618e+00
-4.5212121010e+00
-3.2180032730e+00
-3.1682558060e+00
-4.1656970978e+00
-3.1607518196e+00
9.8035400733e-03
-1.9052743912e+00
3.6203569174e-01
-3.0467656255e-01
-7.9879797995e-02
-9.6841651201e-01
-1.0741038322e+00
-6.7127299309e-01
-2.2542171180e-01
2.5780850649e-01
1.1973794699e+00
1.8480862379e+00
8.8031977415e-01
8.3394378424e-01
1.1655219793e+00
1.2939605713e+00
1.1874914914e-01
8.6917793751e-01
1.5294963121e-01
-2.5336788967e-02
2.2810198367e-01
9.9410116673e-02
-4.6794340014e-01
-6.6574031115e-01
-1.5936570168e+00
1.1489477009e-01
9.2573827505e-01
-2.2113910317e-01
1.3338423967e+00
1.0401861668e+00
-4.7229796648e-01
-2.6652345061e-01
5.5695933104e-01
-3.4381112456e-01
1.1586989164e+00
1.3992000818e+00
1.3637140989e+00
-1.8919102848e-01
1.9685832262e+00
1.0472887754e+00
-1.1918766052e-01
1.5101695061e+00
2.1036155224e+00
1.3745243549e+00
4.6833267808e-01
1.1594717503e+00
1.2191447020e+00
9.1286951303e-01
1.4640614986e+00
1.4301503897e+00
1.4676669836e+00
2.0886769295e+00
9.4474315643e-01
3.1450655460e+00
2.2818031311e+00
1.6072312593e+00
1.8499119282e+00
1.7953548431e+00
2.6887297630e+00
2.4261338711e+00
1.6415646076e+00
2.0259885788e+00
3.1515755653e+00
1.3854502439e+00
4.1142064333e-01
1.9759585857e+00
2.3007853329e-01
-2.7322094440e+00
-2.1060740948e+00
-3.7379124165e+00
-7.0394706726e+00
-6.5288262367e+00
-8.0980539322e+00
-8.8710212708e+00
-1.1437305450e+01
-7.6996922493e+00
-7.6831212044e+00
-8.1254119873e+00
-8.6777124405e+00
-6.7513656616e+00
-5.1630086899e+00
-5.0071721077e+00
-2.5851197243e+00
-1.2940709591e+00
-1.4424560070e+00
1.7099157572e+00
-1.1157268286e-01
-8.3344119787e-01
4.9737024307e-01
3.6873432994e-01
-7.0821273327e-01
1.7850315571e+00
3.9418642521e+00
1.4854512215e+00
4.1037631035e+00
2.6654388905e+00
1.3476630449e+00
8.6092621088e-01
5.3120005131e-01
3.2220783830e-01
3.1003139019e+00
2.6566278934e+00
4.2332372665e+00
2.0114321709e+00
3.3859455585e+00
2.5711281300e+00
6.3169151545e-02
2.0363581181e+00
3.4104540944e-01
9.2720443010e-01
3.0220055580e+00
1.7241986990e+00
2.8965628147e+00
3.4078989029e+00
1.1678835154e+00
-2.6207070351e+00
1.2501552105e+00
1.9227505922e+00
5.6668770313e-01
3.6218306422e-01
1.2452540398e+00
7.8027784824e-01
1.4812549353e+00
3.2666718960e+00
2.5913660526e+00
3.1870143414e+00
2.8096401691e+00
9.5511096716e-01
3.0338895321e+00
1.8376812935e+00
2.3309180737e+00
6.9845038652e-01
4.0626349449e+00
2.7264778614e+00
2.8014264107e+00
5.7049864531e-01
1.7494992912e-01
2.6588535309e-01
4.1032424569e-01
1.5609350204e+00
1.4827079773e+00
1.1263113022e+00
5.2648454905e-01
-2.5272041559e-01
-2.6334948540e+00
-1.9678854942e+00
-2.0835068226e+00
-1.1186672449e+00
1.1873148680e+00
1.6910775900e+00
2.0360393524e+00
1.0415103436e+00
1.0866253823e-01
-5.5586695671e-01
-1.1246681213e+00
-1.6899991035e+00
-1.4766529799e+00
-6.8412262201e-01
3.4494933486e-01
-3.1255680323e-01
1.0323168039e+00
1.0831954479e+00
1.8065005541e+00
-1.1808271706e-01
-9.1161710024e-01
-3.1012160778e+00
-3.3103756905e+00
-2.1639354229e+00
-2.7026486397e-01
1.9793465137e+00
4.1107525826e+00
3.7162089348e+00
3.0513813496e+00
6.8127161264e-01
-9.3917077780e-01
-1.9807136059e+00
-2.4097723961e+00
-1.8020372391e+00
-4.3073046207e-01
1.5018613636e-01
-2.0631258190e-01
7.6557409763e-01
-2.8580787778e-01
3.4396907687e-01
-1.7364569008e-01
5.4747527838e-01
3.2622864842e-01
1.6744744778e-01
3.5602617264e-01
-1.7306780815e-01
-4.3694695830e-01
-2.6909524202e-01
-5.5358779430e-01
-1.6417528689e-01
-2.7902409434e-01
5.5128341913e-01
9.8211604357e-01
1.7512358427e+00
1.1753801107e+00
4.8417502642e-01
-8.4701883793e-01
-2.2765100002e+00
-2.5597546101e+00
-1.8697551489e+00
-6.1029666662e-01
7.4007385969e-01
1.6037502289e+00
1.4544630051e+00
1.2885078192e+00
8.2683640718e-01
2.1783661842e+00
1.4404726028e+00
7.3584634066e-01
-5.0915884972e-01
-2.2399501801e+00
-2.6252896786e+00
-2.0444805622e+00
-1.4812045097e+00
1.2474606037e+00
3.7265710831e+00
2.9261898994e+00
1.6517230272e+00
9.9593758583e-01
-7.5950020552e-01
-1.5288785696e+00
-2.5132131577e+00
-2.4882211685e+00
-8.2358705997e-01
-7.8582280874e-01
6.7128652334e-01
1.4394248724e+00
1.0314457417e+00
1.2436456680e+00
7.1762233973e-01
3.7734404206e-01
-7.2079706192e-01
9.5324587822e-01
1.1942998171e+00
-8.9256286621e-02
-2.7351641655e-01
-5.5036145449e-01
-7.4787765741e-01
-4.3834358454e-02
1.2969205379e+00
1.5302515030e+00
1.6575970650e+00
1.8880947828e+00
1.8836090565e+00
1.2017054558e+00
-6.9031852484e-01
-9.4961929321e-01
-9.0926468372e-01
-1.9550925493e+00
-6.1190962791e-01
5.8488774300e-01
-4.1335947812e-02
6.5456360579e-01
1.0232648849e+00
-2.6740953326e-02
2.7271506190e-01
7.0266045630e-02
4.4896978885e-02
-4.7879362106e-01
-1.4413981140e-01
-4.3122690916e-01
-1.7843057215e-01
-4.3881109357e-01
3.9796957374e-01
9.4855445623e-01
3.3867111802e-01
5.8922272921e-01
4.2866230011e-01
8.6301523447e-01
2.6759240031e-01
-9.4882480800e-02
-2.4415658414e-01
-1.0997573137e+00
-9.4364804029e-01
-3.6535134912e-01
2.6090258360e-01
1.2953382730e+00
1.4158694744e+00
5.6373804808e-01
-1.2715521455e-01
-4.5032151043e-02
6.2749087811e-01
4.6710938215e-02
2.4839314818e-01
1.1726757288e+00
1.4780182838e+00
2.8745633364e-01
1.1497586966e+00
-1.3177586794e+00
-2.5759263039e+00
-4.1604919434e+00
-2.6914713383e+00
-2.4632857740e-01
3.0151658058e+00
3.6879098415e+00
3.4755549431e+00
2.3465130329e+00
4.7356817126e-01
-9.2872738838e-01
-2.1548523903e+00
-2.7429676056e+00
-3.2819271088e+00
-1.7020989656e+00
-1.2286467552e+00
3.9893642068e-01
4.1695219278e-01
-1.6380681992e+00
-1.0174136162e+00
-1.7944468260e+00
-5.9345185757e-01
-6.6426646709e-01
5.9553764760e-02
6.5737593174e-01
-1.1154947281e+00
8.6653393507e-01
-3.7848147750e-01
1.7427958548e-01
2.9630240798e-01
-3.7103328109e-01
-2.0677952766e+00
-1.3720967770e+00
-1.7250964642e+00
-7.6862519979e-01
-2.5723475218e-01
8.4573525190e-01
1.1169964075e+00
3.3396607637e-01
5.8185571432e-01
7.6479220390e-01
-1.8529357910e+00
-9.7800052166e-01
-1.4265903831e-01
-1.0205179453e+00
-9.3380832672e-01
3.6889293790e-01
2.4267776310e-01
7.7354401350e-01
2.5040485859e+00
8.2701015472e-01
1.8313141540e-02
-9.0132761002e-01
1.1797256470e+00
1.2075257301e+00
1.6941669583e-01
-4.5324134827e-01
-2.0791473985e-01
-7.5043797493e-01
8.1293821335e-02
-5.3618460894e-01
-5.5226355791e-01
-5.5198234320e-01
-9.0824037790e-01
4.6966913342e-01
-4.7592091560e-01
-1.0189892054e+00
-1.6586775780e+00
-4.8396864533e-01
6.3568735123e-01
1.6836056709e+00
7.8273493052e-01
-1.6025809944e-01
8.8251852989e-01
2.1791553497e+00
8.2732713223e-01
-7.9364128411e-02
-1.5430361032e+00
-3.1234960556e+00
-2.5018963814e+00
-8.3757317066e-01
-1.7209099531e+00
1.4395687580e+00
1.3373023272e+00
8.7799286842e-01
1.1020500660e+00
5.7801000774e-02
-2.7234026790e-01
3.0579087138e-01
-8.6845082045e-01
7.8882497549e-01
9.1426885128e-01
1.1791479588e+00
-2.9304363728e+00
-3.0985145569e+00
-2.3350722790e+00
-8.3717375994e-01
-8.3094072342e-01
-2.4333336353e+00
-3.8713295460e+00
-1.4518909454e+00
-3.1959974766e-01
-1.6852390766e+00
-1.5369178057e+00
-2.7109997272e+00
-1.9446969032e+00
-1.2108471394e+00
-1.5702978373e+00
-1.2000557184e+00
-1.3486823440e-01
7.9746508598e-01
-1.0702984333e+00
-3.8050702214e-01
-7.6114857197e-01
-1.9812209606e+00
-3.4442925453e-01
1.0466916561e+00
-3.4467753768e-01
5.7862859964e-01
-1.2810591459e+00
2.5952216983e-01
1.4158285856e+00
2.0985761285e-01
5.8442527056e-01
8.5976463556e-01
1.8276690245e+00
-4.4257658720e-01
3.8591155410e-01
-1.8215843439e+00
4.0217190981e-01
8.4690415859e-01
5.8988398314e-01
1.9621829987e+00
2.0219781399e+00
1.8915023804e+00
-6.7392170429e-01
4.8967090249e-01
5.6306529045e-01
4.3230772018e-01
-2.2168560326e-01
5.3704208136e-01
2.0552876592e-01
-2.0608949661e+00
-6.4015930891e-01
-1.3772034645e+00
-3.9841780066e-01
-6.6300243139e-02
4.6052765846e-01
1.7209130526e+00
3.8590168953e-01
-3.7727749348e-01
5.3922712803e-01
1.3170082569e+00
2.1787340641e+00
2.5522108078e+00
9.2966437340e-01
1.2435221672e+00
1.0238361359e+00
1.3810814619e+00
2.4891474247e+00
2.2421777248e+00
2.8829565048e+00
2.7358863354e+00
3.7676596642e+00
3.6068849564e+00
4.0331425667e+00
1.1868968010e+00
1.0577116013e+00
-1.7734824419e+00
-1.4159796238e+00
-4.0855404735e-01
1.4273549318e+00
7.2775465250e-01
-1.4185858965e+00
-2.4615314007e+00
-7.1491444111e-01
5.6535261869e-01
2.2920306772e-02
2.5139151141e-02
3.2531023026e-01
4.6745821834e-01
-4.7737684846e-01
5.9909498692e-01
-4.5403945446e-01
1.2932201624e+00
1.7375612259e+00
8.5176452994e-02
8.6412364244e-01
1.0018652678e-01
6.1477684975e-01
-1.5664546490e+00
5.5763423443e-02
-1.9006650448e+00
1.0156102479e-01
8.9149779081e-01
-9.2110407352e-01
5.9914219379e-01
1.8261833191e+00
2.6806066036e+00
1.1243642569e+00
-1.1743075401e-01
1.6006305218e+00
9.4185960293e-01
-2.0693795681e+00
-8.8048833609e-01
-3.9545896053e+00
-4.2081180215e-01
-2.8474647999e+00
-1.5320876837e+00
-4.6919652820e-01
1.0571327209e+00
8.2532948256e-01
8.0611133575e-01
1.8942576647e+00
1.9839087725e+00
-5.6384736300e-01
-1.4162147045e+00
1.2231056690e+00
-1.6554785967e+00
1.6821975708e+00
-4.8237681389e+00
-4.0549111366e-01
6.0094609857e-02
1.7720220089e+00
3.7921948433e+00
6.8561869860e-01
-4.9313106537e+00
8.5110753775e-01
1.9136255980e+00
2.0689132214e+00
1.9376350641e+00
-1.8547190428e+00
2.6693675518e+00
4.3482222557e+00
1.5769159794e+00
1.4699653387e+00
-2.3052308559e+00
-2.5323624611e+00
1.6977207363e-01
1.0670539141e+00
3.5421087742e+00
1.3418433666e+00
3.6073815823e+00
-1.3751287460e+00
-1.6840648651e+00
3.6140945554e-01
-1.0343375206e+00
-1.2410489470e-01
3.4742433578e-02
4.7714552283e-01
1.1111924648e+00
1.9644566774e+00
1.4174182415e+00
1.1727252007e+00
1.4834132791e-01
-1.5517814457e-01
-3.2293236256e-01
1.0864012688e-01
1.8337589502e-01
3.8185396791e-01
4.1487634182e-01
1.2402309477e-01
-1.1369808912e+00
-9.1510400176e-02
1.1173729599e-01
6.5865695477e-01
-3.3073142171e-01
6.8153005838e-01
-7.4353849888e-01
-1.9182588160e-01
1.3483648300e+00
1.6694327593e+00
1.5224014521e+00
6.8721753359e-01
1.2560757995e-01
1.0001503229e+00
7.5169932842e-01
-1.7496907711e-01
2.0507978275e-02
4.3351551890e-01
1.2557835579e+00
9.9930959940e-01
-6.5009546280e-01
1.4808775187e+00
1.5791461468e+00
1.1294218898e-01
4.1282135248e-01
2.8900793195e-01
1.2180982828e+00
1.3480116427e-01
-4.7328478098e-01
-3.4726208448e-01
-2.0904058218e-01
-2.1809396744e+00
-3.0371773243e+00
-1.7043169737e+00
-1.3336685896e+00
-9.3382459879e-01
3.6625096202e-01
-6.6609865427e-01
-1.2929142714e+00
-1.8112726212e+00
-7.6560080051e-01
-6.0750788450e-01
-8.4322082996e-01
-4.6638232470e-01
-4.5779025555e-01
-5.4857003689e-01
-1.6349958181e+00
-6.9761484861e-01
3.3742195368e-01
-1.0746560097e+00
-1.3190139532e+00
-1.2812467813e+00
-1.2109209299e+00
-3.6058706045e-01
-5.2325439453e-01
-8.0250692368e-01
-1.7304148674e+00
-2.5280046463e-01
3.7593984604e-01
-3.4145385027e-01
-2.2443917394e-01
4.7176115215e-02
-1.4903007746e+00
-8.7614989281e-01
-9.4415771961e-01
-9.9729257822e-01
-1.9976695776e+00
-1.1042240858e+00
-3.3222711086e-01
1.0805680752e+00
3.6392179132e-01
1.3300305605e+00
-2.0686037838e-01
-6.3774055243e-01
5.0184541941e-01
-7.1805900335e-01
-1.5442012250e-01
-3.7801814079e-01
4.7163467854e-02
-1.4238089323e-01
-6.0733151436e-01
1.8743547201e+00
1.4046409130e+00
6.4801520109e-01
4.7813329101e-01
3.7023094296e-01
2.8633171320e-01
4.3272307515e-01
2.6587957144e-01
4.9101814628e-01
-6.7097753286e-01
1.9363187253e-01
7.0328760147e-01
7.7126127481e-01
7.0725196600e-01
5.3903239965e-01
1.0908339918e-01
3.3277925849e-01
1.3238197565e+00
8.9058506489e-01
-9.4293206930e-03
-9.7564503551e-02
7.4936759472e-01
9.1081500053e-01
1.7627736330e+00
1.8468230963e+00
3.0848457813e+00
2.3128716946e+00
2.3253965378e+00
1.0371735096e+00
1.2042865753e+00
6.1449509859e-01
4.7201886773e-01
-5.1504272223e-01
-1.3054859638e+00
-2.2591481209e+00
-1.3621860743e+00
-2.3904662132e+00
-2.7419192791e+00
-6.1377358437e+00
-5.9936103821e+00
-8.4994440079e+00
-5.9437112808e+00
-5.3239836693e+00
-5.4387116432e+00
-4.2914915085e+00
-3.1174480915e+00
-2.6133816242e+00
-1.1097294092e+00
-5.5580860376e-01
1.8405094147e+00
-1.2369688749e+00
-3.6977156997e-01
-1.6441391408e-01
1.4189193249e+00
2.0437633991e+00
2.1787803173e+00
2.9398827553e+00
2.4386682510e+00
2.7408344746e+00
2.2935998440e+00
1.8401608467e+00
2.3765750229e-01
1.0343137980e+00
2.0717606544e+00
1.7607810497e+00
2.1271436214e+00
2.1350317001e+00
1.4116244316e+00
1.4805074930e+00
9.8105663061e-01
1.0923718214e+00
1.3976850510e+00
5.9317278862e-01
1.0705510378e+00
3.6226308346e-01
2.0292356014e+00
2.1283092499e+00
2.1512050629e+00
-7.0723259449e-01
1.0989427567e+00
1.1017022133e+00
1.6802171469e+00
1.4077724218e+00
2.0497767925e+00
1.7779353857e+00
1.6831442118e+00
2.5059852600e+00
1.3607213497e+00
2.5620064735e+00
1.8788621426e+00
1.8176647425e+00
1.8108234406e+00
2.2613639832e+00
1.5678746700e+00
1.5625178814e+00
1.8256598711e+00
1.6045119762e+00
2.1485121250e+00
2.0455567837e+00
1.0573303699e+00
-1.3857939243e+00
-8.2099562883e-01
-8.4610939026e-01
-1.7222511768e-01
-1.0827087164e+00
-2.7659466863e-01
1.5444223583e-01
-9.1776716709e-01
-3.1905645132e-01
-8.4764808416e-01
-6.6905617714e-01
-2.4955992699e+00
-1.8490186930e+00
-5.8239191771e-01
-7.3221790791e-01
3.4181082249e-01
1.4054164886e+00
1.8577598333e+00
1.4198858738e+00
2.6474940777e-01
-2.2632895038e-02
-7.4620747566e-01
-1.7310975119e-02
-1.0517383814e+00
-7.4097198248e-01
-5.3854233027e-01
2.6269751787e-01
6.4911544323e-01
8.6985242367e-01
1.3276406527e+00
3.8653695583e-01
2.3338149488e-01
-1.4445209503e+00
-5.7324725389e-01
-1.2198842764e+00
1.0725061595e-01
5.1549351215e-01
1.9500447512e+00
1.9405200481e+00
5.9033346176e-01
-1.2198494375e-01
-3.3175408840e-01
-1.0115115345e-01
7.4661746621e-02
-3.9835730195e-01
1.0203093290e-01
2.2572836280e-01
-9.5624417067e-01
-1.1188883781e+00
-2.5794875622e-01
-2.6427130699e+00
-1.0113401413e+00
-1.1722210646e+00
-2.1447429061e-01
3.2182005048e-01
1.3715159148e-02
-9.9648404121e-01
-5.6473296881e-01
-1.4981267452e+00
-1.6586447954e+00
-2.7922055125e-01
-9.8577004671e-01
4.3090444803e-01
2.8964212537e-01
-6.9062367082e-02
1.8770824373e-01
-7.8970983624e-02
-1.1325887442e+00
-1.9814683199e+00
-2.2458846569e+00
-2.0640342236e+00
-9.5423513651e-01
4.6287264675e-02
-6.2606662512e-02
8.8428592682e-01
-2.8237700462e+00
-2.2357482910e+00
5.3405626677e-03
2.1216347814e-01
5.4136461020e-01
-1.2189942598e-01
-6.8297755718e-01
-2.0535881519e+00
-2.7801737785e+00
-1.9906098843e+00
-1.6151659489e+00
-4.0374115109e-02
1.2972897291e+00
-3.3535456657e-01
-2.7593804523e-02
-8.3777028322e-01
-1.0236412287e+00
-4.1332304478e-01
-1.0434534550e+00
-1.6825546026e+00
-2.2838222980e-01
7.8709840775e-02
-1.8448654413e+00
-1.4140017033e+00
-3.4438583255e-01
-3.6903259158e-01
-8.2918822765e-01
-5.3695505857e-01
3.8970121741e-01
1.0570048094e+00
1.2021381855e+00
7.1704560518e-01
2.3173196614e-01
-2.0878300667e+00
-1.9998489618e+00
-1.3199228048e+00
-1.5382752419e+00
-2.0270075798e+00
-1.3926293850e+00
3.2418269664e-02
-7.8082227707e-01
-1.0491160154e+00
-1.7503634691e+00
-3.3632426262e+00
-4.9236373901e+00
-3.7580723763e+00
-2.7674136162e+00
-1.7968219519e+00
2.3376302421e-01
1.6213223338e-02
-8.2444095612e-01
-3.9927747846e-01
1.1560032144e-02
4.3227657676e-01
-3.3135163784e-01
-5.9686058760e-01
1.3270647824e-01
-4.9709123373e-01
7.6953256130e-01
1.7707874775e+00
1.4754863977e+00
1.8822624683e+00
1.5970253944e+00
2.0141880512e+00
1.4419883490e+00
9.4207245111e-01
7.8074091673e-01
4.0365561843e-01
-7.5303864479e-01
-2.0892079175e-01
-7.5306761265e-01
6.3045400381e-01
1.7906266451e+00
2.8021192551e+00
4.0201845169e+00
-1.2831746340e+00
2.1497602463e+00
-2.7482655644e-01
-1.6748036444e-01
-5.1414000988e-01
-9.7638845444e-01
5.8861535788e-01
6.2810844183e-01
9.5609623194e-01
2.0892059803e+00
8.8766759634e-01
6.2374484539e-01
8.4068381786e-01
1.3511575460e+00
2.0398843288e+00
2.8349800110e+00
2.3089869022e+00
2.7941346169e+00
1.8863327503e+00
-1.0378584266e-01
1.5119867027e-01
-1.0484102964e+00
-9.0586155653e-01
-1.5693762302e+00
-5.2992409468e-01
3.3308181763e+00
2.7636990547e+00
4.3401560783e+00
4.1050500870e+00
4.5378012657e+00
1.1449763775e+00
4.2580208778e+00
3.0366129875e+00
2.3964815140e+00
3.9066910744e+00
2.5835263729e+00
1.3784573078e+00
4.6242120862e-01
5.3213512897e-01
1.3794319630e+00
1.9973151386e-01
-9.1103088856e-01
-1.3842052221e+00
-3.1971554756e+00
4.5545363426e-01
1.9158622026e+00
3.1184039116e+00
3.0574781895e+00
1.7904590368e+00
8.1615346670e-01
-8.5189253092e-01
-7.8195285797e-01
-1.6130124331e+00
2.0634205639e-01
5.6052553654e-01
1.5202096701e+00
2.3498775959e+00
2.8226797581e+00
2.6247203350e+00
2.1455867290e+00
4.8212349415e-01
-1.2463122606e-01
-8.9479434490e-01
-1.4655834436e+00
-1.9612951279e+00
-2.0971467495e+00
-1.7629148960e+00
-1.3872936964e+00
-7.0440161228e-01
-9.2096962035e-02
9.1712421179e-01
1.2659426928e+00
1.2278286219e+00
1.2703315020e+00
8.8755524158e-01
3.5204914212e-01
1.0433043242e+00
1.3335589170e+00
1.4833904505e+00
5.6353008747e-01
1.8049670756e-01
-6.8635505438e-01
-1.2767175436e+00
-2.7820091248e+00
-1.7759869099e+00
-3.0305824280e+00
-1.9505413771e+00
-2.4279847145e+00
-1.2099596262e+00
-6.8589484692e-01
7.1299654245e-01
1.4543468952e+00
1.2048261166e+00
9.9629843235e-01
5.3456228971e-01
8.4619575739e-01
1.5421821177e-01
-5.2509468794e-01
-8.4791612625e-01
-6.5183812380e-01
-4.8599216342e-01
-2.5594988465e-01
-5.1902496815e-01
-7.8008681536e-02
5.6109070778e-01
7.3068290949e-01
1.0573831797e+00
1.0431413651e+00
3.8578465581e-01
6.0596510768e-02
1.3763833046e-01
3.6736801267e-01
1.1314613819e+00
1.8274978399e+00
2.2341184616e+00
2.4857969284e+00
1.7444792986e+00
1.3058182001e+00
7.3402822018e-02
8.3875693381e-02
-7.9069530964e-01
-1.1701067686e+00
-6.4425528049e-01
-5.7060736418e-01
-4.6711232513e-02
-1.2649665773e-01
1.2085926533e+00
1.5489511490e+00
1.7144019604e+00
1.3369815350e+00
8.7346035242e-01
9.9886797369e-02
-4.7822678089e-01
-1.1447752714e+00
-1.8442533016e+00
-2.1387465000e+00
-1.9146085978e+00
-1.7122527361e+00
-5.5964463949e-01
-5.2312672138e-01
1.3931105137e+00
2.1917092800e+00
1.6301362514e+00
1.2413743734e+00
1.1355673075e+00
1.0378988460e-02
2.8130635619e-01
3.4134423733e-01
3.7367954850e-02
-2.3451292515e-01
-2.0511999726e-02
8.4298205376e-01
5.7627834380e-02
3.1682088971e-01
1.4485526085e-01
5.6726282835e-01
-7.2707526386e-02
-5.8817708492e-01
-8.8234907389e-01
-6.0446256399e-01
-9.4441515207e-01
-4.8758643866e-01
-1.3957993686e-01
9.5533037186e-01
1.3607922792e+00
2.2172834873e+00
1.5741474628e+00
1.4897377491e+00
-9.3120984733e-02
-1.1456305981e+00
-1.8131546974e+00
-3.1594293118e+00
-2.2326195240e+00
-2.5721080303e+00
-1.5012880564e+00
-5.6862987578e-02
-6.2671333551e-02
-4.1375439614e-02
-6.0206913948e-01
-8.1109023094e-01
-1.0645678043e+00
-6.3195437193e-01
-8.4905767441e-01
-4.0237563848e-01
1.5137335658e-01
4.2344355583e-01
1.0147145987e+00
1.5551875830e+00
2.6345276833e+00
2.0285336971e+00
1.3056952953e+00
7.3949486017e-01
3.5923871398e-01
-3.4339579940e-01
-4.2261558771e-01
-1.1516745090e+00
-1.0897922516e+00
-7.8970909119e-01
-6.7092382908e-01
-1.8296752870e-01
-8.5130810738e-01
-9.1546732187e-01
5.2530068159e-01
4.4461840391e-01
1.2046970129e+00
1.3837840557e+00
2.0693061352e+00
2.5809948444e+00
1.1979160309e+00
4.6842443943e-01
-2.0239002705e+00
-2.5803134441e+00
-3.6795973778e+00
-3.4709358215e+00
-3.2600934505e+00
-2.1615281105e+00
-1.9969129562e+00
-1.0694873333e+00
8.1864428520e-01
9.9466145039e-01
1.2998074293e+00
1.3172334433e+00
1.3042979240e+00
-2.1090069413e-01
-6.7511057854e-01
1.5426743031e-01
-5.3771144152e-01
-1.5968939066e+00
-2.2900490761e+00
-1.7267454863e+00
-2.7961230278e+00
-3.4957389832e+00
-1.6764247417e+00
-2.0714995861e+00
-1.5674883127e+00
-2.3744381964e-01
1.5570219755e+00
1.2063846588e+00
1.6950793266e+00
1.3399454355e+00
5.4685395956e-01
-1.1577805281e+00
-1.5402003527e+00
-1.7337570190e+00
-2.1949069500e+00
-1.3773524761e+00
-1.2937135696e+00
-7.2014629841e-01
-7.4464529753e-02
-2.7233433723e-01
1.4707635343e-01
-6.0559529066e-01
-6.3940703869e-01
-1.8408160210e+00
-2.4939537048e+00
-2.0701866150e+00
-1.4734929800e+00
-9.2969548702e-01
-1.0058975220e+00
6.2186855078e-01
3.9663481712e-01
5.4693639278e-01
7.0773833990e-01
1.2880883217e+00
1.3220145702e+00
1.4332407713e+00
1.2417333126e+00
1.3655021191e+00
1.7125386000e+00
7.9991948605e-01
1.3596729934e-01
6.7756545544e-01
1.9910565019e-01
-3.2568225265e-01
-4.7431352735e-01
-5.5668866634e-01
-6.0298466682e-01
-2.8007149696e-01
3.7899661064e-01
3.0945947766e-01
1.1209049225e+00
8.1117147207e-01
1.8856904507e+00
1.2749248743e+00
6.3923174143e-01
2.5679626465e+00
1.9520502090e+00
3.2949030399e-01
8.3852088451e-01
8.2974195480e-01
3.0453920364e-01
1.9631303847e-01
-4.4831812382e-02
-5.0818216801e-01
-1.0615811348e+00
-1.3649419546e+00
-1.3289515972e+00
-8.6748731136e-01
-6.6384696960e-01
3.6885914207e-01
-2.2345118225e-01
3.9299261570e-01
-7.3288184404e-01
-1.4428951740e+00
-1.4706223011e+00
-7.1649944782e-01
-1.2863136530e+00
-2.6001844406e+00
-3.1803481579e+00
-5.1005673409e+00
-4.8445954323e+00
-5.4148874283e+00
-6.1567749977e+00
-4.2936930656e+00
-3.2267034054e+00
-2.8392605782e+00
-1.9646391869e+00
-8.2196211815e-01
-4.2003288865e-02
4.3433749676e-01
-6.2136873603e-02
2.5843906403e-01
6.0853517056e-01
5.0284105539e-01
9.5464205742e-01
-4.0938016772e-01
-9.7177296877e-01
-1.0609945059e+00
-4.1847165674e-02
1.1942620575e-01
5.2938294411e-01
1.1620649099e+00
1.2808632851e+00
2.7433520555e-01
2.1621727943e-01
8.9030998945e-01
8.6931282282e-01
6.7025327682e-01
2.3430271447e-01
-2.6228523254e-01
8.0370271206e-01
6.3981437683e-01
8.1177794933e-01
3.2505741715e-01
-2.1545805037e-01
-7.0084863901e-01
-4.9153634906e-01
-7.3450249434e-01
-6.7875814438e-01
-8.7690728903e-01
7.4166339636e-01
-2.7332875133e-01
6.8244671822e-01
9.9363553524e-01
9.3653148413e-01
2.9535143375e+00
2.8999931812e+00
2.0159177780e+00
1.9355180264e+00
1.5728805065e+00
-4.1485834122e-01
5.5518275499e-01
-9.2961333692e-02
-1.2531185150e+00
-6.7460834980e-01
-3.1167187691e+00
1.2943246402e-02
-5.3691726923e-01
7.0951819420e-01
4.0742626786e-01
1.1960399151e+00
7.1456444263e-01
1.8058565855e+00
2.2983500361e-01
1.5898718834e+00
1.9120978117e+00
1.9970548153e+00
1.8244878054e+00
1.8485431671e+00
1.4760303497e+00
2.4942326546e+00
1.2949477434e+00
1.5701367855e+00
5.2880293131e-01
-7.7143900096e-02
-2.4511966109e-01
-7.0469719172e-01
-1.0258975625e-01
-2.6956472397e+00
-2.9201817513e+00
-2.7752723694e+00
-2.1199462414e+00
-1.5096212626e+00
-1.1887134314e+00
1.0476574898e+00
1.3581688404e+00
1.0806143284e+00
2.3056793213e+00
2.6057958603e+00
2.5813076496e+00
-1.5885213614e+00
-1.6326478720e+00
-1.0977993011e+00
-1.2132661343e+00
-2.3545794487e+00
-6.9873166084e-01
4.2366996408e-01
1.6978383064e+00
1.7909464240e-01
1.4627972245e-01
1.8582783937e+00
1.8348536491e+00
4.3953309059e+00
9.3959760666e-01
1.4042905569e+00
2.0974347591e+00
3.4953560680e-02
-8.0591060221e-02
6.4248985052e-01
6.0201323032e-01
8.5772627592e-01
4.1042512655e-01
9.8290485144e-01
2.9205250740e-01
-8.2998180389e-01
-9.8563998938e-02
2.5344007015e+00
2.0038144588e+00
-4.8017144203e-01
2.2931101322e+00
-5.9197664261e-01
-1.7686198950e+00
4.8421323299e-01
7.0736503601e-01
1.9324414730e+00
-1.3600628376e+00
-1.2426929474e+00
-1.0345332623e+00
-1.1062670946e+00
-1.4763069153e+00
-2.8099348545e+00
-4.4577100873e-01
2.5896406174e-01
1.4362007380e+00
8.4277921915e-01
5.7460248470e-01
4.6499115229e-01
6.3319307566e-01
-4.4140011072e-01
-1.0353770256e+00
-2.6225799322e-01
-3.5719281435e-01
-3.3927884698e-01
-3.2399052382e-01
-4.3144476414e-01
-9.8107260466e-01
-6.2522149086e-01
9.9511355162e-02
9.9507510662e-01
2.0281922817e+00
2.9727134705e+00
2.0433361530e+00
1.4828966856e+00
6.4479172230e-02
-2.1815602779e+00
-2.6255354881e+00
-2.7501704693e+00
-1.6555207968e+00
6.2909066677e-02
2.9563638568e-01
1.1654306650e+00
1.1686010361e+00
1.1788554192e+00
1.7570726573e-01
-5.7147085667e-01
-2.7072203159e-01
-1.2826133966e+00
-6.7120510340e-01
-1.0001660585e+00
8.8730770350e-01
1.8145653009e+00
3.3249416351e+00
3.2158603668e+00
1.3994361162e+00
-1.6472210884e+00
-4.1760840416e+00
-4.0476670265e+00
-2.9748158455e+00
-1.3308830261e+00
7.1510863304e-01
1.6901150942e+00
2.1288795471e+00
1.8322132826e+00
6.7470836639e-01
3.8054189086e-01
-7.4210381508e-01
-6.2030661106e-01
-4.6099364758e-01
-1.1040029116e-02
-1.0626693815e-01
-3.7072727084e-01
-4.7127780318e-01
-4.5610621572e-01
-1.4254291356e-01
-2.5229147077e-01
9.3905687332e-02
-2.5572335348e-02
-9.0636268258e-02
3.2986477017e-02
-6.9842594862e-01
-5.3590452671e-01
-1.0503890514e+00
-1.3223952055e+00
-8.3032703400e-01
-4.5676171780e-01
3.5378167033e-01
1.1537282467e+00
1.3375192881e+00
1.9526209831e+00
1.0845372677e+00
-1.5094215982e-02
-1.0594896078e+00
-1.3989518881e+00
-1.4370716810e+00
-8.6863040924e-02
-7.8162527084e-01
-4.8333430290e-01
8.5068829358e-02
4.6793568134e-01
2.9730126858e+00
3.0645947456e+00
2.9502635002e+00
1.7710032463e+00
-8.1908577681e-01
-2.8293666840e+00
-3.4633207321e+00
-3.6145699024e+00
-1.2183213234e+00
-3.7754702568e-01
2.1577010155e+00
1.5225474834e+00
2.5802035332e+00
1.1190059185e+00
8.0317914486e-01
-3.1887897849e-01
-2.8128871322e-01
-1.0714538097e+00
9.1481901705e-02
-2.6090762019e-01
-7.3261368275e-01
-1.5528810024e+00
9.9640235305e-02
1.2313272953e+00
9.6308386326e-01
1.7505381107e+00
8.8140821457e-01
8.4021371603e-01
1.1020461321e+00
3.4819442034e-01
5.0515067577e-01
-1.2656900883e+00
-2.1242194176e+00
2.1301174164e-01
1.3497347832e+00
6.2289661169e-01
1.8602393568e-01
2.5020694733e-01
1.4587659836e+00
1.0539069176e+00
1.1333554983e+00
3.9242079854e-01
-2.2017526627e-01
-9.6077239513e-01
2.0314817131e-01
4.3404123187e-01
-2.6085552573e-01
-2.9659169912e-01
8.7972030044e-02
3.5918787122e-02
9.3048503622e-03
-2.2758628428e-01
1.3172212243e-01
-6.5336650610e-01
-3.9009086788e-02
-3.4829795361e-01
1.9428858161e-01
4.9040994048e-01
3.8689672947e-01
9.1853040457e-01
3.9168545604e-01
8.8598150015e-01
8.0071002245e-01
7.7307128906e-01
1.7028430700e+00
5.0827389956e-01
1.0736395419e-01
-8.9652699232e-01
-1.3618241549e+00
-3.4066888690e-01
1.5763914585e-01
-1.6296463013e+00
-8.3416110277e-01
-5.8444511890e-01
-1.2713317871e+00
-7.7043372393e-01
-8.7338632345e-01
1.2293910980e+00
1.3783215284e+00
2.0485842228e+00
2.5682852268e+00
1.2502588034e+00
1.1402257681e+00
-8.2102757692e-01
-3.6144793034e+00
-5.4065318108e+00
-4.6230344772e+00
-1.4067347050e+00
7.9874330759e-01
1.6507264376e+00
1.8662182093e+00
2.1451699734e+00
1.2712161541e+00
1.1322658062e+00
5.6465101242e-01
-6.1291646957e-01
2.2312169075e+00
1.5100123882e+00
2.0207433701e+00
2.5158739090e-01
-2.0380845666e-01
-1.8838104010e+00
-2.1709146500e+00
-2.9824922085e+00
-1.2779635191e+00
-1.0455155373e+00
-9.1301667690e-01
-1.6179016232e-01
-7.0933663845e-01
1.3250979185e+00
5.5163961649e-01
1.2620675564e+00
7.0152312517e-01
1.1925528049e+00
-1.4653137326e-01
-1.3849588633e+00
-1.8868710995e+00
-7.0091241598e-01
8.8713258505e-01
3.8451954722e-01
5.4950976372e-01
9.1229182482e-01
-1.6482180357e-01
6.1687791348e-01
7.6795732975e-01
-1.3186999559e+00
-1.3492277861e+00
-1.6331845522e+00
-2.5131857395e+00
-1.1537089348e+00
6.9887691736e-01
1.3934458494e+00
1.2600016594e+00
1.1292680502e+00
1.1298672855e-01
-1.6487925053e+00
-2.4975128174e+00
-4.6950588226e+00
-2.3706912994e+00
-1.2759623528e+00
-5.0905334949e-01
5.7317036390e-01
1.2554329634e+00
-6.7344546318e-01
-1.0616288334e-01
-6.6526103020e-01
-6.0633444786e-01
-2.9152655974e-02
-1.2457826138e+00
-1.5778361559e+00
-1.4058852196e-01
1.5343285799e+00
3.2377705574e+00
2.4071245193e+00
3.0093793869e+00
1.6408465803e-01
-1.3630172014e+00
-3.2513761520e+00
-4.5220117569e+00
-3.1513171196e+00
-9.5664232969e-01
8.7490952015e-01
1.1870671511e+00
1.3703417778e+00
-3.0695945024e-01
7.9606306553e-01
-1.5614172816e-01
1.1563592404e-01
-1.9954705611e-02
2.3369842768e-01
-6.0530295596e-03
3.3084262162e-02
-2.7498021722e-01
-1.6472718120e-01
-7.4985766411e-01
-1.6586540639e-01
1.9460195303e-01
6.3588809967e-01
5.6421279907e-01
1.0482776165e+00
8.4396892786e-01
-4.3922883272e-01
-2.7178779244e-01
-7.7361470461e-01
-1.4151120186e+00
-3.1860220432e-01
-3.9828023314e-01
1.3254332542e+00
1.5594707727e+00
3.1735317707e+00
1.9703836441e+00
1.5178983212e+00
4.4272944331e-01
-1.6322108507e+00
-3.3391618729e+00
-1.3255313635e+00
-1.7753242254e+00
-2.4211771488e+00
-1.7750370502e+00
-1.3735206127e+00
5.6323182583e-01
1.1222785711e+00
2.0792207718e+00
2.1926362514e+00
6.7259764671e-01
-6.4964674413e-02
-1.4636996984e+00
-2.3009371758e+00
-2.2043950558e+00
-2.9316151142e-01
4.0163595229e-02
1.9721046686e+00
-2.0172432065e-01
9.4618111849e-01
5.3486740589e-01
-4.5153594017e-01
-1.3881374598e+00
-7.6801913977e-01
-2.8066437244e+00
-4.5714682341e-01
-7.4609941244e-01
-9.9025940895e-01
3.2151618600e-01
2.9987612367e-01
-1.1553639174e-01
-4.4108155370e-01
7.8540511429e-02
1.2904385328e+00
1.5872238874e+00
1.5979245901e+00
1.7378245592e+00
4.7964137793e-01
6.3785648346e-01
4.5470908284e-01
1.9085133076e+00
1.8896933794e+00
2.1546943188e+00
2.4627614021e+00
2.2035105228e+00
3.2167332172e+00
1.3534836769e+00
3.1573665142e+00
1.2467172146e+00
4.8278486729e-01
3.4625950456e-01
1.0686626434e+00
-5.5427485704e-01
8.5731826723e-02
-1.4457882941e-01
1.2577956915e+00
5.7969462872e-01
1.3762348890e+00
8.0352753401e-02
9.5098626614e-01
2.3120218515e-01
2.0812898874e-01
-4.1736859083e-01
-4.6816736460e-01
-1.9008761644e-01
-5.1658886671e-01
-2.4214278907e-02
5.6618522853e-02
-1.5442647040e-01
-4.7416242957e-01
-1.0282896757e+00
-4.8826995492e-01
-1.2058731318e+00
-2.4834649563e+00
-4.5833244324e+00
-3.5448644161e+00
-3.9852406979e+00
8.0654853582e-01
-4.0244153142e-01
4.6352770925e-01
-1.2371106148e+00
-1.0371888876e+00
-4.9749431014e-01
-1.3471992016e+00
-1.5123514831e-01
7.2029298544e-01
2.6188619137e+00
2.8222601414e+00
2.6867942810e+00
1.1152074337e+00
-4.9840122461e-01
-4.3185396194e+00
-4.3878164291e+00
-4.7312335968e+00
-2.2081840038e+00
2.3246291280e-01
2.6586811543e+00
3.1257810593e+00
2.0659763813e+00
1.6947569847e+00
1.6562733650e+00
1.7143021524e-01
1.3449101150e-01
1.7289730906e-01
9.7023963928e-01
1.6096277237e+00
6.6167491674e-01
4.8401984572e-01
-1.3190625608e-01
1.3562849760e+00
1.5764944553e+00
2.1670828760e-01
8.2337176800e-01
-1.5781233311e+00
1.3137656450e+00
1.2610907555e+00
2.6481330395e+00
3.2671794891e+00
2.8477907181e+00
2.2744143009e+00
1.2316942215e+00
-1.8105304241e-01
-9.0748563409e-02
-2.4227678776e+00
-1.5314792395e+00
-3.7484863400e-01
9.5269847661e-03
3.8080200553e-02
-4.6349978447e-01
-3.5390153527e-01
-9.1239474714e-02
1.0221597739e-02
-2.8019136190e-01
2.6555761695e-01
7.2768044472e-01
1.0974376202e+00
1.9342219830e+00
1.9653774500e+00
4.5862367749e-01
-1.0764636993e+00
-2.5784170628e+00
-2.9444851875e+00
-1.8203557730e+00
-1.5898954868e+00
1.1338133365e-01
1.7329250574e+00
4.2560774088e-01
3.4574544430e-01
5.0240749121e-01
-4.2698717117e-01
2.8374594450e-01
6.7767977715e-01
3.4268885851e-01
-1.7425125837e-01
-1.8544936180e-01
6.2007135153e-01
1.2834594250e+00
1.4214961529e+00
1.9455924034e+00
-3.8065379858e-01
-1.7015470266e+00
-3.3978879452e+00
-4.2854027748e+00
-2.2728366852e+00
-9.3322455883e-02
1.3823546171e+00
2.3330183029e+00
2.3487195969e+00
2.3639588356e+00
8.3061140776e-01
-3.3385896683e-01
-5.1890659332e-01
-2.4001249671e-01
-5.9505474567e-01
-8.1343078613e-01
1.8494856358e-01
-6.4717292786e-02
-1.4897826910e+00
-4.8191666603e-01
-5.1274853945e-01
5.9548795223e-01
5.6967568398e-01
1.0640051365e+00
2.8127491474e-01
-6.3941515982e-03
-6.8284100294e-01
-3.2708558440e-01
-6.2037226744e-03
-6.9294768572e-01
-9.1993498802e-01
-6.7760449648e-01
-2.7343377471e-01
8.0183118582e-01
1.1839106083e+00
9.4847726822e-01
3.5195237398e-01
-1.3185790777e+00
-1.6408287287e+00
-2.0615520477e+00
-1.3405227661e+00
-3.3771924675e-02
1.4175581932e+00
-4.6092230082e-01
-2.0161461830e-01
1.2617380619e+00
1.9173227549e+00
1.8896081448e+00
2.0380604267e+00
-6.2433075160e-02
-1.0163991451e+00
-3.4080629349e+00
-4.5312170982e+00
-3.9226791859e+00
-1.7183227539e+00
1.2110992670e+00
2.1369516850e+00
3.5784509182e+00
1.2100229263e+00
9.3768250942e-01
-4.3571096659e-01
-5.0657302141e-01
-6.4084213972e-01
4.6070650220e-02
-1.4011853933e+00
-1.0410820246e+00
-6.4885783195e-01
3.1170672178e-01
-2.0697216690e-01
6.2630200386e-01
2.9324278235e-01
6.3886141777e-01
3.1441205740e-01
1.3520526886e-01
1.5723156929e+00
-1.5750616789e-02
-5.0178980827e-01
-2.6043848991e+00
-8.2236301899e-01
-1.2497510910e+00
9.5168346167e-01
1.7703768015e+00
2.4052116871e+00
2.1532180309e+00
1.7765367031e+00
1.2216359377e-01
-9.5979529619e-01
-1.9664965868e+00
-9.9248760939e-01
-1.4371060133e+00
-1.1800121069e+00
-3.1529244035e-02
1.1719846725e+00
8.5475462675e-01
1.5792399645e+00
1.1112380028e+00
3.8678643107e-01
6.2092328072e-01
-3.2783493400e-01
-1.3652969897e-01
-5.4733073711e-01
-5.9927624464e-01
-9.4253756106e-02
3.8721722364e-01
6.9437617064e-01
7.7606987953e-01
1.1489578485e+00
4.1746029258e-01
1.0103036165e+00
1.2614369392e+00
7.3434901237e-01
-6.7594431341e-02
-7.4888207018e-02
-8.4906959534e-01
-9.8385840654e-01
-1.2051151991e+00
-3.8068681955e-02
2.6901254654e+00
-6.0197675228e-01
-7.6378130913e-01
-6.9512301683e-01
2.4660985172e-01
2.8248456120e-01
8.0373340845e-01
1.2698776722e+00
1.3298768997e+00
1.5939809084e+00
1.3542745113e+00
4.7850259580e-03
-2.5094506741e+00
-4.2198629379e+00
-3.5267710686e+00
-3.3091933727e+00
-1.0641931295e+00
1.2849614620e+00
1.6422061920e+00
1.2695831060e+00
1.1244459152e+00
1.1476044655e+00
3.6638721824e-01
-3.4658521414e-01
3.6313900352e-01
-1.6131509840e-01
7.4759131670e-01
1.3584252596e+00
1.2067879438e+00
-7.4908661842e-01
-1.5868588686e+00
-1.6146720648e+00
-1.2380028963e+00
-1.2759817839e+00
-8.7101215124e-01
-2.6145184040e-01
-7.8799195588e-02
7.7170979977e-01
1.5702785254e+00
4.9508845806e-01
7.7745741606e-01
-3.6687523127e-01
-1.2362598628e-01
-6.1551803350e-01
-1.3772425652e+00
-8.1820517778e-01
-5.6707823277e-01
4.8152920604e-01
3.7841594219e-01
1.2772259712e+00
2.0653203130e-01
1.8175383806e+00
1.7182917595e+00
1.4850703478e+00
2.4685335159e+00
3.1470305920e+00
2.0883440971e+00
1.8079365492e+00
1.0577365160e+00
1.8509389162e+00
2.3024904728e+00
5.1666861773e-01
-1.2154190540e+00
-6.1194819212e-01
-7.9323661327e-01
-2.3396048546e+00
-1.3370485306e+00
-1.0128686428e+00
-2.3858723044e-01
-3.8281521201e-01
3.0794897676e-01
4.5151838660e-01
1.5164353848e+00
1.1186442375e+00
5.1078075171e-01
9.1628056765e-01
1.1314787865e+00
1.9871987104e+00
1.3249732256e+00
7.6293639839e-02
1.1409205198e+00
1.4538232088e+00
1.2914299965e+00
-4.4944316149e-01
8.2523411512e-01
-9.7952181101e-01
-7.5586266816e-02
5.3363621235e-01
2.7211719751e-01
1.3561772108e+00
1.7607196569e+00
2.7011110783e+00
2.7767136097e+00
2.1210412979e+00
1.3220462799e+00
8.1456357241e-01
1.2948359251e+00
4.3037408590e-01
1.1508380175e+00
6.6840231419e-01
4.2716392875e-01
-3.1146068573e+00
-2.6219885349e+00
-2.8445811272e+00
-1.6155139208e+00
-3.5789459944e-01
-1.5258033276e+00
-1.4044362307e+00
1.2435756624e-01
2.8320851922e-01
-2.2863700390e+00
-2.0434746742e+00
-2.3694593906e+00
-1.7016056776e+00
-3.4527630806e+00
-2.9214856625e+00
-1.9267395735e+00
-1.3819959164e+00
-4.4019615650e-01
-1.8617770672e+00
-4.6493193507e-01
-1.8685936928e+00
-1.5541282892e+00
-2.1307370663e+00
-9.9283909798e-01
-3.3006119728e-01
-4.6013885736e-01
3.0221891403e-01
-5.1037865877e-01
1.8529531360e-01
-4.7194239497e-01
-4.2782366276e-01
3.9324584603e-01
2.4101386964e-01
-4.4072932005e-01
1.6225393116e-01
2.1432800591e-01
1.3071701527e+00
-4.3368554115e-01
4.2268353701e-01
1.0582948923e+00
2.0825166702e+00
1.8456007242e+00
1.6697518826e+00
1.0141190290e+00
9.8021167517e-01
1.9243698120e+00
4.3576630950e-01
4.4403460622e-01
-4.1223224998e-01
-3.6914077401e-01
6.3775998354e-01
1.4833518267e+00
4.5506887436e+00
1.8178641796e+00
2.9560899734e+00
1.4112260342e+00
2.4293167591e+00
3.5599005222e+00
2.8969018459e+00
2.0715527534e+00
1.8060941696e+00
2.3023676872e+00
1.7053089142e+00
1.2658225298e+00
3.7200508118e+00
2.4576485157e+00
2.1989591122e+00
5.0721020699e+00
1.9527645111e+00
2.1502604485e+00
8.4213531017e-01
1.8869264126e+00
-7.2404587269e-01
3.2689166069e+00
3.0806925297e+00
-5.8997955322e+00
-4.5620584488e+00
-5.3682680130e+00
-3.9516496658e+00
-5.6022644043e+00
-5.6169238091e+00
-5.8647251129e+00
-6.4957327843e+00
-4.5478687286e+00
-2.9016959667e+00
-4.8294115067e+00
-5.6270217896e+00
-5.0405950546e+00
-6.0887904167e+00
-5.5662937164e+00
-5.3430604935e+00
-4.2365608215e+00
-5.1513624191e+00
-2.1544778347e+00
-2.0507106781e+00
-2.0646533966e+00
-1.1489139795e+00
-4.3976441026e-01
8.2505291700e-01
1.9168962240e+00
2.2682518959e+00
3.5302529335e+00
2.4835779667e+00
2.6091423035e+00
2.4806025028e+00
3.6029541492e+00
1.5432950258e+00
2.9661493301e+00
1.5640716553e+00
2.5815145969e+00
2.5530390739e+00
3.0223637819e-01
-1.0327746868e+00
-2.0921869278e+00
-3.9651734829e+00
-2.1726357937e+00
1.2303057909e+00
-2.5583348274e+00
-1.2303644419e+00
-4.5276835561e-01
-1.0441943407e+00
-1.2222312689e+00
-9.8084515333e-01
3.8682511449e-01
1.6649843454e+00
1.5093500614e+00
1.9232299328e+00
-1.9186453894e-02
-1.2137287855e+00
-3.0417113304e+00
-1.8762125969e+00
-2.0361447334e+00
-4.3277062476e-02
1.4862276316e+00
2.0491433144e+00
3.2160311937e-01
3.0929324627e+00
7.3131984472e-01
1.8672785759e+00
1.9688382149e+00
2.3505570889e+00
3.1018421650e+00
2.2506682873e+00
3.8059203625e+00
2.4947180748e+00
2.4361634254e+00
1.9075495005e+00
2.1923792362e+00
1.9427622557e+00
1.8569508791e+00
-4.9077698588e-01
-1.0472993851e+00
-5.1832991838e-01
-6.3839977980e-01
-1.2703850269e+00
-4.0050560236e-01
4.9416890740e-01
-1.4531010389e-01
6.1176818609e-01
6.8159872293e-01
1.0165941715e+00
1.0727685690e+00
7.1445173025e-01
-1.4036779404e+00
-1.3842114210e+00
-2.1670875549e+00
-2.7209434509e+00
-2.6752803326e+00
-2.5262372494e+00
-4.1548919678e-01
-4.2576888204e-01
-2.5410553813e-01
1.4345299006e+00
-1.0049395561e+00
5.5837488174e-01
7.6572287083e-01
-1.8901065588e+00
2.6140233874e-01
2.4473318458e-01
1.3730614185e+00
7.7990281582e-01
3.0333592892e+00
2.4858222008e+00
3.7140934467e+00
-2.7687957883e-01
1.1981652677e-01
-1.9916592836e+00
-4.7594416142e-01
-2.0992980003e+00
-2.2968056798e-01
7.6608264446e-01
1.2083530426e+00
7.0739883184e-01
-9.9148076773e-01
9.4626992941e-01
-5.9824210405e-01
2.0694001019e-01
-2.7877822518e-01
9.0499252081e-02
-6.3676011562e-01
-2.1676902771e+00
-2.2281582355e+00
-1.4883899689e+00
-1.9594678879e+00
-4.8031106591e-01
-7.9404580593e-01
-7.6141381264e-01
-4.8952489160e-03
-1.1621416807e+00
-2.0370149612e+00
-1.0356308222e+00
-1.3352085352e+00
-1.1975556612e+00
-1.3012980223e+00
2.4265302718e-01
-2.1993154287e-01
9.5548403263e-01
4.3974223733e-01
1.4626486301e+00
-1.0430086404e-01
4.9927091599e-01
-6.6667340696e-02
-1.6565412283e-01
-1.3607244194e-01
-8.2868951559e-01
-1.0765193701e+00
4.0186223388e-01
-4.3331122398e-01
-8.8904446363e-01
1.4304298162e+00
1.6982892752e+00
1.6600848436e+00
2.4862964153e+00
3.5458067060e-01
-2.1056866646e+00
-1.3178848028e+00
-1.8930075169e+00
-1.0370302200e+00
-1.5393917561e+00
-1.0799432993e+00
1.9644387066e-01
-5.9674108028e-01
1.2555503845e+00
-1.2129955292e+00
6.9719159603e-01
-3.8655963540e-01
3.9339296520e-02
-1.3703012466e+00
-3.2832828164e-01
-8.4473297000e-02
-2.0388529301e+00
-2.0292396545e+00
-1.4394322634e+00
-4.8268759251e-01
-9.8763555288e-01
-1.9586519897e-01
-2.6438095570e+00
1.2772556543e+00
-1.2212492228e+00
1.0584940910e+00
-1.3278234005e+00
-2.2238569260e+00
-3.3945384026e+00
-7.0457035303e-01
-3.8245195150e-01
-8.6857855320e-01
8.1914299726e-01
1.7268668413e+00
2.4813328683e-01
-1.1882917881e+00
9.2423260212e-01
-3.5927634239e+00
-3.6038866043e+00
-9.9534511566e-01
-3.1013703346e+00
-2.2237725258e+00
-8.3879810572e-01
-6.9105732441e-01
6.3923436403e-01
1.0587989539e-01
8.9752143621e-01
9.6320044994e-01
7.4433612823e-01
2.0187190175e-01
6.1183321476e-01
1.0944364071e+00
4.6673059464e-01
1.5900355577e+00
1.6731798649e+00
2.0212290287e+00
1.7841956615e+00
2.2584652901e+00
1.6186331511e+00
9.6481472254e-01
2.7975085378e-01
7.8996397555e-02
-6.9779849052e-01
-1.6462336779e+00
5.7310503721e-01
-1.4136885405e+00
-1.9388985634e+00
-6.5326333046e-01
-2.7433523536e-01
-1.1435662508e+00
2.5241637230e-01
-7.0057320595e-01
8.1002837420e-01
-2.7257806063e-01
1.7301359177e+00
1.6026079655e+00
9.8888134956e-01
2.2937619686e+00
3.0681592226e-01
-1.5642919540e+00
-1.7377492189e+00
-2.5460419655e+00
-4.1981998086e-01
-2.4490688741e-01
-2.8308218718e-01
2.0793092251e+00
1.7046703100e+00
2.6672375202e+00
5.3253114223e-01
-1.1070057750e-01
4.2096465826e-01
2.4418577552e-02
9.9320012331e-01
2.3597221375e+00
-2.1321864128e+00
2.0574867725e+00
2.3101859093e+00
-9.4523376226e-01
-3.3249294758e+00
-1.0717390776e+00
-6.6115002632e+00
2.7514359355e-01
-3.2079610825e+00
1.3863903284e+00
-1.1558083296e+00
2.8698837757e+00
5.5357784033e-01
2.6027352810e+00
1.3956807852e+00
2.0439267159e+00
6.7771978676e-02
-1.0234286636e-01
-4.0720686316e-01
1.9212162495e+00
2.4040083885e+00
1.0026369095e+00
-6.6186070442e-01
-7.7425189316e-02
-5.8661478758e-01
-2.4834361076e+00
-8.8568055630e-01
-2.5700061321e+00
-1.1390960217e+00
-2.4947786331e-01
-1.0941817760e+00
4.3122091889e-01
-2.0356690884e+00
-6.6009813547e-01
-4.0243870020e-01
-7.1730636060e-02
2.3592649400e-01
3.2529088855e-01
-2.9289901257e-01
-8.2516980171e-01
4.7425895929e-01
1.9325540960e-01
1.2134536505e+00
5.3731590509e-01
8.3748787642e-01
2.5137200952e-01
2.4519714713e-01
-1.4715230465e+00
-2.1906803548e-01
9.7843152285e-01
-1.8930996954e-01
1.5625525713e+00
5.0821328163e-01
-1.1389234662e-01
7.3262977600e-01
5.6258147955e-01
6.3301019371e-02
1.7603633404e+00
3.0890005827e-01
6.7136895657e-01
1.9902063906e-01
5.9590175748e-02
-3.7241619825e-01
2.7425484732e-03
-1.0635613203e+00
-8.3596026897e-01
-9.4194650650e-01
-2.1811117232e-01
-1.0912456363e-01
-1.7321319580e+00
-1.1021918058e+00
-8.7139266729e-01
-1.1970819235e+00
-1.4407275915e+00
-4.9355274439e-01
-2.4352844059e-01
-6.9282394648e-01
-1.4069168568e+00
-3.0508455634e-01
6.0836893320e-01
-8.5109198093e-01
-9.2658179998e-01
-7.4910068512e-01
-9.7159475088e-01
-5.6588448584e-02
-3.4180593491e-01
8.6538648605e-01
-9.5950579271e-03
-8.4867037833e-02
-7.5787425041e-02
-1.7544623613e+00
-3.5009709001e-01
-9.2315894365e-01
-1.0692496300e+00
-4.0822766721e-02
1.9723342732e-02
-7.3648387194e-01
-1.9585125446e+00
-5.6861907244e-01
-5.7093185186e-01
1.2453384399e+00
-1.0054571182e-01
-1.3047051430e+00
-1.5070171356e+00
5.5076543242e-02
-3.2499063015e-01
9.7469550371e-01
-1.2021434307e+00
3.1081342697e-01
-6.4783692360e-01
-7.1450483799e-01
-1.1241968870e+00
-8.0177378654e-01
-3.5180976987e-01
-4.7880259156e-01
-9.2047923803e-01
3.1241270900e-01
7.5111580081e-03
5.6243467331e-01
1.5559925139e-01
7.2490155697e-01
-4.8979365826e-01
5.7498645782e-01
2.2316858768e+00
1.1993117332e+00
1.3225086927e+00
1.5946373343e-01
5.5251795053e-01
3.2951426506e-01
4.2783913016e-01
4.7878316045e-01
-8.2915419340e-01
1.4244166203e-02
-1.6320012808e+00
-2.0198616982e+00
-2.7662756443e+00
-1.7338640690e+00
-2.8521201611e+00
-1.1263782978e+00
-3.6907048225e+00
-2.5310459137e+00
-5.5470294952e+00
-1.9668227434e+00
-3.4304535389e+00
-3.1543812752e+00
-3.1690216064e+00
-1.1250027418e+00
1.0610080957e+00
1.1083359718e+00
9.8648357391e-01
2.0706391335e+00
1.5975165367e+00
3.9350363612e-01
1.4567029476e+00
2.1884918213e+00
8.3564180136e-01
1.0138193369e+00
1.1435770988e+00
6.8736451864e-01
2.8531435132e-01
6.9555692375e-02
-1.9564117491e-01
-2.5229270458e+00
-4.1340808868e+00
-2.1760487556e+00
-2.1445617676e+00
3.1805223227e-01
-2.8103001118e+00
-1.8916419148e-01
6.0552603006e-01
1.5927337408e+00
1.7906844616e+00
-9.3028366566e-01
-8.8294500113e-01
-5.5778777599e-01
-2.7815741301e-01
4.2720085382e-01
2.6339423656e-01
2.2709856033e+00
8.5034584999e-01
1.5039694309e+00
1.2479401827e+00
8.5424953699e-01
2.2420549393e+00
2.4088072777e+00
4.3484783173e+00
3.9737575054e+00
1.2884844542e+00
2.5500214100e+00
5.6176072359e-01
2.7793948650e+00
2.1949596405e+00
1.4695986509e+00
-7.6782688498e-02
-7.8147149086e-01
-8.6742675304e-01
1.2542405128e+00
-5.9223777056e-01
1.8056806326e+00
1.9808044434e+00
1.3935848475e+00
-1.1158462148e-03
-3.2141688466e-01
2.1116707325e+00
8.4960037470e-01
2.3001034260e+00
-3.7756544352e-01
7.3005378246e-01
-6.1196482182e-01
7.5596117973e-01
-8.2393683493e-02
8.8993167877e-01
4.1782638431e-01
1.0040526390e+00
-1.0412483662e-01
1.2746157646e+00
1.1581394672e+00
5.7151454687e-01
1.2681297064e+00
1.1954112053e+00
-9.3969941139e-01
5.0452280045e-01
-9.6533465385e-01
-3.8944691420e-01
-3.1948649883e-01
9.4589614868e-01
-2.8975963593e-01
1.4307422936e-01
5.5869507790e-01
9.1035306454e-01
1.4276654720e+00
1.6009397507e+00
1.5762885809e+00
2.6324067116e+00
1.0293705463e+00
8.6060268804e-03
-2.1908664703e+00
-3.5783302784e+00
-2.7269036770e+00
-2.0535280704e+00
-4.2721378803e-01
8.3683526516e-01
2.6031044126e-01
6.9258981943e-01
7.8205448389e-01
9.7617989779e-01
9.5699501038e-01
-3.7921157479e-01
-8.0663964152e-02
-2.7347442508e-01
4.5678535104e-01
4.3633427471e-02
1.7770844698e+00
1.6650447845e+00
1.9936962128e+00
1.3353755474e+00
-1.9375453889e-01
-2.2196435928e+00
-4.1586251259e+00
-4.5414533615e+00
-2.6092989445e+00
-7.3040485382e-01
1.8587548733e+00
2.3490684032e+00
1.9876189232e+00
1.5260158777e+00
7.0473957062e-01
2.0299606025e-01
5.9155225754e-01
5.4083526134e-02
2.5413706899e-01
3.0914619565e-02
-7.9635924101e-01
-1.0172042847e+00
-7.9949778318e-01
-4.5720893145e-01
-7.6988659799e-02
-4.3649098277e-01
-1.4042383991e-02
-2.1012225747e-01
-1.8865142763e-01
-3.4434971213e-01
-2.9549235106e-01
-5.4243284464e-01
-1.2958252430e+00
-1.0040285587e+00
-1.0074380636e+00
-4.9888464808e-01
4.7350388765e-01
1.1134557724e+00
1.5754977465e+00
1.1110718250e+00
-2.9554811120e-01
-1.3737773895e+00
-6.8932706118e-01
-2.2061073780e+00
-8.4734368324e-01
-2.6202368736e-01
-5.0565832853e-01
5.9778916836e-01
7.6815378666e-01
1.8473718166e+00
1.5776998997e+00
2.2928593159e+00
1.4698252678e+00
1.2629362345e+00
-2.9052915573e+00
-3.0384161472e+00
-4.5556440353e+00
-1.3109571934e+00
-5.8799403906e-01
1.9689725637e+00
2.0069212914e+00
3.6122570038e+00
1.7931272984e+00
1.4563766718e+00
9.8989927769e-01
7.7428770065e-01
1.5963155031e-01
3.1319731474e-01
1.1235983670e-01
-7.1631544828e-01
2.0996372402e-01
8.2146912813e-02
-1.2204600871e-01
8.9913767576e-01
3.9558973908e-01
1.1696239710e+00
7.0618093014e-01
1.4530485868e+00
5.0250440836e-01
4.9317452312e-01
-1.0086929053e-01
-4.9147388339e-01
-1.5813637972e+00
2.0449244976e+00
1.3099775314e+00
1.7287600040e+00
4.9242714047e-01
6.0496902466e-01
1.5852235556e+00
1.4832928181e+00
-3.7575870752e-01
2.0039886236e-02
-1.5745862722e+00
-7.1696090698e-01
-1.4480952024e+00
4.9493536353e-01
2.6471292973e-01
7.0739948750e-01
-6.6518765688e-01
3.9029416442e-01
5.2138352394e-01
-1.2157907486e+00
-4.0521594882e-01
-6.7287427187e-01
-2.4138909578e-01
-6.7725276947e-01
-6.2142300606e-01
-7.4849873781e-01
3.8990613818e-01
-5.2377376705e-03
1.0466543436e+00
4.6355897188e-01
1.5964196920e+00
1.2829860449e+00
9.5787459612e-01
7.1522943676e-02
-3.6256900430e-01
-6.3529396057e-01
-1.6535501480e+00
-8.4335404634e-01
-1.1908255816e+00
-8.8515263796e-01
-6.8207049370e-01
-1.0605479032e-01
-1.2313646078e+00
7.2566413879e-01
6.7634874582e-01
4.4931960106e-01
8.5002124310e-01
7.7883487940e-01
2.0846948624e+00
5.3839558363e-01
-1.2565374374e+00
-3.4796700478e+00
-5.4699640274e+00
-4.7802104950e+00
-3.4458117485e+00
-1.3271590471e+00
1.4704364538e+00
2.2033352852e+00
1.4671424627e+00
2.4459574223e+00
8.9206767082e-01
9.4776678085e-01
9.5656937361e-01
8.2237416506e-01
1.2159639597e+00
4.4723448157e-01
-1.0630487204e+00
-1.6565241814e+00
-1.0261349678e+00
-1.9475100040e+00
-2.1123766899e+00
-2.4514496326e+00
-8.0959010124e-01
-9.1047614813e-01
1.4806045294e+00
4.8234856129e-01
8.4724819660e-01
1.5082907677e+00
1.5795170069e+00
1.5577794313e+00
1.4025416374e+00
-6.0263775289e-02
-5.4705005884e-01
-1.7180153131e+00
-3.3042402267e+00
-2.3553087711e+00
-1.5076422691e+00
6.4083111286e-01
5.2244043350e-01
7.2068035603e-01
-4.4529557228e-02
6.1680728197e-01
-7.9358920455e-02
-7.6567023993e-01
-1.4585695267e+00
-1.0719381571e+00
-1.2825303078e+00
-4.1957229376e-01
1.5108040571e+00
2.2419228554e+00
2.1203377247e+00
2.2348089218e+00
1.3771916926e-01
-2.2523238659e+00
-2.5426073074e+00
-2.5358040333e+00
-2.1161730289e+00
-2.7475553751e-01
1.6816670895e+00
4.3046548963e-01
6.0955303907e-01
1.2360064983e+00
-2.8990560770e-01
2.6809960604e-01
-5.0999104977e-01
-1.5831003189e+00
-2.0813815594e+00
-1.0227377415e+00
2.4476312101e-01
3.0843715668e+00
4.0975604057e+00
4.4783067703e+00
2.6734538078e+00
-1.1069728136e+00
-3.2222146988e+00
-5.3480134010e+00
-3.4261395931e+00
-1.4102168083e+00
-2.7918678522e-01
2.4351923466e+00
1.4417444468e+00
1.3654403687e+00
1.1278045177e+00
1.4400555193e-01
-7.7068470418e-02
-5.1832866669e-01
-4.5240980387e-01
2.0978988707e-01
-4.7448594123e-02
-4.2509359121e-01
-1.6431923211e-01
-2.8194236755e-01
-3.1271240115e-01
2.5765937567e-01
4.1365087032e-01
7.0897346735e-01
6.7986655235e-01
3.8550439477e-01
6.2494464219e-02
-3.0987992883e-01
-7.0858228207e-01
-9.3326866627e-01
-1.5604256392e+00
-1.0704433918e+00
-4.8116093874e-01
1.2072957754e+00
2.3346388340e+00
2.8721461296e+00
1.9777952433e+00
4.1297391057e-01
-1.2916578352e-01
-1.4364093542e+00
-9.4978016615e-01
-1.3347526789e+00
-9.0627509356e-01
-1.5768104792e+00
-1.1996968985e+00
7.0787325501e-02
1.2226732969e+00
3.2340331078e+00
3.3586120605e+00
2.7060813904e+00
3.1505387276e-02
-2.6385760307e+00
-3.8210513592e+00
-2.1985974312e+00
-1.7883663177e+00
1.4896713197e-01
1.5620507002e+00
1.0215785354e-01
5.1853609085e-01
-5.3517028689e-02
-4.5924887061e-01
3.4891307354e-02
-4.5739158988e-01
1.8135021627e-01
-1.1100710183e-01
-7.4478453398e-01
-7.5155842304e-01
-6.8160182238e-01
-2.3050754070e+00
-7.7383071184e-01
-1.3697828054e+00
-9.3551820517e-01
9.0052020550e-01
7.9735976458e-01
1.8326308727e+00
2.4287788570e-01
3.7066936493e-01
4.7899237275e-01
4.7026762366e-01
6.8363326788e-01
1.4639117718e+00
2.0211394131e-01
1.4024535418e+00
1.9474364519e+00
3.1693320274e+00
2.5639464855e+00
1.7504242659e+00
1.4333815575e+00
1.1749873161e+00
-5.2011942863e-01
1.3237252235e+00
-5.7837426662e-02
-1.2803937495e-01
-3.2475116849e-01
-2.1007430553e-01
-2.4143828452e-01
2.5302407146e-01
3.4371420741e-01
3.2186070085e-01
-2.3257276043e-02
2.6167949662e-02
-3.3826193213e-01
-9.8840311170e-02
6.0653746128e-02
9.6351757646e-02
3.7770745158e-01
6.9522008300e-02
1.7429496348e-01
4.0684172511e-01
9.5408111811e-01
6.4771443605e-01
7.2376137972e-01
-1.3204666376e+00
-2.3031423092e+00
-2.2682416439e+00
-8.3342903852e-01
4.1250115633e-01
-2.0776349306e-01
-2.9864469171e-01
3.0975845456e-01
-1.0437978059e-01
-1.1909911633e+00
-1.2415424585e+00
-7.8399956226e-01
1.0723770857e+00
2.6479737759e+00
3.4309082031e+00
3.8319926262e+00
2.8064451218e+00
-9.4622868299e-01
-2.6699492931e+00
-4.0259318352e+00
-2.7157473564e+00
-3.5997998714e-01
2.4900285527e-02
1.1860797405e+00
2.6302864552e+00
1.4394980669e+00
1.3107291460e+00
1.4746251106e+00
-1.6658927202e+00
-2.2449487820e-02
1.3167455196e+00
2.7745943069e+00
2.1449866295e+00
2.9136688709e+00
9.8785459995e-02
1.2257472277e+00
4.1037175059e-01
5.0732952356e-01
1.0696239471e+00
9.4996684790e-01
5.4111433029e-01
2.6400348544e-01
-3.4617283940e-01
4.5757329464e-01
1.6755400896e+00
1.0517417192e+00
2.0840442181e+00
1.5198510885e+00
3.9355936646e-01
-3.6074562073e+00
-1.9207222462e+00
-2.9052772522e+00
-8.8431704044e-01
-1.2610815763e+00
2.5646135211e-01
-4.2953160405e-01
1.3610814512e-01
8.6859065294e-01
-7.7528262138e-01
-1.7542389631e+00
-5.1764184237e-01
-5.3650903702e-01
-1.7603321373e-01
8.4543120861e-01
8.7744081020e-01
1.7156134844e+00
2.4756054878e+00
8.8127392530e-01
-1.7132729292e+00
-2.2104759216e+00
-3.7747089863e+00
-1.8730274439e+00
-7.8428709507e-01
-6.3451543450e-02
7.1486955881e-01
7.8010171652e-01
-3.6197239161e-01
5.0569730997e-01
4.0967693925e-01
-6.6201645136e-01
2.4622918665e-01
-1.7983238697e+00
-1.2476599216e+00
-4.6212762594e-01
6.8192267418e-01
1.9706244469e+00
2.9709537029e+00
2.5255305767e+00
6.4744246006e-01
-5.9070289135e-01
-2.4165699482e+00
-2.8740656376e+00
-1.4320501089e+00
7.7893960476e-01
2.1920404434e+00
1.2635769844e+00
1.2881588936e+00
1.8463405371e+00
6.2121480703e-01
2.4494573474e-01
-3.0902540684e-01
5.4235130548e-01
4.7709122300e-01
6.5256881714e-01
-7.9404503107e-01
-8.5771328211e-01
-2.4451643229e-01
-1.3074059486e+00
-1.5518903732e+00
-4.3621671200e-01
-9.9661219120e-01
-3.2756400108e-01
-9.2267823219e-01
-1.0890588760e+00
-1.4951381683e+00
-1.4951337576e+00
-1.1471023560e+00
-1.4497777224e+00
-1.4800220728e+00
-5.2000284195e-01
-7.6211452484e-02
1.1846289635e+00
1.3403415680e+00
8.5651731491e-01
-3.9663243294e-01
-2.3154979944e-01
-3.6154229641e+00
-1.6328378916e+00
-2.3502460122e-01
-7.0785880089e-01
-1.2237762213e+00
-9.2421376705e-01
-5.0515973568e-01
2.2685271502e-01
1.1461925507e+00
2.2368798256e+00
3.0840382576e+00
2.1091670990e+00
-4.8576506972e-01
-2.6515529156e+00
-3.5244617462e+00
-2.6830263138e+00
-6.9364619255e-01
1.4002582431e-01
1.6765748262e+00
1.5096185207e+00
9.7612333298e-01
1.1605472118e-01
1.0552332401e+00
8.2440978289e-01
1.2187415361e+00
-2.2473819554e-01
-9.2904978991e-01
-1.2599887848e+00
-1.5981785953e-01
-7.0962166786e-01
-2.0027570724e+00
-2.1235578060e+00
-1.3196480274e+00
3.4857428074e-01
2.4999558926e+00
2.6685211658e+00
1.8981393576e+00
1.0834802389e+00
-9.8167210817e-01
-1.4281347990e+00
-1.6820193827e-01
-7.3057985306e-01
1.4972856045e+00
3.1260380745e+00
2.4625432491e+00
2.1726360321e+00
2.7036130428e+00
1.4259837866e+00
2.5661161542e-01
1.0257335752e-01
1.6193944216e-01
-2.2531831264e+00
1.2143199444e+00
-4.3919125199e-01
5.6244146824e-01
1.7063485384e+00
2.7451746464e+00
8.7977486849e-01
9.1842931509e-01
-9.7123034298e-02
-1.0040773153e+00
-9.7338175774e-01
7.7073454857e-01
-1.6320347786e-01
5.8660269715e-03
2.7033877373e-01
-1.9312810898e-01
-3.5424783826e-01
-8.4681099653e-01
-2.2266204655e-01
2.7352043986e-01
-1.0521570444e+00
-6.2426173687e-01
-7.6271247864e-01
-5.7538390160e-01
-2.3271298409e+00
-1.7606178522e+00
-1.0058706999e+00
2.6104214191e+00
2.3982708454e+00
-9.6472573280e-01
-4.8420342803e-01
-3.7753984332e-01
-8.9267373085e-01
-4.8548489809e-01
1.0440567732e+00
-1.1132190377e-01
2.5484693050e+00
3.1023359299e+00
3.3115139008e+00
2.9611809254e+00
-1.8499976397e-01
-1.6831843853e+00
-3.7300941944e+00
-1.9353150129e+00
1.0238138586e-01
1.5210827589e+00
2.6703422070e+00
1.3640201092e+00
2.8338575363e+00
9.4651734829e-01
1.8605057001e+00
-2.6125261560e-02
2.2714943886e+00
2.4246060848e+00
2.9948921204e+00
6.4265626669e-01
-2.1303044260e-01
1.9383243322e+00
1.4781110287e+00
2.2680845261e+00
-1.0905599594e+00
-1.1376975775e+00
-7.5597608089e-01
-8.6057412624e-01
4.0951979160e-01
1.5814213753e+00
2.7556612492e+00
3.8588764668e+00
2.9498481750e+00
2.9395985603e+00
2.4759559631e+00
1.3661401272e+00
-8.7775510550e-01
1.6916931868e+00
1.7545429468e+00
2.8835756779e+00
2.8161485195e+00
-1.0385974646e+00
-4.7887897491e-01
-4.4358602166e-01
1.3388448954e-01
2.2968028486e-01
-5.3832024336e-01
1.3441088200e+00
1.4058544636e+00
1.6026301384e+00
9.3779599667e-01
1.2357809544e+00
6.8069386482e-01
-1.3526549339e+00
-1.1037794352e+00
-2.2736675739e+00
-2.7113318443e+00
-3.8338011503e-01
8.2930469513e-01
1.0692874193e+00
9.3571126461e-01
1.1595764160e+00
3.0373010784e-02
7.1712011099e-01
5.6563842297e-01
1.3151916265e+00
3.1960946321e-01
-9.2019551992e-01
-6.9413788617e-02
5.9252613783e-01
1.6148270369e+00
1.3254263401e+00
-2.6284804568e-02
1.0833612680e+00
-1.3541917801e+00
-3.3514182568e+00
-3.4214382172e+00
-2.2330195904e+00
-1.6625732183e-02
-4.0124279261e-01
1.3745565414e+00
1.5458091497e+00
1.0050325394e+00
1.2934339046e+00
5.1992274821e-02
-3.7042355537e-01
-9.7252339125e-02
4.6408835053e-01
3.3739574254e-02
-5.3789108992e-01
-5.5998302996e-02
-1.9298635721e+00
-2.0736761391e-02
-1.1086697578e+00
2.5708115101e-01
3.7595611811e-01
2.1655720472e-01
-6.6792115569e-02
4.8837828636e-01
-2.2248740494e-01
-1.7350716889e-01
-3.6494165659e-01
-8.8106095791e-02
5.4952472448e-01
3.1477510929e-01
3.4055185318e-01
1.6881976128e+00
9.0003550053e-01
8.5676699877e-01
-1.8167608976e-01
-7.3194253445e-01
-1.5063335896e+00
-1.5311621428e+00
-2.7978694439e-01
5.8219385147e-01
2.0000844002e+00
-1.1474715918e-01
5.0669819117e-01
4.5643356442e-01
8.5050815344e-01
1.9103944302e+00
7.3873692751e-01
-9.4464826584e-01
-1.5151379108e+00
-2.7700736523e+00
-2.5166616440e+00
-2.4003877640e+00
-9.5502752066e-01
8.1545639038e-01
1.6154015064e+00
8.6881786585e-01
1.2886141539e+00
-4.3247047067e-01
1.6312913895e+00
1.0696991682e+00
-2.9398658872e-01
-7.5225454569e-01
-3.1976619363e-01
-1.3973940611e+00
-8.2883453369e-01
-6.6305410862e-01
2.0355613232e+00
1.9021638632e+00
6.4801239967e-01
-3.1405374408e-01
4.2155668139e-01
1.6081169844e+00
5.0778365135e-01
2.3195360601e-01
-1.9593144655e+00
-1.8907806873e+00
-2.2054624557e+00
-1.4421071112e-01
1.2238690257e-01
1.0885771513e+00
1.8035924435e+00
3.6193704605e+00
1.7300713062e+00
-8.8645875454e-01
-3.4015426040e-01
-1.6502108574e+00
-2.5532202721e+00
-1.7562586069e+00
-1.7255963087e+00
-4.0982487798e-01
1.3365091085e+00
-6.7077207565e-01
4.7528395057e-01
9.4013088942e-01
7.3356896639e-01
6.4211869240e-01
-7.6292961836e-02
-2.9089373350e-01
-1.0551666021e+00
-1.5902203321e-01
-1.6971272230e-01
2.6045575738e-01
-5.8460187167e-02
1.9521405697e+00
2.2841229439e+00
4.6876204014e-01
1.2978413105e+00
1.7850457430e+00
1.3739776611e-01
9.3529686332e-02
-3.0728414655e-01
-5.7208502293e-01
-7.1000826359e-01
-7.3879867792e-02
-7.4213558435e-01
2.1906220913e+00
-1.0051028728e+00
-1.2032891512e+00
5.6834799051e-01
-2.4155691266e-01
8.0877691507e-01
9.8896777630e-01
-1.1776426435e-01
2.2296636105e+00
4.0120568871e-01
1.5925400257e+00
-1.3639603853e+00
-2.6974763870e+00
-3.8059353828e+00
-1.4967972040e+00
-2.1490020752e+00
-1.0336490870e+00
8.9648944139e-01
1.8180229664e+00
2.3918142319e+00
1.7629671097e+00
1.2887170315e+00
3.3255636692e-02
-1.2139937878e+00
-1.1103800535e+00
-1.4527503252e+00
2.7440801263e-01
3.8707062602e-01
2.5627768040e-01
-1.8632037640e+00
-8.7928503752e-01
-2.8328776360e+00
-9.7471511364e-01
-1.5410039425e+00
-3.4986442327e-01
-8.2576465607e-01
9.6758878231e-01
9.6881258488e-01
8.2015812397e-01
7.7418518066e-01
6.1028391123e-01
-2.5971673429e-02
1.4560968876e+00
-1.5718865395e+00
-1.7880470753e+00
-1.4896907806e+00
-6.8750953674e-01
-3.8605228066e-01
1.4972170591e+00
1.0134960413e+00
1.1836920977e+00
-3.1311315298e-01
-5.0670462847e-01
-4.5717993379e-01
2.1578906476e-01
6.9722837210e-01
4.7148901224e-01
1.0623223782e+00
1.2659193277e+00
2.2338809967e+00
1.6446462870e+00
1.8980693817e+00
1.0723353624e+00
3.9400342107e-01
2.7186867595e-01
8.1956100464e-01
2.2435691953e-01
-3.1673863530e-01
5.5768018961e-01
2.8966307640e-01
-2.1067135036e-01
4.1870339774e-03
3.3078768849e-01
4.5452174544e-01
-9.9374391139e-02
3.9313599467e-01
-6.5027850866e-01
-1.5730327368e-01
2.1178862453e-01
5.4144525528e-01
1.0076562315e-01
-4.6157348901e-02
-1.9805731252e-02
-2.4363483489e-01
-9.2436343431e-02
-2.6799589396e-01
-6.9870942831e-01
-2.9903763533e-01
-1.7092858907e-03
5.5004388094e-01
-1.8189668655e-01
2.8479784727e-01
3.1566989422e-01
7.2571411729e-02
-1.1773084104e-01
1.9290520251e-01
-5.2122078836e-02
-6.3956421614e-01
-3.5546022654e-01
-3.9582306147e-01
-8.5995721817e-01
-1.4105818272e+00
-1.8773170710e+00
-1.1834784746e+00
-2.2935895920e+00
-2.3360455036e+00
-1.5752878189e+00
-1.4731134176e+00
-1.2687385082e+00
-1.2639182806e+00
-1.4775536060e+00
-8.3292984962e-01
-1.7372475863e+00
-8.9642000198e-01
-1.3039200306e+00
-1.6520336866e+00
-1.2350034714e+00
-1.0717456341e+00
-7.9109442234e-01
-1.5234504938e+00
-8.3209753036e-01
-1.1758475304e+00
-8.3223092556e-01
-1.0034389496e+00
-1.0495183468e+00
-4.8091447353e-01
-8.2696151733e-01
-4.4536226988e-01
-3.2901829481e-01
-4.5281791687e-01
-1.0976578295e-01
-1.4698891342e-01
1.0833623409e+00
-1.6716560349e-02
5.5344855785e-01
-4.6750590205e-01
5.2512890100e-01
-7.7718287706e-01
1.2205895036e-01
-1.6271831095e-01
4.0405946970e-01
3.6252015829e-01
-2.6070934534e-01
-3.1646350026e-01
-2.6700374484e-01
-5.1882499456e-01
-5.1638379693e-02
5.3579721134e-04
-5.6350775063e-02
-4.7455585003e-01
-4.3913316727e-01
1.0574368387e-01
9.7634002566e-02
-2.6940237731e-02
-6.3768875599e-01
-3.1000894308e-01
-2.0603571832e-01
-5.8003026247e-01
-3.6600716412e-03
3.3995383978e-01
1.7419937253e-01
4.5067507029e-01
1.0632427931e+00
2.9415714741e-01
8.6792208254e-02
-1.3695305586e-01
6.4556908607e-01
1.3063195944e+00
8.6362600327e-01
2.1494831145e-01
7.5877314806e-01
1.2464722395e+00
2.4916128814e-01
7.6778930426e-01
6.1325538158e-01
6.8114638329e-01
2.9155642986e+00
2.2530317307e+00
1.1646927595e+00
1.8369877338e+00
6.8678474426e-01
-6.4246356487e-01
5.7419288158e-01
-2.5243675709e+00
-4.0762867928e+00
-3.1201527119e+00
-5.9233751297e+00
-3.6476833820e+00
-5.8072371483e+00
-6.2000756264e+00
-7.6709618568e+00
-7.5426111221e+00
-6.6326713562e+00
-5.2096114159e+00
-4.3403868675e+00
-3.2832684517e+00
-2.0693409443e+00
-1.3774533272e+00
-9.3301820755e-01
5.2929066122e-02
1.7764470577e+00
-1.1837252378e+00
-5.3352457285e-01
4.4076871872e-01
8.5482650995e-01
1.7552539110e+00
2.0358145237e+00
2.1087236404e+00
2.4080266953e+00
2.5023260117e+00
2.5420722961e+00
2.7475845814e+00
2.5433351994e+00
2.1773970127e+00
1.3573057652e+00
1.5071475506e+00
1.6017011404e+00
1.2394233942e+00
1.6264584064e+00
1.2701224089e+00
1.1569123268e+00
7.0420080423e-01
1.5510790348e+00
4.9887743592e-01
8.7584489584e-01
6.3337695599e-01
2.0536601543e+00
2.7549629211e+00
9.4403833151e-01
9.0887737274e-01
5.4578579962e-02
9.7278600931e-01
1.7671097517e+00
1.7746756077e+00
2.2386724949e+00
1.8576353788e+00
1.7774399519e+00
2.1523787975e+00
1.7879714966e+00
2.4585933685e+00
2.9179604053e+00
2.1397476196e+00
2.2482304573e+00
1.5269812346e+00
1.4383084774e+00
1.4868241549e+00
1.7926514149e+00
2.1554672718e+00
1.6074528694e+00
1.6600959301e+00
1.1219704151e+00
-3.8206094503e-01
-7.2387272120e-01
-5.3936064243e-01
-7.1507507563e-01
-3.8367715478e-01
-1.9367078543e+00
-9.4756805897e-01
-7.0034974813e-01
1.2931016684e+00
1.4289697409e+00
-2.3944433033e-01
2.3342018127e+00
1.3126258850e+00
1.6681437492e+00
1.6126389503e+00
8.7119889259e-01
5.9030807018e-01
-5.9644877911e-01
-3.3673378825e-01
-2.8244549036e-01
-3.5854610801e-01
-1.5298411846e+00
-9.9235045910e-01
2.0958301425e-01
-2.9802548233e-03
-3.9586287737e-01
-5.8115768433e-01
-8.8485723734e-01
-1.6923852265e-01
4.4318345189e-01
1.2393151522e+00
1.0029873848e+00
1.3833224773e+00
7.4897772074e-01
1.7012586594e+00
4.5820575953e-01
1.1019417048e+00
1.2242120504e+00
5.6017452478e-01
-1.3040961325e-01
-2.5926956534e-01
-9.8161661625e-01
-4.9881538749e-01
-1.1967604160e+00
8.3540999889e-01
8.5145533085e-01
2.2084629163e-02
-4.3336406350e-01
-7.5643146038e-01
4.5977982879e-01
-2.0523016453e+00
-1.3946621418e+00
-3.3615553379e+00
-2.2078437805e+00
-3.7048726082e+00
-2.7275791168e+00
-1.3555237055e+00
-2.1651201248e+00
-1.3977553844e+00
-3.0052752495e+00
-1.5685127974e+00
-2.0377304554e+00
-1.8148466349e+00
-1.6141623259e+00
-6.0416311026e-01
5.5030751228e-01
-2.9181507230e-01
2.6916062925e-03
2.3254343867e-01
1.6069099307e-01
1.0279686004e-01
4.8471551389e-02
-8.8215939701e-02
5.7664434426e-03
-6.9623613358e-01
-1.2367452383e+00
-1.1492127180e+00
-1.1245361567e+00
5.6719464064e-01
3.1021496654e-01
1.2411423028e-01
1.1024826765e+00
1.8221739531e+00
2.1522247791e+00
1.9279713631e+00
1.1278373003e+00
3.6834156513e-01
-4.1642385721e-01
-7.8739255667e-01
-2.2264699936e+00
-1.7581701279e+00
-1.9754930735e+00
-1.3979082108e+00
7.9222016037e-02
2.0632336382e-03
-1.5278681517e+00
4.1573637724e-01
-1.9940929115e-01
-2.6203647256e-01
-1.1813756227e+00
-6.2717854977e-01
-1.1051954031e+00
-2.5827722549e+00
-5.9227913618e-01
-6.6573739052e-01
-1.1736192703e+00
4.1211158037e-01
1.0518286377e-01
1.9040820599e+00
5.9264850616e-01
-9.6796774864e-01
-9.2261135578e-02
-3.6584475636e-01
-1.4411158562e+00
-1.8130607903e-01
7.3181807995e-01
1.2762339115e+00
6.2370967865e-01
1.4756416082e+00
1.6070600748e+00
3.3137527108e-01
1.1075223684e+00
5.1511901617e-01
5.4040873051e-01
-1.9553346634e+00
-5.2305030823e-01
-6.0364770889e-01
8.7630301714e-01
4.3815276027e-01
1.1387226582e+00
-1.8670816720e-01
1.3541039228e+00
-4.1184805334e-02
3.0648577213e-01
-4.2643845081e-01
-1.8375536799e-01
5.5442243814e-01
1.1581196785e+00
1.5038979053e+00
7.6408362389e-01
1.9533227682e+00
1.1115362644e+00
1.2474774122e+00
1.3520876169e+00
1.0587342978e+00
6.9830417633e-01
6.3049983978e-01
-3.3251512051e-01
-8.7993115187e-01
-3.3049568534e-01
9.0944242477e-01
-3.5231763124e-01
-3.2366788387e-01
6.2011420727e-01
1.5885868669e-01
-5.1890205592e-02
5.1686286926e-01
3.8858804107e-01
-2.2552363575e-02
3.1862419844e-01
8.1474214792e-01
2.1052405834e+00
-3.1899377704e-01
4.2163720727e-01
-1.0462942123e+00
-3.4183990210e-02
1.4616711140e+00
-1.3651479483e+00
5.7503234595e-02
-2.8966933489e-01
-4.0027111769e-01
-5.6398057938e-01
5.9819960594e-01
-7.0131868124e-01
-1.6612155437e+00
-2.4983119965e+00
2.3336505890e+00
3.6941168308e+00
2.9918894768e+00
3.4339580536e+00
2.1441037655e+00
-1.1081994772e+00
6.7556607723e-01
-5.2826195955e-01
-2.2330119610e+00
-2.7916650772e+00
-1.1319372654e+00
-1.2280182838e+00
-1.1367163658e+00
2.7431398630e-01
-1.8167437315e+00
5.8406424522e-01
1.3946731091e+00
1.9661321640e+00
2.5832529068e+00
1.4732532501e+00
1.1987473965e+00
1.8028130531e+00
1.5409990549e+00
1.2957341671e+00
-7.4174553156e-01
2.4866284430e-01
-7.9838353395e-01
-5.6027829647e-01
-1.8348644674e-01
1.3931305408e+00
9.3568783998e-01
1.2525041103e+00
1.6590223312e+00
2.4061636925e+00
-8.3827334642e-01
4.0021012537e-03
2.3843738437e-01
-1.2583764791e+00
-2.0410209894e-01
-7.6992529631e-01
-1.5661946535e+00
-1.5756006241e+00
-1.3367238045e+00
-1.2747251987e+00
-1.4255387783e+00
-6.4975875616e-01
-2.4688525200e+00
-7.9230237007e-01
-1.7975530028e-01
-2.3957397044e-01
-1.5994884074e-01
-5.5285789073e-02
7.7641916275e-01
7.7043908834e-01
-3.7570935488e-01
1.0307710618e-01
-9.1909652948e-01
-1.4540214539e+00
-1.6359000206e+00
-2.3883309364e+00
-2.4060156345e+00
-1.0463374853e+00
-5.6857883930e-01
-2.0855054855e+00
-7.1098738909e-01
9.1978378594e-02
-4.3143159151e-01
1.5706700087e+00
9.6827018261e-01
1.7036110163e+00
2.0085625648e+00
1.7225689888e+00
1.1922637224e+00
1.5768169165e+00
-1.9012281895e+00
-7.2037413716e-02
-1.0478137732e+00
-9.1818642616e-01
-2.7934369445e-01
2.4320806563e-01
-6.4559847116e-01
-8.2666650414e-02
-6.1607789993e-01
-8.5840231180e-01
3.9674463868e-01
-1.0135195255e+00
-1.0855696201e+00
-1.9576464593e-01
-3.1918206811e-01
9.7112071514e-01
7.7889579535e-01
6.1690783501e-01
1.2796376646e-01
1.0447688103e+00
-1.2281049490e+00
4.6390324831e-01
-1.0475648642e+00
-8.7643373013e-01
-7.7429735661e-01
-1.0371078253e+00
-3.2748934627e-01
2.3039643466e-01
1.4287085533e+00
2.1814970970e+00
6.5798079967e-01
-1.6612738371e-01
1.0978731513e-01
3.9316117764e-02
-1.0621922016e+00
-4.6038465500e+00
-4.1369571686e+00
-4.5315429568e-01
-9.4095957279e-01
-8.6770850420e-01
-2.2162959576e+00
-2.0287213326e+00
-1.1980501413e+00
-1.6394560337e+00
-1.1159698963e+00
-1.2076294422e+00
-1.2497700453e+00
-6.3553294167e-03
-2.0127244294e-01
6.5829604864e-01
-1.6269214153e+00
-8.8220518827e-01
-8.7560594082e-01
1.0615427494e+00
2.1304868162e-01
-2.4031558037e+00
-2.5053410530e+00
-5.8902186155e-01
-3.2737001777e-01
-4.1468203068e-01
3.1381434202e-01
5.2829742432e-01
-2.8413268924e-01
5.3974515200e-01
2.2086646557e+00
2.0132536888e+00
1.6410722733e+00
2.2657747269e+00
2.2268064022e+00
1.1951406002e+00
2.3322217464e+00
1.7899702787e+00
1.2714912891e+00
-1.2818974257e-01
1.0300373286e-01
7.0814555883e-01
2.2222663462e-01
4.2787390947e-01
1.0281667709e+00
5.5154997110e-01
1.2010943890e+00
-8.4605413675e-01
-1.3337497711e+00
-1.6055560112e+00
-2.4843175709e-01
-2.6245132089e-01
-1.0275170803e+00
-4.4002076983e-01
-9.5494270325e-01
-4.2464365959e+00
-2.3503620625e+00
-3.1623523235e+00
-2.3681426048e+00
-1.7324645519e+00
-6.6025829315e-01
-1.8344354630e+00
-2.8003847599e+00
-1.8356292248e+00
-1.7756646872e+00
-1.6061371565e+00
5.1865197718e-02
-2.5659099221e-01
1.6269307137e+00
2.4011835456e-01
1.2268180847e+00
1.2466753721e+00
1.8793461323e+00
3.5307142735e+00
1.6552225351e+00
2.5345468521e+00
1.6132214069e+00
1.9851840734e+00
-3.6616764069e+00
-2.7014408112e+00
1.5936580896e+00
-1.4834244251e+00
-1.0282893181e+00
1.6517542303e-01
8.8808789849e-02
1.3683317900e+00
1.1636675596e+00
5.5080139637e-01
2.0786333084e+00
2.4510483742e+00
8.0183833838e-01
-1.1184535027e+00
5.7125127316e-01
1.8978667259e+00
-4.8930242658e-01
-8.6102104187e-01
-1.8925864697e+00
-8.8982397318e-01
-9.0944039822e-01
-4.2782082558e+00
-3.5939009190e+00
2.3553555012e+00
9.7968071699e-01
2.5071771145e+00
1.4446493387e+00
3.1791203022e+00
2.3388006687e+00
1.9246052504e+00
1.6386423111e+00
2.3175957203e+00
2.7153880596e+00
3.3601925373e+00
2.0446691513e+00
2.3723890781e+00
1.4625961781e+00
3.7000541687e+00
-4.9703410268e-01
-6.8496234715e-02
-7.6179569960e-01
1.8839162588e-01
-1.5620230138e-01
1.1516848207e-01
3.6032941937e-01
1.0511125326e+00
5.3269171715e-01
6.4878886938e-01
3.1546723843e-01
2.4280361831e-02
-1.8699344397e+00
-2.0315408707e+00
-2.5774376392e+00
-1.5393400192e+00
-1.1350936890e+00
2.1065673828e+00
1.5090875626e+00
1.8782209158e+00
-5.5036079884e-01
2.4357442558e-01
-8.1014066935e-01
2.7524021268e-01
-2.7312133312e+00
-1.3501021862e+00
3.6317735910e-01
-1.3266659975e+00
1.3167707920e+00
1.3751184940e-01
2.0015590191e+00
-1.2683223486e+00
3.1230375171e-01
-3.5969295502e+00
-5.1553444862e+00
-2.8840279579e+00
-3.7574357986e+00
1.4877088368e-01
-2.0671004057e-01
3.1575789452e+00
1.2279840708e+00
1.4595873356e+00
-2.7225648984e-02
2.7390288189e-02
-6.1095035076e-01
7.1588397026e-01
-5.1828300953e-01
3.3759422600e-02
-9.8915904760e-01
1.4368997514e-01
-3.9050889015e-01
-8.1760805845e-01
-3.3303102851e-01
-3.7077432871e-01
3.9785987139e-01
1.9176174700e-01
2.2848473489e-01
2.1812465787e-01
-6.0347431898e-01
3.9249390364e-01
-1.0964269638e+00
1.4333803952e-01
-7.2654914856e-01
3.5442132503e-02
-2.7140867710e-01
8.4740900993e-01
6.8029218912e-01
4.4948878884e-01
-2.5925830007e-01
-1.4606750011e+00
-1.7875237465e+00
-3.0988683701e+00
-1.9314432144e+00
-2.7475755215e+00
4.4384074211e-01
-1.4282500744e+00
4.7418439388e-01
1.1004955769e+00
1.3991422653e+00
1.2717469931e+00
5.2308583260e-01
4.3021358550e-02
-3.0682997704e+00
-2.4371831417e+00
-4.9067630768e+00
-3.1787445545e+00
-2.1009047031e+00
1.1427838802e+00
4.8975825310e-01
2.5562367439e+00
-5.3544473648e-01
1.1641269922e+00
-9.5475119352e-01
4.6440941095e-01
-2.2916100025e+00
-8.9603817463e-01
-2.9570553303e+00
-4.3971809745e-01
-1.4555394650e+00
-8.2107108831e-01
6.2040251493e-01
3.9487296343e-01
-3.3869451284e-01
1.1320770979e+00
1.2581461668e+00
1.0167157650e+00
1.6550235748e+00
1.1750483513e+00
-1.0587669611e+00
-8.6701709032e-01
-1.7003928423e+00
-1.5490615368e+00
4.8146328330e-01
8.6721116304e-01
-4.2979311943e-01
1.1068319082e+00
-6.9019234180e-01
-5.7800185680e-01
-8.4887043340e-04
-1.9169359207e+00
-4.0463723242e-02
-2.8365311027e-01
-7.5931884348e-02
1.2628488541e+00
1.4038757086e+00
2.4268123507e-01
5.9008795023e-01
2.7127611637e-01
7.2468453646e-01
1.1803906411e-01
5.6878226995e-01
-1.3649712801e+00
-1.9585646689e-01
-5.4014390707e-01
3.9361542463e-01
-3.3201450109e-01
1.0478364229e+00
1.3878074288e-01
1.5891963243e+00
-2.3312991858e-01
1.2693805695e+00
1.0013873577e+00
5.3655260801e-01
5.6424206495e-01
-4.6784433722e-01
-5.9206563234e-01
-5.3647166491e-01
-5.3492325544e-01
3.9162257314e-01
1.0144836903e+00
3.3406141400e-01
5.9101879597e-01
-1.2433180958e-01
-3.7116912007e-01
-8.9921943843e-02
-2.0134335756e-01
2.0242779255e+00
1.1749724150e+00
2.1385176182e+00
7.5158095360e-01
-4.6872884035e-01
-3.0416095257e+00
-3.8507604599e+00
-3.3846981525e+00
-3.0240540504e+00
-1.1056184769e+00
2.0127484798e+00
4.3523530960e+00
5.5106377602e+00
1.7160944939e+00
3.7864809036e+00
2.2976047993e+00
7.7004992962e-01
6.8810713291e-01
7.0364093781e-01
-5.9607291222e-01
9.1097891331e-01
-1.4440494776e+00
-1.5353092551e-01
-2.3933920264e-01
-1.9064738750e+00
-9.8605185747e-01
8.8192053139e-02
-2.5736310482e+00
1.6269263029e+00
-8.9605796337e-01
2.7920370102e+00
7.1467626095e-01
2.8527858257e+00
-3.1774470210e-01
1.9194271564e+00
-2.1718783379e+00
1.4804357290e+00
-3.4722490311e+00
1.5152202845e+00
1.8098576367e-01
2.8172802925e+00
7.6376026869e-01
3.8379001617e+00
2.2580926418e+00
-4.7332972288e-01
-6.2377643585e-01
-8.5225963593e-01
-5.3386376239e-03
4.0208485723e-01
2.4289804697e-01
-1.6028304398e-01
-5.0247079134e-01
-1.7866473198e+00
-2.3634414673e+00
-2.9156837463e+00
-1.4584887028e+00
3.6405065656e-01
1.2853037119e+00
2.5469651222e+00
2.5577743053e+00
2.2170627117e+00
1.2237104177e+00
2.1307019889e-01
-1.0435217619e+00
-1.5031629801e+00
-1.1763889790e+00
-3.2644048333e-01
-2.7603581548e-01
-2.8161433339e-01
8.9251565933e-01
1.1191188097e+00
9.3160748482e-01
-5.7073616982e-01
-1.5968593359e+00
-3.4956543446e+00
-2.9727053642e+00
-2.0082871914e+00
7.3788970709e-01
2.5087153912e+00
4.1792564392e+00
3.8400473595e+00
3.2784380913e+00
1.6705830097e+00
-1.4742426574e-01
-1.3722578287e+00
-2.2233622074e+00
-1.6382764578e+00
-1.3363945484e+00
-1.1265410185e+00
-4.4309994578e-01
-4.4289123267e-02
-2.3489046097e-01
-2.8746309876e-01
1.2447790802e-01
5.4290813208e-01
4.4124382734e-01
3.4812694788e-01
1.0591562837e-01
-3.7425374985e-01
-7.0628392696e-01
-8.7111806870e-01
-1.0264934301e+00
-8.8799482584e-01
-4.9327409267e-01
1.9202558696e-01
7.8073078394e-01
1.1024041176e+00
5.5734300613e-01
-3.5960856825e-02
-9.8471426964e-01
-2.1471786499e+00
-2.4109113216e+00
-1.7369146347e+00
-1.0731167793e+00
1.5129664540e-01
1.0446041822e+00
8.8810294867e-01
1.2263183594e+00
4.9587064981e-01
1.1065169573e+00
4.5355638862e-01
-7.6934957504e-01
-1.0514154434e+00
-2.4736497402e+00
-2.8395297527e+00
-1.6387510300e+00
2.0175548270e-02
1.6737343073e+00
3.4827218056e+00
3.4252686501e+00
2.3986907005e+00
1.0978847742e+00
-4.6519961953e-01
-1.7474313974e+00
-2.2716417313e+00
-3.0100610256e+00
-1.9332773685e+00
-1.7805427313e+00
-3.0107989907e-01
6.7311681807e-02
-3.3503476530e-02
-1.4154578559e-02
7.5292930007e-02
2.7794817090e-01
2.2157134116e-01
3.2031440735e-01
6.1801511049e-01
7.4678844213e-01
-5.3390616179e-01
-4.2430204153e-01
-8.6746662855e-01
-4.0000605583e-01
-7.8690981865e-01
5.8049666882e-01
4.3147176504e-01
-9.6170365810e-02
1.0494811833e-01
-2.7865394950e-01
-7.4076759815e-01
-1.3620975018e+00
-2.2407145500e+00
-1.9165006876e+00
-1.1301941872e+00
-1.2207747698e+00
-2.7022144198e-01
-2.6630157232e-01
-6.8416088820e-01
-1.4396175742e-01
4.7242283821e-02
-1.7112416029e-01
-1.6759236157e-01
-2.6280510426e-01
-4.4519296288e-01
-3.5242295265e-01
-2.2183285654e-01
2.3173061013e-01
4.2611569166e-01
7.3602849245e-01
7.8506487608e-01
9.2219460011e-01
8.2183629274e-01
1.1917600632e+00
8.3595860004e-01
8.1961512566e-01
-3.7660717964e-02
-4.2632982135e-01
-4.3110159039e-01
-1.3917320967e-01
3.7608554959e-01
9.1033476591e-01
8.0899524689e-01
1.0895500183e+00
7.6275968552e-01
2.0179145038e-01
2.3294305801e-01
5.1831710339e-01
6.8065571785e-01
3.1775555015e-01
7.1470046043e-01
1.6311472654e-01
-5.3022474051e-01
-2.3495433331e+00
-3.0416908264e+00
-2.5220634937e+00
-1.1638758183e+00
9.1728717089e-01
2.7453775406e+00
3.7288215160e+00
4.2127690315e+00
2.9021518230e+00
1.0614709854e+00
-1.1268019676e+00
-1.5596547127e+00
-2.3823988438e+00
-2.3406455517e+00
-2.1056041718e+00
-8.7101036310e-01
-4.9411401153e-01
5.7995694876e-01
5.3730207682e-01
3.4672883153e-01
8.9161354303e-01
1.6841115952e+00
1.6698580980e+00
1.8521523476e+00
1.2195957899e+00
1.5698642731e+00
1.0894337893e+00
6.0836565495e-01
6.8908013403e-02
-6.8813139200e-01
-1.2283613682e+00
-2.9705293179e+00
-3.6292307377e+00
-1.8647109270e+00
-1.1553931236e+00
-7.8678947687e-01
8.6508995295e-01
6.9761610031e-01
1.0402789116e+00
1.3580168486e+00
-1.0838034004e-01
4.8950609565e-01
-2.5693488121e-01
-5.1431745291e-01
1.2207883596e-01
4.3353274465e-01
4.1280725598e-01
-3.8691230118e-02
-3.1881555915e-02
2.5405320525e-01
-3.7427830696e-01
1.4460155368e-01
2.2672097385e-01
8.1041711569e-01
8.6185353994e-01
5.2737027407e-01
5.7792168856e-01
3.6238673329e-01
6.4565026760e-01
3.9639571309e-01
6.8593966961e-01
9.2237663269e-01
1.2680807114e+00
8.9913660288e-01
6.2796413898e-01
-2.0618605614e-01
3.6125904322e-01
-4.9968120456e-01
-6.9446340203e-02
7.6677107811e-01
1.5180516243e+00
1.2028790712e+00
5.4176449776e-01
1.6694834828e-01
1.1361399889e+00
6.9552940130e-01
9.2857903242e-01
9.4111257792e-01
1.1145195961e+00
2.0050358772e+00
1.2794162035e+00
4.0567108989e-01
3.5742151737e-01
-9.6802115440e-02
2.4028351903e-01
-9.0664438903e-02
-3.2322950661e-02
-6.5098136663e-01
-4.7268804908e-01
-1.1738485098e+00
-1.5230776370e-01
-5.1195824146e-01
-6.1674672365e-01
6.7206561565e-01
-8.8532879949e-02
-6.0705459118e-01
-1.3029071093e+00
-1.5150389671e+00
-1.5264639854e+00
-1.8026019335e+00
-2.3521113396e+00
-3.0719532967e+00
-2.4554975033e+00
-3.0237379074e+00
-1.4946607351e+00
-2.4125990868e+00
-1.3401613235e+00
-1.8063727617e+00
-1.3869598508e-01
-4.8620405793e-01
-6.4865320921e-01
-7.8471070528e-01
-2.1057789028e-01
-2.5364327431e-01
6.2937527895e-02
-3.2145982981e-01
-2.6713948697e-02
9.2583606020e-03
-9.2460632324e-02
-6.1077505350e-01
3.3877125382e-01
3.7247714400e-01
4.2359989882e-01
-1.8861249089e-01
3.2435107231e-01
1.9331206381e-01
4.0313556790e-01
5.9758496284e-01
1.2389498949e+00
5.6983578205e-01
-6.1188843101e-03
-2.6685228944e-01
6.0704950243e-02
7.9187691212e-01
5.3740203381e-01
-1.3305211067e-01
-4.6135970950e-01
-6.8101292849e-01
-9.9929493666e-01
-5.4476088285e-01
-5.5540299416e-01
-2.1996047497e+00
-1.4659858942e+00
3.1875765324e-01
-1.3993988931e-01
3.9703640342e-01
-3.2698667049e-01
9.9242365360e-01
8.0758720636e-01
-7.4355286360e-01
-2.2394886017e+00
-2.0842189789e+00
3.2772016525e-01
-8.6371892691e-01
3.5971769691e-01
-1.5353287458e+00
-3.1172883511e-01
-1.3949571550e-01
1.2303680182e+00
-2.5721486658e-02
8.7544906139e-01
-6.3682568073e-01
-3.3364689443e-03
5.2873212099e-01
1.0540158749e+00
-1.2204556912e-01
-9.7568428516e-01
4.8979669809e-01
-1.6556310654e+00
-1.1569920778e+00
-1.0964504480e+00
-2.0217120647e+00
-2.3070056438e+00
-4.2114052773e+00
-4.6127519608e+00
-6.3377881050e+00
-6.3865652084e+00
-5.3127217293e+00
-4.8348670006e+00
-5.3970298767e+00
-4.9173545837e+00
-3.4440402985e+00
-2.8700561523e+00
-2.6634318829e+00
-1.0993953943e+00
1.9823569059e-01
5.7412755489e-01
1.2280590534e+00
2.4076638222e+00
2.4807648659e+00
2.4227926731e+00
2.8869640827e+00
3.1268348694e+00
-1.5541564226e+00
-3.2608065009e-01
9.9758267403e-01
1.5033750534e+00
1.0631935596e+00
1.0980823040e+00
3.5886373520e+00
2.0353415012e+00
1.8945453167e+00
2.9192736149e+00
1.5934298038e+00
1.3814359903e+00
1.7742969990e+00
1.6580629349e+00
1.5119352341e+00
2.2091712952e+00
7.9687070847e-01
1.1376177073e+00
6.7226177454e-01
1.0887452364e+00
3.5429757088e-02
4.6009105444e-01
-3.6583524942e-01
-8.5677766800e-01
-8.0893778801e-01
2.7294194698e+00
1.9375268221e+00
2.2742438316e+00
3.2652308941e+00
3.3732473850e+00
1.0947179794e+00
2.0456378460e+00
1.9157729149e+00
2.0851144791e+00
1.4634048939e+00
1.9786800146e+00
1.2561790943e+00
-1.5575189888e-01
-1.0254055262e+00
-5.8378648758e-01
-2.5847041607e-01
-2.1907420158e+00
8.2710474730e-01
4.2379853129e-01
2.5942389965e+00
2.4116079807e+00
1.0925905704e+00
1.4863706827e+00
6.7943476140e-02
1.5898802280e+00
-9.4815587997e-01
-1.5174551010e+00
-1.9503715038e+00
-3.0008307099e-01
-9.6909530461e-02
-5.4320973158e-01
-8.1405222416e-01
4.4669699669e-01
-1.8909904361e-01
8.9347100258e-01
1.1127116680e+00
2.2617003918e+00
1.6874866486e+00
1.5940632820e+00
3.9942777157e-01
-1.4740376472e+00
-3.4863069057e+00
-2.6878726482e+00
-1.5388600826e+00
-4.3176889420e-01
4.1839647293e-01
3.5842058063e-01
7.8663414717e-01
1.3908910751e+00
1.2585978508e+00
2.7884131670e-01
8.6720876396e-02
-1.1950453520e+00
-2.9338189960e-01
-1.4504778385e-01
7.8399032354e-01
2.5869979858e+00
3.0489468575e+00
3.1355180740e+00
2.8736131191e+00
1.0344678164e-01
-3.0381360054e+00
-4.7973194122e+00
-3.2719216347e+00
-7.6583176851e-01
-5.8091032505e-01
1.0049153566e+00
2.1552748680e+00
1.3966343403e+00
7.5346755981e-01
1.1753548682e-01
-1.0062744617e+00
-3.6499956250e-01
-3.0827772617e-01
-1.8943233788e-01
-2.5548620224e+00
-1.7740408182e+00
-1.5716692209e+00
-1.5709930658e+00
-9.6471124887e-01
-6.3674521446e-01
2.8570955992e-01
-1.8873777986e-01
-8.3967876434e-01
-1.1674381495e+00
-1.1532181501e+00
-1.5479692221e+00
-1.3964331150e+00
-4.0176466107e-01
-1.0502159595e-01
4.5744997263e-01
3.3608126640e-01
9.2402827740e-01
1.2143782377e+00
9.1610759497e-01
4.3417283893e-01
-4.5504108071e-01
-5.5696082115e-01
-1.1194307804e+00
-7.8401565552e-01
-5.1751697063e-01
-7.1246400476e-02
-6.0124450922e-01
-2.0291228592e-01
1.6198233366e+00
3.1007900238e+00
3.3827385902e+00
2.6637055874e+00
1.7340505123e+00
-4.5574083924e-01
-2.4071214199e+00
-4.8885846138e+00
-1.8183810711e+00
-2.2410156727e+00
-7.3582792282e-01
8.1508815289e-01
1.1852824688e+00
1.5574409962e+00
2.8461277485e-01
7.0523083210e-02
-1.4372729696e-02
1.2690410018e-02
3.0849358439e-01
2.1597595513e-01
-1.2306909263e-01
2.2068409920e+00
-5.7562544942e-02
-8.1157368422e-01
5.3337246180e-01
-7.3003584146e-01
2.0828032494e-01
1.3491700888e+00
1.2374763489e+00
4.5375764370e-01
-1.0340069532e+00
-2.1707236767e+00
-1.1670945883e+00
-3.2568774223e+00
-3.3910202980e+00
-2.6539292336e+00
-6.3927108049e-01
9.3893736601e-01
1.3623740673e+00
-2.3522928357e-01
7.8306972980e-01
-1.6091291904e+00
-2.2397885323e+00
-1.8707255125e+00
-3.1579146385e+00
-2.7264473438e+00
-6.3100582361e-01
-1.4117155075e+00
-1.0364977121e+00
2.2891286016e-01
-4.5584273338e-01
3.3141411841e-02
7.8912854195e-01
5.1147544384e-01
1.0764787197e+00
3.8873910904e-01
9.4703072309e-01
9.5724767447e-01
5.2760004997e-01
7.2951614857e-01
1.5103367567e+00
1.7734957933e+00
1.6322611570e+00
1.3214111328e+00
1.0463634729e+00
1.4658280611e+00
6.7486852407e-01
1.0694396496e-01
-4.9893772602e-01
-1.0768041611e+00
-6.3059353828e-01
-1.7545734644e+00
-1.1745259166e-01
-1.7838431597e+00
-8.1313943863e-01
-3.9097455144e-01
-6.2417256832e-01
-3.6652806401e-01
1.3778460026e-01
4.8262935877e-01
1.1230964661e+00
5.0043052435e-01
2.3667151928e+00
1.6645598412e+00
-9.8777633905e-01
-2.3852303028e+00
-2.4381368160e+00
-5.1407772303e-01
1.8177925050e-01
8.6770355701e-01
9.4172847271e-01
2.7104730606e+00
1.5846550465e+00
3.0701950192e-01
-3.9470338821e-01
-1.2074954510e+00
7.3968094587e-01
2.2161309719e+00
2.2852361202e+00
2.5503265858e+00
3.4136147499e+00
8.6373519897e-01
-7.9086142778e-01
-2.0281608105e+00
-2.8334882259e+00
-2.9135999680e+00
-1.9489960670e+00
-9.2538112402e-01
1.9984242320e-01
-7.5089645386e-01
3.4954166412e-01
1.0685251951e+00
1.3883180618e+00
1.9660648108e+00
2.1249494553e+00
-2.8287863731e-01
-5.9277224541e-01
-5.5375862122e-01
1.3137114048e-01
-2.6072120667e-01
-3.0934172869e-01
3.4359502792e-01
1.0706521273e+00
-1.7713744938e-01
-5.7623881102e-01
-3.1814953685e-01
-8.0369740725e-01
-1.1879739761e+00
-1.1514601707e+00
-2.0243198872e+00
-2.0868046284e+00
-1.5655056238e+00
-9.8923397064e-01
-1.2533332109e+00
-7.7840465307e-01
-2.0228336751e-01
-3.2487824559e-01
-9.7254931927e-01
-5.8291947842e-01
-6.2608426809e-01
-1.6517814994e-01
4.7130998224e-02
4.3291342258e-01
4.3356195092e-01
-7.8797256947e-01
5.3322017193e-01
-1.3880988955e-01
-4.0521419048e-01
-1.0130461454e+00
-1.4142301083e+00
-1.2427464724e+00
-9.7987115383e-01
-8.3164566755e-01
-1.0584168434e+00
-3.0133694410e-01
-1.1293342113e+00
-8.7716192007e-01
-5.5684201419e-02
3.4476895817e-03
1.5394482017e-01
4.9924054742e-01
9.0511047840e-01
-5.2032214403e-01
4.1671198606e-01
4.3467196822e-01
8.3302754164e-01
1.1470474005e+00
1.0514668226e+00
-1.2094839662e-01
-1.1716194153e+00
2.1777155995e-01
7.6798760891e-01
1.6798423529e+00
2.0503988266e+00
1.1222788095e+00
1.7221881151e+00
1.5537692308e+00
1.2315484285e+00
1.2565764189e+00
1.3375695944e+00
1.5424891710e+00
1.8964539766e+00
1.6324136257e+00
1.5493910313e+00
1.8000259399e+00
1.7724299431e-01
4.9132367969e-01
1.5836980939e-01
3.6452934146e-01
-4.6020427346e-01
-1.4580212533e-01
-1.6120409966e-01
-4.2945322394e-01
-4.1499909759e-01
-5.9369450808e-01
-9.0091365576e-01
-3.8686583042e+00
-3.8021492958e+00
-3.5363562107e+00
-3.8812620640e+00
-3.7094371319e+00
-2.6777751446e+00
-1.9033130407e+00
-6.9772756100e-01
-8.8394749165e-01
-2.0307857990e+00
-1.7605661154e+00
-1.0032017231e+00
-4.8413187265e-01
-1.0234888792e+00
-8.8095164299e-01
-3.2284864783e-01
-6.1474245787e-01
-1.3666975498e+00
-1.5515937805e+00
-1.4504635334e+00
-9.8785364628e-01
-1.3768512011e-01
3.3756023645e-01
8.2343441248e-01
5.6069612503e-01
1.3801196814e+00
-1.0901654959e+00
-1.3957273960e+00
-1.1089112759e+00
-1.1867372990e+00
-1.7655303478e+00
-6.0753273964e-01
-1.1777988672e+00
-1.4714719355e-01
1.9799782336e-01
2.9751973152e+00
2.2669095993e+00
1.9475332499e+00
5.4606580734e-01
-2.9982390404e+00
-3.5911574364e+00
-3.8638310432e+00
-6.7574219704e+00
-6.0261096954e+00
-4.9522991180e+00
-9.3734842539e-01
-5.5728745461e+00
-1.6769434214e+00
-7.9904317856e-01
5.1351326704e-01
5.3426795006e+00
4.4725766182e+00
6.1228332520e+00
4.7919797897e+00
5.8326101303e+00
4.7554926872e+00
3.7072160244e+00
3.4819104671e+00
2.4054093361e+00
2.9317836761e+00
2.6648914814e+00
2.4716968536e+00
2.3344895840e+00
5.8167344332e-01
-6.5133899450e-01
-1.6416093111e+00
-8.9630621672e-01
-9.8399019241e-01
-5.7598090172e-01
-4.0812721848e-01
-5.4742479324e-01
2.7520108223e-01
6.7203009129e-01
7.4956083298e-01
2.2164934874e-01
1.5174833536e+00
1.4704685211e+00
1.4068880081e+00
3.6988046765e-01
-3.6189204454e-01
3.2894030213e-01
-6.1583566666e-01
-6.5560877323e-01
-8.8906401396e-01
3.2373955846e-01
1.2750072479e+00
1.4933627844e+00
2.0041837692e+00
2.1179964542e+00
1.4723628759e+00
9.2219465971e-01
1.5871241093e+00
1.2539788485e+00
1.0262612104e+00
5.2458459139e-01
2.7875310183e-01
-7.8124976158e-01
5.5143497884e-02
-1.2201645374e+00
-9.6198463440e-01
1.1254018545e+00
1.4199568033e+00
6.2751585245e-01
1.6136823893e+00
2.1937549114e+00
2.0955095291e+00
8.2823532820e-01
3.8550606370e-01
-5.7018208504e-01
-9.8778277636e-01
-2.1095397472e+00
-4.0855029225e-01
-4.5733329654e-01
5.9674221277e-01
-7.5045451522e-02
6.3369750977e-02
-4.7325050831e-01
-1.9121867418e+00
-2.3072345555e-01
-1.3158695698e+00
-1.3422365487e-01
5.7893258333e-01
5.3111249208e-01
2.7190794945e+00
2.0481340885e+00
-1.6642748117e+00
-9.4636780024e-01
-1.3715059757e+00
-2.1742106974e-01
-8.6051911116e-01
-9.7225528955e-01
-3.6871534586e-01
4.1422057152e-01
6.8998986483e-01
1.3509606123e+00
1.2513529062e+00
7.6950138807e-01
-5.4373270273e-01
-2.7005848289e-01
-1.8412268162e+00
-1.8183937073e+00
-7.2727185488e-01
-1.1059058905e+00
2.8874400258e-01
1.5825296640e+00
1.3979270458e+00
8.7712591887e-01
7.3668795824e-01
1.1454731226e+00
4.4794151187e-01
-1.3659618795e-01
2.1621860564e-01
2.6271229982e-01
9.8294568062e-01
1.0495917797e+00
3.0805943012e+00
3.3396422863e-02
5.2050971985e-01
-1.9804850817e+00
-3.0386118889e+00
-3.1219925880e+00
-3.5680103302e+00
-4.0199809074e+00
-1.7747153044e+00
-1.0523586273e+00
2.4496452510e-01
2.8839676380e+00
7.1655428410e-01
8.7685471773e-01
-1.1306463480e+00
-1.2162140608e+00
-4.0533220768e-01
-2.7856781483e+00
-2.3408217430e+00
-1.8655116558e+00
-9.1237545013e-01
-9.5666068792e-01
-1.1954329014e+00
-3.5183694959e-01
2.1518510580e-01
4.7463577241e-02
3.8515737653e-01
7.7117905021e-02
-5.1624190062e-02
-5.8312731981e-01
-7.6795853674e-02
1.9840210676e-01
9.3689747155e-02
4.5828461647e-01
-2.7903741226e-02
1.3973131180e+00
6.3128221035e-01
1.1476893425e+00
-1.9506868720e-01
-1.1716493368e+00
-1.7304863930e+00
-1.8650470972e+00
-1.4584935904e+00
-1.6453777552e+00
-2.2405869961e+00
-2.2186579704e+00
-9.3999654055e-02
7.1691977978e-01
1.5346574783e+00
1.3373702765e+00
7.9879057407e-01
1.8319696188e-01
-3.1228584051e-01
-1.6127196550e+00
-4.8378009796e+00
-5.1922173500e+00
-4.6787524223e+00
-1.4207662344e+00
7.5211697817e-01
3.3327749372e-01
1.1699849367e+00
1.0464479923e+00
1.7940910161e-01
5.2380032837e-02
-4.5614784956e-01
-3.1704676151e-01
-1.4622002840e+00
-1.0078617334e+00
-1.3098417521e+00
-1.3255575672e-02
1.2702022791e+00
-2.4308936298e-01
-7.0752567053e-01
-1.3208194077e-01
5.5041730404e-01
3.1136521697e-01
3.8372334838e-01
-3.0776506662e-01
-1.8053467274e+00
5.0381284207e-02
-1.2518593073e+00
-3.9299544692e-01
-7.0613145828e-01
-2.5234763622e+00
-2.0290186405e+00
1.1150827259e-01
-2.1496942043e+00
-2.8944687843e+00
-5.5371789932e+00
-3.6343059540e+00
-2.0019013882e+00
-2.0027720928e+00
-2.4847960472e+00
-3.2417786121e+00
-5.0404852629e-01
-4.5890957117e-01
-5.8211249113e-01
3.3657813072e-01
1.2251574993e+00
1.0530241728e+00
1.5227274597e-01
-5.9091258049e-01
2.0330742002e-01
-8.9344501495e-02
1.1190079451e+00
4.1954159737e-01
8.8414090872e-01
1.0450549126e+00
1.6976500750e+00
1.2717745304e+00
9.7043776512e-01
7.5597143173e-01
2.2885067761e-01
-2.5655227900e-01
-4.7844192386e-01
-5.0540131330e-01
-1.1836130619e+00
6.3926750422e-01
1.4172849655e+00
3.1228718758e+00
-1.4929558039e+00
-3.0044052005e-01
-2.7052190900e-01
-2.4029514194e-01
-2.9489105940e-01
1.0369061232e+00
2.7951702476e-01
1.4229463339e+00
2.3610770702e+00
2.7018620968e+00
2.6131234169e+00
-1.4178809524e-01
-5.9700244665e-01
-2.5210850239e+00
-2.6495764256e+00
6.6605466604e-01
1.8746688366e+00
8.8061195612e-01
4.1540875435e+00
4.5392007828e+00
1.1781156063e+00
1.4066202641e+00
2.7899861336e-01
-1.0774862766e-01
5.5681931973e-01
2.1313672066e+00
5.2944350243e-01
-2.8065088391e-01
-1.6520637274e+00
-1.2230936289e+00
-4.2142639160e+00
-1.7717357874e+00
-1.5166409016e+00
-6.0088807344e-01
-5.1561254263e-01
1.3314670324e-01
-5.8405923843e-01
-6.5493679047e-01
5.1547795534e-01
8.4861403704e-01
8.5544593632e-02
-1.8085749820e-02
-1.0015170574e+00
-7.7500712872e-01
-1.1291803122e+00
6.9068759680e-01
2.2428980470e-01
-1.6651873291e-01
3.6895334721e-02
1.2938210964e+00
