# Shape: [64, 64, 5]
# Original tensor was reshaped from [64, 64, 5] to 1D array
-6.5393269062e-01
2.9664352536e-01
1.4288386106e+00
8.9336395264e-01
-9.9367564917e-01
-5.3047317266e-01
-4.1166342795e-02
-1.6288903952e+00
-1.4545923471e+00
-1.6949065030e-01
1.2185497284e+00
1.7680907249e-01
-2.6893999577e+00
-1.8946632147e+00
-1.1135835648e+00
-2.4413950443e+00
-1.5367896557e+00
7.0699876547e-01
7.0413404703e-01
1.0717962980e+00
-5.7362484932e-01
7.0415258408e-01
-2.8395472094e-02
7.4816483259e-01
1.0763783455e+00
6.3710081577e-01
5.9470629692e-01
-9.8207437992e-01
-1.8398870230e+00
-1.6893320084e+00
-8.7896722555e-01
1.7664017677e+00
-3.3309917897e-02
9.0515971184e-01
1.4050052501e-02
-1.9415315241e-02
-1.4280824661e+00
-2.8726194054e-02
-8.8312715292e-01
-2.7393789291e+00
3.0704307556e-01
1.5881046057e+00
4.2940130830e-01
-2.3060634136e+00
-5.8981995583e+00
2.3612357676e-01
2.0934193134e+00
-6.9176590443e-01
-3.9784431458e-01
-2.5311765671e+00
6.9480782747e-01
6.1920292675e-02
4.8280388117e-01
6.4985954762e-01
2.6803090572e+00
-1.5454994440e+00
2.4706129730e-01
2.2425405979e+00
9.2291229963e-01
1.9857120514e+00
1.2069534063e+00
-4.0520972013e-01
-1.3487224281e-01
4.6177841723e-02
-2.0247499943e+00
6.2868988514e-01
3.0566388741e-02
-4.1937124729e-01
-1.3759951591e+00
-1.5700985193e+00
-1.1696292162e+00
1.1887545586e+00
3.8813593984e-01
2.1399874687e+00
2.3000636101e+00
2.6348304749e-01
-1.4359842241e-01
-1.1644234657e+00
-3.4090697765e-02
3.6087176204e-01
1.5904013813e-01
-6.0465458781e-02
6.3418167830e-01
5.8413165808e-01
-7.8703862429e-01
-4.4647881389e-01
-1.1156954765e+00
-9.6621209383e-01
2.0330545902e+00
1.8532230854e+00
7.1116298437e-01
-4.9036723375e-01
1.5402923524e-01
1.9814455509e+00
3.6703984737e+00
5.4949414730e-01
-5.1385080814e-01
-1.6274730861e-01
-1.2661801279e-01
-1.9022283554e+00
3.2358021736e+00
-1.2394489050e+00
-3.3246677369e-02
-1.5640282631e+00
-1.1247248650e+00
-9.9037384987e-01
-1.0235562921e-01
7.6618009806e-01
-1.2307486534e+00
-1.4115580320e+00
3.4384450316e-01
7.8339910507e-01
-3.5883629322e-01
-7.0958441496e-01
-7.4517059326e+00
-9.9092084169e-01
-2.7903237939e-01
-1.3661448956e+00
-6.7451739311e-01
4.3777954578e-01
-1.7086863518e-01
8.9689207077e-01
-2.2351740301e-01
3.3485394716e-01
1.1329019070e+00
4.0403795242e-01
-9.3715294497e-04
1.3682581186e+00
5.9227365255e-01
-8.7814903259e-01
-5.8969789743e-01
1.2335997075e-01
5.0964295864e-01
1.0063509941e+00
1.9745892286e+00
1.0105006695e+00
4.5413410664e-01
-5.7799202204e-01
-5.7233929634e-01
-5.5432647467e-01
3.0463951826e-01
2.2298128605e+00
1.2456798553e+00
1.4129240513e+00
-3.3667452335e+00
2.3181751370e-01
5.0544035435e-01
9.2086815834e-01
4.2631821707e-03
-1.0057616234e+00
7.2650581598e-01
-5.1306381822e-02
-1.5146095753e+00
7.2075372934e-01
1.7882088423e+00
5.8785289526e-01
2.9031033516e+00
6.6763186455e-01
-7.2227686644e-01
-5.3662447929e+00
-1.7811281141e-03
1.5089538097e+00
7.1613036096e-02
8.8762342930e-01
-7.2900652885e-01
-9.3207216263e-01
-3.8478437066e-01
-1.9802441597e+00
8.4385532141e-01
1.6631089449e+00
1.0726429224e+00
-1.4691148698e-01
1.7409159243e-01
-8.7870752811e-01
-1.5665099621e+00
-2.1238100529e+00
-1.2810833454e+00
-8.1852629781e-02
1.5146732330e+00
2.2497084141e+00
4.0073251724e-01
2.7694630623e-01
8.8878661394e-01
-8.2926690578e-01
-1.2045837194e-01
-7.0058695972e-02
5.9528416395e-01
-6.3043557107e-02
5.3796631098e-01
1.2011497021e+00
1.2228944302e+00
-4.3593943119e-02
-1.6437122226e-01
5.8350447565e-02
1.9714357853e+00
1.4015408754e+00
-2.0976331830e-01
2.0156167448e-01
4.2693752050e-01
2.1742947102e+00
1.9086412191e+00
4.7519102693e-01
-1.0212894678e+00
-1.6117206812e+00
1.8103401661e+00
2.0026928186e-01
-9.9296838045e-01
-8.5542160273e-01
8.0124735832e-01
1.2667505741e+00
1.8862565756e+00
1.0722220689e-01
-9.6703797579e-01
-7.5705218315e-01
-5.1394095421e+00
-1.2240366638e-01
-6.0736519098e-01
-1.7326934338e+00
-3.5540070385e-02
4.2004070282e+00
-2.2949831486e+00
1.9634701312e-01
-9.6989858150e-01
5.6522589922e-01
2.2341852188e+00
-1.7738842964e+00
-1.4405184984e+00
-1.2333019972e+00
1.4520760775e+00
3.1422712803e+00
3.7728482485e-01
8.8773149252e-01
2.9561433196e-01
1.1387848854e+00
-9.5923972130e-01
-2.3815621436e-01
3.2932299376e-01
1.3117009401e-01
-4.6156889200e-01
-2.1488194466e+00
9.4053769112e-01
-6.1762463301e-02
7.1855545044e-01
1.0881245881e-01
-7.3513638973e-01
-1.0355762243e+00
1.0933650732e+00
-5.6658953428e-01
3.3204059601e+00
1.1724659204e+00
3.5446354747e-01
1.4188922644e+00
9.2670249939e-01
1.5350136757e+00
-1.4010825157e+00
4.5314699411e-01
1.2661626339e+00
-9.0391504765e-01
1.8123096228e+00
7.2482258081e-01
9.6816253662e-01
-1.2977243662e+00
1.9447195530e+00
1.8681199551e+00
2.6618845463e+00
-4.0280380845e-01
-7.3843657970e-02
-2.1245174408e+00
-1.7317162752e+00
-5.4602642059e+00
5.5979555845e-01
-9.7658133507e-01
-7.5699090958e-01
-1.7229832411e+00
-7.3284745216e-01
-1.9345180690e-01
-5.1556098461e-01
1.9944307208e-01
-1.5938998461e+00
-5.8908996582e+00
-4.7019338235e-03
6.2798380852e-01
-5.6961137056e-01
-3.7119159102e-01
-6.2474191189e-01
2.8425303102e-01
-2.6988857985e-01
-2.0033662319e+00
-5.0162202120e-01
-2.0570311546e+00
4.1293007135e-01
1.6069267988e+00
1.7432434559e+00
-3.0143723488e+00
-6.2251234055e+00
1.0824397802e+00
1.7575163841e+00
9.5864081383e-01
-4.3082043529e-01
1.2696376443e-01
2.2614109516e+00
9.8130583763e-01
-1.2030829191e+00
8.3757060766e-01
3.9616158605e-01
2.5843387842e-01
9.7518330812e-01
-6.3970512152e-01
6.4219486713e-01
3.3547100425e-01
-1.1308628321e+00
-3.6083441973e-01
-3.8690152764e-01
4.0678766370e-01
4.9275107384e+00
6.1439883709e-01
9.2706573009e-01
-5.5930262804e-01
-3.5701128840e-01
-1.4143474102e+00
5.6174719334e-01
-9.1663867235e-01
-4.9280044436e-01
1.6934522390e+00
1.1612453461e+00
-1.8067167699e-01
-7.2273349762e-01
7.8886193037e-01
2.6269668341e-01
-4.6451967955e-01
3.0750153065e+00
-3.3734136820e-01
2.3779850006e+00
-4.9346551299e-01
1.5617384911e+00
-8.5734695196e-01
-5.7821542025e-01
1.9739089906e-01
-4.6876335144e-01
-1.4446625710e+00
-3.2861444354e-01
-1.9018886089e+00
-4.1528800130e-01
-1.4278777838e+00
-2.3648095131e-01
-5.5994129181e-01
-2.3520861566e-01
-1.0374608040e+00
7.4610906839e-01
9.4041222334e-01
-3.5186272860e-01
-2.3611211777e-01
1.7240549326e+00
1.3764176369e+00
5.1507663727e-01
-2.7219879627e+00
-1.6096441746e+00
1.1273779869e+00
2.1721154451e-01
2.2274234295e+00
9.5140725374e-01
-1.3273934126e+00
-3.8992571831e-01
-1.8331665993e+00
-3.9578801394e-01
1.1778943539e+00
5.2358448505e-01
-3.0157080293e-01
5.6768327951e-01
-1.3603992462e+00
1.6961451769e+00
-2.0793554783e+00
1.0788694620e+00
-2.5152225494e+00
2.3338704109e+00
-4.3907780200e-02
2.7190846205e-01
-1.2194551229e+00
-1.2005426884e+00
-1.3212579489e+00
-9.2834824324e-01
-7.1022003889e-02
-2.2022426128e+00
6.0746377707e-01
-8.2585103810e-02
7.7692562342e-01
-1.3008391857e+00
-1.2255523205e+00
-1.1728973389e+00
8.5162603855e-01
-1.9319349527e+00
-7.8122031689e-01
1.4689855576e+00
1.3378663063e+00
1.0680062771e+00
8.9793086052e-01
-1.0980007648e+00
5.4419374466e-01
3.4554028511e-01
2.6726334095e+00
6.2345778942e-01
-1.2457181215e+00
1.4760454893e+00
8.3196663857e-01
2.6604723930e+00
-1.2318023443e+00
-6.6739845276e-01
1.9344116747e-01
2.5279888511e-01
-1.3325642347e+00
3.7500226498e+00
2.1429255605e-01
1.1580871344e+00
-9.5691722631e-01
1.6723976135e+00
-1.7439483404e+00
-1.1398792267e+00
9.4156128168e-01
1.6565917730e+00
1.3199919462e+00
-6.8956732750e-01
-2.2224423885e+00
-1.3045693636e+00
-1.1715954542e+00
1.4895542860e+00
6.8011331558e-01
-7.3905694485e-01
-8.4424602985e-01
2.3142918944e-01
-5.4004889727e-01
6.1830490828e-01
-1.5853632987e-01
1.0086702108e+00
-5.4846096039e-01
1.5240542889e+00
-2.9450762272e-01
-2.0793671608e+00
-9.2604893446e-01
-2.0568730831e+00
-8.6279779673e-01
7.5396698713e-01
-7.4041390419e-01
2.7041344643e+00
-6.7044025660e-01
2.2699372768e+00
-1.9648704529e+00
1.6409935951e+00
-4.1301685572e-01
7.6561558247e-01
-1.3867164850e+00
5.5115938187e-01
1.5292745829e+00
-1.7537583113e+00
1.7064704895e+00
-1.0875223875e+00
-1.3726367056e-01
7.1724027395e-01
-8.6555552483e-01
2.7706831694e-01
-1.5790966749e+00
1.8196569756e-02
1.9491268396e+00
2.4545152485e-01
2.6810078621e+00
1.1083576679e+00
-1.3008468151e+00
-1.3485453129e+00
-1.6759283543e+00
-5.3795599937e-01
-1.1388090849e+00
2.6647871733e-01
1.0508444309e+00
1.1706213951e+00
-3.3666330576e-01
5.2768748999e-01
-3.6549055576e-01
-1.8925558031e-01
-8.5800606012e-01
2.9046455026e-01
-2.0170269012e+00
1.2983304262e+00
5.1299774647e-01
2.3184070364e-02
-1.0772266388e+00
-2.3733949661e+00
4.9921011925e+00
8.7173455954e-01
2.0365197659e+00
-2.6980939507e-01
3.1012198925e+00
-4.3018212914e-01
-1.2342615128e+00
-1.3614220619e+00
6.5177440643e-01
-4.1563296318e-01
2.2918145657e+00
4.4490247965e-02
2.2620649338e+00
2.1458457410e-01
1.8002550602e+00
2.0902252197e+00
3.9842188358e-01
-7.7259850502e-01
-8.8805758953e-01
9.2174202204e-01
-1.8275913000e+00
-1.0808417201e-01
8.3308571577e-01
7.4806697667e-02
-2.2651638985e+00
3.5752007961e+00
-1.4511127472e+00
1.0743281841e+00
-1.6563558578e+00
3.9613282681e+00
1.0184695721e+00
-1.2872597575e-01
-2.5027495623e-01
6.1918979883e-01
-2.9144316912e-01
-1.2248700112e-01
3.8802561164e-01
-1.4481415749e+00
-1.1606010199e+00
-2.0043113232e+00
1.8605521917e+00
-6.9617342949e-01
1.3105529547e+00
-2.3847303391e+00
2.8975386620e+00
-8.9740211843e-04
-2.6385600567e+00
1.1377598047e+00
-2.8377289772e+00
1.2367432117e+00
5.7840156555e+00
-2.9084472656e+00
4.3378462791e+00
-4.4247226715e+00
1.1104712486e+00
9.5611363649e-02
1.7457301617e+00
8.9337599277e-01
2.1507642269e+00
1.0441311449e-01
1.8896931410e+00
-7.9763185978e-01
4.8606127501e-01
-1.5464327335e+00
-1.1286187172e+00
-2.6592886448e-01
-6.6196638346e-01
7.0343190432e-01
-1.1830018759e+00
2.8845553398e+00
6.6072225571e-02
-4.4837200642e-01
4.9406847358e-01
2.0972239971e+00
2.9167387486e+00
-2.6604974270e-01
-4.1584575176e-01
2.6445290446e-01
6.6086447239e-01
2.6400570869e+00
5.1508278847e+00
-9.7411948442e-01
4.3966817856e+00
-1.2668484449e+00
2.8505301476e+00
-7.4618861079e-02
-3.6931746006e+00
9.7826510668e-01
-3.1561474800e+00
3.8563616276e+00
-2.8976953030e-01
9.3842327595e-01
-1.4729529619e+00
1.5051853657e+00
-2.8329509497e-01
-9.3308669329e-01
-5.7360887527e-01
-1.3103760481e+00
-7.5145584345e-01
-4.9937859178e-02
-8.2543861866e-01
4.3407028913e-01
-7.8399509192e-01
1.0416111946e+00
-1.2520106137e-01
-2.8642504215e+00
2.1340963244e-01
-1.9954342842e+00
6.5795719624e-01
-1.6959478855e+00
-3.6468064785e-01
-2.3547804356e+00
-1.5930997133e+00
1.0785905123e+00
2.9896416664e+00
-8.9897215366e-01
1.9886684418e-01
1.0906630754e+00
1.1311036348e+00
4.9478340149e-01
3.9465050213e-03
-9.9403154850e-01
3.9491963387e-01
1.1511054039e+00
1.4592620134e+00
7.6460993290e-01
-2.1209330559e+00
9.5644551516e-01
-1.8943634033e+00
-3.3297443390e+00
7.5566750765e-01
7.9814888537e-02
3.2374975085e-01
6.4465099573e-01
6.2182706594e-01
1.1921257973e+00
5.7379049063e-01
-1.9027867317e+00
-6.8316332996e-02
-1.4706004411e-02
2.7837271690e+00
-2.3709230125e-01
-3.4330484271e-01
-1.3011363745e+00
1.2399785519e+00
1.8130728006e+00
3.7440929413e+00
1.3023405075e+00
2.1487433910e+00
-3.8534465432e-01
1.7081570625e+00
-6.8369746208e-02
-7.8432142735e-01
-9.2301493883e-01
-1.6621732712e+00
-4.4356369972e+00
-1.7197802067e+00
-5.0603556633e+00
-1.9807473421e+00
-4.7165408134e+00
-1.3512635231e+00
-2.4712796211e+00
-3.3505526185e-01
-1.5973849297e+00
-4.2865979671e-01
-1.8261851072e+00
5.4044246674e-01
3.2350105047e-01
1.5148557723e-01
-2.0965634286e-01
-2.8006227016e+00
-1.8880073726e-01
-5.5716592073e-01
1.4723377228e+00
5.3635579348e-01
-1.8796913326e-02
6.4070248604e-01
2.0686385036e-01
7.5821381807e-01
8.0793678761e-02
-1.1438181400e+00
-1.3625063896e+00
-9.2515659332e-01
-2.0521094799e+00
6.4185822010e-01
1.4525351524e+00
2.1933689117e+00
6.1685919762e-01
-2.3650653362e+00
-6.6331374645e-01
-3.1736009121e+00
-5.1181215048e-01
-2.6848921776e+00
-7.3771089315e-01
2.6081043482e-01
5.0748330355e-01
5.3197252750e-01
-4.6195968986e-01
-1.1475833654e+00
1.9932481050e+00
-3.5784521103e+00
-1.8761697412e-01
-3.5829977989e+00
-1.7619699240e+00
-1.3272571564e+00
-1.8243107796e+00
1.2310028076e+00
-1.6842148304e+00
3.0485925674e+00
-1.4909665585e+00
-1.3635261059e+00
-9.0214675665e-01
3.2969766855e-01
2.6082248688e+00
-1.1958053112e+00
1.4506610632e+00
-2.1662482619e-01
1.6829570532e+00
-9.6845430136e-01
1.4626798630e+00
-1.2091790438e+00
-1.3131910563e+00
3.6167409420e+00
3.9434042573e-01
1.8102152348e+00
-2.1073184013e+00
2.1982076764e-01
-2.4232482910e+00
-1.8212527037e+00
-2.4216527939e+00
-2.2830519676e+00
7.6085269451e-01
-1.9786866903e+00
1.2480750084e+00
-1.7992635965e+00
1.0682448149e+00
2.0383903384e-01
7.8491753340e-01
1.0425230265e+00
5.6908202171e-01
5.3003871441e-01
8.4434294701e-01
-3.5503932834e-01
1.8137272447e-02
-1.2349877357e+00
-2.8590917587e+00
-3.1349912286e-02
-1.8540515900e+00
1.8270031214e+00
-2.5905873775e+00
-5.0194269419e-01
-1.4381569624e+00
-1.5861048698e+00
5.6967312098e-01
2.9892520905e+00
6.3356310129e-01
-1.2694613636e-01
-5.1016771793e-01
-2.1396048069e+00
3.9297321439e-01
-2.6311597824e+00
-2.6526477933e-01
-9.3729621172e-01
-4.5291212201e-01
-8.1834590435e-01
-2.0399572849e+00
-1.4315447807e+00
3.4138652682e-01
2.3048179150e+00
3.2101184130e-01
1.0958834887e+00
1.3687794209e+00
2.1720042229e+00
1.3463892937e+00
2.1671020985e+00
-1.1102987528e+00
5.0492924452e-01
-4.6900147572e-03
-4.8153084517e-01
-8.7070536613e-01
2.0449738503e+00
2.5110438466e-01
1.6206671298e-01
-1.0715783834e+00
1.6086496115e+00
1.1136409044e+00
1.2097460032e-01
-8.4351390600e-01
-7.8347392380e-02
-1.4719890356e+00
2.0833168924e-01
-6.7484605312e-01
7.8234767914e-01
3.9397031069e-01
1.4700663090e+00
7.9208350182e-01
7.6303809881e-01
1.2511510849e+00
1.3845177889e+00
1.9590940475e+00
-2.0037844181e+00
-1.5677191019e+00
1.0830333233e+00
3.1403796673e+00
1.4090738297e+00
1.8222572803e+00
1.5887540579e+00
-1.2462821007e+00
-1.8302214146e+00
6.4395117760e-01
-4.3702211380e+00
3.6846181750e-01
-4.5693264008e+00
-1.6299122572e+00
4.1192951798e-01
2.7451977134e-01
-1.4220726490e+00
1.2798841000e+00
2.5167191029e+00
7.5174570084e-01
-2.3528513908e+00
1.4166104794e+00
1.7619677782e+00
4.8206272125e+00
1.7197805643e+00
1.2344987392e+00
1.1021749973e+00
-3.0848832130e+00
-1.9605559111e+00
9.2328459024e-02
-2.2518303394e+00
2.3259390891e-01
-1.6877690554e+00
3.8754504174e-02
-3.2464940548e+00
6.1881357431e-01
1.9243987799e+00
-3.5250249505e-01
-1.5114314556e+00
-1.5239567757e+00
3.1893977523e-01
-6.5875560045e-01
-2.4013683200e-01
-2.3861913383e-01
2.0068502426e-01
-1.9120167196e-01
-7.3107361794e-01
5.0918126106e-01
9.3383371830e-01
9.0613913536e-01
5.6069648266e-01
-1.0276751220e-01
-4.3804880977e-01
-2.0830678940e+00
-1.7550029755e+00
-4.6400975436e-02
-1.5532387793e-01
-3.4972045422e+00
9.0584445000e-01
7.4633640051e-01
-1.0489823818e+00
7.9173022509e-01
-9.2956984043e-01
2.0519204140e+00
-2.3083257675e+00
-3.2196584344e-01
-2.2301547527e+00
9.7372329235e-01
-1.0326978564e-01
3.7384717464e+00
-1.9572978020e+00
-7.0303618908e-01
-8.2273691893e-01
7.7028912306e-01
-2.2893528938e+00
2.9275873676e-02
-5.2158659697e-01
3.6962118745e-01
-2.3628199100e+00
-1.1606554985e+00
-2.9970011115e-01
-4.6968959272e-02
1.2977831364e+00
-8.0145597458e-02
-2.6605245471e-01
-1.8715225458e+00
-1.6551195085e-01
-1.9510674477e+00
8.4064221382e-01
-7.8707063198e-01
-2.3938725889e-01
-1.7099078745e-02
-5.2665257454e-01
-1.1333913803e+00
1.5308587551e+00
-1.3939152956e+00
-8.0366444588e-01
-1.7071059942e+00
9.4520413876e-01
1.1171162128e+00
-2.6320443153e+00
-6.5727484226e-01
1.7247853279e+00
8.3773469925e-01
2.9446655512e-01
-2.5167191029e+00
5.8090174198e-01
-2.8565888405e+00
1.7418262959e+00
-2.0368909836e+00
2.4927546978e+00
-9.5235973597e-01
9.2892944813e-01
-8.0865710974e-01
2.1696999073e+00
-1.3968420029e+00
-1.4392418861e+00
-4.0745863914e+00
-1.7606598139e+00
-5.8814148903e+00
-3.4214258194e+00
-1.6437469721e+00
5.6660199165e-01
3.1620109081e+00
2.7199511528e+00
-5.3709870577e-01
-1.5635831356e+00
1.6687688828e+00
-4.9413639307e-01
-1.9999190569e+00
-2.9590492249e+00
-1.6297551394e+00
-2.0988063812e+00
5.7467764616e-01
-2.2589936256e+00
8.8674977422e-02
5.4199803621e-02
1.7454969883e-01
-1.8176993132e+00
5.5468767881e-01
-2.2539644241e+00
8.1899088621e-01
-1.0811452568e-01
1.6962878704e+00
6.6155248880e-01
8.0593353510e-01
-1.1582837105e+00
2.5010280609e+00
-8.9816814661e-01
-3.1654956937e-01
6.7041110992e-01
1.1150217056e+00
4.4123217463e-01
-1.3389316797e+00
-2.5505858660e-01
1.6856452823e-01
-3.4448650479e-01
-4.2950063944e-01
-1.8364186287e+00
-4.3269774318e-01
-2.2781412601e+00
-2.0012650490e+00
1.6245923936e-01
6.8977206945e-01
6.7577373981e-01
4.4578847289e-01
1.1023925543e+00
5.7096934319e-01
1.5154654980e+00
4.7319912910e-01
1.2433221340e+00
-3.3262598515e-01
3.4532406330e+00
-3.4633779526e+00
1.8900965452e+00
2.0368707180e-01
1.5858356953e+00
-2.4104087055e-01
1.6808439493e+00
1.0837038755e+00
9.6338622272e-02
-2.6924819946e+00
-2.1097479761e-01
-1.5093305111e+00
-7.4136108160e-01
-1.8022505939e-01
-2.3320209980e+00
-2.0790076256e-01
-9.7167116404e-01
1.0495415926e+00
-2.7579179034e-02
8.7114667892e-01
-8.8381606340e-01
5.4934543371e-01
-7.5635081530e-01
6.2489455938e-01
-1.9790515900e+00
1.4972503185e+00
-2.5508093834e+00
1.7287951708e+00
-1.4223217964e+00
-1.1593329161e-01
5.5290675163e-01
9.5626032352e-01
5.5070668459e-01
9.1645264626e-01
-1.0771767050e-01
1.4319374561e+00
1.0412194729e+00
1.0514630079e+00
1.2079381943e-01
3.8109976053e-01
-1.5984731913e+00
-1.1529440060e-02
-2.3781494796e-01
-1.3644229174e+00
-5.1735872030e-01
-2.1792608500e-01
2.3103348911e-01
1.9015895128e+00
1.5909442902e+00
1.3611520827e-01
2.6525139809e-01
-1.5490104258e-01
3.4447824955e-01
-5.6373059750e-01
-2.8456768990e+00
4.8509791493e-02
-4.5212388039e+00
4.9690359831e-01
-4.3051705360e+00
-2.3156468868e+00
-2.5388531685e+00
-1.2535108328e+00
-7.6874017715e-01
2.0044520497e-01
1.1906440258e+00
1.5601336956e-01
6.0451751947e-01
4.0056085587e-01
-2.4238612503e-02
-1.5040981770e+00
1.3599891961e-01
-1.4134625196e+00
1.8479886055e+00
4.6736812592e-01
9.0037125349e-01
2.5462740660e-01
7.8708344698e-01
2.6299604215e-03
-1.2548975646e-01
-6.3288819790e-01
-1.2117197514e+00
-4.7327237129e+00
-1.8060114384e+00
3.4177086353e+00
1.9503635168e-01
1.3583387136e+00
-1.7374984026e+00
1.3695876598e+00
-7.8919697553e-03
-4.1468602419e-01
-8.8099366426e-01
-9.7782278061e-01
-1.8492386341e+00
6.0250978470e+00
-4.2812818289e-01
3.6434059143e+00
3.0819308758e-01
4.5353899002e+00
2.8703641891e-01
-3.5004982352e-01
-1.9918028116e+00
-1.1022818089e+00
2.6395806670e-01
1.4186791182e+00
4.8378410935e-01
-3.2043850422e-01
-4.4578692317e-01
7.5448232889e-01
1.6553850174e+00
-1.1692076921e+00
6.1174857616e-01
1.1918445826e+00
2.9314711094e+00
7.5861775875e-01
1.5706964731e+00
7.6395654678e-01
1.9830912352e+00
1.2922135592e+00
2.0464660227e-01
-4.9339294434e-01
3.1386610866e-01
-2.2614789009e-01
-2.6365820318e-02
1.2685979903e-01
-2.8198344707e+00
-6.7987328768e-01
-2.8125560284e+00
-9.2221206427e-01
1.0160937309e+00
3.2625177503e-01
6.1556911469e-01
1.7922846079e+00
-1.2966103554e+00
-6.2530112267e-01
2.9556447268e-01
6.0211688280e-01
-3.8701027632e-02
-1.2308660746e+00
-8.7600827217e-01
2.1676686406e-01
-1.5940220654e-01
-8.1718164682e-01
-2.8626608849e+00
1.1577993631e+00
1.8485970497e+00
2.6816208363e+00
3.0747091770e+00
2.0254285336e+00
-1.1429085732e+00
-5.1197397709e-01
-1.4881610870e+00
-1.3799021244e+00
-8.4544658661e-01
4.4433447719e-01
1.4294669628e+00
7.1110326052e-01
4.1163447499e-01
1.2188835144e+00
-4.0091619492e+00
-1.3890547752e+00
-3.0126616955e+00
-1.2694834471e+00
-1.7298623323e+00
1.4442182146e-02
-2.6194438338e-01
5.5332392454e-01
-1.7482094765e+00
-1.7315856218e+00
1.7192487717e+00
5.2729922533e-01
6.8008786440e-01
-3.0420216918e-01
6.5983712673e-01
-4.8002743721e-01
1.3475873470e+00
-7.2355282307e-01
9.4899988174e-01
-1.3098785877e+00
2.6498577595e+00
-6.4793723822e-01
1.2916784286e+00
6.8725936115e-02
1.8945674896e+00
7.5087016821e-01
1.7811691761e-01
8.9326035976e-01
3.4369620681e-01
1.7665959597e+00
-3.2878892422e+00
8.2393622398e-01
-1.5680171251e+00
2.6241728663e-01
-2.5274109840e+00
-8.0422550440e-02
-2.5109100342e+00
-7.8209084272e-01
-3.2915954590e+00
7.5487494469e-01
-7.6830267906e-01
5.4536807537e-01
-5.6859916449e-01
8.0248510838e-01
1.0905679464e+00
-2.9159057140e-01
7.0161151886e-01
-3.8486513495e-01
1.0557426214e+00
-9.9665427208e-01
6.1038022041e+00
-4.0821012110e-02
3.5549738407e+00
7.6866263151e-01
3.8161580563e+00
1.5220184326e+00
-2.6117255688e+00
-3.9952772856e-01
-3.8437935710e-01
2.8050372601e+00
2.0058367252e+00
1.0668109655e+00
8.0208152533e-01
-7.7220588923e-02
1.4492000341e+00
7.2270199656e-02
2.8212836385e-01
1.2934091687e-01
5.3678256273e-01
1.6360764205e-01
-5.6324243546e-01
-1.7115817070e+00
-2.3897308111e-01
-1.2975456715e+00
4.6641018987e-01
3.4459480643e-01
-1.6512060165e+00
-3.8891100883e-01
-4.2711443901e+00
2.2717574239e-01
2.0565052032e+00
2.0333290100e+00
1.4000635147e+00
2.7484397888e+00
2.9958975315e+00
-9.9757015705e-01
-2.3039278984e+00
-1.6098963022e+00
-3.5605447292e+00
-9.3648803234e-01
7.4198693037e-02
-8.4780699015e-01
1.0354721546e+00
-1.3001323938e+00
3.0003697872e+00
-3.3460310102e-01
-7.8949326277e-01
-4.5832166076e-01
-3.0120990276e+00
3.6647567153e-01
1.4864519835e+00
8.5042530298e-01
1.0710458755e+00
1.0676112175e+00
9.6251469851e-01
-4.4475924969e-01
-8.4849745035e-01
-5.6976056099e-01
-1.3238426447e+00
1.9542837143e-01
-1.2140679359e+00
6.4955484122e-03
-1.3912924528e+00
6.5570646524e-01
1.8947763741e-01
4.4782695174e-01
-1.2809215784e+00
-3.8175311685e-01
-2.1623386443e-01
-6.1464148760e-01
1.9477114677e+00
-8.5419428349e-01
6.2425307930e-02
4.7430902719e-01
2.3121666908e+00
2.1259908676e+00
-3.5875692964e-01
3.7652108073e-01
1.7132461071e-01
-7.1195840836e-01
2.4031943083e-01
-9.7321736813e-01
-4.2579287291e-01
2.4770417809e-01
2.0339610577e+00
7.9557758570e-01
-7.8628003597e-01
-3.1249529123e-01
-4.1471995413e-02
7.8750556707e-01
1.9420112371e+00
2.1193611622e+00
2.5669431686e+00
2.0039253235e+00
2.2217164040e+00
2.4340953827e+00
2.4647917747e+00
1.8624995947e+00
8.0727076530e-01
8.7251669168e-01
2.1029102802e-01
6.5565848351e-01
5.0247079134e-01
-7.4976772070e-01
1.2987358570e+00
1.0003693104e+00
1.2076914310e+00
2.1653385162e+00
1.0796308517e+00
-1.2097033858e-01
6.3875448704e-01
-2.1918811798e+00
1.2828274965e+00
-2.0397918224e+00
8.2222050428e-01
2.1014422178e-01
-1.4574961364e-01
3.8710507751e-01
1.1573196650e+00
2.6742579937e+00
5.3153162003e+00
3.3877382278e+00
8.2054865360e-01
-1.8176949024e+00
-1.9361175299e+00
2.4906306267e+00
1.7513251305e+00
2.0518705845e+00
5.8137577772e-01
-1.4857957363e+00
-1.2107782364e+00
-2.9801618308e-02
-4.0927559137e-02
-3.4447288513e-01
-1.3606902361e+00
1.0356093198e-01
1.2050334215e+00
6.0317295790e-01
1.3642139435e+00
6.9941419363e-01
6.0397613049e-01
5.7729822397e-01
1.1403769255e+00
2.3987779617e+00
6.5745633841e-01
1.9063882530e-01
1.6694631577e+00
5.2204471827e-01
9.5388658345e-02
8.8861793280e-01
1.5045760870e+00
8.6171007156e-01
1.8925600052e+00
1.3781119585e+00
1.6259704828e+00
1.8232393265e+00
1.0602083802e-01
7.0350772142e-01
-1.6338478774e-02
5.1030594110e-01
-3.2186188698e+00
-1.9577642679e+00
-5.1499706507e-01
2.7673190832e-01
-1.4839545488e+00
4.9800005555e-01
1.4039783478e+00
9.3907856941e-01
1.5252019167e+00
1.2311881781e+00
-1.0928251743e+00
-1.2799587250e+00
-1.0847105980e+00
-8.4123206139e-01
-4.9759158492e-01
-1.0126478672e+00
-6.7231208086e-01
-5.5605620146e-01
1.5245130658e-01
-3.4332755208e-01
1.0778030157e+00
2.4915851653e-01
1.2320529222e+00
8.7218576670e-01
2.8558192253e+00
1.4706697464e+00
1.8700242043e-01
4.9872097373e-01
5.9012287855e-01
4.2555534840e-01
3.9565110207e-01
-1.8733806908e-01
3.7663257122e-01
2.8504368663e-01
1.5906958282e-01
2.1782518923e-01
4.6937915683e-01
6.4066341147e-03
-1.4670047164e-01
-5.1513391733e-01
4.3886554241e-01
9.6132498980e-01
-7.9681593180e-01
-1.8853904009e+00
-1.0903477669e+00
-2.9408428669e+00
-1.5048884153e+00
-1.8306967020e+00
-3.1023445725e-01
1.1201484203e+00
-4.5223717690e+00
-2.6686532497e+00
-1.8637272716e-01
6.4376699924e-01
-3.0365338922e-01
-1.3805568218e+00
-1.6571497917e+00
-4.6194410324e-01
1.1592597961e+00
2.5568351746e+00
-1.8164324760e-01
-2.9885682464e-01
-1.1403151751e+00
3.7793377042e-01
-1.6344193220e+00
1.9813413620e+00
1.3545327187e+00
9.6344667673e-01
1.8084053993e+00
-4.5756730437e-01
7.4301254749e-01
2.4855424464e-01
-3.1344893575e-01
-1.9103046656e+00
-2.2779040039e-02
1.9509171247e+00
1.8350332975e+00
1.0588212013e+00
-7.3364675045e-01
-2.1845693588e+00
2.5380861759e-01
8.4518361092e-01
-1.4402723312e-01
-3.5966786742e-01
1.4773926735e+00
-4.5928840637e+00
-2.0069963932e+00
-1.0252748728e+00
-2.6171478629e-01
4.6970441937e-01
-3.3817374706e+00
-1.4367108345e+00
1.0553232431e+00
4.0780937672e-01
-1.6131260991e-01
3.7254068851e+00
1.1372689009e+00
8.0442333221e-01
1.9129423797e-01
-1.4742256403e+00
-4.1002228856e-01
-8.9589983225e-01
-4.3177601695e-01
6.2480285764e-02
1.5121501684e+00
-2.2373652458e+00
-2.1821817756e-01
1.0435234308e+00
6.6954863071e-01
-7.7972030640e-01
-2.7904763222e+00
-1.9348154068e+00
-7.9703301191e-01
4.5273423195e-01
1.4608056843e-01
-1.1731377840e+00
-2.4681781232e-01
4.9263438582e-01
6.7362308502e-02
-1.3908523321e+00
-1.2536843121e-01
-1.5082077980e+00
8.4442645311e-01
-6.5675246716e-01
-1.3079371452e+00
-1.8635756969e+00
-1.2187608480e+00
-7.1591919661e-01
9.3885600567e-02
7.0733457804e-01
3.0079927444e+00
1.6406524181e+00
4.8687455058e-01
-1.0652627796e-02
1.1713636667e-01
-2.2188525200e+00
-1.8873105049e+00
-6.8828321993e-02
1.4125712216e-01
-2.6063233614e-01
3.8566133976e+00
1.6026611328e+00
1.4275270700e+00
-9.1729170084e-01
-1.9643993378e+00
-1.0674637556e+00
-3.1602717936e-02
-3.1917539239e-01
1.0520036221e+00
2.1602160931e+00
2.7572715282e+00
9.2923593521e-01
1.3968059421e-01
-1.2601599693e+00
1.2153149843e+00
-1.4430886507e+00
-1.8084396124e+00
8.6663371325e-01
1.8656532764e+00
3.5369917750e-01
8.2626774907e-02
1.8134087324e-02
-1.1922903061e+00
-6.3677763939e-01
-1.2311552763e+00
2.0619425774e+00
-8.1412893534e-01
1.4912886620e+00
1.6294435263e+00
-2.8729259968e-01
-3.7636291981e-01
-8.7334883213e-01
1.9165126085e+00
-1.1777877808e+00
-4.8456814885e-01
-3.9310768247e-01
-1.8461321294e-01
-1.1159643531e-01
-1.0081210136e+00
2.4062721059e-02
-1.3569397926e+00
-7.3434984684e-01
-9.5012521744e-01
-9.5557707548e-01
-8.7656283379e-01
-1.9135286808e+00
6.0419237614e-01
6.3859617710e-01
1.3130131960e+00
3.2146537304e-01
2.8103163242e+00
1.4203215837e+00
1.7731341124e+00
1.4689426422e+00
1.4935679436e+00
-2.4087762833e+00
-1.0945715904e+00
-1.1891115457e-01
1.0559456348e+00
1.8838543892e+00
-4.7996103764e-01
-1.8116772175e+00
1.0596101284e+00
1.2736910582e+00
-2.3894026279e+00
8.0431967974e-01
1.5672079325e+00
-5.2044421434e-01
1.8115237951e+00
1.3952275515e+00
-2.9635646343e+00
-1.9760910273e+00
-9.8879373074e-01
1.0702590942e+00
-2.3596365452e+00
-1.9953569174e+00
-1.4127411842e+00
-1.0929406881e+00
1.4342668653e-01
1.2055972815e+00
4.1377311945e-01
4.9682956189e-02
5.0878268480e-01
1.6980184317e+00
-1.4982738495e+00
7.2032028437e-01
1.0778419971e+00
1.7561733723e+00
6.7510725930e-03
1.6122541428e+00
3.9316818118e-01
-2.7550902963e-01
-3.2357314229e-01
1.7735878229e+00
-7.1064308286e-02
3.1256117821e+00
1.1510624886e+00
3.5870814323e-01
-3.2846906781e-01
-4.8747390509e-01
1.7692586184e+00
9.6569800377e-01
1.9626498222e+00
-6.2139660120e-01
-1.1449953318e+00
4.4801779091e-02
4.8960816860e-01
1.2283347845e+00
1.0329573415e-02
2.9467036724e+00
4.1012320518e+00
3.1732022762e+00
1.6992871761e+00
1.3231109381e+00
1.1706813574e+00
-2.6758668423e+00
-5.4235190153e-01
2.0509893894e+00
1.0368102789e+00
-1.2353202105e+00
-6.8600994349e-01
-1.4578915834e+00
1.4951386452e+00
1.4774117470e+00
-2.6218888164e-01
2.4077756405e+00
1.1604256630e+00
-6.8535137177e-01
-1.0355086327e+00
-1.1626539230e+00
-4.1125130653e+00
-1.7383736372e+00
-7.6501749456e-02
-9.7876071930e-01
-8.5385632515e-01
3.4556084871e-01
1.5593533516e+00
1.5419389009e+00
-1.1688797474e+00
2.4583399296e+00
7.6623326540e-01
-9.1362035275e-01
-1.0047676563e+00
1.2542711496e+00
2.8351628780e+00
3.6201342940e-01
-1.6495906115e+00
4.0555617213e-01
-7.5707584620e-01
2.3015112877e+00
9.6354323626e-01
9.2702347040e-01
-2.4766664207e-01
-3.3160302043e-01
-1.4665262401e-01
3.0547027588e+00
1.9220607281e+00
1.9343312979e+00
1.8519160748e+00
8.8292086124e-01
1.2212843895e+00
7.6333439350e-01
1.6328672171e+00
1.0682880878e+00
1.5863645077e+00
2.4112667143e-01
1.9692320824e+00
2.6127141714e-01
2.5780620575e+00
-3.1019611359e+00
-2.4106884003e-01
-9.5055687428e-01
2.7349975705e-01
-3.6786179543e+00
-1.7318929434e+00
1.2097510099e+00
9.6129590273e-01
2.8588395119e+00
6.4417469501e-01
-1.6314480305e+00
-8.0710965395e-01
6.2747067213e-01
-1.2595515251e+00
-1.1342734098e+00
-1.7403620481e+00
1.9414806366e+00
1.6274712086e+00
1.8854072094e+00
3.5280056000e+00
2.7673084736e+00
1.8083047867e+00
4.7513760626e-02
2.5051090121e-01
-4.7504281998e-01
-1.0105702281e-01
-2.2742333412e+00
7.2991557419e-02
9.4749641418e-01
4.4502314925e-01
-2.4640700817e+00
-3.4331279993e-01
-3.8204306364e-01
-5.7860630751e-01
-9.6834361553e-01
-9.8437178135e-01
1.7412839830e-01
6.6844397783e-01
-2.1808857918e+00
5.8749341965e-01
2.2557094097e+00
-1.6580642462e+00
3.3382210881e-02
5.0216782093e-01
-1.4718440771e+00
-3.4081518650e-01
-2.5622639656e+00
-7.0848387480e-01
-1.2994245291e+00
-1.5472487211e+00
-1.5782916546e+00
6.1828559637e-01
6.3899344206e-01
1.6878738403e+00
1.0335104465e+00
2.1319174767e+00
-4.7817870975e-01
-1.2531647682e+00
2.2088971734e-01
-1.1206476688e+00
-6.2182915211e-01
-3.2347679138e-01
-1.4668496847e+00
1.1186304688e-01
-1.8240449429e+00
-3.7493400574e+00
-1.3184150457e+00
-7.2468405962e-01
2.2275213897e-01
5.2768617868e-01
-2.3381724358e+00
2.9425034523e+00
5.4968351126e-01
9.6803456545e-01
3.5835197568e-01
-4.9850159883e-01
-1.3946354389e+00
-1.2856353819e-01
-4.4071099162e-01
-1.7352356911e+00
-7.3548078537e-01
1.2438859940e+00
-5.1514133811e-02
5.6066995859e-01
4.9954992533e-01
1.9050276279e+00
1.7369711399e+00
-8.0683809519e-01
-2.1154806018e-01
-9.5134717226e-01
1.1630622149e+00
-2.9756963253e+00
6.6195279360e-01
-1.0778096914e+00
3.8054677844e-01
-1.9286116362e+00
5.0555264950e-01
2.4133372307e+00
7.1147054434e-01
4.2632293701e-01
1.5911339521e+00
-3.4233778715e-01
5.0501382351e-01
-2.5862497091e-01
-8.4299033880e-01
-6.0069370270e-01
2.4305346608e-01
-6.8300867081e-01
-2.6178932190e+00
-1.9068940878e+00
-1.4151766300e+00
-2.7876946330e-01
4.5865520835e-01
-2.4914819002e-01
-5.7110995054e-01
7.9043932259e-02
-2.7199468017e-01
-6.7496293783e-01
-1.8434979022e-01
-4.3860908598e-02
3.3910572529e-01
1.2988419533e+00
1.3052555323e+00
4.8444110155e-01
-1.6327161789e+00
-3.1809573174e+00
-1.7489460707e+00
8.5135060549e-01
-2.8872232437e+00
-8.6242610216e-01
4.5367661119e-01
-2.8350012302e+00
4.6827152371e-01
-1.6838458776e+00
2.7143833637e+00
8.7816405296e-01
1.8530628085e-01
4.3828330934e-02
-2.8268066049e-01
-1.7112509012e+00
-3.1938912868e+00
-4.6519020200e-01
9.5056332648e-02
-1.0747468472e-01
-1.6498020291e-01
9.6507257223e-01
2.0128785074e-01
3.5243481398e-01
-2.1527875960e-01
-8.7213200331e-01
-1.5310763121e+00
1.0368303061e+00
5.1830583811e-01
-1.0737230778e+00
7.8544414043e-01
3.8506700993e+00
4.5841401815e-01
-1.1503614187e+00
1.5720496178e+00
2.2914147377e+00
2.2308256626e+00
2.2644388676e+00
-6.6401612759e-01
1.9660360813e+00
3.8676455617e-01
5.0715727806e+00
8.7786054611e-01
-2.4051284790e-01
6.8765360117e-01
8.3757984638e-01
2.3382098675e+00
4.5136910677e-01
-2.8853325844e+00
9.8697644472e-01
-1.7972602844e+00
6.1959344149e-01
-3.1155040264e+00
-1.9842252731e+00
-9.7766757011e-01
6.3595652580e-01
-3.6697711945e+00
2.8819842339e+00
1.0096093416e+00
7.4314884841e-02
2.3481998444e+00
5.3474454880e+00
2.6778705120e+00
9.0151464939e-01
3.6207121611e-01
3.5348139703e-02
1.0947816372e+00
4.0645623207e+00
1.0952612758e-01
3.6844107509e-01
3.8469952345e-01
2.6565186977e+00
-2.6937639713e-01
2.2120933533e+00
4.8350811005e-01
7.8104041517e-02
-2.4080305099e+00
1.3784769177e-01
3.5541873425e-02
-2.9019704461e-01
-5.3017646074e-01
1.2620425224e+00
-1.3255783319e+00
-4.2278147303e-03
8.3308875561e-01
-3.5663774610e-01
-1.8640984297e+00
-2.9047164917e+00
1.6777113080e-01
5.7314485312e-01
8.0105108023e-01
2.6386699080e-01
-6.2242555618e-01
5.0446319580e-01
-1.7806289196e+00
1.0092462413e-02
-2.1627328396e+00
-2.9750639200e-01
-8.5088568926e-01
9.4841092825e-02
8.3873027563e-01
3.7768290043e+00
-6.4822942019e-01
1.0587663949e-01
3.6872452497e-01
-2.4232690036e-01
1.0919860601e+00
-8.5760867596e-01
-7.8474378586e-01
-4.1156899929e-01
-1.6615921259e+00
-1.1766474694e-01
-1.2011764050e+00
-3.4496867657e-01
-3.8860961795e-01
8.5140079260e-01
2.2572202682e+00
-4.1660323739e-01
1.8246239424e-01
1.3841999769e+00
-1.9042111635e+00
-2.3942081928e+00
-3.3959419727e+00
-7.1829813719e-01
-9.6261000633e-01
1.8903848529e-01
-6.5413010120e-01
-1.1322524399e-01
-8.4650099277e-01
-1.9180111587e-01
-2.2796611786e+00
6.5850400925e-01
3.3613258600e-01
1.1580153704e+00
3.2221192122e-01
2.6875370741e-01
-2.9000003338e+00
4.8927783966e-01
1.5261387825e+00
1.8832209706e-01
1.3978085518e+00
8.7468707561e-01
-2.7925524116e-01
-6.3166803122e-01
-2.1718819141e+00
-1.7294044495e+00
6.1838395894e-02
1.9138760865e-01
1.1571255922e+00
-5.0939470530e-01
1.1879224777e+00
8.1396168470e-01
2.4420895576e+00
-1.3499124907e-03
2.2101130337e-02
-2.4352690578e-01
5.3785619736e+00
1.5092658997e+00
1.7580709457e+00
2.7421766520e-01
1.5263379812e+00
1.1304370314e-01
-3.2160038948e+00
9.7692072392e-01
-1.2487782240e+00
5.0034356117e-01
-3.6691105366e+00
-8.3482456207e-01
-1.0470194817e+00
4.0071326494e-01
-6.3054007292e-01
-5.1121002436e-01
-2.3567385674e+00
1.1697947234e-01
-1.6635515690e+00
9.4555932283e-01
-1.1354856938e-01
1.6644729301e-02
1.9355078936e+00
-1.0058946609e+00
2.8417626023e-01
-1.6116327047e+00
-9.0894442797e-01
1.6292721033e+00
2.1060857177e-01
-3.7585419416e-01
5.0833696127e-01
6.3537019491e-01
-8.5385702550e-02
8.2226234674e-01
5.1400923729e-01
3.6423347890e-02
-3.2183089852e-01
-4.9082437158e-01
2.2075261176e-01
-2.6267352700e-01
4.0460482240e-01
1.2220984697e+00
1.6136754751e+00
1.7926597595e+00
4.8832368851e-01
1.9903184474e-01
-2.2298610210e+00
-3.8138546050e-02
-1.9833354950e+00
-5.0714939833e-01
3.2849559784e+00
-1.0109603405e+00
-1.4763801098e+00
-1.7068654299e+00
2.3022225127e-02
-2.6881992817e-01
-1.4844568968e+00
1.0420318842e+00
-2.6908099651e+00
-7.6814126968e-01
-4.2895750999e+00
1.1494982243e-01
9.1249155998e-01
-3.8143340498e-02
4.2421436310e-01
8.8599789143e-01
4.1604685783e+00
7.8494822979e-01
2.2941215038e+00
-1.0708235502e+00
2.6958634853e+00
7.7175301313e-01
1.3416781425e+00
2.8946278095e+00
5.2992135286e-01
7.6176255941e-01
-1.8684513569e+00
-1.1300123930e+00
-2.5193309784e+00
-6.1648243666e-01
-2.7181508541e+00
7.7380365133e-01
3.2134571671e-01
-3.1815803051e+00
-1.3099161386e+00
-2.9360649586e+00
-1.0708585978e+00
-1.2281160355e+00
-1.2391477823e+00
-2.5342747569e-01
-1.7845331430e+00
-1.0598597676e-01
4.1194606572e-02
1.7392562628e+00
1.6239640713e+00
-2.3320906162e+00
6.1436656862e-02
1.7091300488e+00
8.1986433268e-01
1.6447728872e+00
-2.3886063099e+00
4.0222284198e-01
-6.9943296909e-01
-4.4215613604e-01
-1.3971669674e+00
2.6812193394e+00
2.3184335232e-01
1.7508106232e+00
2.4798648357e+00
-5.5916142464e-01
-1.1796368361e+00
-1.3787578046e-01
6.3471984863e-01
1.5817059278e+00
1.2843925953e+00
1.1975862980e+00
-1.2175594568e+00
-1.0724933147e+00
-5.3695487976e-01
1.3460515738e+00
7.7827882767e-01
1.4568762481e-01
-9.8029547930e-01
7.7557498217e-01
-1.1176367998e+00
9.6831625700e-01
-1.6372337341e+00
-1.4335309267e+00
-2.7163581848e+00
-4.6925270557e-01
-4.6289119869e-02
5.2974003553e-01
-2.4581360817e-01
6.1228990555e-02
-8.6040127277e-01
1.8584834337e+00
7.8482937813e-01
1.0927693844e+00
6.2523585558e-01
-2.7870562673e-01
-2.3195476532e+00
1.3260020018e+00
-9.9920189381e-01
-4.1252490878e-01
-5.5044107139e-03
7.6191979647e-01
5.8971756697e-01
4.2093768716e-01
-8.2173228264e-01
7.0641952753e-01
8.9123886824e-01
1.6214692593e+00
1.1798254251e+00
1.5439655781e+00
-6.1110401154e-01
1.3734173775e+00
2.7400174737e-01
4.6760207042e-03
-2.1224246025e+00
-5.1451241970e-01
-9.6420502663e-01
-2.4546828270e+00
-1.7519747019e+00
-3.6983652115e+00
-3.3849281073e-01
1.4447181020e-03
4.9377632141e-01
-1.1601470709e+00
-1.9828135967e+00
3.0345106497e-02
-3.9997851849e-01
5.7609635592e-01
-3.2455021143e-01
-2.3184625804e-01
-4.7846212983e-01
-1.2124899626e+00
-7.4798047543e-01
2.2552633286e-01
-2.1610062122e+00
-7.0580971241e-01
-8.4929269552e-01
-1.6393703222e+00
-4.7797191888e-02
-5.7546246052e-01
9.6276468039e-01
-2.9176185131e+00
2.2403235734e-01
7.1102732420e-01
-2.8180810809e-01
-6.1721050739e-01
9.6523422003e-01
-7.3403412104e-01
-4.1520544887e-01
-7.1089363098e-01
5.6656318903e-01
-1.5103865862e+00
2.1036808193e-01
4.2705672979e-01
6.5409660339e-01
-8.6472320557e-01
-6.0584342480e-01
-1.1284809113e+00
-4.7382388264e-02
4.3939027935e-02
4.1404739022e-01
-9.5545381308e-01
-1.2433673143e+00
1.3711994886e+00
-1.4299587011e+00
1.6603469849e+00
-2.4571077824e+00
1.0620219707e+00
1.6756439209e+00
9.1624486446e-01
1.5756605864e+00
1.3088703156e-01
-5.6735008955e-01
-1.1979975700e+00
-9.7887672484e-02
3.3565154672e-01
3.3556702137e+00
-1.6830325127e+00
1.2081135511e+00
1.5474257469e+00
1.4164170027e+00
-1.5533546209e+00
-3.6992800236e-01
5.2347213030e-01
-2.8340128064e-01
-8.7645298243e-01
-8.3868557215e-01
7.2779476643e-01
1.1271635294e+00
1.7310168743e+00
2.8315532207e-01
-8.0960309505e-01
7.6084917784e-01
2.1900577843e-01
-3.0573720932e+00
-1.5811616182e+00
3.5276767612e-01
-5.3992128372e-01
9.1186964512e-01
1.3367365301e-01
-6.7694962025e-01
-2.0285801888e+00
8.1189686060e-01
1.3332627714e-01
-1.3469065428e+00
-5.3205114603e-01
-1.1185499430e+00
3.5105174780e-01
-1.0970487595e+00
-7.9450893402e-01
-5.5814230442e-01
-2.9946684837e-01
-4.8027986288e-01
-8.7786233425e-01
-2.3475739956e+00
6.0927033424e-01
-1.5573827028e+00
3.3562749624e-02
-1.8260383606e+00
3.8648757339e-01
-1.8346792459e+00
4.5375141501e-01
1.5836760998e+00
3.3123648167e+00
2.0399475098e+00
-2.4918075651e-02
-7.9142820835e-01
3.7351071835e-01
3.3657839894e-01
-4.8033785075e-02
8.5901647806e-01
4.1892385483e-01
3.9704639912e+00
-1.9369434118e+00
2.4645819664e+00
-2.1745574474e+00
1.6703374386e+00
-2.8514951468e-01
1.8849169016e+00
1.3400605917e+00
1.2411938906e+00
-3.7468814850e-01
-2.0880822837e-01
-1.0692503452e+00
-1.1452630758e+00
-5.5567532778e-01
-3.9575539529e-02
1.0403035879e+00
1.1201922894e+00
1.3063071966e+00
1.8393503129e-01
-4.0536805987e-01
1.3674266338e+00
-1.5769579411e+00
-9.2968046665e-01
-1.1892564297e+00
3.4491961002e+00
5.0194716454e-01
-8.1063044071e-01
-1.4333171844e+00
-4.5274999738e-01
-1.1430183649e+00
2.2661745548e+00
3.4373751283e-01
1.7888873816e+00
-8.7330609560e-01
1.1228041649e+00
1.0540497303e+00
2.5276093483e+00
1.0586683750e+00
5.5041468143e-01
-1.1082199812e+00
-1.1329149008e+00
8.4470915794e-01
2.7921202779e-01
1.2965697050e+00
-2.0988628864e+00
2.8394038677e+00
-6.7663145065e-01
4.2232351303e+00
-8.6951458454e-01
5.0213775635e+00
-1.2790454626e+00
-2.2494275570e+00
-7.4240118265e-01
-2.9087638855e-01
-1.7024983168e+00
-2.1382600069e-01
-5.6122106314e-01
1.5462708473e+00
2.2894563675e+00
1.4087796211e+00
2.7701201439e+00
1.3207998276e+00
1.2235167027e+00
7.4458211660e-02
1.7499179840e+00
-4.2854366302e+00
-3.4716904163e+00
-8.1371742487e-01
7.4596571922e-01
1.4025590420e+00
1.4944059849e+00
2.1560833454e+00
2.6929169893e-01
-3.6660972238e-01
6.9451463223e-01
1.0758076906e+00
-7.4299961329e-02
-1.7794673443e+00
-1.1493295431e+00
-5.6255257130e-01
8.8940918446e-01
2.5205063820e+00
6.8683844805e-01
-7.6448565722e-01
-2.2539110184e+00
1.1069395542e+00
2.2986158729e-01
2.2304894924e+00
7.6337224245e-01
4.2716702819e-01
1.3733197451e+00
7.2814410925e-01
-1.2234225273e+00
1.4607746601e+00
-6.9176912308e-01
-1.2410850525e+00
-1.7416460514e+00
-1.5619567633e+00
-1.5621724129e+00
-1.9964931011e+00
1.0196771622e+00
1.2764545679e+00
2.0019041002e-01
2.5704085827e-01
1.5716454983e+00
-2.1089465618e+00
-1.2914018631e+00
-2.3762042522e+00
-2.2561633587e+00
-1.8076008558e+00
-1.6614190340e+00
-4.0801057220e-01
-7.0545727015e-01
-1.6617145538e+00
-8.6403393745e-01
3.6395297050e+00
3.0950682163e+00
1.8879728317e+00
1.2634974718e+00
-1.5264248848e-01
-3.2444342971e-01
-6.9887542725e-01
-5.4370772839e-01
-6.5751594305e-01
8.6275690794e-01
4.2665854096e-01
-4.3449255824e-01
-6.0135585070e-01
2.1966949105e-02
2.4058647156e+00
-1.6293448210e-01
-1.1973414570e-01
1.8084940910e+00
1.4805606604e+00
2.6342456341e+00
-9.7229951620e-01
-2.7912900448e+00
-1.3264572620e+00
-1.0318900347e+00
-1.5175440907e-01
-3.2515320778e+00
-2.5783729553e+00
-1.5485938787e+00
-1.6095979214e+00
-4.9949121475e-01
-6.3347774744e-01
-1.4584818482e-01
-3.8854894042e-01
-1.4319360256e+00
-4.0857780725e-02
1.0135540962e+00
9.6927374601e-01
1.9010435343e+00
1.3008114100e+00
1.1943233758e-01
-2.4926357269e+00
-7.7297443151e-01
-2.3995237350e+00
-1.7997287512e+00
-3.3137938976e+00
8.1432119012e-02
-1.2924556732e+00
-1.1858626604e+00
-8.7279009819e-01
-2.2287590504e+00
8.5483336449e-01
6.4791727066e-01
7.4560964108e-01
9.8862826824e-01
-1.0168408155e+00
7.4190115929e-01
6.1729913950e-01
1.7357004881e+00
2.8158142567e+00
3.5338790417e+00
-1.1994154006e-01
-1.7248859406e+00
1.4670303464e-01
-2.7244442701e-01
2.6390343904e-01
-5.2544522285e-01
1.2056117058e+00
-8.6924247444e-02
-1.6636095047e+00
1.6390547156e-01
1.9009383917e+00
3.1683021784e-01
4.6348041296e-01
-6.3261264563e-01
9.3397587538e-01
-1.4041442871e+00
1.3535138369e+00
2.1323168278e+00
9.3503928185e-01
1.3455586433e+00
9.1227126122e-01
5.6271817535e-02
3.5527217388e-01
-3.4525877237e-01
-8.6655430496e-02
-5.6560450792e-01
7.6081275940e-02
-1.4099440575e+00
-2.1235961914e+00
-3.2460209727e-01
8.6586445570e-01
7.2177654505e-01
1.4001853764e-01
1.9921481144e-03
-1.7377071381e+00
4.6808516979e-01
2.7841904759e-01
-6.2556099892e-01
-1.4047406912e+00
1.7145746946e-01
4.9287506938e-01
-7.7271115780e-01
8.4612077475e-01
2.8765726089e+00
5.8347201347e+00
-1.1978814602e+00
-1.3255004883e+00
-8.9691984653e-01
-1.4731900692e+00
-1.9683251381e+00
-2.0486512184e+00
-6.2548780441e-01
7.1561026573e-01
1.1605669260e+00
1.7674717903e+00
8.7240505219e-01
1.7746160030e+00
1.6628177166e+00
1.1109716892e+00
9.5020592213e-01
5.4713910818e-01
2.3471008241e-01
8.8822573423e-02
5.1202416420e-01
6.3321149349e-01
2.8876519203e+00
2.4706327915e+00
9.2353469133e-01
2.2003920078e+00
2.1456277370e+00
9.4433975220e-01
-1.2914934754e-01
1.8585648537e+00
3.3096382618e+00
1.1731777191e+00
1.4048942327e+00
2.7431163192e-01
-9.0979240835e-02
6.6921967268e-01
9.9502092600e-01
-4.9723973274e+00
-4.4240736961e+00
-3.1649940014e+00
-2.0336244106e+00
-1.1448092461e+00
2.9054992199e+00
6.8796545267e-01
1.0345326662e+00
1.9835268259e+00
4.1989237070e-02
6.0355901718e-01
-1.1269950867e+00
-7.1423661709e-01
1.5821003914e-01
1.8929874897e+00
-9.3507868052e-01
1.7515628040e-01
3.9280980825e-01
2.4029259384e-01
-4.8168024421e-01
4.5466330647e-01
9.9926680326e-01
1.3823134899e+00
2.1161248684e+00
2.9418995380e+00
-1.6930794716e-01
1.3928782940e+00
2.4386298656e+00
1.3422890902e+00
2.9850234985e+00
1.9086010456e+00
1.3993757963e+00
2.4956517220e+00
2.6986830235e+00
1.3880068064e+00
9.5161390305e-01
1.1643805504e+00
2.1922910213e+00
1.5450594425e+00
2.0060763359e+00
-2.5353901386e+00
-1.5261569023e+00
-2.8220164776e+00
-2.6116631031e+00
-5.9382772446e-01
1.3639051914e+00
2.9513738155e+00
1.8132294714e-01
8.2038807869e-01
2.1072933078e-01
-5.3337492943e+00
-5.0885944366e+00
-3.3270816803e+00
-6.4545261860e-01
7.5236445665e-01
-1.0516021252e+00
5.3485810757e-01
-1.4954972267e-01
2.3938146234e-01
9.6315366030e-01
1.3986474276e+00
6.0354167223e-01
-2.5133818388e-01
-6.9761604071e-01
-6.6024966538e-02
1.1703668535e-01
-8.7272220850e-01
-4.0241286159e-01
-1.1896955967e+00
-5.8748733997e-01
-1.4680651426e+00
-1.5700803995e+00
-1.4507418871e+00
-7.3832905293e-01
-3.3950629234e+00
2.9327967763e-01
1.4332263172e-01
1.9063795805e+00
1.4421819448e+00
6.0766714811e-01
1.2115888596e+00
1.3682912588e+00
1.2530788183e+00
6.3652920723e-01
1.3678333759e+00
4.8056516051e-01
3.8944619894e-01
1.2287688255e+00
8.4136134386e-01
-2.7750895023e+00
1.6630358994e-01
-1.1575862169e+00
1.5197257698e-01
5.5265426636e-01
-1.1875428259e-01
1.0955199003e+00
2.5857882500e+00
1.0816986561e+00
1.0840613842e+00
1.5601325035e+00
5.4532128572e-01
1.3137807846e+00
1.0153454542e+00
1.0727518797e+00
1.2805273533e+00
-5.0076508522e-01
-2.2461171448e-01
6.3120573759e-01
1.7125954628e+00
3.3932125568e+00
-4.8664829135e-01
1.7528092861e+00
1.4448072910e+00
1.1091754436e+00
-1.4275297523e-01
2.4044525623e+00
-4.8082953691e-01
1.2811682224e+00
3.0941873789e-01
2.9641270638e+00
-1.0585092306e+00
-4.4468858838e-01
8.8577181101e-01
3.6952665448e-01
-1.2529734373e+00
5.1514941454e-01
1.0659983158e+00
5.2955452353e-02
-6.6145539284e-01
-3.3896942139e+00
-1.7423777580e+00
-6.9770091772e-01
-1.4743300676e+00
-9.8183900118e-01
-1.0012841225e+00
1.3888592720e+00
-5.2574145794e-01
4.1531375051e-01
-1.0239256620e+00
-1.2728990614e-01
6.5573656559e-01
6.8486410379e-01
1.0755026340e+00
4.8307138681e-01
1.7945442200e+00
3.2914283276e+00
2.0247153938e-01
1.0608558655e+00
-3.1130555272e-01
-6.5156650543e-01
-2.5891752243e+00
-9.2206555605e-01
-9.8220318556e-01
9.9967008829e-01
9.5438128710e-01
2.1808475256e-01
-8.6212806404e-02
-6.0018044710e-01
-8.3607023954e-01
-2.0598512888e-01
8.5053122044e-01
-9.5000082254e-01
-9.5700007677e-01
4.9124133587e-01
1.8696382046e+00
1.4322837591e+00
5.0628459454e-01
7.5853580236e-01
-6.3002490997e-01
-7.3541951180e-01
-1.8266059458e-01
7.7946829796e-01
1.0278002173e-01
2.0913563669e-01
-7.7104401588e-01
-2.0772030950e-01
-1.4012978971e-01
-1.8348683417e-01
-5.8093941212e-01
9.2291152477e-01
6.1647576094e-01
7.8583478928e-02
1.4558279514e+00
-6.5682673454e-01
1.2431776524e+00
1.2778855562e+00
-1.7304211855e+00
8.5955232382e-01
-4.1547469795e-02
1.1129491329e+00
-1.3199361563e+00
1.2605112791e+00
-8.5661327839e-01
-1.5403261185e+00
-2.0369257927e+00
-4.1965594292e+00
-1.1749999523e+00
-1.3861019611e+00
-8.9234596491e-01
4.3079495430e-01
-2.5731225014e+00
-4.6953082085e-01
9.6429657936e-01
1.4824805260e+00
9.8390680552e-01
1.4254966974e+00
5.5109119415e-01
2.2064667940e-01
4.6699342132e-01
8.6055231094e-01
-3.0070322752e-01
-8.9097040892e-01
-3.0642030239e+00
-2.0855107307e+00
-2.4574990273e+00
-2.7011239529e+00
-8.2375735044e-01
9.8806875944e-01
3.6548569798e-01
1.5358332396e+00
3.4453296661e+00
5.0654840469e-01
1.3604683876e+00
2.4130812287e-01
-9.8451524973e-02
-2.7840719223e+00
-1.3319287300e+00
-3.8668814301e-01
-3.5535803437e-01
-7.7075821161e-01
2.8999927044e+00
2.2159276009e+00
1.3555985689e+00
-7.1335631609e-01
-1.5741726160e+00
-1.2109885216e+00
-4.0589157492e-02
-1.4147809744e+00
-4.4020190835e-01
-2.5564320087e+00
5.4573616982e+00
1.8139735460e+00
-2.5700846314e-01
-6.2173265964e-02
1.1893793344e+00
3.9325132370e+00
9.2067909241e-01
2.7326503396e-01
1.1822633743e+00
1.6168439388e+00
1.8367005587e+00
4.9216249585e-01
-1.1439795494e+00
1.4553521872e+00
2.5658028126e+00
-2.5789089203e+00
-3.4622399807e+00
5.4338860512e-01
4.9699807167e-01
7.1733438969e-01
4.0949320793e-01
4.6955305338e-01
5.3516012430e-01
1.4095258713e-01
2.8353877068e+00
1.7690471411e+00
5.7265305519e-01
3.2985559106e-01
1.0096325874e+00
-3.3499029279e-01
-1.0907130241e+00
-2.2962381840e+00
-8.9673972130e-01
1.8470164537e+00
2.5154531002e+00
2.2683744431e+00
1.3895300031e-01
-1.6341557503e+00
9.3606638908e-01
2.3628164828e-01
-1.1406538486e+00
-6.5241664648e-01
-7.6144939661e-01
-3.5314118862e+00
-1.3817929029e+00
6.3656401634e-01
6.6736483574e-01
3.0279743671e-01
2.7045536041e+00
1.2245998383e+00
-1.8750833273e+00
6.1911916733e-01
-5.3792726994e-01
-1.0286495686e+00
-2.3792872429e+00
2.9425826073e+00
8.4892153740e-01
2.5159102678e-01
-3.6162501574e-01
-4.2420980334e-01
-2.4852039814e+00
-1.5026884079e+00
2.9487681389e-01
-1.8260471523e-01
3.7328827381e-01
-3.4098735452e-01
4.3216621876e-01
-1.9637012482e-01
-5.3910106421e-01
-2.9372990131e-01
-1.4557458162e+00
-1.3839715719e-01
8.8039040565e-01
2.9576315880e+00
5.5280083418e-01
-3.8852554560e-01
-6.9116204977e-01
-8.2166147232e-01
-1.6478659213e-01
2.1016864777e+00
5.4351158142e+00
5.0137066841e+00
7.3673492670e-01
-3.5725075006e-01
-2.4439196587e+00
-4.1531853676e+00
-4.0567011833e+00
-1.2642506361e+00
-6.9370585680e-01
9.9687898159e-01
7.5849121809e-01
1.6953012943e+00
7.5010478497e-01
-1.0129886679e-02
-1.8122168779e+00
2.3899810314e+00
1.5674082041e+00
1.1857918501e+00
5.7340329885e-01
1.2308500707e-01
-1.1404184103e+00
1.5999755859e+00
8.8728863001e-01
6.4830392599e-01
-4.4484600425e-01
-1.8480755091e+00
-1.2308855057e+00
-1.7843310833e+00
-8.1918960810e-01
-4.9761402607e-01
-8.0200695992e-01
3.4077864885e-01
2.0049529076e+00
1.6696860790e+00
1.4266524315e+00
4.4151805341e-02
5.5160790682e-01
-1.2641203403e+00
4.5004144311e-01
2.5533068180e+00
9.7685521841e-01
-1.3011224270e+00
9.3076461554e-01
-2.2512731552e+00
-3.9296939969e-01
-4.5580983162e+00
-3.9971389771e+00
1.9844949245e-02
-9.3377989531e-01
2.0898611546e+00
-4.5751376152e+00
-3.5833168030e+00
-1.1335780472e-01
-1.3157407045e+00
4.9227562547e-01
4.1071522236e-01
-1.0092573166e+00
2.9527127743e-01
1.9399137795e-01
-1.0527209938e-01
6.2445563078e-01
6.4384782314e-01
7.8759014606e-02
2.7172684669e-01
-3.4398615360e-01
4.4854834676e-01
8.7972748280e-01
-7.2708582878e-01
-7.3203188181e-01
4.2945662141e-01
1.8064224720e-01
7.0505726337e-01
8.4128779173e-01
-7.7769416571e-01
1.9324179888e+00
4.6810344793e-03
9.1131353378e-01
4.5067659020e-01
-4.0960466862e-01
1.1628505774e-02
-5.5320763588e-01
6.2909883261e-01
1.5413538218e+00
5.9506702423e-01
9.9240583181e-01
1.9950740337e+00
1.4717055559e+00
-6.2163800001e-01
1.0008174181e+00
5.5943697691e-01
1.6414687634e+00
2.7740180492e-01
9.5613628626e-01
-2.4828882515e-01
4.6327242255e-01
4.8924371600e-01
-1.4361077547e+00
6.5157040954e-02
1.2491647005e+00
-1.0494159162e-01
1.2065687180e+00
-1.0076954365e+00
1.9469094276e+00
1.4521636069e-01
2.6345384121e+00
-1.4290409088e+00
6.5194904804e-01
1.8434535265e+00
3.6992433667e-01
-8.7919199467e-01
1.3443226814e+00
3.3612899482e-02
6.9910603762e-01
9.5067906380e-01
9.8523288965e-01
-2.9535818100e-01
1.0936619043e+00
-1.0114539862e+00
6.4785617590e-01
-2.9664180279e+00
1.2364007235e+00
-2.7181467414e-01
-1.2968062162e+00
8.2063698769e-01
1.4912635088e+00
2.6131088734e+00
1.9728327990e+00
2.6554059982e+00
2.3908684254e+00
4.1829543114e+00
-7.9034245014e-01
1.4456179142e+00
7.1922665834e-01
2.0718326569e+00
-3.6624324322e-01
2.9517283440e+00
1.8724973202e+00
1.3253324032e+00
1.8505930901e+00
1.2412854433e+00
-2.7415854931e+00
-3.1837339401e+00
-2.1307382584e+00
-2.6877255440e+00
9.7933834791e-01
-3.3136194944e-01
-2.2421824932e+00
-2.4463143349e+00
-1.9030960798e+00
-8.0897587538e-01
1.5442259312e+00
-8.2033701241e-02
-5.9252232313e-01
1.4114900827e+00
1.8352534771e+00
-1.5918850899e+00
-9.8516386747e-01
-7.5219678879e-01
-4.1046884656e-01
3.4079816341e+00
-9.4277065992e-01
1.5451420844e-01
-6.8863344193e-01
-4.8468738794e-01
-1.4071329832e+00
2.1879942417e+00
2.0808849335e+00
2.6608021259e+00
3.2026176453e+00
1.9455449581e+00
1.0470306873e+00
1.8397481441e+00
1.4180052280e+00
-1.0996890068e+00
-1.4512368441e+00
1.0305484384e-01
-3.1311683357e-02
-2.6687157154e-01
-1.3188111782e+00
-2.5886585712e+00
1.0581372976e+00
1.3301734924e+00
5.6259149313e-01
2.9042518139e-01
-4.8633068800e-01
8.7522172928e-01
9.5422047377e-01
1.6088553667e+00
3.2148885727e+00
-5.4508954287e-01
-6.3736236095e-01
2.1151271462e-01
1.5486639924e-02
9.5941400528e-01
1.5045336485e+00
5.5653595924e-01
5.4384022951e-01
6.6850644350e-01
1.0338934660e+00
1.7239409685e+00
-3.8511807919e+00
-3.1608748436e+00
-1.3564029932e+00
-1.0676968098e+00
-3.0409055948e-01
-3.7145676613e+00
-2.0149307251e+00
-2.0058732033e+00
-2.2090313435e+00
-3.6810224056e+00
1.8077474833e+00
2.5912325382e+00
2.8174142838e+00
2.5264759064e+00
-2.7313983068e-02
7.3091045022e-02
-1.2250422239e+00
-1.5263941288e+00
-2.2857100964e+00
-1.7856899500e+00
-1.2874093056e+00
-1.8611670732e+00
-7.4273514748e-01
-1.6925898790e+00
-9.6841907501e-01
7.3148155212e-01
2.0292932987e+00
1.9875907898e+00
2.3917899132e+00
-2.3289379478e-01
-1.8128889799e-01
7.0591741800e-01
-5.2684092522e-01
-7.4540781975e-01
-9.0918624401e-01
4.6535342932e-01
-5.3189319372e-01
4.1333634406e-02
9.6581256390e-01
2.0128705502e+00
-2.7651948929e+00
-1.8663051128e+00
-1.4511752129e+00
-1.0233317614e+00
1.1534684896e+00
-1.5813568830e+00
-1.0617976189e+00
-7.6711118221e-01
-1.9054447412e+00
-1.3533568382e+00
2.0978531241e-01
2.1451385021e+00
1.4723552763e-01
-1.0147243738e+00
3.6750963330e-01
2.3526172638e+00
3.1204650402e+00
3.1259725094e+00
2.0801544189e+00
-1.0967708826e+00
-1.3799922168e-01
1.7215759754e+00
2.2974846363e+00
2.8962087631e-01
-6.9839215279e-01
-1.0303769112e+00
-2.6506762505e+00
-1.1576344967e+00
-2.5824360847e+00
-7.9061126709e-01
1.5723607540e+00
1.4913539886e+00
2.2931869328e-01
9.8717862368e-01
-1.8890565634e+00
-1.1603432894e+00
1.2442854643e+00
7.7033782005e-01
1.3823868036e+00
6.8143588305e-01
-8.2977074385e-01
2.3774549961e+00
2.3413043022e+00
2.1882042885e+00
-1.0167404413e+00
-8.7622141838e-01
-2.2713196278e+00
-1.9691804647e+00
-1.7858488560e+00
-1.1513441801e-01
-1.1000166833e-01
6.1162477732e-01
7.3697584867e-01
1.2281081676e+00
2.1003694534e+00
2.0239794254e+00
1.7338733673e+00
2.1665334702e-01
-8.8172268867e-01
-5.4675984383e-01
1.9438474178e+00
1.5970542431e+00
2.0407803059e+00
3.2618191242e+00
1.3034325838e+00
-4.5183044672e-01
6.2041205168e-01
-6.3760802150e-02
1.1774027348e+00
1.5555502176e+00
-8.8975238800e-01
-2.5883722305e-01
-4.7400435805e-01
1.1648130417e+00
-5.6654089130e-03
-3.3187787533e+00
-1.0307556391e+00
-1.8851180077e+00
-2.0815248489e+00
1.8702516556e+00
-2.1034998894e+00
-1.1765648127e+00
-7.5664490461e-01
-1.1615390778e+00
-2.3749177456e+00
5.3586316109e+00
4.3254938126e+00
3.3381121159e+00
3.3698642254e+00
1.7443361282e+00
-5.2575927973e-01
1.0170614719e+00
6.6297948360e-01
2.5923807621e+00
7.9622292519e-01
-4.7362625599e-02
7.7634549141e-01
3.9326824248e-02
-7.1472233534e-01
-1.7073720694e+00
4.4986456633e-01
1.1740757227e+00
3.1444576383e-01
7.2942644358e-01
5.2107828856e-01
1.3588517904e+00
3.3399111032e-01
1.7286174297e+00
1.5450913906e+00
1.6353721619e+00
-7.2866916656e-01
-1.0236090422e+00
-1.8608371019e+00
-1.6489665210e-01
-8.5539571941e-02
-7.0125788450e-02
2.9685515165e-01
-3.6047175527e-01
5.6099826097e-01
1.6125452518e+00
-6.7490637302e-01
-6.1173152924e-01
1.0062488317e+00
6.7040061951e-01
-1.3450671434e+00
1.5289533138e+00
1.7751125097e+00
1.6666691303e+00
2.3890159130e+00
-1.3703572750e+00
-4.1064448357e+00
-2.9478235245e+00
-3.4597883224e+00
-2.4709019661e+00
-3.8525369167e+00
-1.3060480356e+00
-3.2597055435e+00
-7.1640419960e-01
-1.6894528866e+00
-1.6604689360e+00
4.4989755750e-01
1.2449531555e+00
2.3753159046e+00
1.7031120062e+00
-2.0426832139e-01
1.2110559940e+00
8.5568505526e-01
-7.3842167854e-02
-3.5640412569e-01
-5.0676065683e-01
-8.9088809490e-01
-8.6098480225e-01
-9.3243044615e-01
-1.7814681530e+00
-1.6029564142e+00
4.8222765326e-01
-6.8221908808e-01
-1.0812381506e+00
-2.4650219083e-01
1.0483279228e+00
-4.3985942006e-01
-5.4840248823e-01
-1.0772589445e+00
2.1538107395e+00
1.9590805471e-01
4.5282781124e-01
2.9344735146e+00
9.8943126202e-01
1.8755409718e+00
4.7714427114e-02
-1.2562999725e+00
-2.4043173790e+00
-2.1493067741e+00
-4.9065914750e-01
1.9632560015e+00
1.8497371674e+00
-5.3165256977e-01
-2.9221633077e-01
-3.8729232550e-01
-7.4394416809e-01
1.7245168984e-01
7.1112102270e-01
7.4191135168e-01
3.5402584076e-01
3.6189126968e-01
-1.9020859003e+00
1.0306868702e-01
7.2686976194e-01
1.6233831644e+00
-7.2767215967e-01
6.9677644968e-01
6.1179620028e-01
-2.3977704048e+00
-3.9036774635e+00
-2.5775558949e+00
-4.6154722571e-01
3.5956802964e-01
8.7903346866e-03
-1.1041673422e+00
-1.8250478506e+00
1.7958768606e+00
2.0817799866e-01
-1.0010029078e+00
-1.8918000460e+00
-2.4014079571e+00
1.4550353289e+00
3.7282824516e-01
2.0537495613e+00
1.4663678408e+00
3.2386502624e-01
1.0300623178e+00
1.5659133196e+00
1.9243366718e+00
1.9130811095e-01
4.9420114607e-02
-1.6428958178e+00
-1.6389794648e-01
1.7261066437e+00
8.8444238901e-01
3.6473369598e-01
-1.2095917463e+00
-6.8043269217e-02
1.2175970078e+00
-1.1019835472e+00
-2.8992536068e+00
1.0261000693e-01
9.4177728891e-01
1.2120673656e+00
1.7695673704e+00
3.3681418896e+00
5.1766619682e+00
2.0536544323e+00
4.0501925349e-01
1.6755648851e+00
1.9525843859e+00
-3.2818307877e+00
-1.6882175207e+00
1.1218150854e+00
-4.8730441928e-01
-6.6668665409e-01
4.5347374678e-01
-5.1025666296e-02
-1.9678087533e-01
2.9333126545e-01
1.4009522200e+00
-3.3021435142e-01
4.9499341846e-01
7.1106475592e-01
6.4168906212e-01
-5.1304548979e-01
-2.0168504715e+00
-1.5771077871e+00
-9.7926068306e-01
-4.9084000289e-02
1.6975866556e+00
1.8868292570e+00
1.9704790115e+00
1.7039457560e+00
1.0048340559e+00
1.6335482597e+00
-7.8561240435e-01
-5.6736513972e-02
1.9508938789e+00
3.2556065917e-01
1.4645665884e-02
1.7984045744e+00
1.2787870169e+00
1.2597619295e+00
9.6584868431e-01
2.2837550640e+00
1.5098676682e+00
5.2915193141e-02
-8.6058324575e-01
-9.0002231300e-02
5.2207982540e-01
2.4181892872e+00
-7.6184816658e-02
-1.9842286110e+00
2.4635976553e-01
-3.9143866301e-01
2.6658017635e+00
-3.2092574984e-02
-1.0014715195e+00
-2.5606042147e-01
-8.1281954050e-01
-6.5265901387e-02
-6.0097289085e-01
-1.6360311508e+00
7.3075279593e-02
3.0460512638e-01
2.5400214195e+00
2.7594621181e+00
1.4542683363e+00
2.9412963390e+00
3.8207709789e+00
3.2175225019e-01
4.0614748001e-01
9.0986526012e-01
5.2960544825e-01
1.8792678118e+00
-6.1310553551e-01
1.3120332956e+00
1.4887163639e+00
1.8095393181e+00
1.0754001141e+00
1.5197705030e+00
-1.5486912727e+00
1.0618211031e+00
1.1115919352e+00
3.5292294621e-01
-1.1806583405e+00
-6.0161876678e-01
-3.4895995259e-01
-4.7520971298e-01
-1.6387774944e+00
2.0265576839e+00
2.3404753208e-01
-1.5838079453e+00
-3.8878017664e-01
7.5085794926e-01
1.5733834505e+00
1.6143975258e+00
8.2490468025e-01
2.3720751703e-01
-9.8805874586e-01
1.9039866328e-01
5.8621913195e-01
1.1590472460e+00
-9.0923517942e-01
-6.8304342031e-01
-2.6301279664e-01
1.9893864170e-02
-3.6601766944e-01
-2.0376911163e+00
-3.1724123955e+00
1.5808976889e+00
-1.1602429152e+00
1.9062418938e+00
2.7280447483e+00
2.3402783871e+00
4.7384694219e-01
2.7110004425e-01
1.0995272398e+00
-2.2321261466e-01
-2.4231767654e+00
-4.9922424555e-01
1.3230825663e+00
7.2678309679e-01
4.7805163264e-01
1.2928299904e+00
4.6476867795e-01
-2.8137898445e+00
-1.2818822861e+00
1.1096606255e+00
2.6136562824e+00
-7.0482748747e-01
-3.7508642673e-01
2.2004792094e-01
-5.2013653517e-01
-1.8294777870e+00
1.4600366354e+00
1.6304678917e+00
-4.1391509771e-01
-1.3937773705e+00
-1.3746501207e+00
-9.6255248785e-01
-1.3599514961e+00
-1.2848010063e+00
-3.8050803542e-01
1.1479982138e+00
7.9409676790e-01
-1.3644811511e-01
-1.6644135714e+00
1.9664210081e-01
-1.0922898054e+00
-3.8428733349e+00
-2.4759042263e-01
7.8047138453e-01
5.5484563112e-01
7.9277211428e-01
2.2610573769e+00
9.1545236111e-01
9.4286811352e-01
4.2510601878e-01
5.0073158741e-01
-2.7776341438e+00
7.6509634964e-03
-4.5624938607e-01
-1.0548312664e+00
-2.8039741516e+00
-8.6974507570e-01
-1.0632392168e+00
4.5765182376e-01
-1.5502864122e+00
-1.5426520109e+00
-1.8218646049e+00
-4.6748250723e-02
-7.3808908463e-01
-1.0354003906e+00
-3.3059394360e+00
2.0291297436e+00
1.1373283863e+00
6.8691188097e-01
1.1770819426e+00
-1.0721617937e+00
-4.6130082011e-01
-1.2026082277e+00
-7.1000003815e-01
1.5636529922e+00
5.7968688011e-01
-2.5081849098e-01
2.0383801460e+00
1.0970079899e+00
-2.1881887689e-02
-7.8658694029e-01
-9.8693299294e-01
6.1618453264e-01
1.3519855738e+00
3.4140107036e-01
9.0330973268e-02
-1.7842358351e+00
-2.2968935966e+00
-2.4284257889e+00
-1.3223387003e+00
-8.0674403906e-01
1.8465272188e+00
-3.4041506052e-01
-1.8305343390e+00
5.7278734446e-01
2.7169971466e+00
1.9222078323e+00
-1.0090238601e-01
7.6978802681e-01
6.1314332485e-01
-4.3874189258e-01
1.0595655441e+00
-2.1222323179e-01
-1.8945093155e+00
-1.0594433546e+00
-1.1057122946e+00
2.5037360191e+00
5.2262854576e-01
1.3107161522e+00
1.3254371881e+00
3.9591665268e+00
-1.1712493896e+00
-1.7250866890e+00
-2.4467587471e+00
1.0979350805e+00
-1.0585560799e+00
2.5883890688e-02
-3.1329533458e-01
-1.1774377823e+00
-1.4369874001e+00
-5.5119866133e-01
1.9751922786e-01
1.7644354105e+00
3.6072671413e-01
9.7156757116e-01
5.6592875719e-01
3.2876243591e+00
3.0028524995e-01
7.3339599371e-01
3.2238650322e-01
-6.5525025129e-01
2.1768712997e+00
2.0373775959e+00
-2.1068042517e-01
-9.1730678082e-01
-2.3450438976e+00
2.9280880094e-01
-1.8355332315e-01
4.0786981583e-01
1.8645168841e-01
-2.0930588245e+00
3.3018655777e+00
1.0945042372e+00
-8.4474611282e-01
-4.9592480063e-01
8.7988102436e-01
4.8254041672e+00
6.8702268600e-01
9.6531257033e-02
6.1739814281e-01
1.1011840105e+00
-3.4645327926e-01
-9.1864860058e-01
9.2615383863e-01
1.4948669672e+00
6.2758553028e-01
3.2860434055e-01
7.9470920563e-01
1.3300546408e+00
-4.2093181610e-01
-3.7786939144e+00
-8.9937931299e-01
1.3075965643e+00
2.2501597404e+00
1.1345542669e+00
1.6314269304e+00
-2.3540987968e+00
8.0012392998e-01
2.3823974133e+00
-1.1745759249e+00
-2.2940509319e+00
-9.6626386046e-02
-1.2513980865e+00
-8.8876891136e-01
-7.1022766829e-01
-1.5447226763e+00
-4.0141806602e+00
-2.6016005874e-01
1.3995395899e+00
2.4136801064e-01
-6.5918695927e-01
-1.4218868315e-01
4.1464614868e-01
5.5977064371e-01
-2.3923149109e+00
-1.6684788465e+00
3.6729198694e-01
-7.3649030924e-01
1.7854444683e-01
1.5528880358e+00
2.8433513641e+00
-6.1855143309e-01
-1.5389144421e+00
-8.3613854647e-01
-2.4641177058e-01
7.5002026558e-01
-7.7691954374e-01
-1.0390698910e+00
-2.2175008059e-01
7.7901190519e-01
3.3716163039e-01
1.5968120098e+00
5.7378888130e-02
3.5465347767e-01
3.8591688871e-01
7.5909417868e-01
1.8144317865e+00
2.4097244442e-01
-4.3915105052e-03
3.8798284531e-01
5.1198744774e-01
9.2527914047e-01
1.4068686962e+00
-1.0374016762e+00
3.1388473511e-01
-2.6601369381e+00
-3.8014164567e-01
-2.6205199957e-01
-9.3924485147e-02
-3.2828929424e+00
-2.3085727692e+00
6.7888993025e-01
-3.5089018941e-01
2.9817038774e-01
-5.7904547453e-01
-4.8798890114e+00
-2.4774721265e-01
2.1000056267e+00
-2.5875476003e-01
-1.5218617916e+00
-1.2439373732e+00
1.1919603348e+00
-4.3002538383e-02
1.3070566654e+00
9.4777262211e-01
1.6924965382e+00
1.2303582579e-01
4.1723772883e-01
1.4056507349e+00
5.2192282677e-01
-8.4558820724e-01
-6.0647106171e-01
2.3390340805e-01
3.2398188114e-01
-1.8327073753e-01
-1.3776248693e+00
5.6320893764e-01
-5.6627160311e-01
-5.4507291317e-01
-1.7803078890e-01
-1.1663954258e+00
1.2523711920e+00
1.5442734957e-01
-1.9710377455e+00
-5.0210833549e-01
2.6062228680e+00
-1.2896106243e+00
4.2849054933e-01
3.8317203522e-01
-4.0329369903e-01
1.3469801843e-01
-1.6453815699e+00
6.0693526268e-01
-5.4384237528e-01
-1.0074117184e+00
-1.4300206676e-02
-2.1153613925e-01
-5.0843268633e-01
1.1599700153e-01
5.4191416502e-01
3.3594281673e+00
-5.0843042135e-01
-1.6226253510e+00
1.3795536757e+00
-6.6478008032e-01
3.1898977757e+00
-1.9434891641e-01
3.4071144462e-01
7.5266575813e-01
-2.2336225510e+00
-3.1765286922e+00
8.6003965139e-01
-1.2621598244e+00
-1.1995916367e+00
2.7257665992e-01
-1.3565713167e+00
7.9150962830e-01
1.1949772835e+00
5.0278622657e-02
6.4891463518e-01
-2.0635895431e-01
5.5043816566e-01
7.7456063032e-01
1.6637416184e-01
-7.5155448914e-01
-4.3409419060e+00
9.3480437994e-01
-9.8880809546e-01
-5.2821373940e-01
5.9908270836e-01
7.4109941721e-02
-2.4949397147e-01
5.4424381256e-01
5.7287383080e-01
-2.5198197365e-01
-2.1404581144e-02
-1.6083841324e+00
7.6010531187e-01
5.9645789862e-01
9.1135511175e-03
-1.9910342991e-01
2.0700020790e+00
1.2610815763e+00
-7.3417800665e-01
-1.5598531067e-01
2.7647626400e+00
1.3683546782e+00
7.7223557234e-01
-2.4236613512e-01
-4.5606106520e-01
2.4187226295e+00
9.6435546875e-01
1.1101958752e+00
-2.2627961636e+00
-3.6446685791e+00
-2.3059101105e+00
-2.1615330875e-01
9.3322381377e-02
-1.4809677005e-01
-3.6793351173e-01
-5.6351226568e-01
3.6646252871e-01
2.9850679636e-01
2.3529233038e-01
1.2863612175e+00
2.0740013123e+00
1.9013211727e+00
2.9092020988e+00
1.5774860978e-01
-2.2935602665e+00
-3.0077786446e+00
3.3806383610e-01
1.0206843615e+00
-7.5713646412e-01
-4.6991759539e-01
9.3885743618e-01
6.2024481595e-02
2.4607942998e-01
-9.8937022686e-01
2.5863146782e+00
6.3344693184e-01
1.3708148003e+00
1.2616591454e+00
-5.6795483828e-01
-1.8681768179e+00
-3.5911264420e+00
-2.4690272808e+00
-6.0977403075e-02
3.8128420711e-01
5.5048424006e-01
6.3044065237e-01
5.6415766478e-01
2.5598523021e-01
3.1582102180e-02
-3.1356006861e-02
-1.2298165560e+00
4.3103539944e-01
3.1552550197e-01
-8.1937864423e-02
2.6495629549e-01
3.2974457741e+00
1.2022503614e+00
-8.3795523643e-01
-1.8499550642e-03
1.7364096642e+00
6.2198400497e-01
2.3034379482e+00
-1.8896728754e+00
-1.8666550517e-01
9.1460460424e-01
4.8640389442e+00
1.2171373367e+00
-1.1557538062e-01
-4.8343533278e-01
4.9396768212e-01
3.9357862473e+00
-4.4345736504e-01
-9.3279331923e-01
1.5191452503e+00
2.4777700007e-01
1.7832396030e+00
-1.2174012661e+00
-2.0415232182e+00
-1.1934317648e-01
-9.3798530102e-01
-2.0324428082e+00
5.5320239067e-01
-4.6945968270e-01
-5.0593119860e-01
2.2248940468e+00
6.4790616035e+00
-8.4787023067e-01
-5.1674395800e-01
-9.8587673903e-01
1.1990134716e+00
8.1887573004e-01
4.6430346370e-01
-2.0884560049e-01
4.5114022493e-01
2.5055172443e+00
4.3718352318e+00
1.4571574330e-01
2.3359789848e+00
9.3843609095e-01
-1.9252797365e+00
-2.4528498650e+00
1.1745809317e+00
-1.4323055744e-01
-7.4084281921e-01
-5.3274637461e-01
-1.0596411228e+00
-8.5161274672e-01
8.2195264101e-01
1.7360085249e-01
-1.6444841623e+00
-2.2569243908e+00
-1.5995172262e+00
8.5345309973e-01
-3.1433317065e-01
7.0270138979e-01
2.0525178313e-01
-5.2574807405e-01
1.5779820681e+00
-1.2110458612e+00
-5.9685158730e-01
-1.0314517021e+00
1.7024735212e+00
-1.5060611069e-01
-7.2950816154e-01
-2.8607934713e-01
2.3451747894e+00
1.0802084953e-01
5.7121169567e-01
-2.2656917572e-01
3.2567235827e-01
2.6365349293e+00
3.8855001330e-01
-7.6951235533e-02
7.3377542198e-02
-1.2486479282e+00
-2.3500711918e+00
-8.7443691492e-01
-8.4871780872e-01
3.1055504084e-01
-8.8186794519e-01
7.5915580988e-01
-9.2940181494e-01
-1.9989445806e-01
1.4358851314e-01
-9.8853254318e-01
-4.4341683388e+00
-2.0535261631e+00
3.5664284229e-01
5.5784779787e-01
-8.2574419677e-02
-2.7893495560e-01
-8.8481891155e-01
-8.7514561415e-01
-4.5148012042e-01
-2.8727087379e-01
4.4803458452e-01
1.5062540770e+00
1.6262248755e+00
1.0580809116e+00
8.2052046061e-01
-4.1431422234e+00
1.2330657244e+00
1.1074588299e+00
-1.9391678274e-02
1.6205270290e+00
1.3357820511e+00
6.9923305511e-01
-3.4408882260e-01
-5.2699637413e-01
7.1239089966e-01
3.3212394714e+00
1.4523867369e+00
5.4819160700e-01
-9.1196823120e-01
4.7078233957e-01
1.0168536901e+00
1.1738011837e+00
-6.0791939497e-02
-9.3590945005e-02
2.9957563877e+00
8.8111610413e+00
2.0155577660e+00
7.8282159567e-01
-3.3649381995e-01
7.4339592457e-01
8.4781289101e-01
1.8276517391e+00
6.7158377171e-01
9.0094745159e-01
1.5964241028e+00
1.6683987379e+00
-2.6519451141e+00
-1.1767872572e+00
-4.7056001425e-01
-6.1471473426e-02
1.0585855246e+00
-4.5080289841e+00
7.5106549263e-01
-1.1077377796e+00
9.0702809393e-02
-2.3132834435e+00
-1.3967894316e+00
-2.3897879124e+00
-5.1597607136e-01
-9.6105879545e-01
-6.3152241707e-01
-3.2413027287e+00
7.4623245001e-01
-1.6067695618e+00
1.8547196388e+00
-1.6821711063e+00
2.2043869495e+00
7.4948608875e-01
-1.1510740221e-01
8.7758547068e-01
7.0890641212e-01
-2.7324030399e+00
1.2913129330e+00
-1.2903677225e+00
2.0437644422e-01
1.3573929071e+00
-2.3323567212e-01
-1.9082204103e+00
-1.5522668362e+00
-2.2722969949e-01
1.7875367403e-01
-1.0407911539e+00
1.7682715654e+00
2.3181884289e+00
2.7606649399e+00
2.3220303059e+00
3.5652270913e-01
2.2079138756e+00
2.6993903518e-01
4.9796763062e-01
1.1720214039e-01
-2.6211552620e+00
8.8002122939e-02
-2.6063156128e+00
6.0592055321e-01
-4.2138190269e+00
-1.6765631437e+00
-1.5322220325e+00
-5.6413006783e-01
-1.2123777866e+00
-1.9428364038e+00
5.4273718596e-01
-1.1757966280e+00
-2.1539394557e-01
5.7417279482e-01
1.4657419920e+00
-2.2415168285e+00
-1.2008648366e-01
-1.1366469860e+00
1.2202856690e-01
-6.7176043987e-01
1.9727822393e-02
6.9502937794e-01
1.0306121111e+00
7.2837904096e-02
3.6568626761e-01
-2.7517948151e+00
-3.0764350295e-01
-1.3756010532e+00
-8.0903160572e-01
-5.2482414246e+00
-8.9100700617e-01
2.5836104155e-01
-2.0026695728e-01
-6.1319500208e-01
-2.4800987244e+00
-2.6124107838e-01
-2.5734934807e+00
-1.5850201845e+00
-2.7934005260e+00
-1.4958159924e+00
-6.8225008249e-01
2.9749197960e+00
-9.4995343685e-01
8.1325161457e-01
-8.1161850691e-01
1.1991069317e+00
-8.1830620766e-01
-4.5730128884e-01
2.7992841601e-01
-2.5489805266e-02
4.2967334390e-02
-1.3267703056e+00
-1.0802494287e+00
-1.0640783310e+00
-1.1557351798e-01
-1.6477217674e+00
1.1624474525e+00
1.5828907490e-02
2.1472845078e+00
1.2147551775e+00
1.1253149509e+00
1.1395136118e+00
3.1375098228e-01
2.0913333893e+00
1.3816514015e+00
-2.5744206905e+00
8.1633264199e-03
-2.7961361408e-01
-4.2831042409e-01
-5.9459847212e-01
-4.5046772957e+00
4.2279478908e-01
-1.0883628130e+00
-9.1084975004e-01
-2.8848047256e+00
1.2235654593e+00
3.2952508330e-01
1.8260107040e+00
-2.0124374330e-01
2.3058907986e+00
1.8182902336e+00
-7.3706194758e-02
-1.7591580153e+00
-1.0033743829e-01
-1.4120328426e-01
2.9556488991e+00
6.4815002680e-01
5.2316218615e-01
-2.7667167783e-01
-7.9946056008e-02
1.2795581818e+00
-5.9580790997e-01
1.1435190439e+00
1.3545584679e+00
2.8623480797e+00
9.3743264675e-01
-9.4708967209e-01
-7.6382601261e-01
-8.6956292391e-01
-1.5272991657e+00
1.6975604296e+00
1.0695651770e+00
3.3393296599e-01
6.7712545395e-01
-2.9716029763e-01
6.6516149044e-01
-1.0248216242e-01
-1.1032999754e+00
5.4606729746e-01
4.6917769313e-01
1.2221635580e+00
2.0289249420e+00
5.8029013872e-01
4.3641203642e-01
-1.2048187256e+00
2.2107188702e+00
-8.3002036810e-01
-4.6519643068e-01
-2.9693749547e-01
-9.7613328695e-01
1.8774898052e+00
2.8685715795e-01
5.0717657804e-01
-9.2133790255e-01
-1.2756242752e+00
-2.6513924599e+00
2.1961016655e+00
-3.9076977968e-01
1.0838735104e+00
-6.8841189146e-01
-1.2764990330e-01
1.8201110363e+00
1.5514006615e+00
1.5438541174e+00
1.0828212500e+00
1.3166792393e+00
-3.6029744148e+00
7.2814261913e-01
-6.1862391233e-01
7.3584628105e-01
-2.3574943542e+00
4.4359439611e-01
-1.6452226639e+00
-2.1952937543e-01
-3.8267359734e+00
-7.1872645617e-01
-1.1286188364e+00
2.8365746140e-01
-2.9219248891e-01
6.4026981592e-01
3.4100494385e+00
-8.0237962306e-02
1.0041315556e+00
7.6588936150e-02
-1.0587756336e-01
-2.5940680504e+00
3.2797553539e+00
-1.0856211185e+00
1.7221292257e+00
-1.3966760635e+00
1.2803432345e-01
1.2492810488e+00
2.5620584488e+00
1.5352259874e+00
1.3772268295e+00
-2.8087143898e+00
3.0250179768e-01
-1.4075031281e+00
7.5117135048e-01
-2.9932603836e+00
-1.3109234571e+00
-6.7618608475e-01
2.8130918741e-01
3.2216104865e-01
1.1427975893e+00
-1.6642740965e+00
-1.4359403849e+00
-9.1013431549e-01
-6.9450992346e-01
-1.8907449245e+00
-2.7738659382e+00
2.4416697025e-01
-2.5835940838e+00
2.4719053879e-02
-3.1190750599e+00
1.9242182970e+00
4.8850080371e-01
1.8836693764e+00
2.3203697205e+00
2.0292680264e+00
-1.9195778370e+00
-1.6482470930e-01
-2.4705522060e+00
-1.9749484062e+00
-3.9747972488e+00
-1.5201045275e+00
5.0812327862e-01
-1.8168168068e+00
1.5984114408e+00
-1.1094963551e+00
-1.8836950064e+00
-5.4892003536e-01
-6.8357175589e-01
8.9630119503e-02
-1.6688026190e+00
6.1321187019e+00
-4.1232913733e-01
2.7269105911e+00
-7.4728631973e-01
1.5778356791e+00
6.1207258701e-01
-5.1435995102e-01
-7.0319896936e-01
-1.1731381416e+00
-6.2747299671e-01
1.8808090687e+00
1.2600792646e+00
-7.8259117901e-02
2.6611547470e+00
-5.1950033754e-02
1.2148189545e+00
8.9501582086e-02
1.8981432915e+00
-2.6733475924e-01
1.1444948912e+00
-1.0271822214e+00
-4.5928132534e-01
-8.6800992489e-01
7.4405276775e-01
6.5491539240e-01
-9.9300421774e-02
2.5665476322e+00
1.2811036110e+00
4.6365223825e-02
1.0111773014e-01
-1.3523275852e+00
-8.0713653564e-01
-3.1859789044e-02
-9.0312153101e-02
-3.2818987966e-01
-2.4843308926e+00
8.4742599726e-01
2.4997646809e+00
8.9383488894e-01
2.1195750237e+00
-5.5782371759e-01
5.5810332298e-01
1.2328747511e+00
1.0588963032e+00
2.7182194591e-01
1.9274821281e+00
-1.2972395122e-01
1.7252372503e+00
1.6491194069e-01
1.5703334808e+00
7.7650743723e-01
-6.1366254091e-01
2.6676097512e-01
1.5890905857e+00
-1.4615547657e-01
1.2822286785e-01
-1.0569864511e+00
-1.0394036770e-01
-4.8665449023e-01
-9.1879487038e-02
-1.6611720324e+00
-1.3959940672e+00
-1.5121349692e-01
-1.7762268782e+00
-1.0939311981e+00
-5.0125402212e-01
1.1282460690e+00
-2.0554794371e-01
-9.6423172951e-01
-4.1658296585e+00
-1.1419832706e+00
-1.8368607759e-01
-8.3991569281e-01
-1.9092730284e+00
-9.8493707180e-01
-2.9032203555e-01
-1.6741667986e+00
6.6624540091e-01
1.5507345200e+00
2.5101232529e+00
1.6100499630e+00
9.3888390064e-01
-4.9601918459e-01
-6.1155718565e-01
-2.0301771164e-01
-5.0382888317e-01
-8.7289854884e-02
5.2862721682e-01
1.3749313354e+00
2.9184427261e+00
6.3430994749e-01
1.3133463860e+00
-2.1280397475e-01
9.7216528654e-01
2.5546140671e+00
-5.4810887575e-01
-1.4247087240e+00
-9.2296391726e-01
4.8837599158e-01
9.6417653561e-01
8.9461612701e-01
-9.8997461796e-01
-2.4994118214e+00
-4.2671841383e-01
2.7365279198e+00
-2.8067870140e+00
-2.2988936901e+00
-6.5106904507e-01
3.0305979252e+00
5.3926482201e+00
1.5086123943e+00
1.0337538272e-01
-1.9446862936e+00
-3.1023259163e+00
-1.3924930096e+00
1.0817877054e+00
1.7293009758e+00
1.2359743118e+00
8.3953636885e-01
-7.7387207747e-01
-4.5746526122e-01
1.7914193869e+00
1.6758544445e+00
1.6162266731e+00
-2.6408967376e-01
2.6271617413e+00
2.3079118729e+00
6.5712845325e-01
1.3951076567e-01
1.9699038267e+00
1.6422091722e+00
1.6599254608e+00
3.6739310622e-01
-1.0099787712e+00
2.2393076420e+00
-1.1429290771e+00
-1.3549580574e+00
-1.2974257469e+00
-1.7426495552e+00
-1.4573979378e+00
1.4372496605e+00
-1.0170036554e+00
-1.3210381567e-01
-7.2871446609e-01
-2.9011645913e-01
2.2900764644e-01
3.5523965955e-01
-1.2324215174e+00
-1.5275745392e+00
-1.3676880598e+00
3.4761469364e+00
6.7079156637e-01
2.7513170242e-01
-9.2377185822e-01
-2.6511067152e-01
5.3332817554e-01
1.2461504936e+00
1.2674764395e+00
-3.9155641198e-01
-4.0621948242e+00
9.5636785030e-01
-4.2804902792e-01
-1.1198929697e-01
3.2111316919e-01
1.3790742159e+00
4.3671255112e+00
2.9090633988e-01
-2.1073429585e+00
-1.4597538710e+00
1.7102446556e+00
8.2859390974e-01
-1.8171000481e-01
1.6164478660e-01
2.0552167892e+00
2.0270817280e+00
-3.6851521581e-02
-9.3465799093e-01
5.4442530870e-01
5.8657473326e-01
1.6083058119e+00
-1.9688519239e+00
-9.1466397047e-01
1.0928294659e+00
5.1335889101e-01
-1.4103867114e-01
-1.2693074942e+00
-3.6653249264e+00
-1.7797670364e+00
-1.2016954273e-01
1.5154947042e+00
1.6339330375e-01
2.2577977180e-01
3.2752990723e-01
1.3104019165e+00
7.4453848600e-01
5.5448585749e-01
2.7668721676e+00
1.7319936752e+00
-1.2989799976e+00
-3.1914598942e+00
-4.2505961657e-01
2.9232358560e-02
3.9457403123e-02
-2.2793855667e+00
-4.2207450867e+00
-2.5168232918e+00
-7.8216469288e-01
-9.8125910759e-01
-1.0912048817e+00
5.2563136816e-01
2.4649240971e+00
2.7148959637e+00
1.7622590065e+00
5.8575594425e-01
6.9522452354e-01
2.5394412875e-01
-1.0492383242e+00
-4.3408012390e-01
4.7966295481e-01
1.6869945526e+00
2.2298040390e+00
6.8507857621e-02
-1.1625258923e+00
-9.0216791630e-01
9.1245859861e-01
-7.9134690762e-01
1.9031301141e-01
1.0119466782e+00
-9.2247480154e-01
-5.1562771797e+00
3.2414011955e+00
3.4426941872e+00
1.0878767967e+00
-1.5430078506e+00
-2.9089264870e+00
2.6499781013e-01
-7.0068740845e-01
-7.5770574808e-01
-1.3437820971e-01
6.4410489798e-01
-3.3305423260e+00
-9.5153135061e-01
1.4564083889e-02
3.0890494585e-01
-1.4839636087e+00
-2.0581994057e+00
-9.0261316299e-01
-3.9641955495e-01
-1.9303917885e-01
-7.0726037025e-01
1.3344755769e-01
8.0438661575e-01
-6.4330261946e-01
-6.5958350897e-01
1.9134094715e+00
1.1546339989e+00
5.2969253063e-01
1.7158076763e+00
7.1651750803e-01
3.8297644258e-01
-1.6212719679e+00
-8.1571495533e-01
5.4210364819e-01
-4.4319519401e-01
-5.9777891636e-01
1.0654020309e+00
1.4926723242e+00
6.7464888096e-01
7.3642827570e-02
-2.4165768623e+00
1.2284324169e+00
8.6815339327e-01
2.0280375481e+00
9.8416119814e-01
1.8774794042e-01
-3.1858007908e+00
-2.9058256149e+00
-2.2579550743e+00
-1.0217868090e+00
2.0400660038e+00
-1.0074839592e+00
9.4105422497e-01
1.4256223440e+00
-1.7039631605e+00
-2.4255669117e+00
-1.4929475784e+00
6.4976346493e-01
5.6369644403e-01
-1.6889160872e-01
-7.4058288336e-01
-1.4302178621e+00
1.0974037647e+00
4.8984414339e-01
-1.5906714201e+00
-1.0073757172e+00
9.1364902258e-01
-2.1673846245e+00
-6.8771326542e-01
-1.3772737980e+00
-2.7703713626e-02
7.0819234848e-01
-9.4477698207e-02
-4.5111098886e-01
-2.5187641382e-01
1.2421066761e+00
4.0774106979e-01
-4.8348262906e-01
-1.0145071745e+00
-8.7081134319e-01
-1.7619351149e+00
1.0370773077e+00
1.9036482573e+00
1.2832877636e+00
1.3840163946e+00
1.7289127111e+00
3.7459141016e-01
-2.0583054423e-01
-1.9923845530e+00
-1.1103584766e+00
-1.5398075581e+00
1.6433110237e+00
2.5320966244e+00
-1.3636259735e-01
-1.6971525550e-01
-1.0477213860e+00
1.7901242971e+00
1.4186596870e+00
7.9692536592e-01
1.2816855311e-01
-2.9102835655e+00
-1.0938079357e+00
4.0692719817e-01
6.4923226833e-01
-8.3224165440e-01
1.3139915466e+00
-9.6732574701e-01
-5.5465567112e-01
-5.7734125853e-01
-1.6666799784e+00
-2.1332004070e+00
2.2165791988e+00
2.2916762829e+00
1.2680043280e-01
1.4896892309e+00
4.3439011574e+00
-1.5432078838e+00
-1.7916681767e+00
-1.3234077692e+00
-1.5453312397e+00
-1.5019589663e+00
1.7900379002e-01
4.0644694120e-02
3.9902898669e-01
-1.6901923716e-01
3.2244722843e+00
-1.6724532843e+00
7.1396088600e-01
1.3421617746e+00
-4.4847551733e-02
-1.0107914209e+00
2.4066360295e-01
1.3528640270e+00
1.5667594969e-01
-1.5008856356e-01
-3.3351260424e-01
9.1539436579e-01
-1.3405593112e-02
-3.7854948640e-01
-1.8746492863e+00
1.1501196623e+00
1.7882746458e-01
2.8680403233e+00
1.2756589651e+00
-4.6132203937e-01
-7.8814178705e-01
-1.0611233711e+00
1.3806738853e+00
1.3563506603e+00
4.1239443421e-01
-5.4214191437e-01
1.0872722864e+00
1.7345097065e+00
7.8971958160e-01
6.3080511987e-02
1.8616713285e+00
-5.1812992096e+00
-1.0237336159e+00
-4.3447279930e+00
-3.6128205061e-01
-5.9572696686e+00
-1.6005059481e+00
-4.6904878616e+00
-4.5842769742e-01
-2.1073906422e+00
-1.4860385656e-01
-9.3451631069e-01
-8.7290358543e-01
-1.0141195059e+00
5.3863698244e-01
-9.2805832624e-01
-3.0878078938e+00
7.7788360417e-02
-2.7787845135e+00
-1.3654726744e-01
-1.6217983961e+00
8.7287437916e-01
6.4081037045e-01
7.0780313015e-01
1.6388353109e+00
2.4263013154e-02
-1.4799385071e+00
-1.9647818804e-01
-8.6739253998e-01
2.4366138875e-01
-2.2038695812e+00
6.5981423855e-01
1.7003462315e+00
1.2836352587e+00
4.2965793610e-01
4.6832850575e-01
-7.9353922606e-01
-1.4367476106e-01
-2.3725533485e+00
-6.5143752098e-01
-2.4531998634e+00
1.7384155989e+00
-1.2431094646e+00
9.6979498863e-01
6.4972436428e-01
2.3055999279e+00
-2.4014518261e+00
-4.0627911687e-01
-2.0180587769e+00
-1.0614109039e+00
-2.3578517437e+00
-1.0219950676e+00
1.1818057299e+00
-1.7353097200e+00
1.0280486345e+00
-2.1504197121e+00
-2.8319354057e+00
-8.3229291439e-01
-1.0116959810e+00
8.0991357565e-01
7.8494471312e-01
1.3148884773e+00
-1.4398429394e+00
9.5920199156e-01
-1.8379861116e+00
-9.2304356396e-02
7.1953064203e-01
-1.5082824230e+00
1.5596004725e+00
2.8916704655e-01
1.6903876066e+00
-1.5929329395e+00
8.4580111504e-01
-1.7807877064e+00
-1.1076261103e-01
-2.4103786945e+00
-8.4262067080e-01
2.0341448784e+00
-1.5909723043e+00
9.1343092918e-01
-1.9125568867e+00
1.2143446207e+00
1.1349846125e+00
1.2097272873e+00
1.6612577438e+00
1.6144113541e+00
-1.6083568335e+00
1.7574108839e+00
-7.5560724735e-01
3.1704291701e-01
-2.6654624939e+00
-2.3231196404e+00
8.6136871576e-01
-1.1303414106e+00
2.5119576454e+00
-3.2050094604e+00
2.1010806561e+00
2.1836067736e-01
-1.2447507381e+00
-2.6058201790e+00
1.1269737482e+00
1.9391248226e+00
5.1046508551e-01
1.1105108261e+00
8.9475005865e-01
1.0137448311e+00
-3.7775685787e+00
-5.9188479185e-01
-1.2536531687e+00
4.5394864678e-01
-1.2090710402e+00
-6.8554902077e-01
-7.1972543001e-01
-1.2679685354e+00
5.2792525291e-01
-9.9530893564e-01
1.2787100077e+00
1.0924614668e+00
2.5119113922e+00
1.2856878042e+00
3.3081896305e+00
1.0566617250e+00
1.9276796281e-01
8.3170354366e-01
6.7553341389e-01
1.2351261377e+00
4.4493360519e+00
1.1656210423e+00
1.5822967291e+00
-1.6763329506e+00
2.2204620838e+00
-1.2551554441e+00
4.3617345393e-02
-1.4185422659e+00
-1.2009643018e-01
-1.3577736616e+00
1.3092499971e+00
-4.0659472346e-01
-7.8482294083e-01
-2.5862057209e+00
-4.8937368393e-01
-6.7697477341e-01
-1.1909180880e+00
-1.8755671382e-01
3.3692932129e-01
2.2865037918e+00
6.2293714285e-01
4.9255242944e-01
5.0777232647e-01
1.0711164474e+00
6.2451475859e-01
1.8436962366e+00
1.4293811321e+00
-7.8397922218e-02
-8.9571380615e-01
-1.1970515251e+00
-3.7774326801e+00
-4.4135916978e-02
-3.4520864487e+00
1.1791163683e+00
-5.0767815113e-01
8.4015887976e-01
-1.2626714706e+00
-1.3973190784e+00
-1.2477498055e+00
-2.6755437255e-02
-1.5700036287e+00
-7.0242971182e-02
-1.1426768303e+00
1.5554395914e+00
8.3049929142e-01
5.0566971302e-01
1.5095747709e+00
-1.8123891205e-02
1.9743245095e-02
-1.1049091816e-01
-4.5083918571e+00
1.5897772312e+00
-1.1241300106e+00
3.2745058537e+00
-1.7305824757e+00
-1.0882356763e-01
4.8057429492e-02
3.6461558938e-01
-4.8389989138e-01
8.1123310328e-01
3.2491904497e-01
-1.1764566898e+00
-9.4268220663e-01
-1.4424091578e+00
-6.0522758961e-01
7.0915943384e-01
5.2309644222e-01
1.1571913958e+00
1.1759157181e+00
1.0140359402e+00
-1.7523972690e-01
-5.0750881433e-01
1.4385632277e+00
4.0570813417e-01
6.4094501734e-01
-8.7680834532e-01
8.3998805285e-01
-1.3559747934e+00
6.8317061663e-01
-1.1793565750e+00
-2.1002748013e+00
1.8131507635e+00
-1.0354826450e+00
1.9008611441e+00
-3.1084470749e+00
2.3825612068e+00
-3.9590752125e+00
4.4917491078e-01
-1.9967120886e+00
5.5615472794e+00
-1.4901113510e+00
3.1426262856e-01
-7.5590008497e-01
4.7703787684e-01
-2.4859995842e+00
-4.5293504000e-01
-3.0481940508e-01
1.3905955553e+00
-7.8364918008e-03
1.0459082127e+00
-9.9208843708e-01
-1.4181466103e+00
5.1801180840e-01
-8.1318342686e-01
7.8236794472e-01
6.5997046232e-01
7.3557525873e-01
-1.1884480715e+00
9.7780042887e-01
-5.4320043325e-01
-3.5975810885e-01
-2.9763171077e-01
5.1089555025e-01
1.5590072870e+00
4.9154946208e-01
-1.0944787413e-01
1.8259128928e-01
-1.1007397175e+00
6.6371822357e-01
5.8026826382e-01
-1.0703346729e+00
-1.6062424183e+00
-2.4749071598e+00
3.0885946751e-01
-2.9533591270e+00
2.8239738941e-01
1.7947095633e+00
-5.8491122723e-01
1.6025950909e+00
-7.6657372713e-01
1.8952939510e+00
-1.8949350119e+00
1.8919929266e+00
-2.9372024536e+00
2.1593394279e+00
-2.2950406075e+00
-8.9247524738e-01
-1.9773145914e+00
-1.6240830421e+00
-5.5221652985e+00
-2.6235222816e+00
-1.4272006750e+00
-2.4270894527e+00
-1.1386307478e+00
-1.7897645235e+00
1.3691852093e+00
-1.4701578617e+00
4.4078627229e-01
-2.5705485344e+00
-1.3778004646e+00
-3.6771461964e+00
-1.4519995451e+00
-3.4639554024e+00
-3.7875588983e-02
-4.1533708572e+00
1.0050970316e+00
5.0129622221e-01
3.9845475554e-01
-3.7369775772e-01
-1.1607711762e-01
-1.0952565670e+00
3.0754491687e-02
-9.6898287535e-01
2.5469093323e+00
-1.0318479538e+00
3.9588854313e+00
-2.9830789566e+00
1.4297119379e+00
-2.4897389412e+00
2.0708117485e+00
4.7607529163e-01
6.3775312901e-01
1.8322747946e+00
-1.6130116582e-01
-3.8200592995e-01
-2.0302301645e-01
-9.0404456854e-01
-4.1179129481e-01
-2.9429771900e+00
-7.7723616362e-01
-1.1909657717e+00
-2.0371525288e+00
-1.2080885172e+00
-5.8870786428e-01
-2.5294208527e-01
-1.0739767551e+00
6.3419735432e-01
1.0033782572e-01
1.1948812008e+00
-1.1215064675e-02
1.6490421295e+00
-2.4532575607e+00
2.4643461704e+00
-3.5211634636e+00
3.0826804638e+00
1.1430580616e+00
6.3852763176e-01
1.6259251833e+00
2.0511384010e+00
1.5072649717e+00
-9.6294474602e-01
-1.0911157131e+00
-1.7367711067e+00
-6.3219046593e-01
-3.6974241734e+00
3.8792151213e-01
-5.4401350021e-01
2.0341324806e+00
-2.2075887024e-01
3.2960125804e-01
1.0825178623e+00
-2.2581932545e+00
-5.6906205416e-01
-1.2381669283e+00
-1.3370720148e+00
-2.0601286888e+00
1.0295634270e+00
-1.0702373981e+00
6.3895076513e-01
-1.7077006102e+00
-1.1522668600e+00
9.1424471140e-01
1.5709335804e+00
2.0625922680e+00
5.7516056299e-01
-1.1798193455e+00
1.7881058455e+00
1.0920368433e+00
-3.2082551718e-01
2.3630933762e+00
3.8216865063e+00
-2.3496010900e-01
3.1383171678e-01
-1.8052330017e+00
-2.2783392668e-01
-1.7407765388e+00
9.5663440228e-01
5.9179168940e-01
1.8119372129e+00
1.2450513840e+00
1.3113436103e-01
-3.0137071386e-02
1.4890043065e-02
-7.5003623962e-01
1.0418139696e+00
-1.1461955309e+00
-4.5040500164e-01
-1.0528601408e+00
2.5922450423e-01
-3.4746155739e+00
-3.9873754978e+00
-3.1364343166e+00
-2.3212158680e+00
-2.5634441376e+00
-8.5079556704e-01
1.3530434109e-02
7.2653603554e-01
8.7858587503e-01
-5.5881989002e-01
-6.3464778662e-01
-1.2415804863e+00
-6.2006700039e-01
-1.3123242855e+00
-3.6926865578e-01
-2.7165812254e-01
1.0052984953e+00
5.6813919544e-01
1.2906086445e+00
1.5055318177e-01
1.5199135542e+00
1.1437654495e+00
-2.2763922811e-01
-1.0155455768e-01
-1.5473529100e+00
-2.3389494419e+00
3.0145595074e+00
8.6461400986e-01
-3.3212134242e-01
-4.2263165116e-01
-3.3985598087e+00
1.7984051704e+00
-1.3890446424e+00
-1.0757449865e+00
-1.0703713894e+00
-2.6558830738e+00
2.3038698733e-01
1.6073199511e+00
-5.3076064587e-01
1.3678344488e+00
1.4407614470e+00
1.7108112574e+00
7.4288308620e-01
9.7695879638e-02
-2.1525807381e+00
-5.0848871469e-01
3.0267398357e+00
-3.0264882371e-02
6.5708410740e-01
-4.0601578355e-01
3.1158626080e-01
-1.3613692522e+00
3.7099954486e-01
-5.0147879124e-01
6.2415438890e-01
3.6170959473e-01
1.6935758591e+00
-4.2842659354e-01
1.9265216589e+00
1.2779381275e+00
2.7520980835e+00
-2.1397211552e+00
-7.9939484596e-01
3.8201528788e-01
-1.7778271437e-01
-5.7213079929e-01
-9.6838414669e-01
-8.9151299000e-01
-7.4520933628e-01
-1.6163761616e+00
-1.6864200830e+00
3.9060294628e-01
2.8688442707e+00
3.0534427613e-02
3.6606237292e-01
-1.3122148514e+00
-5.1373118162e-01
1.0392187834e+00
-9.1349470615e-01
3.9255104959e-02
-8.3228224516e-01
-9.4887560606e-01
-1.4778469801e+00
-5.1691085100e-01
-1.2745969296e+00
-2.8962130547e+00
8.7978649139e-01
2.3296873569e+00
2.8318278790e+00
2.3461687565e+00
3.3149693012e+00
3.5627099872e-01
-1.3288608789e+00
-1.9693672657e+00
-1.1013942957e+00
-3.0392973423e+00
3.2743480802e-01
5.6188708544e-01
1.2659777403e+00
1.0961791277e+00
3.9292707443e+00
-1.7063791752e+00
-3.9815037251e+00
-2.1541886330e+00
-2.7289183140e+00
4.5518603921e-01
-1.3877661228e+00
-4.0122479200e-01
-8.1066220999e-01
-3.4483766556e-01
-1.6925646067e+00
-3.5635006428e-01
-2.1401965618e+00
-1.7030466795e+00
-1.7204388380e+00
-2.6660482883e+00
3.1111321449e+00
-7.3317989707e-02
1.4707106352e+00
2.6573184133e-01
4.5788969994e+00
1.3173182011e+00
1.0434136391e+00
1.3253930807e+00
1.4131553173e+00
2.8350725770e-01
-2.8148076534e+00
5.8817899227e-01
7.4774694443e-01
8.8528877497e-01
2.6392498016e+00
8.2932877541e-01
-1.4201512337e+00
1.2516320944e+00
1.3134646416e-01
-5.8272296190e-01
-1.4645485878e+00
5.0501143932e-01
-9.6682512760e-01
1.1274808645e+00
-5.4531711340e-01
5.3134387732e-01
-1.3063894510e+00
1.4391428232e+00
1.0371953249e+00
1.3584744930e+00
4.9435850233e-02
-1.0463593006e+00
-1.6422985494e-01
1.8890984356e-01
-1.0143690556e-01
1.5840716362e+00
8.3188444376e-01
7.0868849754e-01
2.3968431950e+00
3.2156777382e-01
-2.1623275280e+00
-8.7602084875e-01
-1.8889845610e+00
8.4785670042e-02
-2.8131929040e-01
2.2155387402e+00
-1.0049600601e+00
2.0469386578e+00
-8.1665265560e-01
-5.0933331251e-01
-1.1788780689e+00
2.1681350470e-01
1.6295138001e-01
-1.1721812934e-01
-2.2477717698e-01
-1.0426608324e+00
-1.7082935572e+00
-1.3064852953e+00
-1.0029611588e+00
-1.5650590658e+00
4.9604767561e-01
-3.4930780530e-01
-1.4443243742e+00
-8.0423337221e-01
-1.0282951593e+00
3.6104733944e+00
2.7319279313e-01
1.6895699501e+00
2.0869405270e+00
2.3662254810e+00
1.0291424394e-01
-5.0045347214e-01
-1.3696250916e+00
-8.2667183876e-01
-1.9257394075e+00
1.0249453038e-01
-7.5396025181e-01
6.9543427229e-01
2.6905706525e-01
9.4881749153e-01
1.2719741464e-01
-1.0514419079e+00
-1.1206012964e+00
-4.5108973980e-01
-3.0983746052e+00
1.3503810763e-01
-5.4443448782e-01
-1.6805425882e+00
2.1994986534e+00
-8.5789144039e-02
-4.5259651542e-01
-2.9778304696e-01
-1.1615004539e+00
-5.7643014193e-01
-1.9869041443e-01
-2.4231295586e+00
-1.7957341671e+00
-2.2361085415e+00
-2.9245769978e-01
-1.2121116370e-01
-2.0505623817e+00
1.4134184122e+00
-1.4453080893e+00
8.4636551142e-01
-3.5716693401e+00
1.2802169323e+00
7.6359981298e-01
3.5705757141e-01
8.4491187334e-01
2.1930281818e-01
1.6986608505e+00
9.9797439575e-01
8.9303863049e-01
2.1218246222e-01
-8.7915539742e-01
1.2500138283e+00
-1.0445219278e+00
-8.3212006092e-01
-8.5166203976e-01
1.1030472815e-01
-1.0521981716e+00
-8.6090236902e-01
-1.1816837639e-01
-1.2271606922e+00
-1.3991470635e-01
1.3834073544e+00
1.3989781141e+00
2.2199244499e+00
3.6355168819e+00
3.0109331012e-01
1.2430791855e+00
2.1695225239e+00
1.6597368717e+00
2.3552982807e+00
1.9761912823e+00
3.7563779950e-01
7.6884913445e-01
1.1072062254e+00
8.0084317923e-01
-8.3788543940e-01
1.0619919300e+00
7.5028836727e-01
1.6142984629e+00
1.7504760027e+00
-6.0609135777e-02
-5.9073944092e+00
4.2972329259e-01
-1.4112478495e+00
1.5083639622e+00
-1.5561488867e+00
1.9145318270e+00
1.7925667763e+00
1.8984005451e+00
1.3612663746e+00
2.9057431221e+00
-4.2578452826e-01
-2.6511805058e+00
-1.2138392925e+00
-9.9767279625e-01
-1.2262295485e+00
1.0022203922e+00
-4.1672601700e+00
-1.2241187505e-02
-2.6801092625e+00
9.4437098503e-01
7.9061585665e-01
4.0735727549e-01
-8.4446096420e-01
-7.9874658585e-01
-1.3688963652e+00
7.1773695946e-01
-1.1053476334e+00
1.3976908922e+00
-1.9639055729e+00
2.3199882507e+00
-1.5929740667e+00
-1.6385170817e-01
1.6731525958e-01
2.5491204858e-01
7.4285024405e-01
1.0880246162e+00
-1.4002093077e+00
2.7090930939e-01
-1.6738031805e-01
9.5617234707e-01
1.4020684958e+00
8.5590131581e-02
-1.4185490608e+00
-1.5243626833e+00
4.8480877280e-01
-1.3286610842e+00
4.4417840242e-01
3.4064278007e-01
2.0851461887e+00
4.5939316750e+00
2.6166934967e+00
8.7628827896e-04
7.2674202919e-01
-6.6779929399e-01
4.6606725454e-01
1.0604341030e+00
-2.2909162045e+00
1.0141782761e+00
-4.6992902756e+00
1.0535455942e+00
-2.8924565315e+00
-1.7731010914e+00
-8.9932799339e-01
-1.3738608360e+00
-1.7029562593e-01
1.1330863088e-01
1.4932760000e+00
1.9226533175e-01
5.5133080482e-01
3.9847859740e-01
7.2181391716e-01
-8.9717936516e-01
3.5396945477e-01
-2.0259675980e+00
1.8506251574e+00
6.8887251616e-01
6.6169571877e-01
9.3584364653e-01
7.4579298496e-01
-2.1538041532e-01
1.2852568626e+00
-1.6893064976e+00
-1.1898364127e-01
-4.6020283699e+00
-5.2201527357e-01
2.6212365627e+00
-2.7956870198e-01
3.8360193372e-01
-1.5769318342e+00
-2.4554485455e-02
6.1541306973e-01
-8.7462174892e-01
-1.7381953001e+00
-2.1605694294e+00
-3.7748188972e+00
6.1589288712e+00
-9.0929239988e-01
2.9298174381e+00
-5.7109081745e-01
3.0199444294e+00
1.4493831396e+00
1.5714190006e+00
-3.9156487584e-01
9.2198193073e-02
1.2626490593e+00
1.8187488317e+00
1.0842641592e+00
-1.0233196020e+00
-1.1464203596e+00
2.6224511862e-01
1.4803149700e+00
-7.8789442778e-01
8.0186355114e-01
4.1329196095e-01
4.0700740814e+00
6.6807293892e-01
7.2135603428e-01
1.2532031536e+00
1.0211266279e+00
3.3395986557e+00
-1.7005023360e-01
-7.2600275278e-01
2.3568876088e-01
1.8931564689e-01
-3.3758661151e-01
6.4229071140e-01
-4.2870831490e+00
-7.9676550627e-01
-2.5719795227e+00
-4.4307997823e-01
-2.3178495467e-01
1.6600226164e+00
1.5455453098e-01
2.7182419300e+00
-1.3971441984e+00
-3.1215596944e-02
1.9953110218e+00
8.0582451820e-01
-1.1594946384e+00
-2.0247375965e+00
3.1258645654e-01
1.2888721228e+00
6.9079147652e-03
5.0352610648e-02
-1.6174020767e+00
-7.0015275478e-01
1.0485664606e+00
5.1542258263e-01
1.0664384365e+00
1.0920808315e+00
-6.1960816383e-01
8.0929982662e-01
-1.9508489966e-01
-6.3514924049e-01
4.3528039008e-02
5.1684820652e-01
1.5645858049e+00
4.8648321629e-01
1.9710227847e-01
1.9790327549e-01
4.4500651956e-01
8.5535144806e-01
-7.4305927753e-01
-1.3706028461e+00
7.1816116571e-01
2.0628371239e+00
1.0161179304e+00
1.5361963511e+00
-1.8808554113e-01
-2.4538215995e-01
8.4189331532e-01
1.3530189991e+00
2.0150727034e-01
5.9315428138e-02
-2.8577801585e-01
-7.8137399396e-04
5.5288177729e-01
4.7305794433e-03
2.4213580787e-01
-9.5290702581e-01
1.9506938457e+00
-2.2559900284e+00
1.2264877558e+00
-1.2108961344e+00
1.3668328524e+00
4.5775642991e-01
-2.2340292111e-02
1.0569450855e+00
1.0526614189e+00
1.8023644686e+00
-3.1119003296e+00
1.4877417088e+00
-1.8090294600e+00
2.9433280230e-01
-3.3063452244e+00
1.2231098413e+00
-2.2819557190e+00
-1.8468578160e-01
-3.2347006798e+00
7.7854865789e-01
-6.3192212582e-01
6.0048028827e-02
-7.5748652220e-02
1.8854457140e-01
-8.1415913999e-02
-4.4637429714e-01
7.6039338112e-01
-5.8675307035e-01
3.6326053739e-01
-1.9405198097e+00
5.7303709984e+00
-1.3088196516e+00
3.2911021709e+00
-1.0341447592e+00
3.2427885532e+00
5.2098482847e-01
-7.7428710461e-01
-9.8934805393e-01
1.1244069338e+00
3.0385477543e+00
1.9228482246e+00
-1.8762179613e+00
8.3939170837e-01
-2.0746493340e+00
8.2917672396e-01
-1.0559145212e+00
-5.5715657771e-02
-4.0277495980e-02
2.4004907906e-01
-6.0697954893e-01
-9.5036542416e-01
-1.2515257597e+00
-1.4840877056e+00
-1.9721114635e+00
-1.2193973064e+00
1.2500344515e+00
-1.5053846836e+00
3.6627927423e-01
-3.9997036457e+00
1.2398413420e+00
7.6552969217e-01
8.3093458414e-01
8.0019426346e-01
1.4829466343e+00
3.0677876472e+00
5.4502820969e-01
-2.4368913174e+00
-7.3583120108e-01
-3.9122431278e+00
-6.4638411999e-01
2.5582690239e+00
-4.8231008649e-01
1.2841335535e+00
-1.0382652283e+00
3.1470117569e+00
1.5606238842e+00
7.4916511774e-01
5.4533743858e-01
-1.3302427530e+00
1.3196561337e+00
1.7008240521e-01
4.2546939850e+00
5.7295050472e-02
3.2785639763e+00
-1.5394188166e+00
1.8226951361e+00
9.4078773260e-01
4.1283255816e-01
-5.9240370989e-01
-2.8765320778e-01
1.1134064198e+00
1.1601034403e+00
8.9630907774e-01
7.9126560688e-01
3.2368080616e+00
1.2186598033e-01
4.5644116402e-01
-3.4840095043e-01
2.2214958668e+00
7.5685787201e-01
2.1209990978e+00
-3.7169045210e-01
7.1808911860e-02
5.9903109074e-01
4.3994030952e+00
1.1261318922e+00
-1.1812341213e+00
-1.5478509665e-01
2.6344540715e-01
-4.6195802093e-01
8.9655524492e-01
-1.0702087879e+00
-2.9212889075e-01
-9.4026976824e-01
1.6434363127e+00
1.1929987669e+00
1.2447459996e-01
1.8804250658e-01
2.4734017849e+00
2.7466015816e+00
9.4268232584e-01
4.5780795813e-01
6.3422507048e-01
4.2129489779e-01
8.4398788214e-01
2.0973477364e+00
2.2819705009e+00
4.3713861704e-01
9.2752075195e-01
-9.5142120123e-01
1.6067850590e+00
1.6172186136e+00
1.0962191820e+00
-3.7697505951e-01
1.6713494062e+00
-1.1527005434e+00
-1.5844962001e-01
-7.3866471648e-02
-3.6566743255e-01
-2.4126043320e+00
-3.9529359341e-01
-8.4693424404e-02
-1.3946102858e+00
-3.3094686270e-01
-1.4039087296e+00
4.3715000153e-01
7.8186625242e-01
4.5040929317e-01
-1.3260588646e+00
-1.7669523954e+00
2.5623437762e-01
-1.8081251383e+00
-1.8916025162e+00
-2.6391198635e+00
-3.3764295578e+00
1.3460348845e+00
7.4722003937e-01
1.2893327475e+00
8.1537467241e-01
1.1880061626e+00
-1.0818818808e+00
-6.9154053926e-01
-5.5095863342e-01
-1.2982841730e+00
-1.1085759401e+00
-1.4238332510e+00
1.5103639662e-01
-6.5145581961e-02
-5.5149161816e-01
4.3788682669e-02
-2.9988592863e-01
1.9959802628e+00
2.6460895538e+00
1.2088146210e+00
-8.9216671884e-02
-7.7616550028e-02
1.1771764755e+00
4.0235361457e-01
1.1512197256e+00
3.4811394215e+00
3.2373075485e+00
9.1532057524e-01
7.1502223611e-02
2.3809501529e-01
1.3440885544e+00
-2.6879186630e+00
-8.4373682737e-01
-1.6869559884e-02
5.2788555622e-02
-2.7416643500e-01
1.3223783970e+00
-1.8926700950e-01
-1.7757527828e+00
-9.7123873234e-01
-6.9113922119e-01
-3.4355613589e-01
2.2018432617e-01
-5.0828635693e-01
-1.0180625916e+00
-1.1374549866e+00
-2.9841721058e+00
-1.7967152596e+00
-2.0211951733e+00
-7.9647421837e-01
1.6590923071e+00
1.7534347773e+00
1.6863690615e+00
1.4224777222e+00
2.1828200817e+00
1.2645372152e+00
1.4115875959e-01
4.9443331361e-01
9.5799016953e-01
6.6079050303e-01
1.7531200647e+00
1.5608271360e+00
2.5581347942e+00
2.2203457355e+00
1.6206896305e+00
1.8087092638e+00
1.6589993611e-02
-1.2102578878e+00
-5.0731867552e-01
-1.2611103058e+00
-3.9339864254e-01
1.9123334885e+00
-2.1318328381e-01
-1.0888679028e+00
-1.1191312075e+00
-1.5085932016e+00
7.2479909658e-01
-6.2778311968e-01
-1.1206740141e+00
-1.1166714430e+00
-1.5778572559e+00
8.5708791018e-01
1.8502317369e-01
3.0145895481e-01
-8.7287420034e-01
-2.2932918072e+00
2.7866859436e+00
1.2892830372e+00
-2.6970797777e-01
1.1222699881e+00
1.4688277245e+00
3.0533416271e+00
1.3141212463e+00
1.2433004379e+00
6.4267396927e-01
2.2020933628e+00
5.0741690397e-01
1.2296142578e+00
1.4855699539e+00
1.0927766562e+00
6.5768420696e-01
6.9921356440e-01
2.0118571818e-01
4.4705355167e-01
2.9281911850e+00
2.6176481247e+00
-2.3689420223e+00
-5.8404856920e-01
4.2970952392e-01
-4.9111199379e-01
-7.0682281256e-01
-1.1206723005e-01
-1.7439395189e+00
-1.6832188368e+00
-2.0158140659e+00
1.5347710252e-01
1.3206572533e+00
1.0606750250e+00
1.2837516069e+00
-4.2766812444e-01
-2.8954737186e+00
-5.1873378456e-02
1.2003905773e+00
1.6506128311e+00
-1.0078661442e+00
-1.2704530954e+00
-1.0897134542e+00
-1.0789941549e+00
-1.7245913744e+00
-3.7652480602e+00
-6.2121324539e+00
1.4077881575e+00
5.8109092712e-01
1.4674685001e+00
3.3307766914e+00
2.9456448555e+00
9.9916577339e-02
6.0834413767e-01
8.9944154024e-01
7.3062598705e-01
-1.1258833408e+00
1.1046906710e+00
2.2376945019e+00
1.4530144930e+00
1.6561290026e+00
2.2010800838e+00
-3.2093495131e-01
-1.0050477982e+00
-3.2318301201e+00
-5.6429255009e-01
2.1405935287e+00
-2.1092092991e+00
-5.6665986776e-01
-8.9914572239e-01
-1.7095927000e+00
-1.8364067078e+00
9.6101069450e-01
-8.4469562769e-01
-8.4165698290e-01
-8.8521867990e-01
-1.3398069143e+00
6.0702252388e-01
1.6479058564e-01
-4.1950118542e-01
4.2883092165e-01
2.0110661983e+00
8.3070075512e-01
7.3428016901e-01
1.2251450866e-01
-3.4090459347e-01
-7.0214349031e-01
-2.3491122723e+00
6.7027962208e-01
7.9562407732e-01
1.0027004480e+00
1.9061365128e+00
7.5828063488e-01
4.6257144213e-01
4.5431983471e-01
1.1748106480e+00
4.5461612940e-01
-1.8356841803e+00
2.0227311552e-01
-5.3251419216e-02
4.8693889380e-01
-7.2411441803e-01
-2.8748339415e-01
5.4334747791e-01
7.1142464876e-01
-4.7264915705e-01
-1.0426591635e+00
-5.5095243454e-01
-5.3743058443e-01
1.0534562171e-01
-1.8663811684e+00
-3.3934595585e+00
8.1655037403e-01
4.0156906843e-01
1.4884493351e+00
8.2443970442e-01
-2.0569298267e+00
2.2660169601e+00
-1.2451380491e+00
-7.4601286650e-01
5.3521645069e-01
-3.4273600578e-01
-7.5253479183e-02
1.4125714302e+00
4.4408667833e-02
-2.2354464531e+00
-2.4706881046e+00
4.4445967674e-01
1.5603127480e+00
1.8794671297e+00
7.1255588531e-01
7.0068031549e-01
-1.5813701153e+00
-2.0800957680e+00
-2.2574758530e+00
-1.9273347855e+00
-1.3157640696e+00
1.4579360485e+00
3.0807362869e-02
-2.3945016861e+00
-1.0472609997e+00
1.1400316954e+00
2.5177764893e+00
1.8122565746e+00
1.6921442747e+00
2.5664393902e+00
1.9169185162e+00
5.6170560420e-02
-9.4258141518e-01
-8.3695274591e-01
-1.6261818409e+00
-1.8011918068e+00
1.2135511637e+00
1.5382821560e+00
3.0419954658e-01
2.2903048992e+00
3.9654905796e+00
4.1549786925e-01
-8.4624910355e-01
-1.4482737780e+00
-1.9648365676e-01
1.3145083189e-01
3.7168398499e-01
-1.3735442162e+00
-3.7806320190e-01
2.5332906842e-01
-2.9755255580e-01
1.4297035933e+00
2.5755412579e+00
1.9893987179e+00
1.1465756893e+00
-1.6116477549e-01
5.2586948872e-01
-4.7164151073e-01
-7.9474997520e-01
9.0110087395e-01
4.9794068933e-01
1.9239121675e+00
5.3556072712e-01
7.4405586720e-01
-9.2025119066e-01
-4.5950365067e+00
1.4361715317e+00
1.7963172495e-01
9.4924938679e-01
7.6000815630e-01
-4.9778646231e-01
1.8920992613e+00
3.3495159005e-04
2.3824426532e-01
3.0511814356e-01
1.1571684480e-01
2.6509280205e+00
1.1808246374e+00
-1.9736763835e-01
1.3271645308e+00
1.2858331203e+00
4.5321352780e-02
-8.8521158695e-01
-1.3051743507e+00
-1.1650879383e+00
-8.6453920603e-01
4.3545070291e-01
1.5562384129e+00
2.5401530266e+00
1.2868120670e+00
-1.0304319859e+00
-3.8496017456e-01
2.0119223595e+00
2.2714650631e+00
2.5808579922e+00
2.5511295795e+00
-3.1490716338e-01
1.9484364986e+00
2.2884216309e+00
8.6522740126e-01
-8.1026655436e-01
-6.3097351789e-01
-2.8725877404e-01
1.7564482987e-01
-1.8342930079e-01
-4.2485442758e-01
-2.1673331261e+00
2.6357194781e-01
4.2513924837e-01
-2.7146071196e-01
2.7514623478e-02
2.2725610733e+00
7.2918039560e-01
1.1080925465e+00
-7.3229156435e-02
-1.6988337040e-01
1.0486812592e+00
1.4427466393e+00
-2.8649407625e-01
-7.9704427719e-01
-1.9675525427e+00
1.9686494768e-01
4.1736353189e-02
-1.3994048536e-01
8.5206158459e-02
6.2890708447e-01
-1.6112238169e+00
1.6240901947e+00
1.7422845364e+00
1.5943684578e+00
8.9443165064e-01
1.2065966129e+00
1.3777707815e+00
1.6878186464e+00
2.0907781124e+00
2.3541464806e+00
-1.6099288464e+00
-3.9006700516e+00
-4.8956041336e+00
-4.4619803429e+00
-1.6734529734e+00
-1.0270113945e+00
-3.1814990044e+00
-3.4658467770e+00
-4.1314334869e+00
-1.5181938410e+00
1.5563858747e+00
1.3883779049e+00
-1.8906932324e-02
-2.7377408743e-01
2.8434369564e+00
-9.2224991322e-01
-2.2247824669e+00
-1.1823431253e+00
-1.7476490736e+00
-8.1506478786e-01
-1.8596072197e+00
-1.5568867922e+00
-2.5222389698e+00
-2.2927215099e+00
-1.9949122667e+00
1.8401494026e+00
1.4347133636e+00
2.0874290466e+00
1.9102554321e+00
2.5747165680e+00
9.4014048576e-02
2.2952826023e+00
3.4251360893e+00
4.8219647408e+00
1.8497877121e+00
5.7408207655e-01
1.4180223942e+00
1.3343658447e+00
5.0405490398e-01
-7.8409612179e-01
1.3767030239e+00
2.3309938908e+00
2.7451705933e+00
2.3488404751e+00
1.5277231932e+00
-1.2360177040e+00
-2.3004875183e+00
-3.8604052067e+00
-2.9534151554e+00
-1.7333843708e+00
7.6542747021e-01
-1.3703893125e-01
1.7580265179e-02
-2.7624154091e-01
7.1387803555e-01
-3.1820699573e-01
-6.1322313547e-01
-6.6158014536e-01
-9.9223375320e-01
4.5498337597e-02
8.4346669912e-01
-2.1636839211e-01
-1.1201552153e+00
-9.5070016384e-01
6.7399752140e-01
-2.0597479343e+00
-1.8366720676e+00
-1.1394566298e+00
-8.0111783743e-01
-1.0415287018e+00
-5.2124118805e-01
2.3972764015e+00
1.6841956377e+00
2.2580852509e+00
7.5577104092e-01
7.7108192444e-01
-7.3096930981e-01
-2.8079273701e+00
-2.7394692898e+00
9.4630086422e-01
-2.1806235611e-01
-1.2465437651e+00
-2.9956072569e-01
7.5828507543e-02
-1.6086977720e-01
-6.2325745821e-01
1.6366178989e+00
2.0055654049e+00
2.2232680321e+00
1.6396167278e+00
-5.8530944586e-01
8.5963851213e-01
2.1096134186e+00
1.0289859772e+00
-2.2736029625e+00
-5.2436619997e-01
-1.1429039240e+00
-1.4129754305e+00
-5.6193524599e-01
2.2527305782e-01
1.5544086695e-01
-9.2376202345e-01
-7.6815706491e-01
-2.6785151958e+00
-1.9628990889e+00
5.4499286413e-01
-4.2332378030e-01
1.0792602301e+00
-4.4956925511e-01
-5.9370517731e-01
3.8528963923e-01
3.1048645973e+00
3.9673924446e+00
1.4729300737e+00
-6.0486680269e-01
-5.9595853090e-01
5.3237080574e-01
1.8099292517e+00
2.0033347607e+00
2.7318134308e+00
4.1051304340e-01
1.9313135147e+00
3.2353339195e+00
1.6299375296e+00
1.3771598339e+00
-4.8003572226e-01
-2.1054053307e+00
-4.6445975304e+00
-3.1365008354e+00
-1.5083655715e-01
2.2771849632e+00
-4.6138226986e-01
-1.9498556852e+00
-1.4596185684e+00
-8.8817238808e-02
4.8602840304e-01
3.0301697254e+00
4.9119939804e+00
5.9429440498e+00
1.6940618753e+00
-1.1147198677e+00
1.8293876648e+00
1.9050343037e+00
1.4977266788e+00
1.5902286395e-02
-1.2553254366e+00
-3.7005379200e+00
-5.5836496353e+00
-5.0182952881e+00
-5.8482927084e-01
7.7585089207e-01
7.8106409311e-01
8.3581155539e-01
1.1186251640e+00
1.5554602444e-01
-1.3035324216e-01
-2.4807153642e-01
-5.9011751413e-01
1.8785084784e-01
-2.3877184391e+00
2.5311930180e+00
2.0919754505e+00
1.1742571592e+00
9.4419133663e-01
1.4741667509e+00
7.2608733177e-01
2.8612744808e-01
6.2856036425e-01
6.1587387323e-01
1.0827567577e+00
1.7619089782e-01
-1.4386074543e+00
-2.1197829247e+00
-2.3169457912e+00
-1.0840492249e+00
-1.8644784689e+00
-1.9119372368e+00
-1.5887508392e+00
-1.8783063889e+00
5.9482466429e-02
-3.9877948165e-01
-5.9464102983e-01
-4.3815946579e-01
-1.0636328459e+00
-1.4350317717e+00
-7.6951928437e-02
1.3981846571e+00
1.1964215040e+00
8.0692094564e-01
-1.2599389553e+00
-2.3075046539e+00
-3.6333802342e-01
-1.3448134661e+00
-8.0563974380e-01
-8.9657694101e-01
3.2218980789e-01
4.9352195859e-01
5.0811856985e-01
1.3425704837e-01
-1.7338496447e+00
-1.3388869762e+00
-1.1201982498e+00
-1.0802366734e+00
1.2892936170e-01
-7.3092293739e-01
-5.5356633663e-01
-6.1887615919e-01
-6.3430905342e-01
1.2019858509e-01
1.1695439816e+00
6.4201533794e-01
-1.7690991163e+00
-3.1214525700e+00
-2.8514020443e+00
1.1368137598e+00
-1.2154642493e-02
-6.0918736458e-01
-5.3436905146e-01
-8.3331865072e-01
-8.5328698158e-02
3.1378212571e-01
7.4816215038e-01
1.7224799395e+00
2.0660374165e+00
1.1183844805e+00
8.1496185064e-01
1.2752084434e-01
2.6401120424e-01
-3.6650668830e-02
1.4355169535e+00
-1.2523679733e+00
-1.2484537363e+00
-1.4243792295e+00
-1.1399631500e+00
-9.5246964693e-01
1.7638015747e+00
1.1070609093e+00
1.3186268806e+00
2.2870986462e+00
5.3543257713e-01
-8.1587594748e-01
1.0284428596e+00
2.2332530022e+00
1.5187981129e+00
7.8992331028e-01
1.8442263603e+00
2.3911240101e+00
2.5595293045e+00
-5.0077933073e-01
-1.7206214666e+00
2.3052802682e-01
-1.3297159970e-01
1.5494839847e-01
-4.2446833849e-01
-1.0112665892e+00
1.5783183575e+00
3.2362118363e-01
-2.0993738174e+00
-1.6078960896e+00
-6.5908336639e-01
5.4179656506e-01
9.1463726759e-01
-1.0259952545e+00
-5.8760255575e-01
1.6870155334e+00
-5.9647928923e-02
2.0379183292e+00
2.4976840019e+00
1.5423201323e+00
-1.5418138504e+00
-1.5365623236e+00
-2.1681277752e+00
-3.2726418972e+00
-4.8971366882e+00
-1.3372716904e+00
-9.6624714136e-01
5.1049208641e-01
-1.0678502321e+00
-1.6331541538e-01
7.6097184420e-01
-1.2073234320e+00
8.1403911114e-01
8.9823317528e-01
9.8542612791e-01
9.7967904806e-01
-1.6208027601e+00
-1.4842839241e+00
-4.3152537942e-01
2.0366390049e-01
5.3371226788e-01
-1.0428317785e+00
7.1843646467e-02
-1.1846394539e+00
-2.2125067711e+00
-3.1541545391e+00
1.0107296705e+00
5.3505140543e-01
9.1156792641e-01
-1.2212673426e+00
-1.0984379053e+00
-1.3750282526e+00
-6.4284110069e-01
3.5746985674e-01
5.0708580017e-01
6.8204122782e-01
2.5550332069e+00
3.6812984943e-01
6.9188022614e-01
-6.4994536340e-02
1.1531528234e+00
-2.2364423275e+00
-8.4484577179e-01
1.1412439346e+00
3.2743206620e-01
9.4521653652e-01
-1.8252059221e+00
-5.9247058630e-01
-2.1468056738e-01
7.2385765612e-02
5.5180448294e-01
1.0067378283e+00
4.3411138654e-01
-2.5823393464e-01
-3.5698118806e-01
-1.2889976501e+00
-1.6137782335e+00
6.3126927614e-01
-1.4810512066e+00
-2.5474274531e-02
-1.3575344086e+00
7.4135333300e-01
-9.7639894485e-01
1.8509392738e+00
-7.0407229662e-01
1.8356373310e+00
-2.9815583229e+00
-3.6823675632e+00
-4.0413622856e+00
-2.2814962864e+00
-1.3559186459e+00
2.2570779324e+00
1.1551429033e+00
-1.7301844060e-01
6.4487653971e-01
-1.7962542772e+00
-1.4880245924e+00
1.3048744202e+00
-2.4034160376e-01
6.0182686895e-02
2.3441177607e-01
-5.8161134720e+00
-1.2225852013e+00
6.3412553072e-01
3.3625304699e-01
8.9150345325e-01
1.7768501043e+00
6.8433147669e-01
-3.6863544583e-01
1.8925377727e-01
2.6933290958e+00
-9.8549425602e-01
-8.4594082832e-01
9.5408961177e-02
8.7231320143e-01
6.4351272583e-01
-3.0358302593e-01
1.1061608791e+00
5.6000155210e-01
-5.2448493242e-01
-2.2208168507e+00
1.2210943699e+00
2.4320369959e-01
2.1964135170e+00
1.3181469440e+00
4.1845381260e-01
1.0196584463e+00
2.2000260353e+00
7.6087003946e-01
1.8324207067e+00
4.6217914671e-02
1.2144174576e+00
-7.7771261334e-02
1.5345255136e+00
6.9906497002e-01
1.9269198179e+00
1.6402823925e+00
1.2709474564e+00
8.8778203726e-01
1.9475547969e-01
-1.0456736088e+00
6.2438970804e-01
-5.2141129971e-01
1.7671253681e+00
-2.1904200315e-01
2.4379065037e+00
1.4415987730e+00
-8.3054643869e-01
-2.0893479884e-01
4.7442473471e-02
2.2072355449e-01
-2.0913867950e+00
1.6786822677e-01
9.2239457369e-01
8.7416797876e-01
2.0164276659e-01
1.5926796198e+00
3.5482075065e-02
-1.8926173449e-01
3.8751921058e-01
3.8012793660e-01
-9.3019020557e-01
-8.8641887903e-01
1.4144465923e+00
1.7165151834e+00
1.7149467468e+00
-7.4426716566e-01
-9.7066366673e-01
2.1137635410e-01
-9.0533763170e-01
-6.4464962482e-01
1.1097897589e-01
5.4702860117e-01
-1.0476943254e+00
1.4167790115e-01
-1.6662735939e+00
1.2756372690e+00
2.6672956944e+00
1.1823700666e+00
1.4847346544e+00
-2.9629322886e-01
4.6829948425e+00
1.5755434036e+00
-1.8994477391e-01
3.1744372845e-01
-6.4045321941e-01
-3.3038799763e+00
9.1724765301e-01
-1.0881029367e+00
1.8005620241e+00
2.2409811616e-01
9.8723351955e-01
2.9640540481e-01
3.7317284942e-01
7.9112374783e-01
1.8686710596e+00
1.7122207880e+00
-7.5030130148e-01
-1.5180392265e+00
-2.1531374454e+00
-2.7653176785e+00
5.7052809000e-01
6.7225313187e-01
-3.6249977350e-01
-1.1759989262e+00
-2.0134816170e+00
1.4586971998e+00
1.9148496389e+00
-1.4085345268e+00
1.1600379944e+00
2.1482281387e-01
9.9641615152e-01
1.5837562084e+00
-6.8606871367e-01
9.4989633560e-01
2.2844221592e+00
2.8103215694e+00
2.3901227117e-01
-7.0985180140e-01
-1.4434595108e+00
-2.9308364391e+00
-4.0419411659e+00
-1.2388955355e+00
3.8584825397e-01
8.3228784800e-01
8.7602549791e-01
-5.6162420660e-02
-4.4897946715e-01
-6.0785394907e-01
-6.0893923044e-01
-2.8330543041e+00
-1.0873485804e+00
3.9829675108e-02
-5.0483033061e-02
1.2151765078e-01
2.0036780834e+00
3.5048282146e-01
-1.5697430372e+00
-1.4004061222e+00
-1.8778356314e+00
1.9355063140e-01
-5.9822250158e-02
-2.6702895164e+00
1.1070139408e+00
-1.6345536709e+00
1.6914999485e-01
2.6251645088e+00
7.3140430450e-01
-1.3989594579e-01
-6.8535548449e-01
-9.0389537811e-01
3.2536377907e+00
7.7277493477e-01
2.3865213394e+00
3.6077058315e-01
2.6291205883e+00
-8.9212459326e-01
-7.2709530592e-01
-1.4965971708e+00
-6.2592118979e-01
-1.4193345308e+00
2.8018400669e+00
1.4719458818e+00
1.8297466040e+00
1.0389035940e+00
4.7985067964e-01
-1.7006082535e+00
-1.5210768580e-01
2.2082309723e+00
5.1251327991e-01
8.8056993484e-01
-2.2335183620e+00
-4.9998790026e-01
9.7399133444e-01
-3.0599566177e-02
1.6204105318e-01
2.2391249239e-01
-4.1277784109e-01
-9.1585534811e-01
-8.0586403608e-01
-2.3309044838e+00
2.7471655607e-01
-6.5133893490e-01
2.4174852669e-01
-6.0486924648e-01
4.0046882629e-01
2.1438684464e+00
3.9883884788e-01
-5.7720685005e-01
-1.2568821013e-01
-1.0245908499e+00
-9.4280415773e-01
8.7800610065e-01
-1.7102246284e+00
6.5810602903e-01
-5.7241439819e-01
-5.0686049461e-01
1.8844978809e+00
-1.5067374706e+00
7.2731721401e-01
1.5653817356e-01
8.3913385868e-01
-4.2867234349e-01
-2.8433388472e-01
-1.1266868114e+00
1.3880231380e+00
9.1816887259e-02
8.0542218685e-01
7.9274779558e-01
-1.0669552088e+00
-4.3307510018e-01
1.6669826508e+00
2.9490047693e-01
3.9720696211e-01
-1.4112304151e-01
1.4414412975e+00
3.4282598495e+00
1.1800760031e+00
4.7106447816e-01
-7.4344044924e-01
1.3670241833e+00
-5.1218640804e-01
-4.4289025664e-01
8.3565229177e-01
2.3665612936e-01
1.9230968952e+00
1.0195229053e+00
7.5140041113e-01
-4.6088650823e-01
-6.1088013649e-01
-1.2314449549e+00
2.6707362384e-02
-4.8943999410e-01
1.3200943470e+00
7.9377120733e-01
2.3819103241e+00
1.7932149172e+00
1.8138935566e+00
-2.8530165553e-02
-1.2078292370e+00
-9.7295397520e-01
9.5076245070e-01
1.3750076294e+00
-7.1251398325e-01
4.2241805792e-01
-1.4834243059e-01
3.2779190540e+00
3.4484657645e-01
2.7522248030e-01
-9.2228746414e-01
-1.0977939516e-01
2.7342760563e+00
1.4541336298e+00
-1.0206927061e+00
2.5692099333e-01
6.1661962420e-02
-1.8919245005e+00
1.8253320456e-01
1.9964442253e+00
1.0696111917e+00
1.9989827871e+00
-8.0640628934e-02
9.2898070812e-01
-7.3306870461e-01
3.7483701110e-01
8.1253826618e-01
-3.2201373577e-01
5.5215686560e-01
1.1263999939e+00
-6.8314559758e-02
2.5004031137e-02
8.9687061310e-01
-1.5581755638e+00
-2.2009847164e+00
-2.4481849372e-01
1.5746650696e+00
-7.3086178303e-01
-6.8315875530e-01
-5.1846438646e-01
-6.4400643110e-01
-1.5083472729e+00
3.3350365162e+00
1.1140261590e-01
3.0160965398e-02
4.0693655610e-01
3.2097556591e+00
3.9373476058e-02
6.8492239714e-01
1.5320794582e+00
9.4804185629e-01
8.4276717901e-01
-5.1046931744e-01
7.3866862059e-01
8.8966667652e-01
5.7758229971e-01
-2.1072220802e+00
3.4645674229e+00
1.1831057072e+00
1.6253236532e+00
1.0922766924e+00
7.1798986755e-03
1.9575726986e+00
-4.7536614537e-01
1.2009115219e+00
-7.5575691462e-01
-7.4518615007e-01
5.4333072901e-01
1.3482785225e+00
2.0198233426e-01
1.6622687578e+00
-3.4139101505e+00
5.1930576563e-01
9.5397019386e-01
-2.0486806333e-01
-5.8892846107e-01
-5.6855964661e-01
-2.1588165760e+00
-2.1318987012e-01
1.5227082372e-01
1.4916937798e-02
1.2530997992e+00
-1.4390543699e+00
-2.7208006382e+00
-2.7034730911e+00
-2.1276960373e+00
-7.3347800970e-01
-2.4582915306e+00
-2.5366404653e-01
-2.4257193506e-01
-9.1996157169e-01
-1.3623495102e+00
-1.0342065096e+00
-3.2257872820e-01
-1.9227230921e-02
-1.5243726969e+00
-4.6605257988e+00
3.6634228230e+00
9.6201050282e-01
1.2332292795e+00
-4.0323889256e-01
3.2016100883e+00
9.7159987688e-01
-9.5380085707e-01
-4.5368355513e-01
-3.7754991651e-01
-3.3192067146e+00
1.5941407681e+00
2.1076560020e-01
4.5830571651e-01
1.1046837568e+00
1.5786323547e+00
2.1188068390e+00
3.6208209395e-01
2.0769475400e-01
9.0366733074e-01
3.4561018944e+00
-6.9661676884e-01
1.2687430382e+00
-4.8970305920e-01
-4.0096884966e-01
3.8381459713e+00
-1.2451012135e+00
7.1607989073e-01
1.0489826202e+00
-6.5446096659e-01
1.4139276743e+00
-1.0283347368e+00
-1.1856873035e+00
-7.1833878756e-01
-9.2518937588e-01
-6.3351607323e-01
4.5767211914e-01
-7.9218757153e-01
-1.4921752214e+00
-1.0260550976e+00
-8.8667482138e-02
-2.1944440901e-02
1.6397109032e+00
1.2372481823e+00
-4.2142963409e-01
-3.4106731415e+00
-1.0062686205e+00
-2.1781463623e+00
-1.0659002066e+00
-4.7021752596e-01
-1.3352893591e+00
4.5357751846e+00
-1.9498144090e-01
1.0931607485e+00
6.2138444185e-01
1.3455574512e+00
-2.1149948239e-01
-8.4777897596e-01
-3.9683571458e-01
1.0643426180e+00
5.3965348005e-01
-2.9147129059e+00
8.2766515017e-01
9.2714250088e-02
-7.0285779238e-01
-2.8404220939e-01
5.6516206264e-01
3.1673355103e+00
2.3601708412e+00
1.3501219749e+00
1.7239052057e+00
-5.2183401585e-01
4.9476644397e-01
3.5127955675e-01
-4.0865197778e-01
-2.9217886925e+00
-1.6468558311e+00
-2.6164355874e-01
8.9428651333e-01
-1.2495702505e+00
-2.6828944683e+00
-8.5786086321e-01
9.4648492336e-01
1.6914781332e+00
1.3950982094e+00
1.2424894571e+00
-6.0413855314e-01
8.8309711218e-01
9.2937731743e-01
-4.5025366545e-01
-1.9858264923e+00
-4.6900814772e-01
3.6591563225e+00
1.8562934399e+00
6.3875049353e-01
-2.9634350538e-01
-1.7215501070e+00
-1.2933359146e+00
5.9999521822e-02
1.0049959421e+00
4.3110947609e+00
-4.4002971053e-01
8.0308610201e-01
1.2955403328e+00
-2.5068956614e-01
-1.1355667114e+00
1.6494331360e+00
-9.3419492245e-01
-7.2466182709e-01
5.3576791286e-01
2.1944544315e+00
-7.8272563219e-01
-4.4182902575e-01
-3.8449612260e-01
-4.3613013625e-01
-1.6230615973e-01
1.0807796717e+00
-6.7722964287e-01
-5.3247207403e-01
8.6810159683e-01
1.2037330866e+00
-3.5780758858e+00
6.2553167343e-01
-4.4303548336e-01
-4.4079773128e-02
7.8388983011e-01
1.2882487476e-01
-1.3444755077e+00
-1.6983712912e+00
-6.7626059055e-01
7.0364427567e-01
-6.9217580557e-01
-3.5880860686e-01
-1.9400553405e-01
4.5925778151e-01
4.8727110028e-02
-7.9392510653e-01
-1.5955600142e-01
-9.9909013510e-01
-7.2786033154e-01
7.5020933151e-01
1.2051755190e+00
-5.4794454575e-01
-4.2878963053e-02
4.8035693169e-01
-1.7095158100e+00
1.9233654737e+00
1.1114389896e+00
5.5553108454e-01
5.5604743958e-01
4.0250797272e+00
-1.3931360245e+00
-2.9609081745e+00
-1.8862917423e+00
-2.1171009541e+00
-5.8348619938e-01
-7.5240683556e-01
-1.8281258345e+00
-2.2687897682e+00
-8.4758274257e-02
2.0390272141e+00
3.5010153055e-01
1.6326353550e+00
2.4176425934e+00
9.9353957176e-01
2.1139047146e+00
-9.8353421688e-01
-1.1906371117e+00
-3.8174578547e-01
-1.3186383247e+00
-2.6173782349e+00
-9.1355615854e-01
1.5380268097e+00
8.4356987476e-01
3.1055292487e-01
-4.0192106366e-01
-2.1429378986e+00
1.9804598391e-01
1.1495205760e-01
4.3597456813e-01
8.9157080650e-01
2.2257080078e+00
1.3609032631e+00
3.1781988144e+00
3.3061707020e-01
-3.3105775714e-01
-1.2515534163e+00
-3.8449674845e-01
-1.2564753294e+00
3.8603836298e-01
2.1938066483e+00
-1.5735849142e+00
5.2664574236e-02
-5.4360032082e-01
-1.6109157801e+00
2.1152961254e+00
-1.1757768393e+00
2.5304394960e-01
1.4466972351e+00
-9.0585672855e-01
-2.8282752037e+00
1.1015223265e+00
1.6281938553e+00
1.3158313036e+00
2.1824762225e-01
-7.7609479427e-01
-9.6391934156e-01
-1.1928042173e+00
-3.5042059422e-01
-8.7534576654e-01
-4.4382953644e+00
3.2459096909e+00
8.4525287151e-01
1.3778306544e-01
5.6873995066e-01
3.8359758258e-01
-7.4448785745e-03
-6.0588979721e-01
3.4101575613e-02
-1.5019032955e+00
-1.3691372871e+00
1.2407370806e+00
3.2772538662e+00
6.4567101002e-01
-5.2028131485e-01
-3.3161087036e+00
7.7809408307e-02
3.8061317801e-01
-1.5865309164e-02
6.9036102295e-01
-1.1398199797e+00
-2.8289771080e+00
1.9311670959e-01
7.2315859795e-01
2.8238606453e-01
2.7903023362e-01
-5.2075338364e+00
-3.4338289499e-01
-2.2811271250e-01
-8.8550847769e-01
-1.4028859138e+00
-1.0010652542e+00
-2.4222037792e+00
-2.7093327045e+00
-3.2828041911e-01
1.0931813717e+00
-1.4588750601e+00
6.3014209270e-01
-2.0664253831e-01
7.6246654987e-01
-4.2474082112e-01
1.1812295914e+00
2.6223480701e+00
6.2694650888e-01
9.0727561712e-01
1.9889938831e+00
1.2953265905e+00
-1.2016512156e+00
-5.5220609903e-01
-2.7458140850e+00
-6.7997568846e-01
-8.1239193678e-01
-1.5088711977e+00
-9.6017122269e-01
-1.9329254627e+00
-6.9360488653e-01
-2.9245662689e+00
-2.2845430672e-01
-1.6629066467e+00
-2.0662058890e-01
-8.8519388437e-01
9.9651682377e-01
-1.1778565645e+00
1.6341189146e+00
-2.5809969902e+00
1.1501003504e+00
7.2477614880e-01
2.5890415907e-01
6.4688134193e-01
5.2870321274e-01
-1.0134183168e+00
1.7545721531e+00
2.3989133537e-01
1.6150907278e+00
2.2000572681e+00
1.8453731537e+00
6.5503340960e-01
5.1478201151e-01
-9.2318022251e-01
-5.2759319544e-01
-1.6706734896e-01
-1.1702250242e+00
-2.0481407642e+00
-1.5069584846e+00
-1.7016531229e+00
-4.2936035991e-01
-1.4781843424e+00
-1.1470547915e+00
-1.0587567091e+00
-1.0060316324e+00
4.4780692458e-01
1.7554730177e-01
-1.2369525433e+00
7.8768569231e-01
-3.6735904217e+00
1.2152698040e+00
-2.3497476578e+00
-2.8024891019e-01
-8.3235305548e-01
1.5468633175e-01
4.3921214342e-01
2.3191356659e+00
3.6864759922e+00
1.4229933023e+00
4.0416135788e+00
7.8649461269e-01
9.4726234674e-01
1.3578013182e+00
6.9749355316e-01
-3.2663387060e-01
1.3557351828e+00
-5.1264949143e-02
2.7685666084e-01
-2.9464897513e-01
7.2606003284e-01
8.3544880152e-01
-8.7531995773e-01
-1.2236484289e+00
-7.6106142998e-01
-4.0099530220e+00
-4.1253480315e-01
1.9566123486e+00
-1.3170209527e-01
-8.4119111300e-02
-2.2892296314e+00
2.1982643008e-01
6.2760484219e-01
4.5310875773e-01
1.8755397201e-01
-2.3932521045e-01
-1.1374047995e+00
3.7656738758e+00
-1.5401117504e-01
3.1396882534e+00
-6.2224245071e-01
3.8336899281e+00
2.9287349433e-02
-1.2884478271e-01
-1.3657662272e-01
6.8973326683e-01
1.7445729971e+00
2.1979570389e+00
1.8916192055e+00
5.7498133183e-01
8.2789975405e-01
6.9154167175e-01
1.5945975780e+00
-6.6975033283e-01
9.9076235294e-01
6.0830289125e-01
2.0884122849e+00
2.9018318653e+00
3.1605041027e+00
2.6196050644e+00
2.3854293823e+00
8.1019401550e-01
7.9518741369e-01
9.5332664251e-01
3.0165152624e-02
-4.0135526657e-01
-4.9550598860e-01
-4.3924242258e-01
-2.9209599495e+00
-8.1056946516e-01
-3.5503869057e+00
-1.5649421513e-01
2.0693328381e+00
1.0726392269e+00
4.1243016720e-01
6.5401151776e-02
-1.3051971197e+00
-1.0755308867e+00
1.5537953377e-01
-6.2295805663e-02
6.3175928593e-01
-9.0100979805e-01
-3.3959558010e+00
-1.4322721958e+00
-2.0394775867e+00
-1.4001243114e+00
-2.8676993847e+00
1.8713723421e+00
1.3310525417e+00
1.6086232662e+00
2.3550558090e+00
-3.7219010293e-02
4.9195003510e-01
1.2474976778e+00
-2.9130665585e-02
-5.6352996826e-01
-9.4815009832e-01
-3.2119733095e-01
-1.2003012896e+00
4.1956153512e-01
8.1173491478e-01
6.8355613947e-01
-3.6782579422e+00
-2.8125488758e-01
-1.6380889416e+00
1.4402616024e+00
1.1430926621e-01
-2.8802292347e+00
-1.6930292845e+00
1.2065762281e-01
-1.3498804569e+00
-6.9414269924e-01
9.4681477547e-01
-2.3130936921e-01
1.5910164118e+00
-5.8877581358e-01
1.3825232983e+00
-4.5553350449e-01
-1.3990302384e-01
-8.9042192698e-01
3.1842175126e-01
-7.9286652803e-01
-2.5580212474e-01
-1.2194651365e+00
-2.4049586058e-01
-1.6466208696e+00
-5.3662389517e-01
-2.3751051426e+00
-1.4828661680e+00
-8.5602891445e-01
-1.4596901834e-01
7.4429023266e-01
-2.2014765739e+00
3.5223242640e-01
-6.2727665901e-01
9.1458392143e-01
-3.0422224998e+00
-8.9823502302e-01
-1.7743099928e+00
-3.8459849358e-01
-2.9889719486e+00
5.4674744606e-01
-5.9772127867e-01
7.5027710199e-01
-1.5687519312e+00
-1.0602557659e+00
-6.7513060570e-01
-2.8338835239e+00
-1.1107385159e+00
-1.8883299828e+00
-1.6789358854e+00
-3.7964179516e+00
5.0319256783e+00
7.7467167377e-01
2.8208937645e+00
-4.6381825209e-01
1.6813588142e+00
1.5520379543e+00
-3.3893473148e+00
-2.0737615228e-01
-1.5065521002e+00
2.5067126751e+00
-6.8113410473e-01
-1.0565429926e+00
-3.6901643872e-01
-2.5255131721e+00
1.9906081259e-01
6.3977813721e-01
8.7324780226e-01
-2.3312053084e-01
9.8518306017e-01
2.5074273348e-01
-1.8360800743e+00
-2.0806632042e+00
-1.2916270494e+00
-1.8870873451e+00
2.7395704761e-02
-2.0584854484e-01
-4.1887718439e-01
2.1021999419e-01
-2.2684257030e+00
1.6236014366e+00
4.2343606949e+00
3.2797191143e+00
2.0116622448e+00
2.2598950863e+00
1.4650343657e+00
-1.7586767673e+00
-1.7453812361e+00
-1.8311371803e+00
-3.3767607212e+00
-5.4024559259e-01
-2.4542947114e-01
-2.2318433225e-01
2.0188169479e+00
6.2810879946e-01
3.6570830345e+00
2.0032142103e-01
6.1585098505e-01
5.0572705269e-01
-2.2748327255e+00
1.4555888176e+00
1.0291376710e-01
-5.4552620649e-01
8.6491590738e-01
1.3565180302e+00
-6.2715649605e-02
-1.0490443707e+00
-1.1592352390e-01
6.1489772797e-01
-1.7237752676e-01
1.6483510733e+00
-1.6131637990e-01
3.2014414668e-01
-7.1431136131e-01
6.3135236502e-01
5.9249114990e-01
1.7497673035e+00
-4.5143429190e-02
6.1352211237e-01
-9.1552042961e-01
7.1118974686e-01
7.9163661003e+00
1.5939607620e+00
2.8003690243e+00
2.9085183144e-01
8.0076324940e-01
1.5127276182e+00
-4.4245719910e-01
-1.9877636433e-01
1.7205516994e-01
-6.1363194138e-02
2.3763256073e+00
9.2021065950e-01
-4.1600814462e-01
-2.0936466753e-01
1.2202068567e+00
1.8259052038e+00
1.7898044586e+00
-2.6041066647e-01
2.0061789453e-01
4.4227939844e-01
2.2635416985e+00
1.5669857264e+00
5.5058521032e-01
-2.9241731390e-02
-1.2016062737e+00
-3.5533127189e-01
-6.1376178265e-01
1.1557160616e+00
-3.4720182419e-01
-7.5404685736e-01
-3.7735083699e-01
3.4606269002e-01
9.3970787525e-01
-1.9026008844e+00
-9.1584402323e-01
-1.0428985953e-01
1.0072987080e+00
-2.8050404787e-01
6.1578106880e-01
-1.2360005379e+00
1.0221428871e+00
-3.2126693726e+00
1.1880023479e+00
-1.8393374681e+00
1.0488157272e+00
-5.1310485601e-01
9.7110009193e-01
1.3207896948e+00
-4.2147359252e-01
-1.2883812189e+00
3.5661885738e+00
1.5916844606e+00
7.7478080988e-01
-7.2474521399e-01
-1.6524930000e+00
1.2865829468e+00
1.0975550413e+00
2.9272780418e+00
1.7849919796e+00
2.2459084988e+00
-6.2395697832e-01
5.7333886623e-02
9.9322623014e-01
5.8810543269e-03
-4.4981813431e-01
-1.1182353497e+00
4.6870142221e-01
8.6862349510e-01
1.7275861502e+00
1.5278232098e+00
1.9517979026e-01
-4.3068878353e-02
9.9644607306e-01
1.0874450207e+00
-1.2720426321e+00
3.6141666770e-01
8.3938962221e-01
-7.6405078173e-01
1.3621400595e+00
2.1114325523e+00
3.6541135311e+00
1.4086796045e+00
1.6578292847e+00
7.4954873323e-01
1.2131842375e+00
-2.8011646867e-01
-1.2756056786e+00
-4.3807342649e-01
-6.3554590940e-01
3.3031141758e-01
-1.7861572504e+00
-3.7271374464e-01
-6.1694687605e-01
-4.0274751186e-01
4.7624635696e-01
-6.5994256735e-01
1.2532150745e-01
1.3714102507e+00
1.9033383131e+00
5.6062215567e-01
1.5943728387e-01
-7.6269388199e-01
-9.6272110939e-01
-5.1087671518e-01
3.9366474748e-01
-4.4904398918e-01
3.5038420558e-01
-7.3360490799e-01
1.5205324888e+00
7.8639996052e-01
2.9865307733e-02
-9.1187882423e-01
9.1065265238e-02
-1.0502570122e-01
1.3668509722e+00
1.5979850292e+00
1.3341281414e+00
2.0731272697e+00
8.3412259817e-01
8.4601938725e-01
-8.9521956444e-01
-1.2434304953e+00
5.0858157873e-01
1.0534288883e+00
2.9038608074e-01
1.4652992487e+00
7.0964246988e-01
-6.0192596912e-01
-8.1261509657e-01
-1.7516392469e+00
1.9053635597e+00
8.6645638943e-01
-2.9597574472e-01
4.4341894984e-01
-3.8201853633e-01
-2.5934543610e+00
-1.0413398743e+00
-2.6692812443e+00
-1.6711429358e+00
-1.3347902298e+00
-2.9170775414e-01
1.0832567215e+00
1.8651929498e-01
1.1292294264e+00
2.9898140430e+00
-2.0704733208e-02
-1.6890647411e+00
-2.2465078831e+00
3.1081789732e-01
1.6343107224e+00
1.3502179384e+00
6.8362063169e-01
1.4653876424e-01
1.3345683813e+00
-4.3150103092e-01
3.2640478611e+00
8.7670779228e-01
6.8735557795e-01
9.1025871038e-01
4.2375570536e-01
-7.5234252214e-01
-1.0834437609e+00
-1.3512293100e+00
-1.3442292213e+00
-1.3055392504e+00
2.5284638405e+00
1.4482316971e+00
1.0724321604e+00
-6.8765974045e-01
5.7295765728e-02
2.0233923569e-03
6.0435849428e-01
-1.4162111282e-01
6.3951575756e-01
-3.3705753088e-01
-4.8547930717e+00
-5.5579417944e-01
4.0626925230e-01
-6.4703181386e-02
-4.3471813202e-01
-2.8768382072e+00
-2.4681761861e-01
1.0183061361e+00
-3.8871800900e-01
-1.4970321655e+00
3.4144906998e+00
6.2442564964e-01
6.9403654337e-01
-2.7225154638e-01
1.4776568115e-01
4.5657464862e-01
7.3969423771e-02
1.0999763012e+00
1.1206717491e+00
3.7725943327e-01
-2.2384910583e+00
9.6307970583e-02
1.4836407900e+00
1.4650435448e+00
1.5447275639e+00
-9.6993702650e-01
-1.0589597225e+00
-1.6547343731e+00
-4.5217890292e-02
2.7427589893e+00
-2.5140202045e+00
3.5815969110e-01
1.1504374743e+00
-5.3011393547e-01
-1.2342245579e+00
-3.8210859895e-01
-1.0144858360e+00
-3.6629825830e-01
1.3670974970e-01
-1.3404396772e+00
-1.3423327208e+00
-1.0629274845e+00
-1.4442285299e+00
-5.7129967213e-01
1.2296948433e+00
1.7741708755e+00
5.2926152945e-01
-2.3899026215e-01
-1.5877753496e+00
-2.6608467102e+00
-3.2893309593e+00
-1.4247771502e+00
-6.4188003540e-01
-8.5066670179e-01
-6.7038461566e-02
3.1090664864e+00
1.4297275543e+00
3.2546553612e+00
1.5872012377e+00
-1.0309735686e-01
-4.5178408623e+00
-2.0137343407e+00
-3.2288035750e-01
-5.8183366060e-01
-6.3920944929e-02
3.9667591453e-01
-1.7717406154e-01
-2.3110365868e-01
-2.4010922909e+00
-4.1112077236e-01
-3.3564715385e+00
-2.0179421902e+00
6.8043816090e-01
1.6067068279e-01
-1.8694814444e+00
3.6015743017e-01
2.8772890568e-01
8.8370949030e-01
-3.1370532513e-01
-1.8422137499e+00
5.1421837807e+00
8.0058872700e-01
-1.6802911460e-01
3.8461294770e-01
7.4103653431e-01
-1.0571730137e+00
-4.6153175831e-01
1.1209393740e+00
-8.3506667614e-01
-2.6876142621e-01
-1.8881051540e+00
-1.4908531904e+00
-1.0366671085e+00
-1.4754346609e+00
-8.8169461489e-01
-1.3355767727e+00
-1.6256717443e+00
-2.1154217720e+00
-1.8337708712e+00
-1.0654664040e+00
-5.4305928946e-01
1.0434494019e+00
-1.8576365709e+00
7.7680125833e-02
1.1870813370e+00
2.9637598991e+00
1.5850448608e-01
4.4753617048e-01
-1.5317808092e-01
-3.2769942284e-01
-1.2988876104e+00
-2.2356800735e-01
-1.6513493657e-01
-1.6193296015e-01
2.0909887552e-01
5.4462087154e-01
2.8589963913e+00
3.6471247673e-01
1.7583389282e+00
5.1627534628e-01
3.9659780264e-01
-1.7871867418e+00
-7.6360732317e-01
1.2367618829e-01
-3.0787375569e-01
-1.2155550718e+00
-4.0763187408e-01
-1.0231426954e+00
-5.2216704935e-02
-6.5669322014e-01
-2.5734472275e-01
7.3915404081e-01
-6.3623178005e-01
-6.7158091068e-01
-9.3662333488e-01
1.0957024097e+00
2.2687192261e-01
1.8500809669e+00
1.9784382582e+00
1.8450258672e-01
2.5895121098e+00
1.0973061323e+00
2.0956940651e+00
1.9517372549e-01
-7.5023061037e-01
1.6842678785e+00
-4.4113031030e-01
3.9337720722e-02
1.2972005606e+00
-1.6200888157e+00
4.8322787285e+00
1.4545949697e+00
4.6995097399e-01
5.0355720520e-01
-1.4495640993e-01
3.6936545372e+00
9.7448295355e-01
1.5675173998e+00
1.8321052790e+00
1.7986232042e+00
1.7865586281e+00
1.7574779689e-01
-3.1256869435e-01
4.7649499774e-01
2.6797978878e+00
4.3697726727e-01
-5.1084280014e-02
1.6092435122e+00
4.5328861475e-01
-1.6780419350e+00
-4.3468351364e+00
-9.2926073074e-01
1.7093834877e+00
7.3964458704e-01
1.1085737944e+00
-2.5223853588e+00
-8.7603503466e-01
8.4948980808e-01
-4.3719890714e-01
-2.1585354805e+00
4.2172348499e-01
2.0727597177e-01
-6.9569677114e-01
-1.3838253021e+00
-1.8458293676e+00
-5.1749997139e+00
-1.2024533749e+00
-1.2955647707e+00
3.7315681577e-01
1.3377010822e+00
-2.1228075027e+00
-2.2348489761e+00
7.1053296328e-01
3.8575580716e-01
-1.5196205378e+00
-3.0055441856e+00
-3.2889735699e+00
-2.4399392605e+00
-2.1076731682e+00
-2.6225905418e+00
-3.0395951271e+00
-1.1396938562e+00
3.8916951418e-01
-1.2257254124e-01
-5.3621858358e-01
-9.8438698053e-01
-1.3768224716e+00
-1.1921515465e+00
-1.8935139179e+00
-1.2008923292e+00
-2.8092982769e+00
-9.1669350863e-02
-9.5564997196e-01
1.0626857281e+00
-1.2062222958e+00
-6.2896162271e-01
-9.2482346296e-01
1.3293867111e+00
1.3533143997e+00
3.7965151668e-01
-1.3546553850e+00
1.7570551634e+00
1.3279746473e-01
1.3756456375e+00
2.8768017292e+00
7.4455481768e-01
-1.1624691486e+00
-3.2768458128e-01
2.3425522447e-01
4.5822808146e-01
-2.3762071133e+00
-8.5416257381e-01
9.4626361132e-01
2.8070976734e+00
2.8019285202e+00
-1.4049314260e+00
-2.6511952281e-01
4.6023633331e-02
-1.5790657699e-01
-4.0519607067e-01
-3.0095272064e+00
-1.8710884452e-01
-9.9740296602e-01
1.1778488159e+00
-2.5520565510e+00
-4.7689070702e+00
-4.6213469505e+00
-2.9077291489e+00
-2.7362291813e+00
-2.7901489735e+00
1.8919938803e+00
9.5919454098e-01
4.7977322340e-01
-4.1934806108e-01
-5.3535610437e-01
-2.2311182022e+00
-1.2597995996e+00
5.6803148985e-01
6.1276227236e-01
-9.8009371758e-01
-1.1354600191e+00
6.5165734291e-01
4.6386218071e-01
1.0756696463e+00
7.4638411403e-02
-1.3636825979e-01
2.5981584191e-01
-1.1309253424e-01
-1.4423725605e+00
-1.9891287088e+00
1.4483212233e+00
2.2344977856e+00
-3.5098284483e-02
1.4277557135e+00
-2.0427093506e+00
2.9743450880e-01
-1.7506326437e+00
-6.8834501505e-01
-2.1151015759e+00
-1.9235923290e+00
-6.0421478748e-01
4.0399625897e-01
1.9554051757e-01
1.9881001711e+00
-1.3902883530e+00
2.8181357384e+00
2.2600895166e-01
-1.1437169313e+00
-1.6651110649e+00
8.4210962057e-01
1.9642548561e+00
-2.8056263924e-01
1.1110168695e+00
7.6308780909e-01
2.3563641310e-01
-3.1487176418e+00
-1.3439604044e+00
-1.1246575117e+00
9.1162741184e-01
3.5956093669e-01
6.6632348299e-01
-1.4255382121e-01
8.5437607765e-01
1.7563003302e+00
2.0645995140e+00
-1.4962148666e+00
9.3026083708e-01
5.9606486559e-01
1.5596312284e-01
-1.1286261082e+00
-1.9678099155e+00
-9.0368086100e-01
-1.9915105104e+00
-9.6368563175e-01
-6.2162280083e-01
3.7817852497e+00
4.2462592125e+00
1.1887061596e+00
-8.6779248714e-01
3.0491690636e+00
1.2616289854e+00
1.3326430321e+00
2.7698945999e-01
-9.1633135080e-01
4.6461725235e-01
7.7207612991e-01
-3.6137353629e-02
7.8944331408e-01
-5.7911223173e-01
-4.4280510396e-02
9.9390393496e-01
1.8932583928e-01
1.5635218620e+00
1.0054222345e+00
2.2755436897e+00
-2.4345146120e-01
-8.1903117895e-01
-1.1576784849e+00
-8.7344461679e-01
-3.0185849667e+00
2.8068799973e+00
1.2921297550e+00
1.1849408150e+00
-9.8523452878e-02
1.7806111574e+00
-3.8598647118e+00
-3.7050714493e+00
-1.4756464958e+00
-1.6453154087e+00
2.8181192279e-01
1.4793244004e-01
1.1599464417e+00
7.1834915876e-01
7.0378176868e-02
-1.2623984814e+00
-8.9941865206e-01
-5.5189508200e-01
-1.2323616743e+00
5.7819002867e-01
-9.6885341406e-01
2.2022566795e+00
7.9984855652e-01
2.2306094170e+00
2.8606382012e-01
1.8883469105e+00
-7.9677945375e-01
9.9781215191e-01
-1.2742980719e+00
1.7936716080e+00
-3.4434628487e-01
2.1114109084e-02
6.6807055473e-01
1.0008152723e+00
8.1811106205e-01
1.3021949530e+00
1.1224340200e+00
-5.7370716333e-01
3.7831649184e-01
-1.2348744869e+00
-6.0383785516e-02
-7.6567369699e-01
7.0749425888e-01
5.2786982059e-01
1.8985953331e+00
-1.9306703806e+00
-8.5145670176e-01
-1.5835961103e+00
1.1987391710e+00
9.1855400801e-01
1.1981453747e-01
3.0167243481e+00
-8.5077822208e-01
1.7245367765e+00
-5.0391495228e-01
1.3746745586e+00
-1.2469674349e+00
6.4178138971e-01
1.0572935343e+00
7.7399230003e-01
-2.1125717163e+00
-1.6152465343e+00
-3.0610122681e+00
-1.2402666807e+00
1.1244385242e+00
1.1061491966e+00
-1.3730225563e+00
-3.8790744543e-01
-4.4429801404e-02
1.6164799929e+00
-3.9792797565e+00
-5.9697192907e-01
-1.2048695982e-01
-2.2218416631e-01
-7.5092571974e-01
-1.7905038595e-01
-1.1698875427e+00
-5.6690788269e-01
-6.5950220823e-01
-2.9707336426e-01
-2.1657068729e+00
-4.3781660497e-04
-5.6329172105e-02
-1.1917598248e+00
-6.9964885712e-01
-1.3960461617e+00
1.6827301979e+00
2.3136460781e-01
2.1931669712e+00
3.0779604912e+00
2.8085391521e+00
-4.8108923435e-01
1.1903499365e+00
-1.3226217031e-01
8.1743109226e-01
-8.2840073109e-01
-2.8099589348e+00
-1.2549134493e+00
-2.2675218582e+00
9.3620955944e-01
-2.6843354702e+00
-2.6956453919e-01
-4.0361049771e-01
9.1674429178e-01
3.2284331322e-01
-2.9502778053e+00
2.7512462139e+00
1.0486315489e+00
-7.5591158867e-01
1.2498390675e-01
-5.9606701136e-01
-1.5751458406e+00
-2.2729163170e+00
-1.1809959412e+00
-6.0940217972e-01
-3.2786567211e+00
8.1153982878e-01
-1.4533421993e+00
-1.4175714552e-01
2.9069218040e-01
1.0538605452e+00
-5.9852558374e-01
1.2307227850e+00
-7.0844131708e-01
1.4258532524e+00
-1.6182795763e+00
-8.1871491671e-01
-9.5703089237e-01
5.3087788820e-01
4.1139993072e-01
-6.0975182056e-01
9.6294122934e-01
1.1966029406e+00
5.5699753761e-01
6.4555484056e-01
5.3120499849e-01
-4.1149634123e-01
-1.9157190621e-01
1.6455233097e-01
9.6980243921e-01
-1.7048569918e+00
-3.7756161690e+00
-4.1458559036e-01
-2.6974797249e-01
1.3915082216e+00
-4.9451360106e-01
-7.1476042271e-01
2.7408404350e+00
3.8192741871e+00
3.7715778351e+00
1.1691234112e+00
3.3832175732e+00
2.9173662663e+00
1.2349650860e+00
2.8631609678e-01
9.4897903502e-02
4.7542357445e-01
4.8254048824e-01
1.9257456064e+00
1.8963546753e+00
-2.5813466311e-01
8.9780879021e-01
8.6055034399e-01
1.1367315054e+00
-5.7597649097e-01
8.6516276002e-02
-1.9938555956e+00
1.5154649317e-01
-2.7278020978e-01
-4.7135618329e-01
-2.0905735493e+00
8.3670437336e-01
2.9145872593e-01
1.1149706841e+00
1.8989623785e+00
1.8783550262e+00
1.6601114273e+00
1.7745517492e+00
1.3874508142e+00
-3.2764956355e-02
-9.5149326324e-01
1.5146923065e+00
9.3440783024e-01
1.4151476324e-01
-1.0599441528e+00
-6.0065984726e-01
1.7727957964e+00
2.2179310024e-01
1.2494785786e+00
-4.2721396685e-01
4.5377287269e-01
1.2759987116e+00
3.2889145613e-01
8.0496537685e-01
3.7454128265e-01
1.1752997525e-02
5.9456908703e-01
-2.8424596786e+00
-3.9146425724e+00
-3.1638815403e+00
-2.2300250530e+00
-4.9582883716e-02
-5.4539936781e-01
-4.2368468642e-01
-1.1407327652e+00
-1.3751273155e+00
-2.1671109200e+00
-5.9259587526e-01
-7.6515637338e-02
1.1564329863e+00
1.6116855145e+00
9.9345499277e-01
5.7057011873e-02
-1.4634271860e+00
-3.1718339920e+00
-1.7929831743e+00
-1.5228781700e+00
8.4396702051e-01
-1.6868054867e-01
-2.0945539474e+00
-2.5044736862e+00
6.2801182270e-01
7.2491735220e-01
1.0475718975e+00
1.0143276453e+00
5.7917982340e-01
2.2617142200e+00
1.5705466270e-01
1.9546386003e+00
1.7013593912e+00
-5.4071313143e-01
-2.6697192192e+00
-1.4421494007e+00
-9.9271319807e-02
9.9024033546e-01
3.4078729153e-01
1.2355117798e+00
1.5370815992e-01
8.2171984017e-02
4.5072004199e-01
-1.2562067807e-01
2.6911270618e+00
2.5313096046e+00
1.2851915359e+00
-1.4578605890e+00
-2.4368777275e+00
-1.5237333775e+00
8.0228912830e-01
-2.3484287784e-02
-4.0648326278e-01
4.5002517104e-01
-6.7946624756e-01
3.9943447709e-01
7.4652582407e-01
6.3225197792e-01
2.0079474449e+00
-2.4723527431e+00
-3.3312342167e+00
-1.5279878378e+00
-2.4170827866e-01
1.3025524616e+00
-2.5529036522e+00
-1.6235046387e+00
-8.6906290054e-01
1.3132872581e+00
1.8410527706e-01
-3.5387556553e+00
1.3453842402e+00
2.2985484600e+00
1.9672762156e+00
-6.3990366459e-01
-2.1179332733e+00
-1.7234185934e+00
-1.2510430813e+00
6.7214661837e-01
7.1240000427e-02
2.6814785004e+00
-1.4642198086e+00
-1.5711717606e+00
-2.7258751392e+00
-2.8034667969e+00
6.5718859434e-01
1.8754837513e+00
1.5477465391e+00
1.3237603903e+00
1.8144954443e+00
4.7659674287e-01
-6.2370520830e-01
1.3022518158e+00
1.3480782509e-01
3.6422070861e-01
2.7801841497e-01
8.2612991333e-02
-1.5967299044e-01
2.3729692400e-01
2.8869956732e-01
-1.0459840298e+00
3.0092069507e-01
3.0353885889e-01
-1.6165773869e+00
3.2390472293e-01
2.5668230653e-01
-1.5286660194e+00
1.2928090096e+00
3.2345402241e-01
8.8343971968e-01
-8.5581010580e-01
4.2307233810e-01
7.1497148275e-01
8.2840345800e-02
1.9798809290e+00
4.8441070318e-01
1.7002885342e+00
4.3778491020e+00
2.8111810684e+00
3.7703695297e+00
-5.4803204536e-01
-2.7844486758e-02
1.8946231902e-01
4.1210874915e-01
-7.6268923283e-01
-3.3719835281e+00
-1.6870149374e+00
-1.9586398602e+00
-2.7103176117e+00
-1.7311898470e+00
-7.9764074087e-01
1.2005974054e+00
1.2498043776e+00
-2.6491096020e+00
-1.6199194193e+00
-1.2688702345e+00
1.9378993511e+00
2.6187012196e+00
2.0019547939e+00
3.2265908718e+00
1.9206939936e+00
1.2534978390e+00
2.7971503139e-01
2.3141100407e+00
2.4227531254e-01
-4.6270771027e+00
-2.4026706219e+00
-1.8978137970e+00
-2.7484481335e+00
-2.7544829845e+00
2.1453211308e+00
6.0623711348e-01
5.4557222128e-01
7.0768922567e-01
2.0092084408e+00
1.4783233404e+00
1.0024635792e+00
5.0570797920e-01
-1.9823375344e-01
-1.1684646606e+00
1.8702110052e+00
1.6763870716e+00
1.2192891836e+00
1.6767221689e-01
6.4927935600e-01
-1.9267845154e+00
-1.3965809345e-01
-1.4740154147e-01
7.7414637804e-01
-3.3554002643e-01
1.9313457012e+00
1.5520122051e+00
1.1276859045e+00
-3.4407651424e-01
-7.4538159370e-01
-6.4745199680e-01
-1.7689371109e+00
-3.2179214954e+00
-2.0452647209e+00
1.5828818083e-01
2.2976218164e-01
1.5186920762e-01
-7.3263919353e-01
-4.3428954482e-01
-6.6692721844e-01
1.6218639612e+00
6.1676998138e+00
1.0265723467e+00
2.5080662966e-01
-8.9437198639e-01
7.5304949284e-01
-1.2839087248e+00
-9.1844260693e-01
-4.4204330444e-01
-1.7901289463e-01
3.6544253826e+00
1.3903348446e+00
2.8849616051e+00
1.0535051823e+00
1.1467464268e-02
2.3528497219e+00
8.5912020877e-03
-2.3578368127e-02
-2.8639510274e-01
-1.0396637768e-01
-1.8202277422e+00
5.5584239960e-01
2.1048297882e+00
1.9656302929e+00
-3.7591210008e-01
1.1724951267e+00
1.5793415308e+00
4.7659862041e-01
2.7212208509e-01
1.3065092564e+00
-2.4884493351e+00
3.8218754530e-01
1.0826461315e+00
9.8656737804e-01
5.8463567495e-01
-2.0902333260e+00
1.4913984537e+00
2.8157353401e-01
5.3912836313e-01
-1.0262842178e+00
-2.2552564144e+00
1.6120405197e+00
2.2175393105e+00
2.7828695774e+00
2.1286983490e+00
-1.8899952173e+00
-9.7875887156e-01
-1.3326764107e+00
1.0983012915e+00
-1.3339112997e+00
-4.4669738412e-01
5.9897226095e-01
-7.0970565081e-02
1.6244554520e+00
-3.9351895452e-01
-7.0101946592e-01
1.4417549372e+00
-1.6921015084e-01
-3.9947646856e-01
-2.5185629725e-01
-3.5347753763e-01
8.4908664227e-01
-7.9888850451e-01
2.9042603970e+00
2.3887255192e+00
-5.4109370708e-01
-1.4893699884e+00
-6.9516545534e-01
-1.5637441874e+00
-1.4553130865e+00
1.1633021832e+00
8.6735379696e-01
-6.4705562592e-01
-5.7860255241e-01
3.4635402262e-02
-2.9180115461e-01
1.9847216606e+00
1.7746064663e+00
1.1945961043e-02
-1.3264000416e-01
1.3473827839e+00
1.7875162363e+00
1.6145181656e+00
5.0269514322e-01
-9.7868430614e-01
-5.7691341639e-01
-6.2033677101e-01
-2.7977150679e-01
-1.7951490879e+00
3.5246336460e-01
-1.9899934530e+00
1.0526161194e+00
6.4387267828e-01
-2.8704509139e-02
1.5464197397e+00
-5.4849463701e-01
-7.0968401432e-01
-3.8129585981e-01
2.4263854325e-01
5.4037404060e-01
4.2159571648e+00
1.1303178072e+00
7.0490598679e-01
5.9426571243e-03
1.4620960951e+00
-2.0548295975e+00
-2.4893357754e+00
-2.4629080296e+00
-1.6355257034e+00
-2.9067866802e+00
4.9639931321e-01
8.7457895279e-01
1.3461265564e+00
1.6107177734e+00
2.3396408558e+00
-7.1852952242e-01
-2.8779249191e+00
-1.4459718466e+00
-2.0955908298e+00
-1.7835365534e+00
2.0477388799e-01
-2.8481216431e+00
-6.2083244324e-01
-2.2510454655e+00
3.5048598051e-01
-4.9956694245e-01
-8.0693709850e-01
-1.2455679178e+00
-1.0454034805e+00
-1.3160545826e+00
7.4761587381e-01
-1.0261561871e+00
1.4081466198e+00
-2.1896617413e+00
2.2995243073e+00
-1.2955710888e+00
3.3587902784e-01
1.6148880124e-01
1.2341411114e+00
4.0956161916e-02
1.8360494375e+00
2.6669809595e-02
2.0370695591e+00
1.8044067621e+00
2.3429760933e+00
5.2696311474e-01
3.7586113811e-01
-8.4898859262e-01
-3.4408755600e-02
8.7673228979e-01
-6.2515336275e-01
4.1989836097e-01
9.8156583309e-01
1.1577793360e+00
3.5101168156e+00
2.1495573521e+00
-3.2911050320e-01
6.6966466606e-02
-8.6185687780e-01
2.1625602618e-02
5.6581854820e-01
-2.5477139950e+00
9.2259401083e-01
-4.7532877922e+00
9.4519901276e-01
-3.5574913025e+00
-2.3243434429e+00
-2.1086258888e+00
-2.3062365055e+00
-6.7273461819e-01
6.4615517855e-01
2.2099311352e+00
4.8043081164e-01
1.9322568178e+00
6.0372257233e-01
1.4657345414e-01
-1.1914614439e+00
2.9943212867e-01
-1.7122311592e+00
2.5162634850e+00
1.1222201586e+00
4.2235872149e-01
1.4950702190e+00
3.0656945705e-01
8.5046660900e-01
3.2190167904e-01
-2.0666844845e+00
-6.0731613636e-01
-4.9794688225e+00
-1.0274972916e+00
8.4888517857e-01
-1.0085095167e+00
-2.9467013478e-01
-1.8447203636e+00
-2.5883904099e-01
-3.6570671201e-01
-3.0783912539e-01
-1.9179649353e+00
-1.2347935438e+00
-3.3944172859e+00
5.9168725014e+00
-8.8133877516e-01
3.4322173595e+00
-5.8659797907e-01
3.9936568737e+00
1.3617161512e+00
1.0694447756e+00
-5.3767126799e-01
-2.5938063860e-01
5.7548588514e-01
1.4651066065e+00
1.7108866572e-01
-2.1922922134e-01
-7.8216278553e-01
1.0974367857e+00
1.3601801395e+00
-6.2415587902e-01
7.0229870081e-01
2.5511109829e-01
5.0463452339e+00
1.0335011482e+00
1.4009717703e+00
1.7882295847e+00
2.4174876213e+00
2.9963960648e+00
-5.4906927049e-02
4.2123496532e-03
2.5533166528e-01
1.9170042872e-01
-7.6781547070e-01
8.0281607807e-02
-4.0955615044e+00
-5.0606501102e-01
-3.6504471302e+00
-2.8771886230e-01
4.9276223779e-01
7.9556518793e-01
4.5430788398e-01
1.6740680933e+00
-2.0245828629e+00
-5.7760562748e-02
1.6739932299e+00
4.4961506128e-01
-1.0433434695e-01
-2.0564398766e+00
-9.5798932016e-02
1.3006901741e+00
1.2470779568e-01
-3.6379966885e-02
-3.2760553360e+00
-6.1840224266e-01
4.3419447541e-01
1.1608319283e+00
1.3142679930e+00
8.9246100187e-01
-6.8138402700e-01
9.8495465517e-01
6.2595484778e-03
-6.2671977282e-01
2.0266087353e-01
1.0421640873e+00
1.6964485645e+00
6.5987163782e-01
1.1347424984e+00
6.3812613487e-01
7.7901750803e-01
-1.7557118833e-01
-1.1841108799e+00
-1.2229107618e+00
4.1624018550e-01
2.0549674034e+00
1.6717928648e+00
2.0805521011e+00
-5.8098817244e-03
-1.1280894279e+00
6.3205718994e-01
1.6840294600e+00
1.0088623762e+00
1.0619156361e+00
4.4910925627e-01
2.1549431980e-01
6.5860819817e-01
-1.8682435155e-01
7.1511119604e-01
-9.1319853067e-01
5.4454171658e-01
-2.1767964363e+00
8.8224545121e-02
-1.2689908743e+00
2.8341862559e-01
6.3354015350e-01
-7.6649940014e-01
1.0881081820e+00
4.7988402843e-01
1.8829340935e+00
-3.0244314671e+00
8.8013178110e-01
-1.4628704786e+00
3.2993623614e-01
-3.1378431320e+00
1.6456210613e-01
-2.6587202549e+00
-7.4896168709e-01
-4.1564846039e+00
3.9285039902e-01
-4.8145061731e-01
4.5484215021e-01
-1.0465352796e-02
1.0351862758e-01
1.5902663767e-01
-1.1264414787e+00
6.3950553536e-02
-1.1350690126e+00
-4.9089601636e-01
-3.0284905434e+00
5.0192990303e+00
-8.3276444674e-01
3.1292107105e+00
-4.6944335103e-01
3.6958346367e+00
4.8561581969e-01
-1.4936556816e+00
-8.6988729239e-01
3.7139073014e-01
3.5648744106e+00
8.8553577662e-01
-1.3093979359e+00
1.2707091868e-01
-2.1076822281e+00
9.7315126657e-01
-6.4344483614e-01
-2.3673694581e-02
-3.0702269077e-01
9.1852895916e-02
-9.1882693768e-01
-1.4689589739e+00
-1.6706833839e+00
-1.8015992641e+00
-2.2966225147e+00
-1.4060175419e+00
1.1986086369e+00
-1.4345631599e+00
5.7213211060e-01
-4.0019574165e+00
1.2966736555e+00
2.3920786381e-01
8.0603164434e-01
1.2279083729e+00
2.4349234104e+00
3.6617407799e+00
-3.2669272274e-02
-2.7104902267e+00
-1.2607666254e+00
-4.4114832878e+00
-1.5379970074e+00
2.6191020012e+00
3.2564279437e-01
8.7882238626e-01
-6.4881193638e-01
3.2217316628e+00
5.6768620014e-01
1.1903512478e-01
3.7723499537e-01
-1.9979795218e+00
1.3877481222e+00
6.9730174541e-01
2.1776771545e+00
-8.5948884487e-02
1.9143555164e+00
-1.7130765915e+00
2.5770492554e+00
1.3266888857e+00
3.6241564155e-01
-5.2484691143e-01
4.7884672880e-01
1.8455568552e+00
2.0485651493e+00
1.4210294485e+00
1.5457447767e+00
3.3670239449e+00
-2.0867252350e-01
1.9928738475e-01
1.0641223192e-01
1.8176797628e+00
5.9877198935e-01
1.0081828833e+00
-6.1153864861e-01
-2.0531260967e-01
4.8145380616e-01
3.0170755386e+00
8.9676582813e-01
-6.1163842678e-01
5.7424205542e-01
7.1945047379e-01
-1.0128226876e-01
2.3713405430e-01
-7.9276293516e-01
-2.3320804536e-01
-6.3507497311e-01
2.2759475708e+00
1.8216174841e+00
1.2275704741e-01
8.0565410852e-01
1.6169641018e+00
2.4875962734e+00
1.1012295485e+00
5.5205374956e-01
1.4054123163e+00
1.0707255602e+00
1.1234009266e-01
2.0948729515e+00
2.0913245678e+00
5.6960487366e-01
1.1884250641e+00
-4.4375274330e-02
6.2189185619e-01
1.4436454773e+00
7.6421338320e-01
-2.2056974471e-01
1.3947641850e+00
-9.0774947405e-01
7.0912796259e-01
-3.1477376819e-01
-4.4223058224e-01
-2.3002345562e+00
9.1010212898e-01
2.1817917004e-02
-8.3677822351e-01
-5.0752925873e-01
-1.2092943192e+00
-1.0146825314e+00
-1.0767821074e+00
9.3760067225e-01
1.7979292870e+00
2.5057544708e+00
-1.7712191343e+00
-1.6499670744e+00
-4.1722565889e-01
4.0426641703e-01
8.6782795191e-01
2.1406481266e+00
1.9234865904e+00
1.8651612997e+00
-1.2842237949e+00
-2.6155271530e+00
-9.6842214465e-02
-2.3528649807e+00
-3.6632061005e-01
9.7399127483e-01
7.9635041952e-01
1.2516008317e-01
8.5856920481e-01
7.0498728752e-01
9.8849827051e-01
1.7131460905e+00
2.6205676794e-01
7.8006166220e-01
3.6765480042e-01
7.5687311590e-02
4.0546418168e-03
-2.6741743088e-01
8.3745300770e-01
7.5019246340e-01
-3.5415598750e-01
2.0124743879e-01
2.1109967232e+00
-7.4166077375e-01
4.5066490769e-02
8.1062084436e-01
-2.1030627191e-01
1.9235825539e-01
7.9441422224e-01
-9.7837418318e-01
-3.5517632961e+00
-4.5159273148e+00
4.4365346432e-02
-1.1458287388e-01
8.2955414057e-01
-6.4267702401e-02
8.2836598158e-01
1.7416430712e+00
1.4901047945e+00
1.2431737185e+00
2.4431030750e+00
2.1281461716e+00
-2.6413793564e+00
-2.4510972500e+00
-2.4703924656e+00
-1.8260533810e+00
-2.8133749962e+00
1.2638182938e-01
-3.5082183778e-02
-1.5767117739e+00
-4.7714838386e-01
-7.2332203388e-01
-5.8312714100e-01
1.8869347572e+00
1.2224854529e-01
1.6210561991e-01
-1.0606483221e+00
-9.4762027264e-01
3.4985956550e-01
1.4002821445e+00
1.2915631533e+00
2.8881204128e+00
3.8216030598e+00
1.6878712177e+00
6.9704687595e-01
2.6594489813e-01
-2.1075083315e-01
6.9410187006e-01
1.6770547628e+00
1.0935988426e+00
2.9169077873e+00
2.2058780193e+00
1.3986467123e+00
5.0770412199e-03
5.0839656591e-01
8.2143574953e-01
3.0064599514e+00
-1.1052314043e+00
-2.0966804028e+00
-1.0707358122e+00
2.0076325536e-01
2.1981301308e+00
2.2750224173e-01
-1.0121819973e+00
-2.0341501236e+00
-2.3604319096e+00
-1.6063240170e-01
2.2542467117e+00
2.0032432079e+00
-2.3508460820e-01
1.0407706499e+00
3.6137896776e-01
-2.7800288200e+00
-6.3676428795e-01
-4.1399943829e-01
-9.3268817663e-01
-1.4137624502e+00
2.1186490059e+00
6.0571449995e-01
-4.5562770963e-01
-2.8802866936e+00
-3.9831371307e+00
-2.3019757271e+00
-1.5998815298e+00
-1.1335687637e+00
-1.6823174953e+00
-1.8713058233e+00
2.0288417339e+00
1.9194836617e+00
1.1539154053e+00
-7.9155303538e-02
-5.8001941442e-01
-2.8998444080e+00
-1.2391080856e+00
-1.7893452644e+00
1.2802621126e+00
-4.4202369452e-01
-1.2606137991e+00
-1.0330302715e+00
6.5419375896e-01
2.8704750538e+00
2.8445200920e+00
5.1758539677e-01
1.2477028370e-01
4.3916010857e-01
8.4483426809e-01
1.2153221369e+00
-2.4297356606e+00
-1.2497231960e+00
4.1041851044e-01
-5.0820332766e-01
-1.6093816757e+00
-6.0478836298e-01
-3.4377250075e-01
-7.3049962521e-01
1.3146428391e-02
-4.9862354994e-01
1.5295361280e+00
1.7628824711e+00
1.4988219738e+00
-1.2690427899e-01
5.5559790134e-01
-3.0517044067e+00
-5.3194969893e-01
2.0203950405e+00
1.7245054245e+00
2.3337309361e+00
-6.7496311665e-01
4.4929188490e-01
8.9130210876e-01
-4.2417651415e-01
-1.4294079542e+00
1.6326130629e+00
-1.8609498739e+00
-1.4909369946e+00
-4.0134485811e-02
2.0725684166e+00
1.9335830212e+00
1.2211524248e+00
6.1433333158e-01
1.4031907320e+00
2.0054626465e+00
2.1494426727e+00
-1.5856170654e+00
2.6383033395e-01
9.6071702242e-01
4.2804014683e-01
-1.7496850491e+00
1.0005046427e-01
3.5090190172e-01
8.4887951612e-01
-5.6549465656e-01
-3.5030791163e-01
3.3477631211e-01
1.5627952814e+00
1.5483762026e+00
-3.5271379352e-01
4.1295534372e-01
7.2356188297e-01
4.0135845542e-01
3.4378167987e-01
9.3531584740e-01
-1.1147533655e+00
-3.6433106661e-01
7.4651515484e-01
2.4025640488e+00
3.5746779442e+00
1.2045091391e+00
3.9200592041e-01
2.7796676755e-01
5.9392589331e-01
4.5008707047e-01
8.6521856487e-02
-2.1236653328e+00
-7.5560587645e-01
-1.5629416704e+00
-1.3590978384e+00
-1.6027463675e+00
1.0716257095e+00
-1.1327908039e+00
-1.9161102772e+00
-1.7780393362e+00
2.1539649963e+00
7.2593069077e-01
2.0402195454e+00
1.5476986170e+00
2.0542376041e+00
-3.2875921726e+00
-3.3053388596e+00
-1.1888518333e+00
8.1621140242e-02
2.0649006367e+00
-2.2930860519e+00
-2.2250225544e+00
-7.6200753450e-01
1.9998831749e+00
3.9155507088e+00
1.6884016991e-01
-1.3528668880e+00
-7.3206341267e-01
-2.5301876664e-01
2.1095435619e+00
-1.0014797449e+00
2.7848094702e-01
5.3043055534e-01
1.3210345507e+00
1.2050631046e+00
1.2865664959e+00
3.0345630646e-01
-1.0668331385e-01
8.1442862749e-01
1.2306743860e+00
1.9001044333e-01
-1.3728516102e+00
-7.3059761524e-01
3.0928552151e-01
1.2204697132e+00
-1.1197311878e+00
5.7547755539e-02
1.5426920652e+00
4.7439122200e-01
2.2630739212e+00
-8.6278915405e-02
-8.8086217642e-01
3.9387571812e-01
1.7434664071e-01
1.3769410849e+00
-6.5426665545e-01
1.3367342949e+00
-2.4686846137e-01
1.2254388332e+00
1.3254106045e+00
-2.0392464101e-01
-1.0121632814e+00
-4.5834231377e-01
-2.9498238564e+00
-2.4244771004e+00
2.0840084553e+00
1.3164213896e+00
-5.2575469017e-01
-8.8872951269e-01
-2.8875637054e+00
8.1092536449e-01
1.2768483162e-01
-8.4104084969e-01
-1.6416275501e-01
-2.4390439987e+00
8.7015932798e-01
9.4996756315e-01
7.3774820566e-01
2.1649641916e-02
-5.5706691742e-01
-8.5173785686e-01
-3.1290966272e-01
3.7038353086e-01
3.7269890308e-01
-1.6141347885e+00
-1.3703461885e+00
3.7658178806e-01
-1.6075811386e+00
-2.8425977230e+00
-2.4623026848e+00
-7.3398202658e-01
1.2924433947e+00
6.3933008909e-01
2.1271920204e+00
4.0713196993e-01
1.0764400959e+00
2.1649310589e+00
1.7876631021e+00
1.0459243059e+00
1.3961017132e-01
-4.2195403576e-01
2.4000723660e-01
5.6662354618e-03
1.4413250685e+00
1.5335972309e+00
-2.7234003544e+00
-2.1725919247e+00
-6.5888094902e-01
1.4986584187e+00
1.3761214018e+00
-2.6350045204e+00
1.1803768873e+00
5.5783605576e-01
1.7790098190e+00
7.4793493748e-01
1.4436712265e+00
-8.8069444895e-01
-1.8594270945e-01
-9.8339182138e-01
9.4394093752e-01
5.9194922447e-01
3.6847040057e-01
2.5434917212e-01
2.5590607524e-01
1.0515902042e+00
-1.2240878344e+00
-1.3160923719e+00
7.5007241964e-01
2.1035053730e+00
1.8761473894e+00
-1.7360440493e+00
1.2297517806e-01
6.3967597485e-01
1.1404718161e+00
5.2288219333e-02
2.5661144257e+00
6.0097116232e-01
8.4961080551e-01
2.0088829100e-01
-2.4541875347e-02
6.0055518150e-01
-1.0547613353e-01
-8.8599544764e-01
-1.0611376762e+00
1.9027768373e+00
3.5378565788e+00
-3.9291688800e-01
-2.8952556849e-01
-4.8957291245e-01
-1.3238199949e+00
-2.7257180214e+00
-2.2156609595e-01
-7.2641372681e-01
-2.6675925255e+00
-1.6904408932e+00
4.8414909840e-01
-7.0232981443e-01
1.5634500980e+00
-8.8237893581e-01
-3.5316345692e+00
-1.6335101426e-01
-1.2611843413e-03
-3.2230865955e-01
4.2698359489e-01
1.4606951475e+00
6.8949240446e-01
5.2865457535e-01
7.1771031618e-01
1.5374575853e+00
2.2697720528e+00
-1.1720062494e+00
-1.1050600559e-02
4.2479678988e-01
1.0622978210e+00
-1.0876516104e+00
-1.4787682295e+00
7.5455373526e-01
-1.4313106239e-01
-8.0559897423e-01
-1.7821979523e+00
-1.2782661915e+00
-9.8983913660e-02
-1.1444783211e+00
-5.8325183392e-01
-2.0371363163e+00
4.4224433899e+00
5.8255016804e-01
6.4594930410e-01
4.2586255074e+00
6.3383245468e+00
-3.4047882557e+00
1.7342450619e+00
2.3292424679e+00
1.2231636047e+00
8.0713607371e-02
-3.2799940109e+00
3.9401364326e-01
-2.1284812689e-01
-3.9343950152e-01
1.5884846449e-01
-9.8909515142e-01
6.5142005682e-01
8.3269399405e-01
2.6591068506e-01
1.1645580530e+00
5.0621235371e-01
5.6162667274e-01
-1.8556432426e-01
2.0085272193e-01
-1.1226186752e+00
-5.0595450401e-01
9.9914014339e-01
6.5477144718e-01
-3.1580603123e-01
-9.3844091892e-01
-2.2429873943e+00
-6.9011002779e-01
-4.2843103409e-01
-3.9041176438e-01
-2.0022881031e+00
2.4560935497e+00
-9.4245213270e-01
-7.0758587122e-01
-3.4291437268e-01
1.9820819795e-01
-1.2498431206e+00
-9.0511627495e-03
-9.4843879342e-02
-1.1413379908e+00
-1.1913689375e+00
2.4462540150e+00
2.0610327721e+00
1.4673730135e+00
7.9688799381e-01
-7.4565756321e-01
-1.2215473652e+00
1.1019660234e+00
6.9293230772e-01
-8.9565232396e-02
3.4923866391e-01
1.0096254349e+00
2.5826597214e+00
1.9132186174e+00
1.4998178482e+00
-8.0632660538e-03
1.2876611948e+00
8.4165012836e-01
-4.3843975663e-01
9.8266965151e-01
1.3928266764e+00
-8.9143924415e-03
6.7760214210e-02
-1.1651247740e+00
-1.3491139412e+00
7.1791243553e-01
8.4847785532e-02
-2.3010947704e+00
-2.9097306728e+00
-1.1760936975e+00
-6.6407066584e-01
-1.2721658945e+00
8.0532503128e-01
1.1710814387e-01
-7.1351093054e-01
-6.5292708576e-02
1.1801264286e+00
-1.8813510239e-01
1.1465147138e-01
7.4677497149e-01
1.5886732340e+00
-2.2634808719e-01
7.8793466091e-03
-2.9002857208e-01
3.1404098868e-01
-2.0483905077e-01
-1.9569675624e-01
9.4183452427e-02
-9.1326200962e-01
-2.9872559011e-02
3.6702996492e-01
6.3339650631e-01
8.3432906866e-01
6.3042616844e-01
-1.8473029137e+00
1.3725582361e+00
2.5298789144e-01
6.8985390663e-01
-6.0330349207e-01
6.6729247570e-01
-1.7504858971e+00
-1.3238610029e+00
-5.2658826113e-01
-2.0119538903e-01
-4.4308409095e-01
-6.2788116932e-01
1.4301831722e+00
-1.4594944715e+00
-1.0895560980e+00
9.8536610603e-02
-2.7590450644e-01
2.0399564505e-01
1.5645738691e-02
1.1039927006e+00
1.1849939823e+00
5.4394855499e+00
-1.7923542261e+00
-8.0359905958e-01
-9.5867490768e-01
9.3462061882e-01
-1.2803382874e+00
2.1765019894e+00
1.5641841888e+00
-4.3978279829e-01
4.2508897781e+00
2.9830033779e+00
5.9578084946e-01
-1.5221307278e+00
-1.0936321020e+00
-1.6327245235e+00
1.6302109957e+00
1.5607033968e+00
1.2005438805e+00
2.1236343384e+00
2.1762980614e-03
-4.8674690723e-01
-5.5726158619e-01
-1.6136193275e+00
-2.1932229996e+00
-4.3933564425e-01
-1.8318192959e+00
1.7101926804e+00
1.8588287830e+00
5.7354249293e-04
3.0530302525e+00
5.0845971107e+00
3.8364095688e+00
3.9540920258e+00
1.0917706490e+00
2.8648440838e+00
2.6714369655e-01
-1.8802087009e-01
1.6278183460e+00
1.0588016361e-01
1.9506781101e+00
2.3806917667e+00
-2.2497145832e-01
1.3188713789e+00
1.7733769417e+00
5.1234077662e-02
-2.3296263218e+00
7.7964842319e-01
1.2456892729e+00
-5.1113468409e-01
3.9646717906e-01
1.0388049483e-01
-1.7349202633e+00
-6.0583800077e-01
-3.2229292393e-01
-6.6228204966e-01
-1.3087059259e+00
-6.9325006008e-01
-4.5498770475e-01
2.4106698036e+00
1.8304944038e+00
3.6020472050e+00
1.7722201347e-01
-5.1590752602e-01
-7.7587300539e-01
-1.9025609493e+00
-1.6729217768e+00
-3.3777352422e-02
-1.7688953876e-01
-2.7626159787e-01
-1.1597390175e+00
3.1412136555e+00
-4.2922053486e-02
-1.7026640177e+00
-1.0446940660e+00
-3.4096851945e-01
-1.6141031981e+00
-7.5557720661e-01
7.0861411095e-01
3.7929746509e-01
-1.6562919617e+00
1.1725835800e+00
-9.9063414335e-01
5.8467137814e-01
-1.2553368807e+00
-1.5978919268e+00
-9.5844262838e-01
-9.8582756519e-01
-2.6450338960e-01
-3.6533167958e-01
-2.1012074947e+00
-1.3731961250e+00
4.5556625724e-01
6.0869044065e-01
1.0270628929e+00
-1.0176567733e-01
6.0626697540e-01
-2.8522211313e-01
4.5344188809e-01
2.1872715652e-01
-3.0612990260e-01
1.8555793762e+00
2.1356215477e+00
1.9734818935e+00
3.5319510102e-01
6.5888780355e-01
-2.3515925407e+00
1.1174908876e+00
6.1002904177e-01
-2.0622101426e-01
9.0156531334e-01
1.5524525642e+00
-2.3404209316e-01
-5.3730839491e-01
-1.1291851997e+00
1.9692280293e+00
1.4685915709e+00
9.7496140003e-01
-8.6161059141e-01
-3.7255996466e-01
-3.1065580249e-01
1.4540339708e+00
6.6312110424e-01
1.7606652975e+00
1.2080649137e+00
2.5608437061e+00
5.6337347031e+00
9.5564562082e-01
1.3049279451e+00
-1.3640278578e+00
1.3635076284e+00
-1.3564936817e-01
-1.1822337657e-01
3.6059686542e-01
-1.5570054948e-01
-1.1299346685e+00
2.4287784100e-01
2.1740745008e-01
8.7786310911e-01
3.8596245646e-01
5.8448326588e-01
-1.3682509661e+00
-1.8261121511e+00
8.4972336888e-02
-5.0575375557e-01
1.4551042318e+00
-1.9853523970e+00
3.0274484158e+00
6.9431936741e-01
8.1510618329e-02
1.6489765644e+00
1.6015256643e+00
4.0262503624e+00
2.0952444077e+00
1.3661521673e+00
1.1676044464e+00
1.5335311890e+00
-1.0389097929e+00
8.6098027229e-01
2.2236263752e-01
-2.6280200481e-01
-2.0628530979e+00
3.6515574455e+00
-7.1118742228e-01
1.8538286686e+00
8.9708155394e-01
2.9908096790e+00
9.2617183924e-01
2.3136767745e-01
7.7637600899e-01
1.8956583738e+00
1.3163832426e+00
-1.6694816351e+00
-1.0069432259e+00
-9.1550678015e-01
6.9472859614e-03
7.1011912823e-01
-1.1509804726e+00
-2.9472537041e+00
-5.7881826162e-01
-2.2085756063e-01
2.1333255768e+00
2.7718644142e+00
3.3977666497e-01
-5.8296179771e-01
-1.7947626114e+00
-2.0106270313e+00
8.6379569769e-01
3.6856862903e-01
-1.9351211786e+00
-7.9894673824e-01
-2.2424578667e-01
2.2334439754e+00
6.8891930580e-01
1.2362186909e+00
1.0984852314e+00
1.7085584998e-01
2.9626922607e+00
2.9930746555e+00
1.6526861191e+00
2.1274809837e+00
9.8902302980e-01
5.8181065321e-01
-1.0721986294e+00
-9.1604405642e-01
-3.3810195327e-01
8.5164028406e-01
-1.6952809095e+00
-1.0603803396e+00
-1.1221888065e+00
-1.9388265610e+00
-2.6553966999e+00
-2.5048906803e+00
-1.8366507292e+00
1.1830081046e-01
-8.4746325016e-01
1.1948037893e-01
8.2894101739e-02
7.6723605394e-01
1.4339572191e+00
7.9707115889e-01
-2.3499748707e+00
-8.5206156969e-01
1.1526008844e+00
-2.6178964972e-01
-1.9175364971e+00
-2.2195940018e+00
-3.5442304611e-01
-8.1047517061e-01
-7.0404690504e-01
1.7011804581e+00
1.6129508018e+00
1.4312617779e+00
9.5471119881e-01
-5.8676230907e-01
1.5995987654e+00
4.5744770765e-01
1.8029454947e+00
9.6511375904e-01
2.0761029720e+00
1.6524312496e+00
1.3642187119e+00
-2.0309638977e+00
2.3275919259e-01
5.9493434429e-01
4.6552509069e-01
2.4046570063e-01
2.1208639145e+00
2.4748702049e+00
2.9714506865e-01
5.0501841307e-01
8.8741846383e-02
-2.0174987316e+00
-2.0113899708e+00
-1.1319949627e+00
-6.5835607052e-01
-1.9031551480e-01
2.8907966614e-01
-1.8331689835e+00
2.2455702722e-01
-1.3077201843e+00
1.2579858303e+00
2.8465659618e+00
1.9828809500e+00
-1.6959389672e-02
-5.8916670084e-01
-5.2278661728e-01
-4.6761858463e-01
-3.4133017063e-01
4.6579509974e-01
5.4213178158e-01
6.4309966564e-01
6.9524455070e-01
-5.8321863413e-01
4.3849706650e-01
-1.9005388021e+00
-1.1305079460e+00
2.4163799286e+00
1.0082232952e+00
3.0777513981e-01
2.0888316631e-01
2.0788814127e-01
-5.3870236874e-01
-1.1430363655e+00
-5.1362365484e-01
1.5557330847e-01
2.2261065245e-01
-3.1920248270e-01
-2.8918225765e+00
-1.9754948616e+00
1.2402204275e+00
3.1721565723e+00
6.0304310173e-03
-1.1298565865e+00
2.0564502105e-02
-2.2769222260e+00
7.5127923489e-01
1.4749263525e+00
-1.2052744627e+00
1.0055466890e+00
-1.0860466212e-01
4.8218822479e-01
-1.3881237507e+00
-1.1004023552e+00
-1.2388451099e+00
-2.1478310227e-03
1.9094321132e-01
-1.2894561291e+00
-2.4625681341e-01
-6.3481205702e-01
-1.1916248798e+00
-2.0270984173e+00
5.2993214130e-01
6.1908835173e-01
-8.9267396927e-01
6.2211966515e-01
2.3071668148e+00
-2.6334586740e-01
-5.6998670101e-01
-3.9285376668e-01
-7.1442402899e-02
-1.5822411776e+00
-1.1465747356e+00
3.3037573099e-01
-1.2128326893e+00
-1.6708049774e+00
-1.5235998631e+00
-1.5283534527e+00
2.2163424492e+00
-2.3595046997e+00
1.6883042455e-01
-1.3969225883e+00
-1.8091932535e+00
4.2027118802e-01
-3.8670092821e-01
-9.8761540651e-01
-1.6221283674e+00
-2.5444617867e-01
3.1055164337e+00
1.4166113138e+00
3.6564830225e-03
-2.8724043369e+00
-3.6928081512e+00
-2.0500757694e+00
-5.0392287970e-01
7.3626375198e-01
2.7204799652e+00
1.0577539206e+00
3.5397210121e+00
2.6018583775e+00
2.2607097626e+00
1.5463405848e-01
3.1665635109e+00
2.4679327011e+00
-3.6718246341e-01
1.4592163265e-01
-6.6425718367e-02
4.4990080595e-01
2.9438734055e+00
-1.3758994639e-01
7.8594988585e-01
-8.0930334330e-01
2.6845055819e-01
-3.1308276653e+00
-1.4091089964e+00
-1.5036596060e+00
9.7250932455e-01
-6.6322845221e-01
5.4836571217e-01
-1.5907846689e+00
-3.5179829597e-01
-2.3121249676e+00
-2.0407519341e+00
-2.5539066792e+00
-2.2749950886e+00
-2.0184009075e+00
-9.0262943506e-01
1.0124226809e+00
-2.9807693958e+00
5.2585595846e-01
-1.1330562830e+00
1.6248655319e+00
5.1553779840e-01
-2.1194119453e+00
2.8389614820e-01
-1.5984375477e+00
8.0721509457e-01
-4.3023920059e+00
-1.5146996975e+00
-1.9538664818e+00
-1.2105998993e+00
-1.9490847588e+00
2.6252117157e+00
2.5668141842e+00
9.4624972343e-01
3.4495446086e-01
8.0482733250e-01
-9.2549979687e-01
1.5614241362e-01
1.7135174274e+00
1.4196499586e+00
-7.5970329344e-02
3.7593029439e-02
9.2264449596e-01
9.4714134932e-01
-7.0661175251e-01
-1.5583122969e+00
4.2163917422e-01
1.2384837866e+00
1.2824290991e+00
-3.9177662134e-01
-1.3799262047e-01
-2.7387444973e+00
-2.3418703079e+00
-9.9567649886e-03
-1.2784266472e+00
-1.1341822147e+00
1.4128881693e-01
2.1710447967e-01
6.2998622656e-02
-4.5550767332e-02
-1.8061171770e+00
1.6605700254e+00
4.8631039262e-01
4.2496263981e-01
1.1932876110e+00
8.3533316851e-01
8.5922992229e-01
1.6010627151e-01
2.5558733940e-01
-1.5242508650e+00
-1.9528038502e+00
7.0266050100e-01
1.1819831133e+00
7.1068221331e-01
1.9122412205e+00
1.1000627279e+00
2.2505030632e+00
1.4665790796e+00
1.0231795311e+00
9.4436861575e-02
4.7395354509e-01
2.6217153668e-01
2.1429555416e+00
-7.5758315623e-02
3.5574615002e-01
-1.7320342064e+00
2.1207590103e+00
8.3841031790e-01
9.2094677687e-01
1.9550250769e+00
2.4651403427e+00
-2.5975370407e+00
-1.3645956516e+00
-9.8254650831e-01
-1.3547823429e+00
-7.2038149834e-01
6.9758772850e-01
7.9047858715e-02
-8.8887554407e-01
-8.2869958878e-01
-1.9039576054e+00
1.2943898141e-01
2.0840385556e-01
1.5658333302e+00
1.1346639395e+00
1.3565999269e-01
1.6607940197e+00
7.4654209614e-01
1.3342305422e+00
1.3560413122e+00
4.0357959270e-01
-8.2082676888e-01
1.8393884897e+00
2.3284652233e+00
1.7634038925e+00
1.0942562819e+00
-1.0778203011e+00
8.0821245909e-01
9.2802368104e-02
-9.1062676907e-01
-4.7813177109e+00
-3.1149476767e-01
1.0640586615e+00
1.8940763474e+00
1.4788738489e+00
2.6707136631e+00
4.8446660042e+00
2.4217760563e+00
1.1276930571e+00
2.6986560225e-01
6.4248508215e-01
-3.2587888241e+00
-1.1659538001e-01
3.9773833752e-01
-3.2591706514e-01
-2.2256264687e+00
4.4682539999e-02
-1.0450148582e+00
-2.3816020787e-01
5.6283456087e-01
9.1914230585e-01
-3.2621422410e-01
1.7560501099e+00
1.5222595930e+00
1.5442160368e+00
8.2329905033e-01
-1.6862176657e+00
-9.7608011961e-01
-1.4472181797e+00
1.1462948471e-01
2.0201194286e+00
1.5032501221e+00
1.4524934292e+00
8.3061093092e-01
-3.4888002276e-01
4.2580813169e-01
5.9577655792e-01
1.2214072943e+00
1.9980421066e+00
9.6239775419e-01
4.2228358984e-01
1.7519516945e+00
5.1126414537e-01
3.1148159504e+00
9.2001551390e-01
2.6596217155e+00
2.1442039013e+00
1.5420879126e+00
1.2555766106e+00
1.5053827763e+00
2.6890662313e-01
2.4235451221e+00
3.7656828761e-02
-1.0413770676e+00
8.5552163422e-02
-8.8672125340e-01
3.1771037579e+00
4.1661700606e-01
-3.0283164978e-01
-4.9137040973e-01
-2.7530562878e-01
-8.3193618059e-01
-1.3921034336e+00
-2.0658235550e+00
-2.0815327168e+00
4.7707828879e-01
1.8783450127e+00
9.8285371065e-01
3.1074316502e+00
1.0383232832e+00
3.2151088715e+00
2.1564340591e+00
1.7147872448e+00
2.6779339314e+00
1.6040208936e-01
7.1430504322e-01
-9.8674619198e-01
5.4775863886e-01
9.4369775057e-01
6.5148121119e-01
7.9257565737e-01
1.2996134162e-01
-1.0123306513e+00
-6.6957492381e-03
6.8492430449e-01
3.8733908534e-01
-1.3636372089e+00
-8.6803221703e-01
-1.4660075903e+00
-8.1282550097e-01
-1.7269073725e+00
2.0275142193e+00
7.7938848734e-01
1.2521507740e+00
7.7977842093e-01
1.4337625504e+00
1.0867293179e-01
2.4415278807e-02
-1.0238981247e+00
-8.5505163670e-01
-3.2927391529e+00
-1.3553879261e+00
6.4170616865e-01
-1.7216688395e-01
-1.5487533808e-01
-3.1477326155e-01
-2.0135698840e-02
-4.3721637130e-01
-6.5651142597e-01
-1.8816034794e+00
-2.3761038780e+00
-1.7887575626e+00
-2.3078322411e+00
-1.2743495703e+00
8.5705190897e-01
6.6958993673e-01
1.6258006096e+00
9.3790209293e-01
8.0775398016e-01
-6.7525230348e-02
-1.8876900673e+00
-5.5550485849e-01
4.3575835228e-01
5.1813399792e-01
3.7012001872e-01
1.3650801182e+00
-2.7275007963e-01
-1.9268176556e+00
9.7142672539e-01
2.3697454929e+00
3.7681214809e+00
-9.4711118937e-01
-1.0463532209e+00
-4.8084571958e-01
1.4082400501e-01
-5.8561164141e-01
1.8191488981e+00
9.1979408264e-01
-3.7142956257e-01
1.6402605176e-01
-9.5602434874e-01
-5.5475676060e-01
-1.3362789154e+00
-1.3305227757e+00
-7.1950376034e-01
-1.6125643253e-01
7.2869163752e-01
-1.6331219673e-01
-2.7842495441e+00
-3.1909540296e-01
-4.8676007986e-01
-3.2516739368e+00
-4.2933061719e-01
-3.1961694360e-01
5.0934863091e-01
1.0271811485e+00
1.7547962666e+00
3.0673664808e-01
1.4711686373e+00
1.5586644411e+00
8.3752685785e-01
-2.8943948746e+00
1.3732095957e+00
-2.1007467806e-01
-7.7054566145e-01
-1.7400581837e+00
-2.2923970222e+00
-8.4057265520e-01
-1.5728168488e+00
-1.7026597261e+00
-1.3105586767e+00
2.6601448655e-01
7.3845785856e-01
-6.1886894703e-01
-7.3979490995e-01
-5.1026973724e+00
-9.7686505318e-01
-6.8881016970e-01
-2.1937727928e+00
-1.1537320614e+00
-1.5899938345e+00
2.5982201099e+00
1.0385433584e-01
1.0842578411e+00
2.8392663598e-01
-5.8002495766e-01
1.3023017645e+00
9.2309850454e-01
7.4484646320e-01
2.5434184074e-01
-3.1290417910e-01
-1.8916548491e+00
-8.3180576563e-02
-2.8526625037e-01
-1.1907363078e-03
1.1278815567e-01
-1.7838968039e+00
-2.2745025158e+00
-2.1577649117e+00
-1.9609782100e-01
9.5078155398e-02
2.1116023064e+00
-1.6019782424e-01
1.7289783955e+00
-4.9298489094e-01
3.4356889725e+00
2.0102648437e-01
-1.0202594101e-01
-7.3218768835e-01
-3.1693854928e-01
-1.0743439198e+00
1.1901541948e+00
-3.4476822615e-01
-1.1635791063e+00
-1.0349388123e+00
-2.5174951553e+00
5.4520004988e-01
-2.0576687157e-01
1.3094546795e+00
1.7327804565e+00
5.4719142914e+00
4.8572286963e-01
-5.0055795908e-01
-6.8070396781e-02
6.7137426138e-01
-6.2390416861e-01
-5.8129549026e-01
-1.9912930727e+00
-8.0645388365e-01
-1.5193641186e-01
4.0792658925e-02
1.3206892014e+00
2.4500682354e+00
1.0710576773e+00
-2.7081567049e-01
2.6919066906e+00
1.0889303684e+00
-1.7402039766e+00
8.3221328259e-01
2.6947996020e-01
-1.2260574102e+00
2.3345339298e+00
2.3328330517e+00
5.2079916000e-01
-1.8282446861e+00
-3.1401512623e+00
4.1501638293e-01
1.2685043812e+00
-7.1021717787e-01
-1.7602263391e-01
-3.6355657578e+00
2.8334746361e+00
4.6986451745e-01
1.1412286758e-01
-1.0031965971e+00
-2.1867977083e-01
3.9872298241e+00
6.3680553436e-01
2.2053465247e-01
-5.2059810609e-02
4.5671445131e-01
1.1230231524e+00
2.4237354100e-01
1.6274135113e+00
6.8322139978e-01
1.9898468629e-02
-1.7390381098e+00
-8.2045626640e-01
-1.5467777252e+00
-1.4465172291e+00
-4.9750280380e+00
-1.3499296904e+00
6.7314004898e-01
7.3009878397e-01
9.2327281833e-02
2.0094799995e+00
-2.9996788502e+00
1.7998024821e-01
-2.4762247503e-01
-1.1755797863e+00
-1.4439266920e+00
-1.5610169172e+00
-1.8819581270e+00
-3.7355217934e+00
-4.8081752658e-01
-1.4652222395e+00
-3.0862782001e+00
-9.2997960746e-02
1.0551555157e+00
7.6101291180e-01
4.4281791896e-02
-1.5631036758e+00
-2.2770981789e+00
1.3302195072e+00
1.8336366415e+00
2.2892863750e+00
2.2216665745e+00
-3.5288192332e-02
1.3756285906e+00
1.1854288727e-01
1.0557482243e+00
1.4225761890e+00
-1.1731098890e+00
-1.4879070222e-01
5.9474325180e-01
-1.4361806214e-01
-3.6506638527e+00
1.0037758350e+00
6.2684595585e-01
-2.2139529884e-01
-2.8692190647e+00
2.4289970398e+00
-5.2680754662e-01
-4.1025128216e-02
-9.3519520760e-01
-7.2573524714e-01
2.0228133202e+00
3.5648378730e-01
-1.6613740921e+00
2.8162047267e-01
1.0972815752e+00
2.9485523701e+00
3.5914072394e-01
6.8572986126e-01
1.2236773968e+00
2.1749894619e+00
-1.1696678400e-01
3.0454728603e+00
-1.6534626484e+00
-1.5248198509e+00
-1.5649861097e+00
2.5068030357e+00
-5.2388745546e-01
-4.6893797815e-02
-1.6792669892e-01
-8.5385054350e-01
-1.8978153467e+00
-5.7663297653e-01
9.9952101707e-01
3.8035860658e-01
-9.7825878859e-01
-9.1054087877e-01
-2.7388327122e+00
-5.1816499233e-01
1.0257740021e+00
-2.9061408713e-02
-1.8168700933e+00
-4.7883194685e-01
-1.0366755724e-01
-1.4014481008e-01
1.5565866232e+00
-1.0918010473e+00
8.9566147327e-01
7.3980057240e-01
5.1446485519e-01
3.7817016244e-01
3.4739608765e+00
2.6005008221e+00
7.8002440929e-01
-4.1280025244e-01
2.4545316398e-01
-1.0948697329e+00
-3.0320903659e-01
3.3685114980e-01
7.1865826845e-01
-9.6288211644e-02
-2.5264642239e+00
-2.5732944012e+00
6.7002889700e-03
9.1994172335e-01
4.5955005288e-01
-2.4571056366e+00
-1.8192075491e+00
1.8316048384e-01
5.6439501047e-01
1.0652254820e+00
-6.1741495132e-01
4.9470362067e-01
8.0763572454e-01
4.9309524894e-01
6.0043454170e-01
-8.6439371109e-01
-1.9295905828e+00
5.5714851618e-01
3.1340062618e-01
8.9245980978e-01
-3.6278812885e+00
-1.0482705832e+00
-2.1697466373e+00
-8.3061611652e-01
-2.9625360966e+00
1.1950621605e+00
3.6815991402e+00
-2.5367072225e-01
6.8517637253e-01
-1.2361028194e+00
5.3214244843e+00
1.2604469061e+00
4.4494134188e-01
-1.4723304510e+00
-9.0162116289e-01
-2.9072257876e-01
1.1006925106e+00
-6.4079630375e-01
-4.1621306539e-01
-3.7708574533e-01
2.3176915646e+00
-1.9741202593e+00
-1.1905705929e+00
-1.6729090214e+00
6.7819941044e-01
1.3815218210e+00
-5.0247013569e-01
-6.7816719413e-02
-1.3827898502e+00
4.4109255075e-01
-1.9000134468e+00
-6.6201364994e-01
2.6565858722e-01
9.8667091131e-01
5.1357436180e-01
-1.9562503099e+00
-1.1595778465e+00
4.3598085642e-01
2.4494898319e+00
7.8754329681e-01
-1.9362659454e+00
-1.7848665714e+00
-9.0250152349e-01
1.4109529555e-01
-1.9668413401e+00
-1.4302507639e+00
-1.6244469881e+00
-1.8389903307e+00
-1.2068626881e+00
-5.4710131884e-01
-8.6250078678e-01
-2.5748854876e-01
-8.5864102840e-01
-8.2396638393e-01
4.1437100619e-02
-1.0207675695e+00
2.9994750023e-01
-8.1313347816e-01
4.9031283706e-02
-2.0196707249e+00
-1.5598911047e+00
1.3734431267e+00
1.3871859312e+00
2.5376195908e+00
-3.5063970089e-01
-3.5111150742e+00
-3.3715147972e+00
2.9509395361e-01
8.0614471436e-01
-3.4163999557e-01
1.7640684843e+00
3.5429923534e+00
1.9403506517e+00
2.3513948917e+00
-1.9212653637e+00
-2.0075631142e+00
2.5301450491e-01
-1.6691948175e+00
7.3786932230e-01
-2.6365313530e+00
-6.5081346035e-01
-1.7752054930e+00
4.2706765234e-02
2.2105874121e-01
1.9477006197e+00
1.2562834024e+00
-1.1408955604e-01
-8.3687388897e-01
-6.4951533079e-01
-1.0286476612e+00
-1.0185177326e+00
7.0999073982e-01
2.3678055406e-01
3.5614848137e-01
-8.2888489962e-01
6.8335098028e-01
-2.5317952633e+00
1.5642631054e-01
1.3338330388e-01
1.4401577711e+00
1.9516172409e+00
-6.9738495350e-01
9.6304899454e-01
1.5805922747e+00
4.6789374948e-01
-1.7526811361e+00
4.5360469818e-01
-2.4633512497e+00
4.8925478011e-02
-1.8235806227e+00
1.1712149382e+00
-2.7607758045e+00
1.6102810204e-01
-1.1348787546e+00
2.0491967201e+00
2.0481061935e+00
1.0044647206e-04
2.6982492208e-01
-3.0226655006e+00
-3.6654064655e+00
1.4008593559e+00
-7.2459387779e-01
6.9226495922e-02
-1.7582296133e+00
-1.8534393311e+00
5.8944916725e-01
-8.4213161469e-01
1.6734384298e+00
1.8173809052e+00
1.3414927721e+00
3.1942149997e-01
-4.6019181609e-01
2.1243062019e+00
1.0201224089e+00
1.3039908409e+00
-1.6921601295e+00
-1.3232978582e+00
-2.3848157376e-02
1.4151980877e+00
1.0325130224e+00
2.0499711037e+00
1.0396988392e+00
1.2057934999e+00
1.1676390171e+00
8.6116832495e-01
-3.0756931305e+00
-2.5110208988e+00
-3.9086309075e-01
5.9744298458e-01
-7.6905757189e-01
-2.4067685604e+00
-7.9228776693e-01
2.5085651875e+00
2.9500536919e+00
6.1622893810e-01
-1.7854495049e+00
-3.6749620438e+00
-8.7158542871e-01
-8.4989476204e-01
2.2619655132e+00
-3.5818076134e+00
4.4193410873e-01
1.8961250782e-01
3.7955006957e-01
-3.3325421810e-01
9.4566500187e-01
-1.0892563500e-02
-3.7680599093e-01
-9.6821285784e-02
-3.7325942516e-01
9.1281250119e-02
1.0931851715e-01
-5.4265439510e-01
-1.2281180620e+00
-9.4493812323e-01
-6.2163293362e-01
-2.1070110798e+00
-8.8357681036e-01
-3.1532514095e+00
2.0894465446e+00
2.7352806926e-01
1.2278332561e-01
4.1379252076e-01
4.7439292073e-01
1.4540519714e+00
-3.6784079671e-01
-2.5267508626e-01
-5.3937274218e-01
-7.1351641417e-01
1.0991665125e+00
3.8125947118e-01
1.0454046726e+00
-5.6853260845e-02
-1.1702351570e+00
8.4215027094e-01
1.3518896103e+00
-1.7879234552e+00
1.5464010239e+00
8.4383577108e-01
2.2032579407e-02
1.7179553509e+00
-4.0660703182e-01
1.4478052855e+00
1.6925344467e+00
6.7453199625e-01
4.7076717019e-01
1.6186268628e-01
1.5658727288e-01
-1.6778943539e+00
-1.9058997631e+00
1.3348938227e+00
-9.9743708968e-02
2.8612709045e-01
2.0189518109e-02
-1.3573759794e+00
7.1734464169e-01
2.1954207420e+00
1.6434110403e+00
2.6739256382e+00
1.7872313261e+00
3.9874930382e+00
1.8457140028e-01
2.0523014069e+00
-1.0440881252e+00
-3.3813174814e-02
3.4800365567e-01
-4.1166949272e-01
1.3376790285e+00
-3.2749983668e-01
3.8097970486e+00
-7.9024446011e-01
7.8217446804e-01
1.1333699226e+00
1.3005242348e+00
-4.0965229273e-01
2.6872475147e+00
3.3404426575e+00
1.7687720060e+00
1.6650868654e+00
4.0232124925e-01
-2.3325316906e+00
-2.1666741371e+00
-4.6207103133e-01
-1.2069330215e+00
-3.4368081093e+00
-2.8596153259e+00
7.6893901825e-01
-1.7805994749e+00
-8.7904147804e-02
-2.7974765301e+00
5.3010845184e-01
1.1593490839e-01
3.7139448524e-01
-4.6600916982e-01
3.2523639202e+00
-6.0914182663e-01
8.5306358337e-01
7.1144688129e-01
-3.0424886942e-01
1.8920136690e+00
-2.8014690876e+00
-1.6329225302e+00
-7.9065376520e-01
1.3799412251e+00
-3.5316842794e-01
1.9990061522e+00
3.0375349522e-01
-2.0772895813e+00
-1.0880417824e+00
-4.8227009177e-01
1.2757003307e+00
-3.6588826776e-01
1.5273433924e+00
-8.1806421280e-01
1.2948902845e+00
-1.1171404123e+00
1.8298884630e+00
-1.4785605669e-01
2.0355403423e+00
-2.7246320248e+00
4.4202804565e-02
-2.0631580353e+00
-7.9014587402e-01
-4.5873135328e-02
-7.6740741730e-01
1.9608497620e+00
-5.0308942795e-01
4.9779336900e-02
3.1843656301e-01
2.2856743336e+00
-5.0866246223e-01
-3.9103335142e-01
-2.7648296952e-01
3.2858321071e-01
1.7262339592e+00
-2.3583354950e+00
1.1278040707e-01
1.8348742723e+00
-2.4067853391e-01
-2.2111439705e+00
-1.5573824644e+00
1.6151542664e+00
9.1629934311e-01
2.5681061745e+00
8.5462689400e-01
-1.2830847502e+00
3.9497274160e-01
8.3461833000e-01
1.4929888248e+00
4.2326575518e-01
-1.2726154327e+00
-1.4353712797e+00
-2.8894609213e-01
-8.8049876690e-01
-6.8888640404e-01
-1.9224544764e+00
-1.6591964662e-01
-1.3890270889e-01
-1.6804960370e-01
-2.0733554363e+00
6.4224392176e-01
8.5067324340e-02
1.1785097122e+00
2.2825436592e+00
-3.9761024714e-01
-1.1534303427e+00
-3.2721236348e-01
2.4542546272e-01
1.1883537769e+00
1.0786195993e+00
-2.1288633347e+00
-5.9985935688e-01
-6.0433648527e-02
-2.8214256763e+00
-1.8076689243e+00
7.3454177380e-01
7.4784433842e-01
-1.4910826683e+00
2.2101745009e-01
-6.7598491907e-01
-1.5668725967e+00
1.9987696409e-01
-6.0605400801e-01
2.2823147774e+00
2.5151264668e+00
-2.1964433193e+00
1.7768802643e+00
-3.7476965785e-01
1.5025621653e+00
-1.3650079966e+00
1.9307552576e+00
1.2988629341e+00
9.1169416904e-01
1.0255607367e+00
2.4921674728e+00
-2.2692374885e-01
-6.2340420485e-01
1.4505951405e+00
3.6575266719e-01
9.2845475674e-01
-1.4412215352e-01
-1.3328406811e+00
-1.0517016649e+00
-5.3093641996e-01
6.0563826561e-01
1.2772692442e+00
-1.6992826462e+00
2.5120645761e-01
-3.4638267756e-01
1.9340624809e+00
-8.9382392168e-01
-8.1286746264e-01
-8.8128185272e-01
5.9558916092e-01
-6.2899895012e-02
4.6698594093e-01
-1.8872566521e-01
-9.1354817152e-01
-6.0917973518e-01
1.8870329857e-01
2.0363414288e+00
-5.7841020823e-01
1.4942158461e+00
4.5490565896e-01
2.0060873032e+00
7.4927262962e-02
-9.9456781149e-01
-1.4499284029e+00
2.8393155336e-01
-1.0254004002e+00
6.2311774492e-01
5.4301271439e+00
2.4102191925e+00
3.0215470791e+00
-1.4453279972e+00
1.9551796913e+00
-7.2382998466e-01
1.4034745693e+00
6.3460730016e-03
2.8827362061e+00
-2.0444180965e+00
2.0681412518e-01
1.2647807598e-01
3.8274264336e-01
-3.4020370245e-01
7.7587246895e-01
2.7015248314e-02
-1.0732820034e+00
4.4336342812e-01
-5.4596494883e-03
-6.5562844276e-01
-8.6457371712e-01
-9.7745507956e-01
-1.4209580421e+00
-1.8364808559e+00
-1.1774141788e+00
1.5489835739e+00
-5.9899526834e-01
2.3751101494e+00
1.2281944603e-01
-6.1659073830e-01
2.1163062751e-01
2.6019251347e+00
1.5025440454e+00
1.2531208992e+00
-8.0140089989e-01
-2.1961288452e+00
-1.7844258547e+00
-1.6158782244e+00
2.7810962871e-02
-2.3432285786e+00
5.0234109163e-01
-1.4217253923e+00
6.3135409355e-01
-2.7759867907e-01
-1.6997026205e+00
4.1042838097e+00
-4.1024870872e+00
-1.7174501419e+00
-6.0563716888e+00
-4.0377154350e+00
2.4835648537e+00
-2.3071436882e+00
1.1097738743e+00
-5.6025462151e+00
-1.0643874407e+00
1.3295279741e+00
3.4116895199e+00
2.0126147270e+00
1.1894677877e+00
-1.6498104334e+00
3.3249024302e-02
5.1596689224e-01
1.4401794672e+00
-4.3944853544e-01
-1.0099201202e+00
2.1212393045e-01
2.9837435484e-01
2.9678573608e+00
-7.5973480940e-01
-1.6685266793e-01
5.9829217196e-01
1.3937125206e+00
1.4506691694e+00
1.1289488077e+00
3.7889379263e-01
9.4224148989e-01
1.2228118181e+00
2.5988159180e+00
9.2060863972e-01
-2.2379691601e+00
4.6429162025e+00
1.1765466630e-01
2.8085432053e+00
-2.2980902195e+00
-4.0244374275e+00
-5.9362030029e-01
-1.2049821615e+00
1.7512723207e+00
-1.3565464020e+00
1.2647813559e-01
9.8011881113e-02
3.1197887659e-01
6.5088796616e-01
-5.5395275354e-01
-4.9266314507e+00
-2.1525363922e+00
-1.3850103617e+00
-1.9578685760e+00
-2.6690094471e+00
1.3633428812e+00
-1.2336841822e+00
5.8058875799e-01
-8.2200384140e-01
1.4141780138e+00
-9.4474291801e-01
-2.2110295296e+00
-5.1771646738e-01
-2.6960742474e+00
4.5486307144e-01
-1.1364260912e+00
-6.7558199167e-01
1.6300493851e-02
2.8242668509e-01
2.2408277988e+00
4.0245062113e-01
8.4223258495e-01
1.2379329205e+00
-1.0816860944e-01
1.2748990059e+00
-2.4980695248e+00
-5.2327561378e-01
6.5125000477e-01
1.0613739491e+00
-2.4385502338e+00
-4.4782005250e-02
7.6230180264e-01
9.6115076542e-01
1.7021609545e+00
-9.3356937170e-02
-8.1681585312e-01
2.9663476348e-01
1.2276371717e+00
9.0263533592e-01
2.1142933369e+00
9.8057143390e-02
-5.4220515490e-01
-1.7927752435e-01
-6.9943028688e-01
-2.1882161498e-01
3.9464128017e-01
1.2818932533e+00
-6.6584295034e-01
9.5609998703e-01
-4.6529296041e-01
5.1483869553e-01
6.6593730450e-01
3.3695459366e+00
1.5916056633e+00
1.9871891737e+00
-9.6506923437e-01
2.0866250992e+00
-4.0218379349e-02
2.9701719284e+00
1.1892338991e+00
5.1052212715e-01
2.8946046829e+00
2.1777973175e+00
2.2502479553e+00
2.9019639492e+00
4.0409965515e+00
8.9202511311e-01
1.2227571011e+00
3.9151656628e-01
-1.7895195484e+00
3.7753627300e+00
1.8731561899e+00
1.9761273861e+00
8.6813855171e-01
2.2486479282e+00
8.1097829342e-01
7.5555044413e-01
6.4807438850e-01
-6.4298766851e-01
-1.2178692818e+00
-7.8434163332e-01
9.0842860937e-01
1.7798651457e+00
8.4456330538e-01
-9.5418579876e-02
-7.1794849634e-01
3.9061393589e-02
1.7364596128e+00
4.8142018318e+00
2.9180772305e+00
2.3483555019e-01
2.3250406981e-01
4.1202494502e-01
-4.0762266517e-01
3.4825149179e-01
3.9201691151e+00
2.0115361214e+00
4.4743207097e-01
2.3095838726e-02
2.4689978361e-01
-2.1213914454e-01
-1.1707111597e+00
7.6585257053e-01
-1.6024319828e-01
1.5928273201e+00
2.2391390800e-01
-4.8597745597e-02
-2.0506082475e-01
-1.0683701038e+00
-4.6777936816e-01
-6.9678866863e-01
4.0130630136e-01
1.2295749187e+00
3.9267367125e-01
2.5195372105e-01
-1.5080325603e+00
-3.4696528316e-01
-7.1302825212e-01
-5.7575333118e-01
1.0129565001e-01
-6.1205297709e-01
-2.9883027077e-01
-1.4848393202e+00
4.9919873476e-01
-4.8661825061e-01
1.3113617897e+00
-2.9862791300e-01
8.5873323679e-01
1.7379672825e-01
2.5547764301e+00
2.5929808617e+00
1.2185833454e+00
3.1152846813e+00
2.5550013781e-01
1.9826376438e+00
1.6518123448e-02
-8.1006556749e-01
-8.7512642145e-01
-9.1937071085e-01
-3.0481958389e-01
1.9852746725e+00
-1.0800808668e-01
-5.1593858004e-01
-1.1315404177e+00
-2.5813658237e+00
1.3528225422e+00
5.5490177125e-02
3.2429382205e-01
-7.6404042542e-02
-1.4658348560e+00
-1.1827926636e+00
1.2521238327e+00
-9.8885637522e-01
-5.8690570295e-02
-1.0993300676e+00
-7.1576935053e-01
-1.6289875507e+00
-2.3025376797e+00
-2.9009308815e+00
-3.3829501271e-01
-8.1250101328e-01
-1.3032214642e+00
-9.9605339766e-01
5.1796394587e-01
9.0812426805e-01
3.4110844135e+00
1.4996228218e+00
5.6429791451e-01
1.2786042690e+00
4.7805503011e-01
3.3855311871e+00
1.3320490122e+00
1.1774374545e-01
2.8852546215e+00
1.4253506660e+00
-1.4613122940e+00
-9.3082982302e-01
-9.9821090698e-02
-1.2128001451e+00
-7.1607398987e-01
2.3010046482e+00
1.4466446638e+00
2.3192940652e-01
-8.2775884867e-01
-1.9669204950e+00
-6.8622356653e-01
3.2216152549e-01
-4.1825082898e-01
2.3492716253e-01
1.4821590483e-01
-3.8584992886e+00
-9.6700668335e-01
-2.2946478426e-01
-2.6246652007e-01
-7.9007893801e-01
-3.2327053547e+00
-1.2605047226e+00
1.3182550669e-01
-8.7543487549e-01
-1.5691335201e+00
6.2856435776e+00
8.5430079699e-01
1.0683776140e+00
1.1758138239e-01
-7.5500541925e-01
3.7404528260e-01
2.0300289989e-01
-7.8780746460e-01
1.0445340872e+00
1.6652706861e+00
-1.1659876108e+00
-7.2119009495e-01
1.6429615207e-03
-1.1557726860e+00
7.5219833851e-01
-1.4485183954e+00
-2.3768601418e+00
-1.0889954567e+00
-1.4432812929e+00
-5.1603388786e-01
-1.7775146961e+00
-9.4765621424e-01
-2.3116643727e-01
-1.6825476885e+00
-1.8009837866e+00
1.4903394878e-01
-1.2620982528e-01
-6.5896511078e-01
1.8857304752e-01
-2.1722245216e+00
-2.5209048390e-01
-8.2242809236e-02
-1.1438734531e+00
-1.7230560780e+00
9.6533292532e-01
1.9317938089e+00
8.6720800400e-01
1.4003627002e-01
9.7655490041e-02
-1.9642225504e+00
-4.2339701653e+00
-1.3047111034e+00
-8.1657820940e-01
-2.1600213051e+00
-1.3550834358e-01
5.5740218163e+00
1.1983028650e+00
2.4771187305e+00
8.6007899046e-01
-7.1176767349e-01
-2.9323701859e+00
-4.0704183280e-02
3.3214083314e-01
3.9612826705e-01
2.3234210014e+00
2.4219414592e-01
5.8930283785e-01
7.6934653521e-01
-2.5791642070e-01
3.5761728883e-01
-3.1794340611e+00
-1.3534103632e+00
-4.0112975240e-01
1.4306072891e-01
-9.3756371737e-01
2.3720824718e+00
1.1562180519e+00
-4.7169542313e-01
3.2218050957e-01
-6.1735916138e-01
3.5508775711e+00
-1.3240664005e+00
6.6084213555e-02
-6.6448587179e-01
1.2267439365e+00
3.1115394831e-01
1.5536921024e+00
1.2809183598e+00
-1.4620095491e+00
-1.8806974888e+00
-7.1878701448e-01
-2.0367726684e-01
3.5160729289e-01
-6.7360806465e-01
-5.7365632057e-01
-1.6004112959e+00
-1.1448358297e+00
-3.1455954909e-01
-1.3091278076e+00
-1.6809793711e+00
-8.1314080954e-01
4.5682567358e-01
-1.2970083952e+00
-1.4568387270e+00
-1.5410583019e+00
2.9305429459e+00
1.1389004439e-01
1.3536953926e+00
2.3722715378e+00
2.2391910553e+00
-2.3406198025e+00
-1.7026845217e+00
-1.1203287840e+00
-3.4521204233e-01
9.6656161547e-01
1.5549353361e+00
3.6035314202e-01
8.5884922743e-01
2.0005295277e+00
2.6215729117e-01
2.3018658161e-01
-7.2136324644e-01
1.0306690931e+00
-1.6133207083e+00
-1.6023496389e+00
-9.9734616280e-01
-8.8222056627e-01
4.8825342208e-02
1.2943729162e+00
-1.5879845619e+00
-1.9490070343e+00
2.8061944246e-01
-6.4144545794e-01
-3.0748391151e-01
2.9060041904e-01
4.5269593596e-01
-7.6279163361e-01
5.2124291658e-02
1.5039548874e+00
2.1606292725e+00
5.9910702705e-01
1.4001660347e+00
4.9186307192e-01
5.3392553329e-01
2.6364159584e-01
1.4933692217e+00
6.7622542381e-01
4.4992202520e-01
3.1649301052e+00
1.5716916323e+00
2.7430791855e+00
8.4265989065e-01
-4.3091052771e-01
2.0707599819e-01
1.8484033644e-02
3.3803744316e+00
-4.7779941559e-01
-2.9094871134e-02
4.7090819478e-01
2.0692787170e+00
-1.9111220539e-01
1.9408269227e-01
-1.5175498724e+00
-1.1463278532e+00
2.0402798653e+00
4.0331611633e+00
2.1033048630e+00
1.8882236481e+00
1.9715961218e+00
6.9632112980e-01
-1.0250533819e+00
4.1823261976e-01
1.0007007122e+00
1.0762413591e-01
-2.0743785799e-01
-7.3092192411e-01
-4.1974017024e-01
1.1410579681e+00
8.5820376873e-01
-1.7037060261e+00
1.3833917379e+00
8.0352795124e-01
5.8920955658e-01
6.7762929201e-01
-1.5750468969e+00
-5.0017008781e+00
-2.5327315331e+00
-8.2503056526e-01
-1.8542391062e+00
-2.1477393806e-01
8.0317449570e-01
1.5203772783e+00
1.7166202068e+00
1.7956294119e-01
-7.4927955866e-01
3.4352507591e+00
1.4954789877e+00
3.0832001567e-01
-2.0165822506e+00
-1.7405468225e+00
2.9242663383e+00
1.8085348606e+00
1.9941633940e+00
4.9343457818e-01
-8.9142188430e-02
-1.1212992668e+00
4.9777626991e-01
1.6055471897e+00
-3.6821067333e-01
-5.9112501144e-01
-9.8307961226e-01
-5.3008317947e-01
1.3839868307e+00
1.2538721561e+00
-4.3449349701e-02
4.2559492588e-01
4.7709873319e-01
1.6785135269e+00
1.0259026289e+00
-1.5857526064e+00
9.8080921173e-01
1.0127767324e+00
3.3290693164e-01
1.6718168259e+00
1.8875042200e+00
2.8970017433e+00
2.5583000183e+00
9.6971404552e-01
2.9962971807e-01
-6.9392181933e-02
-2.0209784508e+00
-1.9648134708e+00
3.3899907023e-02
-7.1588093042e-01
-4.2711442709e-01
-1.5307726860e+00
1.6761229932e-01
4.1857957840e-03
5.5991995335e-01
1.2478715181e+00
-1.4445746783e-03
1.1293944120e+00
1.9523401260e+00
1.6138918400e+00
2.3877003789e-01
-9.7357875109e-01
-2.2799863815e+00
-6.0414570570e-01
-2.2038933635e-01
1.3033281565e+00
-9.7146756947e-02
-4.0609350801e-01
-7.0677006245e-01
-2.0779579878e-01
3.0669680238e-01
-1.9383247197e-01
-6.9051903486e-01
1.6205568314e+00
5.3357523680e-01
-4.5388504863e-01
1.2575174570e+00
2.1067457199e+00
9.2286664248e-01
5.3611773252e-01
7.7700787783e-01
-1.0147951841e+00
-1.4834901690e-01
9.6473401785e-01
1.3478180170e+00
8.8736563921e-01
1.6320395470e+00
5.0878733397e-01
1.1443816125e-01
-1.0805476457e-02
1.2204237282e-01
3.2788650990e+00
1.7227795124e+00
-5.9836131334e-01
7.3361665010e-01
-9.1512180865e-02
-2.5835201740e+00
-1.5280188322e+00
-2.7475130558e+00
2.8969272971e-02
1.0722284317e+00
3.2173731923e-01
3.8716238737e-01
1.2088828534e-01
5.2495473623e-01
1.7662487030e+00
-1.3892091513e+00
-1.7971373796e+00
3.9755411446e-02
1.0266553164e+00
1.3786281347e+00
-1.2416521460e-01
3.3570434898e-02
-2.0722558498e+00
3.3386099339e-01
-1.8178312778e+00
3.7327842712e+00
1.1112800837e+00
3.0950960517e-01
9.9628996849e-01
1.0841987282e-01
-2.6458346844e-01
-1.0074303150e+00
-7.2545439005e-01
-1.4123703241e+00
-2.1078617573e+00
2.1382107735e+00
2.0516490936e+00
-1.0114113986e-01
-1.7657861710e+00
4.1848072410e-01
9.6693605185e-02
3.5822412372e-01
2.8331083059e-01
-4.1432464123e-01
-1.4183365107e+00
-2.8674776554e+00
-5.7386296988e-01
8.6822718382e-01
4.7147545218e-01
-7.6511728764e-01
-1.8723497391e+00
9.4310915470e-01
1.7142987251e+00
3.2145667076e-01
-8.8072484732e-01
3.9544813633e+00
3.6266833544e-01
-2.7073681355e-01
2.9297542572e-01
1.1307927221e-01
7.8444600105e-02
4.0961894393e-01
1.6744647026e+00
6.1715281010e-01
-2.1888582706e+00
-7.6113539934e-01
1.3017394543e+00
1.0215752125e+00
7.6248526573e-01
1.7902028561e-01
-6.7134618759e-02
-2.3602499962e+00
-1.4160534143e+00
1.1499840021e+00
2.2023086548e+00
-1.1981798410e+00
7.3081737757e-01
2.0597002506e+00
-4.6314612031e-02
-1.7727376223e+00
-3.3158597350e-01
8.3020889759e-01
5.4387915134e-01
-5.3820395470e-01
-4.5703944564e-01
-1.4834463596e+00
-4.5601084828e-01
-9.1228199005e-01
1.6967577934e+00
2.4815528393e+00
1.3040735722e+00
-3.3005997539e-01
-1.3417601585e+00
-1.2709993124e+00
5.6298680604e-02
-4.9635591507e+00
-2.1883544922e+00
4.5404754579e-02
1.0828162730e-01
5.0531518459e-01
4.1548104286e+00
1.8382171392e+00
9.6969771385e-01
-1.0390939564e-01
-1.4848041534e+00
-3.4307398796e+00
-1.6655206680e+00
6.8046653271e-01
7.5202429295e-01
-4.3699893355e-01
4.0608188510e-01
-3.6205515265e-01
-7.6042598486e-01
-4.1352334619e-01
-8.7886609137e-02
-3.9376349449e+00
-1.5894050598e+00
-2.9827281833e-01
-9.3300320208e-02
-7.7638864517e-01
9.6491259336e-01
7.0788270235e-01
-4.3548214436e-01
-6.5559899807e-01
-6.4794617891e-01
2.6834895611e+00
-2.4145823717e-01
7.1157455444e-01
-4.6826413274e-01
2.5233668089e-01
-1.5620403290e+00
5.7222497463e-01
7.0593494177e-01
6.4187735319e-01
-3.4292447567e-01
-1.3818196058e+00
-1.1554663181e+00
-7.4808549881e-01
-1.0320219994e+00
-7.6071858406e-01
-1.0296361446e+00
-2.4348039627e+00
-1.9992616177e+00
-1.4415882826e+00
6.4812466502e-02
3.1026333570e-01
-2.7042526007e-01
-1.0387734175e+00
5.8858484030e-01
2.1693539619e+00
3.0844593048e+00
1.4742890596e+00
8.4585142136e-01
5.4498183727e-01
-1.1612987518e+00
-5.6730234623e-01
2.9099377990e-01
8.5749989748e-01
7.5452631712e-01
8.7978827953e-01
2.3355665207e+00
6.6722375154e-01
-7.4067176320e-03
8.5445903242e-03
-5.1025211811e-01
-1.0307950974e+00
1.7880533636e-01
8.9358192682e-01
2.6038181782e+00
-4.8820227385e-01
-3.8998490572e-01
4.7337241471e-02
-1.5311105251e+00
-4.0997973084e-01
-1.3291805983e-01
-1.9858030081e+00
-6.8450599909e-01
-1.1882570982e+00
-2.9309493303e-01
5.8504319191e-01
2.7721128464e+00
2.7170233727e+00
1.3192319870e+00
-4.8835900426e-01
-2.3184125423e+00
2.2838027477e+00
2.7017252445e+00
1.2234127522e+00
-9.6174323559e-01
-9.5536637306e-01
1.0340948105e+00
-3.1185802817e-01
5.8279883862e-01
9.3270301819e-01
-1.7305254936e+00
5.2052822113e+00
2.0112891197e+00
6.0827833414e-01
-3.8362321258e-01
9.0617358685e-01
4.0054392815e+00
1.6466530561e+00
9.5419621468e-01
1.1870011091e+00
1.4238960110e-02
3.6360320449e-01
-2.0146183968e+00
8.1604343653e-01
9.0585166216e-01
1.8821945190e+00
1.0052864552e+00
1.2877476215e+00
8.1049138308e-01
2.6152786613e-01
-2.6572408676e+00
-2.3513066769e+00
5.8835297823e-01
1.5690954924e+00
1.4339815378e+00
-1.2433960438e+00
-2.5005049706e+00
-6.2915271521e-01
6.7911279202e-01
9.4675891101e-02
-3.5585081577e+00
7.7530550957e-01
-3.2167908549e-01
-1.4512995481e+00
-9.9027442932e-01
-1.2658272982e+00
-4.6787304878e+00
-2.8212296963e+00
-2.1810656786e-01
1.3721299171e-01
-8.8059365749e-02
-1.2371966839e+00
-2.2724721581e-02
1.3052701950e+00
-6.4952844381e-01
-4.9245399237e-01
2.6611373425e+00
1.3754491806e+00
4.4861114025e-01
8.5862714052e-01
9.3209928274e-01
-5.4806721210e-01
1.7907425761e-01
6.9884926081e-01
-3.0724221468e-01
7.1275430918e-01
1.8800666332e+00
2.4144337177e+00
1.0317672491e+00
1.5389616489e+00
1.4971637726e+00
7.4471408129e-01
1.4223845303e-01
1.2817676067e+00
1.6417647600e+00
2.4125008583e+00
-1.4982464314e+00
7.1877884865e-01
2.1948228776e-01
1.1403005123e+00
8.3432573080e-01
-2.9543250799e-01
-1.3457956314e+00
-4.9706557393e-01
5.0432294607e-01
-2.4214141071e-01
4.7984889150e-01
6.0443979502e-01
2.0187377930e+00
1.1120929718e+00
1.0252019167e+00
2.8080993891e-01
-1.4278949499e+00
-9.1753643751e-01
-1.2380048037e+00
1.9759789705e+00
-2.7190992832e+00
-3.5066524148e-01
-9.5101296902e-01
-4.6771028638e-01
3.6885374784e-01
9.6048265696e-01
-4.6813273802e-03
8.8204002380e-01
-1.8510302901e-01
5.8287221193e-01
2.8766855597e-01
7.5944207609e-02
4.7227048874e-01
3.5567367077e-01
5.7470953465e-01
1.5064557791e+00
2.1905026436e+00
1.4214754105e+00
1.4929683208e+00
8.5421412950e-04
1.1915587187e+00
1.2428580523e+00
8.0470448732e-01
-9.4645256177e-03
9.2504960299e-01
-3.2256765366e+00
-3.4983901978e+00
-3.2561795712e+00
-1.3862185478e+00
3.2935570925e-02
3.6746087670e-01
-6.5106976032e-01
-9.4904160500e-01
-1.1458926201e+00
7.2515276261e-03
-9.0823179483e-01
-1.5007793903e+00
-1.5982763767e+00
-1.8661365509e+00
-1.0426377505e-01
1.4069299698e+00
1.5625112057e+00
2.0758674145e+00
2.2129802704e+00
-4.0543794632e-02
-1.9065359831e+00
-1.7722879648e+00
-3.2758897543e-01
-1.3806324005e+00
-1.4444833994e-01
7.0472621918e-01
1.2012676001e+00
1.4803285599e+00
-4.1339299083e-01
2.1887393296e-01
5.7555693388e-01
3.2058897614e-01
1.4257676601e+00
1.2848438025e+00
6.5081739426e-01
1.0823502541e+00
4.2053782940e-01
3.2017123699e+00
2.2672424316e+00
2.2525889874e+00
2.6211309433e+00
4.6721630096e+00
1.3504458666e+00
8.5926789045e-01
8.4922647476e-01
1.0090501308e+00
5.2909880877e-01
8.3180105686e-01
1.3637857139e-01
-8.7213348597e-03
2.2861957550e-01
-1.0885100365e+00
-1.2366760969e+00
-7.9391545057e-01
1.4698330164e+00
-1.9819203615e+00
-2.8892042637e+00
-2.9949448109e+00
-2.3447461128e+00
-1.5909252167e+00
-1.1852573156e+00
3.6110055447e-01
8.0500721931e-01
2.1499812603e-01
-1.6094902754e+00
-1.4053620100e+00
1.0941733122e+00
-1.0415017605e+00
-2.4381446838e+00
-2.1358258724e+00
-2.2999768257e+00
-1.0177049041e-01
-2.5686674118e+00
-8.4907674789e-01
-6.6945058107e-01
9.6121066809e-01
1.5322166681e+00
1.4248436689e+00
-1.5186943114e-01
6.1681020260e-01
-1.9562674761e+00
-7.7278357744e-01
5.4868675768e-02
-2.2511841357e-01
-3.8879013062e-01
-2.0590167046e+00
1.5819814205e+00
-6.3584619761e-01
4.2314577103e-01
1.0359972715e+00
-9.9163001776e-01
3.3642998338e-01
-1.3976165056e+00
-2.4142918587e+00
-2.7067043781e+00
4.7856621742e+00
2.9179086685e+00
8.2413393259e-01
3.9908820391e-01
2.5960534811e-01
-1.3559345007e+00
-4.2442181706e-01
-6.1833184958e-01
-9.3556076288e-01
8.6308348179e-01
-8.9994388819e-01
-2.7896850109e+00
-2.7732282877e-01
-1.6507003307e+00
-1.6611013412e+00
-2.6029632092e+00
-3.4062161446e+00
-2.7475707531e+00
-2.6823654175e+00
-1.0727169514e+00
1.1642503738e+00
1.4503550529e+00
6.9910109043e-02
1.4595121145e+00
3.3199569583e-01
-1.6301347017e+00
-1.6062086821e+00
-1.2951804399e+00
-2.1565692425e+00
4.0488761663e-01
-2.3176269531e+00
-5.6399226189e-01
-1.9055604935e+00
-9.4812512398e-02
3.9779528975e-01
-2.4947886467e+00
-1.1869974136e+00
-1.7352226973e+00
-2.4930255413e+00
-1.9507938623e+00
-3.5511255264e-01
-9.0790277719e-01
9.5476239920e-01
-2.1588639915e-01
-2.8989765048e-01
-1.0057487488e+00
-5.9798592329e-01
-1.9461151361e+00
-1.3594443798e+00
-3.3190742135e-01
-6.0440367460e-01
-3.4614682198e-02
7.2573393583e-02
-9.8486971855e-01
-9.9812448025e-01
9.2931717634e-02
-1.6803157330e-01
5.4853004217e-01
6.2666982412e-01
7.1630805731e-01
-2.5807845592e-01
3.5096243024e-02
-3.5645373166e-02
5.8562818915e-02
2.8162112832e-01
-1.8073278666e-01
-1.2143449783e+00
-1.1262149811e+00
-2.7085962892e-01
1.4654282331e+00
-1.9784072638e+00
-9.1437005997e-01
-2.2467227280e-01
-2.4595825374e-01
5.0189602375e-01
-2.9167869091e+00
-1.7886064053e+00
-1.8603734970e+00
-2.1233055592e+00
4.2527139187e-01
5.4148602486e-01
1.5349982977e+00
1.6730020046e+00
3.5037331581e+00
2.0363249779e+00
-2.7323201299e-01
-2.2033112049e+00
-1.2788014412e+00
-2.0233912468e+00
4.1276431084e-01
-7.1781083941e-02
1.4054192305e+00
-5.7022279501e-01
-1.2405889481e-01
-4.1140940785e-01
8.0885940790e-01
1.9570882618e-01
3.3300909996e+00
1.9791786671e+00
1.5829527378e+00
1.3029192686e+00
6.1326389313e+00
1.9092426300e+00
-2.7164095640e-01
-1.1208453178e+00
1.7119297981e+00
-2.7345088124e-01
-3.1828472018e-01
-7.7396625280e-01
-2.4048142433e+00
2.1966111660e+00
1.6623281240e+00
2.4355013371e+00
1.2599533796e+00
1.9228640795e+00
-2.3860092163e+00
-2.1553885937e+00
-3.0745091438e+00
-1.6176079512e+00
-1.5720125437e+00
-1.3696196079e+00
-1.5052667260e-01
8.3538126945e-01
4.3597182631e-01
1.1371470690e+00
2.1669883728e+00
1.6542534828e+00
-1.3795160055e+00
-2.4435405731e+00
1.0252233744e+00
-9.1128450632e-01
-1.6526163816e+00
-1.9340112209e+00
-1.5828607082e+00
-5.3807485104e-01
-1.7262006998e+00
-1.4666731358e+00
1.6986735165e-01
4.0630102158e-01
8.8974380493e-01
5.5626392365e-01
1.9325537682e+00
1.0840798616e+00
4.7999218106e-01
1.0203018188e+00
-5.1502084732e-01
2.1686580032e-02
1.8634922802e-01
8.6567759514e-01
-6.7294567823e-01
1.0718793869e+00
1.2680959702e+00
-6.4397203922e-01
1.1818691492e+00
6.2670719624e-01
-1.4540787935e+00
-6.6344970465e-01
5.1523149014e-01
1.5260972977e+00
3.4328565598e+00
3.9780741930e-01
6.0040140152e-01
-6.8927741051e-01
2.8553506732e-01
-1.7590875626e+00
5.1694536209e-01
1.6913599968e+00
2.0716912746e+00
4.8833432794e-01
-2.6272413731e+00
-4.8457229137e-01
1.3469589949e+00
2.1579277515e+00
2.1613125801e+00
2.1618154049e+00
-7.5644022226e-01
-4.8293858767e-02
7.6182955503e-01
3.9104321599e-01
-5.7908058167e-01
1.6893754005e+00
-4.7358500957e-01
1.4575114846e-01
-3.8037797809e-01
3.5645533353e-03
2.5995633602e+00
-5.0718528032e-01
4.1332536936e-01
3.1235238910e-01
2.9364788532e-01
-1.5963965654e+00
1.2672823668e+00
1.3656622171e+00
4.7568738461e-01
8.2221025229e-01
1.4282673597e+00
-8.0058515072e-01
6.7669618130e-01
-2.4106664658e+00
-2.7845969200e+00
-1.7749234438e+00
6.9015580416e-01
1.1984759569e+00
1.1046113968e+00
1.2947673909e-02
-1.7627928257e+00
-3.7347689271e-01
-2.7127104998e-01
9.6512234211e-01
-4.2177480459e-01
-9.6599376202e-01
-1.2821159363e+00
-4.9341955781e-01
-3.3424672484e-01
6.5780764818e-01
-1.4325530529e+00
1.3021697998e+00
-3.7656125426e-01
1.2582225800e+00
-4.8128375411e-01
-2.0277152061e+00
8.6004239321e-01
-2.1967969835e-01
3.5636049509e-01
-1.7180573940e+00
-4.2628418654e-02
1.2959173918e+00
2.1622478962e+00
1.7627149820e+00
2.9741306305e+00
-2.4940090179e+00
-3.0199900270e-01
2.0709885657e-01
-9.3317359686e-01
-3.7229406834e-01
-3.6983098984e+00
7.8256219625e-02
-1.7579345703e+00
1.6231279373e+00
-3.0861663818e-01
3.9460948110e-01
6.0148233175e-01
4.4053018093e-01
2.0442888737e+00
2.2682251930e+00
-7.4880963564e-01
-1.2315473557e+00
-1.6245871782e+00
1.0012547970e+00
1.8752561808e+00
-1.9332172871e+00
1.7752473354e+00
1.5717108250e+00
1.2667424977e-01
-9.7826385498e-01
-3.9626913071e+00
-1.0786123276e+00
-8.5728031397e-01
6.8433117867e-01
-8.2213163376e-02
2.5006411076e+00
1.6598743200e+00
2.2691519260e+00
1.6002287865e+00
-8.0447268486e-01
1.0638388395e+00
5.4497873783e-01
1.1727721691e+00
-1.8988853693e+00
-4.6467792988e-01
1.8250514269e+00
2.6542404294e-01
3.2773521543e-01
2.1842995286e-01
-6.2059974670e-01
-1.2316956520e+00
6.3925319910e-01
-6.7708790302e-01
-4.4879817963e-01
-2.4980759621e+00
1.1080913544e+00
6.6306084394e-01
2.6529684067e+00
1.1443761587e+00
5.0576335192e-01
4.3124079704e-01
-7.2108320892e-02
1.2927833796e+00
1.6820200682e+00
3.0061688423e+00
-8.6841827631e-01
1.0976161957e+00
2.0359852910e-01
1.1981375217e+00
1.7038673162e+00
-1.8285965919e+00
-2.5173954964e+00
-1.5095078945e+00
-1.2739968300e+00
-3.6484268308e-01
-2.5236499310e+00
1.2035819292e+00
6.8796110153e-01
9.0366870165e-01
7.6726801693e-02
7.5202375650e-01
-4.1412267089e-01
5.4095596075e-01
-8.2722443342e-01
-5.8868948370e-02
-1.0586853027e+00
1.2776620686e-01
1.7632287741e+00
4.7734692693e-01
8.9018243551e-01
4.4953769445e-01
1.5992023051e-01
6.3816535473e-01
5.7264924049e-01
1.3593606949e+00
1.3118910789e+00
1.3103845119e+00
9.8362706602e-02
-2.0957590640e-01
-2.3513489962e-01
-9.0094685555e-01
-2.0063297749e+00
-6.9765645266e-01
-1.8325865269e+00
7.3818318546e-02
-1.5617963672e-01
-2.0852749348e+00
-1.0889934301e+00
-8.7956124544e-01
-8.7517625093e-01
5.5217832327e-01
-1.0247672796e+00
-5.4363644123e-01
-5.0854468346e-01
-1.7879774570e+00
4.5293080807e-01
2.1851203442e+00
9.0310472250e-01
1.2133009434e+00
-6.3388997316e-01
-3.3218588829e+00
-1.4879543781e+00
-4.2807693481e+00
-1.2867021561e-01
-1.9488153458e+00
-1.1088145971e+00
1.1663875729e-01
-1.5944803953e+00
1.2186374664e+00
7.0799809694e-01
5.3118503094e-01
-2.6041133404e+00
-5.0942230970e-02
-2.6244361401e+00
1.6503186226e+00
2.3131351471e+00
5.9535896778e-01
1.1501034498e+00
6.2447571754e-01
6.7437773943e-01
-4.5503454208e+00
2.9916810989e+00
-1.6229152679e+00
1.6699343920e+00
-5.5005083084e+00
1.4109134674e+00
1.5906208754e+00
-1.0816060305e+00
1.2594817877e+00
3.7803411484e-01
3.3262094855e-01
3.8182446361e-01
6.6387608647e-02
1.3685981035e+00
1.5350050926e+00
-1.5081974268e+00
1.1627104133e-01
-1.5468611717e+00
1.6439992189e+00
3.3426871896e-01
-1.9981656075e+00
-5.0325274467e-01
-5.0896561146e-01
2.9419147968e-01
-8.5652339458e-01
-6.9200199842e-01
-1.1447710991e+00
6.5406955779e-02
-3.5124704242e-02
4.8370635509e-01
-3.6500139236e+00
-8.0094897747e-01
-1.1365531683e+00
-2.6379483938e-01
-8.3487164974e-01
-1.1653568745e+00
1.1901295185e+00
2.0394940376e+00
2.2424421310e+00
-9.2682075500e-01
-3.4140331745e+00
-1.9454808235e+00
-9.6906191111e-01
-1.9262592494e-01
-3.1800979376e-01
-5.8306878805e-01
1.0982737541e+00
-1.7563563585e+00
4.8038825393e-01
-1.1223623157e-01
-9.9564027786e-01
3.1537100673e-01
-1.0407254696e+00
1.1119282246e+00
1.1289388686e-01
4.8514184356e-01
2.4254810810e+00
2.0372445583e+00
-1.5707461834e+00
-2.0225679874e-01
-1.6803015471e+00
2.1488051414e+00
-2.6641631126e+00
2.2410862148e-01
-2.2747409344e+00
-1.2960252762e+00
-5.1014435291e-01
8.0424517393e-01
-3.8422492146e-01
-8.0520951748e-01
6.5648794174e-01
3.4550571442e-01
-1.0485887527e+00
1.9059896469e-01
-1.8273649216e+00
-2.1086273193e+00
1.6952661276e+00
1.7592099905e+00
1.5334516764e+00
-2.3270867765e-01
7.1516603231e-01
2.7447996140e+00
2.6469820738e-01
5.8510911465e-01
-1.7046798468e+00
7.4570214748e-01
1.2634284794e-01
-3.2165672630e-02
7.4869066477e-01
2.6779404283e-01
-1.1939057112e+00
1.0450769663e+00
5.0689350814e-02
1.2555663586e+00
4.2032366991e-01
-5.4904097319e-01
-8.0961120129e-01
-8.7664365768e-02
-1.7753380537e-01
3.0638071895e-01
1.6426056623e-01
-1.1525161266e+00
4.6764034033e-01
3.9105936885e-01
3.0459036827e+00
-5.5286651850e-01
4.7171783447e+00
-3.7197887897e+00
3.7613270283e+00
-3.7099215984e+00
1.2679358721e+00
1.6551645994e+00
1.0458760262e+00
2.1938779354e+00
2.9161384106e+00
-8.8793009520e-01
-3.1961077452e-01
-1.7786182165e+00
-4.4499135017e-01
-1.6240106821e+00
-9.9128520489e-01
-6.5631401539e-01
2.6966992021e-01
-1.8111213446e+00
-1.2989459038e+00
1.6421433687e+00
-1.4996572733e+00
-7.2910624743e-01
-1.0114408731e+00
-3.0240738392e-01
-1.6390013695e+00
1.5927231312e+00
-1.2370328903e+00
1.4255609512e+00
-3.4039094448e+00
3.2894715667e-01
8.2819139957e-01
1.2907556295e+00
8.5665243864e-01
2.0786800385e+00
-1.8367723227e+00
2.2083570957e+00
1.1337798834e+00
1.2453223467e+00
2.9674565792e+00
2.2511785030e+00
-1.7536048889e+00
-4.9170756340e-01
-5.1855266094e-01
1.7225483060e-01
-2.1177141666e+00
-6.9406461716e-01
-7.6235359907e-01
2.4994692206e-01
9.9986262619e-02
-4.3981117010e-01
7.6363913715e-02
-1.0902705789e-01
4.7656068206e-01
6.0917574167e-01
-2.7561838627e+00
7.7009630203e-01
-2.2166810036e+00
4.4045168161e-01
-6.0182051659e+00
-3.5788276196e+00
-2.1717209816e+00
-2.0587346554e+00
-1.4011322260e+00
-2.0340962410e+00
1.6029045582e+00
-2.8896242380e-01
2.0239925385e+00
7.6689124107e-01
2.4985978603e+00
-1.5200381279e+00
3.2794427872e-01
-1.7563241720e+00
1.3010214269e-01
-2.8156046867e+00
1.6955403984e-01
5.4604387283e-01
3.3946260810e-01
7.9853057861e-02
2.4522613734e-02
-1.5439131856e-01
-6.7718434334e-01
-4.1435435414e-01
-2.6412892342e+00
-4.8638801575e+00
2.6815278530e+00
1.5727183819e+00
-3.4547355771e-01
1.8946608901e-01
-2.6176156998e+00
1.8432323933e+00
-7.9460877180e-01
6.0865163803e-01
-8.8525635004e-01
-4.6076884866e-01
-3.6583647132e-01
3.9852242470e+00
-1.8808130920e-01
3.9998836517e+00
1.0850695372e+00
8.0123472214e-01
-2.4808111191e+00
-4.8680174351e-01
-1.8776829243e+00
-4.0786308050e-01
1.8439245224e+00
7.8298729658e-01
4.7565123439e-01
-1.2903182209e-01
-2.9066133499e-01
-1.6148852110e+00
4.9067860842e-01
-9.2502379417e-01
2.4324896336e+00
1.1654225588e+00
3.0148944855e+00
5.8431911469e-01
1.8212295771e+00
1.4023200274e+00
1.5880578756e+00
-8.8704191148e-02
8.5160654783e-01
4.8684534431e-01
-6.8618911505e-01
-7.2067207098e-01
-1.8874174356e+00
-6.5937948227e-01
-2.3252401352e+00
-2.0615527630e+00
-4.4131908417e+00
1.6452101469e+00
1.4253857136e+00
-1.4984089881e-02
-3.2763230801e-01
3.6859798431e+00
-3.5580661893e-01
6.5783971548e-01
5.9802198410e-01
-4.0415830910e-02
1.4164934158e+00
-2.0434455574e-01
-1.4831361771e+00
5.0432825089e-01
-5.2749902010e-01
8.6045570672e-02
2.7105388641e+00
1.6110073328e+00
1.7121592760e+00
1.6109145880e+00
1.8096518517e+00
6.5123832226e-01
-9.0179896355e-01
-2.1794135571e+00
-1.4655578136e+00
-2.3833434582e+00
2.5094830990e-01
-3.7966659665e-01
1.2663049698e+00
6.5150690079e-01
1.9745234251e+00
-1.0035203695e+00
-2.8699429035e+00
1.9866585732e-01
-2.4317922592e+00
-3.4434057772e-02
-1.9357265234e+00
-1.6128978133e-01
-2.5422766805e-01
-1.1033910513e+00
-6.9687020779e-01
4.0150260925e+00
1.4923715591e+00
-5.4854267836e-01
1.1738541126e+00
-1.8934826851e+00
1.5402683020e+00
-6.0356128216e-01
1.3660671711e+00
-9.9516123533e-01
1.4765732288e+00
6.9495505095e-01
9.8508495092e-01
-3.8841822743e-01
7.8180164099e-01
3.3920001239e-02
-1.7164947987e+00
9.2955803871e-01
4.7214028239e-01
8.1410890818e-01
8.9798140526e-01
1.5772305727e+00
-1.7068040371e+00
5.7968908548e-01
-6.8128508329e-01
-4.8099344969e-01
-3.9657003880e+00
-5.4061782360e-01
-2.2844941616e+00
-1.2389782667e+00
-5.6779589653e+00
9.3333035707e-01
3.0006316304e-01
9.8718184233e-01
-7.2287100554e-01
1.5118044615e-01
6.4235901833e-01
-1.3038119078e+00
-3.5493966192e-02
-3.7062940001e-01
3.3214670420e-01
3.2950687408e-01
3.4165985584e+00
1.9860902429e-01
3.4918372631e+00
7.4186253548e-01
-2.7711820602e+00
-2.7156648636e+00
-2.1174225807e+00
8.8204932213e-01
-1.2734440565e+00
1.9582127333e+00
5.2269375324e-01
3.6563137174e-01
5.1139116287e-01
-1.9574427605e+00
-1.3046081364e-01
1.2192413807e+00
3.1524604559e-01
-3.6513519287e-01
1.4023652077e+00
-1.2113313675e+00
-6.8412983418e-01
-8.9280879498e-01
-3.9305493236e-01
-1.4272738695e+00
-1.0123616457e+00
2.1735890210e-01
-1.0019539595e+00
-1.4492673874e+00
-3.8014931679e+00
4.2017722130e+00
2.3670432568e+00
2.0128548145e+00
2.2807226181e+00
2.2343282700e+00
-2.1251804829e+00
-1.4189925194e+00
-2.0583970547e+00
-2.0665073395e+00
-3.6871242523e+00
-1.7603424788e+00
-4.3211269379e-01
1.1845043302e-01
1.4499945641e+00
-1.5280257463e+00
9.1291183233e-01
4.1103780270e-01
1.6523411870e-01
-1.0371042490e+00
-3.1418974400e+00
2.0253255367e+00
4.0668663383e-01
3.8967916369e-01
9.3751531839e-01
2.4480777979e-01
-2.9151949883e+00
-1.9115134478e+00
-2.5660976768e-01
8.1485110521e-01
-1.4002503455e-01
3.9003086090e-01
-2.8193740845e+00
-2.2712312639e-01
3.1588956714e-01
4.0121871233e-01
-8.8447850943e-01
-4.2089870572e-01
-8.9897435904e-01
1.0906591415e+00
-6.1247545481e-01
4.2062020302e-01
1.4487586021e+00
-3.4345775843e-01
1.6005059481e+00
3.9886257052e-01
8.7060093880e-01
5.9446913004e-01
3.3193725348e-01
-1.6284470260e-01
1.1704669148e-01
7.6490020752e-01
-1.6584525108e+00
-7.7265810966e-01
-3.0674621463e-01
-6.1206060648e-01
-1.0933581591e+00
8.9281618595e-01
6.8112510443e-01
-8.9610725641e-02
6.1978960037e-01
2.8867316246e+00
3.4923062325e+00
1.9133757353e+00
2.2384290695e+00
1.6107032299e+00
1.1374377012e+00
9.5155924559e-01
1.1904938221e+00
4.3992853165e-01
-6.1076343060e-01
1.0305165052e+00
4.3989643455e-01
-2.5333404541e-01
2.1218195558e-01
-2.0930929184e+00
2.6583311558e+00
1.8259316683e+00
9.3641102314e-01
2.4863552302e-02
3.5902869701e-01
-3.6816987991e+00
8.6824315786e-01
-3.0537259579e-01
6.9646376371e-01
-2.8783721924e+00
8.0853074789e-01
1.9054601192e+00
1.3352211714e+00
2.2373716831e+00
3.3618922234e+00
2.6414673328e+00
-1.8752292395e+00
6.1791372299e-01
-1.3255090714e+00
-2.0660631657e+00
5.1944822073e-02
1.5515471995e-01
9.0103399754e-01
1.7952289581e+00
1.4055952430e-01
8.9114958048e-01
-3.4407213330e-01
-1.1711781025e+00
-2.0027725697e+00
-2.2750363350e+00
2.1593341231e-01
-1.3141846657e+00
1.8670397997e+00
-2.1550924778e+00
5.9093171358e-01
-8.9156430960e-01
8.6613470316e-01
2.8402371407e+00
4.0094542503e+00
2.0745239258e+00
1.0153132677e+00
7.3516678810e-01
8.9387041330e-01
9.2071151733e-01
1.3162471056e+00
2.8277487755e+00
3.9335548878e-01
-1.6326186657e+00
-6.8902570009e-01
-5.2492791414e-01
-1.6444261074e+00
6.3389617205e-01
1.1392587423e+00
5.6703865528e-01
1.5348157883e+00
1.7082796991e-01
6.7886792123e-02
-6.8237948418e-01
-8.2443910837e-01
-1.4686394930e+00
-7.8764632344e-02
4.8185777664e-01
1.2750648260e+00
8.9994169772e-02
5.8941745758e-01
-3.7445693016e+00
-5.5539077520e-01
-1.1789180040e+00
-1.2007390261e+00
1.7030359805e-01
4.8045030236e-01
-3.0632987618e-01
-3.9537888765e-01
-2.1258668602e-01
5.0146467984e-02
-5.5714178830e-02
-8.8655894995e-01
1.0992389172e-01
-1.1364779472e+00
7.4467599392e-01
2.4826877117e+00
1.9700215757e-01
1.5648683310e+00
1.7004833221e+00
1.6300141811e+00
4.2119681835e-02
-2.3467405140e-01
-1.1212663651e+00
-1.1491488218e+00
-1.1698037386e+00
4.1114063263e+00
2.6548483968e-01
-4.6725910902e-01
-1.1582169533e+00
-9.6189635992e-01
1.7045674324e+00
-6.1797368526e-01
-1.1188899279e+00
-1.4858084917e+00
-2.2989354134e+00
1.5510947704e+00
-4.3063783646e-01
4.8402589560e-01
1.4889554679e-01
7.9032874107e-01
-8.9630532265e-01
-1.6176322103e-01
-4.4570413232e-01
-2.2055175304e+00
-8.0397218466e-01
2.3289003372e+00
1.1206243187e-01
-5.4663366079e-01
-2.0842286944e-01
5.6349486113e-01
1.0588562489e+00
-7.0439320803e-01
5.4289096594e-01
1.5282346308e-01
5.6243145466e-01
1.5888451338e+00
2.3036828041e+00
1.2474453449e+00
2.5295362473e+00
1.7441111803e+00
-1.4234290123e+00
-1.5668995678e-01
-1.4104196429e-01
1.6497404873e-01
-1.6371295452e+00
5.6842869520e-01
-6.0711580515e-01
-2.9894477129e-01
-1.7911198139e+00
-8.7981516123e-01
1.9309750795e+00
-1.2002992630e-01
3.0360028148e-01
-3.9597883821e-02
8.7730419636e-01
-1.8780825138e+00
-1.7884548008e-01
-4.9798744917e-01
9.0964514017e-01
-5.2763986588e-01
-3.1934835911e+00
-8.8833117485e-01
-1.0007127523e+00
4.3016245961e-01
-2.1733055115e+00
2.5292921066e+00
2.1682977676e+00
3.1161322594e+00
3.0447583199e+00
1.4238039255e+00
-4.8529502749e-01
-3.9341193438e-01
-1.5612587929e+00
-2.5717207789e-01
-1.0254755616e-01
-1.6327309608e+00
-4.0606588125e-01
2.8471636772e-01
1.0302539170e-01
6.9519406557e-01
-5.5667896271e+00
-1.7453159094e+00
-1.5910414457e+00
1.4678600244e-02
-2.2065472603e+00
-1.7082192898e+00
-4.2009690404e-01
1.6191236675e-02
-3.2545194030e-01
-2.4289557934e+00
2.5281486511e+00
1.0333378315e+00
-2.4084827304e-01
-1.0487655401e+00
-2.3577661514e+00
1.4222036302e-01
1.4047186375e+00
-1.4569846392e+00
4.4034144282e-01
9.0032559633e-01
1.8452959061e+00
2.1452972889e+00
8.6462885141e-02
1.8279138803e+00
-9.8507648706e-01
-2.5640940666e+00
-1.5836687386e-01
5.0710457563e-01
3.5156735778e-01
7.0959657431e-01
1.7427518368e+00
2.0547407866e-01
6.5757840872e-01
7.8006124496e-01
-1.6616504192e+00
-8.0774718523e-01
-1.2540010214e+00
1.0660918802e-01
8.0755904317e-02
1.3874188662e+00
-1.0056824237e-01
4.5760700107e-01
2.5096482038e-01
1.7923090458e+00
1.3900398016e+00
-2.8123304844e+00
-1.2237592936e+00
-7.3026764393e-01
1.0340442657e+00
-1.4331223965e+00
7.9215323925e-01
-1.3358215988e-01
3.6596065760e-01
-2.9692893848e-02
-2.2043211758e-01
2.5950033665e+00
-2.6621625423e+00
6.4763933420e-01
-2.1140782833e+00
1.5679734945e+00
1.9014851749e-01
1.1928250790e+00
-2.3045037687e-01
2.3282444477e-01
-2.1679422855e+00
1.2574660778e-01
1.9223853946e-01
6.5538996458e-01
9.7074829042e-02
1.9733349979e-01
-1.0929123163e+00
-9.8602831364e-01
-1.2491364479e+00
-9.4203293324e-01
-1.4261243343e+00
-5.5911082029e-01
-4.3964337558e-02
1.8678095192e-02
-5.3803229332e-01
3.9325267076e-01
6.0773034096e+00
2.6642031670e+00
3.0466289520e+00
3.6955287457e+00
3.5473904610e+00
-5.5145865679e-01
-1.4557753801e+00
-1.2656809092e+00
-5.4511874914e-01
2.8412786126e-01
-1.1556097269e+00
4.7866931558e-01
5.0378364325e-01
1.4558900595e+00
-7.2247669101e-02
6.2339973450e-01
-6.9896161556e-01
3.7874063849e-01
8.4060436487e-01
-1.4739024639e+00
6.4947628975e-01
-1.0702246428e+00
3.6875441670e-01
3.6193844862e-03
7.8326117992e-01
-2.2633163631e-01
-1.7018915415e+00
-6.6781383753e-01
-7.5468492508e-01
1.2918697596e+00
-1.9369677305e+00
-1.2429518700e+00
-4.6410143375e-01
-1.4887843132e+00
-3.5976839066e-01
1.5065424442e+00
-2.0489840508e+00
6.0285657644e-02
-1.0662009716e+00
1.6082661152e+00
1.8563984632e+00
2.8040397167e-01
-1.1587847024e-01
-5.6910687685e-01
1.0617325306e+00
4.0284805298e+00
7.1802008152e-01
6.0348266363e-01
6.8547874689e-01
6.0983359814e-02
1.1721924543e+00
-7.6200246811e-01
-1.1835435629e+00
4.8356312513e-01
2.3504739627e-02
-3.5907730460e-01
2.6304170489e-01
-2.5450867414e-01
2.2577589750e-01
9.7175699472e-01
2.4038410187e+00
2.0259246826e+00
2.2266190052e+00
3.1913850307e+00
2.1772031784e+00
1.1616532803e+00
-2.6814562082e-01
1.8455976248e+00
2.8998875991e-02
7.3334622383e-01
4.0978145599e-01
7.8827184439e-01
1.9645434618e+00
1.7855892181e+00
-1.6990835667e+00
1.5863893032e+00
1.4494751692e+00
1.3241579533e+00
1.3382335901e+00
-1.3920764923e+00
-1.1006957293e+00
-2.7208075523e+00
5.4955250025e-01
-1.4522808790e+00
4.6255007386e-02
-5.7823065668e-02
-1.3855016232e+00
1.3623963594e+00
1.4539836645e+00
-1.1654359102e+00
-7.1948957443e-01
-2.0504795015e-01
-7.2164624929e-01
-1.5839217901e+00
1.5193557739e+00
-5.2574586868e-01
-1.2568236589e+00
-1.7483175993e+00
-8.3665955067e-01
-7.0487219095e-01
-9.6456098557e-01
-1.1581367254e+00
6.4410424232e-01
1.1623011827e+00
1.3237572908e+00
-1.8296186626e-01
-9.3864925206e-02
1.9072085619e+00
5.2448177338e-01
1.2535271645e+00
3.8839033246e-01
5.9251475334e-01
-1.1510522366e+00
-1.2327789068e+00
-2.9709362984e+00
2.5646108389e-01
-1.0617326498e+00
1.6626265049e+00
-1.3455624580e+00
1.0155564547e+00
-3.8955223560e-01
-1.0040264130e+00
-2.1300971508e+00
2.3532035947e-01
-3.5309472084e+00
1.0820825100e+00
1.5789767504e+00
1.7135633528e-01
-1.2220495939e+00
-6.1060409546e+00
5.8787387609e-01
-6.6047865152e-01
-4.2576301098e-01
-4.6363455057e-01
-2.4344623089e-01
4.3960040808e-01
-4.7634878755e-01
1.2842769623e+00
1.3899567127e+00
2.1540839672e+00
-6.6380006075e-01
1.1877406389e-02
1.1460922956e+00
1.0823438168e+00
2.0587997437e+00
1.1473556757e+00
7.8209602833e-01
-4.9512198567e-01
1.1780223995e-01
-4.5602362603e-02
2.1758233011e-01
1.7765507102e-01
7.5564742088e-01
-1.8483648300e+00
-2.1694686413e+00
5.3124606609e-01
3.5216057301e-01
1.2372832298e+00
1.8523867130e+00
3.1259636879e+00
-2.5259578228e-01
-6.1519944668e-01
-8.3227682114e-01
-1.0255159140e+00
-1.6729559004e-01
-2.1491006017e-01
-1.0923440754e-01
-1.6172309220e-01
3.8969573379e-01
-4.3599128723e-01
-1.5045632124e+00
-1.2663211823e+00
-8.9166277647e-01
6.6995131969e-01
7.7044063807e-01
5.2153199911e-01
-1.5568175316e+00
-5.6872135401e-01
3.0429849029e-01
1.8014662266e+00
4.8410120606e-01
1.6332752705e+00
-1.1867034435e+00
1.4841096401e+00
-2.7563421056e-02
2.4164156914e+00
3.8447529078e-01
-2.8054618835e-01
-1.1075228453e+00
-3.1864800453e+00
-4.0287870169e-01
-1.4780791998e+00
6.1260616779e-01
1.3159608841e+00
-5.7226341963e-01
-3.2621008158e-01
1.7705813646e+00
-2.7323925495e-01
3.4507438540e-01
-5.5618677139e+00
-1.8992034197e+00
-1.0697762966e+00
-6.6322892904e-01
-1.5235795975e+00
-5.2023136616e-01
-7.0727026463e-01
-3.9191055298e-01
-7.5306832790e-01
8.7740117311e-01
5.6158125401e-01
5.3222799301e-01
-1.1277085543e+00
1.8530605733e-01
-1.4902004004e+00
-4.4515281916e-02
7.7373921871e-01
8.5811597109e-01
1.7280067205e+00
1.9672852755e-01
2.8967947960e+00
9.2907243967e-01
5.2215886116e-01
-1.0317398310e+00
-1.5070905685e+00
-9.0251213312e-01
-6.0640847683e-01
1.3482105732e+00
2.0479011536e-01
1.8177349567e+00
7.4608427286e-01
1.3962757587e+00
1.2222870588e+00
9.8203605413e-01
-2.9237520695e-01
-1.8065328598e+00
-3.0336026102e-03
3.3546783030e-02
-2.1433491707e+00
1.6472042799e+00
2.1201448441e+00
3.9986774325e-01
2.3638484478e+00
1.5902986526e+00
1.3083304167e+00
-3.1919231415e+00
-1.1779487878e-01
7.7802622318e-01
1.5273344517e+00
-1.1949675158e-02
1.0898705721e+00
3.9705461264e-01
2.0012493432e-01
9.8910409212e-01
-1.1046116352e+00
3.1192324162e+00
-3.7818461657e-01
1.1494367123e+00
-1.8141734600e+00
7.3707777262e-01
-3.0774843693e+00
-7.4968707561e-01
-3.0474269390e+00
4.7200243920e-02
-1.8851326406e-01
3.1435279846e+00
5.0638681650e-01
3.5023042560e-01
2.4694247544e-01
1.9101782143e-01
8.9418268204e-01
-5.3846728057e-02
1.4190611839e+00
5.2118390799e-01
2.1875050068e+00
1.7256467342e+00
4.5827436447e-01
1.0403828621e+00
-4.5613577962e-01
9.1344565153e-02
2.2757618129e-01
3.2182908058e-01
7.9398316145e-01
-1.0673501492e+00
1.4795022011e+00
-1.2834246159e+00
2.0722370148e+00
6.0616797209e-01
-1.8140013218e+00
-9.8882609606e-01
-9.8335772753e-01
-1.1444669217e-01
-1.3067538738e+00
-1.6702657938e+00
4.8343458772e-01
3.3174261451e-01
1.7942904234e+00
3.4165063500e-01
-6.7734420300e-01
-2.6490381360e-01
-3.5218534470e+00
-1.7542703152e+00
-9.7440975904e-01
-6.9937938452e-01
1.4020261168e-01
3.3282814026e+00
-8.9332526922e-01
-7.4428248405e-01
1.0159765482e+00
3.2034778595e-01
4.1378612518e+00
-2.0952646732e+00
-7.9922872782e-01
-1.8967194855e-01
1.9101573229e+00
5.2328772545e+00
5.9041649103e-01
-1.5743780136e-01
6.3572561741e-01
9.2713528872e-01
-1.2700031511e-02
1.7489139736e-01
1.1927158833e+00
-5.1552557945e-01
3.7396803498e-01
-2.0431644917e+00
6.6191166639e-01
-2.0359556656e-03
-1.3116877079e+00
-1.5497949123e+00
-2.6614134312e+00
-1.5817689896e-01
-1.8764258921e-01
3.2056257129e-01
2.3121180534e+00
3.6372220516e+00
1.4039663076e+00
7.8305816650e-01
8.9084970951e-01
-3.5296013951e-01
-2.1904573441e+00
8.9171594381e-01
3.0387973785e+00
-8.6060428619e-01
1.8183352947e+00
4.9518266320e-01
2.6863975525e+00
-6.1271703243e-01
2.0592429638e+00
2.2674655914e+00
2.3530097008e+00
-9.7564488649e-01
3.6082905531e-01
-1.3036249876e+00
2.3952391744e-01
-2.5600364208e+00
1.6742697954e+00
-4.9118008465e-02
-3.7127485871e-01
-1.8271261454e+00
-1.1305028200e+00
5.5030500889e-01
-4.7044426203e-01
-5.6599450111e-01
-4.1771045327e-01
-5.7907705307e+00
-2.3601196706e-01
-5.8058613539e-01
-6.2815076113e-01
-1.5426391363e+00
-1.9698697329e-01
3.6515164375e-01
-3.1339710951e-01
-1.8951040506e+00
-1.9679754972e-01
-1.5947326422e+00
2.3695215583e-01
1.8558888435e+00
2.6101119518e+00
-3.1819813251e+00
-5.2262878418e+00
4.8017355800e-01
-8.7697887421e-01
2.5231418014e-01
-2.7160048485e+00
-1.5124490261e+00
1.0097194910e+00
2.0419473648e+00
-2.2484140396e+00
2.2092733383e+00
2.8895840645e+00
3.0082410574e-01
1.1305211782e+00
-7.5704678893e-02
-3.3197095990e-01
7.0719164610e-01
-2.0295753479e+00
-3.7892642617e-01
-6.1029016972e-01
2.0349361897e+00
3.5064713955e+00
-1.5720633790e-02
1.2950786352e+00
6.0496765375e-01
-1.0160237551e+00
1.4379350841e-01
2.0946197510e+00
8.6897194386e-01
2.0313677788e+00
1.4958156347e+00
2.4630653858e+00
-3.3093900681e+00
-2.7718928456e-01
-1.1567465067e+00
-1.0750305653e+00
-2.2423427105e+00
-6.0146546364e+00
-6.5224009752e-01
-7.8832727671e-01
-1.0537723303e+00
-1.2502311468e+00
-7.4119970202e-02
-1.0496102571e+00
-8.8133841753e-01
-1.3307559490e+00
-6.2377452850e-01
-2.5954957008e+00
1.2464231253e+00
-8.6176908016e-01
1.8980586529e+00
-2.1643259525e+00
2.5534513593e-01
1.1471982002e+00
1.1516447067e+00
8.2281345129e-01
6.4701241255e-01
-1.8168019056e+00
1.6333527565e+00
9.4210249186e-01
2.4815332890e+00
3.5031437874e+00
1.1909583807e+00
-2.0677895546e+00
-7.3564314842e-01
-5.0026911497e-01
2.9487016797e-01
-2.6959085464e+00
-1.1294159889e+00
-6.6388651729e-02
1.7999622822e+00
2.2293980122e+00
-5.4786485434e-01
4.0405613184e-01
4.1249996424e-01
8.7933456898e-01
6.6261120141e-02
-3.1201391220e+00
6.3669824600e-01
-1.4813035727e+00
9.7105991840e-01
-4.5925726891e+00
-4.4302592278e+00
-3.0602428913e+00
-2.0303750038e+00
-1.2267841101e+00
-2.2416675091e+00
2.7255961895e+00
3.2847964764e-01
1.1851854324e+00
-9.4408519566e-02
1.2251070738e+00
-2.2398793697e+00
3.6598086357e-01
-1.0086374283e+00
2.1302498877e-01
-3.9623038769e+00
-1.2005566359e+00
2.3973563313e-01
9.5606499910e-01
7.8807765245e-01
8.0814234912e-02
-7.4165505171e-01
-9.4581031799e-01
-6.9735068083e-01
-1.6092131138e+00
-4.2675004005e+00
1.6660445929e+00
2.0075848103e+00
-8.9625820518e-02
7.4159336090e-01
-3.0113649368e+00
6.2633955479e-01
-5.4049032927e-01
-1.1460403204e+00
-1.2910947800e+00
-1.2404620647e+00
-7.7361360192e-02
2.9614744186e+00
1.6084386036e-02
2.2063369751e+00
1.0777635872e-01
1.8879483938e+00
-2.2934694290e+00
-1.0266878605e+00
-2.0082019269e-01
1.8817932606e+00
3.1448104382e+00
6.4605230093e-01
3.1766721606e-01
-7.4577653408e-01
-1.0425047874e+00
-1.9651011229e+00
2.1627871692e-01
-4.7158068419e-01
2.0853016376e+00
1.1980367899e+00
1.0737599134e+00
3.8005265594e-01
1.0767602921e+00
2.0454857349e+00
1.6468461752e+00
2.4911950529e-01
5.3321862221e-01
3.7376269698e-01
-7.4714970589e-01
-1.2656440735e+00
-4.7790684700e+00
-1.5501289368e+00
-2.4358601570e+00
-1.3443531990e+00
-2.7673649788e+00
2.3961582184e+00
1.1908999681e+00
1.7714360356e-01
-1.0241953135e+00
3.7578554153e+00
2.5523061752e+00
1.3153389692e+00
1.3309423923e+00
-7.1239215136e-01
7.3125356436e-01
1.6407918930e+00
1.0131192952e-01
1.2221833467e+00
-5.5054581165e-01
5.2860611677e-01
1.1530210972e+00
1.0352783203e+00
1.4936350584e+00
1.4565204382e+00
2.4778285027e+00
6.6430419683e-01
-8.7467288971e-01
-1.4786530733e+00
-1.2839183807e+00
-2.6364371777e+00
1.6914658546e+00
2.5094446540e-01
7.4634826183e-01
1.2794656754e+00
2.2021098137e+00
8.5668310523e-02
-2.6291379929e+00
7.4407225847e-01
-6.7884230614e-01
6.7504262924e-01
-1.1692092419e+00
2.9535442591e-01
4.6311601996e-01
7.4818916619e-02
2.7134361863e-01
4.1199011803e+00
1.5637528896e+00
5.1418416202e-02
9.6862649918e-01
-1.6896245480e+00
2.9903187752e+00
6.2487685680e-01
1.7814822197e+00
2.3071025312e-01
1.8510996103e+00
-1.6026352644e+00
1.3958264589e+00
-8.1746792793e-01
1.2925186157e+00
-1.4826604128e+00
-4.3798145652e-01
1.2124686241e+00
1.1909089088e+00
8.9334166050e-01
4.8955377936e-01
4.7526815534e-01
-2.1812410355e+00
3.9381968975e-01
-1.0028301477e+00
-1.2510721385e-01
-2.2500982285e+00
-2.3943206295e-02
-2.0295956135e+00
-1.4940271154e-02
-3.6203739643e+00
5.4153794050e-01
-4.5442242175e-02
1.3902797699e+00
-8.8403904438e-01
-5.8323436975e-01
1.6178634167e+00
-8.8347285986e-01
4.4987283647e-02
-1.1298680305e+00
1.2380733341e-01
-3.3770251274e-01
3.0502808094e+00
-6.8075262010e-02
2.2648916245e+00
-1.1262860298e+00
-2.9220995903e+00
-2.4518604279e+00
-9.0747666359e-01
1.2995098829e+00
-3.3002689481e-01
-1.7219482660e+00
7.5761300325e-01
-9.0610259771e-01
1.2990057468e+00
-3.9385292530e+00
5.6968950666e-03
1.0822837353e+00
8.9622169733e-01
-9.4934362173e-01
4.7230717540e-01
-1.0685706139e+00
-2.0375134423e-02
1.1619692296e-01
-4.1843470931e-01
-2.6880681515e+00
-8.1232905388e-01
-1.2392817736e+00
-4.4417595863e-01
-9.0900816023e-02
-2.5415725708e+00
2.2125670910e+00
1.6571511030e+00
2.9648466110e+00
2.1814608574e+00
2.4770479202e+00
-1.2052314281e+00
-1.1983017921e+00
-1.5689387321e+00
-1.2818843126e+00
-2.2517077923e+00
-2.5828790665e+00
5.0352802500e-03
-5.6990331411e-01
2.0354154110e+00
-1.8295371532e+00
6.4302587509e-01
-2.4964159727e-01
7.9446160793e-01
1.0262438059e+00
-1.8662458658e+00
4.1109051704e+00
-2.0250135660e-01
5.3098940849e-01
3.3664348722e-01
6.3027131557e-01
-2.5447961688e-01
-1.6987676620e+00
-4.4733369723e-03
-9.8974812031e-01
-1.1589493752e+00
4.4087776542e-01
-1.9027980566e+00
6.7050629854e-01
1.5006865263e+00
1.0716341734e+00
-1.1308350563e+00
-2.8020858765e-01
-2.9644760489e-01
3.4809038043e-01
2.1159677207e-01
2.1903859079e-01
4.9918738008e-01
-4.1240674257e-01
5.9561431408e-01
-2.1416467428e-01
-1.6104778051e+00
-2.8251469135e-02
-4.3377155066e-01
1.9503706694e-01
-3.8736939430e-01
-2.2975804806e+00
-9.2537546158e-01
-1.2811848521e-01
-1.0746916384e-01
-1.5089727640e+00
-3.3881788254e+00
4.1993191838e-01
5.0073879957e-01
9.6410882473e-01
4.0286710858e-01
2.9223188758e-01
3.4244837761e+00
8.6478042603e-01
9.3695992231e-01
9.0660530329e-01
2.4821236134e+00
1.0201616287e+00
1.6659313440e+00
-3.0599054694e-01
3.9937245846e-01
1.9642034769e+00
1.8975080252e+00
1.1372241974e+00
6.5567225218e-01
-1.7004405260e+00
1.3098117113e+00
1.6488839388e+00
1.2288641930e+00
-9.6270459890e-01
-6.7300415039e-01
-2.3876457214e+00
8.8178917766e-02
-2.0979218185e-01
-4.6400091052e-01
-2.6233377457e+00
1.6001982987e-01
1.9405822456e-01
6.8636548519e-01
1.1746283770e+00
-3.8249063492e-01
7.4932819605e-01
1.3913489580e+00
1.7341669798e+00
1.4892908335e+00
1.0489833355e+00
-1.0074077845e+00
-1.7276296616e+00
-1.3158465624e+00
2.2330420092e-02
1.7143113613e+00
-1.0013667345e+00
1.2872022390e+00
1.0993623734e+00
8.6364537477e-01
-2.1700023115e-01
-3.2978710532e-01
1.4886471629e-01
1.8131375313e+00
1.6734746695e+00
2.1607458591e+00
-1.3927200809e-02
-1.1376342773e+00
9.9443244934e-01
1.9790893793e+00
1.5476834774e+00
-1.2490745783e+00
-1.8192551136e+00
-2.3051047325e+00
-2.7255373001e+00
-5.2673619986e-01
1.7217903137e+00
1.1004990339e+00
-1.0188344717e+00
-5.4841601849e-01
-8.5039365292e-01
-1.9649143219e+00
-2.8889031410e+00
-1.1578735113e+00
1.0733563900e+00
2.9498100281e+00
7.8674358130e-01
-1.8888665736e-01
-1.9974157810e+00
-8.6556798220e-01
-8.0597084761e-01
-6.0426598787e-01
2.2097925842e-01
-3.1601217389e-01
3.2595282793e-01
7.2675967216e-01
-9.6918708086e-01
4.0778875351e-01
2.0894883573e-01
-1.8780200183e-01
5.8548580855e-02
2.8650305271e+00
2.5155513287e+00
1.5780793428e+00
1.1173777282e-01
-4.3864110112e-01
1.5601119995e+00
1.2549436092e-01
1.2837889194e+00
2.2994358540e+00
6.6805571318e-01
-1.7303357124e+00
-1.8035464287e+00
-3.5910005569e+00
-2.6099212170e+00
-2.1527032852e+00
-3.9050742984e-01
3.5878953338e-01
-1.9475411177e+00
-1.1615262032e+00
-1.5689033270e+00
-1.1225628108e-01
-6.0366496444e-02
-6.8138569593e-01
-1.0159439594e-01
-4.0228676796e-01
1.1372721195e+00
1.7492799759e+00
1.8974175453e+00
1.3369455338e+00
1.4783496857e+00
6.6551536322e-01
9.1887956858e-01
1.1389054060e+00
5.4893624783e-01
-9.0265649557e-01
1.0128229856e+00
2.1304175258e-01
7.8106448054e-02
-3.0891191959e-01
7.0438361168e-01
6.0328375548e-02
8.9022018015e-02
-6.0343764722e-02
4.0026909113e-01
-1.2945613861e+00
1.0012860298e+00
-1.1830417439e-02
7.4354070425e-01
6.1599069834e-01
4.8067188263e-01
1.0545892715e+00
6.4464002848e-01
-3.9381206036e-02
1.1808737516e+00
3.5311716795e-01
-1.8181899190e-01
1.0160667896e+00
3.6743927002e+00
1.2732638121e+00
5.1049196720e-01
-5.2952647209e-01
-1.4159618616e+00
-2.5933504105e+00
-2.5871267319e+00
1.8159615993e-01
2.0839836597e+00
-3.9539288729e-02
-1.2320330143e+00
2.2784237564e-01
-1.6037333012e-01
1.7808209360e-01
6.3131171465e-01
1.6706501245e+00
1.1997857094e+00
-2.2892430425e-02
1.6371153593e+00
1.0396858454e+00
9.6430510283e-01
1.2533812523e+00
7.7815014124e-01
8.8308177888e-02
8.0935460329e-01
1.5905609727e-01
-3.9054509252e-02
5.9344679117e-01
2.4922838211e+00
1.7213077545e+00
1.6039186716e+00
3.5740954876e+00
2.1869299412e+00
-1.0592961311e+00
-1.4603152275e+00
-9.0757083893e-01
-1.9573739767e+00
5.4510569572e-01
9.7168225050e-01
-8.1631946564e-01
-5.4567122459e-01
-2.4639105797e+00
9.8371082544e-01
-2.2107157111e-01
8.1372147799e-01
4.3887197971e-01
1.0077891350e+00
1.0225093365e+00
-1.3216602802e-01
1.7812401056e+00
2.7291169167e+00
4.4493260384e+00
1.5077326298e+00
5.2923417091e-01
-2.4579080939e-01
-1.3060792685e+00
-1.3809341192e+00
-4.0843826532e-01
-3.3897817135e+00
-2.4842851162e+00
-1.0818043947e+00
-1.4472888708e+00
-1.9011499882e+00
-1.1444590092e+00
-1.4483599663e+00
-1.1748349667e+00
-1.5898441076e+00
-1.2865993977e+00
-9.5127964020e-01
-2.1312077343e-01
-2.1547673643e-01
9.9594777822e-01
1.7899812460e+00
-1.3738116026e+00
-1.4363378286e+00
-6.7754381895e-01
5.6993752718e-01
1.3677508831e+00
-2.9146942496e-01
-1.0582039356e+00
-1.2076826096e+00
6.0360074043e-01
1.0041128099e-01
-3.9731892943e-01
-5.3672164679e-01
1.4462460577e-01
1.2376173735e+00
-1.8536525965e-01
1.0314961672e+00
1.7267177105e+00
1.2465833426e+00
1.3033329248e+00
7.0180535316e-02
3.0932390690e-01
-1.4692670107e+00
-3.4714531898e-01
-1.4233374596e+00
-3.8830950856e-01
-9.2544162273e-01
-1.0681336373e-01
7.9406744242e-01
2.6393713951e+00
5.0192546844e-01
-1.7957770824e+00
4.5333332382e-03
1.0991139412e+00
8.0882735550e-02
7.5941003859e-02
-9.4328981638e-01
5.8321064711e-01
2.8437509537e+00
1.5503178835e+00
8.4648901224e-01
1.1017084122e+00
1.3873626292e-01
-1.1539261341e+00
-1.2132939100e+00
1.1986017227e+00
-1.4733105898e+00
-1.1004475355e+00
-8.8393718004e-01
-3.4499356151e-01
-2.2298052311e+00
-8.6288534105e-02
-5.1625651121e-01
-2.2949624062e+00
-2.1375329494e+00
-1.9857703447e+00
1.1605445147e+00
-1.1418820918e-01
-3.2241234183e-01
-7.8713029623e-01
1.3002833128e+00
1.1397236586e+00
2.9695360661e+00
-1.5087839961e-01
1.8191405535e+00
2.7207131386e+00
-2.2415308952e+00
-1.2664742470e+00
7.8806668520e-01
2.3085463047e+00
2.0975267887e+00
2.0771596432e+00
2.3665878773e+00
1.3692437410e+00
-1.6592622995e+00
-1.5864838362e+00
2.0530986786e+00
1.0864393711e+00
5.7794505358e-01
1.8258150816e+00
1.3833310604e+00
4.7746334076e+00
2.7032341957e+00
2.8129950166e-01
9.3866217136e-01
-1.3801314831e+00
1.3028272390e+00
6.2637472153e-01
1.6284658909e+00
3.4822063446e+00
8.5632419586e-01
1.0982950926e+00
-8.3689796925e-01
-3.3340599537e+00
-2.5166456699e+00
-1.8110518456e+00
1.7202233076e+00
1.4200658798e+00
-1.5122373402e-01
1.1488697529e+00
8.2754127681e-02
3.4612557888e+00
1.8496031761e+00
1.7358939350e-01
2.9153913260e-01
1.5926444530e+00
-8.2414463162e-02
3.7920320034e-01
-1.2293226719e+00
1.8145788908e+00
-8.4516912699e-02
6.2986689806e-01
1.0463750362e+00
4.0324890614e-01
1.6073046923e+00
1.5703874826e-01
1.2035248280e+00
1.0892735720e+00
1.3268971443e+00
3.4823522568e+00
1.0352250338e+00
-1.3684306145e+00
2.9400807619e-01
2.2555315495e+00
3.2015612125e+00
4.0903353691e-01
1.6837663949e-01
-7.9982954264e-01
1.5537861586e+00
1.4475103617e+00
3.4990592003e+00
-4.3682986498e-01
-9.9523210526e-01
-1.4507718086e+00
-8.5354775190e-01
-1.9315496683e+00
-2.1183016300e+00
-1.0702872276e+00
-2.2264420986e+00
-2.2225347161e-01
-2.6725080013e+00
-1.4546725750e+00
-6.4377892017e-01
1.2924817801e+00
-2.7908298373e-01
-3.3332225680e-01
8.2092352211e-02
-2.0636022091e+00
-5.7858425379e-01
4.8766097426e-01
3.8924744725e-01
-1.5780140162e+00
7.5412458181e-01
-3.6689463258e-01
1.2753390074e+00
-1.5649245977e+00
-5.0244915485e-01
7.9503044486e-02
1.6843456030e-01
8.3333194256e-02
-1.5927288532e+00
-2.0749254525e-01
3.6810362339e+00
1.7178738117e+00
3.0739510059e+00
3.6461658478e+00
1.9692908525e+00
-3.6056107283e-01
-1.1146929860e-01
-2.3465578258e-01
-1.9431781769e-01
-8.4517526627e-01
9.6250540018e-01
1.6241387129e+00
1.4900482893e+00
7.1326822042e-01
-4.5915693045e-01
7.1293008327e-01
-4.7084259987e-01
-3.4312981367e-01
-1.3333410025e-01
-3.1240446568e+00
-4.0512803197e-01
-2.8871855736e+00
3.9499354362e-01
-5.5411553383e+00
-4.5443029404e+00
-3.8728666306e+00
-2.3589797020e+00
-2.3026080132e+00
-3.1507494450e+00
2.3346133232e+00
5.6709718704e-01
1.9877773523e+00
3.8673481345e-01
1.7784975767e+00
-1.1405038834e+00
5.2154582739e-01
6.5195024014e-02
9.2767566442e-01
-2.0442492962e+00
9.3432736397e-01
1.2000885010e+00
5.7083374262e-01
7.2738802433e-01
2.7891483307e+00
-1.1345341206e+00
-6.5024548769e-01
-5.5966544151e-01
-1.7026503086e+00
-5.0168757439e+00
-2.5768238306e-01
-1.0751837492e+00
-1.4233074188e+00
-1.3432019949e+00
-3.4191386700e+00
1.6300097108e-01
-2.5619370937e+00
-7.2966939211e-01
-1.4396241903e+00
-1.9000715017e+00
-1.4638052881e-01
4.4766588211e+00
-9.3364059925e-01
3.4044520855e+00
1.6722397879e-02
1.9156841040e+00
-2.0800589025e-01
3.2965722680e-01
-7.9679846764e-01
1.7861024141e+00
1.3879594803e+00
5.4309308529e-02
-3.4541320801e-01
-6.0342799872e-02
2.5521090254e-02
-1.0894778967e+00
2.2245182097e-01
3.6302972585e-02
9.1612946987e-01
3.1416118145e-01
8.6584651470e-01
8.6634361744e-01
9.7667688131e-01
5.8566373587e-01
8.1809297204e-02
-6.6498845816e-01
4.5449385047e-01
7.7230048180e-01
5.3427278996e-01
-6.6090154648e-01
-3.3661785126e+00
-6.0982221365e-01
-2.1555655003e+00
-3.2789337635e-01
-3.4655032158e+00
1.5450043678e+00
2.2857749462e+00
-1.0333660990e-01
2.6204389334e-01
1.7779188231e-02
2.9958260059e+00
6.1523622274e-01
-2.5012347102e-01
-1.0533216000e+00
7.3926734924e-01
1.7385060787e+00
-1.6055528820e-01
-8.0847442150e-01
-2.0628814697e+00
-1.3880512714e+00
1.0022290796e-01
4.4155862927e-01
2.1137013435e+00
1.4385460615e+00
1.6214344501e+00
1.4353739023e+00
2.2030487657e-01
-5.5609345436e-01
-6.8064314127e-01
-3.9820044041e+00
1.3627383709e+00
6.1551117897e-01
1.9061689377e+00
1.2466484308e+00
4.7860312462e+00
3.5348558426e-01
-2.4979250431e+00
-1.1146219969e+00
-2.2387640476e+00
1.2786431313e+00
4.6011719108e-01
9.6019572020e-01
-5.1223725080e-01
-1.5610396862e+00
-7.3354333639e-01
4.6166038513e-01
7.5282162428e-01
-3.1922750175e-02
2.0298154354e+00
7.5776952505e-01
1.0929180384e+00
1.1104485020e-02
1.1645121574e+00
-3.7240651250e-01
1.8531221151e+00
-2.5990631580e+00
-4.7626674175e-01
-9.8808306456e-01
7.3926800489e-01
-1.4904681444e+00
-1.1765470505e+00
1.1525599957e+00
-2.1699401736e-01
1.7486152649e+00
2.5458931923e+00
8.9667189121e-01
-2.2408621311e+00
9.4169753790e-01
-4.9732726812e-01
6.6793668270e-01
-2.9229278564e+00
-9.3123793602e-02
-2.6734981537e+00
-1.2642791271e+00
-5.4860343933e+00
3.2586920261e-01
-3.8963949680e-01
1.8083019555e-01
4.4576087594e-01
1.0447133780e+00
1.7842599154e+00
-8.4177869558e-01
-1.8140877783e-01
-1.0452759266e+00
-4.1538488120e-02
6.4866703749e-01
3.5939824581e+00
9.3938469887e-01
3.2096142769e+00
-4.9622693658e-01
-3.3569543362e+00
-1.6309757233e+00
-1.3059417009e+00
5.3953528404e-01
-8.6309456825e-01
1.2661947012e+00
1.4460656047e-01
1.8321898580e-01
1.0270591974e+00
6.1286032200e-01
-4.1750076413e-01
9.1934159398e-02
3.1180968881e-01
3.0091843009e-01
1.4903349876e+00
-2.1271128654e+00
-1.9585100412e+00
-1.5885006189e+00
-2.6706108451e-01
-3.5527303815e-01
-5.6177002192e-01
4.6773937345e-01
-1.2122707367e+00
-3.6555054784e-01
-1.7883006334e+00
7.3334401846e-01
-8.8526271284e-02
1.0312284231e+00
1.2532123327e+00
1.4568530321e+00
-1.9718457460e+00
-8.2060635090e-01
-2.5100190639e+00
-3.0456850529e+00
-5.4669766426e+00
-7.6827782393e-01
5.0414800644e-01
1.3481837511e-01
1.5411318541e+00
3.6159425974e-01
2.7038574219e-01
-1.1370147467e+00
-6.6387337446e-01
-9.5770561695e-01
-3.8783094883e+00
3.0108317733e-01
4.3886557221e-02
-1.2421513796e+00
1.5348149836e-01
1.6286576986e+00
2.5464838743e-01
-7.0899140835e-01
-1.8895877600e+00
-1.3249043226e+00
-1.7933429480e+00
2.9691014290e+00
4.3877434731e-01
1.1312696934e+00
3.7912914157e-01
-4.1641312838e-01
-5.8487027884e-01
-3.0438873172e-01
-1.0331089497e+00
-7.3301959038e-01
-3.9237987995e+00
-1.1247661114e+00
-7.6337963343e-02
-9.4489312172e-01
5.4864287376e-01
-3.2921695709e+00
-6.2929964066e-01
1.1386097223e-01
-4.4113446027e-02
8.2759216428e-02
-4.9262267351e-01
4.8314180970e-01
1.6112650931e-01
1.5836270154e-01
7.3998343945e-01
-2.4969068170e-01
-5.5301833153e-01
1.1128662825e+00
1.3604621887e+00
5.7790583372e-01
-9.7729122639e-01
4.5089399815e-01
1.9976822138e+00
2.4199271202e+00
1.8441241980e+00
-5.3004449606e-01
2.2265496254e+00
1.9878320694e+00
2.3213241100e+00
1.9466097355e+00
4.5375537872e+00
6.9082409143e-01
9.7892063856e-01
3.6107009649e-01
7.7156990767e-01
5.6433385611e-01
7.3791438341e-01
1.0931719095e-01
8.0016750097e-01
4.0409913659e-01
1.5772843361e+00
-2.4463043213e+00
1.4842798710e+00
5.7144278288e-01
1.1462399960e+00
2.8084050864e-02
-2.4187469482e+00
-1.3249900341e+00
-1.8223941326e+00
-1.3665564060e+00
-2.1083078384e+00
-1.2690358162e+00
-5.1205748320e-01
-3.3768548965e+00
-6.3026469946e-01
-2.5429749489e+00
-1.5005351305e+00
8.3351695538e-01
2.7897328138e-01
1.0850055218e+00
3.0912447721e-02
-1.5487561226e+00
4.2906016111e-01
1.9559891224e+00
-1.2590360641e+00
1.3774013519e+00
-6.5726506710e-01
1.7793370783e-01
4.7629162669e-01
1.2203549147e+00
6.3766980171e-01
6.8641763926e-01
-2.1596608162e+00
-9.0581727028e-01
-1.5272245407e+00
2.0199622214e-01
4.9620044231e-01
-1.6418123245e+00
-3.2733469009e+00
-7.7876871824e-01
-2.0613048077e+00
-1.9441796541e+00
-2.0801761150e+00
-1.7366580963e+00
-1.4222906828e+00
-7.2204422951e-01
-1.2526421547e+00
-1.0119605064e+00
-9.2321664095e-02
1.1619722843e+00
6.6171002388e-01
-1.6571094990e+00
-4.7543150187e-01
-1.5159468651e+00
-3.2987010479e-01
-1.8803627491e+00
-6.0093849897e-02
6.6525423527e-01
1.5832983255e+00
1.1441340446e+00
8.2258355618e-01
-1.0335749388e+00
4.0449509621e+00
2.1604967117e+00
1.0318326950e+00
1.5962638855e+00
-5.0687247515e-01
1.0797912627e-01
-2.0136761665e+00
-1.3487716913e+00
-1.7373995781e+00
-2.2637622356e+00
2.0828735828e+00
-7.6845848560e-01
1.5179482698e+00
-1.3410063982e+00
1.4788534641e+00
-5.7741761208e-02
-9.5182489604e-03
2.9102146626e-01
1.7380381003e-02
-3.4633210301e-01
5.2526181936e-01
6.6455960274e-01
7.6382112503e-01
1.3613227010e-01
-1.2222828865e+00
1.1665625572e+00
-9.5416438580e-01
1.4850732088e+00
-1.3394691944e+00
5.6284052134e-01
-1.7032507658e+00
-1.3589711189e+00
-1.1236052513e+00
-6.7378127575e-01
-2.3431968689e+00
-1.0131132603e+00
-1.0018416643e+00
-5.6242269278e-01
-1.6999282837e+00
-6.0828749090e-02
-2.2982677445e-02
2.6332535744e+00
-9.4372892380e-01
1.4845039845e+00
4.4630682468e-01
-1.1342991590e+00
-1.3682348728e+00
-1.1858069897e+00
-7.8794884682e-01
-1.7646327019e+00
-1.8302263021e+00
-8.0213445425e-01
-9.1018253565e-01
-1.1489890814e+00
-1.5434989929e+00
1.0322415829e+00
1.7564635277e+00
-7.7785736322e-01
6.9522313774e-02
-8.1269496679e-01
1.3780474663e+00
2.2314408422e-01
1.3392285109e+00
-2.0062312484e-01
8.8330954313e-02
1.2625479698e-01
6.4019900560e-01
1.0676566362e+00
8.7983459234e-01
2.5229139328e+00
-2.5033611059e-01
8.8846731186e-01
-5.1907622814e-01
9.8978972435e-01
3.2997953892e-01
1.2064721435e-01
-3.7438386679e-01
-1.1604317427e+00
5.3244429827e-01
-1.2229664326e+00
9.4368159771e-01
8.2009291649e-01
4.4424813986e-01
-3.2966282964e-01
7.5749480724e-01
5.4175734520e-01
1.0152616501e+00
6.6925391555e-02
1.4917761087e+00
-2.2765707970e+00
4.0197238922e+00
3.0624430180e+00
1.4145959616e+00
9.2620182037e-01
2.1386864185e+00
-3.8031399250e+00
-2.6645568013e-01
-8.9077711105e-01
5.8316683769e-01
-2.9608266354e+00
-2.5415720940e+00
-2.9817428589e+00
-2.3449242115e+00
-2.1648674011e+00
-5.3567552567e-01
1.0838459730e+00
1.7628427744e+00
1.5766781569e+00
8.4291368723e-01
-2.2527396679e+00
2.5441403389e+00
1.1503356695e+00
-3.7303027511e-01
-1.4629696608e+00
2.1602663994e+00
-2.9843373299e+00
-4.0817415714e-01
-9.1995829344e-01
7.7297955751e-01
-1.8300772905e+00
6.9476854801e-01
-9.7004532814e-01
1.1852730513e+00
-1.3106807470e+00
-8.7670826912e-01
-8.3779782057e-01
-3.1655304432e+00
7.3982614279e-01
-2.3861949444e+00
2.1183567047e+00
1.3519028425e+00
8.2690095901e-01
4.5756185055e-01
1.5959795713e+00
-5.2770727873e-01
4.9866062403e-01
-4.7023525834e-01
1.2946739197e+00
6.4697676897e-01
5.0780409575e-01
-1.5454884768e+00
-7.5306731462e-01
-4.5870724320e-01
8.7421402335e-02
1.9048746824e+00
-3.4859509468e+00
1.7670043707e+00
-2.3004574776e+00
2.4644904137e+00
-1.8210929632e+00
-1.3179949522e+00
-4.0822830796e-01
-1.1826550961e+00
-1.1630641222e+00
-7.6866757870e-01
4.9616312981e+00
-9.3119490147e-01
1.8085615635e+00
-2.6124210358e+00
-1.8035557270e+00
2.3822489381e-01
-7.9351121187e-01
5.8580279350e-01
-1.1060792208e+00
7.9865580797e-01
6.7327372730e-02
-1.9799102843e-01
8.4015361965e-02
1.3303086162e-01
-2.0997436047e+00
1.2334470749e+00
-2.4700300694e+00
1.3056199551e+00
-7.0307558775e-01
3.7891760468e-01
-1.1126177758e-01
1.1004287004e+00
6.4887905121e-01
1.5666189790e-01
1.5777347088e+00
-7.9331797361e-01
-1.4664854109e-01
1.9110810757e-01
5.3383338451e-01
5.7415604591e-01
3.6817291379e-01
2.0343601704e+00
6.4136093855e-01
1.2446666956e+00
-2.2127382755e+00
1.7238203287e+00
-6.2114304304e-01
1.0408974886e+00
-1.5112096071e+00
-8.9950352907e-01
2.0255549252e-01
-4.9372091889e-02
8.6735659838e-01
-1.0781440735e+00
9.8444736004e-01
-6.0991102457e-01
-5.5697643757e-01
-8.5613954067e-01
-6.6700346768e-02
-2.4850144386e+00
-1.6469268799e+00
-1.6160631180e+00
-9.9937570095e-01
-3.3953182697e+00
-3.3162212372e+00
1.0685884953e+00
2.3437888622e+00
-1.2276477814e+00
9.4127136469e-01
-1.8357821703e+00
2.3885922432e+00
-2.6637043953e+00
8.2540571690e-01
-2.0538518429e+00
-1.6018549204e+00
-1.4245084524e+00
-5.7950162888e-01
-1.4786500931e+00
-1.3978160620e+00
8.7600344419e-01
-1.5470863879e-01
-2.1951644421e+00
5.6314235926e-01
-1.4280074835e+00
-1.0628203154e+00
1.0439850092e+00
3.4198886156e-01
9.7181504965e-01
6.0417920351e-02
-2.2070555687e+00
5.1657538414e+00
-1.0074534416e+00
3.8958624005e-01
-2.4105679989e+00
-7.0167177916e-01
6.3656437397e-01
-4.3270049095e+00
1.1368732452e+00
-9.9021673203e-01
1.1495059729e+00
2.1846877038e-01
-3.9416477084e-01
-4.3551683426e-01
2.3203888535e-01
-1.6446909904e+00
4.6909928322e-01
6.9372248650e-01
-4.0902429819e-01
-9.1723871231e-01
9.4473165274e-01
6.0471028090e-01
2.6068327427e+00
5.8693909645e-01
2.3440835476e+00
-2.2261245251e+00
2.8321003914e+00
-5.1564154625e+00
2.4389288425e+00
-4.5608477592e+00
-1.7721854448e+00
-1.4739060402e+00
-2.6853055954e+00
-2.1799767017e+00
-1.1781775951e+00
-7.6027262211e-01
-1.4799909592e+00
-1.2516698837e+00
-4.3371325731e-01
-1.1236670017e+00
-1.6947745085e+00
3.1838648021e-02
1.1776916981e+00
1.7488145828e+00
1.3039172888e+00
-1.4959385395e+00
-2.3213479519e+00
-2.0890106261e-01
-4.4137758017e-01
-5.6939560175e-01
-6.5433323383e-01
8.1816226244e-01
2.0252041817e+00
2.6135835648e+00
3.2751715183e+00
1.1427038908e+00
2.4242615700e+00
-1.4454345703e+00
-2.7111876011e-01
-2.3990378380e+00
-9.5825415850e-01
-8.8084024191e-01
1.2097461224e+00
-4.1881969571e-01
2.1093373299e+00
-3.3250737190e-01
-1.3441553712e-01
-1.2957668304e-01
-5.2715319395e-01
-1.2602429390e+00
-9.2061781883e-01
3.0779471397e+00
2.1935718060e+00
2.1589629650e+00
-1.3554916382e+00
-1.6237740517e+00
-2.0094354153e+00
-1.6084471941e+00
-2.1000432968e+00
-1.6699836254e+00
-6.7079059780e-02
3.6733049154e-01
9.4018810987e-01
5.9110772610e-01
1.4724670649e+00
-6.7745298147e-01
-5.7864910364e-01
-1.2122744322e+00
2.8107103705e-01
1.5911625624e+00
1.2359590530e+00
1.5502848625e+00
5.2172905207e-01
-7.6318997145e-01
-1.4636880159e+00
3.4565594792e-01
7.3151504993e-01
1.7989261150e+00
5.8734458685e-01
1.2905868292e+00
-1.7509685457e-01
7.9393607378e-01
3.1162073612e+00
2.3449339867e+00
2.2146186829e+00
-1.0458359867e-01
4.3598383665e-01
1.6082590818e+00
3.6481487751e-01
2.4769766256e-02
1.6816458106e-01
-9.6339243650e-01
-7.0211309195e-01
-2.4848248065e-01
-5.3570002317e-01
-6.2735766172e-01
-2.0883517265e+00
-3.1584537029e+00
-2.2464623451e+00
-1.9247658253e+00
5.9386479855e-01
-4.3395951390e-01
-1.9338183403e+00
-1.9195684195e+00
-9.7413957119e-01
-2.0835928619e-01
2.1391239166e+00
1.6656843424e+00
7.9685425758e-01
-6.2127691507e-01
7.7301520109e-01
9.3099606037e-01
1.0791736841e+00
4.1243994236e-01
9.1639995575e-02
-1.7348183393e+00
-1.1547695398e+00
-1.9852191210e+00
3.9539417624e-01
-5.1906490326e-01
6.1902856827e-01
1.1508331299e+00
4.9543172121e-01
-8.2404369116e-01
-2.7597522736e+00
-1.7377099991e+00
-1.0534547567e+00
-1.4260302782e+00
-5.5079817772e-01
-5.5600404739e-01
-1.3877826929e+00
-8.6411231756e-01
1.1685340405e+00
1.5636720657e+00
9.9471133947e-01
4.8639941216e-01
-3.5118067265e-01
-8.1364147365e-02
-2.9443249702e+00
-2.7893257141e+00
1.3582546711e+00
6.3955265284e-01
-2.6296725869e-01
-9.4552820921e-01
1.3331011534e+00
9.2818254232e-01
-1.5765197575e-02
-1.4587743282e+00
-2.8078274727e+00
-1.9769868851e+00
-6.6622179747e-01
1.3288694620e-01
1.6546750069e+00
9.6842646599e-01
2.2648737431e+00
2.7997119427e+00
2.1654279232e+00
1.3274717331e+00
-1.3865481317e-01
-1.2365595102e+00
-1.0053106546e+00
8.2737338543e-01
8.7465298176e-01
7.5943595171e-01
1.6502580643e+00
-1.7693209648e+00
-3.6266785860e-01
-1.0232988596e+00
2.1256975830e-01
-1.0762206316e+00
7.8101933002e-01
-9.7233754396e-01
-1.1646202952e-01
-1.1668820381e+00
-3.6796411872e-01
8.0553430319e-01
-1.1451874971e+00
-4.9303971231e-02
-1.1655300856e+00
-1.1362913847e+00
-1.4373962879e+00
3.2349893451e-01
-6.8313753605e-01
1.5105657279e-01
-2.8853857517e-01
2.1401433647e-01
-7.3846399784e-01
-1.9058996439e+00
-1.8471346796e-01
1.0221985579e+00
-2.9444512725e-01
8.2707780600e-01
1.1622369289e+00
2.0061676502e+00
3.9757981300e+00
-3.1518173218e-01
4.8220661283e-01
8.9508515596e-01
1.7465295792e+00
1.0545110703e+00
1.9979133606e+00
2.8043806553e+00
1.8947237730e+00
8.1742078066e-01
1.1541029215e+00
-4.9190837145e-01
9.2599016428e-01
3.6718541384e-01
1.2318677902e+00
7.3476666212e-01
2.9520294666e+00
2.5831198692e+00
-4.1341495514e-01
-5.6114381552e-01
-2.8563275337e+00
-2.7296724147e-04
-5.8784127235e-01
-1.1554480791e+00
-1.2356590033e+00
-1.2601783276e+00
3.0169904232e+00
2.6866841316e+00
3.6475801468e+00
9.3281596899e-01
-1.1867581606e+00
-2.5517785549e-01
-8.4528498352e-02
-1.0742748976e+00
1.2556731701e+00
2.1168031693e+00
-1.4632037878e+00
-4.4214221835e-01
1.0732883215e+00
1.0657156706e+00
3.0487122536e+00
-1.6905448437e+00
-1.2612719536e+00
-2.0078015327e+00
1.0284370184e+00
1.5933259726e+00
6.9963020086e-01
9.3295383453e-01
2.0476603508e+00
9.4756186008e-01
1.3160935044e-01
7.5370794535e-01
1.1887973547e+00
1.6228712797e+00
1.3142886162e+00
5.5416780710e-01
1.2702920437e+00
9.4512099028e-01
4.7513332963e-01
-1.2872817516e+00
-2.2401852608e+00
-1.0321509838e+00
-2.0451968536e-02
-8.2579469681e-01
8.5617810488e-02
-1.3964469731e-01
5.3845077753e-01
3.6311924458e-01
5.7574582100e-01
-1.1371707544e-02
-1.0960611105e+00
1.3996938467e+00
4.2042065412e-02
-1.4005620480e+00
1.2115773559e-01
-2.2221281528e+00
3.4001226425e+00
1.0176339149e+00
-9.6501725912e-01
-2.8577700257e-01
6.9079947472e-01
1.4881521463e+00
1.1307229996e+00
1.5674383640e+00
-9.5227718353e-02
-2.6993503571e+00
3.0504601002e+00
2.0782151222e+00
8.9206832647e-01
-1.2078340054e+00
-2.9946343899e+00
4.4778075814e-01
7.1019209921e-02
-1.5257018805e+00
-1.2726994753e+00
-3.9090120792e+00
7.4888265133e-01
6.6363012791e-01
1.6225419044e+00
1.1159626767e-02
-7.2139507532e-01
3.5356491804e-01
1.4541769028e+00
1.3520243168e+00
7.7226299047e-01
-8.2680732012e-02
1.1930950880e+00
7.7193981409e-01
1.9692863226e+00
-4.5817121863e-01
-2.7483465672e+00
-1.3991549015e+00
-1.7397826910e+00
-1.0458416939e+00
-2.2808375359e+00
-1.7705000639e+00
3.3065858483e-01
1.4508283138e+00
1.9491879940e+00
2.6461246014e+00
3.9040775299e+00
1.2085701227e+00
1.3929783106e+00
5.6538987160e-01
1.3965325356e+00
1.3212180138e+00
-2.5228552818e+00
-1.3656184673e+00
-2.6741249561e+00
4.7118446231e-01
1.1174764633e+00
-1.8438423872e+00
-1.0271799564e+00
-7.6398384571e-01
-4.4802176952e-01
1.0891184807e+00
1.2556973696e+00
4.3744879961e-01
-8.8526862860e-01
-1.0867453367e-01
8.1336182356e-01
-2.5113434792e+00
-1.7309681177e+00
-9.7296994925e-01
4.6683183312e-01
-3.9781492949e-01
-3.7630712986e-01
-2.7829370499e+00
-2.1196106076e-01
-1.8897366524e+00
1.2427936792e+00
2.6987252235e+00
-1.9144295156e-01
-2.3269718885e-01
4.1318151355e-01
1.1729165167e-01
-3.4087023735e+00
2.6323899627e-01
-1.2594445944e+00
6.1659002304e-01
-1.2124176025e+00
2.3878264427e+00
1.9190073013e+00
7.1414101124e-01
-8.8906323910e-01
2.3986370564e+00
-3.1610688567e-01
2.5151484013e+00
1.3529582322e-01
-5.3743183613e-01
4.7885495424e-01
-1.5929208994e+00
-2.2152836323e+00
-2.5926260948e+00
-2.5668632984e+00
-2.9624779224e+00
-2.8988686204e-01
-1.0863577127e+00
-1.1439462900e+00
9.2805236578e-01
2.4841120243e+00
1.1564509869e+00
6.6787147522e-01
-4.3195536733e-01
1.7136876583e+00
2.2062695026e-01
-1.0471574068e+00
-8.2652308047e-02
-2.1865491867e+00
-4.3497517705e-02
-3.2037529945e+00
-1.1383684874e+00
-5.5231314898e-01
2.0301501751e+00
-7.7387797832e-01
2.5454813242e-01
-1.2788716555e+00
-6.1248105764e-01
-8.8832336664e-01
-8.9011955261e-01
-1.0606219769e+00
-1.2732383013e+00
-3.5191783309e-01
1.8282014132e-01
-5.5755454302e-01
-1.7439043522e+00
4.4541305304e-01
1.0247823000e+00
2.8762493134e+00
3.6727755070e+00
2.1882567406e+00
-9.2616015673e-01
-2.8857254982e+00
-1.7718968391e+00
-9.6512490511e-01
-1.1362588406e+00
8.2161587477e-01
1.3217531443e+00
-4.2581772804e-01
1.3606648445e+00
-7.0037180185e-01
1.0663421154e+00
3.1419369578e-01
-1.4800270796e+00
-1.9619082212e+00
-2.6654460430e+00
-1.8890395761e-01
1.4542768002e+00
2.5474840403e-01
1.2076361179e+00
2.4953028560e-01
-2.7144998312e-01
-2.2900695801e+00
-5.1723915339e-01
6.4633846283e-01
-1.2232954055e-01
-5.9803050756e-01
-1.3398466110e+00
1.9232617319e-01
-7.6627111435e-01
-3.3394155502e+00
9.8478722572e-01
3.8606026769e-01
1.0485916138e+00
1.3248658180e+00
3.9268064499e+00
1.3143144846e+00
4.3148854375e-01
7.2846263647e-01
1.5774635077e+00
3.2193441391e+00
-1.7018730640e+00
-2.0111269951e+00
-7.6817369461e-01
-8.7196129560e-01
-9.3957936764e-01
-1.4035673141e+00
2.6189245284e-02
-1.7058051825e+00
-1.4201709628e-01
-7.7389913797e-01
1.5498018265e-01
1.0372626781e+00
-8.4633314610e-01
9.7290313244e-01
9.5169919729e-01
5.0525695086e-01
2.1265580654e+00
7.4228662252e-01
-1.4323681593e+00
-1.0488108397e+00
5.9340262413e-01
-8.3133536577e-01
-9.6444869041e-01
-8.2449638844e-01
-1.7360197306e+00
-1.6146980524e+00
3.2511308789e-01
-3.2302886248e-01
1.4819139242e+00
3.5081870556e+00
8.1776920706e-03
-1.2285249233e+00
-5.0493383408e-01
3.1316407025e-02
-1.4379508495e+00
1.4901864529e+00
1.5170106888e+00
-9.3595132232e-02
-3.9752826095e-01
1.8978922069e-01
8.2191032171e-01
-1.3277982473e+00
-7.1954172850e-01
-2.0512399673e+00
-2.3572263718e+00
1.5919737816e+00
8.1668514013e-01
-5.5763500929e-01
6.9081097841e-01
-1.5252180398e-01
-5.4852521420e-01
-7.1329450607e-01
-2.1637067795e+00
-9.4816458225e-01
-3.9127137661e+00
3.3482058048e+00
9.0737050772e-01
1.4333560467e+00
1.5452848673e+00
1.8374918699e+00
-1.1820272207e+00
-4.7880223393e-01
-4.5635759830e-02
3.1361141801e-01
1.1689037085e+00
6.5627771616e-01
6.7859280109e-01
2.0216960907e+00
1.5700846910e+00
1.9734497070e+00
-9.0825416148e-02
-6.3062703609e-01
1.2447315454e-01
7.7952750027e-02
1.3493505716e+00
-6.5563809872e-01
-2.1286540031e+00
5.9085023403e-01
-4.8003315926e-01
-1.3459293842e+00
-1.8106873035e+00
-2.9875342846e+00
1.1794888973e+00
-1.7384368181e+00
-1.7561253309e+00
4.2319899797e-01
-1.3406041265e-01
9.4921010733e-01
2.6262935996e-01
-1.2033563852e+00
4.1992502213e+00
2.1743102074e+00
3.2174801826e+00
1.9887511730e+00
3.1742579937e+00
-3.0675802231e+00
-2.4105687141e+00
-1.0964878798e+00
2.2525475025e+00
-1.5626934171e-01
1.3988773823e+00
-1.2690259218e+00
1.9085274935e+00
5.3074699640e-01
-1.2436532974e+00
-1.4822511673e+00
1.0952506065e+00
2.8453960419e+00
1.2044868469e+00
1.0951051712e+00
-1.1769514084e+00
-1.7793829739e-01
1.1555695534e+00
-9.2715954781e-01
-2.3669848442e+00
-2.8822302818e+00
-1.4064341784e+00
-2.5307309628e+00
-6.5356636047e-01
-3.1209216118e+00
1.1228859425e+00
3.4493836761e-01
8.8829255104e-01
1.4849317074e+00
1.9734500647e+00
-1.5406639576e+00
-1.5799169540e+00
-2.3571436405e+00
-1.9541877508e+00
-2.6039979458e+00
2.9876506329e-01
6.8987794220e-02
-1.1844604015e+00
-4.9990397692e-01
6.7989510298e-01
-2.4027833343e-01
1.7216960192e+00
-7.4199301004e-01
1.3615562916e+00
-3.8081104755e+00
2.1331183910e+00
2.1358501911e+00
8.9839118719e-01
1.8849145174e+00
-1.1723294258e+00
9.8064374924e-01
-9.2851591110e-01
8.3048039675e-01
4.0542185307e-01
-1.1784722805e+00
-1.0547034740e+00
-1.6153059006e+00
-2.8956120014e+00
-2.3537001610e+00
-1.8972457647e+00
-1.9689297676e+00
-1.1400148273e-01
-1.2221437693e+00
3.5309150815e-01
-9.2798165977e-02
-1.7755556107e-01
-1.2659668922e-01
-6.0473561287e-01
-3.1318926811e-01
2.4462993145e+00
7.2869735956e-01
2.4395177364e+00
1.6399679184e+00
1.4001276493e+00
8.9846110344e-01
-1.5563784838e+00
-2.4370783567e-01
1.5434291959e-01
-1.4368976355e+00
-1.5512177944e+00
-1.2193591595e+00
-1.3523237705e+00
8.1195122004e-01
1.1732333899e+00
8.0324512720e-01
-1.0037787259e-01
1.9810195267e-01
1.0377655029e+00
2.3448393345e+00
2.7418859005e+00
1.1288838387e+00
4.3712118268e-01
3.1823453307e-01
2.3235115409e-01
-2.6709488034e-01
3.0271768570e-01
-1.2043383121e+00
-7.7706074715e-01
7.5069224834e-01
-8.6088317633e-01
-1.1010028124e+00
-3.7664917111e-01
2.0071806908e+00
7.9208087921e-01
-2.1524015069e-01
-2.6808447838e+00
5.0026702881e-01
-8.2195997238e-01
-5.6612217426e-01
-3.3031547070e+00
-6.0968551636e+00
-6.1669021845e-01
-3.9265453815e+00
-1.2016532421e+00
-5.1055207253e+00
2.9841867089e-01
-3.2208585739e+00
-1.0137200356e+00
-3.4029045105e+00
-6.1957204342e-01
-2.5658409595e+00
8.2757550478e-01
-1.7388172448e-01
1.2795530558e+00
-1.6163668036e-01
-1.8621571064e+00
2.3693671227e+00
-8.8363260031e-01
1.4874670506e+00
6.5806680918e-01
5.6681662798e-01
3.0193933845e-01
1.0738019943e+00
1.2703810930e+00
4.3976107240e-01
-1.6522641182e+00
-1.7346283793e-01
-3.9378467202e-01
-1.7804898322e-01
-1.1901435852e+00
4.3952903152e-01
2.8440541029e-01
9.5071274042e-01
4.4527295977e-02
6.0248625278e-01
-2.5166325569e+00
4.9202081561e-01
-1.3125332594e+00
2.7112892270e-01
-1.7503978014e+00
3.6588725448e-01
-6.1114299297e-01
3.2508283854e-01
-1.4366172254e-01
-8.0244737864e-01
-1.7662158012e+00
-1.1966295242e+00
-1.5449020863e+00
-6.8440139294e-01
-2.2174384594e+00
-1.7912979126e+00
1.6641039848e+00
-8.7866067886e-01
2.9414107800e+00
-4.0838402510e-01
-9.4469934702e-01
6.5950810909e-01
-2.7382451296e-01
1.2387245893e+00
5.1445972919e-01
1.8804838657e+00
-2.9375457764e-01
1.9094130993e+00
-1.4359074831e+00
1.0516523123e+00
4.7894218564e-01
-8.0193912983e-01
2.3246562481e+00
-3.2067781687e-01
1.6277078390e+00
-2.3724689484e+00
-4.5022684336e-01
-1.1150985956e+00
-3.8249567151e-01
-4.7134646773e-01
-2.6973822117e+00
1.3721152544e+00
-1.6899296045e+00
1.4887555838e+00
-1.6164370775e+00
7.9203337431e-01
1.2659707069e+00
9.4681751728e-01
2.4209003448e+00
1.1582267284e+00
-7.4266391993e-01
2.8801221848e+00
-2.3438601196e-01
1.5606679916e+00
-2.0115782320e-01
-3.3150148392e+00
-2.1631447598e-02
-1.2637721300e+00
1.4669963121e+00
-2.4376056194e+00
1.0872750282e+00
-4.3770316243e-01
1.1751047373e+00
3.0899375677e-02
1.7591639757e+00
7.3585838079e-01
-6.1001485586e-01
1.4869745076e-01
-1.4470485449e+00
-1.1803079844e+00
-3.8725283146e+00
-3.7102541327e-01
-4.8215129972e-01
5.5062150955e-01
-1.4919847250e+00
-2.0587866306e+00
3.9201712608e-01
-1.1785479784e+00
1.6708223820e+00
-1.1275140941e-01
2.7196171284e+00
1.2074218988e+00
2.1303079128e+00
4.3341186643e-01
2.2559413910e+00
-5.6695288420e-01
-1.8649818003e-01
-6.6706210375e-01
7.9372626543e-01
-2.9691672325e-01
4.4601345062e+00
-1.2002253532e-01
2.3662233353e+00
-1.4267965555e+00
2.5533626080e+00
-3.4245178103e-01
4.1625335813e-02
-1.0167319775e+00
-4.3583315611e-01
-1.0993827581e+00
1.0281622410e+00
-7.7209150791e-01
1.6106157005e-01
-1.1909567118e+00
4.4020286202e-01
-5.8956879377e-01
1.6317355633e+00
-1.1260884255e-01
9.6058768034e-01
5.1206320524e-01
-5.0959336758e-01
6.3118463755e-01
8.0273282528e-01
7.6341849566e-01
1.3725137711e+00
-4.5677107573e-01
4.7973942757e-01
-6.9368577003e-01
-4.7626429796e-01
-1.2528636456e+00
-5.0662670135e+00
-2.2763569653e-01
-3.3263993263e+00
-9.0301275253e-01
-2.6478123665e+00
9.1675013304e-02
-2.5122347474e-01
-4.5672854781e-01
5.9337365627e-01
7.7261471748e-01
-6.6346818209e-01
2.6486928463e+00
-9.0990382433e-01
2.7414164543e+00
1.2549266815e+00
3.5787871480e-01
1.1483807564e+00
-9.3924623728e-01
1.2484911084e-01
-1.3507953882e+00
-3.1299531460e+00
2.1373689175e+00
-2.5822558403e+00
1.6732749939e+00
-2.8131504059e+00
-8.8868059218e-02
-2.7581570148e+00
-5.4085785151e-01
-2.0924503803e+00
-1.8627005816e+00
-1.0493791103e+00
-7.7834504843e-01
-1.5258102417e+00
-9.9267160892e-01
7.6456218958e-02
3.2570520043e-01
8.3751544356e-02
5.9813511372e-01
1.2135245800e+00
1.1119188070e+00
4.8019522429e-01
-2.3183646202e+00
3.0171045661e-01
-3.5915939808e+00
-8.2736688852e-01
-2.3453934193e+00
7.1819859743e-01
-2.8592727184e+00
3.2254657149e-01
-2.3085234165e+00
-1.6384849548e+00
2.3104603291e+00
-5.3639751673e-01
1.5940058231e+00
-1.9637446404e+00
7.3903667927e-01
-2.6037306786e+00
6.5508775413e-02
-1.9334160089e+00
7.6181519032e-01
-1.3615361452e+00
8.8509941101e-01
-3.8655364513e-01
1.4187059402e+00
-8.0194211006e-01
1.2003214359e+00
-2.1096464992e-01
7.5789874792e-01
-1.4704875946e+00
-1.5686981380e-01
4.3295434117e-01
-1.4416563511e+00
2.9885506630e-01
-5.2486771345e-01
3.1400170922e-01
-8.7064969540e-01
-2.8464436531e-01
-1.7849485576e-01
9.6603560448e-01
-3.3431947231e-01
-4.0169852972e-01
1.1424593925e+00
4.1577833891e-01
4.6263661981e-01
4.0391212702e-01
-8.6760097742e-01
4.1278131306e-02
-6.7975407839e-01
9.5053464174e-01
3.0230331421e-01
-2.9362223148e+00
-9.3098247051e-01
-5.6026089936e-02
9.0779983997e-01
4.8784643412e-01
-2.2018787861e+00
1.5612403154e+00
-1.3830282688e+00
2.2887778282e+00
-1.7160393000e+00
3.8299160004e+00
-1.7159630060e+00
2.3209266663e+00
-2.1466569901e+00
2.6482751369e+00
-4.4681701660e+00
-2.1218917370e+00
-4.7413501740e+00
-1.3053141832e+00
-5.9180498123e+00
-3.0944261551e+00
-1.2718757987e-01
-1.4482933283e+00
1.3944431543e+00
-4.3372726440e-01
3.2974541187e+00
-2.3818166256e+00
2.5748405457e+00
-2.6590676308e+00
1.1137647629e+00
-4.6533565521e+00
4.7707563639e-01
-2.2025570869e+00
-2.3369854689e-01
-2.8245007992e+00
-2.2516258061e-01
-6.2605601549e-01
-5.2110493183e-01
-6.1091375351e-01
-6.9840449095e-01
-2.1011486053e+00
9.0027511120e-01
-8.1751579046e-01
1.6092754602e+00
4.0710794926e-01
1.8366979361e+00
-2.9928140640e+00
1.5702582598e+00
-2.0226993561e+00
3.9321172237e-01
8.8654309511e-01
9.9637418985e-01
1.2958256006e+00
-5.8455180377e-02
9.3285167217e-01
3.9723607898e-01
-1.4792034626e+00
3.7842550874e-01
-2.2836835384e+00
5.6075799465e-01
-1.4755994081e+00
-1.4420026541e+00
-9.8236197233e-01
-9.2049229145e-01
-5.9945023060e-01
-1.5845672786e-01
1.2517157793e+00
-7.4895530939e-02
1.2279368639e+00
5.4317396879e-01
3.5284352303e+00
-3.6634056568e+00
2.9939842224e+00
-3.4186518192e+00
2.8081178665e+00
9.2100942135e-01
1.7793072462e+00
-1.5585316718e-01
-3.4555283189e-01
-2.3387730122e+00
-1.5142288208e+00
-9.3923771381e-01
-1.6551382840e-01
1.0546734333e+00
1.4853100479e-01
-6.1322021484e-01
-1.6201786995e+00
-6.2263196707e-01
1.5133168697e+00
2.1525049210e+00
-1.8235578537e+00
-1.2860778570e+00
-7.5337880850e-01
-6.3211101294e-01
-1.8055576086e+00
-3.1850361824e-01
1.4269362688e+00
1.3406863213e+00
7.1094976738e-04
-3.0457636341e-02
2.8407147527e-01
1.0846383572e+00
1.0705823898e+00
5.4905807972e-01
1.5352591276e+00
1.3698426075e-02
6.0510194302e-01
-3.1911849976e-01
1.1851505041e+00
-1.2003096342e+00
-1.0086401701e+00
-1.3181815147e+00
7.8187517822e-02
-1.2662647963e+00
-1.0705353320e-01
-2.8168339729e+00
-2.3690164089e+00
-1.3659509420e+00
4.5373812318e-02
2.5361540318e+00
5.5759048462e-01
5.9501450509e-02
-1.0423525572e+00
3.2780915499e-01
-2.0464548469e-01
4.0008053184e-01
2.6979196072e+00
-2.9050910473e-01
-8.3051246405e-01
-1.1528440714e+00
-1.2928929925e-01
-2.2896216810e-01
3.7356880307e-01
-2.2758041322e-01
2.3818966746e-01
1.2972199917e+00
1.1840973794e-01
-6.5953731537e-02
-4.6097958088e-01
1.6398668289e+00
3.7631779909e-01
1.3075454533e-01
8.9127784967e-01
1.2362916470e+00
3.8077812195e+00
-5.5393069983e-01
4.2896905541e-01
-7.3952627182e-01
-1.3983525038e+00
-3.2934424877e+00
1.2283946276e+00
5.7282847166e-01
3.1284394860e-01
-8.5102997720e-02
-7.0118471980e-02
-2.3203053474e+00
-3.6434695125e-01
-1.4163666964e+00
-1.2429833412e+00
-2.6942081451e+00
-3.5912764072e-01
-3.5609117150e-01
1.8433809280e+00
-4.1164368391e-01
-2.1286652088e+00
1.9653629065e+00
1.3772792816e+00
2.0761370659e+00
-6.3922816515e-01
-4.3369898796e+00
1.1797864437e+00
-1.1622321606e+00
2.7763795853e-01
-3.0979440212e+00
2.0987691879e+00
4.7887918353e-01
4.3979212642e-01
9.4256705046e-01
-1.5398104191e+00
-1.0583043098e+00
7.8558784723e-01
5.1370013505e-02
-5.6688729674e-02
1.4991447926e+00
1.7667715549e+00
-1.7831993103e+00
-1.7148942947e+00
-2.1350817680e+00
8.6344867945e-01
2.2640500069e+00
7.3451477289e-01
7.3238152266e-01
1.8565649986e+00
2.1316645145e+00
2.5668506622e+00
-2.2310347557e+00
-2.2079119682e+00
-1.1667897701e+00
1.3471931219e-01
-4.0082538128e-01
1.3297718763e-01
2.4360384941e+00
-1.0479001999e+00
6.2573134899e-01
-5.6838315725e-01
1.2401007414e+00
5.8411226273e+00
5.1355040073e-01
-1.3244289160e+00
-2.4480800629e+00
1.3231332302e+00
1.4168002605e+00
-5.2120652050e-02
5.9239244461e-01
7.6381939650e-01
-1.9696626663e+00
-6.5249061584e-01
-1.4822149277e+00
-2.1036513150e-01
7.7451288700e-01
2.1885679662e-01
9.9942564964e-01
5.6169891357e-01
2.3120932281e-01
2.5010526180e+00
9.4776117802e-01
-1.2309678644e-01
-2.0534333587e-01
-9.2982810736e-01
-2.3468412459e-01
-6.9725275040e-01
-1.8331032991e-01
-1.2655090094e+00
-2.4850785732e+00
7.7188044786e-01
5.8305546641e-02
1.2012411356e+00
-2.1539521217e+00
-1.7748503014e-02
-1.2191195041e-01
3.8620579243e-01
-1.3827542067e+00
-1.2469358444e+00
-5.3950470686e-01
-1.5913981199e+00
1.5344165564e+00
1.3040955365e-01
2.0663595200e-01
-1.2098166943e+00
-1.4500996470e-01
-3.1230361462e+00
-1.4183871746e+00
-1.8458684683e+00
-2.8864424676e-02
-2.7007446289e+00
1.2583589554e+00
1.3404368162e+00
-6.1933708191e-01
-8.2343345881e-01
1.0659174919e+00
-2.1406984329e+00
-1.4596862793e+00
-1.2381776422e-01
-1.7318814993e-01
4.0853315592e-01
1.8346790969e-01
5.6633565575e-02
-3.8730442524e-01
-1.8817374706e+00
-2.6576700807e-01
-5.4860794544e-01
-4.2347702384e-01
2.3944127560e+00
-1.9348126650e+00
-1.3873122931e+00
1.1345485598e-01
1.0827542543e+00
9.4855278730e-01
3.5895827413e-01
1.3258068264e-01
3.1808259487e+00
2.8421053886e+00
2.2469997406e+00
2.3908426762e+00
2.9291734695e+00
-4.0153689384e+00
-3.3700039387e+00
-1.5485296249e+00
-1.1831436157e+00
2.0392489433e+00
1.5890656710e+00
1.1021237373e+00
2.0582237244e+00
1.2226632833e+00
-7.6791393757e-01
1.7127065659e+00
2.5330111980e+00
1.3942642212e+00
-6.1155396700e-01
-1.5814702213e-01
-1.4573091269e+00
3.9563176036e-01
1.2390087843e+00
-1.2162128687e+00
-4.7807350755e-02
-9.3102121353e-01
9.2396195978e-03
-2.1073276997e+00
-3.3877758980e+00
-2.7587656975e+00
-1.6206310987e+00
-7.8557676077e-01
-1.7929211855e+00
-1.1342468262e+00
-3.9664411545e-01
-2.2895480692e-01
9.3304194510e-02
-1.4323489666e+00
-1.3383839130e+00
-5.9904730320e-01
-1.7269511521e-01
-8.8405817747e-01
-1.4515737295e+00
-8.0108523369e-01
-5.5344074965e-01
5.6532233953e-01
1.1821181774e+00
-1.3434599638e+00
-2.7044613361e+00
-3.1625823975e+00
-7.8714412451e-01
-1.7917333841e+00
1.8691385984e+00
-3.5938069820e+00
-1.6874647141e+00
1.6047574282e+00
1.9918341637e+00
-2.1786302328e-01
-5.0135105848e-01
-3.1223051548e+00
1.5510597825e-01
-2.1718150005e-02
-6.0705804825e-01
1.3524054289e+00
4.3197522163e+00
9.1833257675e-01
1.0000463724e+00
1.3876479864e+00
2.0701303482e+00
2.2763280869e+00
-2.4915154278e-01
4.3647298217e-01
4.2517030239e-01
1.5890380144e+00
3.4990010262e+00
-1.9241980314e+00
-9.2661178112e-01
-7.4153345823e-01
9.2499583960e-01
-1.7948110402e-01
-1.4810574055e+00
-3.5958468914e-01
5.9918892384e-01
6.1317706108e-01
2.5923910141e+00
2.5267574787e+00
1.2302584648e+00
-2.0914144516e+00
9.0355539322e-01
3.6297318935e+00
3.1332767010e-01
8.9481961727e-01
-1.5929304361e+00
2.0471005440e+00
-2.7056021616e-02
1.7301204205e+00
1.7151166499e-01
3.7406769395e-01
-5.4876899719e-01
6.4518296719e-01
1.6659708023e+00
7.2820109129e-01
-1.5177293122e-01
-1.6773229837e-01
8.8652336597e-01
-9.5432126522e-01
2.4322040379e-01
8.2426065207e-01
-7.6692265272e-01
-2.8433087468e-01
2.3283457756e+00
6.6174709797e-01
1.3011612892e+00
5.7078087330e-01
3.2137160301e+00
1.7429137230e+00
2.7134782076e-01
6.1517751217e-01
-6.1052906513e-01
-2.0473408699e-01
5.6787097454e-01
3.4091368318e-01
3.1348726153e-01
-1.8579635024e-01
-1.3272746801e+00
-2.5361380577e+00
-1.4066896439e+00
-2.5641056895e-01
3.5218524933e-01
3.8241231441e-01
1.9090102911e+00
-7.1676844358e-01
-1.8844925165e+00
-1.2170335054e+00
7.1890288591e-01
2.2402276993e+00
2.9626077414e-01
3.9447197318e-01
3.3006739616e-01
-5.0164185464e-02
1.3664870262e+00
-2.5414475799e-01
-7.9035319388e-02
2.9731923342e-01
-1.4582723379e-01
1.9074457884e+00
1.8917398453e+00
1.5320529938e+00
1.0359727144e+00
-1.3279458284e+00
-7.0320785046e-01
-9.4637048244e-01
-7.1981263161e-01
1.2319768965e-01
1.0756152123e-01
2.5150611401e+00
1.8017624617e+00
5.4927635193e-01
-1.7439733744e+00
1.6196507215e+00
-3.4813423157e+00
-3.7363269925e-01
-3.7960988283e-01
-2.0565953851e-01
3.4382706881e-01
2.2390598059e-01
-4.7530385852e-01
-4.5148831606e-01
7.4143821001e-01
-3.0281138420e-01
4.1413307190e+00
1.1281005293e-01
-2.9083758593e-01
5.0083225965e-01
2.9156291485e-01
-4.3366017342e+00
-5.4699838161e-01
-2.1241055429e-01
8.2787114382e-01
8.1755316257e-01
2.6006793976e+00
1.5409457684e+00
-6.5566962957e-01
-4.1376653314e-01
-3.3956429362e-01
-6.3861721754e-01
9.7034657374e-03
-1.8790255785e+00
-7.7098256350e-01
-2.4365334511e+00
-3.2622981071e-01
1.0170601606e+00
-9.2217624187e-01
1.6403976679e+00
1.6256866455e+00
-1.8181153536e+00
3.3914160728e-01
-6.8013954163e-01
5.5128616095e-01
1.1380385160e+00
-2.3572030067e+00
-2.3854091763e-01
3.3678713441e-01
-4.5877686143e-01
-1.8655135632e+00
-5.6739306450e-01
1.1755620688e-01
-4.7562126070e-02
3.3282053471e-01
-1.5378359556e+00
-3.0490732193e+00
-1.8484019041e+00
-1.6429108381e-01
1.5938365459e+00
1.7524399757e+00
6.8412870169e-01
1.8955734968e+00
-1.6725212336e+00
-5.3027153015e-01
-1.7042266130e+00
3.3638815880e+00
4.0162405372e-01
-4.8379713297e-01
-8.1263548136e-01
-3.8706284761e-01
-3.8523392677e+00
2.0114055276e-01
1.2533911467e+00
8.0308353901e-01
1.1987205744e+00
6.3671641350e+00
1.3929167986e+00
-1.4258729219e+00
-1.2032154799e+00
-4.1869795322e-01
-9.7451663017e-01
-1.0213054419e+00
-4.8277619481e-01
3.8283264637e-01
5.1557350159e-01
2.0482221246e-01
-6.1644399166e-01
-8.8736450672e-01
-2.9026040435e-01
1.5622444153e+00
-3.3563381433e-01
-1.3138265610e+00
-2.1837469935e-01
9.3176774681e-02
2.4952377379e-01
-2.0273339748e+00
-1.2179354429e+00
-9.1632133722e-01
-4.4064089656e-01
2.4864567816e-01
-6.0342297554e+00
-5.2644187212e-01
1.6040050983e+00
-8.1481188536e-01
-6.3051372766e-01
2.5550776720e-01
-3.8334634900e-01
-1.1857179403e+00
-1.1211336851e+00
6.3569545746e-01
-2.8580875397e+00
-2.0223135948e+00
-6.2445431948e-01
-4.6869967133e-02
8.3834820986e-01
-2.1469812393e+00
-7.4931108952e-01
1.8779436350e+00
5.6639224291e-01
-6.4490735531e-01
-2.2701504230e+00
-1.7241292000e+00
2.1103273332e-01
2.2977980971e-01
1.0396841764e+00
-5.0732833147e-01
-1.5572856665e+00
-7.9781121016e-01
-6.2305009365e-01
-3.3222436905e-01
-3.6241035461e+00
-5.3645676374e-01
5.7432174683e-01
4.1371890903e-01
6.2880545855e-02
2.7954590321e+00
4.1738116741e-01
4.2178323865e-01
4.0774142742e-01
-3.5069757700e-01
9.3308728933e-01
3.6730936170e-01
-5.6727218628e-01
1.0057314634e+00
4.8122513294e-01
-1.3198943138e+00
-9.3674045801e-01
-2.1486330032e-01
-1.5544017553e+00
-6.0461902618e-01
1.0043652058e+00
-2.7349227667e-01
-4.3830204010e-01
-5.1115834713e-01
-1.9924955070e-01
2.9019901752e+00
-2.6362126693e-02
-1.1608148813e+00
-2.0161859989e+00
-1.9884805679e+00
1.5183537006e+00
-1.6890776157e-01
-1.3677362204e+00
-5.9502571821e-01
6.8729412556e-01
6.5321981907e-01
-8.0019897223e-01
-1.4332084358e-01
4.9459886551e-01
5.4902446270e-01
-2.5666611195e+00
5.5972981453e-01
-1.0176068544e+00
-1.6675464809e-01
1.9025220871e+00
2.1717169285e+00
1.4745731652e-01
1.0990823060e-01
-7.9500490427e-01
-3.5203263164e-01
6.7579441071e+00
-4.5631903410e-01
-2.1097281575e-01
4.0046057105e-01
-3.9224630594e-01
3.0287966728e+00
2.0560926199e-01
2.1685428917e-01
-6.5396183729e-01
-1.2332893610e+00
-2.2293047905e+00
-1.2718683481e+00
3.9836132526e-01
1.4586061239e+00
-1.2755454779e+00
-9.9977213144e-01
2.6110652089e-01
5.6101691723e-01
-3.8842013478e-01
-9.0320728719e-02
-2.7909491062e+00
-7.8104597330e-01
-3.3980030566e-02
1.2753651142e+00
7.7205908298e-01
-6.2142920494e+00
-2.6885840893e+00
1.0077402592e+00
1.0353443623e+00
1.0996989012e+00
3.3750101924e-01
3.0341136456e-01
-1.2523006201e+00
-2.2670497894e+00
-2.6649649143e+00
-3.8127484322e+00
1.7930866778e-01
-5.4181051254e-01
-7.1382391453e-01
-2.5599084795e-02
1.2581768036e+00
1.5571042895e-01
-6.9139897823e-01
7.6838627458e-02
-2.6011464596e+00
-3.8009195328e+00
-1.5562728643e+00
-4.8122441769e-01
2.0717972517e-01
8.6305671930e-01
-2.6302236319e-01
-1.0331005603e-01
-5.3127306700e-01
-8.8357305527e-01
2.5225642323e-01
4.0809682012e-01
6.8701964617e-01
-8.1655967236e-01
2.3399481177e-01
1.9056737423e+00
-4.6188434958e-01
1.2204262018e+00
6.7615753412e-01
-2.0064128935e-01
-3.0106710270e-02
-1.2296310663e+00
-3.9447188377e-01
3.1882261392e-03
-7.2360202670e-02
-7.7424049377e-01
-6.1500053853e-02
2.6483476162e-01
2.1326215267e+00
5.8446455002e-01
8.4807556868e-01
-4.6480688453e-01
5.4692208767e-01
-5.5442076921e-01
-4.1678580642e-01
-1.8362405896e-01
-3.4628572464e+00
-1.4727681875e+00
-1.6153171062e+00
-1.0322148800e+00
8.2307326794e-01
-2.3513283730e+00
-1.2589533329e+00
-1.2665752172e+00
-7.7283424139e-01
7.3021280766e-01
2.7734861374e+00
3.0667635798e-01
4.1637507081e-01
-9.6610128880e-01
-7.4836027622e-01
-2.0476414263e-01
9.5941141248e-02
-1.0464483500e+00
-7.1919552982e-02
-5.9649258852e-01
1.5661634207e+00
3.1462843418e+00
1.2468941212e+00
1.4538415670e+00
-4.2110306025e-01
1.5391788483e+00
7.3685157299e-01
1.0964664221e+00
3.6624380946e-01
-1.9166810513e+00
3.0936594009e+00
3.1519980431e+00
3.0749917030e+00
1.1245974302e+00
-1.0634704828e+00
-1.0766884089e+00
-4.0262687206e-01
4.3834695220e-01
1.0923955441e+00
-3.5397844315e+00
1.0962703228e+00
7.2479325533e-01
2.1490845680e+00
1.5986441374e+00
5.8498662710e-01
4.9198433757e-01
7.3509848118e-01
2.7888152599e+00
8.8973003626e-01
-6.0420769453e-01
9.0557157993e-01
1.6975526810e+00
3.0340853333e-01
1.2869145870e+00
1.9842334986e+00
1.1556923389e+00
1.8340669870e+00
1.1303733587e+00
6.4532935619e-01
-9.1637891531e-01
-4.3018593788e+00
-2.6771488190e+00
4.2264300585e-01
-5.5862213485e-03
6.3331115246e-01
-2.1184287071e+00
4.0728318691e-01
1.1377763003e-01
1.8324640393e-01
3.9176243544e-01
3.5302853584e+00
3.4922397137e+00
3.3501255512e+00
1.6001217365e+00
2.9398900270e-01
-1.7590520382e+00
-2.3567678928e+00
-1.8589953184e+00
-4.2830178142e-01
1.1772713661e+00
4.0783354640e-01
-2.7954545617e-01
-8.5898154974e-01
-1.7083176374e+00
6.8125075102e-01
-9.0067493916e-01
-9.4709426165e-01
-8.6725813150e-01
8.7862992287e-01
6.8731063604e-01
1.8733718395e+00
3.5260679722e+00
7.7637076378e-01
2.0011036396e+00
1.4451640844e-01
5.6070971489e-01
8.7813609838e-01
1.2667450905e+00
-7.7243673801e-01
-1.5072529316e+00
1.5027606487e+00
-3.8461929560e-01
-2.3926462233e-01
-1.5763549805e+00
-8.7050211430e-01
3.3364453316e+00
2.4057519436e+00
1.9366887212e-01
1.2400726080e+00
2.0048029721e-01
-2.0272636414e+00
-1.3806993961e+00
-3.0210599899e+00
-2.9503852129e-01
1.2444820404e+00
6.4043956995e-01
9.4696468115e-01
-2.6946565136e-02
-6.6382694244e-01
4.8220774531e-01
-2.5751638412e-01
-1.1939043999e+00
-7.9782688618e-01
1.1621398926e+00
7.3785197735e-01
-8.6830359697e-01
2.2614952922e-01
-1.2121537924e+00
4.4042459130e-01
-3.0228433013e-01
2.5338013172e+00
-6.8573214114e-02
3.8561079651e-02
-9.2318761349e-01
3.6293581128e-01
-1.6749832630e+00
-1.6712275743e+00
-8.0317205191e-01
-3.0936762691e-01
-1.6241079569e+00
1.0176767111e+00
1.8686254025e+00
3.9007714391e-01
-2.0634231567e+00
-1.9275082350e+00
-2.7392810583e-01
2.1873725951e-01
1.5857136250e-01
4.5268881321e-01
-1.0143903494e+00
-6.8222355843e-01
1.1315921545e+00
9.7163951397e-01
1.5615081787e+00
-1.5531489253e-01
-1.4624804258e+00
5.1539582014e-01
2.0646836758e+00
1.0074958801e+00
-1.9484414160e-01
1.8121117353e+00
-5.3794562817e-01
-1.0098294020e+00
-9.2534208298e-01
1.2389496565e+00
2.7886536717e-01
3.8925191760e-01
7.3748064041e-01
1.4594360590e+00
-4.8740237951e-01
2.3119576275e-01
2.8528902531e+00
2.8121247292e+00
5.0081175566e-01
-1.0215082169e+00
-8.2778137922e-01
-1.2761847973e+00
-1.9326380491e+00
1.8587543070e-01
9.8935055733e-01
-1.4011189938e+00
2.1403937042e-01
1.6354916990e-01
-1.4604434967e+00
-5.1689893007e-01
-5.8609086275e-01
5.0691503286e-01
1.3500328064e+00
-1.9272332191e+00
-9.8413282633e-01
-4.2776122689e-01
7.2294819355e-01
6.1683386564e-01
1.0122923851e+00
8.0625510216e-01
5.0976896286e-01
-7.4644351006e-01
-1.6451052427e+00
-1.5176411867e+00
-7.3553675413e-01
-3.6591272354e+00
-1.6910127401e+00
-3.9498019218e-01
-9.7853541374e-02
4.4024944305e-01
4.3238048553e+00
3.3139748573e+00
1.9541504383e+00
6.3371986151e-01
-1.7975670099e+00
-1.2418614626e+00
-3.1016129255e-01
5.2196443081e-01
-2.4654350709e-03
-5.1087093353e-01
8.5905307531e-01
7.3832863569e-01
4.3980345130e-01
2.5736551285e+00
-6.5286654234e-01
-3.0684022903e+00
-1.2451879978e+00
1.5352095664e-01
6.3779866695e-01
-4.4739365578e-01
9.4862389565e-01
-2.0440830290e-01
-5.2009290457e-01
-1.3767445087e+00
-9.2190992832e-01
-1.6738684177e+00
-4.4073542953e-01
1.5744794160e-02
3.5767685622e-02
1.3657716513e+00
-5.2455890179e-01
3.6176398396e-01
4.2246276140e-01
1.7398651838e+00
-4.6779289842e-01
-8.0922400951e-01
-1.0680602789e+00
-1.4276964664e+00
3.6428284645e-01
-7.8142166138e-01
-9.0324521065e-01
-1.9066162109e+00
-1.5121101141e+00
-1.1392868757e+00
-7.3051667213e-01
1.0937114954e+00
1.4787105322e+00
-1.3475304842e+00
-1.4639126062e+00
1.0500236601e-01
2.7968688011e+00
1.2422916889e+00
9.9733966589e-01
1.0959073305e+00
-5.5421632528e-01
-7.8478074074e-01
1.1777585745e+00
9.8322188854e-01
-5.3050458431e-02
3.9021730423e-02
2.1688067913e+00
2.4502406120e+00
1.1161066294e+00
-1.7795630693e+00
-2.4199134111e-01
4.9392715096e-01
-1.8852555752e-01
-6.5282994509e-01
-6.1133939028e-01
7.8574341536e-01
-2.7590277791e-01
-1.8184516579e-02
4.3023344874e-01
-1.2877454758e+00
-7.3523022234e-02
-2.4159283936e-01
-2.6879167557e-01
-1.7151700258e+00
-1.2351207733e+00
9.8291170597e-01
2.3344018459e+00
2.0175781250e+00
3.2315416336e+00
-2.0522882938e+00
-2.1220974922e+00
2.2210776806e+00
2.8406581879e+00
2.0930616856e+00
4.2282044888e-01
1.2181788683e-01
2.8396174312e-01
-1.2599948645e+00
3.7145259976e-01
8.7457790971e-02
-1.1782321930e+00
3.0777833462e+00
2.1922154427e+00
5.9415692091e-01
-7.1290931664e-03
-1.8306440115e-01
4.5459895134e+00
2.5171627998e+00
1.0841853619e+00
9.2502170801e-01
-1.9820642471e-01
-7.0513941348e-02
-2.6797854900e+00
-1.6053971648e-01
1.8841495514e+00
3.1654274464e+00
1.1529495716e+00
3.8227823377e-01
1.6409040689e+00
6.5237820148e-01
-1.8184216022e+00
-1.2521930933e+00
1.2600474358e+00
2.3566808701e+00
-1.0996399075e-01
-1.4758545160e+00
-1.5651232004e+00
3.1849732995e-01
1.8203679323e+00
-5.9045994282e-01
-1.9044431448e+00
5.2944880724e-01
-1.3162293434e+00
-5.2416062355e-01
-8.0238348246e-01
-2.4617955685e+00
-4.5010232925e+00
-2.9138212204e+00
6.5981775522e-01
1.0768197477e-01
2.3460048437e-01
3.2259981632e+00
1.6484429836e+00
7.4125593901e-01
9.3429517746e-01
3.6792647839e-01
-7.9999619722e-01
-1.2308002263e-01
-1.1735780239e+00
-4.8746347427e-01
-8.9410912991e-01
-1.0606286526e+00
-1.6987997293e+00
4.1935002804e-01
-2.8158745170e-01
2.5555083752e+00
-1.3884152174e+00
1.1450501680e+00
1.6068813801e+00
2.5392613411e+00
8.8048702478e-01
6.8434035778e-01
-2.6848486066e-01
1.0869227648e+00
1.8735047579e+00
1.7752368450e+00
-8.3804631233e-01
-2.4489154816e+00
-3.9232318401e+00
-2.0325384140e+00
1.5638568997e-01
-3.6652222276e-01
-3.1636986732e+00
-4.0530786514e+00
-2.2217829227e+00
3.3119773865e-01
9.5890212059e-01
8.8975173235e-01
3.1391543150e-01
5.8483570814e-01
1.9371401072e+00
-2.6901667118e+00
-2.2848155499e+00
-5.6394213438e-01
1.3028359972e-02
9.7901278734e-01
-9.4021350145e-02
-7.9697537422e-01
-9.5835101604e-01
-6.5259289742e-01
-5.8233952522e-01
3.8447842002e-01
8.8077992201e-01
3.3594331145e-01
1.0659890175e+00
8.5047674179e-01
-1.6478940248e+00
-3.6226570606e-01
-6.0320836306e-01
1.1292799711e+00
-6.8889200687e-01
1.6607187986e+00
1.3829078674e+00
2.1840045452e+00
-2.8582069278e-01
1.0688552856e+00
1.5692670345e+00
1.7907510996e+00
2.9394364357e+00
2.6661336422e+00
2.2832689285e+00
1.2972798347e+00
-2.8786334395e-01
-1.5076780319e+00
7.1472722292e-01
2.4334073067e+00
-1.2420794964e+00
-3.0567011237e-01
-1.0921024084e+00
-6.6707652807e-01
-9.5210468769e-01
-2.2538897991e+00
-1.5112168789e+00
-1.8026911020e+00
-9.6761870384e-01
-3.7120464444e-01
-1.7546405792e+00
-1.4218845367e+00
-2.9832437038e+00
-3.3939647675e+00
-8.0252718925e-01
4.8614317179e-01
3.6099489778e-02
-4.3065488338e-01
-5.6214463711e-01
-1.7599627972e+00
2.8674602509e+00
3.2106587887e+00
4.1995453835e+00
3.8555939198e+00
3.6947250366e+00
1.6902314425e+00
-1.0650671721e+00
-2.4704973698e+00
-1.6851707697e+00
2.0237486362e+00
9.8715502024e-01
3.9570799470e-01
1.2086858749e+00
1.1038486958e+00
1.3319516182e+00
9.8263102770e-01
2.0539066792e+00
3.3701388836e+00
3.3398382664e+00
3.5031282902e+00
3.8687342405e-01
1.7587784529e+00
1.0782245398e+00
1.9296534061e+00
-6.9891911745e-01
-2.0157756805e+00
-2.4136168957e+00
-1.4504866600e+00
-1.7062506676e+00
-8.0550920963e-01
-7.2952049971e-01
2.2697906494e+00
1.0309099406e-01
1.1237237453e+00
-1.7133015394e+00
3.1865077019e+00
1.2849375010e+00
8.9789897203e-02
-5.1440972090e-01
-1.3876951933e+00
-9.0541675687e-02
7.7639585733e-01
1.5896925926e+00
-1.9379352033e-01
-2.4613409042e+00
-8.3933395147e-01
4.7331538796e-01
1.8580145836e+00
3.1288831234e+00
4.0882129669e+00
1.8849369884e-01
2.6939365864e+00
2.9345073700e+00
1.4027149677e+00
-1.3444465399e-01
9.7045719624e-01
-7.9715955257e-01
-1.5157629550e-01
-1.6784336567e+00
3.3241137862e-01
2.1983497143e+00
-8.5589683056e-01
-1.4459296465e+00
2.0192990303e+00
2.7607233524e+00
3.5984933376e-01
4.1637644768e+00
3.2813591957e+00
3.7171311378e+00
-1.2338994741e+00
7.0933518000e-03
2.6067795753e+00
2.7018551826e+00
1.3164511919e+00
-1.0715509653e+00
-1.0851002932e+00
-1.8939990997e+00
-2.0492794514e+00
-2.4817671776e+00
-9.3225228786e-01
-2.5401315093e-01
-1.0280406475e+00
-2.0765025616e+00
-4.0849301219e-01
-1.4825393260e-01
3.1240637302e+00
1.6766177118e-01
3.2558321953e-01
1.2183204889e+00
-8.6186522245e-01
3.5867303610e-01
6.7015773058e-01
1.4856745005e+00
1.2057675123e+00
3.3237934113e+00
2.8297713399e-01
-3.1190970540e-01
-8.8049435616e-01
5.4895441979e-02
-4.5562779903e-01
-2.4705287814e-01
-6.9886219501e-01
-9.0390962362e-01
-1.5497671366e+00
-5.6090700626e-01
-2.2984490395e+00
-3.9058297873e-01
-1.1795867682e+00
-1.3234112263e+00
-1.9527223110e+00
1.1959776878e+00
1.0055679083e+00
8.2640898228e-01
3.0918943882e-01
-6.4234085381e-02
7.0574712753e-01
7.2748404741e-01
3.5740442276e+00
2.3992998600e+00
5.4894697666e-01
4.9122814089e-02
7.5950302184e-02
1.8117098510e-01
-1.7486859858e-01
8.4382034838e-02
2.5603163242e+00
1.1443045139e+00
2.1499632299e-01
1.2645319700e+00
5.6675231457e-01
-1.3033580780e+00
-1.3278789520e+00
-1.9153538942e+00
-4.5641365647e-01
-4.5356753469e-01
-7.8289574385e-01
-1.9934873581e+00
-4.9597492814e-01
-1.4664911032e+00
2.7729997039e-01
-6.3123410940e-01
-2.6123714447e+00
-3.9491724968e+00
-2.2667884827e-01
3.1373891830e+00
-1.9429534674e+00
-1.4874838591e+00
-1.9745012522e+00
-1.8127028942e+00
-2.5064067841e+00
2.8558514118e+00
8.2910990715e-01
1.6664118767e+00
4.6312460303e-01
2.7345850468e+00
-5.7019042969e-01
-2.5750833750e-01
-4.1739550233e-01
7.6690244675e-01
-3.4025035799e-02
1.5271847248e+00
3.3843642473e-01
-2.0971411467e-01
-1.5759605169e+00
-5.1711136103e-01
5.1991782188e+00
2.8841433525e+00
2.0051829815e+00
8.9625149965e-01
-1.1752926111e+00
2.4582476616e+00
3.2452006340e+00
6.6729650497e+00
3.5523416996e+00
3.5514152050e+00
7.8850007057e-01
2.8838100433e+00
1.3764744997e+00
-1.4261666536e+00
-4.9320120811e+00
8.1305974722e-01
1.5340307951e+00
1.5266335011e+00
1.5244163275e+00
1.5040820837e+00
-2.7727133036e-01
-1.1226592064e+00
-2.5377881527e+00
-2.5606584549e+00
-7.3717129230e-01
6.5699547529e-01
2.9308879748e-02
1.3245702982e+00
6.0120505095e-01
3.7275676727e+00
7.1341288090e-01
1.7922894955e+00
3.4681684971e+00
2.2744848728e+00
1.2593336403e-01
-8.2197171450e-01
8.1631332636e-01
-1.4414771795e+00
3.6664298177e-01
2.0402477682e-01
2.0553882122e+00
3.4282813072e+00
2.8168246746e+00
2.6069474220e+00
3.6760296822e+00
9.7319084406e-01
3.1338205338e+00
1.9377738237e+00
2.9578113556e+00
1.6372050047e+00
-1.3420522213e+00
-6.3117057085e-01
-7.5820487738e-01
5.6950485706e-01
1.4107927084e+00
1.4841538668e-01
-5.1717206836e-02
-2.6111522317e-01
-1.4451318979e+00
-2.7206182480e+00
-1.2245135307e+00
-2.1980555058e+00
-1.8657932281e+00
-1.2220845371e-01
-1.7323622704e+00
-1.0598763227e+00
2.8374952078e-01
-7.4095028639e-01
-8.1573438644e-01
-2.9499796033e-01
1.3726801872e+00
1.0101926327e+00
1.3995993137e+00
1.5361997485e-01
-2.7199847698e+00
9.1032207012e-01
-6.4449775964e-03
-1.0037477016e+00
-7.4727034569e-01
3.4766966105e-01
-7.7500510216e-01
4.2960828543e-01
2.5279045105e+00
1.8325586319e+00
2.1288180351e+00
1.2504721880e+00
-1.2654328346e+00
-1.1864037812e-01
-2.7055323124e-02
-1.8738428354e+00
4.6526614577e-02
-2.1682782471e-01
1.5432065725e+00
3.6328199506e-01
2.7160291672e+00
1.2277768850e+00
-1.4321030676e-01
-1.3683891296e-01
1.7333581448e+00
2.9309439659e+00
1.6504863501e+00
2.9812577367e-01
8.3839821815e-01
-1.3854117393e+00
-2.6940898895e+00
8.3465969563e-01
9.4239240885e-01
-7.9921686649e-01
-1.4831672609e-01
7.5588011742e-01
-3.4085592628e-01
-9.6575552225e-01
9.7646129131e-01
-4.2235475034e-02
1.8760397434e+00
-3.1245222092e+00
-2.5194323063e-01
3.5871249437e-01
-7.1318423748e-01
-3.0950891972e-01
2.9647943377e-01
1.2972295284e+00
1.4164838009e-02
8.1807881594e-01
6.4092779160e-01
1.5307551622e-01
2.0308599472e+00
1.7464406490e+00
1.1166269779e+00
-1.7852107286e+00
-2.1423566341e-01
8.4503255785e-02
-1.3166667223e+00
3.1261524558e-01
1.1210455894e+00
2.2258739471e+00
7.8589034081e-01
-9.2806249857e-01
-2.1559414864e+00
-3.3503845334e-02
-2.0734698772e+00
-7.5483268499e-01
-1.6908348799e+00
3.2329264283e-01
4.3034777045e-01
-6.2009567022e-01
-3.9667728543e-01
4.0316894650e-01
2.3842480183e+00
2.6650226116e+00
-1.2323970795e+00
-3.2980771065e+00
-1.4936920404e+00
-6.0864746571e-02
4.1920337081e-01
1.3513331413e+00
3.4615385532e-01
-9.1971898079e-01
7.1814912558e-01
6.2406200171e-01
4.3191065788e+00
2.8093225956e+00
3.0929384232e+00
2.3833491802e+00
1.6902397871e+00
-1.1072198153e+00
-4.4320866466e-01
5.1203149557e-01
9.8778873682e-01
7.4587863684e-01
8.9517962933e-01
1.2437324524e+00
1.1660431623e+00
-8.0588871241e-01
-3.0484330654e+00
-1.4728261530e-01
-8.7842857838e-01
-2.6247185469e-01
-1.6322170496e+00
-8.8842368126e-01
7.2939969599e-02
-1.5405839682e-01
-5.7704460621e-01
-1.0427974463e+00
-1.0765433311e+00
1.2734200060e-01
-2.1057524681e+00
-2.9389255047e+00
-1.8099433184e+00
6.5410353243e-02
4.1105562449e-01
-2.7763967514e+00
-5.2435940504e-01
1.6894530058e+00
3.0603432655e+00
2.4072016776e-01
-1.2447304726e+00
-1.6219302416e+00
-1.1678854227e+00
-1.1701595038e-02
-4.7792153358e+00
-2.6084918976e+00
-1.5528026819e+00
7.6130598783e-01
-4.9963635206e-01
-8.9844769239e-01
-2.7900868654e-01
-4.9572315812e-01
6.5244430304e-01
-1.0912199020e+00
8.8135457039e-01
-3.5984735005e-03
5.6191730499e-01
1.2063858509e+00
1.3814796209e+00
4.9165275693e-01
-2.1184403896e+00
1.0475060940e+00
3.5842425823e+00
3.4420757294e+00
-1.6203758717e+00
-1.7176353931e+00
-1.7869420052e+00
-1.4870455265e+00
-2.3590369225e+00
4.7997531891e+00
3.5598282814e+00
1.0710133314e+00
-2.1672351360e+00
-1.3807144165e+00
1.3680814505e+00
7.5994008780e-01
-2.6589342952e-01
1.7279366255e+00
3.0967018604e+00
-4.8929837346e-01
-3.7043285370e-01
-1.2577370405e+00
-1.8419119120e+00
-8.0995714664e-01
4.3362088501e-02
6.7742019892e-02
-6.1704504490e-01
-3.3882439137e-01
-9.4015222788e-01
3.3986866474e-01
9.9386155605e-01
4.2991924286e-01
2.0937433243e+00
1.4189530611e+00
-2.3150739074e-01
-2.2181363404e-01
7.6130193472e-01
-9.1122549772e-01
-1.8916450441e-02
3.2220897079e-01
-1.6325836182e+00
-4.3031308055e-01
7.1216177940e-01
4.4509917498e-01
1.0611211061e+00
-1.9675618410e+00
-2.1491162777e+00
-6.9686955214e-01
-5.5999445915e-01
-7.3558157682e-01
-1.0076079369e+00
-2.5731163025e+00
-3.0913758278e+00
-2.7006931305e+00
6.4149510860e-01
2.6114623547e+00
8.1355321407e-01
6.0554748774e-01
-3.1127433777e+00
-6.0495311022e-01
-3.4130603075e-01
-1.3387557268e+00
-1.6660661697e+00
-1.5157843828e+00
-9.4725686312e-01
-1.3980060816e+00
-1.0424922705e+00
1.2729521096e-01
1.4141206741e+00
-1.4670561552e+00
-1.3726249933e+00
1.2267533541e+00
1.0952090025e+00
1.9976609945e+00
7.6750016212e-01
-1.7502185106e+00
-7.5951419771e-02
1.4556844234e+00
2.7954418659e+00
-9.5612585545e-01
-6.4438891411e-01
-1.9545218349e-01
8.4639209509e-01
-8.9900928736e-01
7.0786380768e-01
-1.1261575222e+00
-5.8507871628e-01
-4.6480318904e-01
2.0017244816e+00
2.4715502262e+00
2.4523724616e-01
8.0548572540e-01
5.6385797262e-01
9.4388151169e-01
-1.2779039145e+00
-4.4323701859e+00
1.1381646395e+00
-1.1845244169e+00
2.3002870083e+00
2.1926648617e+00
-1.1533985846e-02
-7.0711672306e-01
3.5941529274e-01
-1.4452645779e+00
-2.6459686756e+00
-2.7690410614e-01
1.6372568607e+00
1.1031527519e+00
2.2356867790e+00
1.7907856703e+00
4.7330528498e-01
-3.6472526193e-01
-1.1477663517e+00
-2.8876116276e+00
2.4568662047e-01
2.9325529933e-01
-2.5760481358e+00
-2.5690808296e+00
-3.3721597195e+00
-8.3232659101e-01
-1.9103509188e-01
-8.9502632618e-01
-8.2541275024e-01
-1.2920141220e+00
2.3498967290e-01
-7.0025926828e-01
-2.5264484882e+00
-1.9272414446e+00
-2.2419939041e+00
-7.2093540430e-01
-2.6737131178e-02
7.6471549273e-01
1.5330162048e+00
-6.6841326654e-02
-5.2772098780e-01
-3.6474320292e-01
-1.0446523428e+00
-1.8986806870e+00
-3.3066072464e+00
-1.0797646046e+00
-1.8944001198e-01
-1.1000419855e+00
-2.7227346897e+00
-2.0236949921e+00
-8.8211506605e-01
5.9620082378e-01
1.4383120537e+00
1.1699038744e+00
5.0846588612e-01
1.5931324959e+00
-6.6996121407e-01
1.0042188168e+00
2.2532400489e-01
1.0848013163e+00
-1.1710760593e+00
-1.4080951214e+00
3.2326027751e-01
4.3869692087e-01
1.0406068563e+00
-7.3575657606e-01
5.5025851727e-01
2.1004126072e+00
9.3743389845e-01
1.5411232710e+00
3.1061634421e-01
-1.0324753523e+00
-9.0263225138e-02
-1.5806992054e+00
-2.2941441536e+00
-2.3840336800e+00
-1.5430687666e+00
-3.2301073074e+00
-9.1818422079e-01
-3.2595026493e+00
7.6006338000e-02
-5.6926544756e-02
6.6540789604e-01
-2.4611912668e-01
-6.4222916961e-02
-8.6830961704e-01
-3.3344674110e+00
-2.0027234554e+00
-9.1460406780e-01
3.0369192362e-02
-2.3689877987e+00
9.9032473564e-01
-1.0253716707e+00
8.8693672419e-01
-1.2382173538e+00
-7.6765745878e-01
1.8505595624e-01
6.6490370035e-01
1.4906004071e-01
-2.1114134789e+00
3.3107998967e-01
3.7016453743e+00
3.2239964008e+00
3.6769199371e+00
4.0837626457e+00
1.1525812149e+00
-1.2792425156e+00
-6.5488034487e-01
-2.8316402435e-01
6.2668144703e-01
-1.0519917011e+00
-2.5443315506e-01
-5.2685278654e-01
1.1385135651e+00
5.8290356398e-01
-3.2517179847e-01
-4.0657669306e-01
2.9048390687e-02
6.6139638424e-02
-1.5387217700e-01
-1.9880056381e+00
8.9730638266e-01
-2.9732140899e-01
1.0544446707e+00
-3.0906703472e+00
-4.8103909492e+00
-3.9010298252e+00
-1.8268110752e+00
-2.6195657253e+00
-1.8476070166e+00
1.8015599251e+00
1.7978410721e+00
9.1427713633e-01
-9.9424101412e-02
3.6404907703e-01
-8.3954191208e-01
2.7114009857e-01
-4.5811790228e-01
3.7005460262e-01
-1.4854525328e+00
6.3727498055e-01
1.2842245400e-01
1.1277975887e-01
3.6454769969e-01
1.4908574820e+00
4.7683835030e-01
-5.4796910286e-01
1.8158857524e-01
-1.7581224442e+00
-1.2457224131e+00
2.2230598927e+00
6.1817681789e-01
-2.9563319683e-01
-3.5041505098e-01
-2.0053765774e+00
-4.9771299958e-01
-2.0943655968e+00
-1.1624245644e+00
-1.8030508757e+00
-2.6954531670e+00
-1.3072670698e+00
1.3346980810e+00
-8.9524000883e-01
9.0759247541e-01
-5.2952278405e-02
1.4973715544e+00
-1.2156128883e+00
-5.0910884142e-01
-1.5034501553e+00
1.0024920702e+00
2.0705020428e+00
1.0282036066e+00
-7.2475057840e-01
-6.3557338715e-01
-2.5717467070e-01
-2.5177710056e+00
-5.3900927305e-01
-4.2471805215e-01
6.2928640842e-01
1.3498589993e+00
1.5730201006e+00
8.9738714695e-01
1.2375878096e+00
1.6237119436e+00
6.3310629129e-01
-1.8755965233e+00
-3.5188779235e-01
1.0505884886e+00
-1.7979033291e-01
-1.5700232983e+00
-2.5365390778e+00
-1.3914452791e+00
-1.8212828636e+00
-8.4889227152e-01
-4.3800321221e-01
3.0992832184e+00
9.1631275415e-01
-1.2583649158e+00
-9.5480406284e-01
-1.3168206215e+00
2.6495504379e+00
7.2311019897e-01
1.3019605875e+00
-9.3042898178e-01
1.0328361392e-01
1.2379335165e+00
-3.5093274713e-01
7.7826696634e-01
9.4264009967e-03
-1.1598057747e+00
7.8734034300e-01
8.9819961786e-01
1.6617845297e+00
1.5385376215e+00
1.9981199503e+00
1.1223948002e+00
-3.2561904192e-01
-1.2529349327e+00
-1.9335825443e+00
-4.6496963501e+00
6.1152201891e-01
3.4706959128e-01
2.4242668152e+00
2.3754186630e+00
4.8418350220e+00
3.6545363069e-01
-3.2585277557e+00
-2.5185599923e-01
-2.2022423744e+00
3.1507840753e-01
6.8807691336e-01
3.6587545276e-01
1.8556772470e+00
6.7661643028e-01
-3.8017800450e-01
3.1790921092e-01
-1.4172139764e-01
-3.3126088977e-01
7.3342221975e-01
-1.4732481912e-02
1.1789437532e+00
-5.0071555376e-01
1.7073404789e+00
-7.6795697212e-02
1.9966281652e+00
-1.1139351130e+00
-5.8900976181e-01
2.3131355643e-01
1.9134641886e+00
4.8245310783e-01
3.7425775081e-02
1.2159456015e+00
1.3190243244e+00
2.4906413555e+00
3.2453451157e+00
1.4318011999e+00
-1.5857470036e+00
7.8733992577e-01
-2.1373362541e+00
5.5992019176e-01
-4.9428531528e-01
1.4408495426e+00
-6.3888752460e-01
6.7875318229e-02
-3.0864024162e+00
1.0639163665e-02
-6.6964077950e-01
-2.9213750362e-01
-6.7095249891e-01
2.7944061160e-01
1.1084568501e+00
-8.8894820213e-01
4.3020293117e-01
-2.9629766941e-01
2.9390799999e-01
1.1283755302e+00
1.9010261297e+00
1.1369301081e+00
2.3769207001e+00
-6.7787885666e-01
-4.2845792770e+00
-1.7094513178e+00
-2.1519634724e+00
1.7690320015e+00
-4.6379399300e-01
9.1839265823e-01
8.5775381327e-01
-2.1047218144e-01
2.7335951328e+00
3.7962463684e-03
-1.3750567436e+00
-1.7174229026e-01
-4.7683021426e-01
-1.0514802933e+00
3.1624940038e-01
-2.1245954037e+00
-1.4567297697e+00
-1.3430601358e+00
-2.9106783867e-01
-8.6757683754e-01
1.0324796438e+00
2.0940059423e-01
-8.4668213129e-01
-8.7730515003e-01
-1.1950497627e+00
1.8729205132e+00
8.5336679220e-01
1.4979147911e+00
1.3639851809e+00
1.3182468414e+00
-8.4407344460e-02
-1.4268222451e-01
-8.1461238861e-01
-1.5551806688e+00
-2.3729581833e+00
-2.4618961811e+00
-2.3167976737e-01
-9.5199555159e-01
1.8906042576e+00
-1.2021336555e+00
1.1340339184e+00
1.2327646017e+00
-2.9241544008e-01
-1.6776198149e+00
-3.4866385460e+00
-4.9227517843e-01
-1.9873279333e-01
-2.9254703522e+00
-4.0952873230e-01
-1.1450924873e+00
-1.1396675110e+00
-2.0740208030e-01
-2.1201819181e-01
-5.3154820204e-01
-2.0109270513e-01
1.6143401861e+00
-8.8680720329e-01
4.2194938660e-01
-1.4002542198e-01
-7.3650866747e-01
-7.3066985607e-01
3.0066776276e-01
-1.1304564476e+00
-7.6808232069e-01
-2.4601511955e+00
-5.8461427689e-01
-3.9930278063e-01
-1.9261434078e+00
-1.0326911211e+00
-2.8602344990e+00
-2.6130124927e-01
3.9689984918e-01
5.1006138325e-01
1.2583529949e+00
1.6832843423e-01
4.2041125894e-01
9.3601301312e-02
1.2550848722e-01
1.7174582183e-01
-7.7195763588e-01
-1.7517836392e-01
9.2391932011e-01
6.3269239664e-01
1.4097439051e+00
-5.7552528381e-01
1.7424732447e+00
3.1080431938e+00
1.7461512089e+00
1.6725050211e+00
-5.1133561134e-01
2.5372645855e+00
3.4844925404e+00
2.8961937428e+00
2.1327371597e+00
3.8968336582e+00
6.5509450436e-01
2.1221263409e+00
7.1280163527e-01
5.9283528477e-02
-2.7002713084e-01
6.9159269333e-01
-3.3045238256e-01
1.2046099901e+00
-3.9689686894e-01
8.8615053892e-01
-2.6449952126e+00
1.0194793940e+00
-5.9324976057e-02
1.4759372473e+00
-8.0358213186e-01
-2.6818895340e-01
1.8410714865e+00
-1.4374550581e+00
-1.8470901251e+00
-3.5730674267e+00
-3.0604369640e+00
-1.5307102203e+00
-4.7263270617e-01
-6.6093331575e-01
-1.7758301497e+00
-6.5216886997e-01
-1.1543474197e+00
7.7314430475e-01
1.9477984905e+00
4.3524675369e+00
-4.5843419433e-01
-2.1059560776e+00
-1.4118379354e-01
-6.6056859493e-01
-1.6661797464e-01
-2.6525833607e+00
2.1972277761e-01
1.9297713041e-01
8.9070284367e-01
1.3825335503e+00
7.7282625437e-01
2.3359866142e+00
1.0676118135e+00
6.0296416283e-01
-7.9007750750e-01
-8.0567038059e-01
3.7803009152e-01
2.0249579847e-01
2.2993564606e-02
1.4360272884e+00
-4.5837813616e-01
-9.5311987400e-01
-2.6491707563e-01
-1.0970331430e+00
3.6035008729e-02
-3.4621467590e+00
-1.9577623606e+00
-2.2903187275e+00
1.1215955019e+00
3.1439101696e+00
2.1309185028e-01
2.1800959110e-01
-3.2840245962e-01
1.0139489174e+00
-1.9944570065e+00
1.8407095671e+00
7.0111185312e-01
1.0718470812e+00
-1.3517254591e+00
2.7879261971e-01
1.0903712511e+00
9.7504693270e-01
7.6399391890e-01
1.3201321661e-01
1.6984370947e+00
1.3727807440e-02
-6.1494475603e-01
-1.1072086096e+00
-6.3890606165e-01
9.7124642134e-01
8.3981692791e-01
9.7560179234e-01
-3.7712270021e-01
6.5267693996e-01
4.2843216658e-01
-1.6072857380e+00
-7.6120543480e-01
2.0220551491e+00
1.1031587124e+00
-5.6558430195e-01
1.9453515112e-01
-3.7278985977e-01
1.1034429073e+00
1.1994946003e+00
2.5398287773e+00
8.9130717516e-01
1.0145080090e+00
-2.3748119175e-01
3.3922338486e-01
-2.2369244099e+00
1.7605477571e+00
3.2709655166e-01
-3.6916381121e-01
-2.6060523987e+00
-2.5049235821e+00
7.8536307812e-01
6.9497305155e-01
-5.5598836392e-02
-6.2285196781e-01
-3.3812334538e+00
-2.8247979283e-01
-1.4059871435e+00
-1.2191519141e-01
1.2806668282e+00
4.6995472908e+00
1.5295070410e+00
-1.3008997440e+00
-9.7165679932e-01
-1.9302049875e+00
-3.8033251762e+00
-1.0156493187e+00
-8.8365472853e-02
3.6739033461e-01
1.2487866879e+00
2.3803119659e+00
1.2108263969e+00
-3.3305519819e-01
-9.6452784538e-01
6.7674350739e-01
4.0199785233e+00
-3.1731052399e+00
-1.0231548548e+00
-1.9654309750e-01
4.5167520642e-01
1.9117933512e+00
-1.5032819510e+00
-1.1970852613e+00
4.2191392183e-01
1.0460164547e+00
2.2200820446e+00
-6.9680535793e-01
-9.9836236238e-01
-4.5643058419e-01
7.5553588569e-02
9.1709733009e-01
-6.6880971193e-01
2.0848438740e+00
1.9446530342e+00
-1.5150092840e+00
-2.6923608780e+00
-2.6310563087e-01
-3.9017405361e-02
-9.6357986331e-02
-1.0603266954e+00
-3.1846606731e+00
-1.0095097870e-01
-1.2053749561e+00
-1.1908617020e+00
1.0623382330e+00
3.5675158501e+00
6.3399529457e-01
-8.8189654052e-02
-7.8711193800e-01
2.0440019667e-01
9.8992459476e-02
-4.2869082093e-01
-6.8607252836e-01
8.4747481346e-01
4.1095055640e-02
6.0447674990e-01
-7.6751500368e-02
2.8413334489e-01
-9.9130010605e-01
-1.5976110697e+00
-2.1508448124e+00
1.0574738979e+00
3.3135282993e-01
-9.0252101421e-01
-7.9128485918e-01
-1.7335200310e+00
3.5409302711e+00
1.5011483431e+00
-1.1607221365e+00
-1.5348716974e+00
-5.1182699203e+00
2.8095002174e+00
2.8761720657e-01
-4.1787785292e-01
-3.5889133811e-01
3.1989917159e-02
-2.2799642086e+00
-7.1891623735e-01
2.6607644558e-01
-6.4231608994e-03
4.1102015972e-01
-1.7854197025e+00
1.0496628284e-01
1.2129147053e+00
1.4897558689e+00
1.9605925679e-01
-1.1340819597e+00
-6.1949753761e-01
5.8469295502e-02
3.0458179116e-01
1.5785256624e+00
5.3360491991e-01
-1.3218905032e-01
-1.0263176262e-01
-1.0233758390e-01
-9.3882185221e-01
-1.9719207287e+00
-4.0599218011e-01
1.5517686605e+00
-3.7001046538e-01
-2.2384121418e+00
-7.4459791183e-01
3.5704827309e-01
1.6476367712e+00
2.0373870432e-01
-4.0812458992e+00
-6.8873596191e-01
1.0584969819e-01
-8.3724856377e-02
1.3781974316e+00
2.8072431087e+00
-3.1489117146e+00
-2.2449977398e+00
-1.1209762096e+00
2.3035843670e-01
-5.5061107874e-01
-3.3787494898e-01
8.8553833961e-01
2.4462151527e+00
1.7629618645e+00
-2.5125215054e+00
-2.3392806053e+00
3.8844498992e-01
1.7193523645e+00
7.9449623823e-01
-2.3065669835e-01
-1.4156755209e+00
-5.2404046059e-01
-4.7137072682e-01
-1.4878180027e+00
-3.1852965355e+00
-9.7715497017e-01
-1.7228875160e+00
-9.4666361809e-01
-1.8890519440e-01
1.6995334625e+00
7.5029060245e-02
-8.5450005531e-01
-9.0043348074e-01
-6.1126261950e-01
-1.8315386772e+00
9.7942656279e-01
-2.0063281059e-01
-9.7797179222e-01
-2.4165804684e-01
-3.4525170922e-01
-6.2477755547e-01
-3.8871401548e-01
-1.5794706345e+00
3.0368942022e-01
2.1609728336e+00
3.6592850089e-01
9.3286299706e-01
-1.0698065758e+00
-5.0780564547e-01
-2.5286757946e+00
1.6571316719e+00
1.1141005754e+00
-7.9947125912e-01
-4.7305703163e-01
-3.7523856163e+00
-5.7576489449e-01
-3.0503597856e-01
6.0360032320e-01
-1.6620284319e+00
-2.9488494396e+00
7.2260990739e-02
3.1452391297e-02
-1.6012176275e+00
-4.5750606060e-01
3.4027731419e+00
-1.8554952145e+00
-7.2929424047e-01
-3.5124945641e-01
2.2799606621e-01
3.4535360336e-01
-3.6150074005e-01
-3.5750368237e-01
-1.6069504023e+00
8.0499255657e-01
2.3585569859e+00
-3.6343669891e-01
3.7475187331e-02
-1.6158552468e-01
7.4869430065e-01
2.3421920836e-01
-9.0843075514e-01
-6.1610978842e-01
3.5412842035e-01
1.3467204571e+00
1.9911015034e+00
-2.5849051476e+00
-1.7200998068e+00
-2.2513475418e+00
1.4799557924e+00
1.0358849764e+00
-7.0275217295e-01
-1.0140175819e+00
-2.3203553259e-01
1.3270567358e-01
-1.4348667860e+00
-3.3874312043e-01
-1.0810633898e+00
9.1617405415e-01
-2.0296047628e-01
-4.7329837084e-01
-9.6726632118e-01
-5.7491928339e-01
-5.6671482325e-01
-2.8358364105e-01
-2.1324605942e+00
-4.1502997279e-01
6.7654025555e-01
9.1905653477e-01
-3.0260866880e-01
-2.7426035404e+00
-5.4056459665e-01
1.0090917349e+00
-6.5522038937e-01
1.6207660437e+00
-2.2327027321e+00
-4.2484426498e-01
3.8885332644e-02
1.9248571992e-01
2.2165317535e+00
-2.5339475274e-01
-1.4764556885e+00
-1.1150605679e+00
-1.4249328375e+00
-1.4398554564e+00
-7.4821734428e-01
-3.3593249321e-01
-1.1426403522e+00
-1.2418600321e+00
-1.5854116678e+00
-2.2644529343e+00
-1.8212392330e+00
-1.5424016714e+00
-3.4588465095e-01
3.5468289256e-01
1.3362283707e+00
9.5292031765e-02
5.1298457384e-01
7.4219429493e-01
3.1927195191e-01
1.4714598656e+00
1.5792856216e+00
9.4892489910e-01
-1.2934578657e+00
-1.2117878199e+00
-4.0729627609e+00
3.7907499075e-01
1.0777978897e+00
1.3906260729e+00
2.0125300884e+00
1.8498246670e+00
3.6524642259e-02
-1.5561745167e+00
-2.2578476369e-01
1.4739502668e+00
-5.8879119158e-01
-1.3977730274e+00
1.4313813448e+00
-6.4073485136e-01
-1.0162001848e+00
-5.9693417549e+00
1.0830048323e+00
4.6321386099e-01
-1.7742620707e+00
6.1348176003e-01
-1.2656909227e+00
7.5040757656e-01
-8.7917256355e-01
8.3699119091e-01
6.2206453085e-01
2.6980218887e+00
-2.9307518005e+00
-2.6161226630e-01
1.0734487772e+00
-7.8616432846e-02
1.6093124151e+00
1.9851808548e+00
5.6366270781e-01
-2.8104493022e-01
3.1321164221e-02
-2.9221063852e-01
3.8748317957e-01
6.3829642534e-01
-5.6706972420e-02
-9.9357944727e-01
-1.5338952541e+00
2.7458517551e+00
3.1429100037e+00
3.0356369019e+00
3.3282692432e+00
3.1084065437e+00
-1.9851849973e-01
-1.8095114231e+00
-5.9400933981e-01
-3.7611383200e-01
-2.6069593430e-01
-1.0041092634e+00
-1.0204455853e+00
2.5901162997e-02
4.1858071089e-01
3.1864014268e-01
-1.1516823620e-01
-1.4245015383e+00
-2.2968528271e+00
-4.0059849620e-01
1.6373944283e+00
9.7936160862e-02
-3.3254849911e-01
-7.4493908882e-01
9.9498569965e-01
1.2164672613e+00
1.5429866314e+00
-1.9161033630e-01
7.4759417772e-01
1.4024317265e+00
1.0657793283e-01
3.8455762863e+00
-5.5024677515e-01
-1.0017737150e+00
-4.1825431585e-01
-1.2589449883e+00
-1.0309375525e+00
-2.1342197061e-01
1.9661764801e-01
1.6291083097e+00
-1.3274819851e+00
7.6020675898e-01
1.5144218206e+00
4.8654222488e-01
2.8629061580e-01
-3.8106327057e+00
-8.0594104528e-01
1.4928567410e-01
8.9420163631e-01
1.0968815535e-01
-4.4987387955e-02
-2.1599128246e+00
-7.1829080582e-01
2.4613255262e-01
3.2949468493e-01
-1.2921097875e-01
2.2113351524e-01
3.0212101340e-01
2.1144788265e+00
2.5720590353e-01
-1.3123987615e-01
2.5308787823e+00
1.7837638855e+00
1.0110602379e+00
1.2237635851e+00
2.6199073792e+00
1.8573803902e+00
1.6189599037e-01
-7.6483768225e-01
-4.3613772839e-02
6.3589042425e-01
-2.2805109024e+00
7.8963762522e-01
-3.9421603084e-01
1.3296451569e+00
1.1128054857e+00
1.1510773897e+00
1.0410081148e+00
1.0161375999e+00
2.0937180519e-01
-1.0242773294e+00
1.5331808329e+00
1.7723816633e-01
-1.1028444767e+00
5.4826277494e-01
1.6398520470e+00
2.0251748562e+00
2.1910715103e+00
4.0546354651e-01
1.2371139526e+00
-2.3573937416e+00
1.5432978868e+00
1.7593052387e+00
1.9419279099e+00
8.7764883041e-01
1.5522291660e+00
-4.8248916864e-01
3.2417979836e-01
-6.3556008041e-02
-1.4113098383e+00
-1.7602668703e-01
6.3126736879e-01
-8.5263490677e-01
-1.3463217020e+00
-7.1839436889e-02
-5.1824992895e-01
-3.5968391895e+00
-2.4990706444e+00
-1.2631129026e+00
-5.9376651049e-01
1.1827248335e+00
2.9392972589e-01
8.1381154060e-01
9.7572332621e-01
3.0623596907e-01
1.0829595476e-01
-4.6108645201e-01
3.5602182150e-01
4.4619303942e-01
1.5165843070e-01
1.3007068634e+00
1.5133787394e+00
7.7555455267e-02
-5.5408340693e-01
-1.4889359474e+00
1.0509237051e+00
1.5364550352e+00
9.7682142258e-01
-1.3148942031e-02
-1.5465426445e-01
1.0701832771e+00
1.4464472532e+00
-5.6297677755e-01
-2.0872058868e+00
-2.6315433979e+00
-2.5541980267e+00
-5.3362768888e-01
-1.5678907633e+00
-1.5314569473e+00
6.2205916643e-01
-3.5270699859e-01
1.8130539358e-01
1.4305099249e+00
6.2567943335e-01
-1.0607105680e-02
-3.1547358036e+00
9.2252236605e-01
2.2691404819e-01
-7.6967775822e-01
-1.2940226793e+00
1.7777020931e+00
6.4595049620e-01
9.5639699697e-01
1.1160775423e+00
2.1641279757e-01
2.4978659153e+00
-1.3744114637e+00
-1.8480216265e+00
-1.4118779898e+00
1.1864911020e-01
2.2928435802e+00
9.9871802330e-01
-6.4752292633e-01
4.5075467229e-01
9.7449648380e-01
-3.4898877144e-01
8.2227188349e-01
9.4331824780e-01
3.4097999334e-01
9.2380392551e-01
-7.3116552830e-01
1.1333963871e+00
-7.9311525822e-01
-9.7070246935e-01
-6.4977860451e-01
-8.0634707212e-01
-8.6696463823e-01
6.0709774494e-01
1.6165601015e+00
3.3529634476e+00
1.4492546320e+00
1.2120968103e+00
-3.4407266974e-01
6.8324559927e-01
-6.3363856077e-01
4.7863247991e-01
1.3359001875e+00
2.0323066711e+00
-1.5411860943e+00
6.6974186897e-01
-1.7216972113e+00
3.6476304531e+00
1.2532609701e+00
1.4463361502e+00
1.4116616249e+00
1.9084302187e+00
1.7667388916e+00
9.8161858320e-01
8.6780136824e-01
1.2662098408e+00
-3.3466978073e+00
1.1242915392e+00
2.6847311854e-01
-5.3309106827e-01
-1.8341300488e+00
-2.3232910633e+00
-2.6971432567e-01
-1.2686259747e+00
-1.1475472450e+00
-1.1267925501e+00
-5.7099471092e+00
-1.5507459641e-01
9.9851846695e-01
1.4785297215e-01
6.0532844067e-01
-1.7903344631e+00
1.1378912926e+00
1.6831767559e-01
-8.4338372946e-01
2.8919556737e-01
-1.3510861397e+00
1.2410979271e+00
3.9048769474e+00
3.6577239037e+00
-1.5036529303e+00
-6.5151820183e+00
-2.3773275316e-01
-4.2042642832e-01
-1.6080399752e+00
-2.6592934132e+00
-1.1718858480e+00
2.7209308147e+00
7.9880553484e-01
-1.4730489254e+00
-1.4906416833e-01
2.9124777317e+00
4.9710196257e-01
9.0221917629e-01
-5.6101191044e-01
-4.1648727655e-01
4.3601489067e-01
-2.4834687710e+00
-1.7489624023e+00
-1.3717848063e+00
-1.6044421494e-01
2.2961983681e+00
8.2739591599e-01
1.8297933340e+00
-3.4239038825e-01
-1.4171160460e+00
-4.9521726370e-01
6.3944596052e-01
1.9891285896e+00
1.0524578094e+00
7.9646700621e-01
1.4640076160e+00
1.2587376833e+00
-7.3629361391e-01
4.8303830624e-01
9.7845584154e-01
2.0905017853e+00
1.2804512978e+00
-8.3270090818e-01
1.1945810318e+00
8.2205957174e-01
2.2724490166e+00
5.9569478035e+00
2.5143165588e+00
-7.8667098284e-01
1.0705919266e+00
2.0851311684e+00
3.0358390808e+00
1.4090166092e+00
9.7129327059e-01
1.4312814474e+00
1.4415934086e+00
7.1428738534e-02
-3.1644004583e-01
9.3770259619e-01
-5.4389333725e-01
-1.6034974251e-03
-9.6553575993e-01
1.3480999470e+00
-1.3240696192e+00
8.7347888947e-01
-3.5529222488e+00
1.4811816216e+00
-1.1712783575e+00
-2.1814806759e-01
-1.5482977629e+00
8.6899107695e-01
2.0471732616e+00
-1.1954091787e+00
1.4325109720e+00
-9.7009515762e-01
2.0938353240e-01
-2.2035570145e+00
5.8510965109e-01
4.7025088221e-02
1.3786290586e-01
-1.9708878994e+00
1.5605906248e+00
2.2626750469e+00
7.2335809469e-01
1.6591206789e+00
2.3341403008e+00
4.4243955612e+00
4.4984146953e-01
-5.9463232756e-01
-4.1574499011e-01
1.3300269842e-01
-3.2093782425e+00
-4.4757112861e-01
-3.6184000969e-01
-2.2074875236e-01
-2.0657122135e+00
1.0309810638e+00
5.4866069555e-01
-3.1112775207e-01
-5.7480424643e-02
1.9822184741e-01
1.5638383627e+00
1.8943245411e+00
-3.4918293357e-01
3.2622923851e+00
3.0930149555e+00
1.8024969101e-01
8.0774247646e-02
6.4375537634e-01
-1.0088253021e+00
1.7981240153e-01
-2.3524761200e+00
-1.0611671209e+00
-7.0101690292e-01
-6.9015276432e-01
-4.2819440365e-01
8.1831145287e-01
1.5170041323e+00
1.3388675451e+00
3.6166463047e-02
1.8243676424e+00
-2.7201156616e+00
-1.1144695282e+00
-1.9169892767e-04
4.4553762674e-01
-2.0356345177e+00
1.2854191661e-01
-2.4638943672e+00
6.5555721521e-01
7.7598315477e-01
-1.2707889080e+00
-1.2415859699e+00
1.1998401582e-01
3.6263069510e-01
1.7064091563e-01
-2.0405733585e+00
3.1402149200e+00
-6.4591038227e-01
-1.1652883291e+00
8.6395001411e-01
9.4159819186e-02
-4.0934199095e-01
1.2753164768e+00
8.9091879129e-01
-1.0084458590e+00
-1.6759015620e-01
1.7225953341e+00
-1.0610111952e+00
2.4768872261e+00
-1.1637915373e+00
1.1498795450e-01
1.7111076117e+00
-1.0910440683e+00
-3.5710468888e-01
1.0137115419e-01
1.2942487001e+00
-3.1383433342e+00
1.0527070612e-01
1.3985000551e-01
9.7913986444e-01
-2.6818560436e-02
1.6297538579e-01
5.1870709658e-01
5.0421506166e-01
5.4499173164e-01
1.1681091785e+00
-8.3456408978e-01
1.1319972277e+00
1.2488317490e+00
-1.7924194038e-01
-1.9259168208e-01
-1.3262717724e+00
-1.8461091518e+00
-8.7256568670e-01
1.1693640053e-01
-2.6544539928e+00
1.3587927818e+00
4.4939243793e-01
-8.7380252779e-02
1.5622010827e-01
1.8324444294e+00
-2.9674527645e+00
-2.4029557705e+00
3.0713477731e-01
-4.3197965622e-01
-1.3422065973e-01
-9.6822792292e-01
2.1030485630e-01
1.0807888508e+00
-9.1672480106e-02
-1.5847316980e+00
-1.8824188709e+00
1.0871185064e+00
-6.3552409410e-01
1.2555960417e+00
5.1156514883e-01
-8.8327938318e-01
4.0113143921e+00
-2.4297485352e+00
1.1991578341e+00
-2.9232165217e-01
-2.9575040340e+00
-2.9156994820e+00
7.2406053543e-01
-1.6053043604e+00
-1.2756707668e+00
3.8895960897e-02
-2.0219911635e-01
-4.9125760794e-01
-6.0259956121e-01
-9.7833055258e-01
-1.0214877129e+00
-9.0410178900e-01
-1.3738328218e+00
-3.5714843869e-01
-1.4028245211e+00
3.2113549709e+00
9.0785241127e-01
6.9990378618e-01
1.9445114136e+00
4.0983977318e+00
-1.7188966274e+00
2.7584519982e-01
1.6058497429e+00
1.0583162308e+00
1.1382833719e+00
2.4452524185e+00
-1.4339001179e+00
3.6084549427e+00
-1.9916121662e-01
5.6663322449e+00
1.3631103933e-01
-8.0999296904e-01
1.7668553591e+00
8.1652331352e-01
1.2352193594e+00
-4.7212356329e-01
-7.1453183889e-01
9.9389612675e-01
-8.3086484671e-01
-1.3169571161e+00
-1.5067809820e+00
-1.6485300064e+00
-5.0893867016e-01
1.0705136061e+00
-8.1399399042e-01
2.8569884300e+00
1.3564594984e+00
6.2116589397e-02
1.2937139273e+00
2.8908963203e+00
4.2248601913e+00
-3.6200773716e-01
1.4614624977e+00
1.7560172081e-01
7.6945209503e-01
4.3710155487e+00
7.0872086287e-01
1.9815416336e+00
1.9357630610e-01
1.0319081694e-01
-5.6048619747e-01
-1.0744041950e-01
1.1503387690e+00
2.0806922913e+00
-8.2556724548e-01
-1.5464326739e-01
-2.7507147193e-01
-4.4237859547e-02
-1.1077944040e+00
1.1576932669e+00
-3.0135779381e+00
-1.6730405390e-01
8.0626332760e-01
-1.1382069588e+00
-1.0652787685e+00
-3.4191589355e+00
1.2869554758e+00
6.1033999920e-01
1.8514151573e+00
-7.8187358379e-01
-2.8100986481e+00
1.2554100752e+00
1.1397711039e+00
-1.0708460957e-01
-2.3912452161e-01
-2.1476654708e-01
-8.7934118509e-01
2.4013538361e+00
1.1243650913e+00
1.3067084551e+00
-2.0047025681e+00
6.6695678234e-01
6.4057129622e-01
1.0879303217e+00
6.0207933187e-01
2.3414231837e-01
-2.1670578420e-01
-1.2338400632e-01
-4.2716452479e-01
2.2104499340e+00
-2.6092034578e-01
-3.3363282681e-01
2.6621472836e-01
1.5768868923e+00
1.5658841133e+00
-7.1900057793e-01
-2.1876694262e-01
1.1398915946e-01
-1.8730776310e+00
-9.4612950087e-01
-2.8383300304e+00
-1.5122531652e+00
-5.5357587337e-01
-7.8168675303e-02
-1.1631196737e+00
2.6120325923e-01
-1.0594595671e+00
-1.7884786427e-01
-1.6656340361e+00
6.7844593525e-01
-1.5456469357e-01
-1.4899773896e-01
7.5638240576e-01
1.7645350099e-01
-1.3196092844e+00
-1.6748818159e+00
9.5688766241e-01
1.1205003262e+00
9.1546595097e-01
1.5668645501e-01
-1.7105613947e+00
-6.0562384129e-01
-7.8054827452e-01
1.0623604804e-01
2.4379971623e-01
-6.5499567986e-01
8.8921284676e-01
7.6254092157e-02
7.9516464472e-01
1.3378665447e+00
5.1982631683e+00
3.1121787429e-01
9.7550880909e-01
2.7837291360e-01
2.1091341972e+00
-3.0000421405e-01
1.1858328432e-01
2.9659253359e-01
-3.7929347157e-01
-1.0382668972e+00
-1.4025057852e-01
1.1605603248e-01
-5.9905809164e-01
-8.3375102282e-01
-1.6351765394e+00
-1.3975381851e+00
-1.1775937080e+00
-1.4961565733e+00
-2.0687911510e+00
-5.9460526705e-01
1.8115543127e+00
3.9016661048e-01
4.8425102234e-01
1.2774702311e+00
1.0767223835e+00
-2.5972461700e+00
-2.6012740135e+00
-3.6905026436e+00
-5.2219867706e+00
-4.6547474861e+00
-6.4258456230e-02
-6.5009874105e-01
-6.9075089693e-01
-4.5601233840e-01
-1.8617947400e-01
1.5208071470e+00
1.6078674793e+00
2.9191439152e+00
4.2528729439e+00
5.3247122765e+00
1.1482776403e+00
4.0800714493e-01
2.0475352183e-02
1.1253355742e+00
1.8016492128e+00
5.8388787508e-01
7.6293700933e-01
6.1310017109e-01
1.6798883677e-01
1.7314109802e+00
-1.8071802855e+00
-2.3759326935e+00
-1.6750071049e+00
1.5186320543e+00
1.6590973139e+00
4.1436859965e-01
-4.9069252610e-01
-2.1004607677e+00
-1.4099043608e+00
-1.9117755890e+00
2.5427625179e+00
1.0100479126e+00
1.3164243698e+00
6.1395716667e-01
-3.9910671115e-01
-7.4478149414e-01
6.3601464033e-01
7.7662968636e-01
-3.6371123791e-01
-8.5377836227e-01
8.1996119022e-01
6.6702109575e-01
7.2902673483e-01
-8.0789953470e-01
3.2940107584e-01
6.7332941294e-01
1.2049130201e+00
1.7917732000e+00
1.0694298744e+00
1.6682527065e+00
-4.2492234707e-01
-1.1625622511e+00
-1.3657493591e+00
-7.6617634296e-01
-1.5588663816e+00
2.9008729458e+00
2.4694292545e+00
9.5683705807e-01
1.9139403105e-01
-4.0527790785e-01
-2.5338140130e-01
3.5260626674e-01
-3.0578970909e-01
7.9889374971e-01
-6.6649746895e-01
-6.2050604820e-01
5.7054933161e-02
9.3867373466e-01
8.2894963026e-01
2.1138715744e-01
-9.7478285432e-02
2.4046909530e-03
2.0996923558e-03
-2.0820543170e-01
-2.3619329929e+00
-1.3467521667e+00
-2.2559068203e+00
-4.1947646141e+00
-4.2365317345e+00
-3.6946382523e+00
1.6581226587e+00
2.1564812660e+00
2.2451944351e+00
1.0023128986e+00
1.6092253923e+00
-8.7601715326e-01
-6.1950826645e-01
-1.2163757086e+00
2.4556566030e-02
-3.1423518062e-01
-1.3656109571e+00
-7.3009032011e-01
1.2166025639e+00
6.5302467346e-01
6.4552706480e-01
-8.8066667318e-01
-1.3549455404e+00
-1.5557644367e+00
-1.9367744923e+00
-1.3054860830e+00
8.2790762186e-01
2.1556409076e-02
-9.2679721117e-01
-2.5549021363e-01
5.5457627773e-01
2.0672577620e-01
-1.6250534058e+00
-2.1124572754e+00
-1.3280814886e+00
-4.4682648778e-01
2.6710708141e+00
1.8952634335e+00
3.0813428760e-01
4.5701872557e-02
-4.5149403811e-01
1.6005307436e+00
5.1113855839e-01
-7.2769343853e-01
-2.3210788146e-02
4.1606649756e-01
-2.7534767985e-01
-8.5518628359e-02
1.9508647919e-01
4.8549607396e-01
-2.0869778097e-01
-6.1730444431e-01
-4.2974165082e-01
-6.6775426269e-02
-6.6926425695e-01
1.1968574524e+00
2.4232077599e+00
1.1527426243e+00
9.8501570523e-02
1.0520502329e+00
2.2440742701e-02
1.6468840837e-01
-1.9825619459e+00
-1.3884499073e+00
-6.9911712408e-01
-1.2307536602e+00
4.2617860436e-01
-1.0302841663e+00
-1.6822007895e+00
-1.6380882263e+00
-2.5803968906e+00
-1.7058639526e+00
-8.5271227360e-01
-5.4008197784e-01
-3.1576623917e+00
-3.2036449909e+00
1.2244114876e+00
7.7491647005e-01
1.3505135477e-01
1.1947517395e+00
3.2765758038e-01
-1.1179573536e+00
6.3044220209e-01
-2.9698494077e-01
4.3602553010e-01
-1.0256621838e+00
1.7183814049e+00
1.5341113806e+00
1.3217335939e+00
1.4382098913e+00
-7.4822729826e-01
-1.2802348137e+00
-1.4751425982e+00
-1.0835181475e+00
-1.4177004099e+00
-4.7354957461e-01
3.3729004860e+00
3.3889689445e+00
2.9513642788e+00
3.0122270584e+00
2.9078865051e+00
5.3862923384e-01
2.6545581222e-01
1.0550016910e-01
1.2814140320e+00
1.3762471676e+00
7.1878260374e-01
2.2523456812e-01
-1.7222468555e-01
8.5220974684e-01
1.4648117125e-01
3.6941686273e-01
-9.5593619347e-01
-8.4618514776e-01
-1.5130378008e+00
-2.1973435879e+00
-1.1536765099e+00
-1.6249676943e+00
-6.1999064684e-01
-3.8883548975e-01
-1.9253240526e-01
-1.3897893429e+00
3.0024853349e-01
-6.5166747570e-01
-1.0910907984e+00
-1.9230545759e+00
-1.2551391125e-01
-2.4003043771e-01
-1.2079674006e+00
-1.2205845118e+00
-1.0957411528e+00
8.8754683733e-01
6.0805422068e-01
1.4764907956e-01
-1.8381603062e-01
-1.5377122164e+00
1.3003027439e+00
8.6645382643e-01
-9.8969703913e-01
-5.5324226618e-01
-3.6480501294e-01
2.1287913322e+00
1.5793341398e+00
2.6439318657e+00
2.3200652599e+00
2.8030710220e+00
2.4888763428e+00
1.9635840654e+00
1.4279646873e+00
2.3217604160e+00
1.9603435993e+00
3.6535891891e-01
-3.6327841878e-01
-1.2707089186e+00
-2.3453536034e+00
-2.1182253361e+00
1.0376057625e+00
4.9604940414e-01
1.1746019125e+00
1.4814238548e+00
8.5166782141e-01
-3.7959601879e+00
-3.3397562504e+00
-2.2884421349e+00
-2.8311231136e+00
-2.9356846809e+00
7.6548260450e-01
2.0860404968e+00
1.4676891565e+00
3.8212025166e-01
-2.7414229512e-01
-1.0855112076e+00
-1.0729588270e+00
-6.3107484579e-01
-2.0123822689e+00
-1.6791774035e+00
4.3223866820e-01
5.6751036644e-01
-1.3588114083e-01
-1.1469966173e+00
1.8803881407e+00
-5.4975759983e-01
9.1835036874e-03
3.6304503679e-01
5.1540398598e-01
9.6351051331e-01
9.1150820255e-01
1.1294486523e+00
6.7885214090e-01
5.0600516796e-01
1.4222230911e+00
2.0124256611e+00
1.0875482559e+00
1.6434656382e+00
8.1317383051e-01
1.2055507898e+00
-2.7464940548e+00
-9.8821991682e-01
-2.2539472580e+00
-1.8877588511e+00
4.1954243183e-01
1.5741957426e+00
5.3203433752e-01
2.2015715018e-02
8.1905591488e-01
1.7737162113e+00
2.3089652061e+00
1.2877086401e+00
7.2916340828e-01
1.2522201538e+00
-2.2715714574e-01
1.5946480036e+00
5.2628803253e-01
-1.7654801905e-01
4.7608780861e-01
3.8151666522e-02
-2.2363485396e-01
8.0081157386e-02
8.1915366650e-01
3.5883626342e-01
-4.6682867408e-01
-8.9429324865e-01
-4.0977296233e-01
-1.6462020576e-01
8.2038208842e-02
1.7978391647e+00
7.7904027700e-01
1.4166872203e-01
-9.6695870161e-02
-1.5411448479e+00
6.7294985056e-02
-1.3332812786e+00
-5.5837124586e-01
-8.5237687826e-01
-9.6685016155e-01
-3.7589395046e+00
-3.8438937068e-01
-2.5302767754e-01
1.2822970748e-01
1.5992884338e-01
-1.6190695763e+00
-2.1132221222e+00
-1.6545213461e+00
9.6314668655e-01
1.5124329925e-01
1.0162847042e+00
-6.2074142694e-01
-2.3096241057e-01
-1.9702816010e-01
7.8339859843e-02
-3.5405761003e-01
1.8540424109e+00
4.5157545805e-01
3.8921602070e-02
-1.5299739838e+00
-3.9227857590e+00
1.4259294271e+00
-1.3385155201e+00
2.8729704022e-01
-3.0802574158e+00
2.4428434372e+00
-4.3698146939e-01
-9.8791563511e-01
-1.9521496296e+00
-1.2915763855e+00
-1.2887274027e+00
9.8768693209e-01
1.0128219128e+00
4.1863331199e-01
-7.5914442539e-01
-1.9513391256e+00
-8.8933438063e-01
4.2477977276e-01
-1.3638024330e+00
-5.2005368471e-01
-4.2522096634e-01
2.8486037254e-01
-2.1679611504e-01
9.9672144651e-01
5.1511388272e-02
2.0574564114e-02
-2.9403083324e+00
-8.4517687559e-01
-7.1567809582e-01
9.9092733860e-01
1.9356433153e+00
1.4289869070e+00
1.1898010969e+00
8.1055209041e-02
2.0409920812e-01
-1.3235785961e+00
-1.0492539406e+00
1.0371481180e+00
-9.5083290339e-01
8.4134739637e-01
-3.8844037056e+00
1.4031361341e+00
1.1671814919e+00
1.2543979883e+00
5.0862973928e-01
4.6715416908e+00
-4.4648960233e-01
-2.5947481394e-01
-1.1229494810e+00
-5.1096880436e-01
-2.5951693058e+00
-2.5085165501e+00
6.7240452766e-01
-2.4588081837e+00
2.1104106307e-01
-3.0445265770e+00
-3.0400888920e+00
-6.8916034698e-01
-3.0525977612e+00
-1.5771766901e+00
-3.6140291691e+00
-5.7447230816e-01
2.4169263244e-01
-9.2167615891e-01
3.1727504730e-01
-5.3075569868e-01
-2.0928460360e-01
6.8967419863e-01
-9.0597963333e-01
3.5390980542e-02
-2.2303707898e-01
1.8450832367e+00
3.2512181997e-01
-2.2319557667e+00
-1.2505092621e+00
-2.0503649712e+00
-5.7120156288e-01
-3.8227877021e-01
6.4849305153e-01
1.4180632830e+00
-1.0584296286e-01
7.9568225145e-01
-7.2294890881e-01
2.2665064335e+00
2.3502593040e+00
4.4216468930e-01
-1.6793787479e+00
-2.0933897793e-01
-1.0549600124e+00
-1.9352648258e+00
-4.8680162430e+00
-3.5726246834e+00
-6.1672635376e-02
-1.7228977680e+00
8.8718783855e-01
-5.3442978859e-01
3.6806339025e-01
-7.5594484806e-01
-3.0463132262e-01
-2.1503100395e+00
-1.4798455238e+00
3.7401771545e+00
-1.6239221394e-01
1.5226576328e+00
-2.0444295406e+00
6.6441047192e-01
9.6927404404e-01
8.4540031850e-02
-4.4483485818e-01
-1.0660625696e+00
-2.0671823025e+00
6.4451485872e-02
-5.3003537655e-01
2.0408663750e+00
1.8559858799e+00
2.8229088783e+00
-6.6120333970e-02
1.4974542856e+00
2.8181234002e-01
1.2639963627e+00
-2.1075038910e+00
5.7373565435e-01
-6.9027692080e-01
-7.1534115076e-01
-6.7375093699e-01
2.8238756657e+00
5.0374817848e-01
-6.2525518239e-02
-1.2164909840e+00
-2.4431414604e+00
-4.2547020316e-01
3.8822120428e-01
-2.6618462801e-01
2.4946401119e+00
6.7468181252e-02
1.6345963478e+00
-1.5027552843e-01
-3.0370748043e-01
1.5357913971e+00
3.6168265343e-01
1.1696240902e+00
-3.0011433363e-01
3.8070815802e-01
-2.0667970181e+00
3.0736532807e-01
4.1818720102e-01
-2.1203777790e+00
1.2245248072e-02
-4.4277471304e-01
-1.2330771238e-01
7.2039085627e-01
2.0341954231e+00
1.0974054337e+00
1.1307114363e+00
1.2516689301e+00
2.7496106625e+00
-1.9775071740e-01
9.6651643515e-02
3.8375666738e-01
5.3119975328e-01
7.3719209433e-01
1.7480963469e+00
1.0541096926e+00
-2.7547270060e-01
-6.4584359527e-02
-3.2065517902e+00
4.5100316405e-01
1.1828231812e+00
-1.1284525394e+00
4.8740014434e-02
-1.0886058807e+00
2.5069155693e+00
-1.0499055386e+00
3.2684758306e-01
-1.7027975321e+00
-7.0380008221e-01
-9.9443536997e-01
9.9224917591e-02
-3.0596557260e-01
7.2184860706e-01
-1.4005188942e+00
-2.5815171003e-01
1.8653742075e+00
6.8873547018e-02
2.4123911858e+00
7.3606461287e-02
-1.2533801794e+00
5.4339844733e-02
-1.3204588890e+00
-3.4410599619e-02
-6.2459945679e-01
6.8231292069e-02
-1.8018767238e-01
-2.2071862221e-01
-3.9267590642e-01
9.0980716050e-02
-2.2010002136e+00
4.1288098693e-01
-1.1711920500e+00
2.3986080289e-01
-2.8817918897e-01
6.2109053135e-01
-6.4024341106e-01
-6.7936754227e-01
-8.8659602404e-01
1.1182547361e-01
1.0484700203e+00
7.0673191547e-01
4.7823760659e-02
1.0659528971e+00
-9.2613145709e-02
1.1169134378e+00
-1.9248110056e-01
-5.5133664608e-01
-1.4036363363e+00
-2.9316117764e+00
9.0685164928e-01
4.1951656342e-01
2.3354282379e+00
3.7267163396e-01
2.6795511246e+00
7.4449872971e-01
-6.2582427263e-01
-1.0468625277e-01
-2.1022887230e+00
-1.0642657280e+00
1.1522754431e+00
1.0446326733e+00
1.4280903339e-01
1.5524454117e+00
7.0501202345e-01
2.8486065865e+00
1.5580054522e+00
3.4880700707e-01
-2.4104380608e-01
1.3553590775e+00
1.3459059000e+00
-4.5765995979e-01
2.0753970146e+00
2.8489077091e-01
-9.8548722267e-01
-1.5556118488e+00
2.0567874908e+00
-2.2217991352e+00
6.7041730881e-01
-8.2508468628e+00
-7.4842947721e-01
-6.2579441071e-01
-7.9309237003e-01
-1.3454446793e+00
-3.3505852222e+00
5.3280419111e-01
6.9412881136e-01
-3.6031979322e-01
-5.4552918673e-01
-6.3225394487e-01
5.1358622313e-01
3.5692197084e-01
-7.9224967957e-01
1.0042474270e+00
8.6724013090e-02
-1.0160177946e+00
1.6923807859e+00
-4.4415560365e-01
6.8970447779e-01
-5.6060848236e+00
-6.6202723980e-01
7.7136749029e-01
-1.5695296526e+00
-8.7773901224e-01
-3.2447443008e+00
1.6110872030e+00
1.8456554413e+00
2.4838875234e-01
2.0984342098e+00
2.8786144257e+00
2.4482438564e+00
-4.7368398309e-01
2.4568877220e+00
-3.1130793691e-01
9.1871547699e-01
-5.1924407482e-01
-2.6005706191e-01
9.1981703043e-01
6.4802676439e-01
1.5728126764e+00
-2.0330917835e+00
3.6354200840e+00
-2.0033605099e+00
1.0197719336e+00
-5.6303844452e+00
1.5414664745e+00
1.5346635580e+00
9.9588495493e-01
-1.6094845533e-01
8.6855202913e-01
2.1479036808e+00
1.5101863146e+00
1.7892400026e+00
6.4505040646e-01
-2.1246957779e+00
1.9867911339e+00
8.3185380697e-01
2.2979414463e+00
-2.8637373447e+00
-1.2724274397e+00
-1.4234595001e-01
4.1722935438e-01
1.3225697279e+00
1.9313884974e+00
-1.1032880545e+00
-1.0188124180e+00
6.0514485836e-01
2.1857550144e+00
1.4814041555e-01
1.0515904427e+00
9.1900505126e-02
-6.6694402695e-01
9.0794414282e-01
-1.9252589941e+00
-6.9510452449e-02
-1.4172579050e+00
6.8748301268e-01
-2.4322299287e-02
5.9630590677e-01
-1.3724026084e-01
5.7958859205e-01
1.1182508469e+00
3.8277414441e-01
-4.4680587947e-02
-1.4544095993e+00
-3.2897791266e-01
-5.2336400747e-01
-6.5508747101e-01
-3.8651263714e+00
-1.9439163208e+00
-9.5292836428e-01
-1.0704302788e+00
-8.3823978901e-02
8.6844599247e-01
-2.0671595633e-01
1.5608607531e+00
1.7585753202e+00
2.1783132553e+00
8.5961902142e-01
-5.3362178802e-01
-7.2109490633e-01
-1.9129711390e-01
-7.8938317299e-01
4.3226209283e-01
1.0888075829e+00
4.4012534618e-01
1.7244917154e+00
1.2901537418e+00
1.7545711994e+00
1.2918467522e+00
-1.5196446180e+00
-1.5363349020e-01
2.6136305332e+00
-4.6993698925e-03
-1.9124540687e-01
-1.4351749420e+00
-2.9813042283e-01
-4.7191572189e-01
-1.0438024998e+00
-1.6076329947e+00
1.1786285639e+00
1.0272011757e+00
6.4717346430e-01
-1.4060065746e+00
-8.3077967167e-01
9.2050290108e-01
-1.0240478814e-01
-1.4172933102e+00
1.2742871046e+00
-4.4243204594e-01
2.1413733959e+00
8.7462969124e-02
2.1780960560e+00
3.0176858902e+00
8.4688282013e-01
-2.4248316288e+00
-4.1131372452e+00
-2.6792377234e-01
7.5575739145e-01
2.3747241497e+00
1.1851187050e-01
9.6597902477e-02
5.4701662064e-01
1.6241486371e-01
8.3071671426e-02
-1.1396921873e+00
2.3812828958e-01
2.6213459969e+00
2.3765494823e+00
-1.1192116737e+00
-5.8309078217e-01
2.5654605031e-01
9.0665239096e-01
-5.3116661310e-01
3.5957992077e-01
2.9039490223e+00
1.4188826084e+00
7.3742181063e-01
-1.6910870373e-01
4.3640968204e-01
-3.9019277692e-01
-2.1912571043e-02
2.8563830256e-01
-1.0012640953e+00
-1.6310559511e+00
2.3475856781e+00
8.2299029827e-01
-1.4570346475e-01
-1.4007134438e+00
-3.4472790360e-01
-1.5182380676e+00
4.8194232583e-01
-1.3990675211e+00
-2.5065213442e-01
-1.5172951221e+00
-2.7979583740e+00
-1.8184322119e+00
-2.9884600639e-01
9.2202925682e-01
1.4449731112e+00
-2.2337660789e+00
-1.9697020054e+00
-1.3037415743e+00
2.0477947593e-01
-3.5399179906e-02
-1.8388654292e-01
1.0034781694e+00
-5.7364225388e-01
1.5621459484e-01
-3.5832560062e-01
-2.6177263260e-01
5.9387856722e-01
7.3961168528e-01
-4.2362380028e-01
-3.8095584512e-01
-3.9355540276e-01
1.4930680394e-01
1.8829798326e-02
-1.0845860243e+00
3.5524159670e-01
-5.5290096998e-01
-2.8053584099e+00
2.5859391689e-01
2.0037579536e+00
1.5327014923e+00
-1.1829870939e+00
-1.5154299736e+00
-2.6403684616e+00
3.7272146344e-01
3.2256442308e-01
1.5519392490e+00
2.2041809559e-01
-4.5652564615e-02
2.0727756023e+00
1.3853733540e+00
1.7422409356e-01
-9.1888405383e-02
2.4972441792e-01
1.0790443420e+00
7.5512284040e-01
1.6745384932e+00
-1.6300529242e-01
-2.1133224964e+00
-1.2729338408e+00
-8.5295754671e-01
-4.5172905922e+00
-1.8917061090e+00
-1.4080960751e+00
-2.1892380714e+00
-2.4569365382e-01
3.3867232800e+00
3.6891412735e+00
1.9322805405e+00
1.2671622038e+00
-2.7097621560e-01
-9.1619908810e-01
-1.0655438900e+00
3.3196058869e-01
1.6174411774e-01
-4.7266438603e-01
-6.6221767664e-01
-1.7747505903e+00
-6.3579082489e-03
5.8894343674e-02
-1.3902057409e+00
-3.4510648251e+00
-2.8119301796e+00
-6.2692058086e-01
-1.7386699915e+00
3.2909953594e-01
1.1063222885e+00
-4.0535089374e-01
7.9714798927e-01
6.3058741391e-02
-3.6540117860e-01
-8.0773264170e-01
2.4494104087e-01
-6.0031503439e-01
-1.0076739788e+00
-2.5571272373e+00
-2.9006562233e+00
-3.0318791866e+00
-7.0986710489e-02
-1.0185199976e+00
-1.6464086771e+00
-1.2131018639e+00
-1.0242631435e+00
2.8410726786e-01
-3.6156553030e-01
-9.4189774245e-03
-1.2123290300e+00
-2.5059981346e+00
4.2644736171e-01
2.4520678520e+00
-5.6961232424e-01
-5.9795558453e-01
-5.3578299284e-01
4.1619440913e-01
2.7458781004e-01
8.7928050756e-01
1.0782185793e+00
7.2774976492e-01
7.7747738361e-01
-3.0225610733e-01
-2.1097390652e+00
-4.5609748363e-01
-7.4709004164e-01
-6.1049884558e-01
1.3478988782e-02
-4.2717787623e-01
3.2999217510e+00
6.8044573069e-01
8.8046061993e-01
2.5827899575e-01
1.9556274414e+00
-2.1408243179e+00
9.6339426935e-02
3.7417629361e-01
1.0070093870e+00
-9.2523878813e-01
2.1439116001e+00
-1.2566988468e+00
4.1041755676e-01
1.7467488050e+00
2.0690754056e-01
-5.8563488722e-01
-1.3425244093e+00
-4.1967427731e-01
1.8716444969e+00
3.2764656544e+00
5.7397317886e-01
3.5685357451e-01
-1.7383393645e-01
-1.6701847315e+00
-1.9621691704e+00
1.2504364252e+00
2.1890318394e+00
-5.2873212099e-01
5.9711128473e-01
4.9702227116e-01
1.6575181484e+00
2.6384618282e+00
2.2445836067e+00
2.4438004196e-01
-1.2056814432e+00
7.3972731829e-01
7.7230012417e-01
-1.8996629715e+00
-1.6771457195e+00
-7.1329981089e-01
7.6175129414e-01
1.2392370701e+00
1.6048589945e+00
2.5530812144e-01
-1.7691123486e+00
-1.3797022104e+00
-1.1433887482e+00
7.0793576539e-02
5.6701463461e-01
8.3097928762e-01
-1.4429875650e-02
4.1809833050e-01
3.9794078469e-01
1.5398755670e-01
-2.6463599205e+00
-2.0501961708e+00
-5.0025433302e-01
7.0923596621e-01
1.6010688245e-01
-1.4758325815e+00
-1.7491531372e+00
-6.3638150692e-01
1.0424065590e+00
7.3395270109e-01
-2.4106988683e-02
5.7496738434e-01
-4.1413086653e-01
1.2584018707e-01
2.9345268011e-01
-1.5635100603e+00
-3.0628356934e+00
-1.8324091434e+00
7.9468923807e-01
1.6427966356e+00
-2.6144304872e-01
-2.1931791306e+00
-1.6592607498e+00
-1.4069813490e+00
3.2766309381e-01
1.3134061098e+00
-4.8400023580e-01
-2.4761992693e-01
-6.8839448690e-01
6.9615572691e-01
-6.6218328476e-01
4.1803464293e-01
-1.1130548082e-02
7.2628781199e-02
4.5206329226e-01
-1.9044427872e+00
-8.6375290155e-01
-1.7119178772e+00
-5.9824609756e-01
1.7549671233e-01
-6.2908476591e-01
6.9643324614e-01
1.7058626413e+00
1.5044957399e+00
3.0395567417e+00
2.4271118641e+00
5.0081998110e-01
1.7620596886e+00
-1.3780038357e+00
-5.9167468548e-01
-1.6596122980e+00
-3.4538695216e-01
4.4990894198e-01
-4.3001271784e-02
-2.8808364272e-01
2.2120217979e-01
2.7191901207e-01
-8.6242359877e-01
-3.7450000644e-01
-4.9644663930e-01
-4.1013369560e+00
-5.4142385721e-01
3.6201188564e+00
1.9969576597e+00
-1.1390032768e+00
-3.8133130074e+00
-2.4969244003e+00
-6.8593239784e-01
-6.2523579597e-01
-7.2903865576e-01
-1.5306320190e+00
1.3229683638e+00
1.0713075399e+00
1.5855362415e+00
2.7653760910e+00
1.5292465687e+00
6.4283825457e-02
-9.9604952335e-01
3.1981527805e-01
5.4757440090e-01
2.3436861038e+00
-4.3273842335e-01
2.0528159142e+00
-3.8189655542e-01
-2.0101537704e+00
-1.9513953924e+00
5.6467097998e-01
5.9243458509e-01
7.9954928160e-01
1.1125513315e+00
-2.8063610196e-01
-1.1026537418e+00
-8.9581406116e-01
2.5334327221e+00
3.0572080612e+00
3.5756571293e+00
1.6046240330e+00
1.4936177731e+00
1.0842610598e+00
6.9193303585e-01
-1.0668705702e+00
6.4350247383e-01
1.4182358980e-01
7.0247966051e-01
1.4307520390e+00
-5.2832627296e-01
-8.6626535654e-01
-2.0683495998e+00
-3.0401005745e+00
-2.3087932169e-01
-1.4122712612e+00
-1.4609879255e+00
-9.9918049574e-01
-1.0489225388e+00
-7.9655778408e-01
1.5045833588e-01
-7.5056225061e-02
2.0992929935e+00
3.4397155046e-01
-1.4181743860e+00
-1.4459630251e+00
-6.3447430730e-02
2.3647084236e+00
1.9517031908e+00
1.0450760126e+00
-9.0093117952e-01
-1.2751330137e+00
-1.9529168606e+00
-5.8125889301e-01
-4.5637154579e-01
-8.7735241652e-01
7.7755892277e-01
-7.9156917334e-01
3.2382473350e-01
-1.3528381586e+00
-4.6926274300e+00
-3.7102198601e-01
-1.2288303375e+00
-1.2424485683e+00
-1.7035108805e+00
-8.5739320517e-01
1.3046324253e+00
3.9566802979e-01
1.4477249384e+00
1.5712898970e+00
-3.7896034122e-01
-5.7458901405e-01
4.7687771916e-01
-1.2909847498e+00
-2.2991158962e+00
-1.0005345345e+00
-1.0027014017e+00
4.5974457264e-01
-8.4120506048e-01
1.3644264936e+00
4.1157236099e+00
6.0189384222e-01
3.1835380197e-01
-1.2665781975e+00
-1.3854873180e+00
-1.4729838371e+00
1.3097217083e+00
-7.3992693424e-01
2.0844752789e+00
2.4973275661e+00
-9.2477631569e-01
1.6715393066e+00
1.6193503141e+00
1.1127040386e+00
4.9793156981e-01
-5.8314800262e-01
-1.7199432850e-01
6.1178606749e-01
5.6014668941e-01
4.5103974640e-02
6.6578364372e-01
-1.6424598694e+00
-2.0259577036e-01
5.0926601887e-01
1.8785818815e+00
-4.1446752846e-02
4.2411181331e-01
-1.5264121294e+00
-8.0960112810e-01
-5.6325769424e-01
-4.6699672937e-01
-5.8147734404e-01
-4.6179664135e-01
-1.5994060040e+00
-9.1611719131e-01
-1.4609658718e+00
-7.0718783140e-01
-1.2461534142e-01
8.0647587776e-01
-1.1625865847e-01
-5.3387057781e-01
1.0132927895e+00
-2.3875901699e+00
-1.1812673807e+00
1.0826412439e+00
1.8895136118e+00
5.7879048586e-01
6.8538361788e-01
1.0890469551e+00
9.9663162231e-01
3.8280978203e+00
7.4878925085e-01
2.6234292984e-01
1.4344359636e+00
2.1720623970e+00
-1.6997527331e-02
7.9950493574e-01
2.3230369091e+00
2.2261192799e+00
1.4844301939e+00
2.5099377632e+00
5.3958231211e-01
8.1569099426e-01
3.7236565351e-01
2.1689555645e+00
3.2473397255e+00
1.1628187895e+00
2.7150924206e+00
1.0177865028e+00
4.9950876832e-01
5.7121127844e-01
-6.0760843754e-01
-8.8861310482e-01
-1.5748935938e+00
-1.5897086859e+00
-1.0695226192e+00
1.4740319252e+00
2.1355113983e+00
1.7299745083e+00
1.2204310298e-01
-9.4371151924e-01
-3.0609825253e-01
-1.1395021677e+00
-6.1614221334e-01
1.8966495991e+00
2.6044135094e+00
-1.1232882738e+00
-9.3675041199e-01
-5.9456981719e-02
1.3177865744e+00
3.3874809742e+00
-9.3476140499e-01
-1.0633640289e+00
-4.8290763050e-02
3.1205809116e+00
3.0516121387e+00
7.8639566898e-01
1.5257300138e+00
2.2981665134e+00
1.5638197660e+00
6.2121814489e-01
-6.6345453262e-02
-7.6199270785e-02
2.3449244499e+00
2.4164903164e+00
7.5165605545e-01
1.5989048779e-01
1.5169397593e+00
5.9617203474e-01
5.8455032110e-01
-1.2306635380e+00
-1.6115314960e+00
1.3809515536e-01
-2.5332634449e+00
-5.5154812336e-01
-9.9414163828e-01
1.3093258142e+00
2.7587541938e-01
2.4867599010e+00
1.8067457676e+00
-1.2252048254e+00
-1.2307331562e+00
8.2243305445e-01
-2.5906950235e-01
6.9627624750e-01
-1.1862877607e+00
1.3947770596e+00
-5.3801071644e-01
-6.3767272234e-01
1.3633265495e+00
2.8415908813e+00
6.0081601143e-01
-3.0995205045e-01
-4.3457031250e-01
-1.7256400585e+00
-3.0362145901e+00
1.9223759174e+00
1.7867454290e+00
1.9294032454e-01
-1.6040844917e+00
-1.7730393410e+00
1.5185722150e-02
4.3557956815e-01
-1.1869142056e+00
-1.7800116539e+00
-3.5260365009e+00
-1.4879053831e-01
6.8120938540e-01
-4.0897611529e-02
2.5145179033e-01
-1.0026252270e+00
4.0168246627e-01
3.3241817355e-01
8.4802649915e-02
5.5337661505e-01
-2.0099720955e+00
-2.8680789471e-01
5.7835602760e-01
2.2485706210e-01
-1.6184096336e+00
-2.1894781590e+00
-8.5223066807e-01
-3.8450911641e-01
-1.7697294056e-01
-2.0208497345e-01
-1.8735494614e+00
1.2350871563e+00
1.5544646978e+00
2.7325689793e+00
1.1147631407e+00
1.8993614912e+00
2.4886247516e-01
1.7379373312e+00
1.2820690870e+00
1.9536402225e+00
1.2933088541e+00
-1.2268848419e+00
-1.8731262684e+00
-3.6381936073e-01
1.4746282101e+00
1.3054834604e+00
-1.7572107315e+00
1.3062708080e-01
-1.3818516731e+00
5.2630579472e-01
-9.5001667738e-01
3.6286500096e-01
1.5446242094e+00
-8.8838495314e-02
8.2577478886e-01
2.2067794800e+00
-3.5096201301e-01
2.1809247136e-01
2.3598721027e+00
2.6441545486e+00
1.9206308126e+00
-6.6478228569e-01
-2.7188305855e+00
-2.0373768806e+00
-1.3626976013e+00
-5.4801833630e-01
-3.7346297503e-01
8.7301015854e-01
2.8796342015e-01
3.8525354862e-01
-9.2715030909e-01
2.7392656803e+00
1.2589040995e+00
5.8867514133e-01
4.2975693941e-01
1.3819322586e+00
1.0676046610e+00
-4.3015190959e-01
1.4915596247e+00
4.4434526563e-01
2.6959676743e+00
2.2349107265e+00
7.3831570148e-01
-5.6898766756e-01
-4.8312747478e-01
-6.1670142412e-01
1.2733918428e+00
1.6156315804e+00
-6.7197167873e-01
1.4362432063e-01
8.2395553589e-01
-2.3397688866e+00
-9.4760870934e-01
-1.3260047436e+00
-1.1648244858e+00
1.5876601636e-01
5.4446136951e-01
-1.3418108225e+00
-1.6429432631e+00
-9.3697935343e-01
-5.0819259882e-01
3.0841621757e-01
3.6202216148e-01
-5.1005107164e-01
1.2124825716e+00
9.6829313040e-01
-2.4204809666e+00
5.5904991925e-02
-1.8440924883e+00
-1.1991157532e+00
-1.2324687243e+00
-4.7176677734e-02
-1.7388993502e-01
8.3342373371e-01
7.5438892841e-01
8.6713784933e-01
9.5731252432e-01
1.5499018133e-02
1.6051818430e-01
8.2389593124e-01
2.3051033020e+00
2.5516865253e+00
1.2802120447e+00
-2.1831234917e-02
-1.0334138870e+00
-1.4229192734e+00
-7.1810650826e-01
1.5777881145e+00
-3.5281285644e-01
-3.5680210590e-01
-1.1712160110e+00
-2.3674445152e+00
6.0954606533e-01
-2.9548779130e-02
-1.9734254479e-01
-2.2998076677e-01
3.8615453243e-01
8.2532912493e-01
6.1465293169e-01
1.3272534609e+00
6.0962909460e-01
1.0436017513e+00
1.8212868273e-01
7.0874637365e-01
-1.5722260475e+00
-2.6643112302e-01
1.1088254452e+00
-3.9519566298e-01
-3.2604278531e-03
4.9444788694e-01
-7.7788829803e-01
1.2827707529e+00
1.7678744793e+00
6.4044642448e-01
5.6025695801e-01
1.1554428339e+00
2.0616052151e+00
6.6885614395e-01
5.6647402048e-01
-3.2329462469e-02
2.0588889122e+00
-3.0926487446e+00
-2.7323825359e+00
-1.2704912424e+00
-2.7898472548e-01
-9.3980497122e-01
1.0978738070e+00
2.6935076714e+00
1.8139250278e+00
2.8580975533e+00
2.4216730595e+00
-2.5950950384e-01
-1.3261745870e-01
-6.4045995474e-01
-1.3145030737e+00
-2.0665485859e+00
2.1269731522e+00
2.5913496017e+00
3.2436630130e-01
7.4421036243e-01
-4.3607914448e-01
3.0233526230e+00
1.9321402311e+00
5.0148256123e-02
8.0737745762e-01
9.6708077192e-01
4.1202294827e-01
-1.4534188509e+00
-1.3366491795e+00
4.6910253167e-01
1.5007313490e+00
-3.5892372131e+00
-3.4256470203e+00
-1.5865896642e-01
-7.8336036205e-01
-8.1702750921e-01
8.5306131840e-01
5.3192138672e-01
-1.3853271306e-01
1.7224433422e+00
1.4865757227e+00
7.3827147484e-01
-7.4474388361e-01
-4.2853981256e-01
-8.2723736763e-01
7.2795897722e-01
-3.0883985758e-01
-7.2674429417e-01
-1.1601864100e+00
4.5898991823e-01
2.3746569157e+00
-5.5072551966e-01
-2.1841537952e+00
-1.6516711712e+00
2.5817008689e-02
-6.8466031551e-01
1.8949618340e+00
8.5189384222e-01
1.6321721077e+00
1.9501957893e+00
6.7475003004e-01
1.7389869690e+00
-4.0586626530e-01
-6.5617710352e-01
-3.6954817176e-01
-7.9751455784e-01
-3.3608348370e+00
6.1141014099e-01
-3.5494983196e-01
1.2842819095e-01
-5.2403950691e-01
8.1558215618e-01
-2.4873165786e-01
-7.6629447937e-01
-7.5031089783e-01
7.6935213804e-01
-1.5896666050e+00
-7.4568402767e-01
5.8015322685e-01
8.5419440269e-01
8.7023669481e-01
6.9823712111e-01
-1.5142511129e+00
-6.9119894505e-01
-3.2830622792e-01
-1.1894888245e-02
1.1395654678e+00
4.0535563231e-01
-8.4385290742e-02
5.1549464464e-02
3.3645108342e-01
7.9206609726e-01
1.5864694118e-01
-3.0296433717e-02
1.9015718997e-01
2.6087770462e+00
2.0122890472e+00
1.8019098043e+00
1.3286937475e+00
2.0329682529e-01
6.0657167435e-01
-2.9151153564e+00
-2.6281416416e+00
-6.6720640659e-01
-3.1270415783e+00
-2.7140086889e-01
3.4385366440e+00
1.6840150952e-01
1.0706129670e-01
1.6744827032e+00
1.0500991344e+00
2.8259654045e+00
4.1273093224e+00
2.9944732189e+00
1.6597741842e+00
1.4741855860e+00
-9.6640217304e-01
6.2026941776e-01
2.4120156765e+00
1.1991335154e+00
1.7400046587e+00
1.2097299099e+00
4.4463485479e-01
-1.0907974243e+00
-2.8491613865e+00
-1.3908388615e+00
-3.9900064468e-01
5.0029188395e-01
1.2134224176e+00
1.7544559240e+00
1.5203779936e+00
-1.0717099160e-01
9.8855614662e-02
-1.9687955379e+00
-1.6093702316e+00
-9.1751855612e-01
-1.8842325211e+00
-2.1231067181e+00
-4.1700902581e-01
-1.6201684475e+00
1.9436439872e-01
-7.8937983513e-01
-8.0860137939e-01
-2.1265082359e+00
-1.9981893897e-01
1.3774776459e+00
-2.4292957783e+00
-2.0931515694e+00
1.2915756702e+00
-5.7869094610e-01
5.1408803463e-01
4.1520643234e+00
2.5723862648e+00
2.7788278461e-01
-9.2526221275e-01
1.6800738871e-02
-6.1563676596e-01
-1.1671388149e+00
-1.5125671029e-01
1.4768103361e+00
3.2765316963e-01
1.0976203680e+00
4.9645856023e-01
-1.4981094748e-02
-2.2976253927e-01
-1.4249522686e+00
-6.4923548698e-01
6.6877555847e-01
2.5824144483e-01
2.0807394981e+00
3.5615885258e+00
-1.6987830400e-01
2.9031735659e-01
2.3419693112e-01
-6.4279669523e-01
-1.1127954721e+00
-5.7161659002e-01
-6.8564824760e-02
-2.9403257370e-01
7.9676896334e-01
2.2470552921e+00
4.0014839172e+00
2.8074291348e-01
-1.8314121664e-01
1.8758008480e+00
-5.4370045662e-01
2.0300271511e+00
6.7269581556e-01
3.5580772161e-01
2.1180155277e+00
2.5687661767e-01
1.0754528046e+00
-2.0193710327e+00
-2.6131799817e-01
-9.5845676959e-02
3.4809499979e-01
1.7175881863e+00
-5.3498291969e-01
2.1648563445e-01
8.9501166344e-01
2.1330630779e+00
-1.1771217585e+00
4.6935681254e-02
2.7257637978e+00
2.2436144352e+00
2.1520094872e+00
2.3882181644e+00
-1.7291643620e+00
-3.0848502647e-03
1.2198754549e+00
4.0446615219e+00
8.6908084154e-01
-9.4921535254e-01
3.5733291507e-01
-1.0194672346e+00
-1.2272394896e+00
-2.3650157452e+00
-6.8551677465e-01
-2.1567802429e+00
-3.2780247927e-01
-2.4095199108e+00
3.9606267214e-01
-1.3709828258e-01
2.1785352230e+00
8.6423748732e-01
5.0516560674e-02
-2.5184760094e+00
-3.3876821995e+00
-1.2926741838e+00
-1.8459346294e+00
-5.5622756481e-01
-5.4614287615e-01
1.0151841640e+00
-1.9351501763e-01
6.9814866781e-01
5.0400835276e-01
1.0221742392e+00
1.6872183084e+00
2.2961401939e+00
1.4186453819e+00
-4.7630062699e-01
-2.5273349881e-01
2.1366016865e+00
4.5575013757e-01
1.1562038660e+00
2.8493468761e+00
1.7655255795e+00
-1.0050847530e+00
-6.7623341084e-01
-7.3230880499e-01
8.9500010014e-01
-4.6079018712e-01
9.6257722378e-01
2.0683095455e+00
1.7674922943e+00
3.5277613997e-01
-4.9180200696e-01
-6.6634488106e-01
-3.3267751336e-01
-1.3699905872e+00
4.2197480798e-01
9.0719652176e-01
6.4504438639e-01
-1.4363135099e+00
1.1037633419e+00
-2.9379420280e+00
-4.2768373489e+00
-2.9519007206e+00
-1.8296819925e+00
-1.3583114147e+00
-1.8477697670e-01
2.1425604820e+00
3.0980620384e+00
2.4536161423e+00
1.7616302967e+00
5.4665607214e-01
-1.3673330843e-01
-6.3582547009e-02
4.6910861135e-01
-6.8279959261e-02
-7.2855837643e-02
7.5148332119e-01
4.4562801719e-01
-8.1995233893e-02
7.3934948444e-01
1.7023042440e+00
1.0822942257e+00
-1.1310151219e-01
-4.3994045258e-01
-6.6080711782e-02
-5.9885305166e-01
1.0248056650e+00
-1.6560394764e+00
-1.3000742197e+00
-2.0392811298e+00
-2.1703572273e+00
8.1783276796e-01
-8.8206171989e-01
-9.3325781822e-01
-1.6721885204e+00
-1.6184231043e+00
-5.2372711897e-01
1.0558475256e+00
-8.9039736986e-01
-4.0679174662e-01
-6.9323402643e-01
1.5301221609e+00
2.5517898798e-01
4.7199344635e-01
-2.9022407532e-01
7.2623980045e-01
3.0512192249e+00
3.1548708677e-01
2.4374043941e-01
6.8225868046e-02
1.2977678776e+00
-1.1838911772e+00
-5.0002598763e-01
-2.0634934306e-01
4.2472264171e-01
-9.0655517578e-01
1.6608626842e+00
-5.2130371332e-01
2.2907090187e+00
2.3053088188e+00
1.8962583542e+00
-1.4744313955e+00
-5.9721630812e-01
6.2666803598e-02
1.3488963246e-01
-5.3552883863e-01
-2.4169661999e+00
-1.3144092560e+00
-2.3995685577e+00
-8.1858390570e-01
5.5150471628e-02
7.2680391371e-02
1.3697404861e+00
-7.0760148764e-01
-7.7695673704e-01
-3.0689675808e+00
2.7454087734e+00
1.6795331240e+00
6.2121063471e-01
-6.4151465893e-01
-1.0663803816e+00
5.8409073390e-03
-6.2460666895e-01
-4.0120172501e-01
-2.0416774750e+00
-4.4203476906e+00
-1.4429748058e+00
1.0675567389e+00
1.8406113386e+00
2.7618701458e+00
2.1953113079e+00
8.5203015804e-01
-1.7223608494e+00
-1.0726610422e+00
-1.3756301403e+00
-3.5291380882e+00
1.4176633358e+00
1.9079580307e+00
2.6242270470e+00
1.9832090139e+00
2.8645668030e+00
-2.0604728162e-01
-2.8317992687e+00
-1.3637032509e+00
-1.9021930695e+00
1.2324389219e+00
-8.8736015558e-01
-2.9761415720e-01
-5.0003051758e-01
-7.3369717598e-01
-6.9980216026e-01
4.1953611374e-01
-7.7344715595e-01
-1.6403359175e+00
-5.7865834236e-01
2.9109716415e-01
2.4633386135e+00
5.3945511580e-01
1.8371094465e+00
1.1905074865e-01
2.4331059456e+00
-1.3124502897e+00
-9.1124397516e-01
-4.6720775962e-01
4.8360681534e-01
2.8259387612e-01
-1.6900892258e+00
5.6230157614e-01
1.1044348478e+00
1.6712921858e+00
1.9567120075e+00
4.1788506508e-01
-1.6134712696e+00
1.1016896963e+00
2.7153697610e-01
2.9291886091e-01
-7.8780400753e-01
1.7223758698e+00
-6.9278997183e-01
1.6741238832e+00
-2.6824672222e+00
1.1120636463e+00
3.9442634583e-01
1.7644960880e+00
6.4321470261e-01
1.0442086458e+00
1.5917244554e-01
-7.5485742092e-01
2.1393892169e-01
-7.6928526163e-01
-2.5031423569e+00
6.9568955898e-01
1.3834266663e+00
7.0275050402e-01
2.0499057770e+00
-1.2222723961e+00
-3.2907073498e+00
-1.2077535391e+00
-9.6425741911e-01
1.3748642206e+00
-1.4737558365e+00
6.6571617126e-01
-1.6499624252e+00
6.0088348389e-01
-6.1109375954e-01
4.1721671820e-02
-8.5298424959e-01
1.1570707560e+00
1.6238151491e-01
1.0156675577e+00
1.1496884823e+00
-2.2789907455e+00
-1.9937660694e+00
-2.0445659161e+00
-6.4261168242e-01
-1.7813093960e-01
1.3242671490e+00
-7.1301609278e-02
-1.4995064735e+00
1.4219422825e-02
7.2521418333e-01
2.3119060993e+00
5.8847004175e-01
1.7060521841e+00
3.0480806828e+00
2.3837022781e+00
3.1463602185e-01
2.7750862762e-02
-1.3699409962e+00
-9.6822381020e-01
-2.5890483856e+00
1.1357125044e+00
5.3603249788e-01
8.9347392321e-01
1.2909501791e+00
2.2916133404e+00
1.7157166004e+00
-6.7151409388e-01
-1.0840768814e+00
6.0810070485e-02
-2.4105279446e+00
4.5038649440e-01
4.4851738214e-01
-1.5195547044e-01
7.4652528763e-01
-4.6656617522e-01
1.4593602419e+00
7.4538940191e-01
-6.0654580593e-01
-1.0543521643e+00
-6.5307003260e-01
1.4988082647e+00
1.9803151488e-01
7.8536337614e-01
2.2135283947e+00
-2.8045773506e-01
-8.2339149714e-01
9.6787858009e-01
-1.3618537188e+00
-8.6216382682e-02
-4.6877431870e+00
1.6833478212e+00
1.7977755070e+00
9.9321430922e-01
3.2712534070e-01
-1.1476256847e+00
-4.8336321115e-01
-5.9534984827e-01
-2.3766954243e-01
-1.5250171721e-01
-3.9253348112e-01
1.2642989159e+00
1.4873232692e-02
6.5757012367e-01
1.0907219648e+00
9.2013078928e-01
5.2943485975e-01
-8.6085557938e-01
1.3099601269e+00
-4.4383478165e-01
-1.1183267087e-01
1.7469028234e+00
2.1609919071e+00
2.4196274281e+00
1.8739691973e+00
-7.0079141855e-01
1.1188242435e+00
2.7807798386e+00
3.0236840248e+00
3.0069992542e+00
2.8748302460e+00
1.1263259649e+00
2.0976035595e+00
2.2137920856e+00
1.5398911238e+00
4.9952131510e-01
3.2593476772e-01
-5.7388514280e-01
9.1555690765e-01
5.1720315218e-01
9.1784131527e-01
-3.0568268299e+00
1.8683084249e+00
8.1805187464e-01
1.0265119076e+00
-5.4883718491e-01
1.3404816389e+00
-7.8367555141e-01
7.2722184658e-01
-2.4731726944e-01
1.8732340336e+00
1.5940397978e+00
2.0721473694e+00
1.6804453135e+00
-1.5534055233e+00
2.4014250934e-01
-2.8235867023e+00
3.7964043021e-01
2.1431932449e+00
1.2336626053e+00
-9.8566269875e-01
-3.2558223605e-01
-1.9409618378e+00
-1.7451165915e+00
-1.1777145863e+00
1.3843981028e+00
3.8056761026e-01
8.2946616411e-01
6.3106782734e-02
1.8483115435e+00
9.9993920326e-01
1.3795257807e+00
-7.5200408697e-01
1.7434438467e+00
1.7429780960e+00
2.7949371934e-01
-4.6266418695e-01
1.9452949762e+00
-1.0185512304e+00
1.0987080634e-01
-9.5721554756e-01
-9.9203354120e-01
-1.5956037045e+00
3.9848437905e-01
4.6805578470e-01
1.9258314744e-02
-1.3291960955e-01
-7.6281780005e-01
8.3850719035e-02
5.9719425440e-01
1.7269684076e+00
-4.6238088608e+00
-1.1335006952e+00
1.3321758807e-01
-1.1893304586e+00
1.5775357187e-01
-5.0170445442e-01
1.3747955859e-01
4.0440458059e-01
1.5375874043e+00
2.1592077613e-01
4.2080664635e+00
-6.2516546249e-01
-5.3815841675e-01
4.2915907502e-01
-6.4134097099e-01
-3.8222112656e+00
-4.6025902033e-01
7.7324151993e-02
3.8110929728e-01
2.7492818236e-01
4.8663291335e-01
1.2086036056e-01
-4.4026014209e-01
4.7080963850e-01
1.9035038948e+00
1.8028820753e+00
2.8349606991e+00
-4.8710700870e-01
-9.3564802408e-01
-5.4835534096e-01
4.3468517065e-01
1.8204216659e-01
1.0557730198e+00
8.0409020185e-01
-3.2707503438e-01
1.0450192690e+00
-8.6786717176e-01
4.1133528948e-01
-1.0397391021e-01
1.5481990576e+00
2.9426464438e-01
2.0148362219e-01
6.6530233622e-01
-1.3333592415e+00
9.7260141373e-01
-8.8221234083e-01
-1.5783687830e+00
-1.1591910124e+00
5.4354691505e-01
-1.0799932480e+00
-7.7469406128e+00
-2.6727938652e+00
-3.9343765378e-01
1.0175194740e+00
4.1875982285e-01
3.4237544984e-02
8.4384521469e-03
-1.5879178047e+00
4.8658198118e-01
2.2835247517e+00
-1.6612339020e-01
-8.3789640665e-01
-1.9132729769e+00
1.0972259045e+00
-2.2516016960e+00
-1.1292105913e+00
7.9811322689e-01
9.2435860634e-01
3.7193301320e-01
-6.8150979280e-01
2.1583909988e+00
-9.7603881359e-01
-1.5762778521e+00
-2.1117093563e+00
-4.0222653747e-01
1.1750258207e+00
4.5733407140e-01
1.9741199017e+00
9.2779159546e-01
-1.4965138435e+00
-7.9158514738e-01
-6.1373782158e-01
-1.1914644241e+00
-8.8697528839e-01
1.3434813023e+00
-1.2682360411e+00
-1.3239351511e+00
-1.9327090681e-01
-4.5616164804e-01
6.9743549824e-01
-3.3496677876e+00
-2.3849694729e+00
1.4719189405e+00
-5.2730137110e-01
-5.9277050197e-02
-1.0945684910e+00
2.6621005535e+00
1.8217455149e+00
2.1638846397e-01
-1.2075703144e+00
2.7981255203e-02
-7.9161024094e-01
2.1510967612e-01
-2.3972922564e-01
1.1424833536e+00
-4.3592042923e+00
4.0718019009e-01
1.3254088163e+00
2.2365989685e+00
-1.8668039143e-01
-4.0617508888e+00
-9.3806922436e-01
-1.2517093420e+00
-3.5504028201e-01
6.2072747946e-01
-1.6000667810e+00
-7.9261732101e-01
8.1747382879e-01
-8.1211316586e-01
-5.8163124323e-01
-1.3177078962e+00
-2.2375295162e+00
-7.8922522068e-01
-1.6565461159e+00
-2.8339818120e-01
-4.2712230682e+00
-7.3973453045e-01
8.6177301407e-01
2.3646976054e-01
2.3900294304e-01
3.2444326878e+00
-5.2500724792e-01
6.2646704912e-01
4.3607717752e-01
-1.6060729027e+00
-8.5841125250e-01
-5.9230871499e-02
-1.0095181465e+00
1.1117664576e+00
-8.0655860901e-01
1.2858273983e+00
1.4527194500e+00
1.3134479523e+00
-1.4648226500e+00
-1.1117560863e+00
-1.4340698719e-01
1.6043598950e-01
7.4180984497e-01
1.0002373457e+00
5.2539670467e-01
3.7188904285e+00
2.4161164761e+00
2.9789161682e-01
-2.2227485180e+00
6.2916404009e-01
5.7895523310e-01
-5.6659317017e-01
1.4218398333e+00
1.8053547144e+00
1.5633783340e+00
-8.0998145044e-02
-2.1845042706e+00
5.4686433077e-01
3.5759282112e-01
-2.2725102901e+00
1.2574315071e-01
3.1528801918e+00
-8.6909395456e-01
1.7463558912e+00
6.7652666569e-01
-3.7909436226e-01
-6.8226820230e-01
5.9524708986e-01
-1.0184662342e+00
-2.2733484209e-01
1.6968078613e+00
2.4088300765e-01
-1.2866793871e+00
-6.8720227480e-01
4.4822642207e-01
2.9045403004e+00
-8.7951844931e-01
-6.3260680437e-01
-1.9241443872e+00
-2.6583379507e-01
-2.6634721756e+00
1.2823413610e+00
-2.9092025012e-02
2.2092289925e+00
6.6856846213e-02
1.3071904182e+00
1.4759498835e+00
1.7566798925e+00
-1.4849565923e-01
2.1902256012e+00
-2.7812619209e+00
-8.6357378960e-01
1.5549790859e+00
7.9130625725e-01
1.3405071497e+00
-3.5648505688e+00
4.6910718083e-01
-2.2193340957e-01
6.6854938865e-02
-2.3133316040e+00
2.2068513930e-01
9.3324530125e-01
-6.7298841476e-01
-6.2035853043e-03
1.0201171637e+00
-9.0872424841e-01
-1.2372108698e+00
9.0554261208e-01
-1.0783369541e+00
6.0576570034e-01
1.6984249353e+00
1.6981118917e+00
-1.0499711037e+00
-3.1872615218e-01
-5.9628731012e-01
-1.8549888134e+00
2.4277864397e-01
4.8477521539e-01
6.2315475941e-01
-1.2924959660e+00
6.1458677053e-01
-1.2689501047e-01
1.4122475386e+00
2.3666135967e-01
-3.8811513782e-01
1.4564606547e-01
-1.5669150352e+00
-7.4625439942e-02
9.6910655499e-01
2.0777604580e+00
3.1384491920e+00
1.4047613144e+00
-4.5232582837e-02
-3.1471836567e-01
-1.3832970858e+00
-3.4732493758e-01
1.3185977936e+00
1.8801034689e+00
-7.6938313246e-01
-1.1148835719e-01
-2.1008234024e+00
-8.2130116224e-01
5.2644395828e-01
-1.2019873857e+00
1.1098703146e+00
3.7482029200e-01
-3.1130906940e-01
2.0958695412e+00
-5.0716626644e-01
1.8174287081e+00
-5.2976365089e+00
-3.0599594116e-01
2.7852505445e-01
-5.8308231831e-01
-4.6493011713e-01
-3.1850759983e+00
-9.6717292070e-01
4.2094108462e-01
1.7272050679e-01
1.1548725367e+00
4.2534041405e+00
-3.4920340776e-01
-7.2810685635e-01
-1.9711235762e+00
-1.2934463024e+00
-3.9752764702e+00
-9.6825098991e-01
-2.5358679891e-01
-1.2996442318e+00
-6.4809449017e-02
-3.5360705853e+00
-1.2591794729e+00
2.5236076117e-01
1.8823288679e+00
2.5348796844e+00
2.1659734249e+00
1.8871281147e+00
-6.0721087456e-01
-5.8316320181e-01
1.2552869320e-01
1.9828504324e+00
1.2449578047e+00
2.9040378332e-01
-1.1206452847e+00
-4.4455462694e-01
-1.9780788422e+00
-9.5598012209e-01
-1.1162863970e+00
-2.7971436977e+00
-1.5334256887e+00
1.6197768450e+00
-5.0238251686e-01
5.6285464764e-01
9.6085292101e-01
6.8113207817e-01
4.0716404915e+00
2.5906977654e+00
2.0433690548e+00
1.6715278625e+00
2.1181485653e+00
8.7945371866e-01
-5.8636528254e-01
1.2951959372e+00
2.0089147612e-02
7.6035332680e-01
-1.7883061171e+00
1.1767872572e+00
6.3150751591e-01
3.8735449314e-02
-2.4272694588e+00
1.9755464792e+00
9.3980348110e-01
-2.1916282177e+00
-2.7979786396e+00
-1.9978212118e+00
-3.4409463406e+00
3.2572060823e-02
5.0929796696e-01
-1.4175232649e+00
-2.7864508629e+00
1.5879925489e+00
4.6727570891e-01
1.2654613256e+00
2.1149151325e+00
1.8285547495e+00
-1.7610056698e-01
-6.4267969131e-01
2.6677510142e-01
4.2783057690e-01
-7.6596260071e-02
-2.1160557270e+00
8.9326179028e-01
1.6205543280e+00
1.6328163147e+00
7.0356726646e-02
-4.4593796134e-01
1.3433203101e-01
1.0841444731e+00
8.4008961916e-01
1.0510251522e+00
-1.5541633368e+00
-8.4528821707e-01
1.5664261580e+00
1.2961963415e+00
3.2673636079e-01
1.1476696730e+00
1.0633455515e+00
1.5960568190e+00
9.9605864286e-01
1.6432604194e-01
-1.0166088343e+00
5.9842056036e-01
7.8788727522e-01
1.1635146141e+00
-9.4550764561e-01
1.4412705898e+00
1.9076322317e+00
2.6559057832e-01
1.7284071445e+00
-1.4004120231e-01
-3.1622867584e+00
-1.2069237232e+00
-8.7814754248e-01
4.3575364351e-01
-3.3779317141e-01
-5.8569669724e+00
-1.1028249264e+00
5.0831782818e-01
-1.6623566151e+00
-1.1051914692e+00
-1.8612319231e+00
1.1086113453e+00
3.5238893032e+00
3.2184953690e+00
2.4565975666e+00
2.9714348912e-01
-4.8312190175e-01
-9.7467221320e-02
-2.4750988185e-01
-1.3172302246e+00
-6.4114630222e-01
-1.0863975435e-01
-4.6490913630e-01
-3.3080971241e+00
-3.9397721291e+00
-1.3600959778e+00
-2.0744769573e+00
-2.3296205997e+00
-1.7049866915e+00
1.2485421896e+00
2.0508592129e+00
1.4023871422e+00
5.1157657057e-02
-6.2438882887e-02
-1.3610982895e+00
-1.9945067167e+00
-1.2771719694e+00
-9.7288668156e-02
-1.4887218475e+00
-2.3451139033e-01
-9.6909075975e-01
-1.3818064928e+00
3.2933378220e+00
4.4470925331e+00
2.9536995888e+00
-2.3689129353e+00
-7.1358394623e-01
-1.1988050938e+00
-1.7299166322e-01
-9.9130576849e-01
-6.2340360880e-01
-1.9293824434e+00
-1.2410160303e+00
-3.1464049220e-01
-3.2887907028e+00
-7.1036934853e-01
-9.9601782858e-02
8.7982726097e-01
6.4417451620e-01
2.7385932207e-01
1.2665778399e+00
1.0876178741e+00
1.1351495981e-01
-3.5755997896e-01
-7.0801138878e-01
-2.8242712021e+00
7.9917353392e-01
2.2914867401e+00
7.8433519602e-01
-1.0217446089e+00
-1.6297997236e+00
-2.0222153664e+00
-1.7954216003e+00
-1.6186325550e+00
-2.4135935307e+00
-3.6611020565e-01
6.2692767382e-01
-2.2936420143e-01
-9.1236096621e-01
3.0271687508e+00
-1.2712814808e+00
8.5113006830e-01
6.1933404207e-01
-3.3447784185e-01
-7.8284996748e-01
1.4280481339e+00
-4.5865505934e-02
-1.5407857895e+00
-1.1991066933e+00
5.7390594482e-01
-2.6075163484e-01
-1.7897745594e-02
7.9982012510e-01
5.9960097075e-01
1.8355784416e+00
1.6649577618e+00
3.7894761562e-01
-2.4675138295e-01
-2.5312390924e-01
-6.4155369997e-01
8.8582664728e-01
3.4594106674e-01
8.1263059378e-01
2.4506254196e+00
2.7473235130e+00
1.2444108725e+00
1.1414434910e+00
6.9793289900e-01
1.6155312061e+00
1.5019106865e+00
2.7005670071e+00
1.2101485729e+00
3.4413740039e-02
8.4310966730e-01
5.3320795298e-01
-1.4729323387e+00
-7.8020769358e-01
-7.6680672169e-01
4.5176365972e-01
4.5580253005e-01
-1.4252990484e+00
1.8932410479e+00
6.0439413786e-01
-1.9278211594e+00
-1.9400215149e+00
-1.7149537802e-01
-3.7819525599e-01
-2.7556136250e-01
-9.1146737337e-01
1.4057160616e+00
-9.9722260237e-01
-1.7709662914e+00
8.7682276964e-01
8.9743065834e-01
1.5399537086e+00
1.3802490234e+00
8.1439369917e-01
8.4397584200e-01
1.2469936609e+00
2.7471747398e+00
-1.0005780458e+00
1.0084089637e-01
7.7237921953e-01
1.7925484478e-01
-7.1039503813e-01
1.2168110609e+00
2.6155796051e+00
3.5441651344e+00
1.9184554815e+00
1.7031514645e+00
-7.9398524761e-01
8.8296216726e-01
8.1917041540e-01
1.3468983173e+00
1.4404451847e-01
-7.1083498001e-01
9.0053808689e-01
7.0056861639e-01
-1.4731159210e+00
-8.6444497108e-01
-8.9065963030e-01
-1.7612094879e+00
9.5477789640e-01
1.8566814661e+00
-4.0114310384e-01
-4.5505937934e-01
3.8822758198e-01
-1.0293053389e+00
-3.5895994306e-01
1.9849222898e-01
-2.8881272674e-01
-2.1613745689e+00
1.7406623363e+00
4.1183524132e+00
1.4866666794e+00
8.2646697760e-01
5.7557260990e-01
8.8378679752e-01
-2.8969337940e+00
-1.7652853727e+00
-4.4145695865e-02
6.3229584694e-01
-8.9179950953e-01
3.8227632642e-01
4.8485973477e-01
-3.7814557552e-01
1.1693268269e-01
1.9228370190e+00
1.1563009024e+00
1.3586086035e-01
2.0313847065e-01
2.0085108280e+00
-1.5103206970e-02
2.6727393270e-01
-3.2166406512e-02
7.0989882946e-01
3.3429572582e+00
3.2209258080e+00
1.1029359102e+00
-7.0364600420e-01
-3.1466054916e+00
3.2242372632e-01
-3.2306039333e-01
-1.9980986118e+00
-5.6045126915e-01
1.3379360437e+00
8.9825528860e-01
1.8095478415e-02
1.0937548876e+00
5.5852651596e-01
-2.3511683941e+00
-1.1782481670e+00
1.3534361124e+00
6.4569628239e-01
-1.3006349802e+00
-6.5085358918e-02
-6.0539525747e-01
1.2754220963e+00
1.2037991285e+00
2.0455314219e-01
8.7020266056e-01
-3.2331672311e-01
-5.4085361958e-01
2.6540866494e-01
8.8745516539e-01
-7.6599723101e-01
3.4939441085e-01
-1.3769276440e-02
9.9554166198e-02
7.9569274187e-01
3.5159882903e-01
1.6541632414e+00
2.6766724586e+00
1.0114493370e+00
1.2121138573e+00
4.2397999763e+00
2.4623146281e-02
3.4886427224e-02
8.1181645393e-02
-1.9373118877e-01
-6.5138888359e-01
9.3462109566e-01
1.3142532110e+00
2.4567570686e+00
1.3178610802e+00
2.9321873188e+00
-5.5139738321e-01
-9.1044342518e-01
-1.2709950209e+00
1.2259411626e-02
4.9752232432e-01
5.0173640251e-01
1.7790656090e+00
1.6851892471e+00
4.6002572775e-01
-1.2939519882e+00
-1.2203584909e+00
1.4509428740e+00
2.8517765999e+00
-1.8323993683e-01
-3.2374605536e-01
5.6333971024e-01
9.5988315344e-01
2.4779155850e-01
2.0529668033e-01
2.7562804222e+00
1.3199776411e+00
1.2981783152e+00
1.1988195181e+00
3.0187663436e-01
8.0775231123e-01
7.1850419044e-02
9.0352308750e-01
5.7884804904e-02
1.0436114073e+00
-1.9014915228e+00
-5.8026444912e-01
-2.4608601630e-01
-2.4568591118e+00
-1.9339126348e-01
-4.6576136351e-01
-1.0955134779e-01
1.3656126261e+00
1.0324658155e+00
5.7962775230e-01
-1.3473378122e-01
-1.0127986968e-01
-7.5840395689e-01
-3.8874670863e-01
-1.5614414215e-01
-2.2421901226e+00
-1.3077113628e+00
-1.4703737497e+00
-4.9212014675e-01
-2.3778650165e-01
9.4773769379e-01
-3.9755895734e-02
4.2677599192e-01
4.9227309227e-01
2.3249254227e+00
2.7400681973e+00
1.9312140942e+00
2.7242562771e+00
-2.7007815242e-01
2.0941402018e-01
-1.0137346983e+00
-7.2598892450e-01
-3.0861613154e-01
2.2656713426e-01
8.7378703058e-02
3.8156080246e+00
6.6730624437e-01
7.0688152313e-01
-7.3295485973e-01
-3.1057235599e-01
1.7426506281e+00
6.2489771843e-01
-2.5220909715e-01
8.3685570955e-01
-1.9409002364e-01
-2.7877178192e+00
-1.0800337791e-01
-1.0157700777e+00
-5.0528651476e-01
-9.1245365143e-01
-3.7693467140e+00
6.0728603601e-01
-8.7358760834e-01
-3.9216148853e-01
4.4914960861e-02
-1.5732043982e-01
-9.3708437681e-01
-1.1979423761e+00
3.1922048330e-01
-3.2919982076e-01
-2.0363120735e-01
1.4903032780e+00
-8.1048142910e-01
1.1247731447e+00
-1.0116993189e+00
2.8902809620e+00
2.0577583313e+00
7.8736352921e-01
1.8163431883e+00
1.4505451918e+00
-1.6550585032e+00
-9.5987617970e-01
-1.8547192812e+00
-5.4968810081e-01
-1.5351603031e+00
2.1126370430e+00
7.0207321644e-01
9.8596829176e-01
1.1060303450e+00
2.6149109006e-01
1.1093704700e+00
-8.3549457788e-01
-4.8442834616e-01
-2.2966725826e+00
-4.0623643994e-01
-4.5871505737e+00
-2.2871174812e+00
-3.1599080563e-01
-8.7842869759e-01
-1.2253785133e+00
-2.6108510494e+00
-5.1398348808e-01
1.0300302505e+00
-8.7484455109e-01
4.6745830774e-01
5.7272944450e+00
3.0597639084e+00
2.1819264889e+00
-7.2422766685e-01
-9.5379078388e-01
1.1437536478e+00
-4.2799046636e-01
-1.1312339455e-01
-5.8664375544e-01
2.7385109663e-01
-4.1759634018e+00
-7.1206730604e-01
-1.7485920340e-02
4.6558484435e-01
3.4984418750e-01
-2.1338448524e+00
-7.2072958946e-01
1.9877315499e-03
-7.5741136074e-01
-6.1567151546e-01
1.6132162511e-01
-1.2700852156e+00
3.3166897297e-01
-2.4371268749e+00
2.6092451811e-01
1.6681947708e+00
-3.4020888805e+00
-1.8060519695e+00
-8.4257441759e-01
-1.4224971831e-01
-3.5442976952e+00
1.0251020193e+00
-1.1145334244e+00
-1.4828203917e+00
-1.3256386518e+00
3.2731454372e+00
8.2506895065e-01
1.0700855255e+00
6.7775034904e-01
-1.1386550963e-02
-4.1538081169e+00
-8.7368130684e-01
-8.4944255650e-02
-1.2869758606e+00
-7.1307569742e-01
5.1616220474e+00
5.7952630520e-01
1.2770262957e+00
1.4462898970e+00
-1.4428329468e-01
-3.5098853111e+00
-1.7370215058e-01
8.9219391346e-01
1.0858561993e+00
4.0471366048e-01
-1.4911837876e-01
7.8810882568e-01
4.5648136735e-01
3.3068138361e-01
-3.8590142131e-01
-2.4965255260e+00
-9.7564643621e-01
8.3306545019e-01
4.4095101953e-01
-7.1910890983e-04
-1.0121899843e+00
-2.3288242519e-02
-5.6945341825e-01
7.1961259842e-01
-9.2979073524e-01
6.3618969917e+00
1.3734940290e+00
1.0788623095e+00
2.4066583812e-01
2.7625741959e+00
-5.0594025850e-01
1.4649561644e+00
1.1637753248e+00
1.1419886351e+00
-7.1433031559e-01
-1.9188365936e+00
-1.0713089705e+00
-1.3609919548e+00
-1.2937906981e+00
-1.6207038164e+00
4.2336505651e-01
-6.0396444798e-01
-1.1554552317e+00
-9.6967935562e-01
-1.6156538725e+00
-1.4078291655e+00
7.1607750654e-01
1.7309027910e-01
2.6380395889e-01
-6.6521173716e-01
2.7784729004e+00
7.7572226524e-01
1.0410124063e+00
3.9252918959e-01
-3.4379589558e-01
-1.6498020887e+00
-6.5313214064e-01
4.3551155925e-01
-7.9276835918e-01
7.7953404188e-01
-6.6806000471e-01
-1.1362322569e+00
6.4473405480e-02
7.3259621859e-01
1.3900432587e+00
8.8795077801e-01
-3.1275633723e-02
1.8006149530e+00
-3.8102799654e-01
-5.8913910389e-01
-1.3126088381e+00
-1.1291791201e+00
-1.1475771666e+00
-5.3302782774e-01
-6.5226054192e-01
-4.9475592375e-01
-8.1440299749e-01
-4.5897024870e-01
-1.9296830520e-02
-1.2221485376e+00
-1.7884806395e+00
-4.9065285921e-01
-1.0177875757e+00
7.4796122313e-01
1.0526633263e+00
7.9776722193e-01
4.9899932742e-01
1.5144876242e+00
2.1108400822e+00
1.5918726921e+00
3.4232404083e-02
-1.1287618876e+00
2.8697125614e-02
4.3692678213e-01
-8.9454054832e-02
2.8820912838e+00
7.6767945290e-01
-6.4491890371e-02
1.0066695511e-02
7.5590737164e-02
1.6287729740e+00
-4.9216184020e-01
-3.2585480809e-01
1.3179163635e-01
4.0823769569e-01
-5.8541488647e-01
4.2559495568e-01
7.3050224781e-01
-5.8629709482e-01
2.3408894539e+00
1.1438407898e+00
-3.4596824646e-01
2.0221717358e+00
-3.6153480411e-01
-1.8694603443e-01
-2.6335632801e+00
-4.9422666430e-01
6.6106587648e-01
2.2578321397e-01
-1.2767782807e-01
4.0876480937e-01
-1.0867637396e+00
1.3125382662e+00
-1.6196285142e-03
-2.0119853318e-01
2.1773116589e+00
3.0117234588e-01
-1.1529734135e+00
-5.4790544510e-01
-2.8273854256e+00
-5.6460609436e+00
-3.7668077946e+00
-5.4167640209e-01
-2.9229786992e-01
-4.9431639910e-01
