# Shape: [64, 64, 2]
# Original tensor was reshaped from [64, 64, 2] to 1D array
-2.3641979694e+00
-5.0708007812e-01
8.1707973480e+00
-2.9817779064e+00
3.3255097866e+00
4.8079177737e-01
5.6839261055e+00
7.7629289627e+00
5.3789787292e+00
1.4834541082e+00
-1.0672137260e+01
-8.5291662216e+00
-1.0611619949e+01
-1.2996703148e+01
-4.4491124153e+00
4.4632396102e-01
-1.3446563482e+00
-1.9438462257e+00
-1.8595086336e+00
-4.9393329620e+00
5.4314575195e+00
3.8418993950e+00
8.4603538513e+00
1.0022170067e+01
-2.5679571629e+00
-4.9289655685e+00
1.2689405441e+01
1.7157498598e+00
-5.5207829475e+00
-5.9119138718e+00
4.8629827499e+00
3.1097340584e+00
4.7399530411e+00
-4.0515961647e+00
-8.7498512268e+00
-3.7161638737e+00
-1.0887964964e+00
-4.3694529533e+00
5.2331333160e+00
8.9340229034e+00
-9.0786943436e+00
-8.6953067780e+00
-4.6653900146e+00
-4.8073997498e+00
8.4289902449e-01
3.9662625790e+00
9.7139768600e+00
5.7193169594e+00
4.3052630424e+00
-4.7054064274e-01
-1.7232946157e+00
-3.6162018776e-01
-3.3324823380e+00
6.0396552086e-01
1.0896187782e+01
8.8096380234e+00
-3.5339885950e-01
3.4915995598e+00
1.0976873398e+01
9.7481641769e+00
-1.2423996925e+01
-4.9213190079e+00
-3.0548980236e+00
2.2836420536e+00
1.3694730759e+01
1.0975534439e+01
6.5591192245e+00
3.7543728352e+00
-1.3579616547e+01
-5.1873764992e+00
1.6028016806e+00
-1.6921949387e+00
-2.1039541811e-02
-2.9877460003e+00
1.0140404701e+00
5.8181204796e+00
5.0564613342e+00
-6.8514311314e-01
-5.6772155762e+00
-6.4592604637e+00
-6.2142109871e+00
3.5286743641e+00
-1.7999333143e+00
-3.8434135914e+00
1.1428840637e+01
5.8433324099e-01
3.2260229588e+00
-1.4602720737e+00
-4.7573345900e-01
-2.1342353821e+00
7.4494633675e+00
-1.7169469595e+00
3.6370792389e+00
2.0036163330e+00
-1.0255553246e+01
-9.4921808243e+00
5.1385540962e+00
3.3187143803e+00
5.1031832695e+00
-1.9700262547e+00
4.5381798744e+00
3.8211832047e+00
-3.5677580833e+00
-4.3423171043e+00
3.3690023422e-01
-1.0801229477e+00
7.1680307388e+00
1.1476280212e+01
1.1631160736e+01
-3.9276664257e+00
-3.0349080563e+00
-3.1844315529e+00
-5.5889310837e+00
-9.0413370132e+00
5.1874226332e-01
-2.6701893806e+00
1.6298067093e+01
5.1650607586e-01
-5.5691194534e+00
-1.1271019936e+01
1.0412452221e+00
-1.7118376493e-01
7.3298206329e+00
3.5981347561e+00
-4.7299876213e+00
2.1891257763e+00
1.0280512810e+01
-9.3564167023e+00
1.5472959280e+00
2.2895574570e+00
-1.9467602968e+00
-1.5690616369e+00
-3.1084576249e-01
-1.9160714149e+00
6.8702358007e-01
-2.1978786588e-01
-1.2227857113e+00
-1.2805871964e+00
2.5640356541e-01
-1.0353131294e+00
3.9265029132e-02
-1.5888838768e+00
1.7938104868e+00
-2.7676539421e+00
2.0390369892e+00
9.7118014097e-01
3.2384245396e+00
4.7290172577e+00
-8.2096034288e-01
-2.2313127518e+00
-1.6886918545e+00
-7.0417857170e-01
-1.5982930660e+00
-2.2885687351e+00
6.3303816319e-01
-1.5852818489e+00
-1.7898610830e+00
-9.0366029739e-01
1.4908668995e+00
-1.3360010087e-01
1.1266762018e+00
3.2009022236e+00
-1.8908430338e+00
-9.7591853142e-01
1.7816741467e+00
3.8671004772e+00
2.3295469284e+00
1.8867982626e+00
2.8320083618e+00
4.2502263188e-01
-1.1599378288e-01
-1.8152129650e+00
-6.2059915066e-01
-3.5347065926e+00
5.9584236145e-01
1.3151736259e+00
-1.3310810328e+00
-1.7163624763e+00
3.2445776463e-01
1.7219887972e+00
-1.2404083014e+00
5.8420848846e-01
1.2063941956e+00
2.1490588188e+00
-3.6300499439e+00
-3.3660972118e+00
-1.5947297812e+00
-2.3032553196e+00
2.5187924504e-02
-5.5802710354e-02
5.1836047173e+00
4.5865912437e+00
-1.1183507442e+00
7.4992847443e-01
6.5615659952e-01
5.3080397844e-01
3.5980041027e+00
3.1599345207e+00
-9.3803066015e-01
2.9971155524e-01
1.9289608002e+00
2.1166863441e+00
-4.5813360214e+00
-4.9311370850e+00
-4.6791163087e-01
1.1470367908e+00
-2.4513232708e+00
1.4399821758e+00
2.5934374332e+00
3.1094651222e+00
-4.2005747557e-01
-1.6211624146e+00
2.7681157589e+00
5.8386361599e-01
-1.1030679941e+00
1.3764262199e+00
8.3368681371e-02
2.2281906605e+00
-6.2129193544e-01
2.0539798737e+00
2.4330704212e+00
8.0660730600e-01
3.4419912100e-01
-1.3932267427e+00
4.0809154510e+00
2.4088244438e+00
-3.2645597458e+00
-2.0476164818e+00
7.3643076420e-01
-2.3096008599e-01
3.9877983928e-01
3.0273413658e+00
-5.9503227472e-01
-1.3815551996e+00
9.1772603989e-01
-3.3924920559e+00
-2.7277650833e+00
-3.8612966537e+00
1.5813496113e+00
-9.0948718786e-01
4.9710795283e-01
-1.9540562630e+00
-1.2575823069e+00
-4.4059281349e+00
2.7234902382e+00
4.6120458841e-01
-1.9162988663e+00
-7.1585291624e-01
-2.7901685238e+00
-1.2466517091e-01
-2.2862176895e+00
-2.0003516972e-01
-4.1687455177e+00
-1.0605717450e-01
1.1198737621e+00
3.0619382858e+00
-7.1228396893e-01
1.1127239466e+00
8.6664104462e-01
-1.3199481368e-01
-1.5955694020e-01
-3.9855682850e+00
-1.7053261399e-02
9.4553446770e-01
-1.0492272377e+00
-2.4956812859e+00
1.2644141912e+00
-3.0082967281e+00
-1.5861495733e+00
-5.6441193819e-01
-5.7523083687e-01
-1.8550542593e+00
5.0507826805e+00
1.6542057991e+00
2.2456746101e+00
8.7074470520e-01
-7.9439282417e-01
-1.6504592896e+00
4.7806594521e-02
1.9760030508e+00
-4.4665986300e-01
-1.6591824293e+00
2.0488543510e+00
-6.3210159540e-01
-3.1051359177e+00
-3.2561526299e+00
4.3662190437e-01
-5.2194005251e-01
-5.6609129906e-01
7.4565565586e-01
-4.1095557213e+00
-1.5960597992e+00
-1.0015335083e+00
2.9235029221e+00
1.6755478382e+00
-9.0388518572e-01
8.1886273623e-01
-1.5237227082e-01
-2.9391285777e-01
8.7483811378e-01
-1.4201974869e+00
-2.1267359257e+00
2.3455476761e+00
4.4202408791e+00
-6.8844252825e-01
-1.3821434975e+00
6.6569274664e-01
9.5175021887e-01
-1.2143481970e+00
2.3585227132e-01
1.8787945509e+00
-2.0139604807e-01
-1.5899696350e+00
-1.8512197733e+00
7.0708566904e-01
3.8740849495e-01
2.4068145454e-01
-2.0968213081e+00
4.1973586082e+00
1.3958311081e+00
-5.9228703380e-02
4.5699644089e-01
-6.0601675510e-01
1.3920159638e-01
2.8361363411e+00
7.1352928877e-01
-6.5105158091e-01
2.3144309521e+00
3.3123052120e+00
1.8824435472e+00
-4.6168217659e+00
-5.0077295303e+00
1.9294586182e+00
2.0669224262e+00
-1.5055551529e+00
-6.4878100157e-01
3.7011015415e+00
1.5945329666e+00
-1.9306455851e+00
-6.2497651577e-01
3.2818160057e+00
-1.5263382196e+00
-2.8134369850e+00
-1.1872838736e+00
1.0073791742e+00
2.1722896099e+00
-5.6397691369e-02
2.5337636471e+00
-4.6747937799e-01
9.1339655221e-02
2.1887458861e-01
-6.7744499445e-01
4.2224330902e+00
9.1994160414e-01
-3.8252022266e+00
-4.1870574951e+00
-1.8790264130e+00
1.3388237953e+00
-9.4376158714e-01
5.4284697771e-01
-2.2847867012e+00
-7.1046972275e-01
3.6042094231e-01
-2.1705920696e+00
-1.8741540909e+00
-2.5772714615e+00
2.3226590157e+00
8.9661908150e-01
-1.0834872723e+00
-2.5737032890e+00
-1.5520318747e+00
-3.1517529488e+00
3.3370759487e+00
-2.1104111671e+00
-3.2377922535e-01
-1.8361605406e+00
-3.3774240017e+00
-2.9400262833e+00
-1.4675649814e-02
-1.2727727890e+00
-3.2478258610e+00
1.4289796352e+00
2.9088923931e+00
1.3497194052e+00
-4.9137005210e-01
7.8416651487e-01
-1.9503879547e+00
2.1250815690e-01
-4.4635254145e-01
3.3986344934e-01
-2.4729685783e+00
-9.8240959644e-01
-2.0281596184e+00
-2.0628583431e+00
-1.8796834946e+00
-1.9005374908e+00
3.1450018883e+00
1.8809972331e-02
-6.3643366098e-01
-1.2719179392e+00
-5.1493579149e-01
1.4089429379e+00
-1.1124998331e-01
1.3400872946e+00
-1.0708835125e+00
-2.9235425591e-01
1.2570140362e+00
2.7258832455e+00
1.1703209877e+00
9.0007521212e-02
-2.6563465595e-01
1.4226615429e-01
-6.7090046406e-01
-2.6661789417e+00
7.7047592402e-01
1.2497988939e+00
-1.9869915247e+00
1.0414800644e+00
-3.3980247974e+00
-6.0879689455e-01
-6.7404162884e-01
1.6923835501e-02
1.3634425402e+00
-7.7235156298e-01
9.7316795588e-01
-5.0314915180e-01
-4.1802877188e-01
-1.2830538750e+00
1.1632585526e+00
6.8438607454e-01
3.7219948769e+00
1.2905963659e+00
7.2235989571e-01
1.3671385050e+00
-3.7638276815e-01
-8.5267233849e-01
-3.9471883327e-02
-3.4218039513e+00
-1.8006112576e+00
-1.6002306938e+00
1.5333703756e+00
1.1806131601e+00
-1.6818540096e+00
-2.3222105503e+00
4.9404215813e-01
-6.4993423223e-01
1.3140801191e+00
9.0336483717e-01
1.1669385433e+00
1.1268409491e+00
9.9643039703e-01
-4.4222927094e-01
8.8220632076e-01
8.1060272455e-01
1.2226294279e+00
1.8214927912e+00
1.9848018885e+00
4.4872201979e-02
-2.2325115204e+00
-2.2616388798e+00
-7.1687716246e-01
3.3219051361e-01
-1.3091310263e+00
-6.8684226274e-01
-3.1806774139e+00
-2.6563677788e+00
-3.4335929155e-01
-1.8614906073e-01
-1.5406219959e+00
9.0239393711e-01
-3.6908588409e+00
-4.5579009056e+00
2.3818409443e+00
-1.0280286074e+00
-1.6568646431e+00
2.7257665992e-01
1.4804198742e+00
3.8916552067e-01
-9.2022195458e-02
-5.1271659136e-01
4.0772715211e-01
8.9822411537e-01
1.7968664169e+00
2.6030126214e-01
6.9929707050e-01
2.6600205898e-01
-4.0704530478e-01
-9.3104772270e-02
-6.3458496332e-01
-1.0050344467e+00
3.5092964768e-01
-3.2399034500e-01
-2.3352823257e+00
-1.1692488194e+00
-7.3416090012e-01
1.0854766369e+00
1.3072162867e+00
7.6663064957e-01
-8.7094384432e-01
-1.5843473673e+00
2.4074041843e-01
-5.3722935915e-01
-9.2043387890e-01
6.5759703517e-02
-5.9700465202e-01
-1.4148371220e+00
-6.2424719334e-01
-2.6080393791e+00
-9.9788695574e-01
-7.1162641048e-01
1.2065036297e+00
6.4427340031e-01
-9.1719579697e+00
-5.7758598328e+00
1.1589856148e+00
-8.4716110229e+00
5.1126756668e+00
-3.3389487267e+00
4.4317920692e-03
2.4468047619e+00
8.7549982071e+00
-1.6494818926e+00
-2.4355251789e+00
-1.1441923380e+00
-1.5172463655e+00
-2.1418926716e+00
-2.1483116150e+00
1.8807816505e+00
7.3004894257e+00
6.7096763849e-01
-5.8933124542e+00
-8.5056190491e+00
6.3205900192e+00
-1.7875443697e+00
5.4110064507e+00
4.9331026077e+00
-2.4889376163e+00
1.7850958109e+00
9.4762077332e+00
-4.2301311493e+00
1.4609986544e+00
2.7258949280e+00
4.8260803223e+00
-3.3396947384e+00
4.2238078117e+00
-4.6258273125e+00
-5.2143955231e+00
-7.5654971600e-01
1.2729406357e+00
-7.4135026932e+00
1.7592380047e+00
1.1242552996e+00
-2.9671296477e-01
3.5907557607e-01
2.2866969109e+00
-5.3182878494e+00
-8.8849639893e-01
3.4906623363e+00
1.2167071104e+00
-3.8830666542e+00
6.2459998131e+00
-3.5615339279e+00
-3.8511013985e+00
-5.7851783931e-02
-4.8410720825e+00
2.3503427505e+00
-3.8946366310e+00
-1.7667933702e+00
1.8468073606e+00
5.3246026039e+00
7.5293126106e+00
4.5426626205e+00
-6.5391812325e+00
9.0080630779e-01
-4.6916422844e+00
1.7444403172e+00
1.5056602955e+00
7.8864467144e-01
1.5489274263e+00
-6.0442626476e-01
-6.1604242325e+00
2.5152566433e+00
-4.6031305194e-01
-4.6999931335e+00
-2.0227627456e-01
-4.2503800392e+00
-5.1091325283e-01
8.4380645752e+00
7.8932714462e+00
-9.8804479837e-01
2.3968949914e-01
1.4038743973e+00
-6.0535712242e+00
4.6638998985e+00
1.4310649633e+00
-7.0661664009e+00
7.5599031448e+00
-2.9729759693e+00
1.4283944368e+00
-5.1455798149e+00
-1.4752537012e+00
-2.1039927006e+00
4.9201960564e+00
-4.4654136896e-01
6.4790592194e+00
-1.7324157953e+00
-6.7128050327e-01
6.1336559057e-01
4.4492955208e+00
-2.4538867474e+00
4.9302463531e+00
-1.7381163836e+00
5.0493197441e+00
-2.6044087410e+00
-9.0193426609e-01
3.7322049141e+00
2.4802134037e+00
-2.8365712166e+00
-5.6145870686e-01
2.0290629864e+00
2.7307910919e+00
-1.0473109245e+01
3.2857403159e-01
-5.0415892601e+00
-2.7238507271e+00
-3.8049080372e+00
5.2708730698e+00
4.7467455268e-01
4.1593136787e+00
-8.4448890686e+00
-1.4666719437e+00
-5.7992057800e+00
1.9533928633e+00
-3.5269168019e-01
5.3007440567e+00
5.8710968494e-01
-3.5869934559e+00
5.7978487015e+00
9.4121875763e+00
-9.8623714447e+00
1.8589974642e+00
-7.4587213993e-01
1.4367598295e+00
3.3057780266e+00
-1.1669448763e-01
-9.4065475464e-01
2.0329967141e-01
1.2192295790e+00
-2.4324607849e+00
-2.0180358887e+00
2.2418411076e-01
-8.1508558989e-01
-1.4281538725e+00
-2.0759453773e+00
-2.7255591750e-01
8.6714684963e-02
-1.2141193151e+00
-8.6924187839e-02
1.5863487720e+00
-5.6237781048e-01
1.4657884836e-01
-1.1194494963e+00
7.4085390568e-01
-8.2122361660e-01
-1.4798861742e+00
1.6197120771e-02
-3.8002629280e+00
-2.0148677826e+00
-7.5930070877e-01
-5.4740649462e-01
1.9330521822e+00
1.5128777921e-01
3.4147720337e+00
1.9489475489e+00
1.3814780712e+00
2.3673777580e+00
1.9500209093e+00
-3.2920020819e-01
-2.4583023787e-01
1.3877712488e+00
-2.1881220341e+00
1.0196802616e+00
1.8159702420e-02
-2.0261490345e+00
-1.7708390951e+00
-4.2481026053e-01
1.7267435789e-01
1.9234536886e+00
2.0779561996e+00
2.1452461183e-01
3.3490231037e+00
3.6195354462e+00
2.6898890734e-01
-3.1360743046e+00
1.7178077698e+00
5.9345942736e-01
-1.8986980915e+00
-2.0845742524e-01
-6.0496616364e-01
8.8242703676e-01
-1.7274636030e+00
-9.7732609510e-01
-1.4672179222e+00
-4.3751282692e+00
-7.9448536038e-02
-4.2021116614e-01
-2.2186228633e-01
2.8528439999e-01
-8.9757859707e-01
-1.0190186501e+00
3.7832620144e+00
1.1652708054e+00
-1.3005094528e+00
-3.4742598534e+00
-1.0940182209e+00
4.2256486416e-01
-2.5608599186e-01
7.2032600641e-02
-1.1499285698e+00
6.0743921995e-01
7.7715581656e-01
-1.5066154301e-01
1.5164068937e+00
2.1764586866e-01
6.7751975730e-03
2.7451064587e+00
-1.0949357748e+00
-7.0389020443e-01
-1.3867866993e+00
-4.8347812891e-01
3.6272317171e-01
-8.4192937613e-01
-1.5258471668e-01
-1.4141367376e-01
-1.7823781967e+00
8.9298620820e-02
3.5012478828e+00
9.6939486265e-01
2.6990348101e-01
-1.4307557344e+00
-2.5177091360e-01
8.0937892199e-01
1.2063645571e-01
1.1429833174e+00
2.3457442224e-01
-1.5042885542e+00
-1.4317388535e+00
-6.1360126734e-01
2.7664191723e+00
3.9599688053e+00
1.0393623114e+00
5.4842281342e-01
2.7753105164e+00
2.7056994438e+00
-1.1173125505e+00
9.1301196814e-01
-1.9765259027e+00
-1.5586094558e-01
1.2829372287e-01
1.5217378139e+00
-3.4560632706e+00
-1.3190934658e+00
-3.5849187374e+00
-2.5851628780e+00
-2.5653994083e-01
-2.5377130508e-01
-1.9891427755e+00
-1.2836973667e+00
-1.8416583538e+00
-3.0914382935e+00
-2.3065605164e+00
-2.4545033276e-01
7.3080772161e-01
-1.7798790932e+00
-1.8678395450e-01
5.1329511404e-01
2.7096831799e+00
3.3924777508e+00
8.4649825096e-01
-4.3129196763e-01
-1.7972213030e+00
1.7345613241e+00
-1.3673288822e+00
-3.4768748283e+00
1.9223662615e+00
1.9255163670e+00
-2.3683478832e+00
-1.9402118921e+00
2.5926876068e+00
1.8601479530e+00
3.6437003613e+00
1.9398719072e+00
-1.1560555696e+00
-6.0684621334e-01
3.2285538316e-01
-2.7581259608e-01
-6.3505008817e-02
8.0879718065e-01
1.3812100887e+00
-2.4498771131e-01
-2.4538469315e+00
-1.1555960178e+00
7.0220208168e-01
-1.0139573812e+00
-2.2962838411e-01
-1.8808397055e+00
6.0162460804e-01
-1.4764908552e+00
4.0329554677e-01
-7.3110115528e-01
8.7429010868e-01
-8.5447698832e-01
-1.7514945269e+00
-1.9349124432e+00
1.8936513662e+00
1.6319292784e-01
1.2966817617e+00
5.9374171495e-01
-2.0818438530e+00
2.3290510178e+00
1.6263720393e-01
5.5433791876e-01
-9.8008996248e-01
-1.1545053720e+00
-2.3601307869e+00
-3.6778727174e-01
2.3146123886e+00
1.9088667631e+00
1.0618560314e+00
9.1716140509e-02
8.0763965845e-01
-1.4480713606e+00
-2.3489568233e+00
9.3422180414e-01
-1.7169299126e+00
-7.3570939712e-03
1.9603141546e+00
-2.2628612518e+00
-2.0544466972e+00
-2.3071265221e+00
1.7619438469e-01
-2.5643935800e-01
1.3685026765e-01
1.1659471989e+00
2.4701366425e+00
9.2394369841e-01
3.1673622131e+00
-1.0557850599e+00
1.1650379896e+00
4.4295445085e-01
5.7973277569e-01
-1.9344934225e+00
-2.7761721611e+00
1.0027960539e+00
2.1935794353e+00
-2.1007785797e+00
1.8609151840e+00
1.0608940125e+00
1.5756931305e+00
-6.9190055132e-01
-8.9996017516e-02
5.4243975878e-01
-1.0211594105e+00
-1.7382740974e+00
1.5086322092e-02
-3.3250570297e-02
-4.9979358912e-01
8.2588875294e-01
-1.9651916027e+00
2.9577586055e-01
1.7409766912e+00
7.7406114340e-01
7.1572460234e-02
-6.6923797131e-01
-7.5626391172e-01
-1.4951781034e+00
-4.7220587730e-01
-3.9537230134e-01
-4.3175908923e-01
-2.0544452667e+00
-3.3003699780e+00
-8.2171469927e-01
4.2249006033e-01
1.5777488053e-01
-5.1791250706e-01
-5.5797106028e-01
-8.5702627897e-01
-2.6644471288e-01
-3.1674164534e-01
-1.7081459761e+00
-1.7748892307e+00
6.1327075958e-01
4.8642608523e-01
-1.1833117008e+00
1.0194162130e+00
1.2116128206e+00
-3.7196445465e+00
-3.5663976669e+00
7.6528267860e+00
-3.4397828579e+00
4.3721704483e+00
-2.1070044041e+00
1.9409489632e+00
5.3263535500e+00
7.9614138603e+00
-2.4425356090e-01
-6.4534845352e+00
-4.5569658279e+00
-9.3008241653e+00
-8.3262939453e+00
-4.5311889648e+00
9.9208432436e-01
3.0646045208e+00
-1.0444629192e+00
-2.6228318214e+00
-7.3075428009e+00
6.9742655754e+00
3.8646197319e-01
7.5425376892e+00
8.7624111176e+00
-4.6194067001e+00
-2.6189577579e+00
1.2197472572e+01
-1.1387554407e+00
-3.8735125065e+00
-1.5172561407e+00
6.0866084099e+00
-8.6487695575e-02
6.7007198334e+00
-7.6375374794e+00
-6.3958129883e+00
-2.5622084141e+00
1.0726445913e+00
-6.9974522591e+00
3.1732985973e+00
5.6329360008e+00
-3.7364046574e+00
-3.2346451283e+00
-1.8751091957e+00
-6.5525484085e+00
-2.0038502216e+00
2.3821210861e+00
7.4747076035e+00
1.6289285421e+00
6.2932772636e+00
-2.0303721428e+00
-2.5692865849e+00
-8.3929657936e-01
-2.9434258938e+00
3.2136988640e+00
5.3516912460e+00
5.7128772736e+00
-1.5328565836e+00
3.5288865566e+00
1.1539493561e+01
7.4797544479e+00
-1.3406144142e+01
-3.0390107632e+00
-4.9481921196e+00
2.9338960648e+00
6.9791240692e+00
5.4528150558e+00
2.8086109161e+00
3.9390262961e-01
-1.2961020470e+01
-3.1216456890e+00
2.4575285912e+00
-4.4122543335e+00
2.8950660229e+00
-1.4960367680e+00
-1.9269047976e+00
5.8819637299e+00
8.1128044128e+00
-1.4650694132e+00
-1.6914366484e+00
-7.1880799532e-01
-4.5724239349e+00
7.7280554771e+00
4.9727073312e-01
-6.3663649559e+00
1.3763468742e+01
-1.0024877787e+00
4.2289986610e+00
-2.5276591778e+00
7.5707417727e-01
1.2633001804e+00
8.5491313934e+00
-5.6866860390e-01
5.8694739342e+00
5.2451097965e-01
-5.2246766090e+00
-3.4634559155e+00
6.3982601166e+00
9.3457239866e-01
1.1053351164e+00
-4.9524984360e+00
6.3613896370e+00
7.5116091967e-01
-3.5341718197e+00
-2.9376187325e+00
3.4363753796e+00
-2.5680561066e+00
1.8392055035e+00
6.6133775711e+00
1.3655278206e+01
-6.2071337700e+00
-1.9145027399e+00
-5.8857893944e+00
-4.0712342262e+00
-7.8714828491e+00
3.3614900112e+00
-1.4772682190e+00
9.9450149536e+00
-4.0438542366e+00
-3.2359743118e+00
-1.0813243866e+01
1.1223565787e-01
1.2683607638e-01
5.7975120544e+00
2.5074064732e+00
-6.3041701317e+00
2.9436531067e+00
1.0582951546e+01
-1.4425158501e+01
1.4194055796e+00
3.3504381776e-01
-5.2553117275e-01
1.8028101921e+00
3.3256590366e-01
-5.0376468897e-01
5.9227669239e-01
-8.6842197180e-01
-2.8957021236e+00
-2.2107972205e-01
5.8207857609e-01
8.4817165136e-01
2.9800069332e+00
1.5370076895e+00
2.0485417843e+00
4.3394035101e-01
-2.0034906864e+00
1.2595152855e-01
3.1588861942e+00
3.2459650040e+00
-4.7017440200e-01
3.9281198382e-01
9.6720939875e-01
1.0252012014e+00
1.2432574034e+00
2.0522986352e-01
9.3936377764e-01
2.0170865059e+00
1.5140236616e+00
-1.8671609461e-01
3.6975163221e-01
7.6259508729e-02
-3.4373495579e+00
-6.7329239845e-01
2.4255919456e+00
1.2860180140e+00
7.2512567043e-01
1.9999992847e+00
-1.3359751701e+00
-1.5751211643e+00
3.4839327335e+00
2.6681218147e+00
3.9655733109e-01
1.9350566864e+00
-7.0867484808e-01
-1.6326153278e+00
-3.2314751148e+00
-9.9124014378e-01
-7.1057307720e-01
1.5484708548e-01
-4.5100188255e-01
-1.8683867455e+00
-9.9514460564e-01
-1.4053651094e+00
-1.2694991827e+00
-1.3661522865e+00
-3.6973986626e+00
-2.8757834435e+00
-2.7535245419e+00
-2.1762034893e+00
1.8982014656e+00
-5.5606715381e-02
3.7154951096e+00
3.4795281887e+00
-2.0900599957e+00
-6.3345974684e-01
2.6751467586e-01
-1.3756887913e+00
1.8053928614e+00
-5.8653169870e-01
-5.3935235739e-01
-2.8199481964e-01
-9.7496902943e-01
-7.2639513016e-01
-2.0975997448e+00
-2.6237037182e+00
-9.5559149981e-01
7.2989243269e-01
4.0366655588e-01
5.5588191748e-01
-1.4537228346e+00
-1.4847985506e+00
-1.8067541122e+00
-1.0329677165e-01
8.1062138081e-01
2.2520952225e+00
-9.6058946848e-01
-1.1411086321e+00
-7.7214145660e-01
1.4400292933e-01
3.5706737638e-01
8.1195449829e-01
1.1995280981e+00
6.3316851854e-01
1.0563892126e-01
1.2165553868e-01
1.2483645231e-01
9.7593396902e-01
2.1117203236e+00
1.7113667727e+00
-1.3181133270e+00
-2.1298203617e-02
-1.1678340435e+00
-4.6400836110e-01
1.8530107737e+00
2.8310694695e+00
-5.7635080814e-01
-1.5678625107e+00
-2.8516380787e+00
-1.9717536867e-01
1.6695414484e-01
7.1642053127e-01
2.4001059532e+00
1.4671609402e+00
9.0521925688e-01
1.7039136887e+00
-5.1137340069e-01
7.8866440058e-01
-3.0729229450e+00
-2.3950366974e+00
-2.3357760906e+00
-1.9785534143e+00
-4.4321427345e+00
-4.8259053230e+00
-2.6698992252e+00
-1.6492223740e+00
-1.3984520435e+00
2.4256401062e+00
-3.0300896168e+00
-7.6676688194e+00
5.9987516403e+00
-2.5230445862e+00
1.5365317345e+01
-3.8879053593e+00
-2.3432435989e+00
-1.2215218544e+00
1.8690376282e+01
-2.0733232498e+00
-3.3111834526e-01
4.3759557605e-01
-1.4802608490e+00
-1.7772314548e+00
-2.2532217503e+00
-1.9911929369e+00
7.5772500038e+00
-5.2569210529e-01
-1.3214671612e+00
-9.8037834167e+00
1.7765522003e+01
-1.1557985544e+00
2.6079454422e+00
1.8646805286e+00
-1.3147199631e+01
1.5099141002e-01
8.5326881409e+00
-2.9537820816e+00
-7.5720590353e-01
-2.8132686615e+00
1.6323871613e+01
-2.5937587023e-01
1.5125239372e+01
-2.2675173283e+00
-7.6764142513e-01
1.0533094406e+00
2.3354482651e+00
-1.8021451950e+01
-2.1223418713e+00
-7.0832473040e-01
-1.0552275181e+00
-1.0694224387e-01
-7.1445739269e-01
-1.3260483742e+01
-6.7918853760e+00
-5.1540236473e+00
5.6291002035e-01
-3.3999842405e-01
1.6592695236e+01
-6.8921625614e-01
-1.2402777672e+01
1.0718400478e+00
-4.2060742378e+00
5.8155789375e+00
7.8008776903e-01
6.3882660866e+00
-5.6332778931e+00
1.5173703432e+00
1.7593908310e+00
1.2135390043e+00
-4.4128727913e+00
4.9281388521e-01
-8.6436152458e-01
3.1849570274e+00
1.4825377464e+00
8.9619159698e-01
-1.7431615591e+00
-4.2817010880e+00
-4.2057452202e+00
9.4760161638e-01
1.0100302696e+01
-5.8185129166e+00
5.2933230400e+00
1.3905731440e+00
-4.5319633484e+00
1.0007850647e+01
1.9660495758e+01
1.3746609688e+00
1.4939543009e+00
1.5116164684e+00
3.1133143902e+00
8.3159475327e+00
1.2352966070e+00
-1.9707906723e+01
6.1198315620e+00
-5.2342033386e-01
1.1693381310e+01
-7.4656724930e+00
-6.1755857468e+00
7.2442358732e-01
1.3304235458e+01
5.0709986687e+00
1.4545735359e+01
-2.2021980286e+00
-1.4681599140e+00
-8.7340390682e-01
1.4619156837e+01
1.9961855412e+00
-1.9537155628e+00
-1.5173790932e+01
1.5788556099e+01
9.8013155162e-02
-1.2230935097e+01
1.3609489202e+00
4.1845836639e+00
-5.9057950974e+00
-3.3228464127e+00
-1.0967350006e+00
3.3129048347e+00
5.4523289204e-01
3.0074226856e-01
-1.1086831093e+01
3.3654221892e-01
-2.8225141764e-01
5.1626653671e+00
-4.4667878151e+00
3.5114505291e+00
-5.4718852043e+00
-5.7337933779e-01
-3.5954501629e+00
-3.5398263931e+00
-2.2507482767e-01
2.8548462391e+00
-4.1695179939e+00
-6.5493321419e+00
8.4500801563e-01
6.1507911682e+00
-1.8622815609e+00
1.0431178808e+00
-4.6478281021e+00
4.0257644653e+00
-1.7399955988e+00
1.1001418114e+01
-6.4699449539e+00
-1.3271405697e+00
-7.0748263597e-01
1.3206441879e+01
-1.8224896193e+00
1.3072426617e-01
-1.5178035200e-01
3.1591621041e-01
-1.1762139797e+00
2.1329815388e+00
1.1967774630e+00
6.7033152580e+00
2.0266187191e+00
1.8626958132e+00
-6.7593121529e+00
1.2682490349e+01
-3.3609991074e+00
9.4420307875e-01
-5.8936268091e-01
-9.0522117615e+00
2.5042583942e+00
7.2531805038e+00
-3.6292932034e+00
2.9290261269e+00
2.2608962655e-01
1.0241542816e+01
-3.5900750160e+00
9.2398948669e+00
-2.1348314285e+00
-1.8552318811e+00
5.4136794806e-01
4.4044685364e+00
-1.2330852509e+01
-1.7703675032e+00
3.4713429213e-01
4.8762893677e-01
1.0244950056e+00
3.1187143326e+00
-8.7651205063e+00
-2.2452919483e+00
-3.0565974712e+00
-1.3233921528e+00
-1.4494365454e+00
1.0754137039e+01
-2.7264258862e+00
-1.1518961906e+01
3.6834509373e+00
-5.1867070198e+00
2.1682145596e+00
-1.8585679531e+00
3.2144377232e+00
-4.0912966728e+00
2.9342927933e+00
3.8686600327e-01
3.0561619997e-01
-2.0914077759e+00
1.9159255028e+00
2.1676530838e+00
2.1713354588e+00
-1.3036252558e-01
9.0933732688e-02
-1.7500934601e+00
-3.3398342133e+00
-2.5702958107e+00
1.3381793499e+00
9.4875268936e+00
-6.3741593361e+00
1.7945327759e+00
-1.8141781092e+00
-2.8965075016e+00
1.0646015167e+01
1.1205398560e+01
-1.8317662477e+00
2.3414080143e+00
1.7408864498e+00
2.0966129303e+00
4.6101121902e+00
2.7199511528e+00
-1.5171932220e+01
4.2990078926e+00
3.9728894234e+00
1.1109852791e+01
-8.0863132477e+00
-5.0974802971e+00
7.7318400145e-01
4.3788456917e+00
-5.5289274454e-01
1.0963800430e+01
-2.7088108063e+00
3.6529242992e-02
1.1262883246e-01
9.1127195358e+00
-2.5442173481e+00
4.8790326118e+00
-1.0890595436e+01
1.0949936867e+01
-6.9094824791e-01
-1.1014281273e+01
5.4821672440e+00
4.5370864868e+00
-3.9906527996e+00
-2.7362861633e+00
-1.0185260773e+00
-9.3332517147e-01
2.4853808880e+00
2.5262255669e+00
-7.9356832504e+00
1.2518019676e+00
1.2917731702e-01
5.4809474945e+00
-3.6354084015e+00
3.1300053596e+00
-2.6570711136e+00
8.2736033201e-01
-2.5954282284e+00
-2.8298444748e+00
2.8711419106e+00
4.9423098564e+00
-2.8135101795e+00
-6.7655339241e+00
-5.0886791945e-01
-7.9364709556e-02
-1.1237831116e+00
3.0677249432e+00
1.6811493784e-02
-1.2800501585e+00
-1.1875658035e+00
-1.9204745293e+00
-2.4496085644e+00
-1.0944292545e+00
-2.1328721046e+00
-1.5421445370e+00
-3.2967865467e+00
7.6445412636e-01
-3.4401383996e-01
8.9360147715e-01
1.0273352861e+00
-1.7664852142e+00
-1.0482714176e+00
-1.4164117575e+00
-2.2217929363e+00
2.9051938057e+00
1.8585795164e+00
-1.7793337107e+00
-2.5685255527e+00
-1.1187918484e-01
-1.6242401600e+00
5.4071187973e-01
6.7185294628e-01
-2.2462923527e+00
-3.1700580120e+00
1.6112083197e+00
2.6958569884e-01
-2.1639823914e+00
-1.4125170708e+00
-2.2616229057e+00
-7.4030613899e-01
3.6086818576e-01
-1.3159419596e-01
4.0114898682e+00
2.6841835976e+00
-1.2415041924e+00
3.4597754478e-01
-4.5577690005e-01
5.4897743464e-01
1.0490568876e+00
5.1463705301e-01
-3.3776640892e+00
-3.2452051640e+00
-1.9038490057e+00
-3.0113765597e-01
-1.9288427830e+00
-2.0505704880e+00
1.1536320299e-01
2.2414622307e+00
2.2850599289e+00
5.9853965044e-01
-1.2841144204e-01
3.2139524817e-01
-1.6689534187e+00
-2.7375798225e+00
-1.3686971664e+00
-1.8675595522e+00
3.6093759537e+00
3.4622097015e+00
7.4030673504e-01
-9.5994794369e-01
-9.2829889059e-01
3.3805367351e-01
-1.4540516138e+00
-2.5553047657e-01
2.9629962444e+00
3.4197843075e+00
-9.5036035776e-01
-1.7150138617e+00
2.6147041321e+00
3.5490770340e+00
-2.6405169964e+00
-2.7356162071e+00
-3.9869621396e-01
-4.7971665859e-01
1.0264286995e+00
-1.7608869076e+00
9.1948813200e-01
-5.0318646431e-01
2.3135862350e+00
1.9353882074e+00
-1.6123363972e+00
1.5584117174e+00
-2.7803552151e+00
6.2463574111e-02
1.4868177176e+00
-1.4939962626e+00
-4.8099765182e-01
-2.4184215069e-01
-2.3497476578e+00
-1.4031904936e+00
3.1529942155e-01
-2.6038092375e-01
-4.4518107176e-01
-4.9598819017e-01
-9.0139251947e-01
1.5694494247e+00
-3.1123237610e+00
-6.4955645800e-01
1.8119322062e+00
2.1052551270e+00
2.5799560547e+00
1.9225424528e+00
-7.1466624737e-02
-7.6422077417e-01
2.1394252777e+00
3.5499010235e-02
4.7194910049e-01
-5.8150136471e-01
2.2592296600e+00
2.3762910366e+00
-4.2636999488e-01
-1.5781484842e+00
-1.3288120031e+00
-3.9537060261e-01
-1.5015481710e+00
-1.3603667021e+00
-6.5864241123e-01
5.4966771603e-01
-2.2349281311e+00
6.0711979866e-01
-3.1824607849e+00
-4.4212083817e+00
-2.4141175747e+00
2.7275564671e+00
-4.8690953255e+00
-4.1506462097e+00
-2.2271087170e+00
-5.2763428688e+00
2.4928495884e+00
-4.2072916031e+00
6.4130789042e-01
3.3745265007e+00
2.5711960793e+00
4.6084052324e-01
-1.2222406268e-01
2.2133699059e-01
-4.1764831543e+00
-9.0187129974e+00
-3.9332790375e+00
-2.1052179337e+00
3.5694041848e-01
8.3263389766e-02
-2.4110717773e+00
-7.6822462082e+00
3.3971681595e+00
3.7592744827e-01
3.7449219227e+00
3.0007412434e+00
2.5229191780e-01
2.0346539021e+00
6.1971459389e+00
-8.7457937002e-01
-8.8452535868e-01
-1.0052613020e+00
2.3250091076e+00
-1.7957209349e+00
2.9662187099e+00
-1.5722000599e+00
-2.4958016872e+00
-7.1027350426e-01
-4.0325000882e-01
-3.3566639423e+00
4.1496360302e-01
2.0026512146e+00
-9.2491191626e-01
1.2654041052e+00
-1.9723608494e+00
-3.0863096714e+00
5.1503014565e+00
6.4488549232e+00
2.8418269157e+00
-2.3862354755e+00
1.3946312666e+00
-3.0993733406e+00
2.1786229312e-01
2.3246173859e+00
-1.0811967850e+00
-6.3127553463e-01
-1.1759262532e-01
-5.1695662737e-01
2.2391340733e+00
3.8688018322e+00
8.3313236237e+00
1.0528486252e+01
-4.7408614159e+00
-1.4035940170e+00
-5.4110813141e+00
-4.9618921280e+00
5.0628647804e+00
2.4930531979e+00
4.4545445442e+00
3.4291412830e+00
-4.5804834366e+00
-1.5074104071e+00
-1.2503781319e+00
-5.7430238724e+00
-2.9208242893e+00
-6.4357089996e+00
1.2252905369e+00
6.0768446922e+00
3.5237202644e+00
4.5049861073e-01
-2.8034985065e+00
-2.1038017273e+00
-1.6767220497e+00
5.6328372955e+00
7.9300051928e-01
-3.1139600277e+00
2.3278536797e+00
2.9541802406e+00
1.7738655806e+00
-5.7851934433e+00
-3.9305262566e+00
-2.6307232380e+00
-1.3469092846e+00
-3.0513947010e+00
1.3464493752e+00
-1.9882339239e+00
2.0762266219e-01
3.5113813877e+00
2.8648335934e+00
-7.9661732912e-01
4.7788772583e+00
-1.4491024017e+00
1.6959723234e+00
-7.3350965977e-02
9.5257663727e-01
6.3920149803e+00
-1.7936969995e+00
-1.8000078201e+00
3.0660064220e+00
5.5511865616e+00
3.1984667778e+00
-1.2155385017e+00
8.6257135868e-01
-1.7893366814e+00
-2.0325112343e+00
-4.8454036713e+00
3.6377408504e+00
9.4880223274e-01
4.7066016197e+00
-3.8771166801e+00
2.4367423058e+00
-3.6157758236e+00
7.0318228006e-01
1.1124615669e+00
5.6257200241e+00
5.0979294777e+00
-1.6381062269e+00
3.8138930798e+00
2.5404527187e+00
-6.5211200714e+00
-4.8475497961e-01
2.4720485210e+00
2.3665182590e+00
7.2044539452e-01
1.5924540758e+00
1.7737163603e-01
-2.4246340990e-01
5.0138711929e-01
-8.9445096254e-01
-4.1917106509e-01
3.5305643082e-01
8.0525773764e-01
-1.4910712242e+00
4.7599658370e-01
-9.0710806847e-01
-1.2036842108e+00
-5.4069304466e-01
-7.1746164560e-01
7.3702722788e-01
3.2213149071e+00
1.5552479029e+00
1.8436287642e+00
1.7685785890e-01
9.6955519915e-01
-1.5720295906e+00
-1.4340204000e+00
-9.0207231045e-01
3.6684015393e-01
-2.5871083736e+00
-1.6848207712e+00
1.9771381617e+00
7.6607662439e-01
-1.0398716927e+00
5.2233469486e-01
1.5104831457e+00
4.4450172782e-01
-2.7025774121e-01
1.1307444572e+00
-6.7028909922e-01
-1.7634450197e+00
-1.9515514374e+00
-1.4940124750e+00
-2.3264136910e-01
1.1418018341e+00
-2.5955510139e+00
-3.5682153702e+00
2.2151799202e+00
8.6916983128e-01
1.9089875221e+00
-1.2417963892e-01
5.1302254200e-01
1.2360379696e+00
-7.9491633177e-01
1.8236379623e+00
2.0173366070e+00
3.3356182575e+00
-3.3093724251e+00
-1.7971946001e+00
-7.5140887499e-01
-9.6698182821e-01
8.8132399321e-01
3.1848993897e-01
-3.0840715766e-01
1.4158626795e+00
-8.2277156413e-02
7.7559185028e-01
1.7981599569e+00
-1.6815990210e-01
-5.2064532042e-01
5.1582872868e-01
4.7752144933e-01
1.1574220657e+00
-1.1009556241e-02
1.3443995714e+00
-9.2249840498e-01
-2.6408374310e+00
1.4231990576e+00
6.9115763903e-01
2.5690397620e-01
-7.5164383650e-01
1.7047452927e+00
1.1401934624e+00
1.7127788067e+00
3.7614044547e-01
-1.9965031147e+00
-2.5379180908e+00
1.2421933413e+00
6.2727761269e-01
1.0522677898e+00
6.0522359610e-01
1.5544552803e+00
1.3515506983e+00
-1.1238538027e+00
-1.5434249640e+00
-2.3447334766e+00
-2.2841277122e+00
1.4386153221e+00
1.7207193375e+00
-6.7638719082e-01
-9.2404246330e-01
-1.2998992205e+00
-3.9925828576e-02
4.5074862242e-01
-7.8924357891e-01
-1.0648452044e+00
-2.5363013148e-01
-6.0786224902e-02
-1.3448002338e+00
1.3350582123e+00
9.4952404499e-02
1.8701569736e-01
2.3818780482e-01
4.3923953176e-01
-8.2818821073e-02
-2.3623409867e-01
-1.5404322147e+00
-1.1514086723e+00
-4.8056426644e-01
3.4122720361e-01
1.2433042526e+00
-1.3774342537e+00
-6.3852143288e-01
-1.2988111973e+00
-1.2788946629e+00
1.4786657095e+00
9.9561679363e-01
2.6766107082e+00
2.8699007034e+00
7.1726578474e-01
1.2350701094e+00
1.4212946892e+00
1.6155411005e+00
-2.4298961461e-01
-1.2354273796e+00
1.4223675728e+00
2.1639888287e+00
3.0793142319e-01
2.4567339420e+00
-1.3682330847e+00
-2.0956985950e+00
-4.6731405258e+00
2.5437876582e-01
7.2204172611e-01
-9.1613751650e-01
-1.1177775860e+00
-7.0765054226e-01
-1.2746334076e+00
1.2057278156e+00
5.3936314583e-01
2.2453832626e+00
2.5148301125e+00
1.3196978569e+00
-4.1529232264e-01
-7.5111472607e-01
1.0019307137e+00
7.7571141720e-01
-2.3474888802e+00
-6.3582491875e-01
6.7300730944e-01
5.0070714951e-01
-1.1977647543e+00
1.2378504127e-01
1.7329921722e+00
-1.0274695605e-01
8.8072471321e-02
9.2376136780e-01
1.8543341160e+00
-1.5067575872e-01
-1.2001137733e+00
-2.1377117634e+00
5.0228542089e-01
1.7613761425e+00
-1.4603992701e+00
-9.1660839319e-01
2.9886128902e+00
1.3785607815e+00
-5.2230205387e-02
7.8181758523e-02
-1.4338107109e+00
1.5486302376e+00
2.4205030501e-01
7.1462285519e-01
2.3493471146e+00
1.9165586233e+00
-2.4296107292e+00
-1.2189955711e+00
2.5418591499e+00
1.9743939638e+00
-1.3361781836e+00
-1.9531673193e+00
6.4086472988e-01
2.0975844935e-02
7.4682193995e-01
3.8556721210e+00
-1.6928259134e+00
1.2268013954e+00
-9.5458656549e-01
-3.2277650833e+00
-2.5809508562e-01
1.0181028843e+00
-4.4446617365e-01
-4.5493587852e-01
4.4300758839e-01
-6.4926117659e-01
3.6874336004e-01
-6.5574651957e-01
1.4891712666e+00
-4.0702018738e+00
1.4497617483e+00
3.8385546207e-01
1.0611765385e+00
6.5710943937e-01
-6.9593578577e-01
-2.5065821409e-01
1.9597078562e+00
6.5662258863e-01
1.2954758406e+00
1.4016059041e-01
1.7112150192e+00
-1.0463788509e+00
-1.5860793591e+00
5.8256721497e-01
-3.1237378120e+00
-4.3632488251e+00
1.4514152706e-01
4.1604158282e-01
-1.6901458502e+00
1.6792317629e+00
-1.3249059916e+00
1.6746358871e+00
1.3987424970e-01
-2.7229869366e+00
1.1589745283e+00
1.6766649485e+00
1.2079814672e+00
7.5265783072e-01
3.5951275826e+00
1.6991386414e+00
3.2778382301e-01
1.0189321041e+00
-2.8830652237e+00
-1.1785918474e+00
-4.6602901816e-01
-1.1646884680e+00
2.1987957954e+00
2.0298357010e+00
-2.0408501625e+00
-9.8226404190e-01
-7.7936077118e-01
-1.9834126234e+00
-6.5892893076e-01
1.8025676012e+00
-3.7159678340e-01
-2.1905357838e+00
8.2148647308e-01
-3.2073233277e-02
2.9949595928e+00
2.1373245716e+00
3.3905377388e+00
3.9971380234e+00
-2.3127596378e+00
-3.4924116135e+00
1.0355800390e+00
1.8408737183e+00
-2.5225391984e-01
-2.8324148655e+00
-1.3289061785e+00
-2.2530725002e+00
-1.1535948515e+00
-1.5630587339e+00
2.1987617016e+00
3.0222766399e+00
-2.9908194542e+00
-2.3007934093e+00
8.2298368216e-01
9.8675155640e-01
-2.0519144535e+00
-3.8398649693e+00
-1.4368574321e-01
-1.3804274797e+00
9.4731390476e-01
1.0285149813e+00
-4.4892787933e-01
-9.9102902412e-01
-4.5176824927e-01
1.4033186436e-01
-2.8327093124e+00
-2.9225282669e+00
-7.4549698830e-01
-2.8122776747e-01
2.1741607189e+00
1.6184992790e+00
3.7668287754e+00
2.2029931545e+00
-3.1828486919e+00
-9.2670559883e-01
2.6327359676e-01
2.6659088135e+00
1.7270164490e+00
9.3402653933e-01
-7.3681575060e-01
1.0271290541e+00
-1.3753317595e+00
-2.5393157005e+00
-2.1329526901e+00
-1.8069155216e+00
-3.3566319942e+00
-1.2669674158e+00
1.2572156191e+00
-3.8157286644e+00
8.4560668468e-01
-9.8173159361e-01
1.5925107002e+00
-1.9837367535e-01
-2.5047197342e+00
-2.4279503822e+00
-6.7396020889e-01
-7.7153748274e-01
1.3621603251e+00
9.1153913736e-01
3.0387821794e-01
-2.1330890656e+00
5.7217241265e-03
1.2239274979e+00
-1.4399552345e+00
-4.8538950086e-01
2.7468528748e+00
2.6707062721e+00
-1.2490429878e+00
-2.3258991241e+00
5.3314357996e-01
5.2495062351e-01
-2.2514927387e+00
-1.6734423637e+00
2.3437170684e-01
2.1523518562e+00
7.6324713230e-01
2.9401844740e-01
1.3741378784e+00
2.3317408562e-01
1.1369140148e+00
5.6192345619e+00
-9.5273053646e-01
-5.6066697836e-01
9.4920963049e-01
-1.3186126947e-01
3.6841683388e+00
1.9339740276e+00
-4.7425102443e-02
-8.5637527704e-01
2.2853398323e+00
2.7902393341e+00
-2.2984635830e+00
-1.7721456289e+00
-4.4089773297e-01
1.4872729778e+00
1.0719757080e+00
-1.1019932032e+00
3.7543112040e-01
2.2771000862e+00
4.5207796097e+00
1.7398084402e+00
8.7897652388e-01
-1.2182880938e-01
-1.1141992807e+00
-3.6572641134e-01
5.8342009783e-01
6.7306828499e-01
2.8204724193e-01
2.5271198750e+00
2.4927744269e-01
2.3609821796e+00
-3.1818249226e+00
-5.2486759424e-01
-1.3534774780e+00
-6.3709551096e-01
1.2051819563e+00
-1.6293224692e-01
2.4013707638e+00
-1.5655671060e-01
1.8914241791e+00
8.7533354759e-01
-2.1371057034e+00
-2.2718818188e+00
2.8294773102e+00
6.0327076912e-01
2.2467263043e-01
1.8885278702e-01
-2.8869497776e+00
-1.6840944290e+00
-7.2878742218e-01
-2.5620660782e+00
-2.0220317841e+00
-1.3478801250e+00
-5.6840163469e-01
1.0164655447e+00
-1.5134064853e-01
-4.9472692609e-01
-2.4488362670e-01
-1.6006569862e+00
-4.8856374621e-01
1.3493838310e+00
7.7037531137e-01
-9.8076832294e-01
-8.9615422487e-01
-1.6183792353e+00
8.4185200930e-01
5.1311618090e-01
-1.8865825236e-01
1.1227766424e-01
-9.9367201328e-02
-4.2795041203e-01
1.9369170070e-01
-1.9901455641e+00
-9.4148916006e-01
5.4981434345e-01
1.0503203869e+00
-3.5623204708e-01
-3.4457018971e-01
-1.1478611231e+00
3.1068732738e+00
2.3192467690e+00
-1.3305722475e+00
-1.8961652517e+00
1.2243096828e+00
-1.7231165171e+00
-1.7729331255e+00
-2.0751271248e+00
-3.5773231983e+00
-1.6026284695e+00
1.0580480099e+00
3.1927063465e+00
-1.6995706558e+00
-9.3670994043e-01
2.8075094223e+00
1.5111851692e+00
2.4485790730e+00
9.3636405468e-01
1.6585298777e+00
7.2919821739e-01
-1.2228822708e+00
-9.3493163586e-02
1.4435352385e-01
-5.9201228619e-01
-1.1636703014e+00
-2.7861508727e-01
1.5213347971e-01
-4.5999395847e-01
9.0526282787e-01
8.9865565300e-01
-1.0542784929e+00
-1.5416802168e+00
6.0329651833e-01
-1.1923182756e-01
1.5868008137e-01
1.2663860321e+00
2.0182733238e-01
8.7034004927e-01
-1.9621807337e+00
-1.3895654678e+00
1.1943976879e+00
9.8840832710e-01
3.9946937561e+00
3.0564789772e+00
1.7571256161e+00
1.3844134808e+00
1.3032034039e-01
1.4685934782e+00
-1.8584532738e+00
-1.5849127769e+00
-4.7391781211e-01
-1.2305537462e+00
2.5039548874e+00
2.6113994122e+00
1.9979633093e+00
3.0964500904e+00
6.1700201035e-01
1.1117681265e+00
1.9599877298e-01
-3.1775027514e-01
1.4287788868e+00
1.9771029055e-01
-2.0891458988e+00
-6.0792380571e-01
2.0352294445e+00
5.8471220732e-01
-8.6247879267e-01
8.6791366339e-02
1.5133965015e+00
-7.4546709657e-02
-1.6088023186e+00
7.9097497463e-01
1.3381586075e+00
1.3429605961e+00
-8.5820704699e-01
-6.1634612083e-01
-7.2657310963e-01
-2.7801802754e-01
-1.7244710922e+00
-9.4254297018e-01
1.4267257452e+00
8.6778497696e-01
2.2470505238e+00
1.8234593868e+00
-1.0051833391e+00
-5.3267437220e-01
1.9557121396e-01
3.9602240920e-01
6.8864840269e-01
1.4359543324e+00
7.3096632957e-01
1.7554886341e+00
-2.8015410900e+00
-3.0143418312e+00
-4.1455411911e+00
-7.5031143427e-01
-2.0831732750e+00
2.8643131256e-01
1.1773687601e+00
7.8559869528e-01
1.4321707189e-01
3.3471527696e-01
-3.5403697491e+00
-1.6079735756e+00
1.1810493469e+00
-3.8104861975e-02
1.1918153614e-01
-8.8453102112e-01
-1.5355902910e+00
1.8781509399e+00
2.7391758561e-01
7.1262985468e-01
-9.5581233501e-01
-8.7575316429e-02
5.1264578104e-01
1.3825979233e+00
1.2302297354e-01
-9.0728813410e-01
-1.0263398886e+00
9.5446890593e-01
3.4897220135e-01
-7.0427423716e-01
5.2966058254e-01
1.5800085068e+00
-1.5352504253e+00
-6.6877150536e-01
-2.9837149382e-01
-1.6375857592e+00
1.4947557449e+00
5.8430635929e-01
1.6790996790e+00
-6.7647081614e-01
1.6435930133e-01
2.1240738034e-01
-1.5164235830e+00
-8.4196317196e-01
-3.5789833069e+00
-2.6314425468e+00
6.5826523304e-01
1.6017261893e-02
2.3630826175e-01
4.5557719469e-01
-1.1334521770e+00
-1.8960626125e+00
1.6173955202e+00
5.1687628031e-01
1.3180299997e+00
4.0378409624e-01
-3.4221203327e+00
-5.2064287663e-01
-1.3157414198e+00
-1.3661440611e+00
3.0935428143e+00
6.3627010584e-01
7.4480342865e-01
5.2421468496e-01
8.9068591595e-01
1.3143905401e+00
1.1387724876e+00
-3.9635431021e-02
5.3881180286e-01
-6.8516558409e-01
-5.4432517290e-01
-1.1381383240e-01
3.5232741833e+00
3.4021716118e+00
-2.3663082123e+00
-1.3924289942e+00
9.5149558783e-01
1.5053886175e+00
5.7651823759e-01
-1.0060195923e+00
-9.1620184481e-02
2.2510397434e+00
-1.0442363024e+00
-1.6984956264e+00
-7.6063406467e-01
1.7204871774e-01
1.7366811037e+00
-2.9540169239e-01
9.4899970293e-01
-1.1185412407e+00
7.8128254414e-01
1.5426454544e+00
2.3073101044e+00
4.4065585732e-01
-3.6925697327e+00
-3.2136595249e+00
4.3299612403e-01
1.1227142811e+00
8.9301711321e-01
6.9880092144e-01
-7.6983141899e-01
9.2618811131e-01
-8.8051986694e-01
-7.1144288778e-01
2.0980513096e+00
9.7918128967e-01
-4.4132715464e-01
-5.5246595293e-02
-1.3775583506e+00
-2.5334947109e+00
-4.9425387383e+00
-2.0357692242e+00
-1.8063695431e+00
-1.7857728004e+00
-1.2941273451e+00
-8.2676726580e-01
-2.0268878937e+00
-1.2788634300e+00
-3.6166477203e+00
-1.5820181370e+00
2.4394669533e+00
3.8996458054e-01
-1.0563250780e+00
1.0645815134e+00
-1.6540055275e+00
-3.2366046309e-01
2.1134970188e+00
2.2380564213e+00
2.7809472084e+00
-2.1607482433e+00
-4.0965867043e+00
-2.1755034924e+00
4.3033065796e+00
-2.8283340931e+00
-3.4731223583e+00
-1.8455241919e+00
4.4333958626e+00
-1.3300366402e+00
1.7457174063e+00
4.8519724607e-01
1.6070898771e+00
7.5976796448e-02
7.0802539587e-01
-2.8407850266e+00
3.9882109165e+00
3.3764398098e+00
9.8970001936e-01
-4.1221709251e+00
4.4973292351e+00
-2.1751978397e+00
2.1305847168e+00
6.0348373652e-01
-2.4912250042e+00
4.5866116881e-01
4.7238459587e+00
-2.6236126423e+00
3.1431078911e+00
3.3004319668e-01
2.3972959518e+00
-1.8521198034e+00
-1.1732245684e+00
-3.0492563248e+00
-4.2667069435e+00
-1.7661139965e+00
3.0259535313e+00
-5.6762981415e+00
-2.5606141090e+00
-1.5212156773e+00
1.5396119356e+00
-5.2793794870e-01
1.4391087294e+00
-3.3830900192e+00
2.8447744846e+00
-7.4418002367e-01
-1.1822721958e+00
6.7363910377e-02
2.5509693623e+00
-1.8994790316e+00
-7.5422306061e+00
3.9245207310e+00
-3.6038961411e+00
-4.8153844476e-01
-2.1002275944e+00
-1.0537043810e+00
1.9305928051e-01
3.9266326427e+00
-2.5662323833e-01
-6.8238079548e-01
4.0705628693e-02
2.2265028954e+00
1.4874831438e+00
-2.8593971729e+00
-1.6306380033e+00
-2.7603484690e-02
-5.3165960312e+00
-5.6831879616e+00
1.2491551638e+00
1.6407370567e+00
2.6211633682e+00
-2.2186398506e+00
2.5591814518e+00
-6.4212626219e-01
-2.6151146889e+00
4.8354568481e+00
4.1314854622e+00
-2.3820537329e-01
4.2285017967e+00
1.1033146381e+00
-2.2038369179e+00
-2.0936116576e-01
2.3283574581e+00
-5.9653220177e+00
-2.6090574265e-01
3.4257013798e+00
1.0376561880e+00
-5.8347711563e+00
-2.7813322544e+00
4.4369101524e-01
2.1217688918e-01
-5.8952820301e-01
3.4191806316e+00
-2.3039703369e+00
1.5210300684e+00
1.0480831861e+00
2.9084024429e+00
-7.8671717644e-01
4.9956841469e+00
-3.1816565990e+00
1.6783845425e+00
-1.8973454237e+00
-4.1941294670e+00
3.2270350456e+00
1.5231492519e+00
-2.9057242870e+00
-8.8235229254e-01
-1.0339679718e+00
-6.7761731148e+00
-7.0455825329e-01
1.9519536495e+00
-3.2343127728e+00
1.6352894902e-01
7.8346174955e-01
2.6381390095e+00
-1.1710522175e+00
1.6423405409e+00
-2.1476209164e+00
1.4872957468e+00
-4.3486648798e-01
-3.5890319943e-01
3.4983286858e+00
2.4321060181e+00
-1.0032262802e+00
-9.9346332252e-02
1.5278499126e+00
-2.5371994972e+00
2.1080665588e+00
-2.4077544212e+00
1.2064801902e-01
2.4394853115e+00
4.4717416763e+00
-1.4280673265e+00
-1.3687634468e+00
1.0859147310e+00
2.0318970680e+00
-2.0235195160e+00
-1.5961620808e+00
-2.3632159233e+00
-7.9813194275e-01
-1.8625839055e-01
-2.0749547482e+00
-1.0983271599e+00
-1.4329707623e+00
-4.1231891513e-01
7.6514774561e-01
3.5790865421e+00
2.3736157417e+00
-6.1176955700e-01
-1.8820122480e+00
1.3406234980e+00
2.8597571850e+00
-4.1027750969e+00
-4.0392174721e+00
-3.0888750553e+00
-1.3123841286e+00
8.1151157618e-01
-2.1966548264e-01
1.8900817633e+00
-1.3156382740e-01
2.1901271343e+00
4.1979784966e+00
4.1939136386e-01
1.8360499144e+00
9.8887157440e-01
1.0570453405e+00
8.8039660454e-01
-1.7968112230e+00
1.7453420162e-01
-2.1390783787e+00
-1.5355671644e+00
-1.2072749138e+00
-2.8042364120e+00
-2.8799428940e+00
1.9028446674e+00
1.6791287661e+00
3.4378213882e+00
3.2775599957e+00
-1.7002882063e-01
-9.3880915642e-01
-2.8116891384e+00
-5.7543087006e-01
2.1999430656e+00
8.3376312256e-01
-1.9556925297e+00
-1.5457878113e+00
-3.4424126148e+00
-1.7455878258e+00
-9.2366498709e-01
-2.5042033195e+00
5.9604234695e+00
4.1854152679e+00
2.5559203625e+00
2.3369743824e+00
-6.4058560133e-01
-1.6740543842e+00
1.6834056377e+00
-8.0985158682e-01
-7.1925485134e-01
2.5581691265e+00
-3.2767271996e-01
-8.5107344389e-01
-1.8555010557e+00
1.5524680614e+00
1.2957836390e+00
-1.5550167561e+00
1.2621445656e+00
4.8921790719e-01
1.0081218481e+00
2.2727146149e+00
-1.5563445091e+00
-1.7791539431e+00
-1.0221020877e-01
2.9650506377e-01
-9.3550628424e-01
-3.1790551543e-01
1.2332072258e+00
-8.5170701146e-02
1.6810718775e+00
3.5483918190e+00
1.5466556549e+00
5.8403801918e-01
-2.7388978004e+00
-2.8077445030e+00
2.0334947109e+00
3.4910985827e-01
-3.2273764610e+00
-1.5207102299e+00
6.4659929276e+00
1.8336273432e+00
1.7231529951e+00
3.5696945190e+00
1.2944806814e+00
-9.1094017029e-02
-2.5858807564e+00
-2.7106897831e+00
-3.0720930099e+00
2.3010903597e-01
-4.0297417641e+00
-9.3692708015e-01
-9.0702623129e-01
1.9936130047e+00
-3.7615091801e+00
-1.1267927885e+00
-2.6935619116e-01
-1.5748475790e+00
-1.4076801538e+00
-2.4343135357e+00
-1.7539639473e+00
-3.9675943851e+00
-4.2794933319e+00
-5.0380811691e+00
-6.7572760582e-01
-1.4145901799e-01
1.5501936674e+00
5.3009802103e-01
3.8076870441e+00
-7.8917133808e-01
4.7386140823e+00
2.0302440971e-02
8.8764991760e+00
-5.9031152725e+00
-1.2553744316e+00
-2.7158893645e-02
6.8122973442e+00
-3.8926098347e+00
3.2116660476e-01
1.7696978152e-01
-9.6324020624e-01
-1.2751094103e+00
4.2729525566e+00
4.5103278160e+00
1.7849522829e+00
-3.0542042255e+00
2.5672872066e+00
-3.6776707172e+00
8.7114715576e+00
-2.8930950165e+00
5.7060354948e-01
-1.0857001543e+00
-5.9789733887e+00
1.1638607979e+00
4.2102990150e+00
-3.6157875061e+00
2.0026566982e+00
1.2689644098e+00
7.0565152168e+00
-1.9831939936e+00
6.9704308510e+00
-1.2321134806e+00
2.8076162934e-01
3.0250358582e+00
3.3182952404e+00
-7.5237407684e+00
-2.8949351311e+00
-1.8689862490e+00
1.4380729198e+00
3.1207067966e+00
1.3438557386e+00
-7.6110053062e+00
-8.4136205912e-01
-1.6770079136e+00
-1.5843288898e+00
-2.5571765900e+00
7.2296762466e+00
-2.8588204384e+00
-9.3549461365e+00
4.3610286713e+00
-5.4341254234e+00
1.0534373522e+00
-1.8960349560e+00
1.9816443324e-01
-2.5398914814e+00
3.0489795208e+00
-1.0278403759e+00
-6.0414427519e-01
-2.1016752720e+00
1.5171852112e+00
1.0926059484e+00
-9.0983843803e-01
-1.7033622265e+00
-6.0869878531e-01
-2.0603919029e+00
-1.0076043606e+00
-1.6729227304e+00
1.9851994514e+00
1.0503124237e+01
-1.9406981468e+00
-3.1096598506e-01
-4.1259112358e+00
-1.2680749893e+00
8.1393117905e+00
5.6927080154e+00
-2.7525374889e+00
3.2794399261e+00
2.5435113907e+00
7.6548177004e-01
1.0137665272e+00
2.5913794041e+00
-9.6725912094e+00
3.1512949467e+00
2.9828357697e-01
8.8505477905e+00
-5.4163646698e+00
-4.0107769966e+00
-1.0225462914e+00
2.8244853020e+00
-5.7974052429e-01
6.8176403046e+00
-2.7522118092e+00
6.8747335672e-01
1.4392098188e+00
6.7303886414e+00
-1.3324321508e+00
4.5853428841e+00
-7.3034620285e+00
6.3738727570e+00
-1.1122399569e+00
-7.7786960602e+00
4.4051003456e+00
2.2763891220e+00
-2.1480948925e+00
-2.7740061283e+00
-2.7601122856e+00
-1.3035824299e+00
1.2600593567e+00
2.0455474854e+00
-4.3981714249e+00
1.8156923056e+00
2.3071103096e+00
3.9643735886e+00
-1.3361668587e+00
1.1978175640e+00
-6.4206709862e+00
1.7508708239e+00
-5.0688940287e-01
-2.6440162659e+00
3.1449701786e+00
2.2362909317e+00
-2.1940836906e+00
-2.0388960838e+00
3.1409537792e+00
-3.1975352764e+00
-2.4133884907e+00
-1.5279241800e+00
-1.4802315235e+00
-3.2154185772e+00
-2.4694955349e+00
-5.0460416079e-01
9.6125298738e-01
-4.1511368752e-01
1.7687283456e-02
-9.1040067375e-02
-9.8483216763e-01
-3.6669006348e+00
-1.2343299389e+00
3.5696034431e+00
8.2410144806e-01
2.6474133134e-01
-1.1677573621e-01
-2.0721111298e+00
-1.6258892417e-01
-4.7810038924e-01
5.6356436014e-01
1.3256327808e-01
-1.9527342170e-02
1.8477566242e+00
1.1216632128e+00
2.6728341579e+00
1.2170789242e+00
-1.9598313570e+00
-2.0454740524e+00
-9.3635097146e-02
-1.2502114773e+00
-9.0168148279e-01
5.0141203403e-01
-8.8891953230e-01
-7.4613541365e-01
1.7735490203e-01
4.3140953779e-01
1.0304458141e+00
1.9819701910e+00
4.4423794746e+00
3.0697977543e+00
-7.6715254784e-01
-8.5926192999e-01
4.2624354362e-01
-5.7053148746e-01
2.3808892071e-01
-3.1479659677e-01
-2.2120521069e+00
-1.1302583218e+00
-2.6098197699e-01
2.0295314491e-01
-1.2302775867e-02
-9.5079278946e-01
-3.5966524482e-01
2.5355657935e-01
-2.6394810677e+00
-2.6444652677e-01
3.4228515625e+00
1.2735958099e+00
-2.3848786354e+00
-2.3131842613e+00
3.9056375027e+00
4.0566768646e+00
7.7965182066e-01
1.7082040310e+00
-5.5823320150e-01
2.8481209278e-01
-1.6136856079e+00
-2.4671845436e+00
1.5163910389e+00
2.1354718208e+00
4.7073904425e-03
7.0947933197e-01
8.3403903246e-01
2.4776071310e-01
-3.0673304200e-01
-1.0184718370e+00
-7.9684913158e-01
9.5819793642e-03
-3.2843022346e+00
-1.1556886435e+00
-5.6454362869e+00
-1.0454118252e+00
1.5648365021e-01
6.2973695993e-01
1.2643033266e-01
-1.7337337136e-01
-2.4392559528e+00
-4.9374347925e-01
1.7175607383e-02
-8.8861894608e-01
-1.6030333042e+00
-6.2043350190e-02
1.5432150364e+00
2.4260988235e+00
-6.0798770189e-01
-1.7778152227e+00
-2.2346273065e-01
2.0037648678e+00
6.1813387871e+00
3.9627947807e+00
-7.7020597458e-01
-4.3861708045e-01
3.3720541000e-01
-2.4276272953e-01
1.4596652985e+00
4.7597967088e-02
-8.2076326013e-02
7.2966843843e-01
-2.8667643070e+00
-2.2454068661e+00
-1.5839152336e+00
-1.3118464947e+00
-1.1213530302e+00
-7.6546245813e-01
3.1718945503e-01
7.9245972633e-01
-2.0076475143e+00
-5.9033656120e-01
-3.6844618320e+00
-2.6305279732e+00
2.2292585373e+00
1.2011340857e+00
-1.5898878574e+00
-6.6670554876e-01
-3.6283371449e+00
-2.4258539677e+00
4.4794917107e-01
4.0294787288e-01
-4.8289191723e-01
1.3712885976e-01
1.5891485214e+00
3.1024572849e+00
-1.0110640526e+00
1.9375658035e-01
6.0095703602e-01
1.5408419371e+00
5.4023861885e-01
-7.5133520365e-01
-6.2559413910e-01
-1.2017062902e+00
1.8938177824e+00
-1.1805601120e+00
1.6439751387e+00
3.5356872082e+00
-1.4633483887e+00
-2.2863903046e+00
1.4238557816e+00
2.4607126713e+00
7.1199882030e-01
2.3683954775e-01
1.4477323294e+00
3.5996803641e-01
-8.7863183022e-01
-2.9703080654e-01
-2.9657046795e+00
-3.5786488056e+00
7.6965028048e-01
2.9881894588e-01
-2.9176805019e+00
1.4488623142e+00
1.8303588033e-01
2.4857521057e+00
2.4437165260e+00
3.0328900814e+00
-1.6941778362e-01
-8.5302896798e-02
3.3234921098e-01
1.3095432520e+00
-2.6163980961e+00
-3.2910337448e+00
3.2176449299e+00
-3.4950450063e-02
-2.3212039471e+00
-1.0185170174e+00
-2.3414223194e+00
-2.5022590160e+00
2.7865235806e+00
4.4988236427e+00
-1.3837175369e+00
6.9161581993e-01
-7.8464454412e-01
-2.6011540890e+00
-1.1116653681e+00
7.8310042620e-02
1.5142486095e+00
6.0771595687e-02
-2.6998209953e+00
-9.9159300327e-01
4.6266081929e-01
1.5509405173e-02
4.8845520020e+00
1.6246259212e+00
-8.2814639807e-01
-4.0968957543e-01
-1.4484689236e+00
-4.5626041293e-01
1.6308845282e+00
-7.3805443943e-02
4.2299690843e-01
1.9631265402e+00
-7.7112317085e-01
-2.4838371277e+00
2.3906329274e-01
1.4912511408e-01
-1.3940603733e+00
-3.0034680367e+00
-5.7488578558e-01
-1.4355207682e+00
-1.9515355825e+00
-4.8056650162e-01
-2.1736896038e+00
6.2904947996e-01
-4.6407470107e-01
4.2230316997e-01
-8.0384027958e-01
-1.0555742681e-01
-4.8696336150e-01
-2.6738696098e+00
1.0269308090e+00
4.5976772904e-01
4.5892200470e+00
3.8080828190e+00
-2.6967129707e+00
-2.0450713634e+00
4.6526247263e-01
2.6893143654e+00
2.8931951523e+00
8.7114721537e-01
9.2538809776e-01
2.6491749287e-01
-4.9794042110e-01
-3.6619168520e-01
1.7966345549e+00
3.8034209609e-01
-2.7908337116e+00
1.9165216386e-01
-2.2118625641e+00
1.3010419607e+00
-1.1930443048e+00
-7.0500081778e-01
7.5216096640e-01
1.8671400547e+00
-2.3652608395e+00
-5.1754152775e-01
-5.8388018608e-01
-5.4251378775e-01
-1.4743196964e+00
-7.4853700399e-01
-3.6924638748e+00
-4.6424269676e+00
-1.4403495789e+00
-3.1744596958e+00
-1.6353204250e+00
-1.4836863279e+00
1.7040592432e+00
-3.7663039565e-01
1.0934318304e+00
4.1934844851e-01
3.4390382767e+00
2.5447859764e+00
1.6140561104e+00
2.2324247360e+00
8.2772022486e-01
-3.8364207745e-01
-2.6620943546e+00
-3.7209260464e+00
-1.4453609288e-01
4.1491141915e-01
-1.7536495924e+00
-1.0488630533e+00
-5.8225196600e-01
1.6498867273e+00
8.9279222488e-01
1.0746759176e+00
2.4766719341e-01
1.0611945391e+00
-3.5938747227e-02
-2.9364814758e+00
-3.7618735433e-01
-2.6158988476e+00
-1.7781375647e+00
-1.2179332972e+00
-1.9633486271e+00
-4.4605097175e-01
-2.9445054531e+00
-2.0116634369e+00
7.4751496315e-01
-2.6316577196e-01
5.2903974056e-01
-1.5077979565e+00
3.1549811363e-01
1.9604295492e-02
2.9359362125e+00
-6.0108679533e-01
-2.1451022625e+00
-1.6784743071e+00
-1.9747269154e+00
1.5037429333e-01
-2.0685749054e+00
-3.2211799622e+00
-3.2246541977e+00
-2.5977984071e-01
1.3139331341e+00
6.5479511023e-01
1.1236621141e+00
1.3120223284e+00
7.1576571465e-01
1.2510221004e+00
-1.1828849316e+00
-1.7835594416e+00
-1.8109819293e-01
8.0407917500e-01
-2.1703417301e+00
-1.8246711493e+00
-2.2451469898e+00
-1.9274874926e+00
-1.7955251038e-01
1.1738756895e+00
-2.2898273468e+00
1.6348609328e-01
-5.2504897118e-01
9.1050066054e-02
7.5641673803e-01
3.9049806073e-03
9.9967873096e-01
1.9009453058e+00
4.6303682327e+00
6.3318508863e-01
2.1692456305e-01
1.0185819864e+00
-1.5826823711e+00
-2.2212438583e+00
1.9784262180e+00
-1.0499893427e+00
3.6008763313e+00
2.0613267422e+00
1.8720889091e+00
1.6501120329e+00
1.3361744881e+00
-1.6027692556e+00
-1.3725860119e+00
4.9127429724e-01
1.2793799639e+00
-1.2206508219e-01
-4.8245698214e-01
-2.7347569466e+00
3.0319182873e+00
8.2348227501e-01
5.3583723307e-01
1.2915185094e-01
-1.2693921328e+00
1.3231760822e-02
2.3095231056e+00
9.7116804123e-01
-2.8754758835e-01
-9.7367388010e-01
-5.3124380112e-01
-3.0047476292e+00
1.6875314713e+00
-1.2390217185e-01
-1.1542795897e+00
-1.8387557268e+00
-1.8145070076e+00
1.6278392076e+00
9.6136078238e-02
8.3074462414e-01
4.7043627501e-01
8.8410377502e-02
4.6401423216e-01
7.5260484219e-01
-2.4151649475e+00
1.3476225734e-01
-1.2375972271e+00
-5.0705671310e-01
2.6599640846e+00
6.8553543091e-01
-1.7911338806e+00
7.9824849963e-02
4.0921880864e-03
4.0069827437e-01
2.1408326626e+00
2.6712906361e-01
1.5672489405e+00
6.1414474249e-01
-1.7155584097e+00
-4.2152801156e-01
2.8171181679e+00
1.1152063608e+00
1.0651872158e+00
1.3268601894e+00
9.3005126715e-01
-6.5365004539e-01
-1.6214989424e+00
-1.2238786221e+00
-3.8878744841e-01
-1.1902083158e+00
-2.5039565563e+00
2.0948010683e-01
2.1783439815e-01
1.5051741600e+00
-2.3997224867e-01
-2.2598681450e+00
2.2009937763e+00
3.5540413857e+00
2.2321344912e-01
-5.8531028032e-01
-1.5851087570e+00
-1.7238677740e+00
-1.6258796453e+00
1.4884738922e+00
2.5631878525e-02
9.9940556288e-01
-1.5243018866e+00
1.3030391932e-01
3.2964503765e+00
6.7572522163e-01
2.9620320797e+00
4.7736027837e-01
1.9055960178e+00
9.0260291100e-01
-7.1235036850e-01
1.0025430918e+00
-7.2516417503e-01
2.1799070835e+00
-2.9356089234e-01
9.2443847656e-01
-9.4419962168e-01
1.0324056149e+00
-7.0983475447e-01
-5.5466026068e-01
1.3137750328e-01
5.2323043346e-01
1.8277539015e+00
3.1386095285e-01
2.5318386555e+00
1.7228100300e+00
-7.0247393847e-01
5.7840448618e-01
1.7210842371e+00
1.1820036173e+00
-3.5213992000e-01
-3.6323583126e-01
8.9251250029e-01
1.4410370588e+00
-7.6256674528e-01
1.4531034231e-01
4.2081284523e-01
2.2094261646e+00
3.3352148533e-01
4.3754222989e-01
-1.1418224573e+00
-1.5775247812e+00
2.9298964143e-01
2.0653488636e+00
1.0647906065e+00
-2.0371954441e+00
-1.3430943489e+00
-8.3945238590e-01
1.0329425335e+00
-3.9797604084e-01
-2.7804070711e-01
7.6827365160e-01
-8.5080319643e-01
-3.4359461069e-01
3.0488579273e+00
-7.0612919331e-01
2.7132287621e-01
1.4300371408e+00
1.0890513659e+00
-1.2729983330e+00
9.5018827915e-01
8.0035752058e-01
-1.8116174936e+00
-9.3962633610e-01
7.3179328442e-01
-8.2289171219e-01
1.0191898793e-01
2.3641161919e+00
-5.9057259560e-01
7.5797021389e-02
2.4022896290e+00
2.1632192135e+00
-2.1195197105e+00
-2.0519808459e-04
1.4970265627e+00
-6.1256808043e-01
-1.6722103357e+00
-2.5113692284e+00
-4.5328190923e-01
2.0891296864e+00
-1.6125684977e+00
-3.8398429751e-01
9.0286320448e-01
1.8939859867e+00
9.7533118725e-01
-4.1052222252e-01
2.2527387142e+00
2.2426488400e+00
-1.0097993165e-01
1.9745701551e+00
5.7034629583e-01
3.5694954395e+00
2.5777862072e+00
1.3462560177e+00
-1.1446095705e+00
1.4588624239e+00
-1.3606292009e+00
-1.7293198407e-01
1.0877959728e+00
-1.4333628416e+00
7.6471966505e-01
1.0947147608e+00
3.9114193916e+00
2.5899143219e+00
1.1755648851e+00
-1.4932538271e+00
-6.2381678820e-01
-6.2339878082e-01
6.5815627575e-01
-2.2062246799e+00
-1.7677072287e+00
-1.7272491455e+00
-2.1009841561e-01
2.0587699413e+00
-2.2944128513e+00
-5.1303607225e-01
1.2176133394e+00
1.1250593662e+00
-4.4036989212e+00
-2.9414894581e+00
-1.4909929037e+00
-8.4791809320e-01
-5.3231137991e-01
-1.1136294603e+00
-8.8643211126e-01
-7.1433353424e-01
2.7608543634e-01
1.5792179108e-01
-1.0398703814e+00
1.9373975694e-01
-6.5065696836e-02
-4.5744460821e-01
-4.3704631925e-01
-2.2846417502e-02
2.2958915234e+00
2.0107002258e+00
3.4882397652e+00
2.3276205063e+00
2.0465052128e+00
1.6472873688e+00
-1.4088159800e+00
-1.4603505135e+00
2.6581630707e+00
1.5495522022e+00
-2.8780133724e+00
1.1989944428e-01
-2.4139919281e+00
-8.2257634401e-01
-6.3091015816e-01
2.5561246276e-01
-8.8351321220e-01
-1.7071845531e+00
3.1417286396e-01
7.0792496204e-01
3.1146035194e+00
2.9858002067e-01
1.1765453815e+00
1.0104788542e+00
6.0561251640e-01
1.7428293824e-01
1.8851594627e-01
1.2987277508e+00
-1.5276061296e+00
3.5695821047e-02
-1.9491289854e+00
-2.5250146389e+00
3.0986273661e-02
-9.0746903419e-01
-1.6336382627e+00
-5.6944298744e-01
-9.5364922285e-01
1.1890941858e+00
4.8028600216e-01
1.1148294210e+00
-1.3858069181e+00
-1.2984696627e+00
1.1637450457e+00
-7.3252403736e-01
1.2248157263e+00
1.3045659065e+00
2.4527838230e+00
-1.8894101679e-01
2.3344998360e+00
1.9474974871e+00
6.0623043776e-01
2.7065937519e+00
-1.1822313815e-01
-1.3687341213e+00
-1.5829445794e-02
1.3627876043e+00
7.7357369661e-01
-1.6613616943e+00
1.7662569284e+00
-4.2662568390e-02
-5.3637927771e-01
-1.8386092186e+00
7.3921763897e-01
7.1018707752e-01
1.9192996025e+00
8.9246046543e-01
-1.7219493389e+00
-1.5682018995e+00
4.5976224542e-01
4.3330761790e-01
1.1127902269e+00
9.1237097979e-01
3.0501244068e+00
1.7662620544e-01
-1.7201299667e+00
-1.3450082541e+00
5.9438836575e-01
2.2042148113e+00
1.3162867725e-01
2.0751833916e+00
-1.2649887800e+00
-8.8200330734e-02
1.1639995575e+00
1.3611071110e+00
-4.4905657768e+00
-2.5237612724e+00
-2.5238418579e-01
2.0960390568e+00
2.4563461542e-01
3.6921811104e-01
-3.8264903426e-01
1.6201112419e-02
1.6613925695e+00
-2.3569296300e-01
-1.2631083727e+00
-2.9156470299e-01
-1.6426233053e+00
-1.9701135159e-01
-8.7780165672e-01
-1.4385919571e+00
1.5624577999e+00
-1.3970468044e+00
4.9473083019e-01
1.0305025429e-01
-1.9272511005e+00
-2.3457541466e+00
3.8465219736e-01
1.2950997353e+00
-1.8266363144e+00
-2.3298695087e+00
1.2980962992e+00
2.4568116665e+00
-9.5412701368e-01
-2.4527196884e+00
3.4880197048e-01
6.9810491800e-01
8.0069422722e-02
-1.7073178291e+00
-2.3467772007e+00
-1.7759165764e+00
1.2246841192e+00
1.4676272869e+00
-2.3769151419e-02
1.4824501276e+00
4.7202053666e-01
-9.3089252710e-01
2.3544864655e+00
2.4083109200e-01
7.2841984034e-01
1.4693903923e+00
6.0359001160e-01
1.2744297981e+00
2.7919170260e-01
9.2830240726e-01
9.4039446115e-01
-1.0084711015e-02
2.6556820869e+00
2.5950136185e+00
-4.8079669476e-01
5.1607882977e-01
3.8891309500e-01
1.3536211252e+00
-1.0799331665e+00
-2.0230243206e+00
2.6353079081e-01
-1.1748985052e+00
-2.8054809570e-01
-8.4049111605e-01
3.9953348041e-01
4.8943635821e-01
2.7261030674e-01
-6.4660537243e-01
-1.6844053268e+00
-4.9220767617e-01
1.2280957699e+00
3.4666950703e+00
1.3369538784e+00
-9.2189484835e-01
-1.7267886400e+00
-9.7372150421e-01
-6.2845993042e-01
-8.7762200832e-01
1.4156537056e+00
2.8129885197e+00
1.0237011909e+00
1.0873447657e+00
-1.5479024649e+00
-1.4330443144e+00
-1.6468365192e+00
-2.1761157513e+00
6.0272350907e-02
5.9594643116e-01
9.5248079300e-01
-7.2483783960e-01
-1.3893210888e-01
-1.0233622789e+00
1.8387542963e+00
1.0619462729e+00
7.9632902145e-01
1.3252285719e+00
-8.6020529270e-01
-1.0619967431e-01
5.6073051691e-01
9.6841864288e-02
-6.3872551918e-01
-1.6924986839e+00
-1.8780007362e+00
-1.7494413853e+00
-1.1381616443e-01
-1.5353732109e+00
1.1306734085e+00
1.3431932926e+00
2.1168820858e+00
-2.9048720002e-01
-4.1056042910e-01
-2.6433786750e-01
-3.9929515123e-01
-2.3530249298e-01
2.1330850124e+00
1.7622532845e+00
1.7645695210e+00
2.1171929836e+00
7.1004253626e-01
1.6919125319e+00
1.4742088318e+00
1.9178283215e+00
4.8934832215e-01
1.9629532099e+00
2.2124741971e-01
7.2604691982e-01
1.3338360786e+00
7.3763185740e-01
-2.2049901485e+00
-1.8892457485e+00
1.1979337931e+00
-5.5585241318e-01
1.7440422773e+00
5.6264132261e-01
1.9444091320e+00
1.5915175676e+00
-1.1559779644e+00
-6.6793516278e-02
-2.0355103016e+00
-9.9730724096e-01
1.5717819929e+00
-2.2587499619e+00
-4.9379796982e+00
-3.1250874996e+00
9.9017482996e-01
-2.7858181000e+00
9.8991028965e-02
-1.5450258255e+00
2.3797909915e-01
-9.2652750015e-01
-9.5136708021e-01
-7.1408277750e-01
8.1780463457e-01
1.9427591562e-01
2.3296323419e-01
5.7048296928e-01
-6.5792423487e-01
3.2776388526e-01
9.6874892712e-01
-3.2023332119e+00
1.5345913172e+00
-1.0456502438e+00
9.0950721502e-01
-4.3051365018e-01
-9.8984795809e-01
8.5378611088e-01
-1.5269762278e+00
-2.6766633987e+00
2.3764131069e+00
-5.2323490381e-01
8.8294488192e-01
-6.7204856873e-01
-3.2830536366e-01
-3.3358481526e-01
-1.8153049946e+00
-5.9224629402e-01
1.2101588249e+00
-2.0137581825e+00
1.1136447191e+00
7.3222106695e-01
1.2101677656e+00
1.0639382601e+00
-4.2035856843e-01
-1.3825920820e+00
6.8473577499e-01
3.5090225935e-01
-3.5845150948e+00
-1.3638176918e+00
1.1063543558e+00
-1.0443882942e+00
-2.5373017788e+00
6.1975789070e-01
-1.8281099796e+00
-1.7415041924e+00
-2.0067224503e+00
-2.5159857273e+00
8.1897872686e-01
1.1867227554e+00
-1.1524833441e+00
-1.4545536041e-01
3.8103754520e+00
2.3973710537e+00
7.5421541929e-01
-3.2550888062e+00
-9.8668009043e-01
-1.0905535221e+00
-9.5930832624e-01
1.6140044928e+00
4.8351755142e+00
2.5686361790e+00
-2.0295269489e+00
-6.0641503334e-01
-1.6417579353e-01
-2.9582061768e+00
1.0142406225e+00
1.2169078588e+00
1.2067468166e+00
5.8792263269e-01
1.3624496460e+00
-8.0564755201e-01
-8.2590317726e-01
-2.7361404896e+00
-6.4517337084e-01
-2.5811927319e+00
-4.0994502604e-02
2.1293990314e-01
-5.1510334015e+00
-3.5243294239e+00
-2.2183938026e+00
-3.0306541920e+00
-2.4466159344e+00
-1.9314397573e+00
2.1553640366e+00
6.5078222752e-01
1.0090957880e+00
8.5309976339e-01
2.4440693855e+00
3.5408329219e-02
1.3839169741e+00
2.0036814213e+00
-1.5120361745e-01
4.4374963641e-01
1.2414842844e+00
3.8303513527e+00
2.5353341103e+00
1.1890753508e+00
4.7438862920e-01
-1.0236091614e+00
-4.3511271477e+00
-4.1516605020e-01
-5.4155224562e-01
-1.5129840374e+00
4.0394634008e-01
7.2089004517e-01
6.3821446896e-01
1.5121709108e+00
-3.7191624641e+00
-3.1301715374e+00
-2.3850949109e-01
-7.4403488636e-01
1.5781507492e+00
2.4264369011e+00
-1.1352990866e+00
-7.8975445032e-01
-1.8734034300e+00
-1.0849651098e+00
-3.8494181633e+00
-3.2665309310e-01
1.1600590944e+00
1.6150984168e-01
-1.3025647402e+00
-2.8967006207e+00
-6.3920563459e-01
-3.1315999031e+00
1.3281842470e+00
-7.6570069790e-01
-1.2772985697e+00
-2.2949328423e+00
-3.5737964790e-03
1.2607380152e+00
-5.8179873228e-01
-1.4106535912e+00
-7.3628476821e-03
3.1253322959e-01
-2.0287895203e+00
-6.8322569132e-01
1.2948426008e+00
-4.8561501503e-01
-4.9071568251e-01
-1.8564392328e+00
-8.0148333311e-01
-1.0048576593e+00
7.5636005402e-01
1.6610296965e+00
-8.7783914059e-03
-4.4999292493e-01
-2.9210876673e-02
-4.8754775524e-01
-3.9174380898e-01
-1.6266559362e+00
-1.3892263174e-01
-1.1166744232e+00
1.9026274681e+00
-3.2405519485e-01
2.0453069210e+00
1.0693286657e+00
-9.2228269577e-01
2.5546127558e-01
5.9091979265e-01
1.0241826773e+00
7.6252937317e-01
-5.4058343172e-01
8.1308102608e-01
4.7110626101e-01
-2.5393183231e+00
-1.4671247005e+00
-1.8951522112e+00
-2.8682160378e+00
9.1713649035e-01
-1.1446241289e-01
1.9952975512e+00
1.2094227076e+00
8.5071992874e-01
1.3323760033e+00
-3.9401516318e-01
-5.1795494556e-01
1.2873688936e+00
2.2137689590e+00
-4.8699626327e-01
4.2728891969e-01
-7.0795667171e-01
-7.9344719648e-01
6.8972516060e-01
4.7145596147e-01
-6.8157412112e-02
2.5940923691e+00
1.1864995956e+00
5.0329267979e-01
-1.2833772898e+00
-1.8073403835e+00
-9.8087477684e-01
3.1408998370e-01
-1.9424057007e+00
-2.2770047188e-01
-2.4255320430e-01
2.6925433427e-02
-2.4954867363e+00
3.3968645334e-01
8.2774251699e-01
2.4665217400e+00
1.3748742342e+00
-1.5484699607e-01
-1.8571488559e-01
1.2048532963e+00
-1.6790266037e+00
-4.1831725836e-01
-2.6367301941e+00
-1.6464018822e+00
-1.5260572433e+00
-1.8002747297e+00
7.9665917158e-01
-1.1818908453e+00
3.0010187626e-01
-1.5639311075e-01
8.9664798975e-01
-6.0062640905e-01
-1.0902802944e+00
1.8359932303e-01
5.2272032946e-02
2.3849317431e-01
-8.0202072859e-01
2.8131289482e+00
1.3362545967e+00
2.1799669266e+00
1.7291584015e+00
1.4919666052e+00
1.5076591969e+00
2.0692272186e+00
4.9971842766e-01
-4.2257211171e-03
6.2562161684e-01
-1.1920661926e+00
4.6378266811e-01
1.1034038067e+00
1.0481926203e+00
2.4026975036e-01
5.7321316004e-01
-5.7994008064e-01
5.2383911610e-01
1.9813481569e+00
-2.1747583151e-01
2.7980608940e+00
-3.0029747486e+00
-1.7878777981e+00
-2.4304313660e+00
2.8735142946e-01
-3.0602747202e-01
3.9825122803e-02
1.5721868277e+00
2.1417360306e+00
-3.7919643521e-01
3.7183290720e-01
6.0261386633e-01
1.3629455566e+00
1.3191890717e+00
1.0594165884e-02
-6.1396676302e-01
-1.1314424127e-01
3.8078230619e-01
-1.4956771135e+00
2.4301323891e+00
7.0093661547e-01
9.1743338108e-01
3.8981080055e-01
-4.2992758751e-01
-9.7863584757e-01
-6.4025455713e-01
9.6629492939e-02
9.1091185808e-01
-5.6424487382e-02
4.3699815869e-01
-1.2535872459e+00
-1.0238429159e-01
-1.0913805962e+00
-1.7271288633e+00
-1.9362637997e+00
-4.3835616112e-01
1.0431059599e+00
4.9324709177e-01
9.7825247049e-01
2.3423736095e+00
2.3641786575e+00
-1.1560050249e+00
-7.7005766332e-02
8.0754208565e-01
3.7228271365e-02
-7.3670083284e-01
-6.7528378963e-01
1.4963318110e+00
-1.5486954451e+00
-1.8587069511e+00
-1.9376447201e+00
-6.5084350109e-01
2.0715430379e-01
1.9423575401e+00
1.0500741005e+00
1.4270541072e-01
4.1346377134e-01
-8.8833189011e-01
-1.3797590137e-01
6.3918054104e-02
1.2747434378e+00
-1.2301383018e+00
-1.8949087858e+00
1.1587448120e+00
3.5038122535e-01
-5.3412944078e-01
-5.7061243057e-01
9.3171226978e-01
-1.8744636774e+00
-2.4231402874e+00
-7.1068882942e-01
-1.0438441038e+00
7.9141104221e-01
7.7710501850e-02
-7.2187393904e-01
-1.1581300497e+00
1.0050350428e+00
-1.8736164570e+00
-2.2225513458e+00
-1.9413994253e-01
-2.3783342540e-01
1.8233326077e-01
7.7694857121e-01
-7.9219651222e-01
-4.4720080495e-01
-2.0916068554e+00
8.5700422525e-01
-1.2228102684e+00
-9.3522638083e-02
-2.7412170172e-01
-1.1679376364e+00
-1.6909236908e+00
1.5954221785e-01
-6.2732654810e-01
-1.0007457733e+00
4.2418256402e-01
7.7140015364e-01
2.8101801872e+00
8.0860674381e-01
-1.6801443100e+00
-1.2540593147e+00
1.6975780725e+00
1.9857813120e+00
1.1423026323e+00
-1.3166387081e+00
2.9112163186e-01
-5.7003978640e-02
-1.1494537592e+00
2.4845395982e-01
-2.3951174691e-02
-8.3913767338e-01
-1.4245522022e+00
-9.3551623821e-01
-3.0400067568e-02
1.2965081930e+00
4.9294623733e-01
7.2660756111e-01
-7.8996026516e-01
-8.4318584204e-01
2.2528417408e-01
-9.0443050861e-01
-9.6877348423e-01
-2.5873453617e+00
-1.6173394918e+00
2.3379351199e-01
-2.2105457783e+00
-1.2479678392e+00
-1.0144305229e+00
-6.0228210688e-01
-1.1791973114e+00
5.0361081958e-02
8.0733168125e-01
2.7958965302e-01
-1.4613494873e+00
-2.3968446255e+00
-1.4997912645e+00
-2.4269723892e+00
1.0151785612e+00
-7.7929431200e-01
1.4713697433e+00
1.3485689163e+00
-4.5183008909e-01
4.1975173354e-01
-6.5013772249e-01
-9.2269778252e-01
3.9211308956e-01
-1.6824798658e-02
3.0560886860e+00
1.8948359489e+00
1.7087908983e+00
1.7304109335e+00
2.7004020214e+00
1.6177157164e+00
-5.8304780722e-01
-1.0129998922e+00
-1.0921087265e+00
4.7247239947e-01
-5.3999090195e-01
2.3255977035e-01
4.4189646840e-01
6.8068903685e-01
-3.1860034913e-02
-9.4825947285e-01
1.6705716848e+00
1.6200500727e+00
4.1623964906e-01
-6.1107856035e-01
-1.2889575958e-01
-1.8172143698e+00
5.6130811572e-02
1.0030401498e-01
1.7235301733e+00
1.7518049479e+00
-8.9133107662e-01
4.4984675944e-02
1.3858636618e+00
-3.2629296184e-01
-6.3908201456e-01
-2.4003353119e+00
-8.3582550287e-02
3.7912929058e-01
1.2424007654e+00
3.1063777208e-01
-8.1279434264e-02
-2.7304527164e-01
-1.2566605806e+00
1.5942491293e+00
5.6742990017e-01
1.2346830368e+00
2.8738251328e-01
-5.1874399185e-01
-8.2212126255e-01
-6.2451219559e-01
3.0784900188e+00
1.8018982410e+00
1.4258835316e+00
1.7847186327e+00
6.2735766172e-01
8.6419904232e-01
-9.7693365812e-01
-2.5659129620e+00
2.3920371532e+00
1.7264978886e+00
5.0765174627e-01
-6.0245287418e-01
1.0862084627e+00
1.9279514551e+00
-1.1644408703e+00
-2.0675108433e+00
-5.7996785641e-01
1.8593479693e-01
-1.5336598158e+00
-1.0446498394e+00
5.4116904736e-01
5.0569897890e-01
-6.1931703240e-02
-1.0582008362e+00
7.9176133871e-01
-7.0552533865e-01
-2.4356467649e-02
-1.0523729324e+00
-9.1570311785e-01
4.8863771558e-01
-8.9417862892e-01
8.9126360416e-01
9.6193397045e-01
1.7385352850e+00
-6.0915696621e-01
-2.6032438278e+00
2.2017161846e+00
2.0081515312e+00
1.5940229893e+00
5.6549328566e-01
3.9072832465e-01
-1.2001539022e-01
-1.2656654119e+00
-8.9965701103e-01
-7.9039824009e-01
-1.0292515755e+00
2.4754292965e+00
1.5810623169e+00
-1.9837783575e+00
-2.4922175407e+00
4.2714887857e-01
2.7450488880e-02
-4.1875451803e-01
-2.1708786488e+00
2.9271447659e+00
2.2049427032e-01
-3.5575225949e-01
-3.1829991937e-01
4.2476159334e-01
-1.5844863653e+00
2.6012663841e+00
1.2413380146e+00
-1.0388315469e-01
-3.6165574193e-01
-1.6712632179e+00
-1.5961643457e+00
2.0333137512e+00
3.2502067089e+00
-7.1369880438e-01
-3.8289847970e-01
9.3039137125e-01
-8.4923523664e-01
1.9766673446e-01
1.6473501921e-01
-8.8747566938e-01
-1.1208270788e+00
-3.4680351615e-01
-1.0784834623e+00
3.2252550125e-01
-1.0841187239e+00
-8.2688403130e-01
1.1138800383e+00
1.3810714483e+00
1.4505220652e+00
1.2833008766e+00
3.3650651574e-01
8.9352227747e-02
2.1086578369e+00
-8.9567697048e-01
-2.0162961483e+00
-1.5138568878e+00
-3.1976699829e+00
3.7769043446e-01
1.4691734314e+00
-2.6018145680e-01
-1.0818426609e+00
-1.8885697126e+00
-5.3304255009e-02
-3.4480541945e-01
-1.0254342556e+00
9.8027348518e-01
1.5063399076e+00
1.5915759802e+00
1.5596895218e+00
-8.4357209504e-02
-8.5619390011e-01
-2.8000187874e-01
3.0897435546e-01
1.3446499109e+00
3.1777366996e-01
1.7234805226e-01
-1.3293652534e+00
1.7212096453e+00
1.6682767868e+00
1.1555242538e+00
-2.4651327133e+00
5.4640108347e-01
8.0479472876e-01
-9.3295478821e-01
2.3300087452e-01
-2.0369336605e+00
-1.6453211308e+00
5.4574733973e-01
8.6134898663e-01
5.3290700912e-01
1.6228995323e+00
5.2264136076e-01
-1.9626723230e-01
-2.9505422711e-01
1.2719244957e+00
-5.1782190800e-01
9.5955717564e-01
-2.8960672021e-01
5.5494689941e-01
-1.1252589226e+00
3.8322585821e-01
6.1772900820e-01
2.1456346512e+00
1.8738363683e-01
-1.9662866592e+00
-1.5812814236e+00
-1.6142131090e+00
-1.5475994349e-01
1.2893714905e+00
-2.4373689294e-01
-1.6885696650e+00
1.4367243052e+00
-8.4981822968e-01
7.0195436478e-01
-1.1328170300e+00
4.2583301663e-01
-1.3715758324e+00
7.0704376698e-01
1.3295041323e+00
7.2839558125e-01
2.6856319979e-02
-3.0975515842e+00
-3.8784315586e+00
-1.2453713417e+00
-4.1374068260e+00
-4.0838760138e-01
7.7828836441e-01
5.6236690283e-01
9.5998513699e-01
5.8805131912e-01
7.6573693752e-01
-2.4304649830e+00
2.4832065403e-01
1.0963116884e+00
8.3324795961e-01
-4.1265808046e-02
-5.7831770182e-01
3.9728328586e-02
-1.4861958027e+00
1.0757427216e+00
-1.2134717405e-01
2.0536718369e+00
2.0142264366e+00
9.5106405020e-01
-8.8139021397e-01
9.4403654337e-01
2.2746260166e+00
-3.6488220096e-01
-4.2802715302e-01
3.3812505007e-01
4.7792571783e-01
1.4509482682e-01
-3.4986589104e-02
-2.4923305213e-01
1.2963029146e+00
-2.8023818135e-01
3.4988352656e-01
-6.1291271448e-01
-3.1102652550e+00
-4.6835970879e-01
-3.1629356742e-01
3.8098609447e-01
-1.8181346357e-01
2.7856543064e+00
2.7724061012e+00
1.8293734789e+00
1.6410765648e+00
1.0202748775e+00
1.6992369890e+00
-9.8008614779e-01
-1.4064328671e+00
1.7262605429e+00
-1.4846168756e+00
-2.0851428509e+00
-6.4773672819e-01
9.8429393768e-01
1.7487413883e+00
7.7048850060e-01
1.0715407133e+00
8.4109240770e-01
2.7718560696e+00
4.6662101150e-01
-1.6454924345e+00
-1.5997089446e-01
-6.0910940170e-01
-1.9321200848e+00
-2.0380957127e+00
3.8591745496e-01
4.9738034606e-01
-2.8709037304e+00
-6.9038413465e-02
1.6026718616e+00
1.2915151119e+00
1.7856507301e+00
2.0077779293e+00
1.1121066809e+00
1.9781304598e+00
5.1922029257e-01
-7.0678234100e-02
-8.5757441819e-02
4.3462949991e-01
5.9997457266e-01
1.5486863852e+00
-8.1265664101e-01
-9.0707534552e-01
-1.6072834730e+00
9.1938115656e-03
1.5098621845e+00
-6.2623214722e-01
1.5911545753e+00
2.1255173683e+00
2.0346376896e+00
9.0661573410e-01
-1.2393209934e+00
-6.2699460983e+00
6.0351020098e-01
-1.2854399681e+00
-1.2274521589e+00
-7.0439571142e-01
6.1144042015e-01
-8.7330037355e-01
-8.9109188318e-01
-1.2367497683e+00
-1.2611463070e+00
1.0259014368e+00
-4.2874062061e-01
-1.9167325497e+00
-4.5362347364e-01
-7.9499661922e-01
1.4264525473e-01
8.8404333591e-01
2.0004570484e+00
1.0667285919e+00
-1.8363870382e+00
-3.1382119656e+00
-6.0065585375e-01
8.6229914427e-01
1.0307381153e+00
-1.5720010996e+00
-4.3059760332e-01
1.0465447903e+00
2.8390934467e+00
4.0874227881e-01
1.6969327927e+00
-1.0108749866e+00
-3.4554195404e-01
2.2433946133e+00
1.4797357321e+00
1.5030292273e+00
-1.2676906586e+00
-3.3139183521e+00
1.2009129524e+00
-9.8399978876e-01
-2.1595941484e-01
9.7208493948e-01
-2.6482028961e+00
-1.0101586580e+00
1.2583653927e+00
1.0118515790e-01
-2.9403104782e+00
-8.9684337378e-01
1.1937196255e+00
1.4324175119e+00
7.6917193830e-02
3.1475418806e-01
-2.8695366383e+00
-2.6298930645e+00
-1.2999200821e+00
-2.7013494968e+00
2.4858903885e+00
1.9082381725e+00
1.4890714884e+00
1.1354278326e+00
1.4047533274e+00
4.3993463516e+00
-1.0356131792e+00
-7.5855821371e-01
-2.3731996119e-01
5.6385916471e-01
1.4378255606e+00
3.5590511560e-01
-2.6207811832e+00
-1.9891318083e+00
-1.7791601419e+00
-2.6992340088e+00
9.1806495190e-01
-7.8369301558e-01
9.3156427145e-01
-1.3236832619e+00
9.0470254421e-01
1.2996730804e+00
1.1235747337e+00
1.0310441256e+00
-9.3194228411e-01
-2.6252517700e+00
-9.8267287016e-01
2.2593006492e-01
1.4237453043e-01
8.3495646715e-01
-2.2839847207e-01
-1.3965189457e+00
-3.4442195892e+00
2.1942117214e+00
1.5628698468e-01
-1.5256657600e+00
1.4185623825e-01
-1.2243951559e+00
-3.8494682312e-01
1.9649814367e+00
5.6318783760e-01
1.2782982588e+00
5.9725600481e-01
-7.1985952556e-02
-1.0216152668e+00
-6.3462817669e-01
-3.4183931351e-01
-9.0994548798e-01
-1.7799348831e+00
9.1634184122e-02
6.2037372589e-01
1.0005504638e-01
-4.0078115463e-01
-2.8515984304e-03
1.3872312307e+00
-5.1355171204e-01
1.5913586617e+00
1.3461688757e+00
1.0566283464e+00
-1.1542017460e+00
-6.9988501072e-01
-1.9968030453e+00
2.7784767747e-01
4.5616683364e-01
-2.3765311241e+00
-1.9830803871e+00
1.9531713724e+00
1.2025723606e-01
4.2097756267e-01
-3.1110727787e-01
-9.8856496811e-01
2.5680072308e+00
3.6206272244e-01
1.6411579847e+00
2.2713127136e+00
2.4011375904e+00
-3.2849998474e+00
-1.4738790989e+00
4.3678390980e-01
-5.5112296343e-01
4.9052315950e-01
-9.6574909985e-02
1.3954605162e-01
5.6583827734e-01
8.2660749555e-02
3.5556461811e+00
-2.6391406059e+00
9.4124585390e-01
6.9632381201e-01
-1.7767254114e+00
2.0930066705e-01
1.3761020899e+00
1.0879603624e+00
9.0534549952e-01
-1.0428143740e+00
-1.4645040035e+00
1.2934418917e+00
-8.1896692514e-01
2.7869288921e+00
-2.8177959919e+00
2.3623108864e+00
6.2163162231e-01
1.6344285011e+00
3.3290877938e-01
-9.9520337582e-01
-7.7514874935e-01
2.7432730198e+00
4.6100634336e-01
1.3332625628e+00
8.9704893529e-02
2.0371665955e+00
-1.3434230089e+00
-1.2686752081e+00
9.3586087227e-02
-2.4115660191e+00
-3.7632665634e+00
4.9283227324e-01
3.7785923481e-01
-2.2652800083e+00
1.2372820377e+00
-1.3640609980e+00
8.0404895544e-01
1.3059301376e+00
-2.0853526592e+00
9.7744995356e-01
1.0018956661e+00
-1.1207208633e+00
-8.1046128273e-01
2.9499437809e+00
1.4343436956e+00
-4.3385586143e-01
-3.5864490271e-01
-1.1544804573e+00
6.5193885565e-01
-1.1089744568e+00
-2.2785272598e+00
8.6484247446e-01
1.1228339672e+00
-1.5925701857e+00
-2.8328973055e-01
-4.2473495007e-01
-1.8198488951e+00
-1.4453469515e+00
5.2412462234e-01
-6.6146530211e-02
-2.6358661652e+00
1.5780435801e+00
-2.0123752952e-01
-1.4084055424e+00
-2.7935236692e-01
1.0542122126e+00
-4.9927905202e-01
-1.0817800760e+00
-2.1054989100e-01
8.5340398550e-01
7.2197371721e-01
-1.4449746609e+00
-2.6495623589e+00
-1.4363306761e+00
-1.1789801121e+00
1.5315745771e-01
-2.5310206413e-01
2.5585105419e+00
2.6238098145e+00
1.0835119486e+00
-3.1666016579e-01
8.8260585070e-01
1.0695455074e+00
-1.2442309856e+00
-1.8354604244e+00
-2.1501879692e+00
-2.2423892021e+00
4.5375403762e-01
1.1008853912e+00
-6.9557368755e-01
-1.0922702551e+00
2.0574621856e-01
9.7813270986e-02
-9.9223300815e-02
8.8049210608e-02
9.7809493542e-01
8.6222738028e-01
2.1949050426e+00
2.3026556969e+00
-4.9384161830e-01
-2.9044049978e-01
-8.2817472517e-02
8.3695644140e-01
9.7627776861e-01
2.2956769168e-01
2.3549310863e-01
-3.5776352882e-01
2.3436408043e+00
2.7199709415e+00
-9.7904875875e-02
-1.5563498735e+00
9.0880841017e-01
9.3173533678e-01
1.1552853584e+00
-9.1926038265e-01
-1.6451581717e+00
-1.8751517534e+00
3.9754086733e-01
8.8685220480e-01
1.0499024391e+00
1.5063430071e+00
8.7476015091e-01
1.2411715984e+00
-8.4178578854e-01
8.8307851553e-01
-2.5198301673e-01
9.0226840973e-01
7.3506802320e-01
1.2954293191e-01
-8.1480644643e-02
9.0394842625e-01
-4.6890848875e-01
1.5520820618e+00
-6.9669556618e-01
-9.2756301165e-01
-3.3595142365e+00
-2.8120272160e+00
1.5336433649e+00
2.1664106846e+00
-2.0702359676e+00
-2.0294322968e+00
-7.5885081291e-01
-4.1919422150e-01
-1.2635213137e+00
-1.4717028141e+00
-3.3005091548e-01
-7.9318523407e-01
1.3322974443e+00
1.0195378065e+00
-2.2267701626e+00
-6.0897338390e-01
-3.5482459068e+00
-3.8502638340e+00
-2.7367296219e+00
-3.3669593334e+00
4.0161032230e-02
8.4233567119e-02
1.0409643650e+00
9.1802555323e-01
9.1160237789e-01
9.8674851656e-01
-6.2404072285e-01
3.1616497040e-01
7.2877287865e-01
3.2807466388e-01
2.9289382696e-01
2.0004171133e-01
-1.8630269170e-01
-5.8421218395e-01
1.5442463160e+00
1.8616360426e+00
1.9360059500e+00
2.1636474133e+00
3.2251426578e-01
-7.2759318352e-01
1.8612256050e+00
2.1480472088e+00
1.0206134319e+00
1.7734691501e-01
9.9014028907e-02
4.0963321924e-01
1.8063677847e-01
-6.5296053886e-01
-3.2310655713e-01
7.9277187586e-01
-2.9897814989e-01
-1.4003243446e+00
-1.6278165579e+00
-2.0113158226e+00
-1.6794476509e+00
-1.5565741062e+00
-6.7590259016e-02
-1.0192270279e+00
-1.3004217148e+00
9.8933413625e-02
-1.1484597921e+00
-2.9814499617e-01
-1.3760063648e+00
-1.3124363422e+00
-6.8604987860e-01
-1.5691412687e+00
4.3743076921e-01
-4.5445725322e-01
1.0621573031e-01
-7.7530914545e-01
-7.0426023006e-01
2.2956047058e+00
1.9601782560e+00
1.9708118439e+00
5.4748535156e-01
-2.7714476585e+00
-2.7641344070e+00
-1.3514480591e+00
1.9950555563e+00
1.6341851950e+00
8.6520844698e-01
-1.1706376076e-01
-8.0926471949e-01
7.0432984829e-01
-3.8615453243e+00
3.7573361397e-01
-8.8992398977e-01
-7.2677120566e-02
-6.1022663116e-01
5.8774304390e-01
-1.2589349747e+00
-1.7285981178e+00
1.9305940866e+00
3.4652456641e-01
6.6884207726e-01
-5.1138490438e-01
-1.4585261345e+00
1.2082067728e+00
3.7336221337e-01
1.0570502281e+00
4.6302539110e-01
1.2747421265e+00
1.3261429965e-01
3.6320158839e-01
-1.3991132975e+00
8.8334225118e-02
2.0067915916e+00
-1.3527923822e-01
3.4489971399e-01
-4.6435751915e+00
4.4211882353e-01
-1.5386774540e+00
-2.6730260253e-01
1.2485274076e+00
7.1483325958e-01
7.6227748394e-01
-1.6449376345e+00
-1.6350891590e+00
-1.0298753977e+00
-2.3899183273e+00
1.0621113777e+00
-1.0667088032e+00
-8.7820130587e-01
-3.0887887478e+00
-1.0018265247e+00
-1.3186300993e+00
4.1518858075e-01
2.1180579662e+00
6.0441851616e-01
7.6020067930e-01
-3.5488207340e+00
8.1979936361e-01
-5.0760889053e-01
1.6347660124e-01
-2.6714048386e+00
9.5096331835e-01
1.1309589148e+00
1.2807928324e+00
2.2456610203e+00
1.1982697248e+00
-7.0933926105e-01
5.1192231178e+00
-2.5424129963e+00
7.8129194677e-02
-7.3130363226e-01
-7.4454307556e-01
-2.0667417049e+00
-2.6789197922e+00
1.5737234056e-01
-4.6520414948e-01
-2.0847799778e+00
6.1115133762e-01
-9.2395022511e-02
-5.2300369740e-01
-1.4547970295e+00
-1.9427543879e+00
-1.6726106405e-01
7.8336554766e-01
8.7411552668e-02
-1.7919929028e+00
1.0535289049e+00
1.5294951200e+00
-1.0881536007e+00
-1.6658421755e+00
1.6310496330e+00
2.1066985130e+00
1.1907993555e+00
9.0083187819e-01
9.6472626925e-01
3.3216679096e+00
-1.0875713825e+00
2.0827822685e+00
2.4590938091e+00
1.0833224058e+00
-6.5146571398e-01
4.1380688548e-01
-2.8850903511e+00
-1.7137758732e+00
-1.8373957872e+00
-1.1322108507e+00
-2.3052854538e+00
-2.2875528336e+00
-1.4664748907e+00
-3.3306248188e+00
3.9333837032e+00
2.7452247143e+00
3.8133795261e+00
2.6269431114e+00
-1.6783394814e+00
-1.4233022928e+00
7.9523569345e-01
2.6363494396e+00
-2.6191995144e+00
-2.7995073795e+00
1.4263465405e+00
1.1003668308e+00
-1.4653294086e+00
-1.7904495001e+00
-5.0530594587e-01
3.5817134380e-01
1.9210766554e+00
2.4431779385e+00
6.4967255592e+00
5.0413146019e+00
-2.4060423374e+00
-2.2505297661e+00
-1.1315425634e+00
-5.9311461449e-01
-1.3421556950e+00
-1.0344469547e+00
-3.1056342125e+00
-1.6383318901e+00
5.6324496865e-02
-2.8089671135e+00
1.0319522768e-01
-8.3670198917e-01
1.0047191381e+00
-5.8327043056e-01
3.1976643205e-01
-1.6395793855e-01
3.4662461281e+00
1.3122292757e+00
3.8369335234e-02
-7.4370497465e-01
-1.5080472231e+00
-8.0680018663e-01
2.3324899673e+00
-3.6779949069e-01
-4.7335758209e+00
-2.2561402321e+00
-5.2036446333e-01
1.6599281132e-01
-1.0233359337e+00
-1.0807576180e+00
-8.6367166042e-01
-1.6694525480e+00
1.5154746361e-02
-8.9478828013e-02
2.7300758362e+00
4.0602741241e+00
-1.0019450188e+00
-1.5626822710e+00
-3.8832659721e+00
-2.6924705505e+00
-6.1055588722e-01
2.6168218255e-01
4.4251976013e+00
5.1312050819e+00
-3.1385120749e-01
2.4379642010e+00
-2.4320740700e+00
-2.1083402634e+00
-5.2516853809e-01
5.9947484732e-01
2.2417700291e+00
1.5065103769e+00
2.1779520512e+00
1.6811028719e+00
-1.5040359497e+00
-2.7777379751e-01
-8.5017311573e-01
-4.3027985096e-01
1.3830778003e-01
7.9593598843e-01
4.6623902321e+00
3.4543523788e+00
1.8370147943e+00
-5.2003997564e-01
2.1089837551e+00
1.3996258378e-01
-1.7070599794e+00
6.8779265881e-01
4.7845116258e-01
-2.2740001678e+00
3.9830722809e+00
3.7223706245e+00
-1.4673907757e+00
-1.7258696556e+00
-1.3934746981e+00
-1.4466323853e+00
2.1918250620e-01
1.5415993333e-01
-2.1392500401e+00
-2.4252653122e-01
1.7308806181e+00
-2.1037442684e+00
3.5867366791e+00
1.3050590754e+00
9.1155648232e-01
-1.5938048363e+00
3.2684251666e-01
-3.0167834759e+00
3.7453203201e+00
-5.1330965757e-01
2.1389646530e+00
-5.0517916679e-02
-6.1478787661e-01
-1.4047077894e+00
-1.5469894409e+00
-2.8398172855e+00
-1.5501362085e+00
-4.7199290991e-01
9.3703550100e-01
1.8074902892e-01
-4.2991018295e-01
-8.4824556112e-01
-5.5584317446e-01
8.7846994400e-01
-1.3646775484e+00
-1.1034294367e+00
-1.4718832076e-01
2.4430237710e-01
-3.5312745571e+00
-5.6148594618e-01
1.1948163033e+01
-2.4747161865e+00
4.2232151031e+00
-1.4686129093e+00
1.7529704571e+00
5.5759272575e+00
6.8405957222e+00
-1.9419246912e+00
-6.9821333885e+00
-5.7512211800e+00
-1.0169232368e+01
-1.1320651054e+01
-5.6192374229e+00
1.2323757410e+00
1.6206855774e+00
-1.6875407696e+00
-2.4842417240e+00
-6.8985838890e+00
6.2092785835e+00
6.2516534328e-01
8.2177963257e+00
9.3014945984e+00
-3.6633350849e+00
-2.8348958492e+00
1.4117325783e+01
-1.0638052225e+00
-5.4904365540e+00
-5.6509494781e+00
5.8076267242e+00
3.0782687664e-01
6.9431557655e+00
-5.6518588066e+00
-8.5550241470e+00
-2.4241461754e+00
1.2813179493e+00
-6.1045050621e+00
1.7642292976e+00
6.5734114647e+00
-7.2146773338e+00
-6.6199417114e+00
-2.0315194130e+00
-6.8138990402e+00
-2.0762202740e+00
3.7765648365e+00
8.7532863617e+00
3.2354521751e+00
5.6789984703e+00
-2.2086915970e+00
-3.8925700188e+00
-1.4815862179e+00
-3.8038465977e+00
2.7407953739e+00
8.4229421616e+00
8.7745361328e+00
-2.1214931011e+00
3.3210811615e+00
1.0776003838e+01
8.0068788528e+00
-1.5390197754e+01
-4.3896965981e+00
-4.4178657532e+00
6.3387212753e+00
9.9303092957e+00
8.1652326584e+00
5.5621142387e+00
2.4634199142e+00
-1.5328509331e+01
-3.7478635311e+00
3.3345177174e+00
-2.2381224632e+00
3.7697169781e+00
-9.5004045963e-01
-2.0739009380e+00
5.6967406273e+00
7.3819007874e+00
-2.1233901978e+00
-2.5840771198e+00
-2.9249696732e+00
-4.4824109077e+00
6.6941318512e+00
5.9218353033e-01
-5.9743547440e+00
1.5800950050e+01
-1.4573456049e+00
4.1197323799e+00
-2.3085677624e+00
-9.2393857241e-01
-1.7323513031e+00
1.1921662331e+01
1.7834609747e-01
4.7721242905e+00
-3.5843384266e-01
-6.8388304710e+00
-5.7656493187e+00
5.9416527748e+00
1.3619476557e+00
1.4264603853e+00
-4.0542855263e+00
6.4155445099e+00
1.4059218168e+00
-3.8078656197e+00
-3.6674771309e+00
3.0947756767e+00
-1.9879323244e+00
4.2857990265e+00
9.2537279129e+00
1.6080305099e+01
-3.5241611004e+00
-3.7268888950e-01
-5.3447952271e+00
-3.3002979755e+00
-7.9569911957e+00
2.8997132778e+00
-3.3786547184e+00
1.6896965027e+01
-7.4807941914e-01
-2.6366324425e+00
-1.1465759277e+01
-1.2343385220e+00
-1.7602413893e+00
6.0867700577e+00
1.1965612173e+00
-6.6357097626e+00
1.6451473236e+00
1.5082167625e+01
-1.3942115784e+01
-1.3164085150e+00
5.5876046419e-02
2.4517130852e-01
-1.0719987154e+00
1.7788667679e+00
-1.1783548594e+00
-1.5075227022e+00
-2.5968828797e-01
-2.6742097735e-01
-4.1183348745e-02
1.8053848743e+00
9.3123596907e-01
-1.3836847544e+00
-4.6623253822e-01
1.3143987656e+00
1.6723556519e+00
4.9926871061e-01
3.4160885960e-02
-7.7451683581e-02
5.5210846663e-01
-3.8108941913e-01
-1.0113210678e+00
-6.9262838364e-01
-3.5733589530e-01
1.5396368504e+00
2.1646027565e+00
1.3948136568e+00
2.0234835148e+00
-2.0154368877e+00
-2.1963555813e+00
3.3985030651e-01
-2.7355107665e-01
-5.1464474201e-01
-1.5722998381e+00
-2.2119778395e-01
-1.4156489372e+00
-1.0275214911e+00
6.7671097815e-02
-8.3152633905e-01
2.1116144657e+00
2.3155039549e-01
3.2114477158e+00
7.8760653734e-01
1.4261109829e+00
1.0913566351e+00
-2.3752714694e-01
1.0005914420e-01
2.0723454952e+00
-3.7674728036e-01
-1.9619430304e+00
-1.3934991360e+00
7.7639883757e-01
-3.0383935571e-01
1.1471493244e+00
6.7943185568e-01
8.2112140954e-03
1.1120585203e+00
-1.3524076939e+00
9.1710168123e-01
1.4410225153e+00
6.7762321234e-01
3.7838467956e-01
9.8116153479e-01
1.1824909449e+00
1.3164585829e-01
-2.0476613045e+00
-1.1089825630e-01
7.8225606680e-01
1.0970416069e+00
2.4153966904e+00
-1.2788583040e+00
-1.8105769157e+00
9.3662373722e-02
1.2348499298e+00
-3.7941357493e-01
-2.4193940163e+00
7.1989363432e-01
3.0259490013e-01
-1.6605355740e+00
-1.0127190351e+00
1.2863095999e+00
-7.8936332464e-01
2.4716328084e-01
1.4206252098e+00
3.9526624605e-03
-1.4260605574e+00
-1.7681827545e+00
-1.3886976242e+00
-9.0395015478e-01
1.4350405931e+00
-6.2293922901e-01
2.0346261561e-02
-4.1506579518e-01
9.7944684327e-02
3.5011384636e-02
5.7691282034e-01
1.1736496687e+00
1.8575195968e-01
3.0319750309e-01
-6.4262318611e-01
2.2341091931e-01
-1.3432641029e+00
-1.1457704306e+00
-1.4119834900e+00
2.4028441310e-01
9.1127061844e-01
1.5969067812e+00
7.6594573259e-01
-1.6488379240e-01
-4.8589679599e-01
1.4685600996e+00
1.7319149971e+00
-1.3214160204e+00
-1.8081687689e+00
3.5724577308e-01
-3.0832061172e-01
1.4843691885e-01
1.1937905550e+00
1.2184592485e+00
2.1604402363e-01
7.7260643244e-01
1.6465448141e+00
2.8176105022e+00
1.9561547041e+00
-7.3582673073e-01
-5.4380679131e-01
2.0567507744e+00
2.4219899178e+00
-1.5530948639e+00
-3.0030157566e+00
3.2766296864e+00
2.2064445019e+00
-1.8565365076e+00
1.5508779287e+00
9.8429329693e-02
-3.1710801125e+00
-9.6105384827e-01
-2.2597925663e+00
-1.9257448912e+00
2.0427761078e+00
-1.0218819380e+00
-1.3633624315e+00
-2.0629384518e+00
-1.3584843874e+00
-4.5338523388e-01
1.2342339754e+00
-3.0223135948e+00
-3.1986955553e-02
3.2578295469e-01
-1.0507431030e+00
2.7616808414e+00
-2.0596499443e+00
2.8863146901e-02
3.0502012372e-01
-7.3706513643e-01
-9.8652482033e-01
-3.8015804291e+00
-3.5419974327e+00
5.3824251890e-01
3.8488873839e-01
-6.4135003090e-01
-6.7828720808e-01
2.7956676483e+00
8.9282506704e-01
2.0071525574e+00
1.1003215313e+00
-2.2520818710e+00
-1.0833666325e+00
-7.6503795385e-01
-2.2230215073e+00
-9.7060191631e-01
-5.3926789761e-01
-2.7121040821e+00
1.2679451704e+00
3.8029098511e+00
1.6337673664e+00
-2.9784628749e-01
2.5392103195e-01
-7.0645099878e-01
-3.8301020861e-01
-1.0070101023e+00
-1.1477713585e+00
-3.0025722980e+00
6.8270504475e-01
2.0457397401e-01
6.0696887970e-01
-6.3866895437e-01
-7.2128331661e-01
-1.9507167339e+00
8.3768391609e-01
-1.6552225351e+00
3.3683103323e-01
-1.2815241814e+00
5.0620967150e-01
1.4095861912e+00
9.8244196177e-01
-7.2692692280e-01
1.1872390509e+00
4.2119755745e+00
8.7268352509e-01
-1.5643838644e+00
-1.1485982686e-01
-1.2836681604e+00
-7.8127998114e-01
8.4650826454e-01
2.0091339946e-01
1.2641079426e+00
1.1696789265e+00
-1.3660629988e+00
1.8778231144e+00
4.6138098836e-01
4.7157606483e-01
-3.3528063297e+00
-9.9196314812e-01
-1.5105438232e-01
3.2222768664e-01
2.6809382439e+00
-2.3610117435e+00
3.7980139256e+00
8.0207616091e-01
-8.2164090872e-01
-1.1747237295e-01
-7.6610779762e-01
1.7132875323e-01
-8.3773538470e-02
8.2790488005e-01
-1.2621458769e+00
-3.2147762179e-01
-4.4892984629e-01
-1.2239359617e+00
-2.0147673786e-01
1.3964587450e+00
3.6859044433e-01
-1.3783789873e+00
-2.4160015583e+00
1.9755058289e+00
-2.1645326614e+00
-4.9259850383e-01
-4.4838112593e-01
1.1783888340e+00
-1.3058189154e+00
-5.7893306017e-01
-1.4088878632e+00
1.6912527382e-01
-1.9791802168e+00
-8.2816618681e-01
-7.3204529285e-01
9.0305310488e-01
-3.8376808167e+00
1.5554329753e-01
-1.2834517956e+00
2.3092010021e+00
2.1594705582e+00
1.2742767334e+00
1.1452065706e+00
2.3170478344e+00
-2.8887777328e+00
6.6362714767e-01
1.0303521156e+00
2.1890892982e+00
9.8156809807e-01
-6.5600121021e-01
1.1908316612e+00
2.0314509869e+00
-5.8537179232e-01
-1.8811773062e+00
-3.8790152073e+00
-2.6006915569e+00
1.8926892281e+00
4.7386848927e-01
-1.1981317997e+00
8.9273238182e-01
-2.1816926003e+00
6.4836919308e-01
2.4362070560e+00
2.7943365574e+00
1.4104036987e-01
-1.9892519712e+00
1.8599370122e-01
1.6846470833e+00
-2.1974034309e+00
-4.4860973358e+00
-1.4908720255e+00
-2.1308512688e+00
1.7587862015e+00
1.0383934975e+00
8.6564230919e-01
-5.7599985600e-01
-1.4122191668e+00
4.1897884011e-01
-3.2969206572e-01
4.0943744779e-01
2.3340680599e+00
5.5407512188e-01
4.0963798761e-01
-5.4628592730e-01
6.1329263449e-01
-2.0091471672e+00
-2.8458160162e-01
1.7439857721e+00
-3.6755492687e+00
-2.3546738625e+00
-6.7824685574e-01
2.5301456451e-01
2.6354215145e+00
3.7184922695e+00
-2.4915058613e+00
-1.5743800402e+00
-1.5610103607e+00
-2.7711248398e+00
-1.1446484923e-01
-5.8132535219e-01
-1.6565936804e+00
-9.3313837051e-01
-4.9022178650e+00
-3.5579428673e+00
1.4916465282e+00
-2.4510337412e-01
4.8433488607e-01
1.9604055882e+00
1.2327523232e+00
-1.3124576211e-01
3.5255435109e-01
-1.3912212849e+00
8.6946630478e-01
9.8193329573e-01
1.0953599215e+00
2.3758170605e+00
2.1589586735e+00
-2.9359707609e-02
-1.9124425650e+00
-6.6943424940e-01
2.3956753314e-02
-1.9746357203e+00
-1.3051353693e+00
-2.9601284862e-01
9.6220260859e-01
1.6421591043e+00
-1.1596672535e+00
-1.0847096443e+00
1.2158162594e+00
1.5574620962e+00
3.3569934368e+00
2.4599506855e+00
-1.0850548744e+00
-7.7045089006e-01
1.3825855255e+00
1.3745580912e+00
1.7695168257e+00
-1.6513203084e-01
-4.2315287590e+00
-2.4025413990e+00
7.9515111446e-01
2.5535833836e-01
1.8242944777e-01
-1.5264219046e+00
-2.0544700623e+00
-6.5385717154e-01
-6.9643014669e-01
-1.3002279401e-01
2.2458066940e+00
2.1544304490e-01
-2.0903534889e+00
-9.5599555969e-01
-1.6259984970e+00
-3.3778193593e-01
-6.1520338058e+00
-1.9420830011e+00
9.1268563271e-01
1.2615077496e+00
-2.8245911598e+00
-1.1674313545e+00
-1.6525168419e+00
6.0180997849e-01
-2.3772437572e+00
-2.4122803211e+00
-3.6332476139e-01
-3.4058780670e+00
-1.6237422228e+00
-3.8699584007e+00
-1.9994019270e+00
-1.6536272764e+00
9.9315685034e-01
-7.5720810890e-01
-1.1962762475e-01
9.7567343712e-01
8.3353811502e-01
8.3866262436e-01
1.2637187243e+00
1.8321859837e-01
-3.9628627896e-01
1.1431612968e+00
-1.2910838127e+00
-1.8405405283e+00
-1.1109981537e+00
-1.8226341009e+00
-4.7237539291e-01
-9.5756727457e-01
-1.8677223921e+00
-3.1675955653e-01
-1.7856244743e-01
-2.0099914074e-01
2.1956582069e+00
2.4106173515e+00
-4.7165974975e-01
-3.6522734165e-01
5.0769865513e-01
1.2820388079e+00
-2.5763590336e+00
-2.9836769104e+00
-2.5718014240e+00
-2.3758919239e+00
1.5577250719e-01
7.3964767158e-02
1.1877222061e+00
8.9656960964e-01
9.2577886581e-01
8.9777016640e-01
-5.9624481201e-01
1.6203400493e-01
1.7721662521e+00
-4.8915043473e-01
-3.4762918949e-01
-1.8926987052e-01
-1.2346091270e+00
-3.7830333710e+00
1.3963119127e-02
-1.7947702408e+00
-1.7624826431e+00
-9.6625185013e-01
-7.0948679931e-03
3.0402848125e-01
1.4638565779e+00
1.2325193882e+00
-3.6842048168e-01
9.3705751002e-02
-1.7334615812e-02
-5.6694465876e-01
1.0179040432e+00
1.4128650427e+00
-9.2462718487e-01
-2.5772088766e-01
-2.3359642029e+00
-2.5414934754e-01
-5.4799145460e-01
-1.1394215822e+00
1.7960073948e+00
1.7489407063e+00
1.8953515291e+00
2.7765879631e+00
-5.6801140308e-01
-6.8155038357e-01
6.0606811196e-02
8.1195063889e-02
5.3917551041e-01
1.1410973072e+00
4.0579307079e-01
-4.3534655124e-02
-1.1427012682e+00
-4.2939954996e-01
-4.0512415767e-01
-5.3138238192e-01
-5.7199555635e-01
9.2201702297e-02
1.5568382740e+00
3.3641606569e-01
-4.3449470401e-01
-7.0417106152e-01
3.6986160278e-01
-3.5591155291e-01
4.9337205291e-01
4.4839942455e-01
-9.2825287580e-01
-3.8317140937e-01
1.1724774837e+00
1.2949606180e+00
1.1091415882e+00
-2.7410572767e-01
-2.0546588898e+00
-1.3377236128e+00
1.4060885906e+00
2.0352845192e+00
-1.8527205288e-01
-1.0826334953e+00
-1.2209364176e+00
-6.3943874836e-01
5.2595329285e-01
3.0141851306e-01
-6.6432911158e-01
-1.6137709618e+00
7.3999285698e-01
8.3647644520e-01
-1.2761831284e+00
-6.8621784449e-01
-3.3403332233e+00
-1.4353882074e+00
9.8167634010e-01
1.1752108485e-01
-1.0032854080e+00
5.0546884537e-01
-1.6851568222e-01
8.3766084909e-01
-1.0968433619e+00
-7.9113841057e-01
-1.9625180960e+00
-2.1987917423e+00
-2.4546906948e+00
-2.7777609825e+00
6.7014676332e-01
-3.3065581322e-01
9.4141036272e-01
4.5086207986e-01
5.9002375603e-01
4.4865117073e+00
1.2765508890e+00
-9.5234669745e-02
-1.2046871185e+00
6.6572146416e+00
2.0594799519e+00
6.2804585695e-01
-4.4621500969e+00
1.6530691385e+00
-2.0564899445e+00
-8.1426554918e-01
-1.7938505411e+00
-2.2902584076e+00
-1.3392176628e+00
4.8958614469e-01
-4.3429627419e+00
1.3489705324e+00
5.7918125391e-01
2.8802263737e+00
-2.0089945793e+00
4.3367624283e+00
-3.6265996099e-01
1.6404432058e+00
2.0655872822e+00
-2.3100070953e+00
-1.2820019722e+00
1.7440586090e+00
-1.8981752396e+00
-1.7481106520e+00
-2.5664188862e+00
3.3839378357e+00
-2.1814196110e+00
9.4819170237e-01
-6.4064651728e-01
-2.2390520573e+00
-2.7714145184e+00
2.4954190254e+00
3.8779336214e-01
2.4614961147e+00
-4.0885338783e+00
-3.4996135235e+00
-3.3538570404e+00
3.3614764214e+00
4.3740158081e+00
1.9873231649e+00
1.5424495935e+00
2.3935999870e+00
-1.5807234049e+00
2.3826303482e+00
2.3075542450e+00
-4.4112687111e+00
1.1031171083e+00
-1.1555479765e+00
4.6790676117e+00
3.7945652008e+00
3.5501236916e+00
-1.1799898148e+00
2.4154336751e-01
1.5069612265e+00
6.0365796089e-02
-7.4052625895e-01
1.0505213737e+00
4.4549884796e+00
4.8623638153e+00
2.1849400997e+00
2.7466287613e+00
-1.4454407990e-01
-2.4027810097e+00
-1.3420529366e+00
-2.2920761257e-02
3.0687479973e+00
-3.2912595272e+00
1.6282980144e-01
2.4326980114e+00
-2.4156002998e+00
-3.0938131809e+00
2.2143547535e+00
-3.0527074337e+00
-2.0797953606e+00
-7.4235910177e-01
1.1400768757e+00
-2.6463546753e+00
2.2280898094e+00
1.4897361994e+00
-9.4977152348e-01
-2.5796892643e+00
1.9254111052e+00
-1.4166113138e+00
-3.1153304577e+00
-6.5327972174e-01
-1.0093448162e+00
-2.3248405457e+00
8.2028734684e-01
-2.5405647755e+00
-3.4218196869e+00
-1.2788548470e+00
3.3260028362e+00
2.0490391254e+00
2.3757719994e+00
-3.6084487438e+00
9.7436761856e-01
8.8004642725e-01
-2.7186493874e+00
-3.3590958118e+00
4.4835013151e-01
4.7751603127e+00
5.6329383850e+00
6.6327565908e-01
5.4117298126e-01
-2.6367933750e+00
2.8566668034e+00
-5.3919184208e-01
-2.2153787613e+00
-1.7314436436e+00
1.5491155386e+00
1.7276123762e+00
4.4763607979e+00
-8.0335187912e-01
6.2754935026e-01
1.2012493610e+00
-2.5511741638e-01
1.9467389584e+00
1.9754626751e+00
2.2609397769e-01
8.6685054004e-02
6.2622880936e-01
2.4210876226e-01
-4.4764491916e-01
-5.2965447307e-02
1.8464343548e+00
1.2501369715e+00
1.1980706453e+00
3.2879352570e-01
4.1830629110e-01
1.4252575636e+00
-1.1875619888e+00
-1.6692110300e+00
1.6744824648e+00
2.4441805482e-01
-7.4423468113e-01
-3.8169851899e-01
2.0670981407e+00
2.3059902191e+00
3.8957801461e-01
-1.6981511116e+00
4.7223079205e-01
3.3082363009e-01
-6.2327396870e-01
-3.5573375225e-01
-8.0595523119e-01
-1.1020900011e+00
-2.9174068570e-01
8.6044335365e-01
-1.0789863020e-01
7.7721381187e-01
-6.7738270760e-01
1.1896327734e+00
1.0944349766e+00
1.0111019760e-01
1.4228725433e+00
7.7466851473e-01
1.3906208277e+00
2.6730039120e+00
-3.5045480728e-01
-2.4010506272e-01
3.9435374737e-01
7.2982108593e-01
1.2211955786e+00
2.6491751671e+00
-5.8447953314e-02
6.1935096979e-01
-3.1380188465e-01
9.8963654041e-01
8.9579778910e-01
-4.5528104901e-01
7.3663562536e-01
-2.0840379596e-01
2.7813038826e+00
6.6152697802e-01
-6.6083562374e-01
-1.8668056726e+00
9.1987675428e-01
-5.2175039053e-01
-4.8805850744e-01
8.7518137693e-01
1.0976448059e+00
2.2124693394e+00
-1.4304610491e+00
-1.4998584986e+00
-1.2014294863e+00
1.4930644631e-01
-7.8404736519e-01
-1.2328485250e+00
-1.7872703075e+00
-6.9043761492e-01
-1.5182590485e-01
-4.0530246496e-01
4.2789301276e-01
-3.6389735341e-01
-2.2214515209e+00
-3.4758007526e+00
-2.9150681570e-02
2.1863064766e+00
-5.7645457983e-01
-7.6572602987e-01
-9.5508307219e-01
7.7875845134e-02
8.2408064604e-01
-1.1359394789e+00
1.0045113564e+00
5.0314903259e-01
-5.3467661142e-01
3.4258154035e-01
3.4810137749e-01
-3.5418756306e-02
-1.2095025778e+00
-2.3411393166e+00
1.1555682123e-01
-8.0037820339e-01
9.3184530735e-02
2.1878640354e-01
-7.0966130495e-01
8.8343805075e-01
1.8930237293e+00
3.4830161929e-01
-1.1290265322e+00
7.5549572706e-01
-3.0239418149e-01
-3.3968947828e-02
-1.1268321276e+00
5.6004953384e-01
3.7971815467e-01
1.3479012251e+00
-1.5822796822e+00
6.4071637392e-01
1.9289186001e+00
1.7628524303e+00
1.4453659058e+00
7.4268877506e-01
2.2909419537e+00
3.4072170258e+00
-8.8620966673e-01
2.8945124149e-01
1.2040107250e+00
1.9082899392e-01
2.1296787262e+00
4.7694602609e-01
-1.1321225166e+00
-1.1153838634e+00
-9.4915014505e-01
-1.1584832668e+00
-3.2717460394e-01
-6.0127091408e-01
4.4126126170e-01
-1.3600695133e+00
1.2656772137e+00
2.2896725684e-02
1.2659901381e+00
2.6146042347e+00
-4.2695862055e-01
6.2776321173e-01
-1.0301432610e+00
-9.4887024164e-01
-2.8508749008e+00
-7.8502535820e-01
2.9275228977e+00
-2.4520462751e-01
2.0262317657e+00
1.3284420967e+00
7.8167486191e-01
1.0211200714e+00
-1.5720814466e+00
2.1651494503e+00
2.6018073559e+00
1.1484649181e+00
-1.5621515512e+00
-1.1309031248e+00
-4.4576597214e-01
-1.1834394932e+00
3.4240212440e+00
2.2882685661e+00
-5.3441119194e-01
-1.4164736867e-01
2.9431834221e+00
1.5259268284e+00
-7.8960663080e-01
-3.8119703531e-01
-3.5470395088e+00
-1.7380784750e+00
1.7127907276e+00
-1.3788784742e+00
1.2317175865e+00
8.2364064455e-01
1.0307257175e+00
3.1645939350e+00
2.5273401737e+00
2.2249209881e+00
5.3199762106e-01
1.2294116020e+00
-1.0778176785e+00
-9.5306569338e-01
-5.4274458885e+00
-2.3872616291e+00
-1.7495646477e+00
-3.2157179713e-01
-1.2191907167e+00
-1.1683926582e+00
1.4483155012e+00
-5.8203774691e-01
-1.2517082691e+00
-2.8306453228e+00
-2.3549282551e+00
-2.3997461796e+00
-1.0672848225e+00
-1.1424365044e+00
1.6686568260e+00
1.6478216648e+00
3.5844953060e+00
2.1268002987e+00
-2.5154461861e+00
-7.6848655939e-01
-1.2736353278e-01
-8.2682234049e-01
8.9828205109e-01
5.9527520090e-02
-1.6670293808e+00
-1.8815937042e+00
2.3007743061e-01
1.4431271553e+00
-5.1743006706e-01
-3.7704807520e-01
-1.8271185160e+00
-7.1088713408e-01
2.9586560726e+00
9.9468958378e-01
-7.4248874187e-01
-1.7162853479e+00
-1.1821401119e-01
-2.2876377404e-01
2.1753749847e+00
5.0950241089e+00
-1.6704589128e+00
-2.3003900051e+00
7.2199064493e-01
6.9874352217e-01
-6.1958199739e-01
-5.5225813389e-01
-5.5851882696e-01
1.4506849051e+00
1.7724030018e+00
1.0700931549e+00
-1.0551881790e+00
-1.3857258856e-01
1.7098425627e+00
4.2484488487e+00
-3.0307357311e+00
4.7174969316e-01
1.7999778986e+00
1.1866395473e+00
3.1218864918e+00
3.2272739410e+00
1.9293140173e+00
8.4037047625e-01
1.6283117533e+00
2.6595079899e-01
2.2363474369e+00
1.2660938501e+00
4.1161527634e+00
2.0538966656e+00
2.3871903419e+00
2.6787009239e+00
7.2103089094e-01
3.1982276440e+00
-3.2332611084e+00
-4.5230545998e+00
-1.7588533163e+00
-1.4344892502e+00
-1.7054598331e+00
3.1950616837e-01
-3.6765890121e+00
-3.7215540409e+00
-3.2802326679e+00
4.1725149751e-01
-4.9292311668e+00
-1.0149570704e+00
2.7545218468e+00
1.8810976744e+00
-6.6638624668e-01
-2.3996939659e+00
1.4241452217e+00
3.6795701981e+00
-3.3835712075e-01
-1.7323790789e+00
-3.5000402927e+00
-9.8354816437e-01
9.0338057280e-01
-2.2911828756e-01
3.0911209583e+00
3.9222688675e+00
-4.3816700578e-01
-2.9342024326e+00
-2.0324795246e+00
-7.2443461418e-01
-2.1662158966e+00
-1.3140332699e+00
-3.0213618279e-01
-4.4204705954e-01
4.3978402019e-01
2.0003678799e+00
-3.4105923176e+00
4.5030349493e-01
2.1035119891e-01
8.6900675297e-01
-8.2739198208e-01
1.6935666800e+00
4.0135730058e-02
4.1347479820e+00
-2.0224948227e-01
1.3537847996e+00
-2.7776095271e-01
-1.4065799303e-02
2.5720248222e+00
6.5696525574e-01
2.8635255992e-02
5.3252296448e+00
1.1692702770e+00
-6.3333362341e-01
-3.0388746262e+00
-1.8661780357e+00
-1.1768306494e+00
-2.4004738331e+00
3.6519129276e+00
1.7137950659e+00
5.5410891771e-01
1.2555910349e+00
-2.3890335560e+00
-2.6740865707e+00
-3.0768656731e+00
-3.6704263687e+00
-6.3075047731e-01
-1.7526714802e+00
-2.9206120968e+00
9.6078675985e-01
1.3654108047e+00
-1.0380098820e+00
-1.5395715237e+00
-3.6263933182e+00
-1.2678904533e+00
-3.8794724941e+00
9.7548723221e-01
1.1945102215e+00
-1.9317221642e+00
-1.5685930252e+00
3.0112702847e+00
2.0885212421e+00
-6.5140354633e-01
-2.0946469307e+00
1.2010021210e+00
9.8094904423e-01
-2.2225027084e+00
-3.3545339108e+00
-5.9918099642e-01
-7.6626574993e-01
-1.1465057135e+00
-8.6063146591e-01
-1.8583418429e-01
-1.5979483128e+00
2.0528583527e+00
-2.7883672714e-01
9.4150096178e-01
5.2380961180e-01
1.0886142254e+00
-2.1804824471e-01
8.3439326286e-01
1.2106390297e-01
1.9055272341e+00
8.4723901749e-01
-4.5548999310e-01
1.5555703640e+00
-2.8740072250e+00
-1.2125344276e+00
1.0096623898e+00
-6.4348101616e-02
-2.7573201656e+00
-1.3643552065e+00
-5.1649844646e-01
-4.2766362429e-01
1.5114769936e+00
1.8785954714e+00
-1.7989515066e+00
-2.1716098785e+00
-5.5323684216e-01
7.8949099779e-01
-3.5119111538e+00
1.1104166508e+00
2.6200475693e+00
3.2515461445e+00
5.8410495520e-01
5.6495147943e-01
-1.7836714983e+00
-2.7649042606e+00
-3.4427285194e+00
-1.4071426392e+00
7.0210593939e-01
-8.5041123629e-01
-1.7315450907e+00
-1.3463137150e+00
2.1487751603e-01
4.0559640527e-01
-2.0400116444e+00
-3.6952226162e+00
-1.4329506457e-01
1.9047525525e-01
1.1346689463e+00
1.3156995773e+00
9.7838491201e-01
1.4534274340e+00
4.9976840615e-01
4.9686408043e-01
-4.0051388741e-01
-4.1468963027e-01
1.2219472975e-01
9.8704355955e-01
-8.6467117071e-01
-1.4065746069e+00
-2.8554949164e-01
3.1481155753e-01
-4.0780255198e-01
-7.5546127558e-01
-2.0039314032e-01
2.4448093772e-01
3.8258713484e-01
4.4349935651e-01
9.6080797911e-01
1.0849674940e+00
-7.5127243996e-01
-3.2779240608e-01
5.2523332834e-01
1.6875989437e+00
-1.3235810995e+00
-1.8861755133e+00
8.6602735519e-01
1.4560850859e+00
-3.8513615727e-02
5.6405389309e-01
1.4620141983e+00
1.6728305817e+00
-8.9788395166e-01
-8.1594753265e-01
-9.8017609119e-01
-1.1798032522e+00
-7.3777812719e-01
-3.8924688101e-01
-4.3500190973e-01
6.0770863295e-01
-6.4990657568e-01
-1.1281163692e+00
1.9806983471e+00
2.3564856052e+00
2.9094296694e-01
3.9539813995e-01
1.5274878740e+00
8.1329518557e-01
1.9245959818e-01
3.2399260998e-01
1.0985745192e+00
1.1029280424e+00
-1.4608155489e+00
-2.0075733662e+00
7.4750798941e-01
1.4147604704e+00
-8.0158543587e-01
-1.1937122345e+00
-1.4036782086e-01
3.2692074776e-01
4.7465628386e-01
7.5807757676e-02
9.0120124817e-01
5.2444696426e-01
-1.2272660732e+00
-1.4608018398e+00
-4.4263592362e-01
-8.0785381794e-01
-1.4196498394e+00
-1.5265380144e+00
-4.2435151339e-01
-8.1159198284e-01
-2.5229817256e-02
6.6658174992e-01
-7.1361136436e-01
-2.1958880126e-01
2.9302287102e-01
1.1892689764e-01
2.7632090449e-01
8.2064366341e-01
-8.0914539099e-01
-9.9839842319e-01
2.6056911796e-02
2.5549638271e-01
6.5671533346e-01
4.7860512137e-01
7.6535582542e-01
1.2866562605e+00
-7.1004438400e-01
-4.2045769095e-01
-1.2504116297e+00
-1.1294496059e+00
6.1935257912e-01
1.1547418833e+00
-1.1597646475e+00
-8.8571500778e-01
-5.0573503971e-01
-4.6034267545e-01
-1.6686176062e+00
-1.3283561468e+00
-1.8683849573e+00
-1.0451447964e+00
3.8228833675e-01
9.1032737494e-01
6.4646840096e-01
1.6327602863e+00
6.0854566097e-01
1.2262461185e+00
-1.3127604127e-01
-3.3371254802e-01
2.5780467317e-02
1.0666215420e+00
5.9687066078e-01
1.2599319220e+00
3.7844038010e-01
2.4550980330e-01
-1.3719346523e+00
-1.2885063887e+00
-1.0762695074e+00
-1.1975609064e+00
8.4686797857e-01
8.1131148338e-01
9.3239724636e-01
2.1245076656e+00
2.7650389671e+00
8.5563594103e-01
-4.1478108615e-02
-6.2074005604e-01
-5.8026361465e-01
5.3685772419e-01
1.1030374765e+00
2.1911957264e+00
-2.4303226471e+00
-7.7580964565e-01
1.6144847870e+00
8.5050243139e-01
-2.7243585587e+00
-1.4240190983e+00
-1.8230909109e+00
-6.2127619982e-01
1.9707802534e+00
4.3702554703e+00
7.5800317526e-01
9.2258477211e-01
-1.4717062712e+00
-5.2524602413e-01
-1.0214322805e-01
5.1517927647e-01
-1.2751929760e+00
-1.8679029942e+00
-2.2682867050e+00
-1.3605113328e-01
-1.7257685661e+00
-1.0536201000e+00
-1.9593414068e+00
-1.4041852951e-01
-4.2921644449e-01
-6.7867869139e-01
9.6480089426e-01
-1.1669509411e+00
2.4409987926e+00
-9.9555268884e-02
-8.5112017393e-01
-2.2069320083e-01
-1.5015281439e+00
-8.7027412653e-01
2.5155612826e-01
3.4108418226e-01
-4.0240180492e-01
-4.8338657618e-01
-1.3683821261e-01
8.5113650560e-01
-9.4878673553e-01
1.4195062220e-01
1.3894226551e+00
4.8828777671e-01
3.8370713592e-01
-7.4352353811e-01
3.4074959755e+00
6.4976572990e-01
-1.5786136389e+00
-2.1494271755e+00
1.2250147760e-01
-1.8842664361e-01
-8.6702063680e-02
1.8731085956e-01
-9.0808618069e-01
1.0227445364e+00
2.1201040745e+00
2.1681964397e+00
3.7109518051e-01
6.6112047434e-01
-4.7386339307e-01
-3.4166309237e-01
9.2002660036e-01
1.3082404137e+00
5.8786869049e-01
4.5911872387e-01
-1.1942126751e+00
-8.5318338871e-01
1.5097025633e+00
1.5731019974e+00
3.0558183789e-01
3.4796988964e-01
4.0725684166e+00
1.0851033926e+00
5.1769465208e-01
-4.7379635274e-02
2.2145943344e-01
7.2421848774e-01
4.8018831015e-01
3.9984139800e-01
-1.9850540161e+00
-1.3165898323e+00
6.9781702757e-01
6.4835405350e-01
-7.8206610680e-01
-6.8774509430e-01
-1.4225915670e+00
-1.6172502041e+00
7.8147548437e-01
1.0393177271e+00
-1.8560147285e+00
9.0294897556e-01
-7.8989881277e-01
-1.2888400257e-01
3.0687346458e+00
6.2166833878e-01
7.4177181721e-01
5.4264599085e-01
-4.5327357948e-02
5.7193338871e-01
1.7463233471e+00
-7.3346638680e-01
-5.9468483925e-01
2.3152545094e-02
-1.4580552578e+00
-1.6256233454e+00
-3.5148756504e+00
-2.3987312317e+00
2.6946562529e-01
7.8005832434e-01
1.9248312712e+00
1.2678055465e-01
-2.7841913700e-01
-7.4033498764e-01
8.1391656399e-01
3.8964724541e-01
-5.4092806578e-01
-1.3194361925e+00
2.1851770878e+00
1.7428165674e+00
4.3791323900e-01
1.3502225876e+00
2.4363446236e+00
1.1746891737e+00
2.3133985996e+00
-2.1610805392e-01
-2.4650174379e-01
-1.1523056030e+00
-2.5249817371e+00
-3.0451521873e+00
1.4017770290e+00
2.2235050201e+00
-2.0091049671e+00
-2.3246066570e+00
-1.3180675507e+00
-6.1682212353e-01
-4.0283329785e-02
-1.9337151051e+00
2.8713936806e+00
2.6368424892e+00
-5.7853889465e-01
-5.5668588728e-02
8.5206466913e-01
5.4351294041e-01
-8.3570259809e-01
6.2043046951e-01
-1.6724337339e+00
-9.4229072332e-01
-2.1080131531e+00
-2.7119269371e+00
2.5927439332e-01
-3.5576692224e-01
2.4936461449e+00
2.4408500195e+00
1.2796137333e+00
1.5821164846e+00
3.2020753622e-01
2.0438439846e+00
-3.1792743206e+00
-1.3368912935e+00
-5.0432360172e-01
-3.4282326698e-01
-1.8941289186e+00
-1.7673113346e+00
2.5596636534e-01
-2.0541404188e-01
-1.7631101608e+00
-1.8563985825e+00
6.6199439764e-01
-1.2325718403e+00
1.6036497056e-01
3.3468312025e-01
-2.0440399647e+00
6.2190824747e-01
9.6985214949e-01
1.9126651287e+00
3.0827739239e+00
1.7014745474e+00
-2.2670202255e+00
-1.6016705334e-01
-1.1701070070e+00
-3.7560158968e-01
1.2479429692e-01
7.2096973658e-01
6.0123944283e-01
8.3344900608e-01
-8.1516927481e-01
3.9732748270e-01
2.2376739979e+00
2.2511634827e+00
2.1888408661e+00
3.9644962549e-01
-7.5504660606e-01
-5.8002710342e-01
8.2113689184e-01
3.7493816018e-01
-1.0582534224e-01
9.1195559502e-01
5.5596047640e-01
8.1811410189e-01
7.0541024208e-01
1.0704604387e+00
8.6776465178e-01
2.2666366100e+00
-1.2261236459e-01
-1.1574896574e+00
-1.9088566303e+00
-2.4340425432e-01
-1.4192683697e+00
-1.3837122917e+00
3.1107702255e+00
2.4366376400e+00
-1.2196500301e+00
-1.8236527443e+00
1.3069020510e+00
8.8542413712e-01
1.5179295540e+00
2.2037360668e+00
7.6958513260e-01
8.3590269089e-01
-4.3865662813e-01
-1.3089841604e+00
2.6718604565e+00
2.0882246494e+00
-3.9714384079e+00
-3.0151998997e+00
-9.9522376060e-01
-9.5598357916e-01
-4.2505173683e+00
-3.2949423790e-01
2.4790255725e-01
8.8511042297e-02
1.5673899651e-01
9.5155864954e-02
5.9871459007e-01
3.3511966467e-01
-4.4331598282e+00
-1.6306496859e+00
1.7826017141e+00
2.3489096165e+00
1.7163692415e-01
4.6334010363e-01
1.1285138130e+00
1.5572751760e+00
3.4772551060e+00
2.9464488029e+00
-4.4424751401e-01
4.6344801784e-01
-1.4476059675e+00
-1.8322273493e+00
-1.5636553764e+00
-3.6919312477e+00
1.9045714140e+00
1.2753502131e+00
-1.9638334513e+00
-9.2647540569e-01
-1.6719458103e+00
8.3841317892e-01
2.3545088768e+00
2.4581298828e+00
2.2940435410e+00
1.8010082245e+00
4.8793816566e-01
-1.4213260412e+00
-1.9695220888e-01
6.8429827690e-01
5.8360468596e-02
1.5877199173e-01
5.4641109705e-01
1.8152850866e+00
-5.7450479269e-01
1.7956982553e-01
-2.3816150427e-01
2.8844463825e-01
-1.8760992289e+00
1.3393741846e-01
-1.6390525103e+00
-2.5401933193e+00
9.7028023005e-01
1.3955421448e+00
2.7223441005e-01
-1.2109764814e+00
3.2381601334e+00
1.0774469376e+00
-9.6046692133e-01
-6.0891419649e-01
-7.1000671387e-01
-1.1167038232e-01
-1.4334619045e-01
2.3097442091e-01
-2.1172182560e+00
-4.0396487713e-01
-8.6545336246e-01
-1.9493566751e+00
-2.5856113434e+00
-1.7898294926e+00
1.9340821505e+00
1.2953518331e-01
4.6266296506e-01
-1.3613723218e-01
-2.0089371204e+00
-5.9907400608e-01
8.7638741732e-01
9.6933060884e-01
-3.8446826935e+00
-2.5524477959e+00
-1.4494333416e-02
-2.2764720023e-01
2.5528013706e+00
2.6612606049e+00
-2.7018868923e+00
-4.2075377703e-01
-1.1488790810e-01
3.8005751371e-01
2.8361217976e+00
-5.1087546349e-01
1.1660354137e+00
6.1620533466e-01
-1.5339620113e+00
-2.2982442379e+00
-2.7636358738e+00
-5.8678179979e-01
3.5529863089e-03
-1.3317540884e+00
1.0320283175e+00
1.8026756048e+00
-1.1770288944e+00
-2.6378290653e+00
-1.6233621165e-02
1.1329998970e+00
2.6747921482e-02
3.8899742067e-02
-1.0497341156e+00
-2.0907633305e+00
4.3840968609e-01
-4.1969427466e-01
-4.8440475464e+00
-2.9584615231e+00
-2.3944361210e+00
-2.4187910557e+00
7.9595381021e-01
1.5429672003e+00
-2.1833651066e+00
-1.8459882736e+00
1.2234171629e+00
1.4339283705e+00
8.8976693153e-01
3.8010197878e-01
-6.8812125921e-01
-8.4396994114e-01
2.6226530075e+00
1.4383380413e+00
-1.5430542231e+00
-8.0319207907e-01
-1.2293287516e+00
5.7444691658e-01
6.6385817528e-01
-1.0581042618e-01
-1.6085999012e+00
-1.1921641827e+00
3.4609143734e+00
6.2505447865e-01
-1.1191054583e+00
1.6548734903e-01
-2.6778632402e-01
-1.3363273144e+00
9.5381754637e-01
4.0463784337e-01
-2.1190805435e+00
8.7296849489e-01
-3.8502054214e+00
-3.3731577396e+00
-2.1058688164e+00
-2.0582635403e+00
1.2918441296e+00
2.9256606102e+00
1.0253104568e-01
2.3336930573e-01
-1.7861130834e-01
-2.0014042854e+00
6.6996306181e-01
-9.3197196722e-01
8.4657613188e-03
-4.9644652009e-01
1.4745359123e-01
-7.1146184206e-01
6.3956689835e-01
9.9663966894e-01
2.9958266020e-01
2.4269735813e+00
2.7755801678e+00
1.0145167112e+00
2.2074902058e+00
6.7339265347e-01
1.0900951624e+00
7.8949230909e-01
-9.0494412184e-01
-6.0622215271e-01
-1.5617874861e+00
-2.0979804993e+00
-3.5507488251e-01
1.2445133924e+00
8.8692146540e-01
-8.3553886414e-01
-8.2887625322e-03
-4.2799678445e-01
2.1241927147e-01
1.8220920861e-01
5.2594739199e-01
1.0575587749e+00
4.5354992151e-01
2.0804014206e+00
-1.7578227520e+00
-1.4840552807e+00
7.1878951788e-01
-4.0082207322e-01
1.1503945589e+00
9.7264748812e-01
8.2398420572e-01
-8.9694112539e-01
1.7955226898e+00
1.6227977276e+00
1.3589034975e-01
-1.8304921389e+00
1.1562426090e+00
2.7619239688e-01
5.3818041086e-01
1.2521233559e+00
-2.2659435272e+00
-7.1415770054e-01
-1.8466652930e-01
6.5645188093e-01
-4.9939247966e-01
-5.5916881561e-01
1.3805874586e+00
6.7137551308e-01
-2.3327980936e-01
5.0050461292e-01
9.3141263723e-01
1.5469232798e+00
-5.1865178347e-01
7.9878276587e-01
-1.9341806173e+00
8.3961045742e-01
1.3630020618e+00
1.2480686903e+00
-1.4830633402e+00
-2.0941765308e+00
-1.4162743092e+00
-1.9624949694e+00
-2.0504738390e-01
4.6295630932e-01
-7.0252126455e-01
-1.4350082874e+00
7.3904484510e-01
-2.5722351074e+00
-1.3626751304e-01
-1.1848163605e+00
-7.5943872333e-02
-1.0052903891e+00
1.6166819334e+00
-5.9181171656e-01
-3.4301945567e-01
-1.2890707254e+00
-3.0717523098e+00
-3.9604570866e+00
-3.5417470932e+00
-4.7634320259e+00
-2.2955879569e-01
6.4413028955e-01
6.4223811030e-02
1.4088317752e-01
-4.3440017104e-01
4.1697213054e-01
-1.5748833418e+00
1.3862503767e+00
7.5662530959e-02
1.6309688091e+00
-2.0825915039e-01
2.4074098095e-02
-7.7735668421e-01
-1.2478522062e+00
1.6266655922e+00
-1.9376948476e-01
7.8318518400e-01
9.8097240925e-01
2.0644733906e+00
-2.4212247133e-01
2.0663146973e+00
2.0354056358e+00
3.5175174475e-01
-1.5817953348e+00
2.4436602592e+00
7.4823218584e-01
2.1872897446e-01
1.4061740041e-01
-1.0438561440e+00
-8.0586582422e-01
-6.9480031729e-01
1.9313694537e-01
-2.6654033661e+00
-3.5841505527e+00
3.3808171283e-03
-7.1789956093e-01
-1.6438230276e+00
-1.9432015419e+00
-3.2693109512e+00
-4.7512572259e-02
2.2287568077e-02
2.4696054459e+00
-2.0741119385e+00
-1.1518228054e+00
2.1231763363e+00
1.5830880404e+00
2.8593400121e-01
-1.6541507840e-01
1.0477061272e+00
2.0337138176e+00
2.1697233617e-01
-1.2321860790e+00
4.8021163791e-02
1.4337801933e+00
-1.8428406715e+00
-2.8962391615e-01
-1.8411751986e+00
-4.9091067910e-01
1.3333082199e+00
2.1677038670e+00
1.2373771667e+00
-1.4106822014e+00
1.9506165981e+00
1.9670734406e+00
-1.3837864399e+00
-9.5506548882e-01
-2.9786667824e+00
-7.0894718170e-01
-2.9078793526e+00
-3.4784779549e+00
-1.8587931395e+00
-2.6386809349e+00
-4.8966568708e-01
1.0329459608e-01
-3.7833067775e-01
-1.4519076347e+00
8.2737112045e-01
-8.5814833641e-01
2.4887080193e+00
2.7412302494e+00
-1.1316970587e+00
-2.7465345860e+00
7.4658077955e-01
1.8555603027e+00
-1.4060372114e+00
2.8927576542e-01
-1.3950244188e+00
-1.2933502197e+00
6.3778299093e-01
-1.4549895525e+00
-1.3177310228e+00
-1.4995859861e+00
-1.6428694725e+00
-7.8410655260e-01
5.7615137100e-01
-2.1738348007e+00
5.6723642349e-01
4.2180761695e-01
-8.4255486727e-01
-3.1944084913e-02
-2.4878444672e+00
-1.7224655151e+00
-2.5858778954e+00
-1.1415566206e+00
-1.4521268606e+00
-2.7192456722e+00
-4.6486631036e-01
1.1296286583e+00
3.7598741055e+00
3.9677805901e+00
-1.6546033621e+00
-1.2507774830e+00
8.5299050808e-01
1.2215883732e+00
2.0941647887e-01
6.5506827831e-01
-8.7384438515e-01
-3.8660503924e-02
-6.1512845755e-01
-2.8576493263e-01
1.4978457689e+00
2.2666966915e+00
1.6668271273e-02
-5.7979899645e-01
-2.4233019352e-01
5.4654395580e-01
-7.2468155622e-01
9.4456958771e-01
-1.4637265205e+00
-1.9527049065e+00
-1.3467299938e+00
-2.1296150684e+00
-2.1269245148e+00
-1.0142469406e+00
-6.6276746988e-01
1.0126525164e+00
-2.8343892097e+00
-1.3825919628e+00
-1.7238266468e+00
-2.5944430828e+00
2.8604755402e+00
4.0566691756e-01
4.1142126918e-01
-1.9850974083e+00
-6.7922848463e-01
-2.8754234314e+00
1.5850016847e-02
-5.4160338640e-01
-3.8048126698e+00
-2.0469701290e+00
2.7894821763e-01
3.7383913994e-02
-2.3143076897e+00
-2.9751672745e+00
-2.3065977097e+00
-1.2482863665e+00
1.4938467741e+00
2.7589650825e-02
-9.2094630003e-02
4.0107801557e-01
-1.2773271799e+00
3.3881103992e-01
2.5005331039e+00
2.7228221893e+00
1.6337476969e+00
-3.1370422244e-01
-5.0461560488e-01
-7.4719130993e-01
-9.6924811602e-01
1.4913796186e+00
-4.2124402523e-01
-5.7984322309e-01
-5.2777332067e-01
6.3578778505e-01
5.4796355963e-01
-4.6275477856e-02
2.8160824776e+00
3.2360050678e+00
2.6258573532e+00
1.8134070635e+00
-1.8992513418e+00
-3.4674534202e-01
1.2687886953e+00
1.8860265613e-01
8.4610319138e-01
1.8237198591e+00
-4.7030922771e-01
1.3945802450e+00
4.7971242666e-01
8.3895212412e-01
7.8278094530e-02
3.2302871346e-01
2.1656024456e+00
-2.4170996249e-01
-1.0919756442e-01
1.0127055645e+00
-2.0067794323e+00
-1.2836511135e+00
8.6277842522e-01
1.0563094616e+00
8.0096043646e-02
5.1151853055e-02
-4.1529700160e-02
-1.2990034185e-02
1.7307528257e+00
8.6272507906e-01
5.8142340183e-01
1.4360197783e+00
-1.4731035233e+00
-1.7551015615e+00
-2.8197646141e+00
-7.2337543964e-01
3.6428147554e-01
1.2832173109e+00
1.6316270828e+00
-6.0112607479e-01
1.3555512428e+00
-3.2093766332e-01
-8.1162297726e-01
-9.8678642511e-01
-2.2826781273e+00
-2.3919804096e+00
-6.4924144745e-01
-5.5968445539e-01
1.0812264681e+00
2.0381130278e-02
2.0875873566e+00
2.3410978317e+00
-7.6303136349e-01
-9.2525362968e-01
1.9842358828e+00
8.2062596083e-01
2.6340407133e-01
-5.8754473925e-01
-3.5750780106e+00
-8.2885181904e-01
-1.0371475220e+00
-1.3715485334e+00
-9.3751335144e-01
-5.4906684160e-01
-1.3564598560e+00
-2.9055982828e-02
3.1873807311e-01
1.0543807745e+00
-1.2778204679e+00
-3.6080880165e+00
-2.1332981586e+00
-1.7388181686e+00
8.1094723940e-01
-3.6490906030e-02
-2.0564219952e+00
-9.2870384455e-01
-1.2972679138e+00
9.8697543144e-01
-3.5001828671e+00
-1.1989926100e+00
1.2885638475e+00
1.1264954805e+00
8.2414084673e-01
-8.8709950447e-01
9.5507442951e-01
1.0479956865e+00
1.8557640314e+00
2.7548294067e+00
-4.0917995572e-01
2.0135754347e-01
-3.5310709476e-01
-1.5763391256e+00
1.8575017452e+00
1.9109535217e+00
3.7418431044e-01
-9.4492971897e-01
-3.0765435658e-03
4.4518366456e-01
-1.4226772785e+00
-1.4999393225e+00
1.7223281860e+00
1.0057591200e+00
1.2661620975e-02
1.6193102300e-01
-3.5175287724e-01
2.1439609528e+00
-7.9226821661e-01
-1.1581150293e+00
-1.0441367626e+00
-2.0350890160e+00
5.0007332116e-02
-1.5767031908e+00
-5.1879463196e+00
-2.9757440090e+00
-2.5761976838e-01
1.8545620441e+00
4.4085602760e+00
-1.2075790167e+00
1.6839604378e+00
5.7673257589e-01
7.0211024284e+00
-3.7858908176e+00
-9.7997969389e-01
-3.8075029850e-01
4.5848922729e+00
-1.1888103485e+00
6.8020558357e-01
1.9863432646e-01
1.5372670889e+00
-2.6149863005e-01
4.0306863785e+00
1.4943754673e+00
1.3495628536e-01
-1.7338918447e+00
4.1176953316e+00
-2.3728089333e+00
6.8507857323e+00
-1.7245638371e+00
4.4300138950e-01
-1.4137625694e+00
-3.1980321407e+00
3.0052835941e+00
4.9868731499e+00
-1.9369784594e+00
4.4397959709e+00
1.7274224758e+00
4.9623446465e+00
-2.5998125076e+00
9.0834116936e-01
-3.5066769123e+00
-1.0763369799e+00
1.6176246405e+00
2.5084283352e+00
-6.3180689812e+00
-7.2835570574e-01
1.3152686357e+00
1.3760607243e+00
1.9221137762e+00
3.0500738621e+00
-2.5481488705e+00
2.3494548798e+00
-9.5224026591e-03
-2.0665063858e+00
-2.1422829628e+00
4.6886796951e+00
-2.3714559078e+00
-9.0252418518e+00
3.8478014469e+00
-3.2464277744e+00
1.9283822179e-01
-2.5960731506e+00
-9.7929227352e-01
-1.8872030973e+00
3.3201205730e+00
-4.7448483109e-01
-1.7736528814e-01
2.4064095318e-01
2.9294118881e+00
4.3912954330e+00
1.8028058112e-01
-9.3353146315e-01
-7.6159244776e-01
-7.7427601814e-01
-1.2232432365e+00
-4.2130619287e-02
1.3199033737e+00
6.3877267838e+00
-4.4853720665e+00
1.0215487331e-01
-2.7883858681e+00
-5.7387453318e-01
6.8463983536e+00
3.9369759560e+00
-2.4730753899e+00
2.6826493740e+00
2.8233182430e-01
-1.3363662958e+00
-1.0244653225e+00
1.5257147551e+00
-7.7278313637e+00
2.0776614547e-01
3.1686081886e+00
5.3774595261e+00
-7.0588474274e+00
-2.1346945763e+00
9.1660040617e-01
-5.4240775108e-01
-3.1704008579e+00
5.1733598709e+00
-1.0818477869e+00
1.4375842810e+00
1.4025324583e+00
4.5725722313e+00
-2.6938726902e+00
8.0117235184e+00
-2.4358327389e+00
3.0130801201e+00
-1.4663803577e+00
-8.0315904617e+00
4.3800621033e+00
4.6925430298e+00
1.2402962148e-01
1.3519431353e+00
1.6298689842e+00
-3.9028217793e+00
1.2219133377e+00
2.6805250645e+00
-2.3038916588e+00
1.4991377592e+00
8.3557945490e-01
4.9139308929e+00
-6.6426134109e-01
2.2992656231e+00
-3.1265935898e+00
1.6551095247e+00
-1.9322097301e+00
-9.9826455116e-01
4.7513790131e+00
3.9055800438e+00
-8.9100861549e-01
-4.1473798752e+00
9.0861044824e-02
-3.3213813305e+00
-5.9860748053e-01
-2.6079175472e+00
-1.8302143812e+00
-3.0886912346e+00
-2.8751666546e+00
1.1196242571e+00
1.8927173615e+00
1.4173661470e+00
8.6836647987e-01
1.0229220986e-01
-2.6190757751e-01
-1.1129863262e+00
-3.2415175438e-01
2.0428977013e+00
9.7908103466e-01
1.9165295362e+00
1.1816922426e+00
5.3667537868e-02
-9.9398016930e-01
1.1578507423e+00
1.9281163216e+00
-9.1372406483e-01
-2.4365216494e-01
1.0763928890e+00
1.0377421975e-01
1.2828360796e+00
4.2614555359e-01
-3.8416638970e-01
7.6180416346e-01
-6.0784291476e-02
-3.4584674239e-01
7.6499569416e-01
1.2431875467e+00
-2.6566267014e-01
-1.0532462597e+00
-3.7674221396e-01
-6.4704561234e-01
-8.1805455685e-01
-7.4839829467e-03
3.6038856506e+00
2.1250202656e+00
-6.5622556210e-01
-4.2426684499e-01
9.7412812710e-01
-1.1092849970e+00
-1.1115045547e+00
-1.6391289234e+00
-1.2359009981e+00
-3.3439893741e-03
1.4833015203e+00
-1.1285425723e-01
9.6339350939e-01
-4.6613198519e-01
-1.4527012110e+00
1.0361341238e+00
-1.9016475677e+00
8.7847757339e-01
-4.9778599292e-02
-1.2065724134e+00
-9.8019117117e-01
-9.0134769678e-01
4.0561137199e+00
3.1619420052e+00
4.4904747605e-01
1.0825279951e+00
-1.6077520847e+00
9.4417786598e-01
-1.4553383589e+00
-1.2786529064e+00
9.5318424702e-01
6.6955161095e-01
-8.9276659489e-01
-3.6459308863e-01
9.5921254158e-01
1.2329944372e+00
-5.1058405638e-01
-1.0970538855e+00
-7.8564041853e-01
4.2687150836e-01
-3.7494401932e+00
-1.9515471458e+00
-1.7005710602e+00
6.4359056950e-01
1.9252909720e-01
-5.5416613817e-01
6.3787525892e-01
-9.6378713846e-01
-4.2351114750e-01
1.4713613987e+00
-9.5934742689e-01
6.4375793934e-01
-1.5563378334e+00
-2.3289920762e-02
1.1037064791e+00
1.0667538643e+00
-2.4732129574e+00
-2.6466436386e+00
1.2201256305e-01
1.9436385632e+00
3.5488920212e+00
1.9776818752e+00
-1.5237818956e+00
-4.7937527299e-01
-2.2151869535e-01
-1.3862128258e+00
-6.8619328737e-01
-9.3579339981e-01
9.6403795481e-01
9.5759963989e-01
-1.9840261936e+00
-1.7111635208e+00
-5.5448573828e-01
-2.2404758930e+00
3.1835338473e-01
-1.1446440220e+00
1.1497893333e+00
5.7171976566e-01
-2.2220380306e+00
-6.9957661629e-01
-2.5228471756e+00
-1.6589485407e+00
1.8603812456e+00
1.7276002169e+00
-1.2547976971e+00
3.9733015001e-02
-3.4810483456e+00
-1.8673853874e+00
1.3146065474e+00
1.6420841217e+00
1.2409265041e+00
2.1204628944e+00
1.4738007784e+00
7.7040028572e-01
5.9165531397e-01
-3.2659462094e-01
-5.3847330809e-01
-4.5567280054e-01
-1.6753187776e-01
1.7081837654e+00
1.3386350870e+00
7.2489982843e-01
-1.2254774570e+00
2.8788697720e+00
1.6134924889e+00
-2.4374151230e-01
8.2167690992e-01
-5.2435511351e-01
1.2397210598e+00
3.2989408970e+00
2.0372116566e-01
2.3105778694e+00
-6.0944992304e-01
7.0970517397e-01
-4.0372711420e-01
1.4113633335e-01
1.0917947628e-02
1.7746111155e+00
-1.5982888937e+00
-1.8681509793e-01
2.6925429702e-01
5.0848209858e-01
-1.7793822289e+00
2.5606465340e-01
2.3002207279e+00
1.3726195097e+00
-5.1228749752e-01
4.7934663296e-01
9.9649620056e-01
-1.6418730021e+00
3.5949757695e-01
-5.3551483154e-01
1.1256022453e+00
2.2388861179e+00
-1.6385840178e+00
-3.0364406109e+00
1.4198552370e+00
7.5009661913e-01
4.4120404124e-01
1.7811280489e-01
-1.3374000788e-02
-2.8521165252e-01
-5.9044885635e-01
1.0268803835e+00
5.5522131920e-01
1.5532021523e+00
-1.6062200069e+00
-8.4082013369e-01
-2.1370756626e-01
-2.9912635684e-01
7.2830194235e-01
-3.7911665440e-01
2.5639252663e+00
3.1616702080e+00
-7.4800914526e-01
4.6796545386e-01
-3.4788849354e+00
-6.7763066292e-01
1.0905742645e+00
-6.6717559099e-01
-8.2973802090e-01
2.1567139626e+00
-5.7634681463e-01
6.7712926865e-01
-2.3336626589e-02
-1.7173844576e+00
3.2825312018e-01
-1.0347828269e-01
1.3994021416e+00
-1.8074302673e+00
1.6879197359e+00
-6.8013888597e-01
8.0927795172e-01
3.9081344008e-01
-7.4347704649e-01
-1.4958510399e+00
-1.0771551132e+00
7.0044100285e-01
8.1163877249e-01
6.7267870903e-01
9.6510368586e-01
7.5888293982e-01
-4.7229886055e-01
1.1847845279e-02
-1.7208530903e+00
-2.8572154045e+00
-4.3246355653e-01
2.4830955267e-01
-1.7558124065e+00
1.3534208536e+00
-9.8761934042e-01
8.9315670729e-01
6.0579109192e-01
-3.3591663837e+00
2.3574395478e-01
1.1422330141e+00
-4.7505494952e-01
-1.6542859077e+00
2.6844602823e-01
1.9976775646e+00
1.4102643728e+00
1.2183339596e+00
-5.4019236565e-01
4.0189105272e-01
-4.7431895137e-01
-1.0260900259e+00
6.2999539077e-02
1.2726197243e+00
-1.6720430851e+00
5.2511173487e-01
-1.0547835827e+00
-1.4086822271e+00
-1.1198691130e+00
-2.2044961154e-01
-5.8904188871e-01
-2.2102115154e+00
1.4928411245e+00
2.7901518345e+00
-2.4460678101e+00
3.7401747704e-01
8.5950815678e-01
-1.3920376301e+00
-2.6191101074e+00
-7.5165343285e-01
1.7467832565e+00
8.3850109577e-01
-2.1689736843e+00
-2.4934925139e-01
-2.8632452488e+00
-1.2752791643e+00
3.9815461636e-01
-1.3184041977e+00
-2.6475909352e-01
-1.0719233751e+00
-4.3762087822e+00
-4.5642561913e+00
1.9643623829e+00
2.1830408573e+00
-1.9608030319e+00
2.5650222301e+00
-2.4761416018e-01
1.5371472836e+00
2.0180473328e+00
1.3834853172e+00
-8.6031872034e-01
9.8203861713e-01
8.0169856548e-02
-1.5544559062e-01
-7.9645752907e-01
1.9590977430e+00
9.6021807194e-01
1.6895700693e+00
8.7668108940e-01
-6.2125557661e-01
2.3739728332e-01
3.5611972809e+00
5.7781291008e-01
7.5931280851e-01
2.1524078846e+00
9.0458631516e-01
-2.4131827354e+00
1.2558410168e+00
6.3178092241e-01
-9.5360690355e-01
-4.1068977118e-01
-7.8960847855e-01
-2.0209237933e-01
-1.3787522316e+00
-1.9336873293e+00
-1.6623120308e+00
4.5402622223e-01
2.1218948364e+00
5.5038660765e-01
2.2654621303e-01
1.5654857159e+00
6.9241742603e-03
-9.7628188133e-01
2.4876616001e+00
9.5113050938e-01
-1.7806603014e-01
2.0040440559e+00
1.7231861353e+00
1.4955924749e+00
1.7061870098e+00
2.2853732109e+00
3.2921769619e+00
-5.3707635403e-01
-3.2007387280e-01
1.8443402648e-01
9.4955027103e-01
-8.2589101791e-01
7.0957785845e-01
1.6341532469e+00
-4.5324259996e-01
-1.3314666748e+00
1.0403714180e+00
6.8778508902e-01
-2.2130110264e+00
-6.2169369310e-02
2.6031188965e+00
-3.6508232355e-01
1.2882143259e+00
5.8949446678e-01
-1.5230915546e+00
-8.9983791113e-02
4.8697164655e-01
8.5438799858e-01
1.7489087582e-01
7.8486579657e-01
9.4815337658e-01
1.7469011545e+00
5.8571505547e-01
-7.2172850370e-01
-1.2859859504e-02
-4.4637224078e-01
5.8079022169e-01
2.9993526936e+00
1.6215784550e+00
1.8755057454e-01
1.7946197987e+00
3.6036467552e+00
1.2900937796e+00
1.3300298154e-01
4.8264269829e+00
-1.3772779703e+00
-6.6617226601e-01
-3.4962661266e+00
2.2171905637e-01
-3.2077801228e+00
6.9892179966e-01
3.3172732592e-01
-2.0063993931e+00
-6.3616609573e-01
-3.3685758710e-01
-1.4632428885e+00
-9.7005236149e-01
-1.7305296659e+00
1.8201596737e+00
8.9008718729e-01
1.8853352070e+00
5.3410845995e-01
3.1909840107e+00
-3.1418865919e-01
2.7462506294e-01
9.2765051126e-01
1.3261725903e+00
-1.8796672821e+00
-4.1393381357e-01
1.3871148825e+00
3.4518775940e+00
-1.5265811682e+00
-2.2172112465e+00
2.0443246365e+00
1.7240374088e+00
-1.0294699669e+00
-2.0190384388e+00
-1.3134402037e+00
-9.3168246746e-01
1.6600624323e+00
-9.0109384060e-01
-4.6826282144e-01
2.1938269138e+00
8.1994795799e-01
-1.9309999943e+00
9.3185585737e-01
1.5027000904e+00
-2.5983247161e-01
-4.9005380273e-01
2.0181710720e+00
1.2241925001e+00
-2.6667346954e+00
-2.0026745796e+00
-3.7934663296e+00
-3.3146634102e+00
9.2354315519e-01
1.2521961927e+00
-2.6170341969e+00
4.2651754618e-01
3.5782670975e-01
2.1407074928e+00
1.5713394880e+00
2.3336195946e+00
1.3367556334e+00
3.4053203464e-01
6.4062255621e-01
-3.9062812924e-01
-7.9635435343e-01
-1.9926264286e+00
2.5994760990e+00
-1.2658616304e+00
-1.9193378687e+00
-2.0848908424e+00
-1.1556167603e+00
-1.8192601204e+00
1.4237418175e+00
3.3479511738e+00
-2.7366702557e+00
-1.1860790253e+00
-2.2399971485e+00
-1.4819711447e+00
-2.0694258213e+00
-2.1416141093e-01
1.1018490791e+00
3.3222097158e-01
-4.0671925545e+00
-1.4350434542e+00
2.0920325816e-01
-2.1945409775e+00
3.6913812160e+00
1.8965294361e+00
-1.6982995272e+00
7.0384126902e-01
-1.5183269978e+00
6.3515293598e-01
1.0894345045e+00
-1.0941536427e+00
8.4603065252e-01
2.1135191917e+00
-6.5835736692e-02
-2.1400084496e+00
-9.6000188589e-01
2.7079358697e-01
-1.5203120708e+00
-3.0809116364e+00
1.1996558905e+00
-7.0506381989e-01
-8.4633958340e-01
1.0153188705e+00
-1.9093074799e+00
-1.5630785227e+00
1.6169689894e+00
1.1158070564e+00
1.4916929603e-01
-1.0271962732e-01
3.2234761119e-01
-1.3614369631e+00
2.7270410061e+00
1.0329114199e+00
2.9765441418e+00
1.3676570654e+00
-2.5057361126e+00
-1.4155963659e+00
-4.6774020791e-01
1.3704460859e+00
4.7314947844e-01
-1.2452939749e+00
2.4262175560e+00
1.3957265615e+00
1.2290154696e+00
1.7066091299e+00
1.5920307636e+00
-2.0740646869e-02
-2.9057860374e+00
-1.1865732670e+00
-3.6820459366e+00
1.0435427427e+00
-1.8810175657e+00
-1.5091892481e+00
6.8332642317e-01
2.8783874512e+00
-2.0227389336e+00
-1.7364880443e-01
-1.1760708094e+00
-9.0532344580e-01
-3.3080313206e+00
-1.4103289843e+00
-3.4204373360e+00
-5.2265300751e+00
-3.2141232491e+00
-4.6663761139e+00
-6.6123640537e-01
2.3980775476e-01
1.8769800663e-01
-1.9816249609e+00
-3.8614594936e-01
3.3611920476e-01
-1.4891142845e+00
1.2109905481e-01
1.6346050501e+00
7.0629394054e-01
-1.2211836576e+00
2.5843960047e-01
-1.2615022063e-01
-5.4345363379e-01
-2.8467798233e-01
-1.8461070061e+00
1.2658232450e-01
-6.2146693468e-01
-1.1196128130e+00
-1.2603095770e+00
3.3706643581e+00
2.4544765949e+00
1.5626399517e+00
6.1498659849e-01
-2.1558899879e+00
-1.0407440662e+00
1.3160650730e+00
2.1387279034e+00
-1.6051977873e-01
-8.5396224260e-01
-4.5086887479e-01
1.6231667995e-01
-1.6379530430e+00
-1.0319237709e+00
9.7516065836e-01
9.3436014652e-01
-1.2533721924e+00
-2.0390361547e-01
-5.8586754799e+00
-3.4649009705e+00
-3.3361457288e-02
3.8700646162e-01
2.1114552021e+00
2.4075134099e-01
-8.7138903141e-01
-3.5452589393e-01
1.0450958014e+00
-1.0912191123e-01
1.9933024645e+00
4.3982177973e-01
1.8151431084e+00
1.2228378057e+00
8.2663309574e-01
3.5131523013e-01
-1.7375878990e-01
-3.1323462725e-01
-1.6441825628e+00
-4.3846802711e+00
-9.1747474670e-01
-1.8847147226e+00
1.6912537813e+00
1.3786695004e+00
-1.6254808009e-01
-9.0086412430e-01
8.8338755071e-02
-1.1170580387e+00
6.3267737627e-01
-7.7862334251e-01
-6.6034302115e-02
-5.9526199102e-01
-5.1496758461e+00
-4.6953225136e+00
1.3891923428e+00
4.0487813950e-01
3.4274914861e-01
1.3223913908e+00
3.2464110851e+00
2.9455106258e+00
-3.1540973186e+00
-1.4056173563e+00
-2.5528186560e-01
4.8348492384e-01
-2.2300996780e+00
-2.3088288307e+00
-1.0841919184e+00
-1.8860756159e+00
1.1540970802e+00
1.0996584892e+00
3.0651387572e-01
1.9225976467e+00
-3.5294406414e+00
-1.7208050489e+00
1.8936115503e+00
-2.3433564603e-01
-2.9338800907e+00
-9.4830465317e-01
9.7291570902e-01
-3.7824805826e-02
-7.3696535826e-01
-5.6731134653e-01
3.6656758189e-01
1.3356785476e-01
7.4500270188e-02
-4.1493335366e-01
-1.2644701004e+00
4.9086388946e-01
-7.3307275772e-01
-2.2553410530e+00
-1.3648453951e+00
-2.8162649274e-01
5.6454581022e-01
-2.1009695530e+00
-4.8848253489e-01
-6.4958852530e-01
1.1659545898e+00
8.2953059673e-01
9.9722182751e-01
-8.6114841700e-01
-1.2923496962e+00
-1.1686016321e+00
2.4723343849e+00
7.9908438027e-02
-9.4496554136e-01
-3.0251583457e-01
-3.7534841895e-01
-6.2835907936e-01
-6.7708277702e-01
-7.3594677448e-01
-2.5685918331e+00
-3.0210649967e+00
-6.9334882498e-01
-3.3136579394e-01
4.0259090066e-01
1.3304702044e+00
-6.5370327234e-01
1.7356865406e+00
-1.8014996052e+00
-3.8531777263e-01
2.0636968613e+00
1.5974328518e+00
-5.7873910666e-01
-1.8545674086e+00
-3.0712299347e+00
-3.4306773543e-01
7.7008414268e-01
-1.2234989405e+00
2.4871993065e-01
1.2331762314e+00
-1.2647813559e+00
2.6850879192e-02
1.0121470690e-01
-1.4580749273e+00
-3.6266946793e-01
4.8949652910e-01
1.8906079531e+00
1.9152065516e+00
9.3673938513e-01
1.9212266430e-02
-1.4799935818e+00
-1.6216054559e-01
-1.2153269053e+00
-2.9680221081e+00
-6.1750781536e-01
5.1464527845e-01
8.2290112972e-01
2.2360842228e+00
1.0290975571e+00
3.2645037174e+00
5.9506028891e-01
2.3518027365e-01
7.2940433025e-01
-2.3648004532e+00
5.1726236939e-02
1.5349721909e+00
1.7899641395e-01
-5.5747783184e-01
3.0039611459e-01
1.1080955267e+00
-8.8766223192e-01
-2.1529796124e+00
-5.8204793930e-01
3.4571301937e-01
-3.0415639281e-01
-2.2120263577e+00
-7.2321540117e-01
-3.0899887085e+00
-1.5041813850e+00
-2.1785991192e+00
2.1332418919e+00
1.3656237125e+00
-2.3401906490e+00
-3.9751076698e-01
-6.3519582152e-02
-2.0828106403e+00
5.4377299547e-01
-1.8411093950e-01
1.0886988640e+00
-1.7703557014e+00
1.7471361160e+00
7.8347802162e-01
-4.9140222371e-02
-7.7564215660e-01
1.9755188227e+00
3.1418449879e+00
-5.0130814314e-01
-2.5915710926e+00
2.3956325650e-01
1.4899114370e+00
-2.0475027561e+00
-1.3643881083e+00
-1.8646208048e+00
6.0563094914e-02
-1.9750685692e+00
-9.9051505327e-01
-5.2939343452e-01
-2.6642483473e-01
-5.6693309546e-01
1.5318953991e-01
-2.9066312313e+00
-2.2248709202e+00
1.0174036026e+00
-2.5706050396e+00
2.8697219491e-01
1.3457281590e+00
7.5036257505e-01
-1.0262883902e+00
2.8856953979e-01
1.9808486700e+00
-1.2904075384e+00
-5.9962594509e-01
3.2380945683e+00
5.4089057446e-01
-1.1345745064e-02
4.5996761322e-01
1.0805708170e+00
8.8506722450e-01
-3.2797574997e-01
8.0988286063e-03
-1.1493413448e+00
-2.7193513513e-01
-5.2782659531e+00
-1.6783350706e+00
7.8725345433e-02
2.1153976917e+00
-1.5290188789e+00
4.1044884920e-01
-7.1559774876e-01
6.6827660799e-01
-2.8338501453e+00
-2.4224326611e+00
3.5331428051e-01
1.5049305558e-01
-3.6622861028e-01
-1.9124077559e+00
-4.8360732198e-01
-2.4052128792e+00
1.3845918179e+00
3.2915432453e+00
-2.0642030239e+00
-3.2643134594e+00
-2.2309553623e+00
-2.1538109779e+00
-4.0984883308e+00
-1.2273519039e+00
-1.2876583338e+00
-2.1620163918e+00
4.0597739816e-01
1.0806190968e+00
1.8496267498e-01
-1.8195156753e-01
-2.9750695229e+00
-2.2327542305e+00
1.9740762711e+00
-6.6299986839e-01
5.4544854164e-01
-2.2576406002e+00
-5.2943598479e-02
1.2221970558e+00
2.1822638512e+00
2.1109805107e+00
-6.0955184698e-01
-6.8058854342e-01
6.5316838026e-01
1.5028264523e+00
6.6855072975e-01
-5.6132912636e-01
-1.4830495119e+00
-1.4796615839e+00
4.1942623258e-01
-3.6356744170e-01
1.6601543427e+00
7.8672587872e-01
-2.7243977785e-01
-7.3860973120e-01
-9.2919057608e-01
-7.6190745831e-01
2.4079298973e+00
1.7842339277e+00
2.6333892345e+00
2.0543602109e-01
2.0227360725e+00
6.1623740196e-01
-6.3272994757e-01
-1.9729157686e+00
-1.5751258135e+00
-2.3338437080e+00
-4.0572223067e-01
-7.5862157345e-01
1.3964144886e-01
-5.1929736137e-01
-1.8704950809e+00
-1.6865067482e+00
3.0094560981e-01
6.1371928453e-01
1.4625591040e-01
1.1849011183e+00
-1.8769491911e+00
-1.7860233784e-01
-2.5568902493e+00
-2.0932154655e+00
2.3272089958e+00
1.6217555106e-01
1.2402915955e+00
7.1261925623e-03
-1.7702223063e+00
2.9834464192e-01
1.9240762293e-01
1.7917824984e+00
3.1392350197e+00
1.3048522472e+00
-1.6371399164e-01
2.1528111398e-01
3.3299927711e+00
2.4065885544e+00
-3.0714120865e+00
-2.6628684998e+00
1.1566754580e+00
1.4145718813e+00
-3.5013467073e-01
1.9695399702e-01
2.5082784891e-01
2.5454974174e+00
4.9612793326e-01
-1.4259481430e+00
7.5045132637e-01
5.7271045446e-01
1.2636934519e+00
1.8275634050e+00
-1.7894308269e-01
-2.4878893793e-01
1.5650551319e+00
2.7144021988e+00
3.5653889179e+00
8.5732203722e-01
-2.5571963787e+00
-2.8164680004e+00
1.6486585140e+00
1.4606405497e+00
1.2862545252e-01
-1.5725637674e+00
1.4356133938e+00
-1.5959829092e-01
5.1927149296e-01
1.3531513214e+00
7.9957395792e-02
-4.5600339770e-02
3.7658601999e-01
-1.7648801804e+00
-2.8120756149e+00
-1.7465677261e+00
-1.6795843840e+00
-3.2227883339e+00
-1.3843038082e+00
-2.4042594433e+00
-8.5638052225e-01
-2.4915740490e+00
-1.3001873493e+00
1.4731164277e-01
-3.0293693542e+00
-1.3108729124e+00
2.0417358875e+00
6.5733253956e-01
-6.2327784300e-01
1.0851143599e+00
-1.9357767105e+00
-4.2767471075e-01
4.6014899015e-01
1.8177717924e+00
-7.7133518457e-01
6.7396275699e-02
-9.5824754238e-01
-1.4546388388e+00
-7.9521572590e-01
-2.8127253056e-02
4.6624058485e-01
1.0292521864e-01
3.6127358675e-01
-1.0511057377e+00
-1.7021486759e+00
-1.3153580427e+00
1.9244909286e+00
-6.3442826271e-02
1.6255000830e+00
4.9996820092e-01
2.2480955124e+00
1.0497611761e+00
1.7024924755e+00
1.2722412348e+00
-6.5258097649e-01
-6.7891216278e-01
-3.5747906566e-01
-8.9628922939e-01
1.1166764498e+00
9.6872466803e-01
-8.4814584255e-01
-2.0965888500e+00
-6.2940454483e-01
-1.5004166365e+00
1.1572492123e+00
5.5520200729e-01
1.2658461332e+00
6.0614675283e-01
-1.2267479897e+00
7.4163281918e-01
-7.5423854589e-01
-2.3271171749e-01
2.3605196476e+00
1.7095950842e+00
-3.3850732725e-03
-3.1839498878e-01
3.0355778337e-01
-1.6320489645e+00
2.4334654808e+00
2.5262012482e+00
-1.1536641121e+00
-1.8494539261e+00
2.1816337109e+00
9.4473695755e-01
6.8052041531e-01
-1.0801748037e+00
-2.3415117264e+00
-2.5982599258e+00
-4.2261356115e-01
5.7141435146e-01
6.6593313217e-01
1.1670013666e+00
-4.6723312140e-01
-1.7067497969e+00
3.4165459871e-01
1.7791963816e+00
-1.9695675001e-02
1.1995244026e+00
1.4776701927e+00
3.7903526425e-01
-2.1941325665e+00
6.5735214949e-01
1.4566600323e+00
1.8932372332e+00
1.9636473060e-01
2.0452751219e-01
-3.3030584455e-02
-6.2448537350e-01
-1.1265789270e+00
-1.9337799400e-02
-3.4550997615e-01
-6.6182148457e-01
-3.0597412586e+00
-1.9822324514e+00
-2.5231242180e+00
-1.3076629639e+00
-7.7755945921e-01
-1.4691077471e+00
1.6775720119e+00
1.5497653484e+00
-1.3824845552e+00
-1.0327395201e+00
-3.0514764786e+00
-4.2800097466e+00
-4.4148273468e+00
-2.6578137875e+00
1.9384773970e+00
1.0324180126e+00
-1.3790762424e+00
-8.4092378616e-01
1.1903076172e+00
1.3418109417e+00
1.6247181892e+00
1.6409653425e+00
8.1673258543e-01
1.6470729113e+00
-1.0399882793e+00
1.4960329235e-01
-1.7948943377e-01
-1.5360398293e+00
9.3915730715e-01
8.0359864235e-01
4.1916158795e-01
-1.2242496014e-01
6.5514236689e-01
-1.4202576876e+00
1.5781466961e+00
2.6738436893e-02
-2.0917227268e+00
-2.5387408733e+00
6.6540175676e-01
-9.3075233698e-01
-1.4320702553e+00
-2.0866374969e+00
-6.3284397125e-01
8.4162634611e-01
2.1279394627e-01
7.8183192015e-01
-5.0278916359e+00
-2.7565162182e+00
-3.2946017385e-01
-5.1398050785e-01
-1.0605379939e-01
2.9899185896e-01
6.4865124226e-01
2.6938326359e+00
4.4046115875e-01
-2.3298163414e+00
1.7233029604e+00
3.6780121326e+00
1.3220667839e+00
4.1277813911e-01
2.0891109109e-01
-8.9230006933e-01
5.6818652153e-01
2.1560056210e+00
2.4911878109e+00
1.0420787334e+00
1.1247998476e+00
1.1664106846e+00
-3.8226045668e-02
-2.5542423129e-01
-1.1277044564e-01
-2.2704398632e+00
1.1457183361e+00
2.4534134865e+00
-2.1722535789e-01
-2.7230863571e+00
1.6260801554e+00
3.7100014091e-01
-1.2134541273e+00
-8.4219735861e-01
-2.0218577385e+00
-2.6749598980e+00
-5.2077633142e-01
-3.5401353240e-01
4.9979415536e-01
1.4763014317e+00
-2.7703741193e-01
-8.8021790981e-01
-1.0462884903e+00
-2.8868331909e+00
-4.4922748208e-01
8.1001895666e-01
1.6483116150e+00
1.9400744438e+00
4.8841688037e-01
-2.1565774083e-01
9.9133998156e-01
9.0215140581e-01
9.5930457115e-01
1.0821096897e+00
-2.2930557728e+00
-9.6085917950e-01
-2.4426789284e+00
-3.8036980629e+00
-5.2575337887e-01
-1.5337058306e+00
9.5151180029e-01
6.0471850634e-01
-4.0679767728e-02
-1.4404853582e+00
-7.3294287920e-01
-3.3691103458e+00
8.5840803385e-01
2.1387569904e+00
-6.2702369690e-01
-1.3636809587e+00
-7.5797903538e-01
5.2324846387e-02
-7.7460598946e-01
-2.3871004581e+00
5.4540669918e-01
2.5524153709e+00
2.0164230466e-01
-1.4023890495e+00
2.0942330360e-01
2.8891408443e-01
-5.3767091036e-01
-2.8522524834e+00
1.3766652346e-01
3.7192085385e-01
-2.0060298443e+00
-1.6215939522e+00
-5.2796709538e-01
-1.3671675920e+00
6.9802689552e-01
1.7686600685e+00
-1.3310484588e-01
-9.7072786093e-01
-1.3213233650e-01
7.7523553371e-01
1.4726760387e+00
3.4468953609e+00
-7.2841787338e-01
5.9503501654e-01
7.2326660156e-01
1.1218041182e+00
-1.3679703474e+00
-1.8737177849e+00
-5.7592546940e-01
-1.3382409811e+00
1.4551926851e+00
2.6089632511e-01
-6.2548756599e-01
-1.2895114422e+00
-6.7256391048e-01
-2.9445672035e-01
-9.2858004570e-01
-2.9695117474e+00
-1.6498992443e+00
-2.0402357578e+00
5.0170493126e-01
-3.2077503204e-01
-1.2024580240e+00
9.1046255827e-01
8.5219752789e-01
-8.6790388823e-01
-5.0804424286e-01
2.5783270597e-01
1.6763935983e-01
-8.3812677860e-01
-1.7995998263e-01
-4.5046491623e+00
1.1686154455e-01
-3.6007609367e+00
9.5494943857e-01
1.4314248562e+00
2.9906961918e+00
-6.4028203487e-02
-1.5381306410e+00
-1.6455910206e+00
-8.2766747475e-01
-1.7567924261e+00
-1.5313699245e+00
-3.3298557997e-01
8.3595359325e-01
-1.1976795644e-01
-4.0459454060e-01
-1.1477619410e-01
-2.4258735776e-01
-1.3979300261e+00
8.6464369297e-01
1.1736202240e+00
2.9670512676e+00
2.3774378300e+00
-1.7142525315e-01
-1.7448082566e-01
-2.0687330980e-03
1.2735112906e+00
-1.3133020401e+00
4.7240072489e-01
-8.0585777760e-01
1.7509754747e-02
-1.5538169444e-01
6.7735898495e-01
-1.3955423832e+00
-1.8260409832e+00
-1.7369232178e+00
-2.0430731773e+00
-1.4714126587e+00
2.9285624623e-01
-5.7589352131e-01
2.4912647903e-01
3.7450542450e+00
2.0896618366e+00
4.3577146530e-01
1.2448698282e+00
2.3079924285e-01
1.3220573664e+00
3.4671595693e-01
-8.2779484987e-01
8.7888807058e-01
3.5200303793e-01
-2.2287819386e+00
-2.4650065899e+00
-1.1480846405e+00
-1.8049387932e+00
6.8602192402e-01
1.8784316778e+00
1.3977670670e+00
1.1769031286e+00
-1.9366505146e+00
-1.4821512699e+00
1.6207209826e+00
2.2238640785e+00
-2.3978447914e+00
-1.3430449963e+00
1.3693557680e-01
-6.7128837109e-01
1.4097673893e+00
1.8910765648e+00
1.3617323637e+00
1.1618231535e+00
-5.4414518178e-02
1.5447720289e+00
-2.6439011097e+00
-2.1736912727e+00
8.3499193192e-01
1.0641546249e+00
-3.1022787094e+00
-1.1280865669e+00
-2.7168729305e+00
-2.5043339729e+00
-5.0517070293e-01
-1.8312627077e+00
-6.4775717258e-01
9.0159550309e-02
-1.1201277971e+00
-2.7778139114e+00
-6.5169650316e-01
-1.6488324404e+00
-2.0254130363e+00
1.4946166277e+00
4.1865205765e-01
-2.7364661694e+00
-1.1912493706e+00
-9.0660488605e-01
-4.2804837227e+00
-4.2525343895e+00
-1.3308393955e+00
-1.0412381887e+00
2.0680921078e+00
2.8879709244e+00
-4.0915865898e+00
-3.4215381145e+00
1.3749883175e+00
2.1986625195e+00
1.0066494942e+00
9.0397441387e-01
1.7913390398e+00
9.1597542167e-02
3.8552728295e-01
-1.3934545517e+00
1.5963865519e+00
9.3386340141e-01
-1.9162546396e+00
-8.7926441431e-01
-2.4146343768e-01
9.1497939825e-01
-5.4587817192e-01
-1.0809502602e+00
3.0461189151e-01
1.4560200274e-01
-9.0537738800e-01
6.2812101841e-01
-1.3653624058e+00
-1.4154157639e+00
-2.9504363537e+00
-1.1334669590e+00
-1.9026013613e+00
-8.5872524977e-01
-3.3348262310e+00
-4.0272555351e+00
-2.9446096420e+00
-3.6761236191e+00
2.1386377811e+00
4.0623676777e-01
