# Shape: [128, 64, 2]
# Original tensor was reshaped from [128, 64, 2] to 1D array
-6.5442192554e-01
4.8577839136e-01
8.3574706316e-01
-1.0353512764e+00
1.2627804279e+00
-1.2033589184e-01
1.6235402226e-01
-2.0779341459e-01
1.8155313730e+00
1.2658833265e+00
-3.7653868198e+00
-2.3459197581e-01
-8.1481814384e-02
-6.2151962519e-01
1.6002938747e+00
-1.8686099350e-01
7.0765221119e-01
4.4986787438e-01
-4.5363709331e-01
-3.2446905971e-01
-2.5284261703e+00
-1.3348893821e-01
5.5922502279e-01
-5.7070946693e-01
-3.8111753464e+00
-1.8556307554e+00
-6.5397778526e-03
-2.8489941359e-01
1.6533571482e+00
8.8082736731e-01
2.1915891171e+00
1.9217893481e-01
2.3581273556e+00
1.1797031164e+00
-1.2253345549e-01
-6.5537869930e-01
2.3929815292e+00
1.0112956166e-02
7.5389516354e-01
-1.2711799145e-01
7.0534512401e-02
1.2592828274e+00
-4.2663395405e-02
9.5285189152e-01
-2.0166382790e+00
-1.0340095758e+00
-8.4264606237e-01
-1.0592616796e+00
1.5781719685e+00
8.5875794291e-02
2.0106451511e+00
-5.1118921489e-02
-1.7285935879e+00
-1.2953051329e+00
-6.4549016953e-01
2.3628884554e-01
1.2775007486e+00
1.3106155396e+00
6.6944801807e-01
4.7690105438e-01
-8.5376656055e-01
3.6040091515e-01
-7.7422201633e-01
-9.7579991817e-01
3.3923798800e-01
1.0539373159e+00
1.9621403515e-01
5.3568504751e-02
-1.6437439620e-01
1.4249756336e+00
-9.1478514671e-01
1.3419380188e+00
-1.5130861998e+00
-8.9717990160e-01
3.0561625957e-01
2.4997897446e-01
-6.4399707317e-01
-8.2828693092e-02
-1.2079731226e+00
1.3143531047e-02
6.4081448317e-01
5.8836191893e-01
2.3889632523e-01
-4.0171712637e-01
-3.0389079452e-01
-1.3524523973e+00
-4.3918409944e-01
-2.0664207637e-01
1.1887754202e+00
-1.4908338785e+00
-1.1651152372e+00
8.6301249266e-01
1.2998081744e-01
2.5711962581e-01
1.5216714144e+00
9.7257477045e-01
-1.0915423632e+00
-6.9662833214e-01
-9.3653708696e-01
-7.6203350909e-03
1.6623841524e+00
2.7500477433e-01
-5.1399550438e+00
-2.5565419197e+00
-3.2894017696e+00
-1.9423125684e-01
-1.9441437721e+00
-5.3561955690e-01
-1.1085180044e+00
-5.1781632006e-02
-2.4600141048e+00
7.1391004324e-01
-1.0314751863e+00
-3.4935536385e+00
-8.3620600402e-02
-9.5239251852e-01
1.1920925379e+00
-2.4012506008e-01
-1.7021335363e+00
-1.0331571102e+00
-5.1824769974e+00
-1.2226895094e+00
-2.0481283665e+00
-1.1413999796e+00
-2.5396702290e+00
-5.8057415485e-01
-3.4670865536e+00
-2.1276977062e+00
1.5716353655e+00
6.0192745924e-01
-2.3645718098e+00
1.0558042526e+00
5.4614014924e-02
1.0147606134e+00
-1.3179241121e-01
1.3056005239e+00
-1.0932915211e+00
-1.7143491507e+00
-1.1517832279e+00
7.4512857199e-01
3.2329699993e+00
2.8495931625e+00
2.1443232894e-01
-5.2262908220e-01
1.9094382524e+00
2.0720498562e+00
1.2394745350e+00
1.5352144241e+00
-2.0889145136e-01
-2.6850359440e+00
-1.5379198790e+00
-6.6761183739e-01
-4.9793377519e-01
-6.0027664900e-01
8.6677932739e-01
3.3570792675e+00
8.0419129133e-01
1.6950345039e+00
-2.4160242081e+00
6.1667120457e-01
2.8203184605e+00
2.7183308601e+00
-7.6084125042e-01
5.1201838255e-01
2.1038918197e-01
5.2958148718e-01
1.1196386814e+00
-1.4292067289e-01
-3.4845914841e+00
-1.1019375324e+00
2.4931759834e+00
2.6783490181e+00
-9.1224324703e-01
-9.8685628176e-01
4.4147306681e-01
1.3995301723e+00
2.0279316902e+00
4.8841848969e-01
-6.6815927625e-02
7.8788179159e-01
7.9414647818e-01
9.3409156799e-01
1.5529773235e+00
-2.3668082058e-01
3.1072590351e+00
2.8985946178e+00
2.0637619495e+00
-8.7672388554e-01
2.1336123943e+00
-4.8992582597e-03
2.6332449913e-01
-3.5264816880e-01
8.0020147562e-01
3.1931941509e+00
2.7419419289e+00
4.0578168631e-01
-1.1483455896e+00
-3.7810058594e+00
-1.9768834114e+00
-8.0869752169e-01
-3.1156992912e+00
-1.4168629646e+00
-9.5471608639e-01
-6.5272378922e-01
4.5214183629e-02
-7.0284175873e-01
2.1635091305e+00
2.0809509754e+00
-1.1187437773e+00
-3.5441347957e-01
1.3719195127e+00
2.0210907459e+00
-1.4904911518e+00
9.8359125853e-01
-3.6797833443e+00
-1.0990612507e+00
-1.7155600786e+00
-2.0219994709e-02
-1.2937937975e+00
-3.0185229778e+00
6.6539299488e-01
9.6392624080e-02
-2.4422075748e+00
-3.5359053612e+00
-2.8125579357e+00
-2.6437842846e+00
-1.3375067711e-01
-6.1383366585e-01
-2.1200606823e+00
3.0979150534e-01
-1.0351141691e+00
-2.2923562527e+00
1.7364948988e+00
5.9585773945e-01
-8.9678525925e-02
-1.6003701687e+00
3.5870291293e-02
2.0476791859e+00
-2.4994080067e+00
-2.1538815498e+00
1.8347428739e-01
-4.0029913187e-01
-2.7124502659e+00
-2.1233341694e+00
-4.1176721454e-01
-8.4199762344e-01
-8.9012002945e-01
-1.4163279533e+00
-1.3398101330e+00
-2.0772125721e+00
-6.0278785229e-01
-2.2711763382e+00
-1.3376312256e+00
-4.7963550687e-01
-5.6266796589e-01
-6.7778939009e-01
4.3302979469e+00
6.6295180321e+00
8.0216139555e-01
-1.4408887625e+00
-2.2371587753e+00
-1.2944622040e+00
4.2177224159e-01
8.7440603971e-01
4.0648899078e+00
-1.8900122959e-03
5.8869218826e-01
1.9598248005e+00
-1.2037960291e+00
3.7094792724e-01
-1.5684745312e+00
-8.1178158522e-01
-2.4210948944e+00
-2.0241146088e+00
-3.8900506496e+00
-3.1539196968e+00
-2.4630053043e+00
-4.4045681953e+00
2.3913207054e+00
4.9702734947e+00
3.6590759754e+00
3.0795331001e+00
3.9028937817e+00
-3.3239741325e+00
6.7159426212e-01
3.0086820126e+00
-1.5213434696e+00
-2.7673664689e-01
-3.1908171177e+00
-3.6560244560e+00
3.7993702888e+00
2.8255867958e+00
1.2992885113e+00
-3.1948229671e-01
-3.3984813690e+00
-7.6189160347e-01
-3.6928374767e+00
-5.0560183525e+00
3.3388075233e-01
-1.5925210714e+00
1.9249520302e+00
4.9780791998e-01
-7.6451077461e+00
-6.5302338600e+00
1.7286732793e-01
-7.4245038033e+00
-1.5003757477e+00
-2.8611292839e+00
-4.1243152618e+00
-3.1442809105e+00
3.5944042206e+00
-8.3371281624e-01
-9.3356251717e-01
-1.3459248543e+00
-5.0930473953e-02
-3.5189151764e+00
1.4431718588e+00
1.0800958872e+00
-2.0079691410e+00
-3.9364993572e+00
-4.0564064980e+00
-1.0393185616e+00
1.5688548088e+00
2.1313011646e+00
-1.8501819372e+00
3.0511012077e+00
4.6828069687e+00
5.2438073158e+00
7.7226524353e+00
8.9780797958e+00
-5.3170070648e+00
-1.8270956278e+00
-1.4677411318e+00
-5.5752724409e-01
-4.5189843178e+00
-5.1198272705e+00
3.5824291706e+00
5.5034551620e+00
-4.1241087914e+00
-7.3285408020e+00
-1.3531368971e+00
-3.0631356239e+00
-1.0641832352e+00
1.7817481756e+00
-4.7699917108e-02
-1.3873388767e+00
2.6277554035e+00
8.9781904221e+00
-1.9075238705e+00
-3.2896997929e+00
5.1996459961e+00
5.8345084190e+00
-7.5948655605e-02
4.7663598061e+00
-1.4409941435e-01
5.8325691223e+00
1.1270397902e+00
4.7605304718e+00
-8.0591768026e-01
-8.0045813322e-01
-5.8942170143e+00
-2.1433813572e+00
-3.8032600284e-01
-1.0619302988e+00
3.5217232704e+00
-6.5538468361e+00
4.5155053139e+00
6.3051648140e+00
2.9640002251e+00
3.9443151951e+00
4.1567973793e-02
1.8798553944e+00
2.0537432283e-02
7.1743345261e+00
5.8427900076e-01
6.0764324665e-01
8.9472318068e-03
-1.3283952475e+00
-1.4554116726e+00
7.7120298147e-01
3.7625536323e-01
-1.3490802050e+00
3.8370175362e+00
4.9389810562e+00
-1.5579212904e+00
-3.3766689897e-01
3.2386389375e-01
2.6629860401e+00
4.6624083519e+00
2.3818759918e+00
-2.5208709240e+00
9.2936611176e-01
5.5624184608e+00
2.0149683952e+00
-6.5772862434e+00
1.9132006168e+00
-1.7440073490e+00
-5.0718579292e+00
5.1860105991e-01
1.3011395931e+00
2.1146690845e+00
3.0203526020e+00
-2.8221266270e+00
-2.2780203819e+00
7.6682400703e-01
-1.8792374134e+00
9.4542518258e-02
-9.6493726969e-01
-2.8188970089e+00
-3.9165167809e+00
-1.7163867950e+00
-4.5784988403e+00
4.1128025055e+00
4.4143958092e+00
-1.9456093013e-01
5.7556262016e+00
-8.1956088543e-01
1.7625094950e-01
-1.4734117985e+00
-2.4317648411e+00
4.5351114273e+00
1.8711946011e+00
1.3267502785e+00
2.1005046368e+00
2.2058506012e+00
2.7064206600e+00
-5.5659384727e+00
1.9808731079e+00
-4.9497470856e+00
-5.3150215149e+00
1.3788582087e+00
2.3703563213e+00
3.9678525925e+00
3.1012558937e+00
2.3433604240e+00
2.9261426926e+00
-5.6788072586e+00
-9.9903517962e-01
7.0336037874e-01
-4.7985887527e+00
4.3738217354e+00
5.1907835007e+00
5.5865101814e+00
-6.6293382645e-01
-3.0495369434e-01
-5.8528804779e+00
-2.8836424351e+00
-4.6380801201e+00
-3.3596696854e+00
3.0219883919e+00
3.3402180672e+00
-5.1743869781e+00
4.9253315926e+00
-1.4780369997e+00
8.7066763639e-01
2.7345100045e-01
-2.1675870419e+00
3.8911938667e-01
-1.1468682289e+00
2.1083157063e+00
-2.9782049656e+00
-1.9241118431e+00
-3.8606362343e+00
1.1349885464e+00
4.4484095573e+00
3.3119444847e+00
2.7251489162e+00
3.8234069347e+00
-3.7734534740e+00
3.0880544186e+00
-3.2183349133e+00
2.7216935158e+00
-1.8862109184e+00
4.8400902748e+00
-1.4387571812e+00
-2.0386793613e+00
-5.5051523447e-01
-2.6045114994e+00
-9.2639690638e-01
-3.0746366978e+00
3.4549410343e+00
-1.5041844845e+00
-3.6907930374e+00
-1.1143584251e+00
-1.0905537605e+00
3.9337425232e+00
-4.1410231590e+00
-4.5709314346e+00
2.1880793571e+00
6.3186407089e-01
-5.1652014256e-01
-5.9870138168e+00
-2.3282983303e+00
-1.2264889479e+00
-4.7104630470e+00
-4.4699492455e+00
2.0687949657e+00
-1.1704915762e+00
6.9315987825e-01
4.8241519928e+00
1.5694886446e+00
1.0903214216e+00
-5.3761558533e+00
-6.0839390755e+00
-7.1058506966e+00
-5.3900332451e+00
-7.3626434803e-01
4.6320600510e+00
-3.6794185638e+00
-3.1612644196e+00
-2.1887385845e-01
-9.5581722260e-01
-7.2766631842e-01
-2.5839750767e+00
-1.1689053774e+00
-4.2192733288e-01
1.3792825937e+00
1.9187802076e-01
-1.2972424030e+00
-3.8973259926e+00
-2.0750607550e-01
3.5340011120e+00
1.1622233391e+00
1.4783261716e-01
-5.0669872761e-01
-1.9047911167e+00
3.0084564686e+00
4.1447405815e+00
1.2345756292e+00
-2.8025829792e-01
-2.5355356932e-01
-2.0980315208e+00
-1.2078686953e+00
2.1909952164e+00
-2.7506783009e+00
-3.4357151985e+00
-2.7883369923e+00
-6.4066929817e+00
-9.1751003265e-01
-2.9830298424e+00
3.8795781136e+00
5.7898278236e+00
1.1584720612e+00
8.0356281996e-01
1.0737223625e+00
-6.4981031418e-01
-1.4968049526e+00
-4.7545528412e-01
1.4108452797e+00
2.6117327213e+00
-5.4868125916e-01
2.3773849010e+00
1.8268765211e+00
-2.7605777979e-01
-1.2328542471e+00
-1.3197913170e+00
-1.9710369110e+00
-5.0759577751e+00
-6.5597459674e-02
3.7963386625e-02
5.8651626110e-01
1.1455025673e+00
4.7803694010e-01
-1.1241594329e-02
-1.0352419615e+00
-1.7960112095e+00
3.8931706548e-01
-1.7288099229e-01
3.3556907177e+00
1.9223262072e+00
6.1758700758e-03
3.1177680492e+00
2.5729152560e-01
-1.2217301130e+00
-1.0612163544e+00
-3.0873467922e+00
8.8873195648e-01
-1.8155658245e+00
-2.9232056141e+00
-3.0032107830e+00
5.7122808695e-01
1.5074034929e+00
-2.2140915394e+00
-1.0721441507e+00
1.5696179867e-01
-5.7835507393e-01
1.3369834423e+00
4.3057221174e-01
-1.5596580505e+00
-1.7427334785e+00
-2.6721668243e-01
-6.6328454018e-01
1.6791996956e+00
2.6507935524e+00
1.3971502781e+00
4.7214980125e+00
8.4700459242e-01
-2.5700697303e-01
1.3531335592e+00
-1.0411188602e+00
-8.6696571112e-01
-6.4123535156e-01
-2.6451187134e+00
-2.8036463261e+00
-1.5827494860e+00
-3.2788131237e+00
1.0714100599e+00
1.2290663719e+00
-5.4224658012e-01
2.7585160732e+00
-1.3503911495e+00
-3.1747169495e+00
4.1036456823e-03
-1.0558819771e+00
-1.9817301035e+00
-2.5045907497e+00
-4.4971442223e-01
3.9151588082e-01
2.0718193054e-01
9.3336462975e-01
1.4065382481e+00
1.1755878925e+00
-6.3084316254e-01
-2.0294730663e+00
-9.6280509233e-01
5.9740310907e-01
1.5259739757e-01
-3.1790071726e-01
9.8021548986e-01
1.8928308487e+00
-1.8756062984e+00
-5.2210931778e+00
-1.9167562723e+00
-2.2951622009e+00
1.8309109211e+00
4.1703042984e+00
-7.1270829439e-01
-9.1906332970e-01
8.2819926739e-01
-1.5924834013e+00
2.3199027777e-01
-1.4140805006e+00
1.9235579669e-01
-2.5605447292e+00
1.5570765734e+00
-6.0315370560e-01
1.9645998478e+00
-1.0921435803e-01
1.7414128780e+00
3.3224326372e-01
-5.0773291588e+00
3.7447077036e-01
3.3590424061e+00
1.3619153500e+00
8.6816537380e-01
4.1248965263e-01
-4.4996380806e-01
-9.3723368645e-01
-3.4843975306e-01
1.2798362970e+00
-2.6812889576e+00
-1.8442209959e+00
1.3162966073e-01
-1.2076144218e+00
-1.8647913933e+00
-9.9454957247e-01
1.7600672245e+00
1.2138470411e+00
1.1393780708e+00
3.0046756268e+00
8.6250573397e-01
9.1823756695e-02
1.6097618341e+00
1.0945270061e+00
9.2535483837e-01
8.2741504908e-01
1.2331815958e+00
1.4248170853e+00
3.3357569575e-01
2.1696071625e+00
-1.9943989515e+00
-2.8299074173e+00
-1.4501683712e+00
1.4669959545e+00
-1.9641915560e+00
-1.9802246094e+00
-2.3059234619e+00
-1.5366539955e+00
1.9689875841e+00
8.1497156620e-01
-1.0333096981e+00
-6.0466450453e-01
-3.3187644482e+00
-4.3949741125e-01
-8.3334511518e-01
1.5750417486e-02
-6.1571711302e-01
-7.5359100103e-01
3.9566388726e-01
5.1221889257e-01
-8.9967936277e-01
1.2884417176e-01
-1.4337259531e+00
-5.8417743444e-01
-2.6874949932e+00
1.3171236515e+00
-8.7533843517e-01
3.7345102429e-01
1.2292476892e+00
-7.1978944540e-01
-4.3952637352e-03
-1.2271242216e-02
-1.5712035894e+00
-1.2495632172e+00
-4.9298489094e-01
-8.3220326900e-01
-2.5409119129e+00
-2.4255766869e+00
-1.6135560274e+00
-4.0078651905e-01
2.3560144901e+00
2.2729964554e-01
-2.6607078314e-01
-5.3613835573e-01
-3.7447788715e+00
5.1509368420e-01
-2.6539700031e+00
1.6032919288e-01
-9.4903841615e-02
1.4384173155e+00
-2.7255050838e-02
-1.1449949741e+00
1.1028900146e+00
-6.6837839782e-02
4.5648884773e-01
-1.3674529791e+00
-4.3158611655e-01
-8.8918256760e-01
-8.7317287922e-01
-1.0005110502e+00
-3.5880184174e-01
1.2137525529e-01
-5.5353636742e+00
-1.5840622187e+00
-2.0808873177e+00
-1.8774204254e+00
-9.6386037767e-02
-1.5176277161e+00
-1.9392339885e-01
9.1253846884e-01
-1.3649159670e+00
-1.5184338093e+00
-1.1589338779e+00
-2.8325286508e-01
-9.0732371807e-01
-3.7750017643e-01
8.6141449213e-01
7.6951146126e-01
-2.2441401482e+00
-2.0955853462e+00
-3.3818769455e+00
-1.1882450581e+00
-1.2022184134e+00
2.2763352394e+00
7.3485320807e-01
-8.6328107119e-01
-3.5442516804e+00
-6.1567449570e-01
2.9314692020e+00
2.8732521534e+00
-6.8658435345e-01
-1.5319706202e+00
-9.5122051239e-01
3.3013400435e-01
1.7293498516e+00
8.5826635361e-01
-1.4886691570e+00
1.7826972902e-01
2.4931011200e+00
-3.7039688230e-01
2.3039715290e+00
6.1226755381e-01
-2.1368150711e+00
-1.3467705250e+00
1.4639440775e+00
2.0274715424e+00
5.3141391277e-01
5.2493494749e-01
-2.4587483406e+00
-2.0810636878e-01
-4.8281963915e-02
-8.6043047905e-01
1.4976003170e+00
3.2296553254e-03
1.4745556116e+00
6.2593579292e-01
-8.4458261728e-01
-1.0050587654e+00
5.1477742195e-01
-1.1807688475e+00
-8.3241450787e-01
4.4067150354e-01
3.4403264523e-01
-3.1291741133e-01
8.5760605335e-01
1.5070583820e+00
-2.7298326492e+00
-2.7037894726e+00
6.2120693922e-01
-1.1291623861e-01
2.8558547497e+00
1.5693136454e+00
1.9089041948e+00
2.2957019806e+00
1.2192285061e+00
2.0442287922e+00
-2.3113110065e+00
-1.0899628401e+00
-1.0971788168e+00
4.1838863492e-01
4.9437826872e-01
-1.9235229492e-01
1.0720070601e+00
1.9350433350e+00
1.0049474239e+00
8.4430968761e-01
-2.0948500633e+00
-6.5632069111e-01
2.0220391750e+00
2.1081039906e+00
1.3433363438e+00
1.1137173176e+00
1.3504128158e-01
-4.8184955120e-01
-1.2146818638e+00
3.0008797646e+00
-5.2972102165e-01
-4.5933437347e-01
-1.1295326948e+00
-6.4378643036e-01
-1.5990421772e+00
-1.4702596664e+00
6.8279331923e-01
-6.0447335243e-01
-4.2661547661e-01
-4.5970037580e-01
4.1907768250e+00
8.1774818897e-01
-2.4600358009e+00
-1.5330976248e+00
-2.5494577885e+00
-4.6938359737e-01
-1.2685306370e-01
-1.6844291985e-01
1.0441222191e+00
-2.2066994011e-01
1.9055704772e-01
-7.3023873568e-01
1.3154349327e+00
7.4769032001e-01
1.8419308662e+00
2.8531479836e+00
-3.8993081450e-01
1.2679008245e+00
-1.3917113543e+00
-2.2219791412e+00
3.4632614255e-01
-4.0839231014e-01
1.4506377280e-01
-2.9894751310e-01
3.8192096353e-01
5.5855935812e-01
-5.0861740112e-01
2.1341836452e+00
1.9336250424e-01
-6.0006964207e-01
2.3445296288e+00
1.3358922005e+00
1.5739787817e+00
1.5760597587e-01
8.2494765520e-01
1.2849656343e+00
1.7260445356e+00
1.7370568216e-01
-6.6779971123e-02
-3.3929070830e-01
1.9759640694e+00
1.6067036390e+00
1.6779600382e+00
1.8856519461e+00
-7.1403634548e-01
-5.7609963417e-01
9.5912528038e-01
-1.3659911156e+00
1.3465074301e+00
1.2414627075e+00
5.9239327908e-01
9.5278181136e-02
5.1149463654e-01
1.9563609362e-01
3.8147121668e-01
-1.2848203182e+00
-2.1770222187e+00
1.0997775197e-01
1.5329447985e+00
1.4567184448e-01
-2.9692966938e+00
-1.0452047586e+00
2.3741154671e+00
1.9547404051e+00
6.1258859932e-02
-5.7331371307e-01
1.6277503967e+00
2.2482681274e+00
-8.1555444002e-01
-9.3938678503e-01
6.8623483181e-01
-1.7154147625e+00
4.9631217122e-01
-6.8145084381e-01
-1.3177057505e+00
-1.1877654791e+00
-4.8135068268e-02
1.0610860586e+00
1.1025567055e+00
8.5099363327e-01
5.6100821495e-01
2.5656449795e+00
4.0971413255e-01
1.4517718554e-01
-1.0571627617e+00
4.8475077748e-01
1.2357237339e+00
2.3456662893e-01
2.8846044540e+00
2.2833921909e+00
-2.6553249359e+00
-3.0888514519e+00
-7.2872060537e-01
3.3640411496e-01
-1.5453596115e+00
-9.5414727926e-01
-2.1819894314e+00
-2.0266788006e+00
2.4744937420e+00
3.0666896701e-01
1.6739307642e+00
-5.2583858371e-02
-1.4354953766e+00
-4.0024280548e-01
-9.1935801506e-01
-1.2956701517e+00
2.4945406914e+00
2.0111112595e+00
2.8628373146e+00
-2.2472240031e-01
1.1955186129e+00
-1.9702346623e-01
-7.3927849531e-01
-1.3587002754e+00
1.5586933494e-01
1.0389457941e+00
2.3750309944e+00
-2.0173594356e-01
1.2858769298e-01
-5.3689807653e-01
4.1224807501e-01
6.2119191885e-01
-3.4323236942e+00
-2.7448771000e+00
-4.9859213829e-01
3.9972850680e-01
-1.0314321518e+00
-1.5674570203e-01
4.8781890422e-02
1.9906674623e+00
-8.0707311630e-01
3.8510468602e-01
3.2783278823e-01
5.6839758158e-01
-3.4479711056e+00
-1.7732090950e+00
-1.6900293827e+00
7.3119306564e-01
-1.3209666014e+00
-4.9456253648e-01
-4.7432417050e-03
-6.8323081732e-01
-7.5434967875e-02
-8.3250588179e-01
1.4804549217e+00
1.5517438948e-01
-2.4265310168e-01
-2.3539574444e-01
-1.1612603664e+00
1.2642387152e+00
-1.6772990227e+00
-6.4932239056e-01
-2.5440707207e+00
-8.2731056213e-01
-2.3072509766e+00
-1.7648420334e+00
4.3660581112e-01
-2.2438070774e+00
2.7690902352e-01
9.9550908804e-01
-2.8481192589e+00
-3.4332950115e+00
-1.1961659193e+00
-2.0895349979e+00
-3.2089047432e+00
-1.6713986397e+00
1.1361052990e+00
8.3847016096e-01
-1.6519608498e+00
-1.1554130316e+00
-1.7937704325e+00
-3.8310116529e-01
2.1082931757e-01
-5.2169519663e-01
-2.1085314751e+00
-1.0772318840e+00
-3.7312424183e+00
-4.1012401581e+00
-7.2684532404e-01
-1.2699589729e+00
7.6377218962e-01
-7.4276715517e-02
1.1219114065e-01
9.9575406313e-01
2.1858830452e+00
9.7383594513e-01
-1.4626973867e+00
-1.2610962391e+00
1.1400766373e+00
-6.4350742102e-01
-8.0545890331e-01
-8.5328847170e-01
-1.9482418895e-01
-1.6941000223e+00
1.4912339449e+00
-2.7756816149e-01
1.1329627037e+00
1.1853580475e+00
-1.8192984164e-01
-9.1020584106e-01
-2.7907128334e+00
8.0829918385e-02
7.1439450979e-01
2.2846777439e+00
-1.0235740244e-01
2.5905280113e+00
-1.5922236443e+00
-2.0694391727e+00
5.9916615486e-01
-7.6041930914e-01
-3.6970967054e-01
-2.0855548382e+00
-8.3358764648e-01
-7.3668611050e-01
-1.2444581985e+00
-3.9439690113e-01
-4.4429618865e-03
-1.4393820763e+00
-5.3959792852e-01
-2.4975113869e+00
-1.2804826498e+00
-3.6082286835e+00
1.8741638660e+00
2.1790354252e+00
-1.4491629601e-01
-8.2025688887e-01
-3.2037744522e+00
-1.5339386463e+00
-1.6714218259e-01
7.2811859846e-01
-1.3916853070e-01
1.4572374523e-01
1.1883528233e+00
4.0291726589e-01
4.3926444650e-01
-1.1404931545e+00
-2.0281314850e+00
-1.6278804541e+00
2.4732847214e+00
1.4964418411e+00
2.3192152977e+00
1.6780157089e+00
4.7252297401e-02
-1.7388221025e+00
3.3084702492e-01
1.8245881796e+00
-4.3016204238e-01
1.5464608669e+00
6.8986696005e-01
3.1878790855e+00
1.3011807203e+00
-7.5338536501e-01
2.2567398548e+00
-4.5529317856e-01
-4.6184305102e-02
-2.3986010253e-01
1.0858248472e+00
-1.2518207729e-01
4.4145882130e-01
5.8428555727e-01
1.0883845389e-01
-9.5499134064e-01
2.1576170921e+00
2.3370654583e+00
1.1023163795e+00
3.3562634140e-02
-2.4933208525e-01
-2.1768724918e+00
1.0577661991e+00
1.8043085337e+00
-2.3669603467e-01
1.2940757275e+00
-1.0909389257e+00
6.6905878484e-02
2.7247327566e-01
3.1907680631e-01
3.8166597486e-01
2.1978175640e-01
-6.5173047781e-01
-6.2851709127e-01
1.3239096403e+00
1.3644713163e+00
6.5976589918e-01
-1.2947827578e+00
-9.3460071087e-01
2.5104716420e-01
1.3507362604e+00
-2.8430918232e-02
2.9778780937e+00
2.2006835938e+00
-3.2906660438e-01
-1.5830783844e+00
9.8452001810e-01
-6.9954419136e-01
-2.1356938779e-01
-8.6320286989e-01
2.6433053017e+00
2.4663412571e+00
2.7759628296e+00
1.8245394230e+00
-9.0709608793e-01
2.2169807553e-01
7.6546543837e-01
-4.1700956225e-01
2.3030703068e+00
8.6686164141e-01
4.6468910575e-01
-2.3293717206e-01
-1.6632910967e+00
-1.9108123779e+00
-3.2242176533e+00
-4.5404858589e+00
7.3031693697e-01
-5.5454343557e-01
-1.0829473734e+00
5.6763756275e-01
1.8897196054e+00
-1.3596507311e+00
-3.6229524612e+00
-4.0412869453e+00
-3.2938876152e+00
-3.2557802200e+00
-7.0159500837e-01
-3.8816168904e-01
-7.3409169912e-01
-1.7289316654e+00
-1.6059664488e+00
-2.6882031560e-01
1.4301729202e+00
1.8944814205e+00
6.2237520218e+00
5.5059423447e+00
-2.2191236019e+00
-1.9071688652e+00
-2.7846741676e+00
-2.3297955990e+00
2.2934734821e-01
-2.0618176460e-01
-4.7140407562e+00
-4.1357979774e+00
1.5168251991e+00
2.5989749432e+00
-3.3732292652e+00
-2.2731974125e+00
-1.1836274862e+00
-5.0448715687e-01
-8.5728240013e-01
-1.3443918228e+00
1.6089074612e+00
-6.8920397758e-01
4.1700782776e+00
3.9579684734e+00
-2.3089156151e+00
-2.9170117378e+00
-3.2327804565e+00
-4.2314486504e+00
-3.4179012775e+00
-3.1138412952e+00
1.1523330212e+00
-2.2050755024e+00
1.0175848007e+00
2.5095381737e+00
-2.1871483326e+00
-1.1104269028e+00
-3.0454623699e+00
-1.4475295544e+00
-9.5574194193e-01
1.7281906605e+00
7.3229426146e-01
-3.7594673038e-01
1.0531758070e+00
-1.0998865366e+00
-1.5004357100e+00
1.0798292160e+00
-2.1431279182e+00
-1.0446406603e+00
4.0910468102e+00
4.5378594398e+00
4.8626904488e+00
5.8670101166e+00
-4.9865630269e-01
-1.8360623121e+00
9.1909068823e-01
5.7055181265e-01
-3.2397398353e-01
-2.4794611931e+00
-2.1123847961e+00
-3.3170878887e-01
-5.4501571655e+00
-4.3954100609e+00
-5.0810009241e-01
-3.6146807671e+00
4.1465320587e+00
2.3202424049e+00
1.2526996136e+00
-4.6924525499e-01
4.6990685463e+00
4.9022831917e+00
-8.1172108650e-01
-8.5995668173e-01
5.9918770790e+00
5.1393318176e+00
4.8155239224e-01
1.7571785450e+00
3.1318099499e+00
1.6587561369e+00
3.0152759552e+00
2.0373992622e-01
-1.8107977509e-01
7.1616627276e-02
-1.4038603306e+00
-1.0084810257e+00
5.8950537443e-01
3.2135868073e+00
-4.0257942677e-01
4.4424790144e-01
6.0322742462e+00
6.4148659706e+00
-1.7066657543e+00
-1.2431041002e+00
1.6964095831e+00
1.1171476841e+00
-2.4096080661e-01
-3.1315612793e-01
3.5189390182e+00
3.0524089336e+00
2.2612130642e+00
2.8913092613e+00
-3.0281847715e-01
-1.1547757387e+00
3.0251975060e+00
2.3410539627e+00
3.1271419525e+00
4.0291566849e+00
-3.2046504021e+00
-2.4852383137e+00
-1.8408753872e+00
-2.6220800877e+00
1.2283375263e+00
3.3970408440e+00
-3.5709142685e-02
-2.0900681019e+00
2.4549696445e+00
1.7953786850e+00
-9.7720932961e-01
-1.7697736025e+00
5.6658017635e-01
-6.4454920590e-02
-2.4156072140e+00
-4.0879318118e-01
-4.8426836729e-01
5.1289671659e-01
1.8385393918e-01
5.6186299771e-02
3.6540651321e-01
1.9935934544e+00
-2.4609539509e+00
-2.3083038330e+00
-6.3965743780e-01
-1.7538226843e+00
-7.4826449156e-01
-8.9599150419e-01
2.6324937344e+00
2.0721716881e+00
-1.9123108387e+00
-1.7177743912e+00
-2.8379144669e+00
-2.0770978928e+00
-9.7711086273e-01
-2.4908211231e+00
3.5290250182e-01
1.3426676989e+00
1.1320623159e+00
1.9670428038e+00
2.0351043344e-01
-2.2565858066e-01
-9.5305991173e-01
-4.0775150061e-01
-2.8990833759e+00
-2.8348395824e+00
-6.3400588930e-02
2.0475737751e-01
3.3152785301e+00
1.8612627983e+00
1.4288362265e+00
1.4309432507e+00
-8.3975046873e-01
-2.8354518414e+00
-1.0844286680e+00
-1.6806633770e-01
1.0951247215e+00
2.0398306847e+00
1.8454418182e+00
2.5008168221e+00
-1.6469124556e+00
-1.5013812780e+00
-8.4262973070e-01
-1.1642386913e+00
-1.3299052715e+00
-6.9553351402e-01
-1.7988995314e+00
9.4213759899e-01
1.3334892988e+00
1.3273930550e-01
2.7239375114e+00
2.7068684101e+00
-8.2090383768e-01
5.4298490286e-01
1.1421102285e+00
3.2089656591e-01
-7.4434125423e-01
-9.8351520300e-01
-5.2060115337e-01
-1.5887573957e+00
1.0931267738e+00
1.5434625149e+00
6.7235505581e-01
1.6092375517e+00
1.1321067065e-01
-1.9886223078e+00
-2.2033276558e+00
-3.0561208725e+00
1.0994540453e+00
1.2559686899e+00
-2.4817848206e+00
-2.0621926785e+00
7.2585654259e-01
-1.0617967844e+00
-1.9601260126e-01
-7.7516216040e-01
9.3215250969e-01
-7.9373347759e-01
-2.1585571766e+00
-2.6920800209e+00
-2.1079912186e+00
-1.5226418972e+00
-1.8746175766e+00
-2.4885947704e+00
1.8673319817e+00
2.3605058193e+00
-1.8924974203e+00
-2.0696368217e+00
-9.1431224346e-01
-1.5533564091e+00
-2.9354205132e+00
-2.4664161205e+00
-8.8649678230e-01
-1.6348931789e+00
1.2384027243e+00
1.7794218659e-01
9.2584335804e-01
8.3818590641e-01
-2.9646203518e+00
-3.0315537453e+00
-2.9707083702e+00
-2.5939457417e+00
2.0936884880e+00
3.2612034678e-01
-2.7398982048e+00
-1.8181090355e+00
-9.2768514156e-01
7.6622271538e-01
1.0700476915e-01
-8.1244319677e-01
4.5544764400e-01
-1.5077549219e+00
4.6664744616e-01
-9.8017960787e-01
2.6224002838e+00
-1.1474233866e+00
3.1516175270e+00
2.4557328224e+00
-4.9603447914e+00
4.2062214017e-01
8.3102315664e-01
9.9780672789e-01
-2.8502199054e-01
3.4024208784e-01
-5.0962001085e-01
-7.1423178911e-01
-2.4953946471e-01
-5.0700604916e-01
-2.4905283451e+00
1.8119012117e+00
1.9815979004e+00
-7.9952949286e-01
-2.8418304920e+00
-2.1676337719e+00
2.3296248913e-01
4.7820317745e-01
9.9137151241e-01
5.1373726130e-01
1.7041172981e+00
-4.5685464144e-01
1.1024856567e+00
-2.6911684871e-01
1.8174571991e+00
1.1744970083e+00
2.0810377598e-01
1.5302988291e+00
9.3341761827e-01
2.5502830744e-01
-1.1729623079e+00
3.3964639902e-01
-1.5363134146e+00
-8.2925438881e-01
-2.2247974873e+00
-1.7070993185e+00
-1.2573680878e+00
-3.2436057925e-01
3.8624448776e+00
1.1239808798e+00
-3.6117780209e-01
-1.1439725161e+00
-3.2925436497e+00
-2.1475083828e+00
-2.8651220798e+00
-4.2678527534e-03
-3.0825802684e-01
5.0199878216e-01
5.9464454651e-01
1.9173538685e+00
-4.5967543125e-01
6.1230844259e-01
-1.3247747421e+00
-1.4730718136e+00
-1.7319799662e+00
-5.0338566303e-01
-2.4836087227e+00
-5.3989136219e-01
2.2213299274e+00
2.3840692043e+00
1.1546954513e-02
4.4348724186e-03
-3.3218901157e+00
-2.1647062302e+00
-1.4628802240e-01
-3.5146970302e-02
-9.8925852776e-01
-3.0844690278e-02
-2.2373878956e+00
-1.1453167200e+00
1.4516148567e+00
6.9857186079e-01
2.2268684581e-02
2.1497783065e-01
-2.4490432739e+00
-2.1972582340e+00
-8.6212521791e-01
-1.4902142286e+00
-2.9474288225e-01
-2.7132358551e+00
1.0618438721e+00
-1.8051619828e-01
1.4643944502e+00
8.4479182959e-01
9.1643393040e-01
-1.0752260685e-01
-8.3908832073e-01
-2.4419572353e+00
-6.3274079561e-01
-2.1149716377e+00
-3.2685998827e-02
-7.9490709305e-01
-6.4488558769e+00
-1.0231908560e+00
-2.9265415668e+00
5.6296163797e-01
-1.4615383148e+00
7.0489341021e-01
-1.3403003216e+00
-1.2451012135e+00
-2.5602703094e+00
-8.6496576667e-02
-2.6362226009e+00
-3.2083747387e+00
-7.6722234488e-01
-2.0101935863e+00
4.6261116862e-01
-1.5831055641e+00
-2.2542762756e+00
-1.7475495338e+00
-4.5132765770e+00
-7.8110665083e-01
-7.9426324368e-01
4.4858428836e-01
-2.1206064224e+00
4.1295483708e-01
-4.8224635124e+00
-3.6786768436e+00
-2.2334904671e+00
1.8302571774e+00
-2.2293043137e+00
2.5777974129e+00
2.1870012283e+00
-7.7412568033e-02
-4.8377008438e+00
8.0011457205e-01
5.5668821335e+00
-1.4791893959e+00
-5.1058297157e+00
5.8612170219e+00
7.2073537111e-01
-2.8563494682e+00
1.4442151785e+00
2.2271807194e+00
2.2133293152e+00
2.7182726860e+00
2.2483695298e-02
1.3135074377e+00
4.5449228287e+00
-3.1961236000e+00
-1.3657364845e+00
-7.0985801518e-02
-3.4948811531e+00
-5.2697238922e+00
1.8573483825e-01
-4.9247860909e+00
5.7166113853e+00
5.8132286072e+00
-2.2634654045e+00
5.3280482292e+00
-3.1678256392e-01
1.7561082840e+00
-2.4543497562e+00
-3.0148401260e+00
4.7187738419e+00
-1.1092519015e-01
1.2216525078e+00
1.9201511145e+00
6.7145884037e-01
1.9096206427e+00
-3.9976358414e+00
4.6224722862e+00
-4.7140088081e+00
-5.9559783936e+00
-9.9868714809e-02
-1.5600578487e-01
5.7831397057e+00
1.4280828238e+00
2.1218540668e+00
1.5159703493e+00
-5.8286504745e+00
3.5034875870e+00
5.4387168884e+00
-6.3599829674e+00
4.3648924828e+00
4.8346681595e+00
7.3241763115e+00
-1.1523774862e+00
3.0863087177e+00
-5.3944487572e+00
-8.2995414734e-01
-3.8646616936e+00
-5.2910313606e+00
4.6079678535e+00
5.2424755096e+00
-4.6203761101e+00
4.4854617119e+00
-3.1049919128e+00
-5.4116517305e-01
-4.9616906047e-01
-1.9455021620e+00
3.5266649723e-01
-2.6488906145e-01
3.0602014065e+00
-3.0817155838e+00
-1.1883457899e+00
-6.2386984825e+00
1.0503635406e+00
3.7753634453e+00
1.9381604195e+00
4.6623630524e+00
2.7776806355e+00
-4.6455607414e+00
2.6463253498e+00
-5.4840440750e+00
2.4684798717e+00
-5.3457064629e+00
5.0860195160e+00
-2.8364458084e+00
-1.1988910437e+00
-2.1000117064e-01
-1.9977188110e+00
5.3290772438e-01
-3.1131746769e+00
-4.1287735105e-01
-3.3482353687e+00
-4.6585149765e+00
1.1304444075e+00
-5.4358472824e+00
4.1652183533e+00
-3.0045652390e+00
-4.1091470718e+00
3.6643161774e+00
2.4516229630e+00
1.3960477114e+00
-5.8450951576e+00
-3.2460737228e+00
-8.7355867028e-02
-4.3869142532e+00
-4.5531969070e+00
2.6293017864e+00
-1.5230875015e+00
-2.4059841633e+00
3.5616133213e+00
1.1077706814e+00
1.8783637285e+00
-4.7200579643e+00
-6.0837988853e+00
-5.0082235336e+00
-5.7154607773e+00
-7.4400639534e-01
3.9405488968e+00
-3.3274118900e+00
-2.3393139839e+00
-8.9168357849e-01
-1.4590715170e+00
-8.2957011461e-01
-2.4049997330e+00
-2.1090145111e+00
-4.0880331993e+00
-1.0562711954e+00
-1.0046032667e+00
5.6758016348e-01
1.7487670481e-01
-4.9558410048e-01
-2.2808252275e-01
-7.4898350239e-01
-2.2329654694e+00
-2.7588365078e+00
-3.2660050392e+00
-1.5760837793e+00
2.1758566797e-01
1.3633741140e+00
3.1107857823e-01
-8.2275170088e-01
-1.7819590569e+00
5.0335568190e-01
3.0595908165e+00
1.5155725181e-01
-6.7570960522e-01
2.3651008606e+00
1.2994498014e+00
-3.0668392181e+00
-2.0229387283e+00
-1.4411313534e+00
-1.9116388559e+00
1.3513722420e+00
-1.5424493551e+00
-3.9336485863e+00
-1.1987762451e+00
1.3124213219e+00
3.9872211218e-01
-1.7313982248e+00
-2.5215163827e-01
1.9595910311e+00
9.5761913061e-01
-1.0806733370e+00
-4.5362505317e-01
1.8260018826e+00
-7.8672510386e-01
4.2480227351e-01
9.8130410910e-01
4.4470996857e+00
3.3673295975e+00
-1.8989417553e+00
-9.4542413950e-01
-7.0640876889e-02
-6.3895893097e-01
1.3377531767e+00
-4.2372653261e-03
1.3102678061e+00
2.0983455181e+00
-1.8929684162e-01
7.9690963030e-01
-6.2739461660e-01
5.0686214119e-02
3.3483885229e-02
1.3825981617e+00
-4.9608051777e-01
7.8738242388e-01
-7.7195721865e-01
-1.5105335712e+00
2.3206167221e+00
1.5584188700e+00
-3.8138561249e+00
-3.7430367470e+00
4.6332600713e-01
-1.5513775349e+00
2.8018033504e+00
2.2739200592e+00
-1.3781054318e-01
1.9995446503e-01
1.2884995937e+00
6.4551669359e-01
-3.2207741737e+00
-2.2143099308e+00
-1.2048088312e+00
-1.1679583788e+00
2.1335294247e+00
2.0365686417e+00
-1.1690684557e+00
-5.1216381788e-01
-1.8291295767e+00
-4.0296983719e+00
2.9366838932e+00
1.6265435219e+00
1.2991443872e+00
-1.5383372307e+00
-2.0676059723e+00
6.7936086655e-01
8.5156559944e-01
2.0162792206e+00
-1.2306475639e+00
-9.5896399021e-01
2.8334459662e-01
-1.7994569242e-01
8.3324366808e-01
-9.2398500443e-01
7.0012450218e-01
1.3543441296e+00
3.7388298512e+00
2.9523825645e+00
-8.2029807568e-01
1.1999058723e+00
-1.3624392748e+00
1.3001244068e+00
1.6369572878e+00
1.2948563099e+00
-2.2904043198e+00
-6.6217458248e-01
2.2432246208e+00
8.1585884094e-01
-1.8998351097e+00
-1.3178200722e+00
8.9429569244e-01
1.0614072084e+00
1.5795240402e+00
1.9694827795e+00
-1.1934051514e+00
5.1423851401e-02
8.4733915329e-01
-2.0195256174e-01
-1.8897762895e-01
1.8880352974e+00
4.7863397598e+00
7.9394383430e+00
2.3175718784e+00
-5.3794252872e-01
3.3287894726e+00
2.9586000443e+00
-1.2262741327e+00
9.9955135584e-01
4.7457718849e+00
1.2297879905e-01
1.5668125451e-01
2.4822437763e+00
3.7666761875e+00
4.2273545265e+00
1.7104223967e+00
2.8281028271e+00
-1.6285727024e+00
-4.6475225687e-01
-4.0672683716e+00
-3.1317591667e+00
-1.5014433861e+00
-7.3602247238e+00
1.9406003952e+00
5.1290307045e+00
-1.1188956499e+00
-2.3338441849e+00
6.7452211380e+00
-2.1312029362e+00
4.4332561493e+00
6.7052507401e+00
-2.1077599525e+00
9.2135459185e-01
9.6827650070e-01
1.3711398840e+00
1.9631280899e+00
1.8634763956e+00
3.0862245560e+00
9.9615490437e-01
-1.2162598372e+00
7.7044653893e-01
-5.4993658066e+00
-6.3779897690e+00
1.0554149151e+00
-4.0967893600e-01
-1.2925111055e+00
-1.9844853878e+00
-9.5986871719e+00
-8.6823310852e+00
3.3630547523e+00
-6.3841075897e+00
-1.2387953997e+00
-2.8324410915e+00
-5.1787328720e+00
-3.1239790916e+00
3.5819029808e+00
-3.5604965687e+00
9.6746963263e-01
1.1809312105e+00
3.3525471687e+00
-2.2846374512e+00
9.1697639227e-01
5.9443271160e-01
-3.9049782753e+00
-6.4610247612e+00
-2.8978519440e+00
1.6323366165e+00
3.9257218838e+00
2.7861840725e+00
-1.4472403526e+00
2.7124881744e+00
2.2328412533e+00
3.5788228512e+00
5.2445669174e+00
5.9282383919e+00
-6.4976077080e+00
-3.1369283199e+00
-3.0815980434e+00
-1.7473726273e+00
-6.4769711494e+00
-5.2275967598e+00
5.6324000359e+00
7.3017692566e+00
-1.1215109825e+00
-5.7229852676e+00
-2.5349462032e+00
-2.3647005558e+00
-3.6988496780e+00
5.8517682552e-01
-2.0657877922e+00
-5.9835934639e-01
3.3922699094e-01
7.5110898018e+00
-2.6933262348e+00
-4.3284626007e+00
3.7474451065e+00
4.3956871033e+00
-1.1078308821e+00
4.0072755814e+00
-8.5772240162e-01
5.4765877724e+00
-5.4033893347e-01
4.5922303200e+00
-1.3728823662e+00
-1.3811732531e+00
-7.0957407951e+00
-4.4590959549e+00
-8.6511778831e-01
-4.4676556587e+00
2.3474314213e+00
-7.3086457253e+00
3.9477589726e-01
1.2830530405e+00
5.3278536797e+00
5.6271767616e+00
-7.8793191910e-01
9.0418642759e-01
2.9821810722e+00
9.4373626709e+00
-2.1077029705e+00
-2.2600758076e+00
-8.7784874439e-01
-2.3588719368e+00
-1.0338567495e+00
1.7704457045e+00
-2.1476832032e-01
-1.9470664263e+00
1.7805538177e+00
2.9166610241e+00
-2.0456318855e+00
-9.9014443159e-01
-3.8967189193e-01
-1.8167146444e+00
3.9666628838e+00
3.2593727112e+00
-8.1290388107e-01
-2.0894274712e+00
2.9918615818e+00
3.1074812412e+00
-3.4902594090e+00
-1.9012097120e+00
-2.1258955002e+00
-3.0062596798e+00
-2.7679994106e+00
-1.0527243614e+00
1.4555271864e+00
2.0854592323e+00
-1.4510222673e+00
-1.4352843761e+00
9.1422313452e-01
3.4282350540e+00
-1.7761994600e+00
-3.5480406284e+00
-7.5061959028e-01
-1.2743010521e+00
-3.9210500717e+00
-4.7891936302e+00
2.4984745979e+00
5.1257529259e+00
5.5896037817e-01
-1.5619407594e-01
-3.2715802193e+00
-4.2583742142e+00
-2.2925863266e+00
-2.9814410210e+00
1.2602784634e+00
5.0575578213e-01
2.4228751659e+00
2.6257858276e+00
-3.6711800098e-01
-1.9060052633e+00
-4.9775314331e+00
-8.9923763275e-01
-3.2584700584e+00
-3.4700899124e+00
8.3268356323e-01
5.6170314550e-01
2.9322357178e+00
3.1819200516e+00
2.6229839325e+00
3.0657770634e+00
-1.8158974648e+00
-1.2249039412e+00
-2.0697927475e+00
-1.9765784740e+00
3.8630096912e+00
3.8905360699e+00
3.4090464115e+00
4.2012486458e+00
-2.4434208870e+00
-1.5612294674e+00
-1.8831096888e+00
-2.0823378563e+00
-2.8056728840e+00
-1.2418290377e+00
-5.2321499586e-01
-1.8283125162e+00
6.2363749743e-01
1.6380273104e+00
6.9476133585e-01
8.8965457678e-01
1.2962827682e+00
1.9227160215e+00
-2.6286527514e-01
1.1615865231e+00
-1.6786233187e+00
-3.4102690220e+00
-1.6575357914e+00
-1.3399884701e+00
3.4476487637e+00
3.4954493046e+00
2.2984910011e+00
3.1136674881e+00
1.6120903194e-01
-8.5998326540e-01
-1.9296162128e+00
-3.9018399715e+00
2.2608060837e+00
2.0993435383e+00
-3.6694261432e-01
7.9220545292e-01
-2.0062947273e+00
-4.0867967606e+00
-3.0415804386e+00
-3.0356686115e+00
3.4224228859e+00
4.9696242809e-01
-1.5681314468e+00
1.4690026641e-01
7.5798010826e-01
-5.7636272907e-01
-3.2116491795e+00
-3.0101928711e+00
2.2573111057e+00
2.8342680931e+00
-1.8436911106e+00
-3.4771988392e+00
-3.3590545654e+00
-4.3235039711e+00
-3.5466322899e+00
-4.2716612816e+00
1.8271315098e+00
9.6234750748e-01
3.6757528782e+00
2.5868980885e+00
2.7130514383e-01
2.8141384125e+00
-3.4535589218e+00
-4.0416169167e+00
-3.6114819050e+00
-2.8889610767e+00
2.8932521343e+00
4.2603259087e+00
-3.3337976933e+00
-4.2326688766e+00
2.5537917018e-01
-3.1154158711e-01
-2.0152964592e+00
1.3942654431e-01
-1.4017798901e+00
2.6959083080e+00
3.7999892235e+00
3.4808757901e-01
-4.3853778839e+00
2.2816386223e+00
6.0481491089e+00
-1.0507457256e+00
-6.4362697601e+00
4.5200443268e+00
1.3770529032e+00
-3.3558840752e+00
1.2232999802e+00
2.0130617619e+00
2.7575852871e+00
3.5681459904e+00
-2.6214221120e-01
1.7752765417e+00
3.0760936737e+00
-2.2834954262e+00
-1.8147065639e+00
-1.1480426788e+00
-3.5521864891e+00
-6.0249571800e+00
-1.0373277962e-01
-3.2403862476e+00
4.7219538689e+00
4.4462099075e+00
-1.8798133135e+00
6.1224856377e+00
2.2382636368e-01
9.4081383944e-01
-3.0643734932e+00
-2.9217858315e+00
4.9384508133e+00
-1.0034849495e-01
4.4680461287e-01
2.3768167496e+00
1.3657827377e+00
2.7864565849e+00
-5.2266683578e+00
4.7120680809e+00
-4.6789231300e+00
-5.4148130417e+00
1.1609202623e+00
1.4751561880e+00
5.4733986855e+00
3.8180515766e+00
1.4432302713e+00
2.7409191132e+00
-5.6410617828e+00
2.9281680584e+00
4.3468208313e+00
-5.8952527046e+00
4.8789043427e+00
5.8474540710e+00
7.3282146454e+00
-1.2802631855e+00
2.4975435734e+00
-5.9567012787e+00
-1.6389662027e+00
-2.6968436241e+00
-4.6544694901e+00
4.6828947067e+00
5.8962364197e+00
-6.1934108734e+00
5.2496933937e+00
-4.7631530762e+00
-1.3990113735e+00
-7.4118703604e-01
-4.1533136368e+00
-1.4748793840e+00
-1.4027038217e-01
4.0980172157e+00
-3.3653392792e+00
-1.6193937063e+00
-5.0225887299e+00
2.0538673401e+00
2.1857440472e+00
8.1763124466e-01
3.9218697548e+00
4.0123977661e+00
-5.5232129097e+00
3.7012512684e+00
-4.3619327545e+00
3.3574352264e+00
-5.6947641373e+00
5.2661838531e+00
-2.0851528645e+00
-2.9271590710e+00
1.3568159342e+00
-1.1841080189e+00
-2.6046839356e-01
-3.3193626404e+00
9.3229848146e-01
-4.4540319443e+00
-5.2151703835e+00
2.6018786430e-01
-4.7018527985e+00
3.1332099438e+00
-3.7207484245e+00
-5.5362267494e+00
3.4162137508e+00
1.1669485569e+00
1.8933672905e+00
-6.1264200211e+00
-1.6918174028e+00
1.3782945871e+00
-4.1675143242e+00
-5.5217008591e+00
1.6499339342e+00
-3.3032965660e+00
-1.8635559082e+00
3.7074022293e+00
1.2087433338e+00
2.4779948592e-01
-4.7508983612e+00
-6.0250968933e+00
-5.6640334129e+00
-5.1441168785e+00
-1.8999680281e+00
3.2558171749e+00
-2.7194538116e+00
-2.2491650581e+00
-2.2935676575e+00
-3.0851581097e+00
-4.3441700935e+00
-3.3814287186e+00
8.0972224474e-02
-8.5271722078e-01
2.2410850525e+00
2.0165989399e+00
-1.1175366491e-01
-2.5428223610e+00
3.3480856419e+00
3.8288266659e+00
-4.0892171860e+00
-2.4413769245e+00
-1.8963960409e+00
-2.6037640572e+00
-4.8559427261e+00
-1.8584493399e+00
-1.2768102884e+00
6.1499750614e-01
2.2190696001e-01
4.0904262662e-01
-1.0421450138e+00
2.3759679794e+00
-2.2258551121e+00
-2.9566462040e+00
2.7670997381e-01
-1.5047643185e+00
-1.6540098190e+00
-4.3772468567e+00
3.2660291195e+00
3.7934539318e+00
1.0463699102e+00
-9.9285297096e-02
-3.7498865128e+00
-3.0072584152e+00
-1.1837176085e+00
-2.8556339741e+00
2.1858491898e+00
1.4899502993e+00
3.1306393147e+00
3.7091326714e+00
-7.7451115847e-01
-6.5103709698e-01
-5.5103297234e+00
-1.6704871655e+00
-4.0016632080e+00
-4.1540775299e+00
1.0966939926e+00
1.1662477255e+00
5.2742958069e+00
2.8135025501e+00
1.5474820137e+00
2.0437960625e+00
-3.1738729477e+00
-2.9260120392e+00
-1.5525466204e+00
-1.1536183357e+00
1.6419714317e-02
2.3185999393e+00
2.1673922539e+00
3.5637452602e+00
-1.8638887405e+00
-1.7657517195e+00
3.7019747496e-01
-9.3432563543e-01
-2.8285005093e+00
-8.0512410402e-01
-3.2871980667e+00
-3.7963560224e-01
3.0740590096e+00
1.3131443262e+00
2.6829516888e+00
1.4903857708e+00
-2.2433166504e+00
-1.2607426383e-02
3.0507855415e+00
2.5955498219e+00
-2.9465730190e+00
-3.1144804955e+00
-1.5632796288e+00
-2.1748461723e+00
2.7506406307e+00
2.0929143429e+00
2.0566909313e+00
4.0439000130e+00
7.5127363205e-01
-1.0147050023e-01
-1.1850191355e+00
-1.6007381678e+00
3.0621807575e+00
3.3342936039e+00
-2.9202897549e+00
-8.1550168991e-01
5.3597963415e-03
-1.7521816492e+00
-4.1136968136e-01
-2.1928040981e+00
3.3056929111e+00
9.6294844151e-01
-3.6507558823e+00
-3.5622293949e+00
-3.0650225282e-01
-8.5936552286e-01
-4.2067546844e+00
-3.1506383419e+00
2.5222723484e+00
2.8822689056e+00
-3.3938331604e+00
-2.1761741638e+00
-1.7512977123e+00
-1.8224681616e+00
-4.4792718887e+00
-3.5861494541e+00
-1.5937608480e+00
-2.2280757427e+00
4.6032204628e+00
2.2136712074e+00
8.6565017700e-01
1.7225950956e+00
-3.7270789146e+00
-4.4218273163e+00
-4.6938219070e+00
-3.0685191154e+00
1.9168415070e+00
1.6230295897e+00
-2.9104335308e+00
-2.5438935757e+00
-2.0369231701e-01
1.0616273880e+00
8.7544929981e-01
-8.7736564875e-01
-1.6706589460e+00
-1.4480910301e+00
-5.7626786232e+00
-6.0199222565e+00
7.0532160997e-01
-1.1151707172e+00
2.8704085946e-01
1.9574902058e+00
1.4752140045e+00
-1.3161855936e+00
-6.6424875259e+00
-6.4035263062e+00
-4.5485391617e+00
-4.4736547470e+00
-3.2076315880e+00
-3.3586671352e+00
-1.6475921869e+00
-1.0898541212e+00
-1.3612985611e+00
6.9754493237e-01
2.1001007557e+00
3.4903886318e+00
7.4369859695e+00
6.9710373878e+00
-2.6458711624e+00
-1.8335556984e+00
-2.8736176491e+00
-2.1910288334e+00
1.9076181650e+00
-2.8294405341e-01
-6.2454853058e+00
-6.8749880791e+00
2.9142107964e+00
2.0851178169e+00
-1.3151825666e+00
-1.6159915924e+00
-1.7585450411e+00
-1.1522649527e+00
1.3597208261e+00
1.0871170759e+00
-2.5841760635e-01
-2.1945383549e+00
3.6891224384e+00
3.3520250320e+00
1.9684553146e-01
-5.4468953609e-01
-3.8511199951e+00
-3.4339787960e+00
-2.7814660072e+00
-3.4361777306e+00
1.9235511124e-01
-2.8962461948e+00
1.1001608372e+00
2.6469771862e+00
-4.4525418282e+00
-4.1741209030e+00
-3.8640038967e+00
-1.7332872152e+00
-3.9246448874e-01
1.4711791277e+00
3.1357169151e-01
6.7827540636e-01
-2.0920920372e+00
-2.8272058964e+00
-2.3923735619e+00
1.0197900534e+00
1.8676434457e-01
1.2113879919e+00
5.2228951454e+00
5.8505373001e+00
6.0297441483e+00
5.9524245262e+00
1.6755583286e+00
1.3405741453e+00
-4.5551866293e-01
-7.5007975101e-01
-1.0663963556e+00
-3.4096488953e+00
-6.0209119320e-01
9.3356025219e-01
-5.2721257210e+00
-5.0113043785e+00
-7.0378392935e-01
-1.7049860954e+00
6.4010529518e+00
3.6346406937e+00
1.8129286766e+00
-1.2471631765e+00
4.9407720566e+00
5.4576497078e+00
1.7926478386e-01
-1.2338949740e-01
8.0966548920e+00
9.0455789566e+00
2.5117242336e+00
3.4489119053e+00
5.2141070366e-01
3.0650317669e-01
3.7309188843e+00
1.7704722881e+00
1.7787447572e-01
6.4141958952e-02
-2.2513113022e+00
-6.8341106176e-01
-2.7078226209e-01
3.3883860111e+00
3.9896100760e-02
3.0987355113e-01
6.8772916794e+00
8.0153856277e+00
-1.8668439388e+00
-1.7504639626e+00
1.9432024956e+00
1.5306303501e+00
6.0513985157e-01
1.1663711071e+00
2.8482756615e+00
3.0894255638e+00
1.7258313894e+00
1.5658550262e+00
-4.8869225383e-01
-1.6612731218e+00
3.0937955379e+00
3.3529622555e+00
4.2318372726e+00
5.0288925171e+00
1.6831885576e+00
2.1046993732e+00
-1.1826312542e+00
1.3873174191e+00
-2.8585022688e-01
-7.7446031570e-01
1.5341607332e+00
2.4887013435e+00
4.3969053030e-01
-2.1327154636e+00
-7.9385918379e-01
-9.9988067150e-01
3.4477856159e+00
1.8279597759e+00
2.3844379187e-01
-8.0420309305e-01
8.2629066706e-01
-1.4021208882e-01
-4.9486175179e-02
-8.5976982117e-01
1.0340671539e+00
-3.9286792278e-01
-2.5502271652e+00
-1.3473493047e-02
2.6329785585e-01
1.9170747995e+00
4.9524632096e-01
3.0597348213e+00
-5.2238816023e-01
-3.5798377991e+00
-1.9782929122e-01
6.3835278153e-02
4.5799842477e-01
-1.7504266500e+00
3.2165904045e+00
3.6149206161e+00
-1.9076353312e+00
-9.2281466722e-01
-1.0622340441e+00
-1.7428582907e+00
2.9211115837e-01
-2.8145587444e-01
8.6629235744e-01
-1.5121580660e-01
1.9427270889e+00
1.7685009241e+00
-1.4787886143e+00
3.6549538374e-01
2.0831525326e-01
-3.0645015836e-01
4.0878560394e-02
1.0290405750e+00
8.4954118729e-01
-1.9772958755e-01
5.8081048727e-01
-1.1230287552e+00
9.0187275410e-01
-9.0121917427e-02
-1.4523142576e+00
-1.2813708782e+00
2.9152443409e+00
3.5191559792e+00
7.1933621168e-01
5.7097101212e-01
-2.2642881870e+00
-4.0118746758e+00
-2.0983583927e+00
-2.3063895702e+00
6.8709939718e-01
9.6718728542e-01
-1.2327034473e+00
-2.2552098334e-01
3.2647299767e+00
6.1356431246e-01
3.4558188915e-01
5.7903194427e-01
-4.8672398925e-01
3.5999771953e-01
-1.4676194191e+00
-2.9064226896e-02
1.1208993942e-01
-1.5928736925e+00
-1.0231579542e+00
-9.1272103786e-01
-2.6982212067e+00
-2.2421882153e+00
-1.5341286361e-01
-2.3763697147e+00
-1.5090632439e+00
-7.2484713793e-01
-9.4119381905e-01
2.6824453473e-01
-1.2103247643e+00
1.3092927933e+00
-1.1764549464e-01
2.9844582081e-01
5.9072965384e-01
-4.6207407117e-01
9.7477920353e-02
-1.3897111416e+00
-1.0631053448e+00
8.7983566523e-01
-1.8187795877e+00
-7.1375250816e-01
1.3182204962e-01
3.8520461321e-01
9.4130694866e-01
7.1395045519e-01
1.0524228811e+00
1.1928304434e+00
-3.3747231960e-01
3.6822858453e-01
-5.7827669382e-01
2.1285010874e-01
-3.3241286874e-01
-1.1599577665e+00
6.8143737316e-01
-1.2554076910e+00
1.3399791718e+00
1.7316343784e+00
8.5882198811e-01
1.1748232841e+00
-1.4222172499e+00
-4.7099900246e+00
-1.6803598404e+00
-1.1707400084e+00
9.8579066992e-01
1.9603574276e+00
-8.1238919497e-01
8.4421500564e-02
-9.8203688860e-01
2.6981803775e-01
4.2553585768e-01
6.1488050222e-01
-9.8604136705e-01
-4.4444471598e-01
1.2358331680e-01
4.9416959286e-01
-4.4281673431e-01
-3.1500229239e-01
7.8653234243e-01
-2.0254763961e-01
-7.7867366374e-02
-1.9519044459e-01
1.1331820488e+00
2.0375130177e+00
1.5892232955e-01
-3.7967309356e-01
-1.8535169363e+00
-1.0831834078e+00
-1.1744801998e+00
-1.2921575308e+00
-2.9069614410e+00
-3.8451056480e+00
1.2257270813e+00
1.6269041300e+00
2.1073184013e+00
1.5722956657e+00
-1.0987707376e+00
-2.4599038064e-01
9.8801678419e-01
1.4220948219e+00
-7.8016716242e-01
-1.6352540255e+00
1.2435128689e+00
1.2928414345e+00
-7.2928482294e-01
-6.5857440233e-01
-9.8140537739e-01
-4.6164464951e-01
2.4058133364e-01
2.9264697433e-01
-2.3309478760e+00
-2.1149008274e+00
-5.8485662937e-01
-1.2157590389e+00
5.0101673603e-01
1.1382656097e+00
1.4158066511e+00
2.2391715646e-01
-1.8588097095e+00
-1.1118047237e+00
-1.4558559656e+00
-5.7150924206e-01
2.4533247948e+00
2.7676146030e+00
1.7639975548e+00
1.7313446999e+00
-4.0514582396e-01
-4.3758782744e-01
-8.4579193592e-01
-1.1394250393e+00
4.1436812282e-01
-1.9432273507e-01
1.1029624939e+00
1.9759055376e+00
2.3706760406e+00
1.5988909006e+00
1.4485015869e+00
3.1346926093e-01
-1.1485359669e+00
-1.4486826658e+00
-5.5428445339e-01
-1.6971946955e+00
-3.5140973330e-01
-2.3653087020e-01
1.5975999832e+00
7.1664494276e-01
7.9293698072e-01
1.0514703989e+00
-1.8546936512e+00
-6.6797292233e-01
4.2753764987e-01
-2.7746561170e-01
1.4405969381e+00
1.0281169415e+00
8.3405429125e-01
5.6499082595e-02
-8.1026911736e-01
-4.3243041635e-01
7.0288306475e-01
6.8031543493e-01
-7.1812826395e-01
5.5398976803e-01
7.0578880608e-02
-7.9549759626e-01
-1.2806750536e+00
-2.3231334984e-01
3.3501282334e-01
1.5455305576e-01
-2.0258493423e+00
-2.4178297520e+00
7.8027743101e-01
2.4140469730e-01
-6.3288235664e-01
-7.2821140289e-01
-1.4637243748e+00
-1.6924218833e-01
-2.3951373100e+00
-1.8321652412e+00
8.5607028008e-01
-1.8799889088e-01
-6.6120266914e-01
-6.5048819780e-01
4.9285255373e-02
1.2954566628e-02
-2.2506141663e+00
-2.5780022144e+00
-2.8666813374e+00
-2.4854454994e+00
-4.1682681441e-01
-5.2043849230e-01
-1.5776891708e+00
-1.4944645166e+00
-2.2514820099e+00
-3.4812798500e+00
-6.2424767017e-01
7.1426492929e-01
1.9972770214e+00
4.4060530663e+00
5.0584945679e+00
2.1647405624e+00
-2.1961286068e+00
1.5535361767e+00
5.2048840523e+00
3.4261414409e-01
-4.7380161285e+00
3.4085838795e+00
5.1727271080e-01
-2.3794462681e+00
2.6437494755e+00
3.0219089985e+00
2.5218913555e+00
3.7161080837e+00
-6.1239075661e-01
2.8785911202e-01
2.4970829487e+00
-1.9897621870e+00
-2.5656137466e+00
-2.1007504463e+00
-5.0001263618e+00
-4.6744785309e+00
-1.1952093840e+00
-3.6983449459e+00
3.3404080868e+00
2.3025219440e+00
-1.8333072662e+00
4.5065784454e+00
2.2054493427e+00
1.0854152441e+00
-3.5928552151e+00
-2.9960031509e+00
3.6452469826e+00
2.8472602367e-01
-2.8669363260e-01
1.7793282270e+00
2.3748078346e+00
2.7894899845e+00
-6.1346797943e+00
1.3226830959e+00
-4.7100143433e+00
-5.0801095963e+00
5.4891419411e-01
1.5666333437e+00
4.2796044350e+00
2.4970319271e+00
1.8711473942e+00
2.7140097618e+00
-4.3268952370e+00
2.0341911316e+00
2.3433239460e+00
-3.7254424095e+00
4.7978358269e+00
5.7583541870e+00
5.5964193344e+00
-1.0639410019e+00
1.7404897213e+00
-4.0431814194e+00
-7.9228025675e-01
-2.3556036949e+00
-3.1781845093e+00
2.2390704155e+00
2.8350858688e+00
-4.0772538185e+00
4.6083526611e+00
-1.1551648378e+00
-1.5416740179e+00
4.1387966275e-01
-2.6458079815e+00
-5.0874203444e-01
1.0231367499e-01
2.7024588585e+00
-2.6438574791e+00
-1.1316941977e+00
-3.2874062061e+00
8.3601915836e-01
3.1315703392e+00
7.0069277287e-01
2.2917523384e+00
2.4897909164e+00
-2.4729204178e+00
2.7728888988e+00
-3.0133013725e+00
2.5865414143e+00
-3.7056336403e+00
3.8050191402e+00
-2.7882580757e+00
-1.5126776695e+00
1.3222997189e+00
-3.2558888197e-01
-1.2760124207e+00
-2.6971092224e+00
2.2403545380e+00
-1.9411635399e+00
-4.4940252304e+00
-1.4237651825e+00
-4.3405961990e+00
1.9632127285e+00
-4.5011582375e+00
-4.3567962646e+00
1.7803016901e+00
1.2696980238e+00
1.5985339880e+00
-4.6569466591e+00
2.1739567816e-01
-1.3988850117e+00
-5.0319623947e+00
-4.9389472008e+00
3.5096451640e-01
-2.8527688980e+00
-1.4637863636e+00
3.3778431416e+00
2.0262763500e+00
4.2944455147e-01
-4.8052144051e+00
-5.6967730522e+00
-5.2026414871e+00
-4.0164003372e+00
-2.5543773174e+00
8.8956332207e-01
-2.9540834427e+00
-3.4234914780e+00
-3.5088920593e-01
1.1698440313e+00
-2.2409932613e+00
-1.4773356915e+00
-1.2434780598e+00
-8.5804954171e-02
1.8491858244e-01
-9.3051385880e-01
-2.2307863235e+00
-4.0296306610e+00
4.4353219867e-01
2.1858327389e+00
7.9814451933e-01
6.0737186670e-01
-3.0647456646e-01
-5.8606094122e-01
1.9067792892e+00
5.7339501381e-01
1.8559387326e-01
-1.4150211811e+00
1.8416328728e-01
3.1137827784e-02
-5.9984612465e-01
1.3789587021e+00
-2.0313987732e+00
-3.0305864811e+00
-3.2822196484e+00
-2.9987561703e+00
-7.4142467976e-01
-5.2747040987e-01
2.8378975391e+00
3.9102499485e+00
-1.2430564165e+00
-1.7466083765e+00
1.4429150820e+00
-6.3389444351e-01
-1.0830372572e+00
-1.7082521915e+00
1.2918593884e+00
1.4785554409e+00
-7.2196954489e-01
1.1268199682e+00
1.3680678606e-01
-2.0175729692e-01
-1.7320483923e+00
2.6830950379e-01
-1.9936589003e+00
-3.3407104015e+00
-6.3165539503e-01
-1.5614057779e+00
1.0108553171e+00
1.3279815912e+00
1.4842497110e+00
1.5806206465e+00
-7.6303547621e-01
-8.7714499235e-01
-4.8908293247e-02
6.6815745831e-01
2.6515247822e+00
9.9053013325e-01
1.3350018263e+00
3.3736214638e+00
4.7360220551e-01
-6.9224756956e-01
-6.4379674196e-01
-1.1299430132e+00
-8.5273641348e-01
-5.5791741610e-01
-1.0881365538e+00
-3.2057097554e-01
-2.8336733580e-01
9.4863539934e-01
-1.2480772734e+00
1.8223574162e+00
6.3853043318e-01
1.7092250586e+00
1.3759872913e+00
9.5198148489e-01
-1.2486594915e+00
-1.2472927570e+00
-3.9929922670e-02
3.1447585672e-02
1.4048435688e+00
1.3291347027e+00
3.6389464140e-01
1.4000711441e+00
2.2574183345e-01
8.4107947350e-01
2.8974533081e-01
-2.2399966419e-01
4.7436499596e-01
1.6319317743e-02
-1.9226384163e+00
-7.7521449327e-01
-1.0594154596e+00
-1.4895774126e+00
-1.6543543339e-01
3.3379352093e-01
1.3028093576e+00
1.8764702082e+00
-1.7334554195e+00
-2.8187448978e+00
-5.1793032885e-01
-9.0035384893e-01
-2.0502829552e+00
-1.5944867134e+00
1.4863510132e+00
8.5547828674e-01
8.0548387766e-01
-4.3191573024e-01
3.8880014420e-01
5.3499054909e-01
-8.7499028444e-01
-1.4307283163e+00
1.2141478062e+00
3.6296686530e-01
4.6748623252e-02
-8.1947934628e-01
5.0819069147e-01
1.2522363663e+00
-2.3783993721e+00
-3.6445283890e+00
-2.6985225677e+00
-2.1259801388e+00
2.1187443733e+00
2.2890775204e+00
-1.4336271286e+00
-1.8865680695e+00
1.1515747309e+00
3.2553568482e-01
-1.0866440535e+00
9.5217865705e-01
2.5526864529e+00
2.5408554077e+00
4.4912691116e+00
4.5114908218e+00
-3.5542354584e+00
-2.9580149651e+00
4.5640535355e+00
2.5185403824e+00
-2.6965320110e+00
-1.5918701887e-01
6.8172097206e-01
1.7466521263e-01
-2.3790032864e+00
-5.6920522451e-01
-6.6295957565e-01
-4.1250385344e-02
-2.4128899574e+00
-2.2821581364e+00
2.2107222080e+00
-5.1191587001e-02
-7.0668768883e-01
1.1738318205e+00
-1.1283520460e+00
-2.4872105122e+00
2.0082552433e+00
-4.7237639427e+00
3.6514348984e+00
5.2474617958e+00
-2.1985883713e+00
-3.8458165526e-01
2.9688432813e-01
1.6523820162e+00
1.0168005228e+00
1.6689087451e-01
4.4044518471e+00
2.3493700027e+00
4.5737009048e+00
4.8196377754e+00
-1.8939595222e+00
-2.7801465988e+00
-8.8893252611e-01
5.7549792528e-01
-4.0305347443e+00
-5.1425967216e+00
-1.0167481899e+00
-5.4383862019e-01
5.8462023735e+00
-7.7899086475e-01
1.0574133396e+00
1.2475629151e-01
-5.0114812851e+00
-2.3684384823e+00
9.9760109186e-01
-5.4895286560e+00
5.5105483532e-01
1.0862934589e+00
5.9131445885e+00
2.4028515816e+00
-2.1548373699e+00
-4.3769178391e+00
-3.0485048294e+00
-5.7556324005e+00
-1.7622390985e+00
2.3304762840e+00
2.7333772182e+00
1.1956893206e+00
1.2974249125e+00
4.2852142453e-01
-1.2296252698e-01
-1.2249168158e+00
5.4963290691e-01
2.6477441788e+00
-2.2341871262e+00
4.4252952933e-01
-2.2412047386e+00
-4.1277191043e-01
-1.2919301987e+00
1.5117458999e-01
5.3745856285e+00
5.5998616219e+00
4.3070378304e+00
1.3172795773e+00
1.1184108257e+00
9.2852127552e-01
-5.9701461792e+00
-2.5059995651e+00
-2.0778770447e+00
1.6019389629e+00
-4.7588319778e+00
2.5706857443e-01
-2.7575402260e+00
-3.7671763897e+00
-3.3020858765e+00
-2.5406081676e+00
-1.6284989119e+00
8.0797982216e-01
-2.9571406841e+00
-7.7178072929e-01
-1.7809424400e+00
2.4949743748e+00
-9.8746442795e-01
-1.5453387499e+00
1.0842401981e+00
3.0793840885e+00
-2.0358152390e+00
-4.9321894646e+00
3.9122056961e-01
-3.0151591301e+00
-4.3011579514e+00
-4.4380726814e+00
4.2261400223e+00
4.7515664101e+00
1.8603311777e+00
4.3109664917e+00
-7.6635825634e-01
4.0043244362e+00
-3.7369179726e+00
-4.3971767426e+00
-3.9423460960e+00
-4.6086101532e+00
1.4551010132e+00
3.1520197392e+00
-1.5576341152e+00
-2.3852016926e+00
6.0000598431e-01
7.9553884268e-01
1.8819012642e+00
-5.8369755745e-02
-5.0488907099e-01
-7.5843447447e-01
-1.5424430370e+00
-1.2379218340e+00
-3.3086481690e-01
-1.5242900848e+00
-3.7750895135e-03
2.3609414101e+00
2.5816698074e+00
1.6496689320e+00
-1.8177564144e+00
-4.1021075249e+00
-1.9020469189e+00
-1.5617655516e+00
-2.1943967342e+00
-2.3383455276e+00
-3.2391110063e-01
-1.4914982319e+00
-3.6437306404e+00
-2.1583704948e+00
1.4083938599e+00
4.0580680966e-01
1.7441447973e+00
1.5073720217e+00
1.5899915695e+00
2.3907385767e-01
8.4729814529e-01
3.0802698135e+00
6.6400223970e-01
-3.6075940728e-01
-9.0806677938e-02
-1.2601222992e+00
2.3649876118e+00
1.0828478336e+00
2.7536636591e-01
-6.0465437174e-01
-2.1368088722e+00
-8.0086773634e-01
1.9291378260e+00
1.5818310976e+00
1.9805493355e+00
-6.0370322317e-02
1.5468622446e+00
9.4539219141e-01
-7.1520876884e-01
-1.3683155775e+00
-1.3113605976e+00
-1.0503424406e+00
-1.0902175903e+00
-1.4398350716e+00
-3.0574262142e-01
-2.9944941998e+00
3.2242435217e-01
-1.3716262579e-01
-1.5026625395e+00
-1.9070012569e+00
-7.0297247171e-01
2.3389817774e-01
-1.0167157650e+00
-1.8192168474e+00
8.1079788506e-02
-6.1818003654e-01
1.6451338530e+00
1.2705860138e+00
8.9554482698e-01
9.6563094854e-01
2.6416206360e+00
2.7934978008e+00
2.1693334579e+00
2.4723362923e+00
1.9418765306e+00
4.3542399406e+00
-7.9375647008e-02
3.9127731323e-01
-1.4542224407e+00
-1.1520277262e+00
1.2589893341e+00
-5.4501497746e-01
-5.6313419342e-01
1.8973761797e+00
-5.4644384384e+00
-2.7703907490e+00
2.4286332130e+00
3.0489547253e+00
3.7528736591e+00
4.2624998093e+00
9.7250008583e-01
3.0097505450e-01
1.9305577278e+00
3.3075776100e+00
1.6426460743e+00
-2.3892563581e-01
2.1351146698e+00
3.6008303165e+00
1.6420437396e-01
2.7855520248e+00
1.1556227207e+00
2.5979492664e+00
6.8867230415e-01
3.6367025971e-01
2.4135214090e-01
6.3077157736e-01
-1.8436636925e+00
-2.6387301087e-01
-5.9876149893e-01
6.0034620762e-01
1.3982878923e+00
1.2731866837e+00
2.9211115837e+00
3.7674469948e+00
-1.1240123510e+00
-1.7720848322e-01
1.3925445080e+00
1.9405784607e+00
1.4912449121e+00
3.0732464790e+00
3.7103554606e-01
3.2106602192e-01
-2.7134168148e-01
-2.1129171550e-01
-4.9351087213e-01
1.7784819603e+00
1.3518843651e+00
5.1968920231e-01
1.6455020905e+00
3.2551367283e+00
-2.1085855961e+00
7.1360182762e-01
-3.1933760643e-01
3.5096509457e+00
4.3361825943e+00
1.5477389097e+00
-4.0323824883e+00
1.9565461874e+00
6.5959091187e+00
-3.5119217634e-01
-7.7132716179e+00
4.0526866913e+00
5.7838749886e-01
-3.5570886135e+00
-1.6630779207e-01
1.1607484818e+00
2.1050946712e+00
3.4824826717e+00
-2.8263527155e-01
4.0653905272e-01
2.3786425591e+00
-2.6129345894e+00
-1.2765558958e+00
-1.4933471680e+00
-3.1315412521e+00
-5.0856714249e+00
4.4052428007e-01
-3.2151391506e+00
4.4764680862e+00
3.9876093864e+00
-1.9021239281e+00
5.5451579094e+00
8.7755829096e-01
1.0707855225e+00
-2.3453683853e+00
-3.0779440403e+00
5.6293826103e+00
1.0060940981e+00
5.5199146271e-01
1.6751242876e+00
6.9199866056e-01
1.9898612499e+00
-5.7022571564e+00
4.1129217148e+00
-4.5637726784e+00
-5.1033248901e+00
1.4539216757e+00
2.1854448318e+00
5.0864462852e+00
2.8866672516e+00
1.8981955051e+00
2.9315142632e+00
-6.4996967316e+00
1.6554818153e+00
3.3258972168e+00
-5.4230432510e+00
4.4413557053e+00
5.7028403282e+00
6.9767560959e+00
-1.6227395535e+00
1.2314978838e+00
-6.5469999313e+00
-1.0419164896e+00
-3.3917953968e+00
-5.1580786705e+00
3.9970436096e+00
4.8554491997e+00
-6.6859121323e+00
5.7512335777e+00
-3.2284767628e+00
-5.0923418999e-01
-7.0225733519e-01
-4.0633149147e+00
-8.8939267397e-01
1.6534438729e-01
2.9579219818e+00
-4.1008772850e+00
-1.2989077568e+00
-3.9203622341e+00
2.7468914986e+00
2.4164590836e+00
7.5455635786e-01
3.8865990639e+00
3.2242169380e+00
-4.5281114578e+00
4.0601801872e+00
-5.0569033623e+00
3.7164168358e+00
-4.4730854034e+00
4.9796991348e+00
-2.6248729229e+00
-1.9434930086e+00
8.0559927225e-01
-1.3532255590e-01
-1.0535360575e+00
-3.5947346687e+00
3.3329990506e-01
-4.0727257729e+00
-5.4623651505e+00
-3.5970404744e-01
-4.2104935646e+00
3.8271410465e+00
-4.4469766617e+00
-5.0124783516e+00
2.9058573246e+00
1.8401535228e-02
1.2955255508e+00
-6.3081145287e+00
-1.1983547211e+00
6.0490763187e-01
-4.6561508179e+00
-4.9927864075e+00
2.3307256699e+00
-2.0130670071e+00
-1.6322463751e+00
4.3594069481e+00
1.1224567890e+00
8.5649621487e-01
-4.8950943947e+00
-5.5401716232e+00
-6.2100930214e+00
-4.8374280930e+00
-1.9211376905e+00
3.3228638172e+00
-3.1026446819e+00
-2.8639714718e+00
-1.4130859375e+00
-2.2114348412e+00
-1.4084444046e+00
8.1378746033e-01
4.8623386025e-01
1.0009318590e+00
1.4062764645e+00
1.0722665787e+00
-9.4404196739e-01
-1.5504126251e-01
8.1105649471e-01
9.0543729067e-01
-1.0611220598e+00
-1.9650653005e-01
-4.2293947935e-01
1.1626019478e+00
2.5043475628e+00
7.2180479765e-01
3.3768203259e+00
1.5423234701e+00
-9.7887672484e-02
5.2928102016e-01
1.6354113817e+00
-2.6796662807e+00
-1.1220855713e+00
-1.1049237251e+00
-4.5535182953e+00
-4.7477955818e+00
6.7030692101e-01
1.1084587574e+00
1.5594304800e+00
2.0066606998e+00
1.8279517889e+00
1.6972354650e+00
2.9670717716e+00
1.8663947582e+00
-3.4339529276e-01
-1.9307216406e+00
1.0599514246e+00
1.4543510675e+00
-8.7790602446e-01
-5.7251888514e-01
2.3032610416e+00
5.7780063152e-01
4.9463617802e-01
3.7439593673e-01
-3.1264760494e+00
-1.6612086296e+00
1.1595669985e+00
-1.5039991140e+00
-1.0596561432e+00
-1.1768496037e+00
3.3301791549e-01
7.0433026552e-01
-2.9906253815e+00
-2.0316801071e+00
1.4386873245e+00
6.1514806747e-01
5.9509959221e+00
3.8462231159e+00
9.5319211483e-01
-1.0761932135e+00
-2.3992523551e-01
-1.0067815781e+00
-1.2902946472e+00
-8.6077702045e-01
5.9914720058e-01
5.8592069149e-01
7.4727082253e-01
-6.3067132235e-01
2.0023865700e+00
9.3376320601e-01
1.4959130287e+00
2.9549903870e+00
2.9045948386e-01
-1.7071841955e+00
-8.6570602655e-01
-1.9099499332e-03
-1.3932623863e+00
-6.5405255556e-01
-1.4008221626e+00
-3.2554441690e-01
1.1568691730e+00
1.3542621136e+00
3.8353241980e-02
-9.4960790873e-01
1.0365004539e+00
-4.1653910279e-01
-8.5817724466e-01
-7.2111290693e-01
-2.1559689939e-01
8.5672467947e-01
-1.5391728878e+00
-1.9404797256e-01
-9.7600835562e-01
-1.6893169284e-01
1.1333006620e+00
1.4092476368e+00
-4.6657499671e-01
-9.0476894379e-01
-2.1937520504e+00
3.0352628231e-01
2.4886672497e+00
1.8145159483e+00
-1.8619848490e+00
-2.4418094158e+00
5.8027362823e-01
-1.6330989599e+00
1.5765346587e-01
7.5061507523e-03
-1.5567680597e+00
-1.3267697096e+00
3.7472295761e-01
8.9836102724e-01
-2.3546901345e-01
-9.9267071486e-01
-2.5101678371e+00
-3.0315361023e+00
7.0857894421e-01
2.0646593571e+00
-4.1282029152e+00
-1.9039278030e+00
-2.6378686428e+00
-1.8835598230e+00
-5.0938814878e-01
-1.1982560158e+00
1.1752775908e+00
-2.8396987915e-01
-2.2566995621e+00
-3.5682523251e+00
9.0855950117e-01
9.2839533091e-01
1.7300349474e+00
2.4204503000e-01
5.5491179228e-01
-1.7536444664e+00
3.3160729408e+00
1.2625880241e+00
6.9199359417e-01
-1.2111692429e+00
-3.1104753017e+00
-1.2378898263e-01
-3.1991031170e+00
-2.0056600571e+00
-3.4964525700e+00
-3.7254536152e+00
-1.0379092693e+00
-2.3073797226e+00
-1.4170725644e-01
-1.0412416458e+00
-2.0648949146e+00
-1.3770313263e+00
9.9192303419e-01
2.6079413295e-01
1.4602075815e+00
3.0120248795e+00
-2.5698170662e+00
-2.9078915715e-01
-1.7647418976e+00
-2.1510410309e+00
9.9182701111e-01
-2.0907846093e-01
-1.3362815380e+00
-3.0368165970e+00
1.0506931543e+00
8.6413609982e-01
-5.6346571445e-01
6.1818677932e-02
1.6444889307e+00
-4.2859968543e-01
-1.3970443010e+00
5.1353049278e-01
-1.6496833563e+00
6.2642550468e-01
1.0034800768e+00
1.7056862116e+00
-7.3675984144e-01
-6.1639583111e-01
-9.3673700094e-01
-8.5727357864e-01
-3.1555131078e-01
-1.7241289616e+00
-8.5914105177e-01
-8.8773593307e-03
7.6052558422e-01
1.6478139162e+00
-2.6735579967e+00
-2.8442766666e+00
-1.1925687790e+00
-6.1647677422e-01
-4.7927403450e-01
1.8456144333e+00
1.0979146957e+00
4.9297112226e-01
-2.1323943138e+00
-6.1762577295e-01
-1.1258593947e-01
9.1047835350e-01
1.8787549436e-01
6.3412988186e-01
2.9040122032e+00
4.4273700714e+00
2.7974992990e-01
-2.1150331199e-01
2.7596440911e-01
-6.2242370844e-01
-4.7030994296e-01
7.1710157394e-01
-3.4371700287e+00
-2.6269724369e+00
-6.2157154083e-01
-5.4683196545e-01
8.2589155436e-01
5.8959152550e-02
-3.0583125353e-01
4.6187746525e-01
-1.5535464287e+00
-2.3577557504e-01
3.9347460270e+00
-2.7284660935e-01
3.8211288452e+00
3.2954459190e+00
-3.2133921981e-01
-2.0881950855e-01
1.3148099184e+00
3.2898858190e-02
1.0719028711e+00
-1.9442528486e-01
1.1539763212e+00
1.6561359167e+00
8.4573137760e-01
-6.2966376543e-01
-1.4658973217e+00
2.0889198780e+00
-2.0275707245e+00
-7.5994372368e-01
-4.4367957115e+00
-2.1215791702e+00
-3.3738303185e+00
-4.4444813728e+00
1.4005223513e+00
3.0349721909e+00
2.3336942196e+00
6.1214119196e-01
1.1084702015e+00
6.4732605219e-01
6.7537027597e-01
5.2956398576e-02
1.3531857729e+00
2.1582398415e+00
3.7443757057e-02
1.6773096323e+00
-2.8465691209e-01
2.5596823692e+00
4.4733214378e-01
7.5364881754e-01
-2.3383765221e+00
-1.7582639456e+00
2.1631011963e+00
-1.2097703218e+00
1.2009986639e+00
-1.9663004875e+00
7.2019743919e-01
2.3102314472e+00
8.5450196266e-01
-4.1857757606e-03
-9.9480593204e-01
-8.8312143087e-01
3.6685383320e+00
1.3283541203e+00
1.6053358316e+00
2.2469406128e+00
8.4460943937e-01
7.3731750250e-01
1.8178429604e+00
1.8197458982e+00
1.1708461046e+00
8.8135069609e-01
1.4289431572e+00
1.4979484081e+00
-1.2502522469e+00
-1.9453107119e+00
8.2077956200e-01
6.0590958595e-01
1.9832974300e-02
7.6496064663e-01
-1.2029100657e+00
5.0948089361e-01
-1.5335309505e+00
-6.4064055681e-01
7.4412882328e-01
-3.7212419510e-01
-1.5962470770e+00
-1.2730746269e+00
-2.4589059353e+00
-1.0368342400e+00
7.1370102465e-02
-4.7103482485e-01
-7.1977674961e-01
-1.9554884434e+00
4.0317082405e+00
9.2481577396e-01
2.6574566364e+00
2.6889915466e+00
1.1390559673e+00
5.8074378967e-01
-2.7585887909e+00
-8.2534867525e-01
-1.8616713285e+00
-1.3199883699e+00
1.0837956667e+00
8.4298557043e-01
3.0952405930e+00
2.7287073135e+00
5.2564810030e-03
5.1035451889e-01
-2.7310104370e+00
-2.4171304703e+00
2.0886473656e+00
2.3843130469e-01
2.1380171776e+00
1.4291802645e+00
1.4880270958e+00
7.6028155163e-03
2.3307721615e+00
-1.1504609585e+00
-3.1250150204e+00
-1.1051131487e+00
4.1189026833e-01
3.6376989447e-03
3.2349607348e-01
-3.0429300666e-01
-2.6583868265e-01
-1.5451030731e+00
1.9025889635e+00
3.5210230947e-01
2.8186726570e+00
5.9895396233e-01
-2.7450997829e+00
-1.4330776930e+00
-4.8795614392e-02
-1.1672916263e-01
-2.2833585739e-02
2.6070168614e-01
2.0292506218e+00
1.8015564680e+00
-1.4512645006e+00
-1.8525059223e+00
5.3718085289e+00
2.2700240612e+00
-5.5390208960e-01
-6.9728040695e-01
1.0719286650e-01
-1.2813685834e-01
-1.0273646116e+00
-1.5638999939e+00
3.7695276737e+00
3.2252771854e+00
-1.7557681799e+00
-5.4268014431e-01
2.4154543877e+00
1.0543504953e+00
-4.1163060069e-01
-1.0998291969e+00
-8.3608591557e-01
-2.3461386561e-01
2.4590921402e-01
-1.2598452568e+00
4.6476535797e+00
2.9654369354e+00
1.2868856192e+00
2.3309187591e-01
-1.6525124311e+00
-1.8690925837e-01
-2.5785142183e-01
2.6263055205e-01
3.4869801998e+00
2.3836452961e+00
4.3154101372e+00
2.6931045055e+00
2.1959419250e+00
4.0184421539e+00
2.4289731979e+00
1.6801518202e+00
-3.2070833445e-01
-1.0752598047e+00
-2.3107018471e+00
-5.5614823103e-01
-9.2782869935e-02
-1.7298769951e-01
2.4640436172e+00
1.4901009798e+00
-1.9120999575e+00
-1.2869676352e+00
1.1082116365e+00
-1.9921286404e-01
-8.6202543974e-01
1.5033677220e-01
3.5333955288e-01
4.1411700845e-01
-6.1340057850e-01
4.5740976930e-01
-6.7541539669e-01
1.1187441349e+00
-7.4249678850e-01
2.0154850185e-01
1.2805091143e+00
1.0289907455e+00
-1.7994842529e+00
1.4931531623e-02
-1.3815222979e+00
-2.6160964966e+00
-3.2441771030e-01
1.1191088706e-01
1.4297890663e+00
1.1513987780e+00
-2.4783217907e+00
-1.4686985314e-01
-2.8969628811e+00
-8.8305658102e-01
-1.1113765240e+00
-9.1760569811e-01
6.6555511951e-01
6.1871170998e-01
1.8544474244e-01
6.2980449200e-01
6.0809373856e-01
8.7699246407e-01
-1.8282467127e+00
8.9994066954e-01
-3.4591994286e+00
-2.6000773907e+00
5.2238124609e-01
1.1963598728e+00
2.2575745583e+00
5.2701845765e-02
3.0094668865e+00
2.8390667439e+00
-1.6820729971e+00
-5.2290940285e-01
-4.0903046727e-01
-1.9688569307e+00
1.8008209467e+00
2.9000461102e+00
3.4958682060e+00
7.8176224232e-01
-2.0612192154e+00
-1.7170759439e+00
-1.4567052126e+00
-1.0382707119e+00
-2.1803381443e+00
2.4904669821e-01
-2.1210691929e+00
-3.4999999404e-01
1.7955547571e+00
6.3441205025e-01
1.9923511744e+00
2.8358161449e+00
5.2764272690e-01
1.6853990555e+00
8.9844959974e-01
8.0151337385e-01
-1.5246243775e-01
-6.3253438473e-01
-1.6508280039e+00
-1.4691129923e+00
8.7472116947e-01
1.2082079649e+00
2.1643564701e+00
1.0024695396e+00
9.3471579254e-02
-2.1178571880e-01
-1.6019335985e+00
-1.4041976929e+00
1.1007036269e-01
1.5308521688e-01
4.6284350753e-01
-4.3259069324e-01
5.1007199287e-01
-1.1121129990e+00
6.3454514742e-01
2.7818644419e-02
1.9045844078e+00
-3.4918883443e-01
-2.1871836185e+00
-5.1339501143e-01
-1.0022854060e-01
1.1945550442e+00
-1.6907505989e+00
-2.8239924908e+00
9.1766333580e-01
6.5882694721e-01
-1.8667968512e+00
-1.8237477541e+00
-3.4617753029e+00
-3.8114848137e+00
-2.2748639584e+00
-1.3501777649e+00
2.3481435776e+00
-7.4938684702e-01
8.2102976739e-02
-6.6403663158e-01
8.3835512400e-01
1.3989470005e+00
-3.5817656517e+00
-3.3524606228e+00
-2.5769083500e+00
-2.4488184452e+00
4.7450307757e-02
6.1146680266e-02
-3.5942749977e+00
-2.8499217033e+00
1.1597359180e+00
-1.9240260124e-02
3.5397288799e+00
1.7206698656e+00
-2.2466192245e+00
-1.1383883953e+00
-3.1955870986e-01
-2.2514309883e+00
7.1157121658e-01
-1.5307374299e-01
1.7369029522e+00
-1.6182281971e+00
-3.9849207401e+00
1.6399841309e+00
3.9740800858e+00
3.6425533295e+00
-1.4835581183e-01
-1.0701551437e+00
1.5797997713e+00
1.6340342760e+00
7.0735472441e-01
3.4592566490e+00
2.8513717651e+00
-4.3429514766e-01
1.1455224752e+00
1.0154490471e+00
-1.0909602642e+00
-2.2793476582e+00
-1.2824217081e+00
-1.5282608271e+00
2.1544909477e+00
3.4507832527e+00
-4.6021366119e-01
9.2761927843e-01
2.1397434175e-02
2.0068058968e+00
-1.1984817982e+00
-1.8648792505e+00
1.8051942587e+00
1.0018950701e+00
-5.2819812298e-01
1.3816913366e+00
-7.6310914755e-01
1.1280925274e+00
5.3405202925e-02
2.4128677845e+00
-7.1111398935e-01
-1.1898366213e+00
-2.0949268341e+00
-1.2985620499e+00
3.6289036274e+00
1.7051801682e+00
-1.2912317514e+00
-1.6200747490e+00
-1.3768774271e+00
3.0760467052e+00
1.8469331264e+00
-3.0081385374e-01
1.7486612797e+00
2.1558027267e+00
4.0122213364e+00
4.6175017953e-01
1.6845545769e+00
3.1659474969e-01
3.9043581486e-01
1.5273457766e+00
-2.4183075428e+00
2.4276459217e+00
4.0856270790e+00
1.6612919569e+00
9.3785387278e-01
-4.3798594475e+00
6.9596230984e-02
2.6244068518e-02
-2.8587522507e+00
-1.9133725166e+00
-1.1338324547e+00
1.3065751791e+00
-1.1058857441e+00
-1.6608611345e+00
-4.0313606262e+00
-9.6283209324e-01
5.5363279581e-01
-1.2607108355e+00
7.3362380266e-01
1.9568933249e+00
-6.6231827736e+00
-2.3369206488e-01
-5.2808165550e+00
-3.8136107922e+00
-2.6893765926e+00
1.5985666513e+00
9.5082736015e-01
-3.9608407021e+00
1.8462760448e+00
1.1742138863e+00
1.6423277855e+00
-1.6561671495e+00
-2.1916043758e+00
-4.5480451584e+00
-1.1608343124e+00
-1.8720654249e+00
-3.4902694225e+00
-1.0510668755e+00
-2.3457524776e+00
-1.9579055309e+00
1.9235693216e+00
3.4491696358e+00
2.7554142475e-01
-1.6113556623e+00
-4.1229963303e+00
-1.0670987368e+00
-2.1599059105e+00
-1.5275834799e+00
-8.3650851250e-01
-1.7261643708e-01
-1.6044578552e+00
8.3238363266e-01
-1.6822525859e-01
-1.4702235460e+00
-8.0247014761e-01
-9.2111068964e-01
-1.4818519354e+00
-1.1856007576e+00
-2.4888311327e-01
2.7866628766e-01
-1.1828256398e-01
1.9381221533e+00
-3.9878304005e+00
-3.6848967075e+00
1.2611049414e+00
1.3635472059e+00
-2.2747731209e+00
1.0042655468e+00
2.8935661539e-02
6.4376187325e-01
7.2208963335e-02
-8.2746374607e-01
-3.4807828069e-01
-1.6532535553e+00
1.1080113649e+00
7.5433862209e-01
2.6427090168e+00
2.0922377110e+00
7.0334953070e-01
9.9969792366e-01
2.1707284451e+00
1.9145952463e+00
9.3148773909e-01
5.3575968742e-01
-3.7549835443e-01
-2.1199321747e+00
-8.8501328230e-01
1.3655374050e+00
-1.5365347862e+00
-9.3254840374e-01
5.5903190374e-01
2.8585848808e+00
1.8735995293e+00
1.5106656551e+00
-1.1492090225e+00
1.7333611250e+00
3.2878468037e+00
1.7894951105e+00
-1.7742329836e+00
-1.7486073077e-01
-3.6926066875e-01
1.5405430794e+00
-6.9910059683e-03
-1.2237308025e+00
-1.7206891775e+00
-1.1654779911e+00
2.9298906326e+00
-3.5434415936e-01
5.5016022921e-01
-1.4884738624e-01
-1.1107491255e+00
-8.1717443466e-01
7.9287953675e-02
-6.1565655470e-01
-2.0752909780e-01
6.1731394380e-03
2.4048954248e-01
1.2662480772e-01
1.0124455690e+00
-6.1386173964e-01
2.5534410477e+00
2.4847109318e+00
3.6325326562e-01
-7.4213147163e-01
1.6503603458e+00
6.3534224033e-01
4.0228310227e-01
-1.4174058437e+00
1.9918699563e-01
7.9954791069e-01
1.9683254957e+00
5.6965839863e-01
-1.6293199062e+00
-3.3828595281e-01
-1.5842500925e+00
-9.5703691244e-01
-1.9460599422e+00
-2.2423825264e+00
-2.1985943317e+00
-1.5705971718e+00
-4.6844980121e-01
-1.0179868937e+00
1.4920985699e+00
7.6010912657e-01
-6.4682394266e-01
-1.4056424797e-01
-7.3668432236e-01
4.2342555523e-01
-1.4480261505e-01
1.5231148005e+00
-1.1076421738e+00
-1.5365058184e+00
-1.1192153692e+00
-2.3527410030e+00
-1.5374147892e+00
-9.0325498581e-01
7.4977123737e-01
1.6207035780e+00
-2.3610682487e+00
-1.7164359093e+00
-7.8140318394e-01
-1.8945949078e+00
-7.1844261885e-01
5.1607541740e-02
-1.3232493401e+00
9.6155035496e-01
-8.3271735907e-01
-1.2041711807e+00
-7.7608859539e-01
-1.2402077913e+00
7.1676272154e-01
-1.2107006311e+00
2.9821820259e+00
1.1984068155e+00
-7.3403775692e-01
-7.6418524981e-01
7.1531677246e-01
-7.7496230602e-02
-2.3300998211e+00
-2.0695559978e+00
-1.2163867056e-01
3.4597569704e-01
4.6079358459e-01
-3.1721481681e-01
1.8115261570e-02
-1.0386819839e+00
-2.2381536663e-01
-2.6280944347e+00
-7.5628048182e-01
-8.8801282644e-01
-1.9027116299e+00
-1.0233304501e+00
-1.5515309572e+00
-2.9053943157e+00
-1.5113115311e+00
-4.9500804394e-02
1.3234729767e+00
-2.0432387292e-01
-1.1071989536e+00
-5.6726074219e+00
1.1216458082e+00
6.1135077477e+00
9.6974009275e-01
-1.7966745794e-01
-3.8745510578e-01
-1.4855172634e+00
2.9000883102e+00
1.1835154295e+00
6.8920277059e-02
-1.2968249321e+00
-1.8249191344e-01
-2.4208693504e+00
-1.2841860056e+00
4.9858622551e+00
-1.8970558643e+00
-1.6286660433e+00
-3.4482667446e+00
-3.0545995235e+00
-1.8539711237e+00
-2.1352622509e+00
3.7923867702e+00
5.7280354500e+00
-4.6301397681e-01
-9.0493017435e-01
1.1191849709e+00
-1.3756977320e+00
-1.7995837927e+00
6.5526038408e-01
9.2421340942e-01
2.7236535549e+00
-8.6467379332e-01
2.4494354725e+00
3.7247937918e-01
-4.9009540677e-01
-1.1983206272e+00
3.3406740427e-01
-1.8526803255e+00
-4.6259441376e+00
9.8376131058e-01
-4.7419908643e-01
1.9201457500e+00
3.8064551353e+00
-5.0016269088e-02
-8.4300065041e-01
-1.2370390892e+00
-2.7329711914e+00
-2.5464931130e-01
-1.6849812269e+00
1.4546024799e+00
7.0169188082e-02
8.6413949728e-01
5.1933746338e+00
-1.3846881390e+00
-2.1299529076e+00
-1.4162023067e+00
-2.2019724846e+00
-9.0597438812e-01
1.1342745274e-01
-3.8570716381e+00
-2.1625525951e+00
9.5415429678e-04
1.9984581470e+00
-3.0288877487e+00
5.5886507034e-01
1.8531373739e+00
2.6494011879e+00
1.5268046856e+00
1.0007674694e+00
-1.2876940966e+00
-1.7223836184e+00
-8.9815229177e-02
-1.7005553842e-01
6.9021165371e-01
3.2017509937e+00
1.3914110661e+00
3.7949879169e+00
1.1445924044e+00
-6.4083248377e-01
2.1524181962e-01
-1.9869935513e+00
4.5440029353e-02
-1.2133412361e+00
-3.1354165077e+00
-2.3516566753e+00
-2.6722609997e+00
-6.9266576767e+00
4.4730210304e-01
-1.0973219573e-01
1.3651555777e+00
3.1908369064e+00
-1.3373273611e+00
-2.7921953201e+00
9.9344855547e-01
-1.2871925831e+00
-2.3423728943e+00
-1.8886247873e+00
2.6364034414e-01
8.7197422981e-01
1.8898077011e+00
1.7892543077e+00
8.4459692240e-01
8.4850472212e-01
-7.3519855738e-01
-1.9981569052e+00
1.0416759253e+00
1.3275065422e+00
1.5937163830e+00
3.0999562740e+00
1.3619661331e+00
1.4979387522e+00
-2.4043078423e+00
-4.9908118248e+00
-2.1885581017e+00
-2.3310883045e+00
3.3627102375e+00
5.2255921364e+00
-1.0094666481e+00
4.1780196130e-02
1.5817741156e+00
9.4616860151e-01
-1.8192508221e+00
4.4242075086e-01
-4.9989891052e-01
-7.6009225845e-01
-6.2188869715e-01
-5.0760710239e-01
-2.4210836887e+00
-2.2483541965e+00
1.2312438488e+00
1.7038061619e+00
7.2493618727e-01
9.7038936615e-01
-1.6544835269e-01
6.6381567717e-01
1.9392951727e+00
9.3484467268e-01
-2.1161790192e-01
-1.8972323835e-01
2.2878988087e-01
6.4835810661e-01
-1.1030591726e+00
1.1095970869e-01
-2.1429696083e+00
-1.9158989191e+00
-3.0180010796e+00
-2.3184158802e+00
-9.5463865995e-01
-2.9402282834e-01
2.8449232578e+00
2.9596812725e+00
-2.6548917294e+00
-6.9386094809e-01
8.6966949701e-01
-2.0374507904e+00
-7.7689021826e-01
-1.8971586227e+00
1.4896037579e+00
3.9925163984e-01
-1.5216090679e+00
1.9466979802e-01
-3.9380159974e-01
1.5649048984e-01
-6.2384146452e-01
1.2448885441e+00
-2.8436694145e+00
-2.3045763969e+00
-1.9280266762e+00
-1.0253484249e+00
1.7891031504e+00
2.7165679932e+00
2.0524568558e+00
1.7607411146e+00
1.5241909027e-01
2.3367941380e-01
-3.8243874907e-01
-8.4262800217e-01
1.3039077520e+00
1.1239049435e+00
2.9130737782e+00
3.6460607052e+00
-5.2849274874e-01
2.0154152811e-01
-9.9631303549e-01
-4.8107117414e-01
-7.4883538485e-01
-1.0187817812e+00
-2.4591004848e+00
-6.0110509396e-01
9.6284848452e-01
6.7250496149e-01
-2.3309551179e-01
1.3940848112e+00
8.4839411080e-02
1.5064449310e+00
1.5574094057e+00
6.2451612949e-01
-7.9166603088e-01
-1.3291718960e+00
8.4326404333e-01
-6.8790954351e-01
7.1329849958e-01
8.4026098251e-01
1.3113057613e+00
7.7300268412e-01
-3.6506581306e-01
2.2941493988e-01
-7.8315004706e-02
-2.7905574441e-01
8.1343382597e-01
-2.8339844197e-02
-1.7536528111e+00
-1.1396085024e+00
4.0833583474e-01
-1.4683104753e+00
3.9444908500e-01
6.3201934099e-01
2.1118218899e+00
-1.4865557849e-01
-2.7299683094e+00
-2.8485829830e+00
-7.7591192722e-01
-1.8799982071e+00
-2.2995541096e+00
-1.8076089621e+00
1.4135501385e+00
1.7811098099e+00
-1.2265143394e+00
-1.8035732508e+00
1.2706834078e+00
-9.5657688379e-01
-1.3681780100e+00
-3.6478214264e+00
1.9428308010e+00
-2.2923411429e-01
-2.5250345469e-01
3.8078144193e-01
6.9279199839e-01
9.4925481081e-01
-3.2652010918e+00
-3.3965229988e+00
-2.3676211834e+00
-2.4371161461e+00
2.2179274559e+00
2.0322124958e+00
-2.0893621445e+00
-3.4028563499e+00
7.7358627319e-01
1.3953994513e+00
9.1855481267e-02
-1.2603937387e+00
-1.2529511452e+00
-8.6994570494e-01
-2.7641773224e+00
-3.1971240044e+00
-1.6669441462e+00
-3.9216403961e+00
-1.5412245989e+00
-1.2039333582e+00
2.1036121845e+00
3.3536931872e-01
-2.0437247753e+00
-1.2335442305e+00
-2.1091241837e+00
-2.3476586342e+00
-1.6154460907e+00
-2.4461963177e+00
1.7813010216e+00
1.6192597151e+00
4.4574942589e+00
1.9562127590e+00
-1.5267832279e+00
-1.7918789387e+00
5.3983659744e+00
4.8550024033e+00
-2.7878835201e+00
-1.8023731709e+00
-2.1621055603e+00
-1.0727199316e+00
-1.9731990099e+00
-2.1004912853e+00
-1.7413030863e+00
-1.1590533257e+00
1.5320900679e+00
4.0745729208e-01
-2.3742012978e+00
-1.6976106167e+00
-1.1670332402e-01
7.4236029387e-01
1.4997061491e+00
6.1249643564e-02
8.8422185183e-01
3.2360044122e-01
2.6729183197e+00
2.2255339622e+00
2.0542204380e+00
-1.1329008341e+00
-2.1870119572e+00
-7.3240125179e-01
-3.4545602798e+00
-2.4944765568e+00
1.4379193783e+00
1.6276469231e+00
1.7294024229e+00
4.5949807167e+00
-2.9041569233e+00
-2.7121758461e+00
-5.0980991125e-01
1.5104143620e+00
7.7935105562e-01
8.3887928724e-01
2.4196584225e+00
1.6420632601e+00
7.6705968380e-01
3.4971150756e-01
1.2096757889e+00
4.8215264082e-01
-2.8021090031e+00
-1.5307685137e+00
2.3437838554e+00
4.2826285362e+00
3.4999806881e+00
3.0411648750e+00
2.1181838512e+00
2.8929230571e-01
2.4732437134e+00
1.4885674715e+00
5.2642041445e-01
1.4144840837e-01
-2.6023299694e+00
-2.7091658115e+00
-1.5718346834e+00
-1.8088942766e+00
-3.5199433565e-01
-1.1240566969e+00
6.9963783026e-01
-8.9655739069e-01
1.1909707785e+00
1.0846048594e+00
-8.6282230914e-02
2.7313983440e-01
-5.1119494438e-01
-7.0026892424e-01
2.9195003510e+00
2.3919286728e+00
-8.6973124743e-01
-6.4220964909e-01
-1.3086143732e+00
-1.8062430620e+00
-6.4026969671e-01
-1.1640319824e+00
1.7970678806e+00
1.2119126320e+00
4.0503892899e+00
3.6679992676e+00
-7.3836237192e-02
1.5490798652e-01
2.0417356491e+00
-9.3989914656e-01
3.5953860283e+00
4.6275396347e+00
-3.4415471554e+00
-2.1827237606e+00
-1.1641161442e+00
-2.8695163727e+00
-2.4039161205e+00
-1.7170064449e+00
2.3398485184e+00
2.3910653591e+00
1.8486878872e+00
1.2776261568e+00
-4.5567984581e+00
-3.9941413403e+00
4.3511462212e+00
3.1060883999e+00
5.3251390457e+00
5.6992278099e+00
3.3129684925e+00
2.0170459747e+00
-1.8564347029e+00
-2.3689031601e+00
-1.4454683065e+00
-2.4593944550e+00
3.6341171265e+00
7.4310994148e-01
-1.3906387091e+00
-6.5395146608e-01
3.8300609589e-01
-1.3383073807e+00
-1.2819833755e+00
-1.7461047173e+00
-4.3631997108e+00
-2.3632998466e+00
-4.3990337849e-01
-1.7933200598e+00
3.6580553651e-01
1.5018978119e+00
-1.9587321281e+00
2.9286158085e-01
6.5854650736e-01
1.3155986071e+00
4.8067355156e+00
4.6307034492e+00
7.1261262894e-01
2.8475699425e+00
-3.1989505291e+00
-1.9293951988e+00
2.0372195244e+00
-6.0813754797e-01
-1.9352790117e+00
3.4430393577e-01
3.0291404724e+00
1.5622092783e-01
-2.6637263298e+00
-1.3021546602e+00
-2.1116409302e+00
-2.0431907177e+00
8.5011655092e-01
7.3138564825e-01
-7.1411120892e-01
-2.3580737114e+00
5.2563304901e+00
5.5380463600e+00
-1.2608309984e+00
-6.6739225388e-01
-2.7444393635e+00
-6.1547839642e-01
-1.7426933050e+00
-3.7301938534e+00
1.5529645681e+00
6.0693913698e-01
3.3446830511e-01
3.3683369160e+00
-2.8832519054e+00
-2.5854427814e+00
-3.7818005085e+00
-2.7196917534e+00
2.4874158204e-01
1.7500160933e+00
1.5566558838e+00
3.8366823196e+00
-4.1486099362e-01
-6.6646921635e-01
3.2050788403e-01
1.9070520401e+00
1.1103056669e+00
5.9049963951e-01
3.4915976524e+00
2.1195333004e+00
3.6397101879e+00
3.7390282154e+00
-4.3614688516e-01
-3.0504127964e-02
-1.6911880970e+00
-3.5288977623e+00
-1.0594203472e+00
-1.0868035555e+00
-1.4008914232e+00
-2.6346063614e+00
-5.6217589378e+00
-4.1190762520e+00
-5.1602607965e-01
-8.6900269985e-01
2.8374345303e+00
7.8297740221e-01
4.8543453217e-01
-2.8953933716e+00
2.2667055130e+00
6.0894387960e-01
1.0390831232e+00
2.3380570412e+00
3.9979555607e+00
3.3601357937e+00
-1.2229087204e-01
-1.6914674044e+00
3.2222108841e+00
1.0866475105e+00
3.1831362844e-01
-1.1972006559e+00
-1.1893828213e-01
-6.2354964018e-01
-1.9577180147e+00
-1.1890842915e+00
5.1844529808e-02
4.8884916306e+00
-7.4967885017e-01
1.4522509575e+00
5.1135964394e+00
6.8751416206e+00
-1.7068923712e+00
-1.6637674570e+00
9.0346938372e-01
-2.0735189915e+00
2.4762690067e-01
1.2641795874e+00
4.1408529282e+00
5.0249152184e+00
2.2332787514e+00
3.3568699360e+00
-3.0245501995e+00
-2.8050041199e+00
1.5490163565e+00
2.7557356358e+00
1.0175479650e+00
2.9431807995e+00
-1.9609211683e+00
-1.0489036888e-01
9.3745356798e-01
4.3828701973e+00
5.1483635902e+00
2.6470956802e+00
-5.4489345551e+00
-2.4179935455e+00
5.4751777649e+00
7.0188021660e-01
-4.5860629082e+00
2.7462961674e+00
1.8670955300e-01
-3.0948174000e+00
1.1386997700e+00
1.7922092676e+00
2.2626450062e+00
2.2224440575e+00
-1.8704596758e+00
-1.0313977003e+00
3.8398685455e+00
1.0785228014e+00
-1.7563322783e+00
-1.6847710609e+00
-3.9943773746e+00
-4.2508115768e+00
-3.5673463345e-01
-4.4927835464e+00
5.2501335144e+00
4.5920987129e+00
4.4168579578e-01
5.4557271004e+00
-3.9634713531e-01
5.9044420719e-01
-2.5068545341e+00
-2.5740890503e+00
5.8400306702e+00
3.0266079903e+00
3.9950808883e-01
3.5586543083e+00
2.3452503681e+00
2.7285485268e+00
-6.2243318558e+00
2.4142291546e+00
-6.4610199928e+00
-7.4723157883e+00
1.7391746044e+00
2.2281124592e+00
6.2439966202e+00
4.7988696098e+00
3.9944124222e+00
5.0991783142e+00
-5.5232806206e+00
5.8943927288e-01
1.8475487232e+00
-5.8212704659e+00
4.8540921211e+00
4.8719105721e+00
7.2341670990e+00
1.8410488367e+00
7.0801103115e-01
-5.0558857918e+00
-2.9209997654e+00
-5.1393966675e+00
-4.5724244118e+00
2.8040676117e+00
1.0041941404e+00
-5.1906919479e+00
7.0402436256e+00
-5.6275290251e-01
-1.5169764757e+00
-1.4113496542e+00
-1.9720675945e+00
2.7899426222e-01
1.6146694124e-01
1.9439113140e+00
-3.8751823902e+00
-3.5490303040e+00
-3.8850023746e+00
2.3275437355e+00
4.8009920120e+00
3.1474025249e+00
3.3083388805e+00
4.1331377029e+00
-1.3157287836e+00
3.3631260395e+00
-4.5279760361e+00
1.2306674719e+00
-4.2131085396e+00
3.4024767876e+00
-3.5575952530e+00
-3.7907214165e+00
-1.9443814754e+00
-3.9283514023e+00
-3.5541164875e+00
-6.7475805283e+00
1.1344454288e+00
-3.0525579453e+00
-4.9209575653e+00
-2.8941409588e+00
-1.4113166332e+00
3.5891892910e+00
-4.4229860306e+00
-5.5913982391e+00
2.6404149532e+00
2.0053713322e+00
1.0419867039e+00
-3.8916347027e+00
-2.5689847469e+00
5.8098051697e-02
-6.0866918564e+00
-6.8423147202e+00
1.8477946520e+00
-6.5558725595e-01
3.4288871288e-01
5.3865113258e+00
1.8560472727e+00
7.4524521828e-02
-7.2711291313e+00
-7.8742485046e+00
-6.9222679138e+00
-6.7382168770e+00
9.1769707203e-01
4.6753449440e+00
-4.9883370399e+00
-5.0743117332e+00
-1.4177008867e+00
-3.7814518809e-01
-1.9926832914e+00
-2.0676567554e+00
1.7063981295e+00
1.8449424533e-03
6.1300511360e+00
5.0861816406e+00
-2.9877190590e+00
-5.0187854767e+00
5.6504697800e+00
5.1560955048e+00
-1.4632970095e+00
2.4325609207e-01
-1.2867404222e+00
-2.0415041447e+00
1.3107957840e+00
1.3890502453e+00
1.9943531752e+00
1.7865576744e+00
-2.3643131256e+00
-2.6032719612e+00
2.0478632450e+00
5.2518658638e+00
-2.3654348850e+00
-3.1788487434e+00
-2.8866212368e+00
-2.8610296249e+00
-2.6068506241e+00
-5.8844609261e+00
5.0212178230e+00
6.6427049637e+00
-1.3910654783e+00
1.5614295006e+00
-4.5309266448e-01
-3.2673180103e+00
-3.6862215996e+00
-3.3332660198e+00
2.6557223797e+00
2.3159866333e+00
1.2318000793e+00
3.6265797615e+00
-6.8586021662e-01
-6.3062733412e-01
-3.5505974293e+00
-5.2985972166e-01
-4.4504795074e+00
-6.3558111191e+00
2.3316462040e+00
1.8955484629e+00
3.2785291672e+00
5.8603758812e+00
7.0736467838e-01
2.3889701366e+00
-4.3082933426e+00
-2.1371395588e+00
-5.2870416641e-01
-3.4255034924e+00
3.8628396988e+00
3.4038429260e+00
4.9075803757e+00
5.5272607803e+00
-2.3587172031e+00
-3.4850690365e+00
-2.7939329147e+00
-4.2569317818e+00
-1.7542808056e+00
8.7957692146e-01
-6.6557824612e-01
-2.6024925709e+00
2.6657829285e+00
1.7191613913e+00
-1.0500212908e+00
-4.8998311162e-01
1.8081955910e+00
2.6562905312e+00
1.1805347204e+00
2.5928556919e+00
-2.5305116177e+00
-2.6595680714e+00
-1.9547142982e+00
-1.6752738953e+00
3.8884041309e+00
4.9169387817e+00
3.4112079144e+00
5.0830564499e+00
3.1692275405e-01
7.1239483356e-01
-1.0260256529e+00
-2.6073656082e+00
-4.1957902908e-01
1.2987630367e+00
-2.2607283592e+00
-1.9167153835e+00
-4.0230946541e+00
-8.6659431458e+00
-2.2240006924e+00
-5.1099538803e+00
4.8671293259e+00
2.0774242878e+00
-2.3502686024e+00
-1.1076613665e+00
-2.1524185315e-02
1.1830962896e+00
-3.6336469650e+00
-4.5016074181e+00
1.5202782154e+00
3.4918851852e+00
6.4183437824e-01
-2.3072066307e+00
-9.6237182617e-01
-4.6972470284e+00
-2.0264227390e+00
-4.8104195595e+00
2.7977855206e+00
3.6185379028e+00
2.9802258015e+00
6.6308479309e+00
7.1639424562e-01
2.7743322849e+00
-5.1425738335e+00
-7.2871394157e+00
-3.6440374851e+00
-5.1863665581e+00
3.8523483276e+00
7.6889963150e+00
-1.5602502823e+00
-2.7059650421e+00
-7.3552322388e-01
-1.2654913664e+00
-1.2934732437e+00
-5.7117879391e-02
1.9948247075e-01
-5.9948098660e-01
1.5198535919e+00
5.6133919954e-01
2.1004699171e-01
-4.3650171161e-01
8.8026899099e-01
8.6062234640e-01
-4.4494967461e+00
-1.6348162889e+00
1.2919406891e+00
1.3581582904e-01
1.2903453112e+00
1.0010174513e+00
-1.6496410370e+00
-7.3478174210e-01
-5.4841971397e-01
-4.0000042319e-01
-3.4185812473e+00
-3.3869564533e-01
2.6655373573e+00
-2.2846085951e-02
-1.0833233595e+00
-7.6707684994e-01
7.7681034803e-01
9.4479501247e-01
4.9061158299e-01
6.9941431284e-01
2.6820182800e+00
7.6204085350e-01
4.8223310709e-01
4.8911917210e-01
8.6805671453e-01
-1.5466077626e-01
2.8553662300e+00
6.8663895130e-01
1.0430577993e+00
6.7019963264e-01
-9.0909624100e-01
1.6487423182e+00
-2.3396886885e-01
1.5534332991e+00
-2.1138956547e+00
-8.0354559422e-01
6.3625104725e-02
1.6738188267e-01
6.7415148020e-01
7.7896672487e-01
3.0792026520e+00
3.8344922662e-01
-1.5075200796e+00
-1.0163854361e+00
-1.5542131662e+00
-3.1429126859e-01
-5.9887206554e-01
8.1534288824e-02
4.3949121237e-01
5.4038256407e-01
-1.6784690619e+00
1.2710098922e-01
-9.0287876129e-01
-5.6671512127e-01
-9.7971755266e-01
7.4080836773e-01
-1.0345948935e+00
-9.3477451801e-01
1.8735875189e-01
-2.7624601126e-01
-2.6952502131e-01
1.9115096331e-01
-5.8720928431e-01
-9.2930704355e-01
5.4713886231e-02
5.3651136160e-01
-6.3778328896e-01
-3.5417512059e-01
-2.6125204563e+00
-4.3754941225e-01
9.3401598930e-01
2.5901767612e-01
7.9157489538e-01
5.9158003330e-01
5.4176908731e-01
-2.2952003479e+00
-1.1559798717e+00
-1.3507629931e-01
2.1386454105e+00
-1.0178978443e+00
-1.5223808289e+00
-6.1339253187e-01
1.6007924080e-01
-1.1676188707e+00
2.2518789768e+00
7.6001489162e-01
-9.1241806746e-01
-4.3881065212e-03
-1.0471445322e+00
4.7588267922e-01
2.9099438190e+00
3.7308204174e-01
-2.7829356194e+00
-1.4907566309e+00
-2.8971979618e+00
-1.5732191801e+00
-2.1848151684e+00
5.3137218952e-01
-2.9234602451e+00
6.5009146929e-02
-2.9709002972e+00
-1.2315419912e+00
5.5561280251e-01
-2.4438707829e+00
1.6132801771e+00
-4.5924463868e-01
6.7483836412e-01
-3.9794363081e-02
-2.1651980877e+00
-8.4327471256e-01
-3.8583428860e+00
-1.0948574543e+00
-4.1995081306e-01
-6.3102483749e-01
-2.5089688301e+00
-1.6773000956e+00
-2.0006694794e+00
-1.3023852110e+00
-4.0205297470e+00
1.0034763254e-02
-1.2434080839e+00
2.5916597843e+00
4.1914939880e+00
9.7125643492e-01
-6.6991801262e+00
-5.5465316772e-01
5.0554504395e+00
1.4362134039e-01
-5.4099946022e+00
3.0399479866e+00
-4.1318020225e-01
-3.1695508957e+00
6.2834787369e-01
1.7178839445e+00
1.2157735825e+00
1.1957037449e+00
-2.0052626133e+00
-6.7507904768e-01
4.8791122437e+00
-1.0275392532e+00
-1.8965817690e+00
1.2602809072e-01
-2.8636949062e+00
-4.5752263069e+00
-1.2609990835e+00
-5.3859720230e+00
3.8068113327e+00
4.2803368568e+00
-2.0353915691e+00
5.0938429832e+00
5.3568935394e-01
2.1457843781e+00
-1.3922250271e+00
-1.3366441727e+00
6.2865681648e+00
1.4301927090e+00
3.2259769440e+00
3.9842503071e+00
3.7682148814e-01
8.3514308929e-01
-5.0777449608e+00
2.9867563248e+00
-6.2196965218e+00
-7.0045228004e+00
2.4869236946e+00
1.7234165668e+00
5.8169956207e+00
3.1227657795e+00
3.5608451366e+00
3.4392039776e+00
-6.1981506348e+00
1.8745270967e+00
3.0291857719e+00
-7.0219974518e+00
3.8553764820e+00
3.7240095139e+00
7.9464521408e+00
9.7432708740e-01
7.1763789654e-01
-5.9239220619e+00
-2.7689330578e+00
-5.3510274887e+00
-4.4009475708e+00
4.4103422165e+00
5.1947274208e+00
-2.9588654041e+00
4.8622932434e+00
-2.1738092899e+00
-7.4239635468e-01
-3.1971114874e-01
-3.4897975922e+00
-1.4706721306e+00
-1.2286393642e+00
2.0801126957e+00
-2.1216533184e+00
-1.1197890043e+00
-2.8816611767e+00
1.9896682501e+00
3.4201030731e+00
2.5042636395e+00
5.3238973618e+00
4.3360157013e+00
-1.1736700535e+00
3.2157609463e+00
-5.9691133499e+00
6.7128604650e-01
-4.3613777161e+00
4.8105926514e+00
-4.2661132812e+00
-2.9430134296e+00
-1.6171202660e+00
-2.7346456051e+00
-2.4276711941e+00
-4.5211324692e+00
-2.2391952574e-02
-3.5001149178e+00
-6.0607185364e+00
-1.0841687918e+00
-3.1419942379e+00
4.3289208412e+00
-2.8090040684e+00
-5.3575258255e+00
4.1875395775e+00
2.9698154926e+00
3.2176408172e-01
-6.2900519371e+00
-2.2114160061e+00
-1.5232720971e-01
-5.5753755569e+00
-6.1486086845e+00
2.6059246063e+00
-1.5604466200e+00
-1.6616982222e+00
4.8070363998e+00
-7.5906831026e-01
2.9548057914e-01
-6.4232225418e+00
-7.2564964294e+00
-5.6594924927e+00
-6.5260505676e+00
-5.2157628536e-01
3.4211995602e+00
-3.9311759472e+00
-3.5621199608e+00
-1.0088093281e+00
-2.0256729126e+00
1.1566485167e+00
3.4488841891e-01
-1.4412326813e+00
-4.0526194572e+00
-3.6829588413e+00
-2.1858816147e+00
2.5943367481e+00
-4.9624286592e-02
-1.5020493269e+00
-4.6820890903e-01
1.7489109933e-01
-8.7840694189e-01
-1.7393124104e+00
-2.7280423641e+00
-2.4477648735e+00
-2.5016915798e+00
-2.3078311980e-01
6.2095705420e-02
-2.8072717786e-01
1.6347724199e+00
-1.1363949776e+00
7.6912665367e-01
3.6040506363e+00
3.3026769161e+00
4.6090373993e+00
5.6582450867e+00
9.3456518650e-01
8.3839964867e-01
-3.5484695435e+00
-3.1894464493e+00
9.6490234137e-01
-2.3870067596e+00
-2.9257907867e+00
-3.9983596802e+00
1.9565086365e+00
8.2079130411e-01
-2.8893575668e+00
-2.6360282898e+00
-2.6730651855e+00
-3.8958866596e+00
2.3098382950e+00
-6.6341531277e-01
8.8076859713e-01
-6.4158385992e-01
3.5286808014e+00
4.1572103500e+00
-7.1965038776e-01
8.4736913443e-01
-1.0965209007e+00
-2.6615184546e-01
-2.4527850151e+00
-3.4531929493e+00
1.6194670200e+00
1.1232193708e+00
-1.6224539280e+00
2.2288217545e+00
-1.9559966326e+00
-1.3014671803e+00
-3.3201117516e+00
-1.3507028818e+00
2.7491837740e-01
1.3618719764e-02
1.3562817574e+00
3.1817367077e+00
-2.5952055454e+00
-2.0691382885e+00
-2.6227812767e+00
8.0283738673e-02
-3.4142589569e-01
8.1485044956e-01
2.5461900234e+00
2.2162132263e+00
2.2283341885e+00
1.7437371016e+00
1.6878210306e+00
1.6959943771e+00
7.8192913532e-01
1.2357445955e+00
1.4618174732e-01
-2.0731461048e+00
-3.2549765110e+00
-5.2342410088e+00
-2.1346437931e+00
-2.6643919945e+00
2.3148553371e+00
-3.8622999191e-01
3.6590316296e+00
9.5725452900e-01
6.4143592119e-01
-1.1590745449e+00
2.3810040951e+00
3.9457986355e+00
2.5682287216e+00
2.8429107666e+00
3.5613615513e+00
4.6982831955e+00
-7.5551944971e-01
-5.0718396902e-01
1.9778856039e+00
1.4403191805e+00
1.2542721033e+00
-2.1021141112e-01
7.6154708862e-01
2.6757218838e+00
-1.4067776203e+00
-3.8687536120e-01
-9.3257999420e-01
3.8985054940e-02
2.6403472424e+00
1.8356373310e+00
2.2693932056e+00
3.9076502323e+00
-4.3145337105e+00
-2.7683978081e+00
2.5819888115e+00
-5.8192616701e-01
-8.9813715219e-01
1.5207044780e-01
2.9642858505e+00
3.7089052200e+00
2.2852146626e+00
4.2112131119e+00
-3.7833142281e-01
-1.1719925404e+00
1.8684155941e+00
2.6090815067e+00
1.9271942377e+00
3.9569592476e+00
-1.2311291695e+00
1.8755604029e+00
5.6624788046e-01
3.8476049900e+00
3.4712376595e+00
-5.8634346724e-01
-4.3362450600e+00
-6.3036233187e-01
4.2363014221e+00
-2.4596617222e+00
-7.2871985435e+00
2.2172281742e+00
7.2166782618e-01
-2.0049042702e+00
5.0206226110e-01
8.1622093916e-01
2.9588556290e+00
2.8251640797e+00
-2.2041513920e+00
-3.1970044971e-01
3.6025781631e+00
-2.2966599464e+00
2.1682629585e+00
2.2473073006e+00
-3.0075917244e+00
-2.7410848141e+00
1.0950402021e+00
-1.4084498882e+00
4.5720314980e+00
2.6866760254e+00
1.1694654226e+00
7.2922124863e+00
-1.0354019403e+00
-7.8343611956e-01
-3.4978799820e+00
-2.4017941952e+00
5.5767469406e+00
2.9800734520e+00
7.9206627607e-01
2.4128308296e+00
1.0690718889e+00
1.5250194073e+00
-5.2551741600e+00
2.2855505943e+00
-5.3512392044e+00
-5.5013442039e+00
7.2098344564e-01
2.1766245365e+00
4.8843631744e+00
1.6972551346e+00
2.9643337727e+00
3.1090278625e+00
-5.5611314774e+00
1.3610398769e+00
-1.3595268130e-02
-5.7445907593e+00
5.4631867409e+00
5.6534943581e+00
6.7008652687e+00
2.9544740915e-02
1.4667363167e+00
-4.4137973785e+00
-2.4987292290e+00
-4.2264623642e+00
-5.6767826080e+00
1.8072241545e+00
3.8178937435e+00
-3.5930194855e+00
4.9862499237e+00
-6.5059816837e-01
-1.3869316578e+00
6.9696623087e-01
-3.5700502396e+00
-1.4738113880e+00
-2.2142541409e+00
1.1926628351e+00
-4.2584075928e+00
-3.3125052452e+00
-4.3709144592e+00
1.6711680889e+00
3.5671529770e+00
5.1557493210e-01
2.9387814999e+00
3.5565721989e+00
-3.0235495567e+00
2.3821146488e+00
-5.1420898438e+00
1.5745320320e+00
-3.7912292480e+00
2.8321287632e+00
-2.1254620552e+00
-1.9255975485e+00
-5.8826029301e-01
-4.1852030903e-02
-2.3793754578e+00
-4.4893708229e+00
1.1881822348e-01
-3.5838217735e+00
-3.7482888699e+00
-1.5272436142e+00
-7.8960609436e-01
5.5224165916e+00
-4.1830258369e+00
-3.4379277229e+00
1.6039874554e+00
-2.7192167472e-03
-2.4376909435e-01
-7.0189032555e+00
-1.7044514418e+00
-2.1638751030e+00
-6.5093393326e+00
-5.8018507957e+00
1.5555222034e+00
-1.4372910261e+00
-7.2257703543e-01
3.1455020905e+00
1.9866064787e+00
8.4062540531e-01
-6.2768330574e+00
-5.6974906921e+00
-6.0108199120e+00
-4.4578275681e+00
-5.1289069653e-01
3.0814974308e+00
-4.2722144127e+00
-3.4795873165e+00
-2.9223012924e+00
-1.6435962915e+00
2.4550476074e+00
5.6384253502e+00
9.3422108889e-01
-2.3399167061e+00
-3.9174609184e+00
-3.7245147228e+00
1.3701479435e+00
-1.9245947599e+00
5.4839726537e-02
-7.4438607693e-01
2.3400919437e+00
-8.2528650761e-01
-3.6952137947e+00
1.0446130484e-01
-5.4422688484e+00
-3.0381863117e+00
-2.4758825302e+00
-2.1277141571e+00
-1.9828666449e+00
-7.5423634052e-01
-3.2990455627e+00
-9.4671255350e-01
3.8485078812e+00
8.2744626999e+00
7.5495862961e+00
6.5802550316e+00
2.0928149223e+00
-2.2136385441e+00
-3.6621754169e+00
-1.2954875231e+00
-3.5084286332e-01
-1.4578408003e+00
-7.9057893753e+00
-5.7748503685e+00
4.7880191803e+00
4.7105336189e+00
-3.4855113029e+00
-2.7225239277e+00
-2.2135562897e+00
-1.1242022514e+00
-2.6231808662e+00
-5.4907035828e+00
2.2686693668e+00
-2.6585464478e+00
5.4144635201e+00
4.8089942932e+00
-4.5261874199e+00
-5.5108933449e+00
-2.7414190769e+00
-7.0683188438e+00
-4.9400739670e+00
-6.2627854347e+00
-4.5907926559e-01
-2.9305887222e+00
1.3812006712e+00
6.3424378633e-01
-3.1621541977e+00
-2.0890142918e+00
-3.0980219841e+00
-1.0071167946e+00
7.4133116007e-01
4.3297686577e+00
4.8390886188e-01
-1.3736706972e-01
-1.7398703098e+00
-1.1398226023e+00
-1.0952376127e+00
5.2613425255e+00
-2.5780611038e+00
1.5225806236e+00
7.1721653938e+00
7.2220087051e+00
8.1150264740e+00
1.0358457565e+01
-2.5347127914e+00
-1.6203749180e+00
1.3413372040e+00
-9.7761428356e-01
-2.7822065353e+00
-6.3177824020e+00
6.8215000629e-01
2.3371372223e+00
-4.8796992302e+00
-6.9306769371e+00
-5.3367346525e-01
-5.7795581818e+00
1.4819380045e+00
-1.0238447189e+00
1.4514071941e+00
-3.4276223183e+00
5.0487418175e+00
8.9595994949e+00
-2.4654004574e+00
-3.9206147194e+00
6.2735280991e+00
8.0681667328e+00
3.1176591292e-02
3.3511888981e+00
2.9761130810e+00
6.4817261696e+00
3.8204720020e+00
2.8292057514e+00
1.8744906187e+00
1.3936585188e+00
-4.3564791679e+00
-1.3594002724e+00
-6.7420399189e-01
3.6418690681e+00
1.2042155266e+00
-6.1074972153e+00
7.5827894211e+00
9.3327789307e+00
1.3376228809e+00
2.7298445702e+00
2.3949928284e+00
6.6559034586e-01
-1.6915150881e+00
4.6718401909e+00
4.0795946121e+00
4.2164359093e+00
4.2544207573e+00
3.4212975502e+00
-3.2578480244e+00
-2.7067763805e+00
4.6584315300e+00
2.4397084713e+00
6.2223420143e+00
7.3846697807e+00
-1.0569138527e+00
-2.8132414818e-01
2.3560712337e+00
2.7856528759e+00
1.5190852880e+00
1.4266028404e+00
-2.9095594883e+00
1.8861186504e-01
2.4910967350e+00
6.2512910366e-01
-2.3620505333e+00
1.2832354307e+00
-1.8478052616e+00
-2.0002217293e+00
-8.3020848036e-01
3.0620110035e-01
-9.9060815573e-01
-1.2169860303e-01
-9.2762917280e-01
6.1426806450e-01
3.1198361516e-01
-5.3504896164e-01
6.6657656431e-01
2.7679523826e-01
1.1987069845e+00
-6.5121054649e-01
-4.8925703764e-01
1.0185548067e+00
1.3842703104e+00
1.2909127474e+00
3.1852239370e-01
2.8256008625e+00
-3.0585023761e-01
-8.6132812500e-01
-6.8158578873e-01
-4.6211746335e-01
3.7724313736e+00
1.2466615438e+00
-1.4099766314e-01
9.4590425491e-01
-1.4101902246e+00
9.5047849417e-01
-1.2753117085e+00
-3.0941545963e-01
-2.9620413780e+00
-2.8106830120e+00
-2.8167158365e-01
3.1751802564e-01
1.2633023262e+00
-5.5725771189e-01
1.2470537424e+00
1.4334616661e+00
-2.4816484451e+00
-3.8386353850e-01
5.6285202503e-01
-1.1623558998e+00
6.8989390135e-01
4.4578784704e-01
3.6976208687e+00
-1.2828077376e-01
-3.1876513362e-01
-1.5826950073e+00
-1.4494073391e+00
-5.9632307291e-01
-1.5257376432e+00
7.3195528984e-01
1.4768267870e+00
-2.9108352661e+00
1.9248281717e+00
8.1834042072e-01
2.4758577347e+00
1.5260955095e+00
6.8398386240e-01
2.0957899094e+00
6.4232844114e-01
1.6666904688e+00
-1.4391114712e+00
-9.2926990986e-01
-2.3837974072e+00
-1.4125128984e+00
1.5483587980e+00
1.5958571434e+00
3.9435627460e+00
2.7630560398e+00
-4.4181969762e-01
2.1487047672e+00
-3.0678770542e+00
4.2045620084e-01
6.9004118443e-01
4.0389299393e-01
3.9570781589e-01
-1.7219556570e+00
-9.8115140200e-01
-1.0668388605e+00
2.0780379772e+00
4.8535731435e-01
-7.3188334703e-02
4.2881581187e-01
-4.1522526741e+00
-9.5134240389e-01
-3.7992846966e-01
1.9612330198e+00
-1.7558966875e+00
-8.6565774679e-01
1.7888303995e+00
-5.9143877029e-01
-2.6983308792e+00
-2.2714698315e+00
-4.7857298851e+00
-1.4788271189e+00
-2.8210663795e-01
-1.1330940723e+00
2.9034299850e+00
1.9987936020e+00
8.9565515518e-01
2.8199091554e-01
1.8962317705e+00
1.6665478945e+00
-2.9684374332e+00
-2.9821808338e+00
-1.9606086016e+00
-1.2087882757e+00
-7.3786842823e-01
5.8184897900e-01
-3.9273673296e-01
-1.7194266319e+00
2.3027112484e+00
7.5841444731e-01
-1.1451181173e+00
-7.6141697168e-01
-1.2722989917e-01
-6.1201131903e-03
1.3581297398e+00
1.6492873430e+00
-9.4562512636e-01
-1.0101908445e+00
1.2370054722e+00
1.4893931150e+00
-2.4792855978e-01
9.5392203331e-01
2.1402665973e-01
-1.0510771275e+00
4.1879148483e+00
5.4662418365e+00
2.3774063587e+00
2.6792216301e+00
3.8871276379e-01
2.2924014926e-01
-4.6889032237e-03
4.4843524694e-01
4.7743363380e+00
2.5856509209e+00
-1.4790389538e+00
-3.1836919785e+00
3.2193616033e-01
7.6446497440e-01
1.7203156948e+00
1.8944076300e+00
-7.3431116343e-01
-1.4636604786e+00
-2.4780356884e+00
4.7413473949e-03
-1.0081282854e+00
-1.7235258818e+00
5.7501222938e-02
-5.0112611055e-01
1.4247717857e+00
9.2590147257e-01
6.0840759277e+00
6.8351697922e+00
-7.5303310156e-01
4.3762385845e-01
-1.0267488956e+00
-1.2263464928e+00
2.3064415455e+00
2.8910286427e+00
-1.6846492887e-02
-2.8599253297e-01
4.1229381561e+00
2.9807786942e+00
-8.7962120771e-01
-1.5223952532e+00
7.7796705067e-02
-8.9511466026e-01
4.6014642715e+00
4.6824779510e+00
1.9109166861e+00
-1.1530388892e-01
-3.9680707455e+00
-6.0399847031e+00
4.5548087358e-01
7.8724205494e-01
-1.3288470507e+00
-1.2754211426e+00
-3.0688381195e+00
-3.9844396114e+00
3.6909166723e-02
1.4359882474e-01
2.1156857014e+00
-2.1998006105e-01
2.2252096236e-01
2.3724803925e+00
1.2166234255e+00
2.7882843018e+00
-2.1934761107e-01
-4.1811487079e-01
-2.2218666077e+00
4.3205954134e-02
-1.8038561344e+00
-1.7721873522e+00
9.5552939177e-01
3.0362021923e+00
-2.5516533852e+00
-1.9189521670e-01
-4.0189838409e+00
-3.3160848618e+00
-1.2050498724e+00
6.6735732555e-01
-9.0295559168e-01
-1.0121191740e+00
-2.0004534721e-01
1.7589888573e+00
7.6983541250e-01
2.4928519726e+00
-8.7403053045e-01
-2.2979733944e+00
-4.0084350109e-01
-1.6673864424e-01
1.4607082121e-02
-7.9591192305e-02
-1.4685504436e+00
-9.0257537365e-01
6.3406294584e-01
1.9023413658e+00
2.4172995090e+00
6.6959804296e-01
-1.9964075089e+00
-9.2754095793e-01
-2.1659224033e+00
-1.7951037884e+00
6.8771916628e-01
1.0808041319e-02
-1.9163497686e+00
-2.1819639206e+00
-2.9597768188e-01
1.2253948450e+00
-2.2086117268e+00
-1.7885352373e+00
-1.8824616671e+00
-1.1108751297e+00
-1.8314768076e+00
-2.5009241700e-01
-5.4488911629e+00
-4.0214295387e+00
2.5018813610e+00
2.4693622589e+00
6.4060335159e+00
1.0207673073e+01
1.4300023317e+00
-2.5090217590e-01
2.1767153740e+00
1.5668288469e+00
-8.9211589098e-01
1.5713229179e+00
5.3856916428e+00
-1.2692241669e+00
5.8074378967e-01
3.5325322151e+00
3.3701386452e+00
4.8966279030e+00
8.4980779886e-01
2.0861673355e+00
-1.8267166615e+00
-1.1487942934e+00
-5.7073712349e+00
-4.7147884369e+00
-2.5633838177e+00
-8.9881429672e+00
3.3797757626e+00
7.6309280396e+00
-1.0447382182e-01
-1.0195065737e+00
6.4605059624e+00
-1.7515944242e+00
2.9141805172e+00
5.6913924217e+00
-2.7337462902e+00
5.3982061148e-01
2.0213540643e-02
2.6788261533e-01
4.1848793030e+00
4.2882108688e+00
2.2433073521e+00
8.5200995207e-01
-2.6794178486e+00
-6.5908718109e-01
-7.0413804054e+00
-8.2302446365e+00
1.8082625866e+00
5.6701117754e-01
3.7572419643e-01
-9.6037536860e-01
-9.7959480286e+00
-9.5122060776e+00
7.1045839787e-01
-7.8408908844e+00
-2.3423159122e+00
-4.1749358177e+00
-5.3475475311e+00
-3.5589551926e+00
3.2289657593e+00
-4.0327920914e+00
4.7423848510e-01
4.3859419227e-01
3.2045612335e+00
-3.7992253304e+00
9.0981960297e-01
6.8738979101e-01
-3.9567546844e+00
-7.2313957214e+00
-3.2981686592e+00
1.7787859440e+00
4.7455606461e+00
4.1879439354e+00
-2.5360827446e+00
2.3281970024e+00
3.0404951572e+00
4.9432668686e+00
7.8854088783e+00
8.4338798523e+00
-7.3999667168e+00
-4.0072274208e+00
-1.5323387384e+00
-1.5475858450e+00
-7.0126256943e+00
-6.2694573402e+00
5.9512920380e+00
7.9119677544e+00
-2.8172132969e+00
-7.4927601814e+00
-2.8864178658e+00
-3.1981947422e+00
-4.0587244034e+00
9.3971449137e-01
-1.4960907698e+00
-1.0961310863e+00
2.1700758934e+00
9.2051687241e+00
-3.2304034233e+00
-5.5724883080e+00
6.0649690628e+00
5.5589690208e+00
-1.1475319862e+00
4.5139832497e+00
-6.0368824750e-02
8.2716541290e+00
8.7614536285e-01
6.0784564018e+00
-6.0277396441e-01
-1.3161050081e+00
-6.8544263840e+00
-5.1059293747e+00
-9.3249434233e-01
-3.8642048836e+00
2.0613782406e+00
-7.8663010597e+00
1.8696168661e+00
3.3350152969e+00
6.5855040550e+00
6.2472438812e+00
4.5739807189e-02
2.1052570343e+00
2.9590883255e+00
1.0037165642e+01
-1.0651645660e+00
-1.2056875229e+00
2.6811605692e-01
-2.2939486504e+00
-2.4876399040e+00
3.9538076520e-01
3.5719132423e-01
-1.4389945269e+00
3.5170238018e+00
4.2628555298e+00
-1.1327685118e+00
-1.6105231047e+00
5.2825784683e-01
1.5825262666e-01
-1.5300189257e+00
-1.0369408131e+00
1.3553844690e+00
4.9917539954e-01
-3.0838358402e+00
-2.2618007660e+00
8.8361674547e-01
-7.0820343494e-01
3.7132203579e+00
9.5267945528e-01
3.1878714561e+00
1.2233393192e+00
1.6261919737e+00
1.8093551695e-01
1.3995623589e+00
2.3724982738e+00
-8.6711430550e-01
-1.4715515375e+00
2.9626277089e-01
-7.0565944910e-01
-1.0766414404e+00
-3.8795225322e-02
2.5149452686e+00
4.3024463654e+00
-1.4090728760e+00
-3.2499340177e-01
1.0104799271e+00
3.6655366421e-01
6.7790758610e-01
1.8334206343e+00
4.8781457543e-01
-1.0015955567e-01
-2.1451522410e-01
1.9286229610e+00
-1.3739694357e+00
-2.5244102478e+00
4.6710515022e-01
-1.2113453150e+00
1.2559238672e+00
-1.1138607264e+00
5.6754416227e-01
1.9726140499e+00
7.4305647612e-01
3.7671029568e-01
-1.3252460957e+00
-1.6226209700e-01
-9.4833314419e-01
1.1602482796e+00
1.0942692757e+00
1.8249262869e-01
3.6547309160e-01
1.5107895136e+00
1.4735680819e+00
-5.5359798670e-01
-6.9159477949e-01
-1.8049576283e+00
1.3750758171e+00
1.3001922369e+00
1.4124360085e+00
2.4284784794e+00
-5.1288700104e-01
-1.2217445374e+00
-2.3753325939e+00
-2.0025501251e+00
-2.1216974258e+00
-4.9654206634e-01
-2.0737042427e+00
-7.1416509151e-01
-1.2966404855e-01
-1.4241117239e+00
8.8204294443e-01
5.2188229561e-01
-1.3275972605e+00
-1.7334285975e+00
1.6711621284e+00
7.4742281437e-01
-1.3322886229e+00
-2.3495440483e+00
3.4870353341e-01
3.1204327941e-01
-1.1884818077e+00
1.1157605648e+00
1.0549106598e+00
7.2148096561e-01
-1.0978732109e+00
8.0829650164e-02
1.2506966293e-01
2.2089818120e-01
7.0279848576e-01
1.8436992168e+00
-2.7106134892e+00
-1.4772239923e+00
-8.0411803722e-01
-1.4983253479e+00
-6.5222358704e-01
-1.4376603365e+00
9.7570073605e-01
8.4646350145e-01
-1.9273693860e-01
4.8538553715e-01
-6.0252416134e-01
-1.7985643148e+00
1.8501936197e+00
-8.8709193468e-01
3.6142923832e+00
2.2814297676e+00
3.8722664118e-01
3.7472987175e-01
-5.9460294247e-01
7.6650977135e-01
-1.1629564762e+00
-1.6224434376e+00
-1.3302620649e+00
-9.1764017940e-02
8.2778787613e-01
1.5841814280e+00
9.3179798126e-01
1.9842320681e+00
3.8818711042e-01
7.8418247402e-02
1.8669379950e+00
-1.2479465008e+00
1.8523958921e+00
2.7587592602e+00
-3.1694030762e-01
-1.1528503895e+00
1.7151435614e+00
-5.1479721069e-01
-3.6345615983e-01
5.2438294888e-01
-2.7515643835e-01
-1.9655778408e+00
1.1549714804e+00
1.2030349970e+00
1.8418371677e+00
2.5331864357e+00
1.5301035643e+00
3.9439132810e-01
-4.8935952783e-01
-2.3272393644e-01
2.3170943260e+00
2.1545219421e+00
1.1780459881e+00
1.5715847015e+00
-9.3380212784e-03
8.3279085159e-01
9.2233312130e-01
-1.9520556927e+00
-3.1018359661e+00
-4.0916976929e+00
1.6141549349e+00
1.6909360886e+00
1.1950975657e+00
5.1015648842e+00
-1.4136305451e-01
-3.4275203943e-01
1.3271114826e+00
-2.6565721631e-01
-2.2538092136e+00
-5.4657139778e+00
1.1356182098e+00
2.0683279037e+00
-3.9685362577e-01
-1.9665922225e-01
-9.3296068907e-01
5.4604634643e-02
6.6348844767e-01
-5.2391076088e-01
-7.2370374203e-01
-1.5621025562e+00
-1.5799947977e+00
-1.6643965244e+00
4.6491795778e-01
2.2793982029e+00
3.5514131188e-01
-3.2087132335e-02
-1.2344790697e+00
-5.2667063475e-01
-2.6741802692e-01
-1.5522296727e-01
2.2688293457e+00
2.6676542759e+00
1.4804759026e+00
1.1339354515e+00
2.0101229846e-01
-1.6364550591e+00
2.1494276822e-02
5.0461441278e-01
8.0534291267e-01
1.2851717472e+00
5.5026948452e-01
-1.6047760844e-01
1.3347308636e+00
2.7888588905e+00
1.6941868067e+00
1.4955887794e+00
-5.4342043400e-01
-1.2491002083e+00
-9.6648120880e-01
4.0963047743e-01
-3.4586182237e-01
-3.0477936268e+00
-3.3528879285e-01
-1.1465865374e+00
1.4785221815e+00
1.7095676661e+00
-6.2509429455e-01
-7.8374725580e-01
1.2861908674e+00
1.2202775478e+00
1.9736691713e+00
3.3922622204e+00
-1.0492608547e+00
-1.9396017790e+00
-1.2813781500e+00
-1.0815140009e+00
-1.4497442544e-01
3.4147873521e-01
3.2041218877e-01
-1.3916431665e+00
-8.9370328188e-01
-1.1935210228e+00
-1.8224050999e+00
-5.6456899643e-01
-2.1302874386e-01
-9.8664057255e-01
7.2402042150e-01
-6.2307786942e-01
7.8421682119e-02
-3.9992883801e-01
3.4803792834e-01
-3.7405273318e-01
8.9171439409e-01
6.6746354103e-01
-1.3829270601e+00
-1.8977828026e+00
-7.3510712385e-01
-2.8351705074e+00
-1.3056509495e+00
3.8112926483e-01
3.4644180536e-01
3.2249755859e+00
-5.9617865086e-01
-1.6216206551e+00
-2.3333598673e-01
-1.0049611330e+00
1.3347033262e+00
4.2491230965e+00
-4.7738489509e-01
-4.1867637634e-01
-2.0258891582e+00
-1.8182512522e+00
6.9663429260e-01
-7.9143416882e-01
-2.2087237835e+00
-4.0236792564e+00
-1.4965269566e+00
-9.9096208811e-01
-1.5819499493e+00
-2.1891245842e+00
2.3803472519e+00
1.6448026896e+00
2.6759576797e-01
-6.7903533578e-02
1.9972829521e-01
9.7955107689e-01
8.0996972322e-01
-6.3617634773e-01
-8.6986118555e-01
-1.5279701948e+00
-8.6600726843e-01
1.2526310682e+00
-1.7977142334e-01
1.2377952226e-02
2.5139793754e-01
-9.3512907624e-02
-2.0792865753e+00
-1.1848057806e-01
-5.6702321768e-01
-1.0138810873e+00
3.4655201435e+00
4.1106324196e+00
-1.1882909536e+00
-7.8532207012e-01
-6.6801607609e-01
-2.4008831978e+00
9.2589712143e-01
2.8696268797e-01
4.8163712025e-01
1.6215355694e-01
6.7593377829e-01
2.1164240837e+00
-8.0016601086e-01
-1.2700685263e+00
-3.3213534951e-01
8.0230909586e-01
-2.7778856754e+00
-9.3380922079e-01
-4.4132318497e+00
-3.3088693619e+00
1.6216917038e+00
2.9102883339e+00
1.6134470701e+00
-1.0535343885e+00
-3.9395028353e-01
9.0183663368e-01
-6.6082310677e-01
-1.1330431700e+00
-5.0275552273e-01
-8.0703419447e-01
2.8588664532e+00
2.3893165588e+00
1.6095624864e-01
1.2411211729e+00
-1.5170705318e+00
-7.4650603533e-01
1.3542287052e-01
7.0800852776e-01
4.4874957204e-01
2.0921885967e+00
-1.1794707179e-01
-1.1244623661e+00
2.1125047207e+00
3.7567281723e+00
-8.1358009577e-01
-6.1545974016e-01
1.2742009014e-02
6.2473958731e-01
-4.6511670947e-01
-2.0977354050e+00
-8.7175512314e-01
-1.8795628548e+00
1.9108023643e+00
1.0948662758e+00
2.6881790161e-01
-8.1019663811e-01
-1.2913767099e+00
-1.1378426552e+00
-2.5947673321e+00
-3.1399524212e+00
8.3505862951e-01
9.2444026470e-01
-1.6124219894e+00
-2.1404891014e+00
1.0176422596e+00
-1.9588328600e+00
1.3839578629e+00
1.0555216074e+00
-2.4827532768e+00
-2.1717882156e+00
-1.2302145958e+00
-1.7417702675e+00
-2.2670457363e+00
-3.0256643295e+00
-1.8119707108e+00
-2.5009706020e+00
8.8238023221e-02
1.3766983747e+00
-1.9158101082e+00
-1.9204940796e+00
7.8338134289e-01
-1.3410732746e+00
-2.2625114918e+00
-2.7300300598e+00
-1.1630011797e+00
-2.3270759583e+00
-1.2232034206e+00
-2.2305543423e+00
4.3029817939e-01
5.0973707438e-01
-3.0606415272e+00
-1.6480680704e+00
-2.5150411129e+00
-2.9287402630e+00
-5.7567246258e-02
9.4477373362e-01
-2.7761702538e+00
-1.1911768913e+00
-1.0306680202e+00
9.1900974512e-01
-1.3929866552e+00
-3.5250554085e+00
-8.4225791693e-01
-2.0410246849e+00
-6.2509198189e+00
-4.5971927643e+00
-2.8787845373e-01
-1.7927118540e+00
-3.5450994968e-02
3.5549788475e+00
2.7865028009e-02
-2.2298822403e+00
-7.7382841110e+00
-7.5789995193e+00
-4.7070198059e+00
-3.9693944454e+00
-5.4210133553e+00
-4.4428243637e+00
-2.2555701733e+00
-2.6336202621e+00
-6.2905585766e-01
2.1982502937e+00
1.1764775515e+00
2.0444231033e+00
6.7316164970e+00
6.6412410736e+00
-4.8380103111e+00
-3.2196991444e+00
-1.9756976366e+00
-2.5623748302e+00
3.9785270691e+00
-3.4651595354e-01
-5.0836691856e+00
-5.9468054771e+00
3.3804457188e+00
2.7296640873e+00
-1.0624903440e+00
-1.0585384369e+00
8.2667362690e-01
-1.2673021555e+00
3.3096482754e+00
2.4736058712e+00
-1.0763521194e+00
-3.4175693989e+00
1.9866509438e+00
2.2040457726e+00
1.8890959024e+00
2.5919086933e+00
-1.9910812378e+00
-7.6070779562e-01
-3.0981280804e+00
-3.6129992008e+00
4.2130523920e-01
-4.1824946404e+00
-1.3774181604e+00
2.5792679787e+00
-6.4848165512e+00
-5.1313719749e+00
-2.9978325367e+00
4.5831668377e-01
-2.3930056095e+00
-3.8135406375e-01
-8.8941234350e-01
-5.1057070494e-02
-1.9965990782e+00
-4.0411920547e+00
-3.6593832970e+00
7.3626613617e-01
-2.9745155573e-01
2.9995572567e+00
4.6920013428e+00
6.1425514221e+00
4.7862796783e+00
4.1980099678e+00
2.7650613785e+00
2.8222313151e-02
-1.6918970644e-01
5.8485609293e-01
-1.2687374353e+00
-5.1434321404e+00
-6.6754639149e-01
6.9007046521e-02
-1.9546191692e+00
-9.2182934284e-01
9.9609160423e-01
-1.0205055475e+00
6.3042435646e+00
1.8172862530e+00
3.3437011242e+00
-1.7119901180e+00
3.0901465416e+00
3.6845650673e+00
-1.1950690746e+00
7.6677665114e-02
6.5826025009e+00
8.0254621506e+00
2.3961381912e+00
3.3916482925e+00
-5.5614447594e-01
-2.7228968143e+00
4.8334360123e+00
1.8089773655e+00
-5.8821503073e-02
1.0255908966e+00
-8.5850572586e-01
1.3926192522e+00
-3.3134789467e+00
7.9578369856e-01
-2.9567888379e-01
-7.3062610626e-01
4.6101584435e+00
6.5422391891e+00
-3.4185566902e+00
-1.8532090187e+00
3.8264923096e+00
1.6724350452e+00
-7.1723300219e-01
-7.3183715343e-01
1.6405779123e+00
2.0840091705e+00
2.5498881936e-01
9.8827916384e-01
2.1240243912e+00
-6.9569319487e-01
3.2922401428e+00
3.4484422207e+00
3.8914799690e+00
5.1105647087e+00
1.9439578056e+00
6.9620001316e-01
-6.0464650393e-02
3.0019021034e-01
2.5241494179e+00
1.1854456663e+00
-7.4457442760e-01
-2.1567711830e+00
-4.8503568769e-01
-2.7652330399e+00
2.2477464676e+00
1.5039789677e+00
-1.6797397137e+00
-4.3855518103e-01
-1.6427180767e+00
-4.7615054995e-02
1.6324119568e+00
2.2142705917e+00
1.1313856840e+00
8.6879855394e-01
3.2830274105e+00
1.4011243582e+00
-2.0614626408e+00
-2.0482392311e+00
2.5917489529e+00
-2.3819060624e-01
-7.8780668974e-01
1.6606073380e+00
-4.1367229819e-01
1.2178902626e+00
-3.0319356918e+00
-2.3682864010e-01
-5.2122354507e-01
1.3854824305e+00
-2.3217327595e+00
-1.5789095163e+00
-1.7144869566e+00
2.0699882507e-01
-2.9426953793e+00
-1.7221908569e+00
2.7243581414e-01
1.0416423082e+00
1.7428941727e+00
-2.1002702415e-01
3.4388656616e+00
1.0266652107e+00
-2.3622338772e+00
-7.8390550613e-01
-4.5322522521e-01
-5.1016788930e-02
-1.5663579702e+00
1.4804279804e-01
-7.1397602558e-01
-1.2377035618e+00
1.0688256025e+00
8.9511758089e-01
2.4549378455e-01
3.1751999855e+00
1.2350530624e+00
8.1850850582e-01
-8.4198790789e-01
-7.4992817640e-01
1.3177614212e+00
-5.5361783504e-01
2.4738867283e+00
7.2406148911e-01
2.0807168484e+00
-6.9310855865e-01
-1.7283486128e+00
4.7739070654e-01
2.0087718964e+00
1.4619911909e+00
6.2979354858e+00
3.6515052319e+00
1.4331371784e+00
6.8369424343e-01
5.1971298456e-01
-9.1413992643e-01
3.8693416119e-01
1.8463177979e-01
1.1745636463e+00
7.6066488028e-01
-2.2100825310e+00
-1.7795027494e+00
-1.5856432915e-01
5.6597042084e-01
1.7777535915e+00
1.3391324319e-02
2.7425336838e-01
-6.5638726950e-01
2.1413695812e+00
1.0771594942e-01
-2.0003652573e+00
-1.7854956388e+00
1.2884652615e+00
-9.0431672335e-01
1.0346515179e+00
5.0389206409e-01
1.7348606586e+00
-9.4552427530e-02
-1.6718086004e+00
5.8246606588e-01
2.6099259853e+00
7.6859730482e-01
4.4737834930e+00
2.2109761238e+00
-1.4901797771e+00
-3.7685766816e-01
1.4743136168e+00
5.8693856001e-01
1.9142152071e+00
4.5521742105e-01
1.7175008059e+00
2.6012825966e-01
-4.4712385535e-01
-1.4202421904e+00
-4.6042102575e-01
4.9867805839e-01
3.2114520073e+00
7.4028903246e-01
2.6148517132e+00
1.1731176376e+00
-7.4515086412e-01
-7.1874678135e-01
3.1356732845e+00
2.1510813385e-02
3.3009731770e+00
2.0310699940e+00
-1.4553551674e+00
-1.7378586531e-01
2.3111007214e+00
1.8772506714e+00
2.3496103287e+00
1.3209927082e+00
-3.7123720646e+00
-3.6111545563e+00
2.1587266922e+00
1.2134051323e+00
-4.5491051674e+00
-2.6385374069e+00
4.8729336262e-01
-1.2589056492e+00
-1.5977941751e+00
-1.1058534384e+00
1.6721231937e+00
1.7770792246e+00
-2.4997820854e+00
-1.7926445007e+00
1.5530655384e+00
-3.8977336884e-01
1.9472444057e+00
2.8551795483e+00
-1.7769100666e+00
-1.3533787727e+00
9.4031190872e-01
-1.3792496920e+00
3.5362036228e+00
4.0626578331e+00
2.9489185810e+00
3.5039641857e+00
-1.1338112354e+00
-2.2154512405e+00
-2.0144207478e+00
-2.5553078651e+00
4.9259099960e+00
3.8503048420e+00
4.7272882462e+00
3.1462030411e+00
-1.2141933441e+00
-1.8022234440e+00
-1.6600075960e+00
-3.7176156044e-01
-3.9498465061e+00
-3.4189252853e+00
8.7718427181e-01
2.3188066483e+00
2.9760699272e+00
6.4211171865e-01
1.9367132187e+00
1.5455187559e+00
-4.3450984955e+00
-3.7215321064e+00
-1.2076457739e+00
-4.0321803093e+00
3.6696791649e+00
3.2599034309e+00
4.6164193153e+00
2.8419408798e+00
-2.3096127510e+00
-3.4300887585e+00
-2.8676683903e+00
-4.0859875679e+00
-1.5828486681e+00
-1.2477959692e-01
8.2128888369e-01
-1.0125606060e+00
1.6867142916e+00
8.2425236702e-01
3.8938766718e-01
1.0796275139e+00
-3.3732078075e+00
-1.3147723675e+00
-1.7643513680e+00
3.8014236093e-01
-3.6410243511e+00
-3.2919669151e+00
-1.5411064625e+00
-8.8391101360e-01
3.1823577881e+00
9.7157788277e-01
3.6384689808e+00
3.1845402718e+00
4.2579570413e-01
-4.3375471234e-01
-3.6680302620e+00
-1.6754033566e+00
-4.2835050821e-01
1.4634473324e+00
-2.2263665199e+00
-2.0776016638e-02
-1.9213093519e+00
-1.6417250633e+00
-1.8092012405e+00
-1.6410161257e+00
-1.6992957592e+00
-5.9718215466e-01
-2.5672457218e+00
-2.6459078789e+00
2.3129742146e+00
4.9172973633e+00
-2.6817781925e+00
-2.6676971912e+00
1.5656231344e-01
4.0194328874e-02
-2.9332940578e+00
-5.6182579994e+00
-1.6201579571e+00
-2.7636001110e+00
-4.6302981377e+00
-4.8314886093e+00
2.2183957100e+00
1.6189769506e+00
2.0810770988e+00
2.9278943539e+00
2.1216661930e+00
2.9875879288e+00
-4.1142401695e+00
-3.9648351669e+00
-3.5616822243e+00
-2.8005959988e+00
2.0407447815e+00
2.4039561749e+00
-1.9581818581e+00
-1.9003372192e+00
-3.0302503109e+00
-2.2203719616e+00
-3.5265974998e+00
-1.8681411743e+00
-1.2865942717e+00
-3.2101535797e-01
1.1714576483e+00
1.6203941107e+00
5.0210468471e-02
-6.4810603857e-01
-4.8351734877e-02
3.6898870021e-02
3.5770052671e-01
-2.2270438075e-01
1.3234331608e+00
1.0620374680e+00
4.8116693497e+00
4.7871222496e+00
1.9068646431e+00
1.6993077993e+00
-9.3553185463e-01
1.9353376329e-01
-9.8694670200e-01
-3.4082010388e-01
1.1181259155e+00
7.1427530050e-01
-1.6675250530e+00
-1.8342866898e+00
-3.0662149191e-01
1.9794322252e+00
9.2667806149e-01
9.6304482222e-01
-9.6507644653e-01
-1.1750390530e+00
1.2929449081e+00
3.4294359684e+00
-1.4242173731e-01
-1.1517176628e+00
-8.2239663601e-01
7.7053066343e-03
1.0242602825e+00
-6.0836553574e-01
-1.2706280947e+00
4.1087213904e-02
1.0656974316e+00
1.2907316685e+00
-6.3409173489e-01
-6.0268465430e-02
6.0400623083e-01
-7.7535629272e-01
3.5914182663e-02
4.1782027483e-01
7.3084998131e-01
9.5905894041e-01
1.6740468740e+00
-7.6340097003e-03
-7.3163580894e-01
5.5640804768e-01
3.6232695580e+00
3.3689398766e+00
9.2232841253e-01
8.5788244009e-01
-1.3871198893e+00
-1.2165353298e+00
-1.7661954165e+00
6.1625860631e-02
9.7961807251e-01
1.7081774473e+00
-2.3800365627e-01
-3.1862983108e-01
-2.7144074440e+00
-2.3173418045e+00
-1.0425463915e+00
-3.4654051065e-01
-1.0307067633e+00
-6.8342494965e-01
-2.1712036133e+00
-5.3265106678e-01
6.4787024260e-01
-1.1434102431e-02
-5.7552033663e-01
1.0240628719e+00
-6.7851251364e-01
-8.9226084948e-01
2.3726403713e+00
2.8314006329e+00
-3.2761770487e-01
6.4132648706e-01
-3.2439777851e+00
-4.8849244118e+00
5.6230422109e-02
3.9302751422e-01
-2.5863924026e+00
-1.8498250246e+00
7.9394626617e-01
1.7614302635e+00
-5.2658313513e-01
2.0490036905e-01
8.9315336943e-01
-1.6534327269e+00
-3.7011688948e-01
-3.1584814191e-01
-6.6469532251e-01
-2.7542593479e+00
-3.4883618355e-01
-2.8307449818e-01
1.6206330061e+00
1.7269818783e+00
1.1443247795e+00
-4.6470010281e-01
1.8964631855e-01
-5.2949398756e-01
-2.6126141548e+00
-2.2051734924e+00
5.0373953581e-01
-2.5381368399e-01
-1.7966798544e+00
-2.6655814648e+00
-1.9987018108e+00
-4.7877493501e-01
-1.3085060120e+00
-8.7308637798e-02
-1.0738264322e+00
-2.1141970158e-01
9.7509503365e-01
2.1223688126e-01
-1.3836560249e+00
-5.1384967566e-01
3.8272330165e-01
-1.3721001148e-01
-2.8762333393e+00
-1.1951807737e+00
1.0317456722e+00
-6.2095481157e-01
1.7827335596e+00
1.0808768272e+00
2.7198818326e-01
-9.5620250702e-01
1.3076177835e+00
1.6632703543e+00
-4.4719495773e+00
-1.6954541206e+00
1.6094441414e+00
2.5681656599e-01
5.8602923155e-01
6.4506351948e-01
-1.4851285219e+00
-4.0952786803e-01
-5.1928550005e-01
-4.0617701411e-01
-2.0855276585e+00
-8.6014568806e-01
2.0060956478e+00
1.2845659256e+00
-4.1551918983e+00
-3.8124594688e+00
8.6745554209e-01
3.7732642889e-01
1.5347889662e+00
1.6035835743e+00
1.8897640705e+00
9.8026019335e-01
8.7168049812e-01
7.6186370850e-01
5.1962220669e-01
-5.1088005304e-01
4.2234802246e+00
1.9633220434e+00
1.4371665716e+00
1.3605551720e+00
4.4366508722e-01
8.0701887608e-01
-3.7646743655e-01
7.3574572802e-01
-3.3658821583e+00
-1.4799704552e+00
4.9290585518e-01
-1.5559317172e-01
1.6766297817e+00
3.0513310432e-01
3.1538383961e+00
2.8842515945e+00
-1.5966320038e+00
-2.0863702297e+00
-2.9892818928e+00
-4.1807600856e-01
7.9765701294e-01
7.2787743807e-01
1.1383192539e+00
1.3867988586e+00
-2.2187054157e+00
-5.9461158514e-01
-1.5601609945e+00
-4.9662351608e-01
-1.1359635592e+00
6.7075037956e-01
-1.6667567492e+00
-3.7661012262e-02
1.3188407421e+00
3.8771688938e-01
4.3985554576e-01
6.8133199215e-01
-7.4312132597e-01
-5.0667941570e-01
-6.0925084352e-01
-6.6732043028e-01
-4.7549510002e-01
-2.3068532348e-01
-3.2612817287e+00
-1.5289530754e+00
2.3579618931e+00
6.2475335598e-01
1.6807895899e+00
1.1076118946e+00
6.8983113766e-01
-4.7581696510e-01
-2.3055627346e+00
-8.6691546440e-01
3.2225706577e+00
9.9006813765e-01
-2.8267865181e+00
-1.0423507690e+00
-5.4221604019e-02
-5.6983518600e-01
-1.7078876495e-02
2.5967255235e-01
-4.0738165379e-01
1.0131418705e-01
-3.0644009113e+00
-1.0244296789e+00
4.2301168442e+00
9.3857610226e-01
-2.3196132183e+00
-1.3235296011e+00
-2.1970218047e-02
-1.4954209328e+00
-2.0959410667e+00
-1.1002258062e+00
-3.3145596981e+00
-1.0551080704e+00
-4.5097026825e+00
-2.7508442402e+00
7.0666092634e-01
7.9456174374e-01
2.9330241680e+00
1.0512098074e+00
2.9320073128e-01
6.8738985062e-01
-3.3453011513e+00
-1.4218616486e+00
-5.0155878067e+00
-1.6968401670e+00
-9.5701426268e-01
-1.2931535244e+00
-1.7897502184e+00
-3.4719862938e+00
-3.3357114792e+00
-2.1231391430e+00
1.5938398838e+00
-7.6837247610e-01
-2.4254736900e+00
-2.2190284729e+00
1.8097643852e+00
4.6978139877e-01
1.6075105667e+00
-6.3821947575e-01
9.2942243814e-01
-1.0394780338e-01
-1.0839346647e+00
2.8048338890e+00
2.8881850839e-01
-1.3124719858e+00
-1.3830256462e+00
-6.2147116661e-01
-2.3128174245e-01
-1.5641707182e+00
2.9441142082e-01
9.3175566196e-01
-3.1681973934e+00
-2.4246079922e+00
2.1791824698e-01
-2.0639728010e-01
1.8177375793e+00
8.6186558008e-01
1.4188188314e+00
-2.3552648723e-01
1.1199085712e+00
5.2046160698e+00
-2.8150138259e-01
-9.4206732512e-01
7.5266647339e-01
5.2533078194e-01
9.7369730473e-01
-3.4753222466e+00
1.6655582190e+00
3.2434038818e-02
-1.8007615805e+00
1.9108072519e+00
-3.2344393730e+00
-1.2528580427e+00
1.4518342912e-02
2.8806614876e+00
6.6175687313e-01
-1.0215771198e+00
-4.4094780087e-01
-1.6296877861e+00
-1.1378389597e+00
-2.5274994969e-01
-8.2088661194e-01
-5.9110915661e-01
-2.9422061443e+00
-8.6130452156e-01
1.9577200413e+00
-5.0690299273e-01
-7.6768797636e-01
-1.0477302074e+00
-5.4993671179e-01
-2.8050410748e-01
2.7125316858e-01
-1.6858392954e+00
-9.0516410768e-02
3.4506270289e-01
1.4426395297e-01
5.1082663536e+00
2.4287836552e+00
1.3008956909e+00
9.9676692486e-01
-1.3834198713e+00
8.6432647705e-01
1.8534594774e+00
1.5748219490e+00
1.7895908356e+00
-1.9299482107e+00
1.4350529015e-01
-1.4116270542e+00
-2.6415879726e+00
-2.2084119320e+00
-2.2675050795e-01
9.2862498760e-01
1.2444217205e+00
-2.8631894588e+00
-1.6309448481e+00
-4.0564963222e-01
2.2142016888e+00
-1.9068264961e-01
4.6586689949e+00
1.8491790295e+00
2.6111557484e+00
-5.4515171051e-01
3.4078148007e-01
4.8062211275e-01
1.2226789445e-01
1.0626738071e+00
1.0908969492e-01
-9.9327880144e-01
9.7894603014e-01
-2.7313646674e-01
1.8255144358e+00
1.2271386385e+00
9.9576896429e-01
-1.0023504496e+00
-1.1027950048e+00
-1.9649078846e+00
-7.8979820013e-01
-8.7305176258e-01
-2.3383970261e+00
-1.4282369614e+00
-1.1637992859e+00
2.2598779202e+00
1.3614268303e+00
9.6315693855e-01
1.3934992552e+00
1.5368369818e+00
3.6676256657e+00
1.5651170015e+00
4.6535024643e+00
-1.4447937906e-01
-9.4060897827e-01
2.3616081104e-02
-1.2619860172e+00
1.6479218006e-01
4.2305026054e+00
1.2082418203e+00
-5.3729897738e-01
-3.1873902678e-01
2.3841090202e+00
2.5628888607e+00
2.8937656879e+00
1.1004468203e+00
-2.4966141582e-01
-2.0122053623e+00
-9.7921174765e-01
1.6517691612e+00
2.7976672649e+00
-1.4368650913e+00
3.5384333134e-01
1.0023399591e+00
-6.7633831501e-01
-8.4025365114e-01
-2.2228932381e+00
-2.2021589279e+00
-3.0265631676e+00
2.2675554752e+00
2.9597456455e+00
5.8060455322e-01
3.1653073430e-01
1.5188143253e+00
-1.5259249210e+00
9.4130295515e-01
-7.2551362216e-02
-8.2807314396e-01
-1.0558027029e+00
-1.1478363276e+00
-2.2603650093e+00
-2.7438213825e+00
-3.0755562782e+00
5.9454536438e-01
3.1351622939e-01
-1.2836129665e+00
-9.5973509550e-01
-2.0618507266e-01
7.0784813166e-01
-1.6901882887e+00
-6.5329265594e-01
-9.1278010607e-01
-5.5856126547e-01
2.8845024109e+00
2.9155947268e-02
1.2781440020e+00
4.3809959292e-01
1.9139078856e+00
2.1406242847e+00
-7.0025891066e-01
1.2072638273e+00
-1.1109783649e+00
-2.1388156414e+00
-4.1760727763e-01
4.5497636311e-03
2.4227681160e+00
8.1833076477e-01
2.1457353607e-02
1.4215109348e+00
2.2983696461e+00
2.1269106865e+00
-5.8567196131e-01
-1.6971024275e+00
1.7960414886e+00
1.5907428265e+00
2.4846169949e+00
2.1276764870e+00
8.2541838288e-02
-2.0224399567e+00
7.7368307114e-01
2.8522010893e-02
-2.5097319484e-01
-1.0809767246e+00
-9.8607248068e-01
-1.5349842310e+00
2.0989420414e+00
3.1923100352e-02
9.3558025360e-01
-6.0133326054e-01
3.0597314239e-01
1.1272039413e+00
-7.1651244164e-01
-1.5460450649e+00
1.3049477339e-01
-1.9245141745e+00
-4.9254679680e-01
-6.8405914307e-01
1.0289856195e+00
-1.3272318840e+00
-2.7806884050e-01
4.9432843924e-01
-2.6560463905e+00
-1.8987463415e-01
1.8782052994e+00
7.9846990108e-01
-4.7135478258e-01
2.0343339443e+00
-4.4682863355e-01
9.8852723837e-01
-1.4973541498e+00
-3.8931143284e-01
2.6406638622e+00
-6.9666586816e-02
-7.6826167107e-01
-1.6585227251e+00
1.4412787557e-01
1.2557959557e+00
1.3552058935e+00
-1.2790404558e+00
1.7146121264e+00
-1.4436186850e-01
9.2341196537e-01
1.8527379036e+00
-3.9094403386e-01
-1.1152057648e+00
-6.9425620139e-02
7.2178524733e-01
2.1472153664e+00
1.7848334312e+00
-1.0669747591e+00
-1.6247917414e+00
2.2212278843e+00
1.9571427107e+00
1.4771918058e+00
2.6536734104e+00
-1.3946269751e+00
-1.1063531637e+00
-5.7016366720e-01
-3.3737230301e-01
-5.6871086359e-01
-5.8678179979e-01
-2.3058034480e-01
-7.0819169283e-01
4.9163107872e+00
2.9282553196e+00
-1.2331807613e+00
-1.0525289774e+00
1.3563973904e+00
-3.3940556049e+00
1.5274612904e+00
-2.5171878934e-01
-2.3149671555e+00
-1.7932819128e+00
-2.3755686283e+00
-2.5101842880e+00
-4.1715559959e+00
-2.0355355740e+00
-2.4429838657e+00
-2.1375777721e+00
-2.0021431446e+00
-1.5370750427e+00
1.3106518984e-01
1.3376061916e+00
2.8740303516e+00
3.1434941292e+00
3.2409977913e+00
2.7820138931e+00
1.3667229414e+00
-1.6720806360e+00
-8.4377199411e-01
-4.2805460095e-01
3.8087451458e+00
2.3221466541e+00
-5.0974030495e+00
-4.2866015434e+00
1.4772428274e+00
4.6385285258e-01
1.7868808508e+00
1.7798504829e+00
7.8927201033e-01
2.8732128143e+00
-9.9763238430e-01
-9.9804311991e-01
-1.2360277176e+00
-2.7150058746e+00
-1.3658575714e-01
-3.6607912183e-01
2.0332063735e-01
3.5711085796e-01
3.3578195572e+00
-2.0994360447e+00
2.7901691198e-01
3.5599026084e-01
-1.0840493441e+00
-1.3915791512e+00
-1.6364272833e+00
-1.0066720247e+00
-1.9328430891e+00
-1.7302365303e+00
7.2476249933e-01
5.4571890831e-01
-5.3283846378e-01
-1.0485588759e-01
-8.5877966881e-01
-9.8780840635e-01
-3.7997403145e+00
-2.0320143700e+00
-3.2263784409e+00
-1.2836627960e+00
1.4926655591e-01
2.1605401039e+00
3.3045160770e+00
2.2081873417e+00
1.0816404819e+00
3.7299351692e+00
-1.6587244272e+00
-1.0909792781e-01
-1.2666147947e+00
-1.6355303526e+00
-1.9440242052e+00
-2.2187774181e+00
1.0362122059e+00
1.6896013021e+00
2.8297822475e+00
-1.6458655596e+00
1.7144991159e+00
-4.1298699379e-01
-9.3005293608e-01
-4.4848990440e-01
2.6147861481e+00
9.9304711819e-01
-2.0129385591e-01
3.4852833748e+00
2.2181428969e-01
-1.1924742460e+00
2.8098497391e+00
3.1637365818e+00
-1.2519147992e-01
4.4649453163e+00
-2.1630125046e+00
-1.2576104403e+00
2.5281686783e+00
3.2519431114e+00
-7.2841584682e-01
1.0930614471e+00
-2.6684548855e+00
6.3943982124e-01
-3.8955752850e+00
-6.9130915403e-01
1.3960856199e-01
-3.3460464478e+00
-9.6660703421e-01
8.9476001263e-01
1.4463151693e+00
1.5924906731e+00
3.7754499912e+00
2.6532313824e+00
-9.9239277840e-01
3.2932214737e+00
-8.3675491810e-01
-2.2963199019e-01
-4.3569239974e-01
1.0473016500e+00
9.8125308752e-01
1.2611969709e+00
9.9011451006e-02
-1.7246630192e+00
1.8317621946e-01
2.8191368580e+00
2.9639375210e+00
2.9739489555e+00
-2.3095512390e+00
-1.9823224545e+00
1.7187175751e+00
7.7470511198e-01
2.6768214703e+00
1.2023346424e+00
-7.2638481855e-01
-2.4848663807e+00
-4.0947717428e-01
-2.2197982762e-03
2.2709493637e+00
1.9713714123e+00
-2.5156266689e+00
-2.7064609528e+00
1.2824758291e+00
2.7052242756e+00
2.3981308937e+00
1.8152614832e+00
1.7506110668e-01
-7.9499816895e-01
-3.8634145260e-01
-5.2524721622e-01
3.3612582684e+00
3.1227536201e+00
4.8951449990e-01
-7.7843117714e-01
-1.2089011669e+00
-1.5577385426e+00
-4.9791774750e+00
-3.0299046040e+00
-2.4418861866e+00
-1.0934853554e+00
-9.4830542803e-01
-2.8695639968e-01
-2.6010460854e+00
-2.3111019135e+00
-3.2283052802e-01
-6.3452541828e-01
-2.3742673397e+00
-3.3230743408e+00
1.2318141460e+00
1.3994872570e+00
3.8915145397e+00
3.8246972561e+00
-3.5019097328e+00
-2.6013536453e+00
1.9678254128e+00
-9.7419661283e-01
5.7399368286e-01
-1.5189362764e+00
6.2612724304e-01
2.8174930811e-01
-9.8871755600e-01
1.0828596354e+00
6.8607676029e-01
1.5617436171e+00
-1.7236976624e+00
-8.1392592192e-01
-8.5541315377e-02
1.3398960829e+00
2.6262953281e+00
2.0116741657e+00
1.2161365747e+00
2.0665372908e-01
3.9537498951e+00
5.1996097565e+00
-1.9676747322e+00
-2.8823189735e+00
3.5695939064e+00
2.2050032616e+00
-5.7612359524e-01
1.1223410368e+00
4.1168406606e-01
-2.8559601307e-01
-4.2982044816e-01
-9.4390571117e-02
5.9234827757e-01
-1.0887072086e+00
-2.0197217464e+00
-2.2401816845e+00
-5.1966729164e+00
-3.1837875843e+00
-1.5174500942e+00
-3.0654034615e+00
-1.1731601954e+00
-1.4330254793e+00
1.0914196968e+00
1.6403547525e+00
6.0586524010e-01
1.1567538977e+00
2.9581222534e+00
6.5058255196e-01
1.4806003571e+00
-9.8381429911e-02
-9.8087656498e-01
-1.6401602030e+00
2.1294608116e+00
1.4561131001e+00
-2.4895095825e+00
-2.3963754177e+00
-2.4385931492e+00
-7.1667212248e-01
2.5578325987e-01
1.3603886366e+00
-1.5465698242e+00
-7.9804003239e-01
-6.8380683661e-02
-1.3600122929e+00
-1.2820710242e-01
1.0925146341e+00
3.6038267612e-01
-9.5918178558e-01
-4.6654352546e-01
-2.2325565815e+00
1.1402840614e+00
-1.2729219198e+00
3.2223947048e+00
3.1155900955e+00
-1.1229553819e-01
2.3837680817e+00
-1.9596278667e+00
-1.7206046581e+00
-2.4318096638e+00
8.1990009546e-01
5.3613311052e-01
1.1919233799e+00
2.6856323704e-02
2.7600151300e-01
3.8608603477e+00
2.0454852581e+00
1.7893167734e+00
6.8543875217e-01
-3.3334362507e+00
1.2553837299e+00
1.5689948797e+00
-3.9196267724e-01
-2.9955470562e+00
3.3586148173e-02
1.2701462507e+00
-1.8462707102e-01
2.4844279289e+00
1.9761962891e+00
6.1580717564e-01
5.9668636322e-01
-1.9763472080e+00
1.4104126394e-01
1.3184887171e+00
-1.4678236246e+00
1.2134128809e+00
-1.0593957901e+00
-6.3341856003e-01
-1.5039395094e+00
9.9340653419e-01
1.4891629219e+00
2.2835998535e+00
1.4821419716e+00
2.1738498211e+00
4.6398983002e+00
1.4351996183e+00
1.8349243402e+00
-1.1111184359e+00
-7.7338474989e-01
4.2298393250e+00
2.1976060867e+00
7.2893701494e-02
1.1131700277e+00
1.2836825848e+00
2.1355392933e+00
-1.9493249655e+00
-3.4357196093e-01
-2.5357556343e+00
-2.4400289059e+00
-1.0273005962e+00
7.4766211212e-02
1.9135369062e+00
-5.6893903017e-01
2.6994266510e+00
1.6909803152e+00
-2.2059621811e+00
-3.4247466922e-01
5.9823638201e-01
-5.7427030802e-01
1.8922153711e+00
6.9806349277e-01
3.3853726387e+00
-2.4358372688e+00
1.4721469879e+00
-1.1953912973e+00
-1.8642120361e+00
-1.3444043398e+00
-5.7833886147e-01
6.0222381353e-01
3.2241451740e+00
-1.4209853411e+00
2.5863306522e+00
2.6029881835e-01
2.0250992775e+00
-1.8063271046e+00
-1.7358646393e+00
-1.0284007788e+00
-1.6282217205e-01
4.0038210154e-01
-1.1274807453e+00
-6.2054306269e-01
-1.1881948709e+00
7.5771009922e-01
2.1508004665e+00
8.8476181030e-01
1.5779985189e+00
2.1898217201e+00
9.8158769310e-02
8.2272994518e-01
-1.8702820539e+00
1.5023481846e+00
-1.6718597412e+00
8.4035569429e-01
-1.4548283815e+00
-2.7444813251e+00
5.1759064198e-01
1.0349360704e+00
9.4476693869e-01
-1.6369976103e-01
5.6284371763e-02
-2.2014364600e-01
-3.6828858852e+00
-2.1473932266e+00
2.2473949194e-01
1.6695636511e+00
-2.6594376564e+00
-2.9477078915e+00
1.3183157444e+00
-2.4348859787e+00
-1.2848019600e+00
-3.0526888371e+00
-4.0369400978e+00
3.2648974657e-01
-1.2314559221e+00
-1.4245088100e+00
-3.9819589257e-01
-1.0817300081e+00
-1.6207681894e+00
-4.3234813213e-01
1.0532135963e+00
6.0423463583e-01
-2.2980911732e+00
-2.4340338707e+00
-4.5105438232e+00
-2.4696435928e+00
-1.7925596237e+00
8.6125597358e-02
-2.0678637028e+00
-1.7360084057e+00
-4.6131703258e-01
-2.7250280380e+00
-1.2489204407e+00
-3.0928626060e+00
-1.0246677399e+00
-2.7312211990e+00
-7.7205851674e-02
-4.4592258334e-01
2.9661142826e+00
3.3780482411e-01
6.0937768221e-01
8.8933661580e-02
-2.5676598549e+00
1.3556909561e+00
2.2909889221e+00
8.9365684986e-01
1.4893765450e+00
5.0029331446e-01
-2.6819425821e-01
-1.7183902264e+00
1.3586807251e+00
3.5367956161e+00
9.8147475719e-01
5.3018885851e-01
-2.4337012768e+00
-2.0967779160e+00
-1.1931881905e+00
2.0487990975e-01
1.7976799011e+00
1.9328202009e+00
-8.9705729485e-01
7.1617138386e-01
1.2417154312e+00
8.0084538460e-01
4.2399935722e+00
1.9605263472e+00
1.1961594820e+00
6.4382266998e-01
1.0228683949e+00
1.4780616760e+00
-1.4108862877e+00
-1.6939235926e+00
-9.9350798130e-01
-9.9492758512e-01
-3.5996406078e+00
-1.1450368166e+00
1.1103423834e+00
1.2372157574e+00
-2.4706189334e-01
6.9970704615e-02
-2.7382233739e-01
1.5487924814e+00
-1.9904310703e+00
-1.0923008919e+00
-1.1158165932e+00
8.7039649487e-01
1.2785972357e+00
2.2780845165e+00
-8.3651387691e-01
-2.3114840984e+00
-1.7919390202e+00
-1.5056080818e+00
1.3398888111e+00
7.7883702517e-01
1.5573972464e+00
2.4159321785e+00
-2.8953945637e+00
-5.3978395462e-01
-1.1063992977e+00
-2.9843339920e+00
2.2649335861e+00
1.4704393148e+00
-3.9563977718e+00
-1.6375229359e+00
-3.4929454327e+00
-3.7074346542e+00
2.3051362038e+00
3.0217251778e+00
-5.1086461544e-01
-1.9812893867e+00
1.0614966154e+00
1.3441588879e+00
-1.3987376690e+00
-1.4544949532e+00
1.8323425055e+00
9.6055245399e-01
1.5591122210e-01
2.2020776272e+00
-2.1224687099e+00
8.6423128843e-02
6.2091934681e-01
1.0865630955e-01
-8.3916950226e-01
-1.0162689686e+00
1.4368718863e+00
1.1990042925e+00
5.1691132784e-01
5.9208262712e-02
-1.5310077667e+00
-2.6760673523e+00
-1.4899837971e+00
-4.4881540537e-01
-2.7131679058e+00
-2.3610458374e+00
-3.5147383809e-01
8.7052839994e-01
-9.6466761827e-01
-7.0546728373e-01
7.9097390175e-01
-8.6181479692e-01
2.6407265663e+00
1.4473108053e+00
8.0211430788e-01
1.4082335234e+00
3.9511582255e-01
-3.0351526737e+00
-3.7373170853e+00
-2.5009763241e+00
-5.7239793241e-02
9.2413443327e-01
1.3147255182e+00
1.2521797419e+00
1.1187331676e+00
1.0570988655e+00
-5.1827079058e-01
2.7288997173e+00
2.3768208027e+00
8.2674795389e-01
-2.2216424942e+00
-5.9195131063e-01
-5.0159878731e+00
-3.3472769260e+00
-4.5952150226e-01
-1.6978809834e+00
1.9834090471e+00
8.5094869137e-01
4.9525275826e-01
-5.6800800562e-01
4.3512840271e+00
2.9655213356e+00
-6.7978515625e+00
-2.8330535889e+00
-2.7282798290e+00
-3.0249345303e+00
-4.9616889954e+00
-2.4914584160e+00
-8.0090880394e-01
9.1209381819e-01
-4.9432539940e-01
-9.2718452215e-01
-1.6372859478e-02
2.9466037750e+00
-3.5968676209e-01
-3.5735671520e+00
-1.2377394438e+00
-2.5451474190e+00
-3.0133392811e+00
-3.9049141407e+00
4.0475873947e+00
4.9616227150e+00
1.9639971256e+00
2.0491414070e+00
-2.6982097626e+00
-3.4299154282e+00
-1.5732491016e+00
-2.1173503399e+00
3.6076035500e+00
7.0014011860e-01
3.5480144024e+00
3.2714750767e+00
-2.2125644684e+00
-2.3417325020e+00
-5.5150170326e+00
-1.6383633614e+00
-4.9087166786e+00
-4.4798917770e+00
2.0059385300e+00
1.1293406487e+00
4.1725053787e+00
3.6744420528e+00
2.4008331299e+00
2.5940585136e+00
-4.2494373322e+00
-2.4716331959e+00
-3.1508946419e+00
-2.8697340488e+00
1.4134290218e+00
2.3036210537e+00
3.9758527279e+00
3.2640626431e+00
-4.5612401962e+00
-3.4528756142e+00
-1.1031661034e+00
-2.8062968254e+00
-4.9584922791e+00
-2.0110619068e+00
-2.0972988605e+00
-4.1685891151e+00
2.3622026443e+00
1.0297421217e+00
5.7214278728e-02
7.8712481260e-01
-3.5157217979e+00
-4.5749107003e-01
-1.6902637482e-01
9.7739779949e-01
-3.7024230957e+00
-4.0878281593e+00
-2.0954980850e+00
-8.5761904716e-02
2.6162755489e+00
3.1565680504e+00
3.3662822247e+00
3.4113614559e+00
-9.0189003944e-01
6.8297451735e-01
-2.2628140450e+00
-2.0391590595e+00
5.4666509628e+00
5.6233453751e+00
-2.9711425304e+00
-6.4851856232e-01
1.5331113338e+00
-1.5860289335e+00
-1.3316359520e+00
-2.5646817684e+00
3.9002690315e+00
2.2872248292e-01
-4.7128739357e+00
-2.2454197407e+00
5.0772494078e-01
8.1573641300e-01
-3.8028810024e+00
-3.2625429630e+00
1.7262862921e+00
2.6564836502e+00
-3.7485306263e+00
-5.2887544632e+00
-1.5542604923e+00
-1.4028860331e+00
-6.3302598000e+00
-5.5354437828e+00
1.5625847578e+00
-3.5286968946e-01
4.8685383797e+00
2.9390714169e+00
6.6879397631e-01
2.2055602074e+00
-4.9763646126e+00
-5.0940594673e+00
-4.6083345413e+00
-3.3459684849e+00
3.5648376942e+00
5.9973354340e+00
-3.5883941650e+00
-4.0187120438e+00
-3.9265859127e+00
-2.2879483700e+00
5.8616411686e-01
-2.4864974022e+00
1.9069169462e-01
-1.8550707102e+00
-7.5427040458e-02
1.8411750793e+00
-1.3939208984e+00
-2.0798940659e+00
5.6051492691e-01
1.1869701147e+00
1.2241636515e+00
1.1814770699e+00
-7.1989357471e-02
-1.3312863111e+00
-1.0765535831e+00
4.0305237770e+00
-1.8836921453e-01
6.9691991806e-01
3.3014538884e-01
-1.1850502491e+00
3.2580831647e-01
-6.1414182186e-01
-1.1303670406e+00
-6.0199952126e-01
-1.4527620748e-02
-2.5637183189e+00
1.4073446989e+00
-1.9724584818e+00
2.2477703094e+00
5.8182768822e+00
1.0320206881e+00
9.2290341854e-01
6.2793910503e-01
2.0470225811e+00
-9.7001409531e-01
-2.9881591797e+00
1.3566415310e+00
9.5370817184e-01
-7.4282532930e-01
1.1826298237e+00
1.3123145103e+00
9.8074084520e-01
-1.0602002144e+00
-8.6095637083e-01
-4.2510741949e-01
-2.7568621635e+00
-1.0748653412e+00
1.2182940245e+00
1.2881217003e+00
1.0111176968e+00
-8.4837958217e-02
-3.9284840226e-01
-9.5353072882e-01
-1.6556484699e+00
-2.4083323777e-01
-8.3596390486e-01
7.7889311314e-01
2.3600180149e+00
3.5027686507e-02
3.3577978611e-01
4.2227563262e-01
-1.8822718859e+00
-6.5134984255e-01
-1.6376301050e+00
1.5413248539e+00
7.4313360453e-01
1.0627993345e+00
-1.6650303602e+00
3.5116877556e+00
5.1986795664e-01
1.3083723783e+00
-2.9598090649e+00
1.2221413851e-01
1.3918328285e+00
-2.4491499364e-01
4.7624543309e-01
-6.7362242937e-01
-2.6498115063e+00
1.1305023432e+00
3.0522143841e-01
1.8168377876e+00
1.5752741098e+00
-1.5458328724e+00
9.0578246117e-01
7.6059740782e-01
-4.1614192724e-01
1.2266370058e+00
1.4892638922e+00
-1.5510493517e+00
1.2412407435e-02
3.0042719841e-01
-9.2979079485e-01
-4.5725140721e-02
-3.9858734608e-01
4.7935092449e-01
1.0472419262e+00
-6.3601839542e-01
1.8977510929e+00
-1.2159168720e+00
-8.0328989029e-01
-5.7181978226e-01
9.4453310966e-01
2.1553640068e-01
-2.0008811951e+00
1.4202048779e+00
8.5688930750e-01
-1.0038660765e+00
4.2835524678e-01
5.7831138372e-01
1.2106245756e+00
-9.7101658583e-01
-1.2899320126e+00
-2.0229072571e+00
-3.9460888505e-01
2.0861582458e-01
-9.3168294430e-01
6.8143069744e-01
3.0538737774e+00
-5.9585565329e-01
-2.6321132183e+00
-9.2646652460e-01
-2.6970076561e+00
9.9445176125e-01
4.7881846428e+00
1.4428634197e-02
-5.2499687672e-01
3.2915127277e-01
9.1506344080e-01
-7.7681548893e-02
7.5356572866e-01
2.7095177174e+00
4.6212539673e+00
1.8134094477e+00
-5.0202041864e-01
-2.9283671379e+00
8.5583966970e-01
-1.7989401519e-01
-6.6164985299e-02
-8.5595202446e-01
2.5852772593e-01
2.5879085064e+00
2.4174976349e+00
4.3788919449e+00
3.3229787350e+00
3.3403027058e+00
3.0315194130e+00
3.4809866548e-01
7.9202902317e-01
4.0760588646e+00
-7.5729423761e-01
-2.1684718132e+00
1.0896885395e-01
-3.2657310963e+00
-4.6533503532e+00
-2.2478179932e+00
-1.9024108648e+00
3.6261885166e+00
2.1284070015e+00
2.3134748936e+00
3.1913979053e+00
6.3703489304e+00
5.7772240639e+00
-4.9161305428e+00
-2.0410263538e+00
1.5473016500e+00
1.2101384401e+00
1.2825369835e+00
3.1130883694e+00
-1.2813129425e+00
-1.2623417377e+00
3.8168951869e-01
1.6736890078e+00
-1.8200768232e+00
-1.5225096941e+00
-1.4698163271e+00
9.7241377831e-01
2.0404846668e+00
1.9905908108e+00
1.9163907766e+00
1.3386319876e+00
3.2691437751e-02
1.3305249214e+00
2.8316586018e+00
2.1920029819e-01
3.9149453640e+00
3.0065655708e+00
1.9693068266e+00
-4.1420650482e-01
-1.1614012718e-01
2.3246935010e-01
-1.1424039602e+00
-3.3168485761e-01
8.0204254389e-01
2.0210253075e-02
4.3666526675e-01
-2.1900486946e+00
1.4041956663e+00
-8.3929985762e-01
-4.9311366081e+00
-3.2449941635e+00
-3.8998847008e+00
-3.0287742615e+00
-2.6363570690e+00
-1.9544494152e+00
-1.8613252640e+00
-1.9391542673e+00
1.6625192165e+00
2.3893468380e+00
-1.6127427816e+00
-2.0061945915e+00
4.0991768837e+00
4.7421212196e+00
-6.1502999067e-01
9.7561997175e-01
-1.8650219440e+00
2.0103077888e+00
-2.3673434258e+00
1.7672091722e+00
-3.0025639534e+00
-5.8392324448e+00
2.9283463955e+00
3.2890348434e+00
-2.1553874016e+00
-1.6736685038e+00
-2.3292217255e+00
-1.1546221972e+00
-3.4227566719e+00
-5.0646076202e+00
-1.3545984030e+00
9.1100268066e-02
-1.8301527500e+00
-2.9126079082e+00
1.2608329058e+00
-1.1434237659e-01
2.8139860630e+00
1.3766131401e+00
3.4401071072e-01
1.5561817884e+00
-2.3658244610e+00
-2.8144943714e+00
9.7722697258e-01
-7.9101639986e-01
-5.3506402969e+00
-2.3755860329e+00
1.0760594606e+00
-1.6184029579e+00
-1.6898874044e+00
-1.9371335506e+00
-9.5838856697e-01
-1.4932288229e-01
2.4211947918e+00
9.5044440031e-01
3.8150479086e-03
-1.7238655090e+00
-3.4511270523e+00
-4.9719519615e+00
-4.4296494126e-01
-1.5784684420e+00
-2.4025177956e+00
-1.3925704956e+00
1.6059948206e+00
7.5054705143e-01
-1.5772612095e+00
-1.9648667574e+00
1.7075765133e-01
2.8843832016e+00
6.2108486891e-01
6.6787821054e-01
1.5405544639e-01
-1.8306674957e+00
1.4798082113e+00
2.8510925770e+00
7.5511550903e-01
7.8229510784e-01
-2.9979988933e-01
-4.1977155209e-01
-6.4537245035e-01
6.7890495062e-01
-1.0423986912e+00
-2.1332821846e+00
-1.4648705721e+00
-3.3384289742e+00
-9.7648519278e-01
-2.6359369755e+00
2.7978382111e+00
5.6606411934e+00
-4.2842414975e-01
-7.0592820644e-01
1.3156549931e+00
1.2930058241e+00
-2.1119732857e+00
-1.9443604946e+00
1.1587717533e+00
1.2741726637e+00
-1.0596724749e+00
2.0429026335e-02
1.5128325224e+00
-8.4617888927e-01
-1.5955363512e+00
8.9301630855e-02
-1.0912500620e+00
-2.8510251045e+00
-4.7141388059e-01
8.9416599274e-01
1.1073511839e+00
2.3178088665e+00
8.5100978613e-01
9.5536488295e-01
-7.5489693880e-01
-1.4455031157e+00
2.3914368451e-01
-3.1914180517e-01
1.7202292681e+00
2.1833608150e+00
4.8604476452e-01
1.9423205853e+00
-2.9043096304e-01
-1.7663731575e+00
-1.7334470749e+00
-1.9808573723e+00
6.8446442485e-02
8.7557905912e-01
4.8365920782e-01
-2.1480000019e+00
2.8629919887e-01
-7.0872381330e-02
-1.5121289492e+00
-1.7196326256e+00
-5.3330957890e-01
2.5870096684e+00
7.1119338274e-02
1.2332746983e+00
-7.9207855463e-01
-1.9402818680e+00
-7.2250920534e-01
1.2268893421e-01
1.4087347984e+00
2.2562875748e+00
-5.4330229759e-01
4.1962857246e+00
9.1185730696e-01
5.9744066000e-01
-5.1045298576e-01
6.0321476310e-02
-8.3269047737e-01
1.4271126986e+00
-2.0740647316e+00
-3.1851267815e+00
-3.5981720686e-01
-2.8974983692e+00
-1.0957045555e+00
5.1775097847e-01
-4.5832750201e-01
1.6083350182e+00
-8.4882426262e-01
-1.8813748360e+00
-3.9048429579e-02
2.9594415426e-01
-1.6329175234e+00
-2.3299705982e+00
9.7787964344e-01
1.5052450895e+00
7.3398393393e-01
1.9188171625e-01
1.7224466801e-01
1.3398947716e+00
4.8059608787e-02
-1.9127345085e+00
-6.0025268793e-01
1.5276210308e+00
1.1364482343e-01
1.7072799206e+00
2.0623619854e-01
1.6878136396e+00
-1.1901022196e+00
-3.2414429188e+00
-2.0933747292e+00
-2.3339540958e+00
1.4108738899e+00
4.5957064629e+00
-3.8884395361e-01
-1.7819411755e+00
4.8233848810e-01
1.0771415234e+00
5.3153216839e-01
5.6136429310e-01
-1.7207288742e-01
9.1897308826e-01
7.8143930435e-01
-6.1676058918e-02
8.3279061317e-01
-3.5410335660e-01
1.5626822710e+00
1.4025943279e+00
-1.8746542931e-01
8.9222931862e-01
3.0762487650e-01
6.9616067410e-01
-7.0686854422e-02
-4.6530190110e-01
1.1926461458e+00
1.0864685774e+00
-1.9845013320e-01
-5.4625821114e-01
5.7932293415e-01
9.3706302345e-02
2.4691878352e-03
2.1203362942e-01
-2.3055019379e+00
-2.5378232002e+00
-3.9444258809e-01
-5.3672128916e-01
4.3153616786e-01
1.5317422152e-01
7.7120341361e-02
2.8822710738e-02
1.0702729225e+00
1.7930254936e+00
1.3821618259e-01
1.3729447126e-01
-5.7558757067e-01
-3.6815467477e-01
3.9856451750e-01
1.3624520041e-02
8.7113392353e-01
7.4008888006e-01
6.6904902458e-01
7.3037147522e-01
-2.4724143744e-01
-6.4704370499e-01
-1.1333332062e+00
-1.0258568525e+00
9.3918931484e-01
3.7795308232e-01
1.4752441645e+00
2.3379504681e-01
-6.8663108349e-01
-6.2218207121e-01
-4.4629552960e-01
8.7594503164e-01
1.6071606874e+00
1.4026950598e+00
-8.6423501372e-02
1.8124645948e-01
-4.3367481232e-01
-1.3213083148e-01
9.3571074307e-02
-4.0745931864e-01
5.9355068207e-01
3.5956706852e-02
-3.1655701995e-01
-3.6042109132e-01
7.4244362116e-01
4.0719631314e-01
5.7080924511e-01
5.1811021566e-01
-2.8187218308e-01
-7.8192341328e-01
-6.2011357397e-02
1.2159167230e-01
-1.0448296368e-01
6.6518341191e-03
-9.5041704178e-01
3.2921782136e-01
3.0745738745e-01
6.6380411386e-01
-5.8472841978e-01
4.9178116024e-04
-7.0224279165e-01
-4.9978181720e-01
-1.6525374353e-01
-1.6693499684e-01
-5.1938009262e-01
-4.4453549385e-01
-2.7453842759e-01
-8.8237375021e-02
-1.3387455046e-01
-3.0158272386e-01
3.2370436937e-02
-6.6095167398e-01
-4.8647195101e-02
-3.2289576530e-01
7.4311518669e-01
-7.1551924944e-01
-7.1006840467e-01
-9.4937938452e-01
-3.6251010895e+00
-1.4859125614e+00
-1.2460390329e+00
-2.9435074329e-01
-3.7053644657e-02
2.7818897367e-01
-3.6095491052e-01
-2.6445445418e-01
-2.1149921417e+00
-9.8758304119e-01
-2.6641848683e-01
1.0766864568e-01
-5.5388343334e-01
-6.0370147228e-01
1.2058080435e+00
4.4195720553e-01
-1.2674404681e-01
-3.0903401971e-01
-1.2149381638e+00
-1.1397709697e-01
-6.0144245625e-01
-2.6063495874e-01
-3.9956684113e+00
-6.7355078459e-01
-1.7977139950e+00
-1.8772113323e+00
-3.9849761128e-01
-1.6950298846e-01
2.3657741025e-02
8.3583664894e-01
1.5134561062e+00
1.0833684206e+00
2.2464442253e-01
-1.1812496185e+00
-1.0531494617e+00
3.9510446787e-01
-1.2733339099e-03
-2.0708869398e-01
-3.2075640559e-01
-4.6467685699e-01
1.4980592728e+00
3.1532080173e+00
1.1965203285e+00
1.8950676918e+00
5.3153109550e-01
-5.2340781689e-01
-6.1446976662e-01
1.0719963312e+00
1.8941102922e-01
8.2353782654e-01
-2.3600885868e+00
-1.7146018744e+00
-1.9708265364e-01
6.0644459724e-01
6.9720250368e-01
-5.8803200722e-01
1.0421440601e+00
-1.6931945086e-01
2.4935369194e-01
-1.3751637936e-01
-1.0556453466e+00
-9.5174598694e-01
-1.1511623859e+00
-1.2476677895e+00
-3.8704383373e-01
-8.1795907021e-01
1.6063096523e+00
1.5505093336e+00
-1.3265986443e+00
-1.7110877037e+00
1.7511278391e-01
4.3249315023e-01
1.8260248005e-01
2.8081172705e-01
-3.9189517498e-01
-5.1752525568e-01
5.1997761726e+00
1.7687324286e+00
6.9511193037e-01
2.8220266104e-01
1.7325133085e-01
-3.4852221608e-01
1.7575670481e+00
2.7224814892e+00
5.0460499525e-01
8.3216565847e-01
-1.3735932112e+00
-6.9532889128e-01
3.8879960775e-02
-5.7865971327e-01
2.1291549206e+00
8.5276228189e-01
-9.1670739651e-01
-1.1882376671e+00
1.5512908995e-01
-6.8286344409e-02
-3.4698048234e-01
1.0890654325e+00
6.1808878183e-01
6.8843858317e-03
1.2743725777e+00
-8.0244964361e-01
-2.0821264386e-01
6.1888527870e-01
1.1275197268e+00
1.8221434355e+00
-4.1221743822e-01
-1.7138557434e+00
8.3426105976e-01
2.0922315121e-01
2.7558383942e+00
5.4880988598e-01
4.5580807328e-01
3.0582726002e-01
-2.4995359778e-01
-1.7544597387e+00
1.0609243810e-01
1.0775689036e-01
-2.3584653437e-01
1.0399706364e+00
8.6973005533e-01
1.6056174040e+00
4.4999286532e-01
-3.9039649069e-02
7.5705903769e-01
9.2028981447e-01
6.7592579126e-01
8.9327424765e-01
-1.8840425014e+00
-3.5896369815e-01
8.4499680996e-01
-3.1004372239e-01
5.5083107948e-01
2.1197531223e+00
-9.2657881975e-01
1.4071434736e+00
1.2857131660e-01
-3.4490607679e-02
9.0305972099e-01
-6.4953029156e-01
-2.6595366001e-01
-1.4800505638e+00
1.9243627787e-01
-6.5041124821e-01
3.1485706568e-01
5.5302727968e-02
-9.4453603029e-01
8.4809505939e-01
-1.4386762381e+00
-1.6934385300e+00
-1.8578790426e+00
-3.1051442623e+00
-4.2104208469e-01
3.1989374757e-01
1.7558248341e-01
-3.6888024211e-01
-2.9407734871e+00
-3.6104934216e+00
1.1081491470e+01
2.0509951115e+00
-3.0196124315e-01
1.6839429140e+00
3.4923682213e+00
7.7330529690e-01
-2.7551610470e+00
1.5224102736e+00
9.2628085613e-01
-5.9703730047e-02
3.9535775185e+00
4.1781311035e+00
3.4929363728e+00
9.8299942017e+00
1.4396744967e-01
2.5912022591e-01
-4.2759367824e-01
6.0048520565e-01
2.6248764992e-01
-1.5787383914e-01
-4.9871687889e+00
-5.0992984772e+00
1.2475160509e-01
3.0226817727e-01
4.8405709863e-01
1.2407253981e+00
-5.6738052368e+00
4.4428533316e-01
3.6974475384e+00
2.9243159294e+00
-4.2352380753e+00
-2.0481488705e+00
-7.1936267614e-01
-1.7927345037e+00
-2.7367622852e+00
-4.0584149361e+00
-3.8338272572e+00
-3.9585125446e-01
-1.0752049685e+00
-6.3304758072e-01
-7.5967782736e-01
2.8080269694e-01
1.9980962276e+00
4.0293908119e+00
-1.2518578768e+00
-1.7064865828e+00
-4.7306737304e-01
-1.6813167930e-01
-5.9137654305e+00
-7.0994436741e-01
3.0963573605e-02
1.8905689716e+00
4.9521040916e+00
9.5699748993e+00
-7.2625052929e-01
-5.0917285681e-01
-6.7855176926e+00
-9.1427165270e-01
2.6217678189e-01
7.1459695697e-02
-1.4010195732e+00
5.3561067581e-01
-2.5238010883e+00
-4.8129728436e-01
7.2869187593e-01
1.5729130507e+00
-5.2217226028e+00
-4.3663010597e+00
-3.1360533237e+00
2.4567880630e+00
6.3074940443e-01
4.9948725104e-01
-8.1209009886e-01
-8.9343285561e-01
1.5210086107e+00
-2.3587808609e+00
-1.5198792219e+00
4.1962471604e-01
-9.9840807915e-01
9.8741436005e-01
-4.6613645554e-01
1.5249418020e+00
1.3695024252e+00
1.3669464588e+00
1.0682882071e+00
-1.9495232105e+00
-3.7202756405e+00
-1.7288614511e+00
4.2468757629e+00
-1.3958753645e-01
3.0099618435e+00
9.3104207516e-01
2.4218541384e-01
1.0153032541e+00
-2.8042099476e+00
1.9049295187e+00
3.4830236435e-01
1.2829694748e+00
-3.6053378582e+00
-2.7126846313e+00
-2.3982386589e+00
1.3218014240e+00
3.1925432682e+00
2.5425314903e+00
4.8952116966e+00
2.9732328653e-01
-4.5636454225e-01
1.2903765440e+00
1.2592835426e+00
2.4441142380e-01
-3.3142108917e+00
3.1203275919e-01
2.4965081215e+00
1.8564414978e+00
-1.9772160053e+00
-1.3156381845e+00
-1.8221436441e-01
2.6725429296e-01
-8.8159245253e-01
1.4911633730e+00
1.8902596235e+00
6.4155644178e-01
-1.6377917528e+00
-1.6435149908e+00
1.8698015213e+00
-6.6720390320e-01
-9.8104554415e-01
-5.0272707939e+00
1.4112077951e+00
9.1044580936e-01
2.2595305443e+00
-4.7159424424e-01
1.4944744110e+00
9.6782261133e-01
-3.1257970333e+00
9.4378328323e-01
-1.7205663025e-01
-2.4502947330e+00
-1.2320419550e+00
4.5836001635e-02
-7.4138855934e-01
-6.3559836149e-01
1.7307864428e+00
4.9478822947e-01
-1.9327731133e+00
8.5834121704e-01
5.4211193323e-01
-1.4541746378e+00
-3.3071877956e+00
-2.7230615616e+00
2.5986000896e-01
-2.7205257416e+00
3.0112745762e+00
8.4716510773e+00
1.0860313177e+00
-1.5082716942e+00
3.3886179924e+00
2.4206697941e+00
1.4645177126e-01
-4.8521580696e+00
2.0863957405e+00
1.3351691961e+00
9.1023647785e-01
-1.7276806831e+00
2.3259620667e+00
1.7677346468e+00
-1.9546614885e+00
-3.7648671865e-01
-1.0578236580e+00
-1.5809900761e+00
-1.6562376022e+00
-6.0458356142e-01
1.7216589451e+00
2.2501518726e+00
-1.0849955082e+00
-1.7542432547e+00
-3.5784747601e+00
-2.3925797641e-01
9.8302793503e-01
3.7016111612e-01
-4.5144942403e-01
2.4440106750e-01
-1.1805833578e+00
6.8819648027e-01
-4.3101459742e-01
-3.7536032200e+00
1.4722999334e+00
-1.3447961211e-01
-5.1532334089e-01
-1.8140594661e-01
1.6916233301e+00
-2.2082064152e+00
9.1456019878e-01
2.0483281612e+00
-1.1803746223e+00
-1.5561096668e+00
-2.3564591408e+00
-1.3743090630e+00
-9.6919834614e-01
3.6083412170e-01
-7.2551403046e+00
-3.3525800705e+00
-1.1935994625e+00
-4.2851218581e-01
2.6792879105e+00
8.8838887215e-01
-1.6416965723e+00
7.8598403931e-01
2.5737230778e+00
3.2890934944e+00
-2.9435346127e+00
-1.1234747171e+00
1.9561181068e+00
2.2450494766e+00
-1.3791561127e+00
1.5394769907e+00
1.7318452597e+00
2.5930180550e+00
-1.8191268444e+00
-4.3868384361e+00
-1.8489642143e+00
-1.4091554880e+00
-9.9671876431e-01
2.2441074252e-01
-1.2405037880e+00
-4.6205654740e-02
-8.2321681976e+00
-2.3292279243e+00
-7.4216538668e-01
2.8959071636e-01
-2.1184105873e+00
-3.1918900013e+00
5.4015475512e-01
-5.9553289413e-01
-3.8795068264e+00
-3.0074501038e+00
-6.0710573196e-01
1.0239204168e+00
3.2099604607e+00
1.2557830811e+00
6.8957036734e-01
4.0346550941e+00
-1.6144473553e+00
-1.6375408173e+00
-4.5629453659e+00
-2.2653005123e+00
-2.1241805553e+00
3.7214117050e+00
-3.3251544833e-01
1.1483339220e-01
-4.0078568459e+00
-1.5526829958e+00
-3.5931274295e-02
-1.9217708111e+00
1.0752099752e+00
5.1203352213e-01
-2.0613870621e+00
2.1395051479e+00
-2.4011788368e+00
-3.8533537388e+00
-5.3450256586e-01
1.3113723993e+00
1.2265331745e+00
-9.8422330618e-01
1.0941261053e+00
3.3794376254e-01
5.4666525126e-01
-1.5332835913e+00
-1.0236577690e-01
-1.2738305330e+00
6.2056005001e-01
9.7531890869e-01
7.9057967663e-01
3.4049832821e-01
1.7986180782e+00
9.5992147923e-01
-3.2396106720e+00
-7.6210552454e-01
1.0025681257e+00
8.6257421970e-01
1.9290430546e+00
1.2363274097e+00
2.7161424160e+00
-2.1712929010e-01
-1.4220916033e+00
-2.2119035721e+00
-1.0850458145e+00
-3.9894990921e+00
-6.1906450987e-01
2.0177843571e+00
1.2766102552e+00
3.9295399189e+00
1.4134292603e+00
2.0906271935e+00
-1.3852116652e-02
-9.4228440523e-01
-3.0108661652e+00
-2.1329760551e+00
-9.5452636480e-02
1.8198809624e+00
3.7619946003e+00
1.9071465731e+00
2.5017044544e+00
3.2184413075e-01
1.7909531593e+00
-2.6827969551e+00
-2.1424982548e+00
-7.4628078938e-01
1.0873626471e+00
4.8619991541e-01
3.7400343418e+00
2.4161942005e+00
-1.0756967068e+00
-9.3465328217e-01
-5.6209075451e-01
-1.0450149328e-01
5.3001892567e-01
1.5657345057e+00
-2.5375087261e+00
6.3451856375e-01
1.2246068716e+00
3.4842333198e-01
2.4660069495e-02
3.0423777103e+00
-2.3315765858e+00
-3.8869218826e+00
2.3902442455e+00
2.3791844845e+00
-2.4431972504e+00
-1.4780524969e+00
-2.1057305336e+00
3.4934797883e-01
2.7560487390e-01
-9.6667736769e-01
-3.7225174904e-01
-8.0007177591e-01
1.4770282805e-01
-2.0900338888e-01
1.4145811796e+00
1.7637205124e+00
-1.6808017492e+00
-2.2780506611e+00
-1.8625657558e+00
-2.5873472691e+00
1.3170964718e+00
3.7985271215e-01
-5.4807400703e-01
3.7031382322e-01
-2.2061532736e-01
1.0950733423e+00
-2.0967304707e-01
-2.0600583553e+00
7.2302186489e-01
7.3887789249e-01
-1.9502153397e+00
-2.4954628944e+00
-6.1192834377e-01
-2.7875569463e-01
7.2321915627e-01
5.2059370279e-01
-1.5903444588e-01
1.2803753614e+00
-4.0543255806e+00
-2.0925774574e+00
-2.7715873718e+00
-3.3598878384e+00
-7.2141242027e-01
-8.1329524517e-01
1.7291960716e+00
2.4237263203e+00
-4.0280900002e+00
-2.8212649822e+00
-2.6305427551e+00
-1.3519845009e+00
3.4660036564e+00
-6.8702036142e-01
-4.2153563499e+00
-5.2768635750e-01
-2.4917786121e+00
-5.0785017014e-01
-1.3108917475e+00
-4.4929270744e+00
1.3169063330e+00
2.3398807049e+00
1.8120478392e+00
-2.7607510090e+00
-1.4945923090e+00
-6.2106308937e+00
-4.7780558467e-01
-1.9561806917e+00
-4.0709856898e-02
4.0286099911e-01
-1.3327593803e+00
-4.7384193540e-01
1.8201161623e+00
4.0234313011e+00
6.6076450348e+00
5.7852239609e+00
-5.5697655678e-01
-3.2146996260e-01
-3.2684960365e+00
-3.9209237099e+00
4.0923908353e-01
-2.6317724586e-01
-3.1485648155e+00
-3.7511787415e+00
4.9564533234e+00
5.3408613205e+00
5.6927174330e-01
4.3538217545e+00
1.0414738655e+00
2.2543938160e+00
2.0929458141e+00
2.4365386963e+00
-3.0637373924e+00
3.5917225759e-03
2.3358738422e-01
2.0175755024e+00
-1.1243158579e+00
1.8229515553e+00
1.6549230814e+00
2.0673599243e+00
-8.8417512178e-01
-9.6950197220e-01
-1.4417320490e+00
-3.7241990566e+00
1.3103504181e+00
1.1243944168e+00
2.4133312702e+00
1.2660892010e+00
4.0778502822e-01
1.1464537382e+00
-1.2935138941e+00
-1.5504523516e+00
-1.1892752647e+00
-1.0026144981e+00
6.1741209030e+00
1.0949404716e+01
8.6404681206e-01
1.2047781944e+00
-6.9876152277e-01
1.1466845274e+00
-5.6243252754e-01
-3.3612627983e+00
-3.7486114502e+00
-1.2681698799e+00
-3.5063421726e+00
-3.8574609756e+00
1.9507920742e+00
3.7395446301e+00
-5.4750972986e-01
3.2306841016e-01
2.4084434509e+00
-7.0569127798e-01
-1.2458982468e+00
8.2833301276e-03
-4.7245445848e-01
-7.4188035727e-01
-1.3137786388e+00
-1.0712448359e+00
2.0360317230e+00
1.3198130131e+00
1.4418263435e+00
2.4352164567e-01
8.6806483567e-02
-1.1001732349e+00
-1.8521207571e+00
-2.0237314701e+00
-6.9200599194e-01
2.7897119522e-01
-3.4708419442e-01
-2.6962289810e+00
-8.2649689913e-01
-2.7550013065e+00
2.7769127488e-01
-3.1304273605e+00
-1.8556051254e+00
-2.7644510269e+00
-2.2056083679e+00
-4.0041017532e+00
1.0155966282e+00
4.0230202675e+00
-2.9793289304e-01
-1.0406329632e+00
8.0287617445e-01
-1.5987105370e+00
1.8853887320e+00
2.5897397995e+00
-2.6599931717e-01
-5.5879187584e-01
-3.9161152840e+00
-2.3754439354e+00
8.4665554762e-01
-8.3677101135e-01
8.4553278983e-02
-2.9703807831e+00
-1.9394886494e+00
1.4727093279e-01
-2.4005110264e+00
-5.0582127571e+00
-1.3849116564e+00
-2.0071892738e+00
1.5428277254e+00
-1.0065170377e-01
-1.3534158468e+00
-1.2284256220e+00
-2.8871694207e-01
1.5373339653e+00
-1.7791427374e+00
-2.6970689297e+00
-2.3397932053e+00
7.3774766922e-01
3.1869761944e+00
9.9301451445e-01
2.1758134365e+00
-1.9883592129e+00
9.5819222927e-01
-2.1210689843e-01
2.0929791927e+00
1.4236195087e+00
-2.2182846069e+00
4.3652671576e-01
3.0199756622e+00
7.8051191568e-01
1.1078117371e+01
3.1523346901e+00
-1.0240479708e+00
-6.5879458189e-01
3.7709074020e+00
-7.9544061422e-01
-1.4620777369e+00
-1.5364395380e+00
-3.6679430008e+00
-3.6711480618e+00
8.6169326305e-01
1.9233764410e+00
2.0132112503e-01
1.2800130844e+00
-1.5954984426e+00
9.3708670139e-01
1.8318597078e+00
2.7968733311e+00
-1.3328430653e+00
-1.3793873787e+00
-4.0320239067e+00
3.7829787731e+00
-4.6657471657e+00
1.4659284353e+00
7.3641590774e-02
1.3812912703e+00
2.5987085700e-01
-6.4041018486e-02
-1.1881242692e-01
-1.2463259697e+00
6.0486741066e+00
4.3806353211e-01
-3.0362432003e+00
-1.7930698395e+00
2.6182752103e-02
2.4973697662e+00
-2.0450260639e+00
-1.0583467484e+00
1.8465602398e+00
2.2330594063e+00
9.9897670746e+00
5.1169118881e+00
-1.3554564714e+00
-1.1959669590e+00
-1.3593767881e+00
2.9370883107e-01
-1.7964420319e+00
-1.5649907589e+00
-1.4471444488e-01
2.0396499634e+00
-1.7981290817e+00
1.9470696151e-01
2.8342761993e+00
6.6012102365e-01
-9.9721032381e-01
1.4814021587e+00
6.3392581940e+00
1.2033397704e-01
-2.2214373946e-01
-5.1674115658e-01
5.9785264730e-01
6.4330428839e-01
-1.3359390497e+00
-1.4507023618e-02
1.8086256981e+00
2.0539708138e+00
8.1069922447e-01
-1.6930574179e+00
5.3562798500e+00
8.0947929621e-01
3.0942349434e+00
3.0569808483e+00
-2.0360870361e+00
-3.0577674508e-01
-3.8076464087e-02
-2.4069855213e+00
-8.0414336920e-01
-3.6078698635e+00
-3.3856916428e-01
-4.6802144051e+00
2.7907381058e+00
1.8867123127e+00
2.6235544682e+00
-1.4528719187e+00
1.9204826355e+00
5.0689258575e+00
-6.3024896383e-01
-1.8010959625e+00
2.8060548306e+00
7.6383769512e-01
-2.2287836671e-01
1.7091876268e+00
-1.9940586761e-02
-1.3399411440e+00
2.9920120239e+00
4.2305874825e+00
5.1457583904e-01
-6.0996137559e-02
3.2758179307e-01
2.0757417679e+00
5.9918779135e-01
8.8668209314e-01
-1.1277520657e+00
-1.3490520716e+00
1.0155831575e+00
-4.8282673955e-01
2.9346361160e+00
2.9181349277e-01
1.0413610935e+00
-4.9288624525e-01
-2.3631449044e-01
-4.2617636919e-01
7.4401563406e-01
1.7568600178e+00
-1.7766485214e+00
-1.5660872459e+00
8.3936446905e-01
1.0598622561e+00
1.2764327526e+00
1.0640765429e+00
2.1668852866e-01
-1.2840673327e-01
-8.4237295389e-01
3.8243743777e-01
-1.4637151957e+00
-2.4564883113e-01
-4.5793262124e-01
-7.5025892258e-01
1.0613389015e+00
2.5701920986e+00
-5.2253520489e-01
-8.7417101860e-01
-1.1271429062e+00
-1.9295486212e+00
4.6934264898e-01
1.2931417227e+00
-1.1081573963e+00
2.0595568419e-01
9.7181290388e-02
1.7219969034e+00
1.3560820818e+00
1.4722532034e+00
-3.2781768590e-02
1.5265464783e-01
-5.7806760073e-01
-4.4053134322e-01
-4.5602278709e+00
-3.5851905346e+00
4.7874507308e-01
-6.5468740463e-01
-3.2729148865e+00
-2.2405271530e+00
-3.1805748940e+00
-1.5868446827e+00
-9.8824846745e-01
-3.9792738855e-02
1.0176776648e+00
9.9346429110e-01
-1.7744361162e+00
-1.0352416039e+00
-2.5121839046e+00
-1.8915596008e+00
-2.8019642830e+00
-1.9336318970e+00
-9.4289505482e-01
-5.5289405584e-01
1.9490453601e-01
-3.3906769007e-02
6.3496381044e-01
2.0314059258e+00
-1.3657742739e+00
-1.1982791424e+00
-2.0536379814e+00
1.8268147707e+00
1.3481409550e+00
-3.4515163302e-01
-2.0465614796e+00
-2.3608894348e+00
-1.4986793995e+00
1.9745744467e+00
4.8978516459e-01
4.8573458195e-01
7.5506442785e-01
1.0151327848e+00
-1.0349067450e+00
-4.3081873655e-01
-7.0256495476e-01
-1.2543390989e+00
-1.3182559013e+00
-7.9631185532e-01
-1.3918839693e+00
-8.7409800291e-01
6.3873153925e-01
1.2194076777e+00
-4.6972107887e-01
-1.1780660152e+00
3.4793827683e-02
-1.1079791784e+00
1.5461251140e-01
1.2807090282e+00
3.2798030376e+00
-1.3858957589e-01
3.0125470161e+00
2.9950537682e+00
2.2300684452e+00
4.0909716487e-01
1.0384699106e+00
3.5395953059e-01
7.6000869274e-01
1.0326151848e+00
-1.1891123652e-01
1.0405644178e+00
8.5115414858e-01
3.3288776875e-01
-1.1594835520e+00
9.5629088581e-02
-4.8297014236e+00
-1.7247997522e+00
-1.5497380495e+00
-1.6508702934e-01
-3.6502119899e-01
4.5836964250e-01
-5.7480871677e-01
-5.9559458494e-01
1.3272962570e+00
6.7442339659e-01
6.1112350225e-01
6.4889985323e-01
4.4549226761e+00
1.4073916674e+00
1.2411053181e+00
6.0141432285e-01
1.2769764662e+00
1.4012621641e+00
7.5595980883e-01
1.2172759771e+00
1.7162392139e+00
2.4411486089e-01
-3.3408529758e+00
-2.3057858944e+00
-5.3441411257e-01
7.1082785726e-02
8.5001480579e-01
1.2267603874e+00
2.7443334460e-01
-1.9486498088e-02
3.9895126224e-01
2.9647353292e-01
4.2753210664e-01
9.5282441378e-01
1.2574768066e-01
8.2496500015e-01
9.3485169113e-02
-6.2813043594e-01
-7.0931798220e-01
2.5855436921e-01
1.4821343422e+00
2.4198465347e+00
-1.6822617054e+00
-9.1432744265e-01
-3.5164692998e-01
-2.8174304962e-01
9.2836767435e-01
3.8320147991e-01
-2.4837007523e+00
-3.2489614487e+00
-5.5591928959e-01
-2.7063882351e-01
-3.0978792906e-01
1.9743815064e-01
-9.6459138393e-01
-2.2929399014e+00
-2.9897358268e-02
6.2672001123e-01
-7.7959364653e-01
-1.4280996323e+00
-4.7274386883e-01
-4.6017202735e-01
-5.4599624872e-01
-9.7908431292e-01
9.9130034447e-01
1.0520896912e+00
-4.1426736116e-01
-1.5241262317e-01
-5.2880728245e-01
-4.7666785121e-01
-9.7151830792e-02
1.2396797538e-01
5.5924332142e-01
-5.4420280457e-01
7.1157939732e-02
5.3977423906e-01
-1.3720847666e-01
3.5413509607e-01
4.7984037548e-02
-7.8248006105e-01
2.0083673000e+00
2.3732063770e+00
6.4389646053e-01
1.0285550356e+00
1.0223222524e-01
1.9035041332e-01
1.1480858177e-01
5.4550325871e-01
-1.6381018162e+00
-1.7094669342e+00
-9.4330030680e-01
3.0613774061e-01
6.6615289450e-01
5.8869594336e-01
1.9185523987e+00
1.2274655104e+00
-2.5314608216e-01
1.1632363796e+00
7.5496476889e-01
1.0082011223e+00
1.5331953764e-01
2.8663349152e-01
-6.0588699579e-01
-3.4319317341e-01
-4.0725770593e-01
4.1161942482e-01
5.7421195507e-01
2.1091231704e-01
-2.6416623592e+00
-3.2942214608e-01
2.6297119260e-01
-2.3830969632e-01
1.6629090309e+00
9.0592408180e-01
1.2247786522e+00
1.0143890381e+00
-4.4926127791e-01
-2.0845017433e+00
-9.6959728003e-01
-1.0470371246e+00
1.2577399015e+00
1.0372368097e+00
-1.0770969391e+00
-9.3849503994e-01
-2.7386537194e-01
-1.1782737821e-01
-7.2225880623e-01
3.9045330882e-01
2.7902808785e-01
1.9465614557e+00
-9.3454062939e-01
-1.3218919933e-01
-3.2054653168e+00
-2.0065238476e+00
-1.3091014624e+00
-1.4743802547e+00
2.0242617130e+00
2.4264805317e+00
1.2017929554e+00
6.3055324554e-01
-6.1919566244e-02
-3.5817971826e-01
-4.2252558470e-01
-6.0703063011e-01
1.5252593905e-02
4.7708335519e-01
1.1711101532e+00
1.7222043276e+00
-1.0624184608e+00
-1.2528666258e+00
-2.9112914205e-01
8.8394917548e-02
1.5866422653e+00
2.0605638027e+00
2.9792389870e+00
-3.9687514305e-01
-5.4883422852e+00
-6.5042743683e+00
-1.2446249723e+00
3.5936565399e+00
-5.2299488336e-02
-7.0943862200e-01
-3.5384961963e-01
-9.5565718412e-01
3.8641176224e+00
4.8678035736e+00
1.6174416244e-01
-3.1526646614e+00
-2.3674912453e+00
-2.7889146805e+00
-1.1763582230e+00
-5.7431507111e-01
-7.9279452562e-01
-1.7596223354e+00
1.5916715860e+00
3.9402639866e+00
-1.5542217493e+00
1.1372140646e+00
1.5032161474e+00
9.7164404392e-01
-1.7950476408e+00
-2.6619932652e+00
9.1739189625e-01
-1.4745415449e+00
3.5691645741e-01
-3.8570890427e+00
5.4660167694e+00
7.3911972046e+00
1.6110601425e+00
-1.7739508152e+00
9.9145752192e-01
2.6052618027e+00
-1.0522260666e+00
-1.0241141319e+00
7.3280304670e-01
1.9243103266e+00
-2.1752371788e+00
1.2157361507e+00
-3.3903625011e+00
-4.4011740685e+00
1.1656798124e+00
4.2201895714e+00
5.0006608963e+00
3.3179683685e+00
2.2013182640e+00
5.5234732628e+00
-7.4597448111e-01
-2.6270179749e+00
-1.0596549511e+00
-4.0786442757e+00
4.4639854431e+00
1.6539449692e+00
2.1596322060e+00
2.2480819225e+00
-3.7488508224e+00
1.1052731425e-01
-6.8486410379e-01
-2.0998961926e+00
3.0725185871e+00
2.4262659550e+00
1.3649597168e+00
-2.4958686829e+00
2.0059742928e+00
6.1491761208e+00
-3.3918163776e+00
-3.3109209538e+00
-2.0094838142e+00
-3.2328531742e+00
2.2905282974e+00
1.7371157408e+00
1.9578345120e-01
1.8398103118e-01
-1.2599406242e+00
-1.8791422844e+00
8.3907419443e-01
-2.4831998348e+00
-1.2601466477e-01
-1.2630728483e+00
-2.3535933495e+00
-2.2586796284e+00
1.1229627132e+00
2.3668488860e-01
-6.5725672245e-01
-9.9290496111e-01
2.2300117016e+00
2.8941724300e+00
-1.0724551678e+00
1.2723612785e-01
-1.0150902271e+00
-1.7026302814e+00
-9.2493468523e-01
2.1388385296e+00
2.0831501484e+00
-1.0026050806e+00
-2.6920726895e-01
-5.1342082024e-01
-2.0561285019e+00
-5.7148510218e-01
-2.1017549038e+00
-2.9686980247e+00
-1.5736424923e+00
-1.6211937666e+00
-2.4588887691e+00
-5.2841124535e+00
-1.3832429051e-01
-1.5892213583e+00
-9.0188467875e-03
-3.1697601080e-02
-5.2617697716e+00
-3.7091345787e+00
-2.3916633129e+00
1.8425837159e-01
-1.0270787477e+00
-1.3786568642e+00
-2.0174405575e+00
-2.8851811886e+00
-3.5354647636e+00
-7.1866455078e+00
-4.8748526573e+00
-4.5208082199e+00
-1.7921254039e-02
-4.7879385948e-01
-2.9114651680e-01
-1.4351788759e+00
9.1929858923e-01
2.6250157356e+00
-1.1510903835e+00
-1.1842445135e+00
1.3625622988e+00
1.0582346916e+00
3.6809375882e-01
6.1256974936e-01
-1.2303454429e-01
7.4470114708e-01
1.4338443279e+00
2.5934824944e+00
-1.4943895340e+00
-2.6154744625e+00
-1.3152278662e+00
-2.4114897251e+00
1.6056832671e-01
-9.9342077971e-01
1.2895312309e+00
-4.9122104049e-01
5.6518739462e-01
-1.0710403919e+00
-1.4660263062e+00
-2.1169803143e+00
2.1171810627e+00
2.4523718357e+00
-9.9544304609e-01
-6.9870665669e-02
6.9809253328e-03
-1.7850111723e+00
5.6231206656e-01
1.3004699945e+00
-4.7789058089e-01
-3.6309283972e-01
6.3213691115e-02
2.6935036182e+00
-1.0541942120e+00
-3.0992743969e+00
9.7360247374e-01
3.0455279350e+00
-2.4554176331e+00
-4.1022834778e+00
3.0018732548e+00
1.3412897587e+00
2.7628083229e+00
4.4872263074e-01
-3.4561088681e-01
-8.2851517200e-01
-1.3153477907e+00
-9.9642783403e-02
-1.0041809082e+00
-1.5538640022e+00
-3.1913223863e-01
-1.9891098738e+00
1.8246383667e+00
1.4780668020e+00
1.2166787386e+00
-1.8868039548e-01
-2.9152028561e+00
-2.1240959167e+00
1.2338248491e+00
1.6965154409e+00
1.6922836304e+00
2.9624807835e-01
1.7701195478e+00
-1.6298415661e+00
-4.5270535350e-01
5.0627064705e-01
1.5318895578e+00
2.8860867023e+00
1.6221523285e+00
1.2184472084e+00
-1.2995163202e+00
-1.9535158575e-01
-7.1265208721e-01
4.5975349844e-02
1.5145493746e+00
1.8393449783e+00
3.4765511751e-01
1.8359113932e+00
-1.2000606954e-01
-3.1752142906e+00
2.0543050766e+00
1.2879385948e+00
-7.7041929960e-01
5.8967208862e-01
1.3686398268e+00
3.6377435923e-01
-1.7843946218e+00
-3.7773482800e+00
2.7001115680e-01
1.0026223660e+00
1.1822764874e+00
8.7841403484e-01
1.7117574215e+00
1.5199673176e-01
6.5528339148e-01
1.1096765995e+00
-1.7844302654e+00
-6.1054319143e-01
1.5795965195e+00
-3.3088642359e-01
1.8876643181e+00
7.3406535387e-01
-1.4785223007e+00
-1.3406443596e+00
7.2924947739e-01
3.1319031119e-01
-6.8692940474e-01
2.6698458195e+00
2.8507015109e-01
1.0225106478e+00
1.9760396481e+00
1.8428003788e+00
-2.4893202782e+00
-2.7279303074e+00
-2.4076435566e+00
-2.3457887173e+00
2.9480752945e+00
3.0874185562e+00
-5.6712347269e-01
5.5861538649e-01
1.3042653799e+00
2.4838675559e-01
-1.6487842798e+00
-3.8486831188e+00
-9.6494954824e-01
-6.2670785189e-01
-2.8053786755e+00
-5.2307591438e+00
-3.3925163746e+00
-3.9441111088e+00
2.8604871035e-01
8.4608924389e-01
1.3027358055e+00
1.6312243938e+00
-4.9602270126e-01
-1.1466701329e-01
1.8097764254e+00
-1.6714377403e+00
-5.8462435007e-01
-3.6008210182e+00
-3.4124955535e-02
-8.3272826672e-01
4.5576030016e-01
-9.8293471336e-01
1.1930874586e+00
-1.5699384212e+00
-2.2993257046e+00
1.0621374846e+00
-2.1562126931e-03
2.1869990826e+00
2.9781899452e+00
2.9313633442e+00
2.1588642597e+00
4.1581711769e+00
-9.4845855236e-01
-3.1611821651e+00
9.8055630922e-01
3.5076699257e+00
1.4301298857e+00
3.9885613918e+00
1.0275068283e+00
1.8410326242e+00
3.2494443655e-01
4.7221317291e+00
-1.5213784575e-01
-1.9874103069e+00
-2.5727076530e+00
-2.0906560421e+00
2.3006939888e+00
1.7893605232e+00
3.3854427338e+00
5.3886723518e+00
-5.3689914942e-01
-1.7326526642e+00
9.8769915104e-01
-8.0617034435e-01
-1.2904940844e+00
1.4731216431e+00
1.0152354091e-01
-2.8869166374e+00
1.7397685051e+00
4.1213974953e+00
-1.5549943447e+00
2.0908815861e+00
-1.1731233597e+00
-1.5265915394e+00
3.9639111608e-02
-1.9823087454e+00
-1.4665392637e+00
-8.1107161939e-02
2.4895706177e+00
1.7911787033e+00
4.3951886892e-01
1.8425863981e+00
-3.0106632710e+00
-5.0574698448e+00
3.0959460735e+00
2.6556406021e+00
-2.0806503296e+00
-3.1429216862e+00
-3.5320577025e-01
-2.1472661495e+00
-1.2769868970e-01
5.7907944918e-01
1.5809843540e+00
2.5476386547e+00
-1.8097605705e+00
-8.0875676870e-01
2.3157688975e-01
-9.1735905409e-01
-3.9036303759e-01
-2.0567240715e+00
-1.9859677553e+00
-4.1734175682e+00
1.0674400330e+00
-1.4574353695e+00
3.0118024349e-01
-3.4142360091e-01
-7.6953154802e-01
-4.4623410702e-01
-1.1497937441e+00
-3.4261381626e+00
-4.4498845935e-01
-2.2506747246e+00
-1.3257803917e+00
-4.5288643241e-01
-4.6139544249e-01
-7.6536953449e-01
9.0221929550e-01
-1.6290938854e-01
-4.8142015934e-01
5.0954377651e-01
-2.3107535839e+00
-1.6858098507e+00
-1.4678733349e+00
-3.6895451546e+00
-2.7100338936e+00
-1.1365123987e+00
8.0697017908e-01
-1.3249280453e+00
-2.7510497570e+00
-2.2220463753e+00
-2.1221618652e+00
-1.8674069643e+00
4.0270624161e+00
1.7783623934e+00
-8.2454466820e-01
5.4260128736e-01
-1.8288699389e+00
-7.2360658646e-01
-1.2919346094e+00
-1.0284907818e+00
-1.3622995615e+00
-1.1352443695e+00
-1.3724160194e+00
-5.2746427059e-01
-3.0653007030e+00
-9.2317932844e-01
-1.5630998611e+00
5.3801494837e-01
6.1257028580e-01
2.5790092945e+00
3.6753070354e+00
5.8434015512e-01
7.7009925842e+00
4.0575351715e+00
1.6160330176e-01
2.4055097103e+00
2.1835925579e+00
9.4225656986e-01
1.8082193136e+00
2.0080287755e-01
4.6353073120e+00
2.1957719326e+00
-1.2419215441e+00
-1.3957645893e+00
1.0693466663e+00
3.6003673077e+00
3.8514293730e-02
-7.2092056274e-02
-2.7976212502e+00
-1.5607967377e+00
3.3066692352e+00
3.9592494965e+00
-3.3320753574e+00
-1.2352051735e+00
-5.0947797298e-01
-1.0610649586e+00
-1.0922409296e+00
-2.3566529751e+00
4.2944993973e+00
6.5861515999e+00
3.6477360725e+00
3.0019695759e+00
1.9025453925e-01
5.1276836544e-02
4.7527494431e+00
5.4248690605e+00
4.9513876438e-01
1.0193337202e+00
3.6332805157e+00
2.4241914749e+00
9.1777551174e-01
-8.0955326557e-01
-1.4686346054e+00
-3.1315639615e-01
1.2113982439e+00
1.5941320658e+00
1.4274191856e+00
2.7417740226e-01
-3.6370737553e+00
-1.8939192295e+00
9.0063452721e-01
8.6966343224e-02
-8.7071627378e-01
-1.2604410648e+00
-5.3710575104e+00
-4.6418395042e+00
-1.2470194101e+00
2.0419011116e+00
-1.3713986874e+00
1.7491677403e-01
-1.3526155949e+00
-1.1472924948e+00
3.0902872086e+00
1.9756503105e+00
4.3557089567e-01
-2.3602129892e-02
2.9727351665e+00
3.8057351112e+00
-5.3854308128e+00
-2.2254743576e+00
2.9578223228e+00
2.2443985939e+00
-4.4421482086e+00
-5.3517103195e-02
-5.1039619446e+00
-8.8591450453e-01
-6.0699927807e-01
-1.2662267685e+00
-2.8719773293e+00
-1.8011173010e+00
3.1682047844e+00
1.4310582876e+00
-8.6918514967e-01
3.1288191676e-02
-3.5701193810e+00
-2.7556264400e+00
-2.6341130733e+00
-8.2941395044e-01
-4.2796495557e-01
-9.1074955463e-01
-1.2075983286e+00
-1.8501405418e-01
1.2970068455e+00
1.2837492228e+00
3.3157918453e+00
4.1767913103e-01
-5.1418446004e-02
1.2887758017e+00
-2.2464892864e+00
-1.5760972500e+00
-2.9842545986e+00
-3.1481368542e+00
-4.4789395332e+00
-2.4407811165e+00
-1.8365761638e-01
-3.0207617283e+00
-5.1569950581e-01
-5.8690315485e-01
-3.1488063931e-01
1.1239860207e-01
-1.5380963087e+00
1.5552805364e-01
-2.3801534176e+00
-3.0668544769e+00
3.0677170753e+00
4.4488331676e-01
-9.7005277872e-01
-5.5929295719e-02
-1.5758183002e+00
-1.4283624887e+00
-7.1312606335e-01
-1.8850318193e+00
4.5803147554e-01
6.5202027559e-01
5.0906074047e-01
1.2510507107e+00
-1.5411857367e+00
-1.7407062054e+00
-2.4744769558e-02
3.7663677335e-01
-2.7739567757e+00
-2.6058197021e+00
4.6573376656e-01
1.4836707115e+00
-8.8462388515e-01
-8.2652527094e-01
1.9971859455e+00
2.1508696079e+00
8.9228242636e-02
2.0541828871e-01
-1.7751556635e+00
-2.5440223217e+00
-2.3637309074e+00
-3.8748373985e+00
-3.0331644416e-01
-7.4797868729e-01
-1.2514735460e+00
-2.5216698647e+00
-9.2742526531e-01
-7.0103508234e-01
-2.6155358553e-01
3.8940435648e-01
-2.3695826530e-01
-5.8367192745e-01
1.0042134523e+00
1.3402855396e+00
1.5692894161e-01
-1.4178662300e+00
-1.4655537605e+00
1.1462516338e-01
8.2772028446e-01
1.1082600355e+00
-2.0846033096e+00
-1.2089647055e+00
-9.0390813351e-01
-3.8079738617e-01
-3.8867709041e-01
-9.6372973919e-01
7.5324887037e-01
3.8359040022e-01
1.2307530642e+00
2.1558086574e-01
3.9748793840e-01
1.0159898996e+00
-6.1555698514e-02
5.0924468040e-01
-9.9910028279e-02
1.0344911814e+00
5.2712816000e-01
3.9789998531e-01
-1.4428637028e+00
-2.4935960770e+00
4.6670910716e-01
2.3684079647e+00
-1.7386327982e+00
-2.5232486725e+00
2.4893569946e+00
8.1539970636e-01
1.1362799406e+00
1.5831484795e+00
1.1972492188e-01
-9.1020429134e-01
1.8245478868e+00
1.4435597658e+00
-2.1564953327e+00
-2.0650677681e+00
1.5622600317e+00
1.2380210161e+00
-9.4860082865e-01
-8.1836777925e-01
-3.1405085325e-01
-7.9534494877e-01
-3.5350397229e-01
-1.1101344824e+00
2.8568570614e+00
3.4397089481e+00
7.8752553463e-01
9.8706930876e-01
-3.5339185596e-01
-6.0643762350e-01
-6.7988663912e-01
-1.1453850269e+00
2.2530512810e+00
2.1152203083e+00
-9.1451182961e-02
-8.0851286650e-01
-1.1876472086e-01
-8.9277988672e-01
6.8377512693e-01
6.7624419928e-01
8.4630542994e-01
1.5880441666e+00
-1.2459986210e+00
-1.0087610483e+00
-2.3379480839e+00
-2.8925452232e+00
2.0023053885e-01
-7.4540466070e-01
1.8539397717e+00
2.1047940254e+00
3.0674023628e+00
2.8123357296e+00
-3.9637970924e-01
-1.8789798021e+00
1.4138067961e+00
9.6036583185e-01
1.3766357899e+00
1.1207526922e+00
1.7963581085e+00
1.7611982822e+00
-2.7519771457e-01
-2.6362657547e-01
-3.0129954815e+00
-3.0148885250e+00
-5.7833808661e-01
-2.0544727147e-01
-1.3046426773e+00
-1.7874966860e+00
1.2987336516e-01
6.5045803785e-01
5.6525129080e-01
2.7878122330e+00
-3.3589529991e+00
-1.2045445442e+00
1.3131555319e+00
1.6526839733e+00
-1.0745397806e+00
-1.5132740736e+00
9.3908905983e-01
-8.7893563509e-01
1.9288064241e+00
3.1449439526e+00
2.6928815842e+00
1.7713459730e+00
1.0298769474e+00
6.3114994764e-01
2.3797948360e+00
3.5773891956e-02
1.1513408422e+00
1.8603324890e+00
-9.3490982056e-01
-9.3613761663e-01
-2.5188374519e+00
-2.4800350666e+00
-2.4831199646e+00
-1.8188464642e+00
-5.1011025906e-01
-1.9123852253e+00
-6.2578749657e-01
-1.1666264385e-01
-3.3452303410e+00
-2.7560422421e+00
4.9680112861e-03
-3.2483215332e+00
2.7018618584e+00
1.0102641582e+00
8.9698749781e-01
1.2130519152e+00
2.9536979198e+00
3.3696491718e+00
1.8030655384e+00
1.8233860731e+00
-1.0755591393e+00
-1.4844964743e+00
2.4613304138e+00
1.4251881838e+00
2.9865620136e+00
1.8473540545e+00
-1.5279425383e+00
5.8382409811e-01
2.7087788582e+00
2.7845993042e+00
1.2538304925e-01
-6.5847581625e-01
-6.6773384809e-01
1.0304409266e+00
2.9261686802e+00
2.3127677441e+00
1.0588810444e+00
-4.6020695567e-01
2.2168739140e-01
1.5202125311e+00
-3.5508401394e+00
-3.7272152305e-01
1.3163317442e+00
2.3335056305e+00
2.9792118073e+00
1.7554867268e+00
1.7684607506e+00
2.7568465471e-01
2.2432510853e+00
1.8190786839e+00
1.9957174063e+00
-9.3168097734e-01
-1.8628911972e+00
-9.2982119322e-01
-5.2882266045e-01
-9.4842922688e-01
-7.7785092592e-01
-1.1326733232e-01
-3.4317257404e+00
-2.6374249458e+00
-7.3496532440e-01
2.1842116117e-01
-1.0610285997e+00
-2.2114077210e-01
-1.1902786493e+00
1.9958852232e-01
-1.8524532318e+00
3.0175974965e-01
-1.2467809916e+00
-5.0032353401e-01
1.2720322609e+00
2.3320157528e+00
3.0334612820e-03
-9.4460320473e-01
8.2804358006e-01
1.7835190296e+00
4.9487214088e+00
3.7684192657e+00
3.8482902050e+00
1.3405727148e+00
-8.1663787365e-01
-1.5731638670e+00
7.4428856373e-01
1.2540040016e+00
-4.3438431621e-01
-3.1150045991e-01
-1.9368406534e+00
-1.7578983307e+00
-3.5247282982e+00
-2.7893204689e+00
2.7899899483e+00
3.0279619694e+00
1.6193729639e+00
2.4850425720e+00
-1.7053306103e+00
-1.8867473602e+00
-2.3990459442e+00
-1.1066529751e+00
3.3138272762e+00
2.3388965130e+00
8.4505784512e-01
1.9313727617e+00
1.3826197386e+00
-2.2128203511e-01
1.2510008812e+00
1.0027726173e+01
-7.8221893311e-01
-3.0020999908e+00
1.8080496788e+00
4.4871687889e+00
1.5761741400e+00
-1.4717848301e+00
7.0209991932e-01
-1.9476182461e+00
3.6126563549e+00
3.6794993877e+00
1.7639866471e-01
1.9853212833e+00
3.8020210266e+00
1.6976890564e+00
8.7130612135e-01
1.4104382992e+00
2.6511762142e+00
2.0852980614e+00
-2.9570963383e+00
-2.7995848656e+00
-2.6248580217e-01
-2.0203881264e+00
2.6888999939e+00
2.2057664394e+00
1.6283434629e+00
-5.6916832924e+00
6.0279335976e+00
1.7280174494e+00
-4.9115023613e+00
-7.9271707535e+00
-1.3474265337e+00
-1.1317138672e+00
-3.0637308955e-01
-1.6823896170e+00
2.6660051346e+00
-1.6489800215e+00
6.3662141562e-01
-1.0716391802e+00
-1.6500471830e+00
-1.6442439556e+00
1.4432145357e+00
3.0442614555e+00
3.2220747471e+00
4.3748685718e-01
1.4311755896e+00
-1.2896360159e+00
-3.6919844151e-01
-6.2759704590e+00
-1.9436202049e+00
-1.9361251593e-01
1.2597587109e+00
2.4512050152e+00
1.2271690369e+00
6.9328969717e-01
3.5923072696e-01
-8.3339471817e+00
2.7043256760e+00
1.1382157803e+00
1.8590357304e+00
-7.2124826908e-01
-6.1298352480e-01
-4.1195831299e+00
2.7895396948e-01
-5.6649535894e-01
-3.7447240353e+00
-2.8024315834e+00
-3.5037484169e+00
-2.3444211483e+00
4.1007556915e+00
2.8719520569e+00
-5.1338014603e+00
-3.1270654202e+00
3.0361652374e+00
3.6941421032e+00
-6.7520296574e-01
-1.7735961676e+00
-2.1862528324e+00
-1.6707625985e-01
-7.5291943550e-01
-1.6907575727e-01
3.8770024776e+00
3.0245001316e+00
-1.5403996706e+00
1.4445439577e+00
-5.1076638699e-01
4.4339246750e+00
1.4878468513e+00
4.8614945412e+00
1.7300107479e+00
6.1737904549e+00
1.1388092488e-01
1.0959331989e+00
-7.0364034176e-01
-1.6876256466e+00
-2.5772712231e+00
3.0566713214e-01
-4.6108579636e+00
-4.9076228142e+00
-6.3927924633e-01
-2.8022041321e+00
4.7683944702e+00
5.3684717417e-01
2.8747451305e+00
3.7137057781e+00
-1.9451755285e+00
9.8270839453e-01
-2.1079316139e+00
1.4764250256e-02
-2.8901684284e+00
-9.1589593887e-01
3.4639339447e+00
5.8022089005e+00
-2.0822591782e+00
-2.3008441925e+00
-3.9412198067e+00
-1.3341532946e+00
-2.2203423083e-01
-3.0251076818e-01
-2.0006871223e+00
1.2143799067e+00
-5.5237299204e-01
2.1751134098e-01
6.6469854116e-01
1.1982740164e+00
-5.7831680775e-01
-9.4539415836e-01
-4.4395366311e-01
1.4446573257e+00
-8.2936722040e-01
-7.0492529869e-01
8.3535552025e-01
1.3702886105e+00
3.6727178097e-01
1.2435745448e-01
-5.5762577057e-01
-7.9218161106e-01
3.5059449077e-01
1.3513018191e-01
1.0581450462e+00
6.8173754215e-01
-3.0631369352e-01
-6.7861026525e-01
8.4684687853e-01
-7.4488058686e-02
1.1814591289e-01
2.0910394192e-01
-2.2216317654e+00
-1.7765725851e+00
1.1464608908e+00
1.0112693310e+00
9.2178988457e-01
2.8846750259e+00
-1.1099901199e+00
-1.1364141703e+00
7.2188031673e-01
5.8271783590e-01
-2.5337917805e+00
-2.2765529156e+00
9.0500736237e-01
5.5905586481e-01
-2.0085053444e+00
-1.3981344700e+00
-4.0258312225e-01
1.6439117491e-01
-2.7004617453e-01
-4.2176979780e-01
-3.6683750153e-01
-1.7985181510e-01
-1.3902140856e+00
-3.6533686519e-01
-1.9579076767e-01
1.1906871796e+00
-3.3724974841e-02
1.5655452013e-01
1.0119649023e-01
-1.5788364410e+00
3.5752981901e-02
-4.6217066050e-01
1.6111843586e+00
1.1670851707e+00
4.4781100750e-01
6.7021393776e-01
-8.3464497328e-01
-4.2509001493e-01
3.4311819822e-02
-7.0265334845e-01
-5.5345648527e-01
-1.9001877308e-01
-1.2324929237e+00
-1.3955861330e-01
1.2620929480e+00
1.7419209480e+00
-6.3640870154e-02
-1.3712929189e-01
-3.0196034908e-01
8.2821823657e-02
2.9523384571e-01
3.8035917282e-01
-7.9944384098e-01
-1.4142602682e+00
5.1706444472e-02
2.8748348355e-01
1.6425260901e-01
4.5703113079e-01
-1.1938070059e+00
-7.4144917727e-01
1.8045679331e+00
1.2077289075e-01
5.7751917839e-01
2.2123804092e+00
7.8736752272e-01
-7.0905518532e-01
-4.2013663799e-02
3.2467880845e-01
1.0471997261e+00
5.0834095478e-01
-8.7400460243e-01
-1.3256648779e+00
1.3712549210e-01
7.2165429592e-01
-1.1152783632e+00
-3.4158840775e-01
8.6349743605e-01
-6.4431051724e-03
-5.7809782028e-01
-4.7447445989e-01
-1.9566442966e+00
-3.9892175794e-01
3.8553297520e-01
4.0136355162e-01
8.9493483305e-01
1.1964378357e+00
-8.7203514576e-01
-1.1427656412e+00
-1.6577081382e-01
-5.1158910990e-01
4.6258583665e-01
1.6616733745e-02
2.2625782490e+00
1.2024246454e+00
-3.9530456066e-01
-7.8413587809e-01
1.8310914934e-01
-4.7996285558e-01
3.8945978880e-01
1.9092639685e+00
2.2446582094e-02
-7.6330476999e-01
-1.4164890051e+00
-1.5613234043e+00
2.5144705176e-01
1.4702142477e+00
5.8393549919e-01
3.9030745625e-01
3.5893180966e-01
-4.5455160737e-01
-1.0048254728e+00
6.1022293568e-01
4.8117738217e-02
-8.5456877947e-01
-1.0962072611e+00
3.5412850976e-01
-5.7954955101e-01
2.3404810429e+00
3.9746800065e-01
4.5829865336e-01
-1.2081587315e+00
1.6300135851e-01
-5.6726700068e-01
2.0779259205e+00
1.2572238445e+00
-8.4620273113e-01
-1.5906594992e+00
1.2478114367e+00
-1.0305185318e+00
-3.9228168130e-01
1.2566709518e+00
2.2504339218e+00
-3.5459959507e-01
6.3512362540e-02
3.3978021145e-01
1.2281895876e+00
-1.4574308395e+00
2.0837810040e+00
3.5074764490e-01
1.3183381557e+00
1.2854516506e+00
-1.9483710825e-01
1.6039309502e+00
-1.1195560694e+00
3.7289553881e-01
1.1729761362e+00
6.7967116833e-01
7.9794657230e-01
-8.7996685505e-01
-2.6499226689e-01
2.9528525472e-01
1.8836846948e-01
2.5306854248e+00
1.7637735605e+00
2.4185473919e+00
-2.7884814888e-02
-1.5442588329e+00
-5.4044026136e-01
3.3121776581e-01
8.2363170385e-01
-9.4242930412e-01
4.0718954802e-01
1.1618142128e+00
-1.9135399163e-01
-1.7109205723e+00
1.6733596325e+00
-4.9527367949e-01
2.4223481119e-01
-2.0917329788e+00
-5.3874939680e-02
-1.0611857176e+00
-4.8221063614e-01
2.0982599258e+00
1.2758662701e+00
-7.8054565191e-01
-1.2657901049e+00
-1.3317495584e+00
-1.5714343786e+00
-1.1263204813e+00
-1.4365658164e-01
-5.9592211246e-01
-4.7490940094e+00
-1.3432339430e+00
3.6602526903e-01
-5.7543396950e-01
1.0375025272e+00
2.6107368469e+00
-2.4851059914e-01
1.0556194782e+00
-2.9225039482e-01
-2.9508762360e+00
-1.5406084061e+00
-1.5828614235e+00
-3.3277111053e+00
8.3546310663e-01
-8.8462454081e-01
9.1699457169e-01
-9.6377563477e-01
1.0988396406e+00
-2.2466082573e+00
-2.7246062756e+00
-2.9591741562e+00
4.5503619313e-01
1.2444682121e+00
-2.0994180441e-01
-8.7704992294e-01
-3.2629537582e+00
-6.0960240364e+00
-3.6749770641e+00
-6.0202796012e-02
-1.1978286505e+00
2.0142142773e+00
6.1607021093e-01
5.4455643892e-01
-3.0342555046e+00
-1.1941301823e+00
-1.3669773936e-01
-2.5478670597e+00
-1.8341680989e-02
-6.3894402981e-01
6.8091881275e-01
-1.1531521082e+00
-1.0342817307e+00
-8.9401888847e-01
-7.9899483919e-01
-3.0518400669e+00
-1.3559677601e+00
-8.7148356438e-01
-5.4453926086e+00
-6.1986619234e-01
-3.0271811485e+00
-2.6173274517e+00
-3.2289543152e+00
-2.3521733284e+00
2.9400503635e+00
1.5560265779e+00
2.6946783066e-01
1.9286178350e+00
-8.0527001619e-01
-1.1763392687e+00
-1.0040116310e+00
-6.0467475653e-01
9.0128490701e-03
-1.4229369164e+00
2.5974173546e+00
-6.9400185347e-01
1.9184822217e-02
6.8957823515e-01
4.3699687719e-01
-3.4912103415e-01
1.4494258165e+00
-3.1352970004e-01
1.7384945154e+00
2.3951513767e+00
1.2772010565e+00
-1.4595375061e+00
-2.0465607643e+00
-2.5361313820e+00
8.4083747864e-01
-1.2830728292e-01
2.1180040836e+00
2.2910225391e+00
-1.2170200348e+00
-3.5373163223e+00
2.6699221134e+00
2.7875325084e-01
-5.8062160015e-01
-6.7609353065e+00
-2.0784721375e+00
-6.2984639406e-01
4.2841262817e+00
2.8558528423e+00
2.2070238590e+00
1.5598005056e+00
2.1366288662e+00
-3.5418897867e-01
-1.9066810608e+00
-2.2757835388e+00
9.3094086647e-01
1.3073548079e+00
2.8039424419e+00
-2.9565480351e-01
-1.4681966603e-01
-9.5312285423e-01
-7.0984530449e-01
-1.3070765734e+00
-1.8002233505e+00
-1.9652314186e+00
2.5865685940e-01
3.2271879911e-01
1.0841031075e+00
1.5315418243e+00
-2.0079472661e-01
-5.2307391167e+00
9.4166994095e-01
1.1624536514e+00
2.3832879066e+00
-1.9781388044e+00
8.7991160154e-01
-2.7586460114e+00
-8.9500057697e-01
5.2723757923e-02
1.4263477325e+00
-2.2834846377e-01
-2.8810244799e-01
-9.6941637993e-01
-6.3084459305e-01
-1.3762952387e-01
-5.5245561600e+00
-1.0073975325e+00
7.4510335922e-01
1.0015995502e+00
2.9786055088e+00
4.3780830503e-01
1.5860768557e+00
2.8694972992e+00
1.7014533281e+00
1.7068626881e+00
-2.1037445962e-01
-2.9603188038e+00
-8.6266779900e-01
1.7092882395e+00
-1.9614106417e+00
1.5050370693e+00
-1.4139163494e+00
2.1106104851e+00
-3.2464139462e+00
-2.8272421360e+00
1.9452873468e+00
1.1997423172e+00
4.9704709649e-01
-3.0448141098e+00
-1.1556952000e+00
3.7590059638e-01
-6.9448108673e+00
-2.1121428013e+00
4.5527157784e+00
1.2369914055e+00
9.5118141174e-01
5.8086526394e-01
2.8273424506e-01
1.4835359156e-01
-1.6410392523e+00
-1.8599389791e+00
-4.2101460695e-01
6.1803966761e-01
8.4383451939e-01
1.9464724064e+00
-5.6566268206e-01
2.4236991405e+00
-1.4031965733e+00
-1.4558650255e+00
-5.3534259796e+00
-8.2845509052e-01
-1.3203413785e-01
1.5839459375e-02
-1.2288134098e+00
-3.2952117920e-01
-5.6335878372e-01
-7.9990923405e-01
2.0053834915e+00
1.7697504759e+00
2.3757617176e-01
1.9726783037e-01
3.6110830307e-01
7.0623499155e-01
1.9119777679e+00
8.5383735597e-02
-1.1966758966e+00
-7.3003834486e-01
2.1637196541e+00
9.2332297564e-01
-5.1121103764e-01
1.4761269093e-01
2.1685026586e-01
7.5378412008e-01
-1.7792494297e+00
-2.1549563408e+00
-1.7495150566e+00
-1.5683274269e+00
-3.9961888790e+00
-2.0724267960e+00
5.4200580344e-03
1.0437691957e-01
1.8573780060e+00
1.5719014406e+00
-7.1627652645e-01
9.7276866436e-02
-1.1645910740e+00
-5.4470825195e-01
5.7389008999e-01
-2.1044237912e-01
-1.2754479647e+00
-8.4283894300e-01
1.3010265827e+00
1.3936125040e+00
-1.1197817326e+00
2.5311589241e-01
-1.3824297190e+00
-4.8076525331e-01
6.7704841495e-02
-3.1661945581e-01
2.4776780605e+00
9.1986644268e-01
5.9007859230e-01
5.0535404682e-01
5.6416976452e-01
-2.7935871482e-01
-1.0181620121e+00
-1.9996066093e+00
-1.7588131428e+00
-1.6455702782e+00
1.7441992462e-01
-9.3959265947e-01
1.0514531136e+00
1.3428198099e+00
-2.4951088428e+00
-2.6068329811e+00
-1.9457913637e+00
-9.4741523266e-01
1.1386904716e+00
1.3940967321e+00
-9.2611956596e-01
-4.5542541891e-02
-1.6308135986e+00
-2.3104710579e+00
-6.9040137529e-01
1.1100647449e+00
-1.0854470730e+00
-7.9921400547e-01
8.0924832821e-01
1.7775736749e-01
2.8766520023e+00
3.2719495296e+00
-1.1494587660e+00
-1.3592898846e+00
4.1595187783e-01
1.4574243128e-01
-2.5647387505e+00
-3.0727806091e+00
-4.6143777668e-02
-2.5733879209e-01
-6.1911273003e-01
-6.3831591606e-01
-1.9921592474e+00
-2.9401528835e+00
1.9616287947e+00
-6.2053115107e-03
-3.5403281450e-01
-9.0042054653e-01
3.5480902195e+00
2.8678572178e+00
-9.6671181917e-01
-1.4469339848e+00
1.6848014593e+00
1.3813631535e+00
1.6272999346e-01
-2.0378223062e-01
1.8831182718e+00
-4.2230352759e-01
1.0867594481e+00
9.9942272902e-01
2.3706930876e-01
1.5280553699e-01
-1.3474296331e+00
-2.0848102570e+00
-7.2739505768e-01
9.8170351982e-01
-2.7873594761e+00
-1.5150539875e+00
2.3808197975e+00
2.1300098896e+00
1.1178652048e+00
2.8132817745e+00
9.7758615017e-01
-1.1676245928e+00
9.8008430004e-01
9.0879321098e-01
6.4701020718e-01
4.6471858025e-01
3.5918942094e-01
5.6559580564e-01
1.1202683449e+00
-1.2382498980e+00
9.2721879482e-01
6.7538589239e-01
3.3979833126e+00
3.6233530045e+00
5.6715959311e-01
2.1053221226e+00
9.4842869043e-01
6.2904256582e-01
7.4626159668e-01
6.1862003803e-01
-1.3290956020e+00
-6.7005568743e-01
-3.0993369222e-01
-1.1086893082e+00
-1.0971214771e+00
3.6031830311e-01
-4.0514922142e-01
2.4592664242e+00
-1.1306592226e+00
-1.4252091646e+00
-2.0752668381e-01
-6.7169582844e-01
-2.6931017637e-01
1.7434067726e+00
2.5726640224e-01
-2.2395167351e+00
-1.7607613802e+00
2.1793566644e-01
1.0183395147e+00
1.6585788727e+00
1.2911022902e+00
1.9368716478e+00
-1.9655007124e-01
-1.0291088820e+00
8.2447850704e-01
6.8386383355e-02
-1.7536429167e+00
2.3262052238e-01
6.0372167826e-01
1.5626388788e-01
1.4960932732e+00
3.0581322312e-01
2.4611585140e+00
-6.0518580675e-01
-2.0926053822e-01
8.0270999670e-01
-2.2952839732e-01
1.0147197247e+00
-1.7556270957e-01
-1.0068040341e-01
-2.4903154373e-01
-1.9807176292e-01
6.9031649828e-01
4.4047206640e-02
1.6240168810e+00
7.4262702465e-01
-1.1312439442e+00
-8.9407581091e-01
1.5142494440e+00
2.3142328262e+00
1.3954475522e-01
-1.0173664987e-01
1.3247147799e+00
-5.4912012815e-01
-3.5640975833e-01
5.7851493359e-01
-9.7508408129e-02
2.4654881656e-01
-3.3631426096e-01
4.5726865530e-01
9.1062539816e-01
-1.2345305681e+00
2.4140698910e+00
1.3144512177e+00
1.0624935627e+00
4.3481653929e-01
-1.0588997602e+00
-1.1233128309e+00
-4.0802788734e-01
-2.5934371352e-01
-9.0561616421e-01
-3.8339648247e+00
-2.1106767654e+00
-6.5613812208e-01
3.4186035395e-02
4.4948589057e-03
1.2535687685e+00
-9.5421254635e-01
1.3330358267e+00
-8.1646005856e-04
-3.8366801739e+00
-1.1893539429e+00
-1.1822609901e+00
-2.4069819450e+00
4.6551171690e-02
-6.6686671972e-01
-9.6279132366e-01
-3.3293929696e-01
-5.8747231960e-02
-2.6102323532e+00
-2.0833151340e+00
-2.5816900730e+00
2.9624697566e-01
4.2743679881e-01
9.4504587352e-02
-2.3025994003e-01
-9.1228562593e-01
-3.4224691391e+00
-2.7414107323e+00
-8.3333259821e-01
-3.5754066706e-01
7.8999012709e-01
-9.7306573391e-01
-1.6284221411e+00
-1.3934265077e-01
-1.0679398477e-01
1.1855045706e-01
-2.7014534473e+00
5.0699833781e-02
-4.9907243252e-01
1.3571078777e+00
-4.5726308227e-01
-5.2622729540e-01
-5.1128417253e-01
9.2163598537e-01
-5.4493975639e-01
-4.9355137348e-01
-6.7420971394e-01
-2.3055446148e+00
-5.1453995705e-01
-2.8158502579e+00
-2.1188275814e+00
7.4420267344e-01
-4.7706019878e-01
1.9221618176e+00
-7.2526991367e-01
5.3493547440e-01
1.1560230255e+00
-4.6174335480e-01
-1.8312625885e+00
2.3641679287e+00
1.1306879520e+00
-1.1867008209e+00
-8.7569504976e-01
2.5357980728e+00
3.0607438087e+00
1.1135270596e+00
8.0353766680e-01
3.8032421470e-01
6.8917453289e-01
-8.5480719805e-01
-4.7253701091e-01
2.5405061245e+00
1.3577210903e+00
1.8359149992e-01
-1.6089382172e+00
-2.3336277008e+00
-1.5678836107e+00
-1.0165905952e+00
1.3210939169e+00
1.3974373341e+00
1.3554607630e+00
7.3549222946e-01
6.0720705986e-01
1.7926768064e+00
1.6042515039e+00
-5.8891010284e-01
-6.6000723839e-01
-9.7261917591e-01
3.4924838543e+00
1.2569718361e+00
5.9740340710e-01
1.7357378006e+00
8.2413905859e-01
-2.0245836675e-01
2.6725336909e-01
-2.7994954586e+00
-6.1180341244e-01
1.4021277428e-01
-4.9830608070e-02
2.9217052460e-01
7.3950242996e-01
2.2198808193e+00
1.7144832611e+00
-3.6365261674e-01
-1.3886073232e-01
-2.3513607979e+00
6.5882319212e-01
2.5872771740e+00
5.9504300356e-01
1.0670171976e+00
4.0887299180e-01
-2.6094484329e-01
-1.1393229961e+00
-1.2960717678e+00
-3.6548629403e-01
4.3112471700e-02
4.3994274735e-01
1.2851075828e-01
-1.5163614750e+00
1.8152644634e+00
5.1577866077e-01
-9.7367906570e-01
-4.0698954463e-01
5.5938237906e-01
-1.0735497475e+00
4.0452718735e-01
-1.5057154894e+00
-1.2024284899e-01
1.2737632990e+00
-7.2852486372e-01
-7.2508710623e-01
1.3527454138e+00
4.4887921214e-01
9.9971634150e-01
1.3329834938e+00
-1.2664109468e+00
-1.3538757563e+00
-6.6292542219e-01
-6.4552676678e-01
1.8324124394e-03
-9.9744629860e-01
-1.6030350924e+00
-2.1886420250e+00
1.0410338640e+00
6.0196882486e-01
3.3182772994e-01
1.0447771549e+00
1.2862352133e+00
-8.8807427883e-01
-7.8654968739e-01
-1.5274728537e+00
5.8915197849e-01
3.1797912717e-01
-2.1080520153e+00
-1.3679796457e+00
-5.7621318102e-01
-9.0411168337e-01
-9.4164341688e-02
-1.1806175709e+00
-2.8996899128e+00
-1.7198557854e+00
-3.9838867188e+00
-1.1625913382e+00
1.5650286674e+00
1.5027390420e-01
-1.7991224527e+00
-9.0366351604e-01
3.1191030145e-01
9.2038804293e-01
-3.6224489212e+00
-8.8535434008e-01
-3.1886847019e+00
-1.8051825762e+00
1.4889800549e+00
-1.4930452108e+00
-1.4063336849e+00
-2.3343267441e+00
-3.9463155270e+00
-2.9650838375e+00
2.5460720062e-01
2.8802859783e-01
7.8478270769e-01
4.3737396598e-01
-7.1555042267e-01
-6.8196974695e-02
2.9723194242e-01
1.6921897233e-01
-5.5724763870e-01
1.9408684969e-01
3.2497081161e-01
-1.4146929979e-01
8.6394858360e-01
-4.4453406334e-01
-1.0503571033e+00
-1.1681152582e+00
2.9452078342e+00
2.9659588337e+00
5.8765043505e-03
-3.1523406506e-01
-1.8648442626e-01
1.4574861154e-02
-9.2098049819e-02
4.6226114035e-01
-1.9484139681e+00
-1.1586260796e+00
5.9367710352e-01
-9.1408091784e-01
-9.1573763639e-03
-3.4944570065e-01
-3.4126259387e-02
-9.1744589806e-01
-2.5353348255e-01
9.0228033066e-01
-1.9977836609e+00
-2.3682741821e-01
4.9982997775e-01
-3.1615141034e-01
5.2988982201e-01
1.0258705616e+00
1.0810596943e+00
-6.3353174925e-01
-5.6141781807e-01
-1.5102307796e+00
1.3046808243e+00
1.1012783051e+00
-2.8978817463e+00
-2.3962411880e+00
-8.9023470879e-01
-1.8090781569e-01
1.9172954559e-01
-2.2519628704e-01
5.7156056166e-01
-2.1005994081e-01
-1.1441315413e+00
-6.5256237984e-01
2.3276968002e+00
2.3024439812e+00
-4.6497875452e-01
-3.8855995983e-02
1.2029288709e-01
4.0763166547e-01
1.0884445906e+00
-2.3700670898e-01
9.3777978420e-01
5.1579940319e-01
5.5475574732e-01
1.4384565353e+00
-1.4011589289e+00
-1.4607516527e+00
9.6875095367e-01
7.2968339920e-01
9.7442084551e-01
-6.4675137401e-02
9.3215334415e-01
-1.7479801178e-01
2.8535881639e-01
5.4441940784e-01
-1.2811597586e+00
-7.5330287218e-01
1.2515982389e+00
6.8369746208e-02
-6.9297438860e-01
-4.3913662434e-01
2.8586268425e-01
-2.0501410961e-01
-1.3094835281e+00
-7.0085197687e-01
-5.5285537243e-01
-1.9941428304e-01
-2.1193188429e-01
3.5240579396e-02
-1.4921443462e+00
5.2359497547e-01
-1.3252069950e+00
-1.2729063034e+00
1.6904859245e-01
7.0949429274e-01
7.0807272196e-01
3.1630702317e-02
-2.7518662810e-01
-1.2933082581e+00
3.1056785956e-03
2.1376836300e-01
2.0986764133e-01
-8.3842854947e-03
1.5183240175e-01
-4.4944635034e-01
2.3245260119e-01
-2.9253420234e-01
-1.1425161362e+00
-1.3645198345e+00
-2.8031742573e-01
-3.6656859517e-01
2.7184083462e+00
2.6661825180e+00
1.3084781170e-01
-1.3445062637e+00
1.4696604013e+00
1.1591737270e+00
7.6191866398e-01
9.4244313240e-01
-6.4348137379e-01
-9.0013384819e-01
-6.8264299631e-01
-2.9045945406e-01
-1.2849377394e+00
-6.0699766874e-01
-2.1457700729e+00
-2.1433629990e+00
1.9168582559e-01
3.1266076565e+00
5.9682023525e-01
-2.7590018511e-01
-3.9305577278e+00
1.8393088877e-01
1.3655756414e-01
1.1142326593e+00
6.0973715782e+00
2.9876260757e+00
-4.1605621576e-02
8.3640921116e-01
9.8081725836e-01
1.6550112963e+00
5.5124098063e-01
9.7495985031e-01
-5.7974421978e-01
3.3229714632e-01
8.7259620428e-01
1.6665409803e+00
-2.1935508251e+00
2.2552926540e+00
-2.2989687920e+00
-3.8993582726e+00
-7.6756078005e-01
7.5557154417e-01
2.3446915150e+00
3.5871424675e+00
-6.2045514584e-01
7.9492813349e-01
-1.8082698807e-02
1.7937207222e+00
-7.7946138382e-01
-1.0745434761e+00
1.9166789949e-01
-1.8015108109e+00
1.4212307930e+00
1.1688795090e+00
2.1425199509e+00
3.4802331924e+00
5.4402070045e+00
3.2177190781e+00
-2.6626784801e+00
-2.8237667084e+00
5.7785207033e-01
1.3176105917e-01
2.5214430690e-01
4.5960454941e+00
6.4973683357e+00
9.0874597430e-02
-8.8167905807e-01
-1.5253291130e+00
2.3278489113e+00
-2.8048257828e+00
2.7283164859e-01
1.4502767324e+00
3.9574592113e+00
1.5443013906e+00
-1.8777983189e+00
-1.1225576699e-01
-3.6126777530e-01
6.2689179182e-01
2.4110605717e+00
1.8060724735e+00
-1.5783097744e+00
3.8830220699e-01
-9.9903184175e-01
-1.2850410938e+00
1.6595940590e+00
9.6200412512e-01
1.0895098001e-01
2.8108531609e-02
-1.3231521845e-01
1.4978492260e+00
-6.5196201205e-02
-5.7790055275e+00
9.4105982780e-01
-3.8215741515e-01
-1.6551176310e+00
4.2383403778e+00
4.0433053970e+00
1.9286699295e+00
3.2599668503e+00
2.6443789005e+00
8.8275992870e-01
1.7952824831e+00
-2.5542089939e+00
-3.7198326588e+00
-7.7569079399e-01
-7.5748574734e-01
-9.5181673765e-01
-3.0850698948e+00
-2.8569531441e-01
-1.7019480467e+00
-1.7896329165e+00
-3.7639468908e-01
-2.3731088638e-01
2.0650405884e+00
2.4672996998e-01
-1.9034799337e+00
-4.4618651271e-01
-8.2176980972e+00
1.3111698627e+00
4.0955710411e+00
-3.4479340911e-01
1.2010970116e+00
1.1889603138e+00
8.0569016933e-01
-2.3247957230e+00
-1.9956004620e+00
-3.1380641460e-01
-3.4236474037e+00
-7.8578877449e-01
1.2497465611e+00
-1.5549129248e-01
8.2461476326e-01
-1.6316413879e+00
-2.0524518490e+00
-1.9019423723e+00
-8.4306640625e+00
1.3612804413e+00
1.1687744856e+00
-1.0245600700e+01
-1.8082777262e+00
-3.8982897997e-01
-2.0119354725e+00
5.5969816446e-01
-4.9524360895e-01
7.4695944786e-01
2.7033686638e-01
7.2543996572e-01
2.3861532211e+00
-1.7084182501e+00
-1.1374763250e+00
-2.5017359257e+00
-2.7172651291e+00
4.4584378600e-01
1.5743284225e+00
2.9199926853e+00
2.2359859943e+00
1.7966451645e+00
2.4358317852e+00
1.0942178965e+00
6.3208478689e-01
2.0607991219e+00
1.5567189455e+00
2.4865064621e+00
1.2799526453e+00
2.6517364979e+00
3.0534324646e+00
1.7989387512e+00
2.3383600712e+00
4.1801342964e+00
6.0703363419e+00
-7.1791416407e-01
-7.5674301386e-01
-8.3069252968e-01
-3.8439708948e-01
-6.4564514160e-01
-1.3630839586e+00
-9.9221509695e-01
-1.0240434408e+00
5.0404852629e-01
5.0623303652e-01
-1.2939534187e+00
-3.8206501007e+00
3.3514974117e+00
4.0177063942e+00
7.7223908901e-01
-8.3642274141e-01
4.2944949865e-01
3.4122568369e-01
5.2608966827e+00
5.6493721008e+00
1.2559270859e+00
2.5467702746e-01
2.8814086914e+00
1.9195110798e+00
-2.6143637300e-01
6.6457843781e-01
-2.0478478074e-01
1.5582677722e-01
6.2960749865e-01
-9.7081139684e-02
6.6994374990e-01
-5.9062242508e-01
1.2201833725e+00
-4.1212430596e-01
1.5117981434e+00
8.3304744959e-01
1.5049294233e+00
-3.6354652047e-01
-3.9349871874e-01
-1.5636045933e+00
2.6605339050e+00
2.8869268894e+00
8.9116525650e-01
4.7970917821e-01
-5.4199135303e-01
-1.0383090973e+00
2.8395891190e+00
2.1214358807e+00
-1.2885723114e+00
-1.2230089903e+00
-1.2251728773e-01
1.6306269169e+00
-2.7924196720e+00
-3.0569705963e+00
9.0274471045e-01
1.2005952597e+00
-2.2527135909e-01
9.1374534369e-01
-3.4507358074e+00
-1.2819789648e+00
-2.4337592125e+00
-3.7119288445e+00
-3.2750684023e-01
-1.0930669308e+00
4.8152408004e-01
6.0937398672e-01
-1.8861606121e+00
-2.6453940198e-02
-2.8181097507e+00
-4.2861819267e+00
1.6830774546e+00
3.2041527331e-02
3.0339366198e-01
1.4038374424e+00
-5.0326937437e-01
-4.4497171044e-01
-1.2702796459e+00
-5.6178987026e-01
2.3184452057e+00
2.3876481056e+00
-2.1406173706e+00
3.5964557528e-01
8.2323431969e-01
1.4349762201e+00
-1.1075201035e+00
-3.1028124690e-01
3.8720783591e-01
-6.9718480110e-01
-8.0246284604e-02
-3.4138733149e-01
1.2315461785e-01
6.0966575146e-01
3.1858205795e-01
-3.6672893167e-01
2.6516082883e-01
-2.1386742592e+00
-2.6448590755e+00
-1.5316711664e+00
1.3097224236e+00
2.6089193821e+00
-2.4834470451e-01
-6.7889338732e-01
4.6786242723e-01
5.4150176048e-01
1.0840635300e+00
4.1476646066e-01
3.0584186316e-01
-3.1110018492e-01
1.2436237335e+00
6.8554657698e-01
-1.3660278916e-01
4.2242586613e-01
5.5891507864e-01
5.5971848965e-01
-4.9245336652e-01
-4.7597184777e-01
1.2368669510e+00
1.2763785124e+00
1.3327287138e-01
-2.5175404549e-01
5.6910765171e-01
4.7192865610e-01
-3.4646463394e-01
-5.4238605499e-01
-2.6430485249e+00
-2.4234564304e+00
-4.4263350964e-01
-1.2087741494e-01
7.8164070845e-01
4.1697224975e-01
2.0721802115e-01
-4.0821096301e-01
1.2477442026e+00
5.3986704350e-01
-2.7512237430e-01
-4.5464786887e-01
1.4737005532e-01
6.3548141718e-01
4.7210985422e-01
-8.5182495415e-02
-9.1200724244e-02
-8.4749840200e-02
4.6302416921e-01
1.0838577747e+00
-5.8910501003e-01
-5.3605926037e-01
-6.2733858824e-01
-6.6843211651e-01
-7.3356121778e-02
-6.5795883536e-02
4.2252263427e-01
-1.1007865518e-01
-9.8126137257e-01
-7.6969283819e-01
3.7880533934e-01
7.6206505299e-01
1.3851398230e+00
1.1005256176e+00
-3.7910130620e-01
-8.6197949946e-02
-8.1256598234e-01
-2.7665057778e-01
-1.0526189953e-01
-1.1064361781e-01
-4.1502367705e-02
3.2554793358e-01
-1.2528793514e-01
2.9903060198e-01
7.7237284184e-01
-1.3223840296e-01
6.3697654009e-01
2.3001459241e-01
-5.7956123352e-01
-5.5440211296e-01
-7.8236378729e-02
-4.9530286342e-02
-2.9386388138e-02
3.2545378804e-01
1.3476337492e-01
-1.1438746750e-01
5.4513216019e-01
8.4784215689e-01
4.7525590658e-01
1.5560734272e-01
-3.8622689247e-01
-4.2634394765e-01
-9.0911742300e-03
-8.7292993069e-01
-9.5788491890e-03
3.0775234103e-01
-3.2639628649e-01
-6.2850874662e-01
1.3017861545e-01
2.0057120919e-01
-1.5965584517e+00
-1.5294235945e+00
-5.7571136951e-01
-5.1467156410e-01
-7.4782383442e-01
-5.7255595922e-01
-7.7790379524e-01
-7.8460478783e-01
-3.1424498558e+00
-1.0639126301e+00
-4.7110745311e-01
3.9812716842e-01
-8.7225550413e-01
-4.3455061316e-01
-6.5052145720e-01
-1.3109895401e-02
-9.0319889784e-01
-7.8586220741e-01
6.9246554375e-01
-1.4867892861e-01
-1.8723422289e-01
3.6647066474e-01
-4.8396363854e-02
-7.9179950058e-02
-1.1039805412e-01
-6.0263082385e-02
-8.7422150373e-01
9.2563644052e-02
-7.1948730946e-01
-1.0364910215e-01
-1.9118149281e+00
-5.9707373381e-01
-1.6251040697e+00
-1.8566458225e+00
-3.6247205734e-01
4.3564844131e-01
-4.7441503406e-01
1.2801225185e+00
-2.4132382870e+00
-1.4903815985e+00
1.3251336813e+00
1.3285416365e+00
-5.4217004776e-01
4.9394407868e-01
1.8709091842e-01
3.1351175904e-01
6.6960144043e-01
-2.5806524791e-03
-1.1733138561e+00
-1.5400881767e+00
9.2647951841e-01
1.3342908621e+00
-2.4334064126e-01
4.8648509383e-01
-1.1030848026e+00
-2.1712474823e+00
2.4408541620e-02
5.9432633221e-02
6.3391095400e-01
1.8816547096e-01
-2.0020318031e+00
-2.1737711430e+00
-1.0473135710e+00
-2.0265252590e+00
7.5731527805e-01
1.0189658403e-01
1.6064248979e-01
2.2039206326e-01
-4.5768651366e-01
1.2209516764e-01
-1.3168839738e-02
-7.1525782347e-01
3.5614922643e-01
1.7077618837e-01
-1.9655543566e-01
-5.9612864256e-01
-1.5911874175e-01
-4.8607751727e-01
1.4497263432e+00
1.7407495975e+00
-1.4060996771e+00
-8.9965999126e-01
-6.3984173536e-01
-1.8877142668e+00
-9.6311461926e-01
-4.5311591029e-01
1.2514542341e+00
5.6294047832e-01
5.7332634926e-01
9.4494843483e-01
1.0297181606e+00
8.8452380896e-01
-7.6241999865e-02
-1.0962028503e+00
1.5008450747e+00
1.6616504192e+00
9.2387157679e-01
3.6394208670e-01
-1.4961864948e+00
-1.1669490337e+00
6.5336430073e-01
7.2821021080e-01
-1.5262024403e+00
-5.6776297092e-01
-3.6611545365e-03
1.2265529633e+00
-2.4923092127e-01
-8.0633962154e-01
-2.6264724135e-01
-7.7549284697e-01
1.3179802895e+00
2.1286294460e+00
-1.9369944334e+00
-9.3365412951e-01
3.3814433217e-01
1.1032769457e-02
-6.0866320133e-01
-1.2432302237e+00
-8.3344292641e-01
-1.6670821607e-01
2.6916146278e-01
5.2946233749e-01
-5.3959822655e-01
-7.6659142971e-02
-1.6917458773e+00
-1.1843998432e+00
3.4196320176e-01
2.1485896409e-01
4.8974686861e-01
8.6607331038e-01
7.0235550404e-02
5.8610188961e-01
-1.4909440279e+00
-2.2902891636e+00
2.4074712396e-01
-1.4467896521e-01
7.0096260309e-01
1.5389138460e+00
2.0936386585e+00
1.8307558298e+00
3.4226369113e-02
1.2360769510e+00
5.4096513987e-01
1.6013158858e-01
-5.1993662119e-01
7.9461383820e-01
-1.9180285931e+00
-1.9934149981e+00
-6.3694077730e-01
-1.7386736870e+00
-7.3474216461e-01
-2.6033294201e+00
1.5129196644e+00
1.8301980495e+00
1.2140510082e+00
2.2012736797e+00
8.1655198336e-01
-4.2398494482e-01
3.2771006227e-01
7.0716494322e-01
-3.6828935146e-01
8.9662335813e-02
1.7789998055e+00
1.6210675240e+00
1.4436191320e+00
1.8520900011e+00
7.2808396816e-01
1.8686972857e+00
2.1755936742e-01
-1.2498165369e+00
-1.9145365059e-01
-9.9338412285e-01
1.1342979670e+00
1.1974375248e+00
2.1764578819e+00
1.1417347193e+00
1.3543435931e-01
6.6229212284e-01
1.5672683716e+00
5.4538899660e-01
-6.0277760029e-01
4.1637647897e-02
-6.3574165106e-01
4.1530363262e-02
-1.1728771925e+00
-5.3727287054e-01
1.4829448462e+00
1.5840167999e+00
1.4151594639e+00
7.6418407261e-02
1.0073989630e+00
1.8773962259e+00
4.4551613927e-01
-2.3054070771e-02
1.5666972399e+00
5.2660542727e-01
-1.1552304029e+00
-2.6152212620e+00
-3.5664716363e-01
4.8115488887e-01
4.6237534285e-01
-4.0342631936e-01
1.5285657644e+00
-2.7537024021e-01
-7.1495592594e-01
-1.5511755943e+00
3.5989695787e-01
4.3406081200e-01
1.4912883937e-01
-3.3747243881e-01
5.4181065410e-02
1.4329710007e+00
-1.6605686396e-02
-2.4425104260e-02
-3.0931678414e-01
1.2203277349e+00
8.3917486668e-01
-4.1977468878e-02
4.5456475019e-01
5.9969168901e-01
-1.5027061701e+00
-4.1656915098e-02
2.4645938873e+00
-1.1204777956e+00
-1.9460360706e-01
2.3684383929e-01
1.8518123031e-01
-1.4106571674e+00
-1.1245698929e+00
-1.7238956690e+00
7.0937234163e-01
-1.5661649406e-01
-9.6924829483e-01
-1.0946922302e+00
-1.0790405273e+00
-1.5704948902e+00
1.2640351057e+00
4.3543860316e-01
-6.4527750015e-01
-1.7807815075e+00
7.7027916908e-01
4.8061098903e-02
4.7604745626e-01
-7.5467264652e-01
-6.6457040608e-02
1.1483750343e+00
4.3675784022e-02
1.6349675655e+00
1.3902850151e+00
3.7541320920e-01
-3.6254570484e+00
-3.4683568478e+00
-1.0669690371e+00
1.9895712137e+00
-1.0615844727e+00
-5.5342853069e-01
5.5931061506e-01
1.6737577915e+00
1.0783573240e-01
-4.0077760816e-01
-1.5458329916e+00
-9.7455394268e-01
-1.4984533787e+00
-8.2479071617e-01
3.1198555231e-01
-6.5947866440e-01
9.8417311907e-01
4.2663109303e-01
1.5520951748e+00
9.3563890457e-01
2.1318449974e+00
1.1580486298e+00
-2.8767648339e-01
5.1577471197e-02
-9.6294307709e-01
9.3941873312e-01
-1.8262355328e+00
-1.2744773626e+00
2.4549143016e-01
2.2307443619e+00
6.3258183002e-01
3.7200099230e-01
-2.2593459487e-01
-4.2139163613e-01
1.4392845631e+00
1.9221534729e+00
2.9282655567e-02
1.9784791768e-01
-6.0298943520e-01
-1.2853623927e-01
3.3650276065e-01
8.1813180447e-01
-1.6746202707e+00
-9.2845267057e-01
1.1053909063e+00
1.5855981112e+00
-1.0071706772e+00
-3.9079916477e-01
1.7213773727e-01
-6.7287750542e-02
6.6595238447e-01
1.5558748245e+00
8.7439596653e-01
5.9230901301e-02
-6.2329635024e-02
4.3441829085e-01
-1.2496689558e+00
5.8279430866e-01
5.6808018684e-01
2.9233828187e-01
-7.4516332150e-01
1.2996955216e-01
-3.0290311575e-01
-7.1038939059e-02
-2.4229604751e-02
-8.3375567198e-01
-1.3803555965e+00
-1.0397915840e+00
3.3642080426e-01
-6.5010917187e-01
-1.0155893564e+00
-1.2279864550e+00
1.4683020115e-01
-1.8671728671e-01
-1.2028666735e+00
-1.1633851528e+00
2.3728284836e+00
-7.6521152258e-01
-8.0093152821e-02
-6.7459416389e-01
-6.3533103466e-01
-1.1080201864e+00
4.5142641664e-01
-2.0172320306e-01
1.2534235716e+00
8.6740955710e-02
5.2574414015e-01
7.9214370251e-01
-1.2298898697e+00
-9.8916649818e-01
-1.0007221252e-01
2.9366192222e-01
2.8603294492e-01
-6.7202396691e-02
6.2735790014e-01
1.8016771078e+00
-6.5024667978e-01
-6.0380451381e-02
-5.7042247057e-01
3.4452697635e-01
1.3962639570e+00
-1.7018820047e+00
1.1357516050e+00
5.7925301790e-01
-5.5862545967e-01
-1.2433383465e+00
1.7749562860e-01
-2.0250356197e-01
-8.9816892147e-01
-1.3234998100e-02
-8.8662540913e-01
-3.9255586267e-01
-2.3684127331e+00
5.4667162895e-01
7.7579039335e-01
6.4573127031e-01
-3.2590770721e-01
-2.9749810696e-02
2.8414192796e-01
1.2753176689e-01
-1.2044563293e+00
-9.6177202463e-01
-2.3155333996e+00
1.0949818045e-01
-1.7269983292e+00
2.3273632526e+00
1.1099811792e+00
1.1892133951e+00
4.2235702276e-01
-6.0457026958e-01
-1.3441429138e+00
3.7837594748e-01
-4.7104841471e-01
1.4216399193e+00
1.2464292347e-01
1.2531905174e+00
-1.3644737005e-01
7.0775014162e-01
-1.4073324203e+00
-1.9535821676e-01
-5.3923588991e-01
3.3750668168e-01
-3.4569233656e-01
-5.7686835527e-01
-1.1459202766e+00
-1.0191516876e+00
2.5233130455e+00
7.8749492764e-02
2.0891513824e+00
7.4511969090e-01
7.9188483953e-01
-2.6713553816e-02
-9.9075073004e-01
-2.6915776730e-01
-2.3354482651e+00
1.1320675164e-01
1.3703341484e+00
-9.3671429157e-01
1.1593781710e+00
3.0013644695e-01
8.1453561783e-01
5.6147825718e-01
-1.6039226055e+00
-4.1292122006e-01
9.2976987362e-01
-8.7003779411e-01
1.2555841208e+00
4.8350521922e-01
-1.9357197285e+00
-2.3400671482e+00
2.0049519539e+00
4.2755240202e-01
1.1851342916e+00
9.4489765167e-01
-4.9265403748e+00
-3.5817427635e+00
-3.0923509598e-01
1.8864079714e+00
3.1899356842e-01
1.1143504381e+00
2.0228474140e+00
2.8460291028e-01
3.2588616014e-01
-4.1826200485e-01
1.0552901030e+00
5.2415400743e-01
-1.4942976236e+00
-1.0652523041e+00
1.0558801144e-01
4.2616993189e-01
7.9493337870e-01
-2.0320773125e+00
-4.4410557747e+00
-4.4412479401e+00
1.7555062771e+00
-7.7550661564e-01
2.0484530926e+00
1.7363643646e+00
8.8634121418e-01
6.9945973158e-01
3.2333523035e-01
-1.9308339059e-01
-7.3502546549e-01
1.3172550499e-01
6.0382165909e+00
4.1870274544e+00
2.7679297924e+00
1.6899371147e+00
3.2389972210e+00
2.7540552616e-01
1.2049467564e+00
2.7673332691e+00
-3.6323301792e+00
-2.5324161053e+00
1.1881047487e+00
-2.6957634091e-01
-2.1877758503e+00
-3.9161565900e-01
4.9588265419e+00
7.4685120583e+00
-1.4376676083e+00
-1.0078569651e+00
1.6121826172e+00
2.2849822044e+00
3.3073461056e+00
1.0549410582e+00
8.0634492636e-01
1.9100985527e+00
-6.8672698736e-01
-1.7239068747e+00
-1.9972478151e+00
-1.3636636734e+00
1.1066712141e+00
6.3127136230e-01
6.1839854717e-01
-1.4190635681e+00
-1.5227913857e-01
-1.6610017419e-01
3.0958642960e+00
1.3911176920e+00
2.1528655291e-01
-1.6155434847e+00
-4.9437993765e-01
-1.0835109949e+00
6.5918773413e-01
1.1287158728e+00
-1.1889365911e+00
-2.2806923091e-01
2.3228056431e+00
4.9909475446e-01
-4.7586682439e-01
6.1024057865e-01
-1.2303791046e+00
1.6471238136e+00
2.3532381058e+00
1.2817447186e+00
2.5442427397e-01
1.0200960636e+00
-1.5770207644e+00
-1.5252414942e+00
-3.3393743038e+00
-1.5897637606e+00
-4.4272785187e+00
-8.5619413853e-01
9.9076849222e-01
-6.6803753376e-01
-4.0642504692e+00
-1.8475154638e+00
5.8078017235e+00
1.0828450918e+00
-1.2086042166e+00
-1.1554478407e+00
2.7340433002e-01
-1.6482535601e+00
3.2510108948e+00
-2.4171335697e+00
-1.5073159933e+00
-2.5554206967e-01
2.6203439236e+00
-1.8888261318e+00
2.5056824684e+00
1.2426087856e+00
1.8539315462e+00
2.3310556412e+00
3.5051521659e-01
4.9482825398e-01
-2.9849569798e+00
-1.7654348612e+00
-3.1412065029e+00
-3.5359969139e+00
6.5199315548e-01
-2.5575244427e-01
-1.0459568501e+00
-4.5763611794e+00
-2.3397905827e+00
-3.2025957108e+00
5.8489954472e-01
-5.7410085201e-01
3.6960029602e-01
-5.4313945770e-01
3.4758710861e-01
-6.8833047152e-01
-1.3161571026e+00
-1.3118475676e+00
1.2814711332e+00
-1.0028833896e-01
6.2435406446e-01
1.1880262196e-01
9.7517794371e-01
-4.4616410136e-01
6.2377308495e-03
1.0143125057e+00
4.7539887428e+00
5.5919685364e+00
-7.5235456228e-01
-3.2152536511e-01
-9.3730592728e-01
-2.8078899384e+00
8.3414800465e-02
3.6623033881e-01
-2.9286530018e+00
-3.6183025837e+00
5.9013289213e-01
-8.9446347952e-01
1.4704500437e+00
3.0946097374e+00
3.2424214482e-01
1.3198651075e+00
1.8705263138e+00
1.2771482468e+00
-3.2577879429e+00
-2.6594362259e+00
1.0435951501e-01
6.7378096282e-02
1.0176854581e-01
3.8610658050e-01
-5.5068147182e-01
-7.6163005829e-01
-5.4505395889e-01
-3.1447404623e-01
-8.7437886000e-01
-1.0124328136e+00
-1.7126948833e+00
-1.1701508760e+00
1.4064559937e+00
2.1251454353e+00
2.9376173019e-01
-1.6240657866e-01
-4.2350268364e-01
-9.4181180000e-02
-9.5120030642e-01
-1.1482887268e+00
3.1230654716e+00
8.4835920334e+00
8.5380738974e-01
5.3304010630e-01
-7.1778178215e-01
5.6387090683e-01
-8.6581575871e-01
-1.3890514374e+00
-5.2352637053e-02
6.1657734215e-02
1.6420486569e-01
-1.8505057096e+00
-3.1443983316e-01
-1.0696611404e+00
-7.6042556763e-01
-1.4556643963e+00
-6.2139683962e-01
-2.7644041926e-02
-9.1031044722e-01
-3.4366786480e-01
-2.9299178720e-01
-1.2089457512e+00
-1.2485880852e+00
-1.4134384394e+00
9.6064686775e-01
6.2962317467e-01
1.0964591503e+00
1.2033199072e+00
1.0526262969e-01
-6.5289303660e-02
-1.0084877014e+00
-6.0859036446e-01
4.5280712843e-01
1.9582247734e+00
2.6504132152e-01
-6.0040187836e-01
1.8073235452e-01
-5.7808262110e-01
-5.1341390610e-01
2.7202618122e-01
5.4311782122e-02
-7.8903400898e-01
-2.8686502576e-01
-1.1303803325e-01
1.2562628835e-02
1.4667695761e-01
1.5124315023e-01
-7.1372592449e-01
9.2340201139e-02
-7.6637625694e-01
7.3154324293e-01
2.1784138680e-01
2.0659400523e-01
-4.9871650338e-01
-2.9384956360e+00
-3.1603584290e+00
-4.7263985872e-01
8.7529051304e-01
-2.6294818521e-01
1.3348805904e-01
2.9194277525e-01
1.5799754858e+00
-1.4124671221e+00
-1.6079462767e+00
-4.3278047442e-01
-1.2725356817e+00
2.0048174858e+00
3.2616143227e+00
-8.2629764080e-01
-9.6398121119e-01
-2.3085887432e+00
-4.4788300991e-01
-1.5724843740e+00
-1.8350696564e+00
3.1032373905e+00
-6.2570087612e-02
1.9146873951e+00
2.9657423496e-01
1.2552180886e-01
-1.8649142981e+00
9.9344825745e-01
9.7863465548e-01
-5.3475742340e+00
-2.0514061451e+00
4.9367350340e-01
-3.7405368686e-01
2.5145018101e-01
1.9487851858e+00
-8.7767106295e-01
1.1378304958e+00
-3.0186474323e+00
-6.6678035259e-01
-1.9230571985e+00
-1.1916441470e-01
3.6844756603e+00
1.5838959217e+00
-1.3467279673e+00
-1.3142056465e+00
2.4621057510e+00
5.0941479206e-01
5.8027422428e-01
1.4071849585e+00
4.2829694748e+00
3.3680429459e+00
-1.1521956921e+00
3.2138839364e-01
1.2934365869e-01
4.5969256759e-01
4.8823761940e+00
2.4360494614e+00
2.6983439922e+00
1.9377002716e+00
6.9803750515e-01
-1.2049822807e+00
-3.6768424511e+00
1.5477812290e-01
-3.4311928749e+00
-1.8964009285e+00
-6.3750314713e-01
4.0220725536e-01
3.0171375275e+00
7.5752943754e-01
2.2839312553e+00
4.9191136360e+00
-3.5389201641e+00
-1.3169521093e+00
-4.0377483368e+00
6.6904500127e-02
5.4953968525e-01
2.0149347782e+00
6.6200047731e-01
1.4612509012e+00
-2.3214962482e+00
-1.1499480009e+00
-3.4043235779e+00
-1.4857746363e+00
-2.1339550018e+00
6.9083368778e-01
-8.1312537193e-01
-1.2262556553e+00
3.5523369908e-01
5.8142560720e-01
1.1057152748e+00
-6.1542010307e-01
-5.2567392588e-01
-5.3794926405e-01
-1.7302635908e+00
-1.5076305866e+00
-6.3986510038e-01
-3.4155827761e-01
-4.7780623436e+00
-1.7954441309e+00
3.9395143986e+00
1.7324931920e-01
1.2807439566e+00
1.3097970486e+00
-3.3210074902e-01
-1.0353455544e+00
-1.1378121376e+00
-1.5263971090e+00
1.3844333887e+00
5.6005609035e-01
-8.3032554388e-01
-1.3992685080e+00
-9.0509426594e-01
-1.1173535585e+00
1.5424377918e+00
9.4012826681e-01
4.5539164543e-01
-1.4717422724e+00
-1.3489899635e+00
-1.6756087542e+00
6.3415331841e+00
1.5455462933e+00
-5.4505538940e+00
-3.1678602695e+00
-2.5173053741e+00
-2.5728983879e+00
-4.6791869402e-01
-5.2706831694e-01
-2.9142160416e+00
-5.6546574831e-01
-2.4046158791e+00
-1.2370626926e+00
-1.2752428055e+00
-4.8849296570e-01
2.7832219601e+00
3.4959226847e-01
5.6538808346e-01
5.6264042854e-01
-4.1698932648e+00
-2.1596992016e+00
-5.4222803116e+00
-3.0653786659e+00
-1.0473493338e+00
-1.6524072886e+00
-2.9526052475e+00
-1.7341427803e+00
-3.2829413414e+00
-1.8164632320e+00
-1.2711089849e+00
-9.4642198086e-01
-1.2017772198e+00
-1.7909218073e+00
3.0580529571e-01
4.9146842957e-01
-1.8499326706e+00
-1.7959387302e+00
1.2470576763e+00
1.5612046421e-01
1.0729281902e+00
1.0775340796e+00
-1.1129941940e+00
-4.9057418108e-01
-6.7290222645e-01
-2.1308305860e-01
-3.6663141251e+00
-3.6438248158e+00
-1.9470046759e+00
-2.6080508232e+00
4.0008920431e-01
3.6841809750e-01
-7.5025612116e-01
-6.6185444593e-01
2.2236366272e+00
2.2882337570e+00
-1.6790226698e+00
-7.7175682783e-01
5.1644814014e-01
5.3306573629e-01
-7.1681672335e-01
-1.1856383085e+00
-1.6339825392e+00
-1.6623638868e+00
1.1882711649e+00
1.6147122383e+00
1.3619874716e+00
1.4085240364e+00
7.4204838276e-01
8.2772737741e-01
-5.8370333910e-01
-1.3570685387e+00
2.2192139626e+00
1.0639657974e+00
-1.4941116571e+00
-1.2532334328e+00
3.0366911888e+00
1.4864985943e+00
1.6084634066e+00
-1.3126650453e-01
-1.2698556185e+00
-1.7975904942e+00
-1.1389243603e+00
-1.3456233740e+00
1.2387561798e+00
7.9105544090e-01
-4.0507411957e+00
-3.9369516373e+00
1.6571804285e+00
1.3608798981e+00
8.4010428190e-01
4.6375814825e-02
-2.5886108875e+00
-2.5583572388e+00
-1.5541050434e+00
-2.2870929241e+00
4.2385441065e-01
1.3250735402e-01
-2.0460789204e+00
-1.3284825087e+00
6.9606000185e-01
6.0246342421e-01
2.6650192738e+00
3.1762309074e+00
1.0735005140e+00
-7.2259825468e-01
-5.9512168169e-01
-2.3510883749e-01
-1.5687185526e+00
-1.7187442780e+00
5.7363516092e-01
1.1817761660e+00
3.3300192356e+00
2.1381890774e+00
-2.6260616779e+00
-2.8169562817e+00
-1.6479383707e+00
-1.4173030853e+00
1.3862740993e+00
-1.3015532494e-01
1.6011193991e+00
1.0612133741e+00
-2.5899577141e+00
-3.1096880436e+00
1.3331838846e+00
9.7595620155e-01
-3.2300642133e-01
-3.4357234836e-01
-1.2328774929e+00
-1.8184216022e+00
3.7857833505e-01
9.7279614210e-01
-6.2204700708e-01
-7.0699930191e-02
1.8691279888e+00
3.5671144724e-01
-3.7309360504e+00
-1.7888836861e+00
-3.0683648586e+00
-1.5480897427e+00
2.3612846434e-01
1.1798597574e+00
1.9842159748e+00
2.9610426426e+00
2.9588298798e+00
1.2896213531e+00
7.0939064026e-01
8.8027954102e-01
-1.1505316496e+00
-8.3914703131e-01
-9.5980143547e-01
-5.2335053682e-01
2.3439028263e+00
-3.8530471921e-01
4.9725514650e-01
1.4058924913e+00
2.9449851513e+00
2.8176233768e+00
1.0666024685e+00
6.3144981861e-01
-9.2156338692e-01
2.0886784792e-01
6.2560021877e-01
-5.8071982861e-01
5.6908191182e-03
-8.8516563177e-01
-3.3351469040e-01
5.6726656854e-02
3.1518411636e-01
-1.6244041920e-01
8.0422592163e-01
-7.3609930277e-01
5.9529650211e-01
4.0295255184e-01
7.3738729954e-01
-4.3648779392e-02
7.6343351603e-01
-7.9581314325e-01
1.9605413079e-01
4.0759328008e-01
-6.0851514339e-01
8.6697775126e-01
-1.1135621071e+00
-7.4003344774e-01
3.5566127300e-01
1.1418049335e+00
2.0598227978e+00
5.7533514500e-01
-6.7901916802e-02
1.6248902678e-01
1.1479173899e+00
3.6623978615e-01
-5.2025669813e-01
-3.3686175346e+00
2.4247106910e-01
8.8900667429e-01
9.2137956619e-01
-1.2266502380e+00
-9.0169203281e-01
-6.7722445726e-01
-4.5006129146e-01
-7.0180326700e-01
-7.1666687727e-02
-5.2844107151e-01
-6.9306421280e-01
-6.6035121679e-01
-1.4544433355e+00
-9.0833924711e-02
-4.9437582493e-01
-9.3734659255e-02
-5.7081466913e-01
7.3226489127e-02
-3.1983119249e-01
-1.9376754761e-01
1.0287442207e+00
4.3809571862e-01
-1.1566781998e-01
1.8746167421e-01
6.0143768787e-01
-9.2794489861e-01
1.4657586813e+00
-3.8810685277e-01
6.9564616680e-01
-6.2396657467e-01
6.1449426413e-01
-3.8653472066e-01
-5.9169101715e-01
1.1374542713e+00
-9.8940265179e-01
7.5854897499e-01
-7.2308015823e-01
-1.2901102304e+00
6.4154070616e-01
-1.4079338312e-01
-1.2981609106e+00
-1.3987272978e+00
1.2163218260e+00
4.9106809497e-01
-1.0410395861e+00
4.6285349131e-01
-4.7523048520e-01
5.6537938118e-01
2.9842135310e-01
4.3003088236e-01
-1.6408289671e+00
-3.0090432614e-02
5.4608952999e-01
-5.1871728897e-01
3.2709521055e-01
1.2632243633e+00
-7.6262736320e-01
1.1639829874e+00
-1.7849255800e+00
-3.6103633046e-01
-9.2512160540e-01
-2.0771810412e-01
-1.4125618935e+00
-4.7187754512e-01
4.6551901102e-01
8.5629296303e-01
-8.9962238073e-01
-1.5674164891e-01
-1.9211097956e+00
-7.5513654947e-01
1.4955414534e+00
5.9779876471e-01
5.6178551912e-01
4.2451524734e-01
-1.0935776234e+00
-9.9724024534e-01
7.6240688562e-01
-5.0855624676e-01
-1.8067599535e+00
-1.1088204384e+00
3.9599961042e-01
1.6441524029e+00
1.0607232898e-01
-3.0881249905e-01
4.2187714577e-01
-4.7868415713e-02
-7.8589320183e-01
1.8740959466e-01
3.6232924461e-01
-3.9059501886e-01
-1.1856484413e+00
-7.3166847229e-01
-5.1856160164e-01
-2.0260971785e-01
1.0907862186e+00
9.2529702187e-01
3.1805112958e-01
-2.3843298852e-01
-1.2597021647e-02
3.8539126515e-02
6.5641582012e-01
6.8395316601e-01
3.8905254006e-01
-5.1676728763e-03
5.5938553810e-01
2.0816953480e-01
-9.7212404013e-01
-6.9486367702e-01
1.8346889019e+00
1.9620972872e+00
-2.6843637228e-01
2.4894292653e-01
3.7558850646e-01
-7.7377301641e-03
3.3198092133e-02
-3.5608899593e-01
-3.7077250481e+00
-2.8406839371e+00
1.7277550697e-01
-2.0155273378e-01
3.5229757428e-01
8.2145255804e-01
-1.3854534924e-01
-6.7900073528e-01
8.4908956289e-01
6.0966670513e-01
-1.1543534994e+00
-7.1168297529e-01
4.1570734978e-01
2.0890934765e-01
-6.0263144970e-01
-7.8992426395e-01
6.1815631390e-01
6.2261795998e-01
-3.2748460770e-01
-2.8269981965e-02
-4.6034744382e-01
1.2974342704e-01
-1.9267444611e+00
-1.7208787203e+00
2.7397930622e-01
7.2202396393e-01
-1.9513182342e-01
-3.9837491512e-01
-1.9425909966e-02
-3.4661177546e-02
7.0822104812e-02
1.7865599692e-01
2.1707291603e+00
1.9181674719e+00
-9.1345384717e-02
1.9352282584e-01
-2.0900246501e-01
3.5219594836e-01
3.0040208250e-02
3.2963791490e-01
4.7957810760e-01
-1.0641361773e-01
1.7802447081e-02
8.6218816042e-01
-2.4370227754e-01
-6.8384063244e-01
9.5062136650e-01
2.3063637316e-01
-9.4128590822e-01
-2.0329123735e-01
5.8595800400e-01
-2.3439985234e-03
4.9052557349e-01
-2.9403281212e-01
4.1529946029e-02
-2.9542967677e-01
9.6227252483e-01
6.3243210316e-01
-1.7636886239e-01
-5.0367784500e-01
-8.4419380873e-03
3.4904050827e-01
-9.9126650020e-03
4.5108210295e-02
7.3477715254e-02
1.7795053124e-01
3.7344190478e-01
1.1434098482e+00
-2.4280877784e-02
-2.3273803294e-01
-1.5135910511e+00
-1.3327552080e+00
4.5469933748e-01
-1.3041101396e-01
-3.9345496893e-01
-5.3554874659e-01
-6.0140937567e-01
-4.4389274716e-01
-9.0953421593e-01
-2.8896608949e-01
-2.5893574953e-01
-8.9349173009e-02
-2.2611722350e-01
1.4115762897e-02
-5.9831231833e-01
-4.9920758605e-01
-1.6594159603e+00
-2.1599183083e+00
6.9925826788e-01
7.1108245850e-01
2.6200810075e-01
5.6951749325e-01
3.9611518383e-02
-6.4335411787e-01
-1.8756063655e-02
1.1314384639e-01
-2.1765026450e-01
1.1388336867e-01
-2.7734214067e-01
-1.2216399610e-01
-3.8471838832e-01
-1.0162764788e+00
-2.1088650227e+00
-1.7482297421e+00
-7.7089154720e-01
-9.3365305662e-01
2.5178523064e+00
4.9835767597e-02
1.5095638037e+00
8.3890902996e-01
-2.1491322517e+00
-2.1247768402e+00
3.8040125370e-01
2.0616538525e+00
-2.6607735157e+00
-4.4096183777e-01
-7.7568739653e-01
-1.5553061962e+00
2.3224771023e-01
2.6108768582e-01
1.3315762281e+00
1.4828734398e+00
-1.9371021986e+00
-1.3559397459e+00
-2.4706656933e+00
-5.4914379120e-01
1.8685323000e+00
-1.5741478205e+00
-2.9831240177e+00
-1.9885612726e+00
2.1998558044e+00
-9.8947435617e-01
1.3439773321e+00
1.2937897444e+00
2.7554495335e+00
9.2462968826e-01
7.1811515093e-01
1.0212055445e+00
-4.9986383319e-01
2.6807767153e-01
5.9398312569e+00
2.1296551228e+00
1.3623942137e+00
7.2122049332e-01
2.6254563332e+00
-2.4899539351e-01
-3.1512610912e+00
-6.7332333326e-01
-2.3915596008e+00
-1.4674941301e+00
7.9609364271e-01
-1.6067495942e-01
-7.1931439638e-01
7.6256924868e-01
6.7739605904e+00
8.2649145126e+00
-2.5673849583e+00
-1.5778381824e+00
-3.0384402722e-02
1.3604149818e+00
3.1000938416e+00
1.9444155693e+00
4.7129881382e-01
1.8035327196e+00
-1.6517676115e+00
-1.3415898085e+00
-1.6475306749e+00
-1.2252135277e+00
-7.3708973825e-02
8.8859087229e-01
1.8698766828e-01
-7.3480850458e-01
1.4623442888e+00
1.4675359726e+00
2.3042411804e+00
4.7035625577e-01
4.4560068846e-01
-8.8487136364e-01
-8.5852164030e-01
-7.2853511572e-01
-6.4337414503e-01
-6.6465683281e-02
-2.6132318974e+00
1.8772260519e-03
2.2679586411e+00
-1.0146743804e-01
-5.5293208361e-01
1.5610201657e-01
2.1112642288e+00
1.0686800480e+00
2.2251656055e+00
1.9251044095e-01
2.6292353868e-01
-9.0567082167e-02
-2.2489323616e+00
-1.0825777054e+00
-1.7981404066e+00
-1.3420325518e+00
-1.8458368778e+00
-3.0858150125e-01
6.9755518436e-01
-1.2600304186e-01
-3.3153271675e+00
-7.0632284880e-01
6.9670877457e+00
6.7358797789e-01
-5.5273685455e+00
-3.9598445892e+00
-1.8683757782e+00
-2.1299598217e+00
1.1459558010e+00
-1.1504667997e+00
-1.3071794510e+00
3.7626647390e-03
1.4536591768e+00
-1.6754986048e+00
5.7692581415e-01
9.6928763390e-01
2.8009071350e+00
1.2331509590e+00
7.5469326973e-01
2.7801579237e-01
-2.5053362846e+00
-1.2154899836e+00
-4.4344725609e+00
-3.0659542084e+00
-1.5685508251e+00
-1.3285411596e+00
-4.5177569389e+00
-6.1302790642e+00
-1.6293628216e+00
-1.8789721727e+00
4.1358742714e+00
3.2505699992e-01
-1.2459582090e+00
-4.5751795769e+00
1.4785903692e+00
1.4993435144e+00
3.9877378941e-01
9.4095058739e-02
-8.8857537508e-01
9.8059792072e-03
1.4658649266e-01
1.7674467564e+00
1.3576340675e+00
-1.3855705261e+00
9.5816707611e-01
-1.0724707693e-01
-2.3165944219e-01
-9.1761511564e-01
2.6927154064e+00
8.3408826590e-01
-1.5279229879e+00
3.8104847074e-01
1.8192745745e-01
2.2426463664e-01
-1.5762694180e-01
3.6195725203e-01
1.7053791285e+00
-1.1934558153e+00
8.9229261875e-01
2.7575802803e+00
5.4033130407e-01
-2.1780982018e+00
2.8732504845e+00
-8.3108894527e-02
-4.8325604200e-01
-4.0553894043e+00
7.1841025352e-01
-4.7857004404e-01
-5.6378692389e-01
-2.4908409119e+00
-8.0627983809e-01
-1.4908734560e+00
2.0976450443e+00
7.1949714422e-01
8.5012400150e-01
-2.0629823208e-01
-3.3297076821e-01
7.8301560879e-01
-9.6588367224e-01
1.0103741884e+00
-3.0116635561e-01
-1.1214503050e+00
-1.6624218225e+00
9.5873165131e-01
2.4672517776e+00
3.2511878014e-01
-2.6636356115e-01
-5.9851169586e-01
-2.9568272829e-01
4.3085932732e-01
1.0366172791e+00
-3.7773141861e+00
2.1907866001e+00
1.4743378758e-01
2.9435837269e+00
6.9962894917e-01
1.2623063326e+00
-2.4277923107e+00
-2.6159265041e+00
-2.1687138826e-02
-2.3939623833e+00
-5.1959093660e-02
4.4327531010e-02
-5.3706628084e-01
6.0615336895e-01
9.1855865717e-01
-5.0544323921e+00
-2.7924721241e+00
4.4142517447e-01
2.4284595251e-01
-4.6909481287e-02
-2.2397630215e+00
-9.2258173227e-01
8.8048052788e-01
1.2556838989e+00
2.1970818043e+00
-6.9508165121e-01
1.4190961123e+00
-1.0097709894e+00
-1.8398359418e-01
-2.6306622028e+00
2.3196325302e+00
-4.1198256612e-01
2.7837896347e+00
-7.3162871599e-01
-1.0113962889e+00
-3.5692486763e+00
-1.0367759466e+00
3.4519922733e-01
8.4000456333e-01
-5.7866966724e-01
1.1648257971e+00
-4.4153361320e+00
-1.0523461103e+00
2.5162422657e-01
-7.4324250221e-01
1.8704582453e+00
-2.8846392632e+00
3.6039676666e+00
-5.8489447832e-01
-3.5980116576e-02
-1.2947773933e+00
7.0325702429e-02
9.1989368200e-01
-4.1627871990e-01
7.5632143021e-01
1.5325491428e+00
4.4264822006e+00
3.5612991452e-01
-4.7966384888e-01
-8.3646005392e-01
-2.3337976635e-01
-1.8069837093e+00
2.6248989105e+00
1.6681964695e-01
2.9204204679e-01
-8.6184757948e-01
6.5997332335e-01
3.4079816341e+00
2.3662390709e+00
-2.1508296952e-02
-1.8877526522e+00
-3.2394897938e-01
1.1736992598e+00
-5.8396980166e-03
-1.1502106488e-01
-1.2658931017e+00
4.0078273416e-01
-8.1928509474e-01
1.4263842106e+00
5.0660622120e-01
1.8386744261e+00
-1.1968222857e+00
-1.2090148926e+00
-7.4242502451e-01
-1.1111183167e+00
2.5146907568e-01
4.1713418961e+00
1.8321226537e-01
-4.4454388618e+00
-7.6598769426e-01
-4.7541061044e-01
4.9490258098e-01
1.0192451477e+00
3.3080046177e+00
1.4641290903e+00
2.9510965943e-01
2.6583352089e+00
7.8898561001e-01
-9.3250024319e-01
-5.1562738419e-01
1.6488062143e+00
4.0604937077e-01
-1.1521807909e+00
2.0189533234e+00
9.9837225676e-01
-1.5473221540e+00
-5.8370596170e-01
2.1296577454e+00
9.2276257277e-01
6.6711288691e-01
8.2498639822e-01
-2.5918486714e-01
7.3393821716e-02
-8.7737101316e-01
-4.3446004391e-01
1.8891791105e+00
7.3961913586e-01
6.6863608360e-01
-4.9808595330e-02
-1.1222108603e+00
-7.2305285931e-01
1.7596870661e-01
1.1983600855e+00
-2.4179063737e-01
-1.1884375811e+00
2.4227014184e-01
6.9404417276e-01
-4.0877500176e-01
-2.6783874631e-01
5.5420017242e-01
2.6506037712e+00
-4.9808034301e-01
2.1909260750e+00
-7.5227326155e-01
-9.7529798746e-01
1.5936900377e+00
-1.6517621279e+00
-1.5596433878e+00
-1.2894448042e+00
-2.6169744134e-01
-1.6664050817e+00
-7.3352974653e-01
2.8307871819e+00
-1.7680079937e+00
-4.3204708099e+00
-2.0445420742e+00
1.8872236013e+00
9.5493888855e-01
-1.6915581226e+00
1.4085584879e+00
-6.2412160635e-01
4.5144018531e-01
1.0471614599e+00
-4.2818179131e+00
-1.6370128393e+00
-3.0914011002e+00
-1.2470091134e-01
2.3687089980e-01
-2.1906497478e+00
-2.4700565636e-01
-2.1228596568e-01
-1.7424664497e+00
-2.3550744355e-01
-3.3902058601e+00
-4.3791685104e+00
1.4263972044e+00
-9.0046352148e-01
-6.9759225845e-01
-8.3248126507e-01
-2.8447241783e+00
-2.4344539642e+00
-7.9770505428e-01
2.7692091465e-01
1.0742532462e-01
3.4267953038e-01
1.7914830446e+00
1.9977109432e+00
-1.7064080238e+00
-2.3653068542e+00
-2.3712369800e-01
-2.0273794234e-01
1.4283585548e+00
-2.3517021537e-01
4.1761481762e-01
4.4447186589e-01
-8.5576397181e-01
-2.1989867091e-01
-2.2633683681e+00
-1.0609408617e+00
-9.8453056812e-01
-1.0721157789e+00
-1.2829625607e+00
-6.1308169365e-01
-2.5948517323e+00
1.3059120178e+00
8.8666260242e-01
1.3137389421e+00
-1.4443192482e+00
9.3285453320e-01
1.6409329176e+00
1.1013709307e+00
-1.1403172463e-01
1.9411668181e-01
1.4026161283e-02
-6.0839110613e-01
1.8000323772e+00
9.9093252420e-01
4.6984598041e-01
5.0163727999e-01
1.3634890318e+00
1.0607068539e+00
7.9929009080e-02
-1.2052657604e+00
4.9646866322e-01
-6.9028061628e-01
1.4837762117e+00
6.3031750917e-01
-4.1398054361e-01
1.6101855040e+00
2.2443068027e+00
2.2828762531e+00
-3.5173509121e+00
-3.9676699638e+00
-7.1009254456e-01
-1.1225262880e+00
-7.6511806250e-01
1.3292038441e+00
2.6294410229e-01
-8.9041250944e-01
-1.4305135012e+00
-2.8987279534e-01
-1.2638318539e+00
-1.4003803730e+00
9.2351174355e-01
5.1139364243e+00
1.7143166065e+00
1.9347374439e+00
2.1087064743e+00
1.0021954775e+00
6.4488846064e-01
2.7941054106e-01
4.1369018555e+00
3.4107115269e+00
-2.2018759251e+00
-2.6978430748e+00
-2.2382290363e+00
-1.7834186554e+00
7.0756655931e-01
6.1781620979e-01
2.0580325127e+00
1.6080467701e+00
-1.0841262341e+00
-2.4730365276e+00
-1.3763113022e+00
-1.0346345901e+00
6.0376119614e-01
-1.6818098724e-01
3.2554206252e-01
-1.6234047711e-01
7.1541059017e-01
5.3108942509e-01
1.0991945267e+00
2.0992114544e+00
-2.2637212276e+00
-4.1725063324e+00
-6.7332673073e-01
4.3290406466e-01
-2.4715483189e-01
-4.2294818908e-02
1.7284903526e+00
5.2292233706e-01
1.5758171082e+00
1.4604443312e+00
-4.6026995778e-01
-2.3483946323e+00
-1.9264123440e+00
-1.2057287693e+00
6.2493413687e-01
3.0733532906e+00
5.4495775700e-01
-2.2132613659e+00
-1.4406362176e-01
2.1594807506e-01
8.7243258953e-01
-2.0673688501e-02
-3.9966400713e-02
1.1318206787e+00
7.7743983269e-01
1.3205757737e-01
1.9873546362e+00
1.7822490931e+00
-9.7357767820e-01
3.7699207664e-01
1.3910712302e-01
1.1049635410e+00
-1.5203820169e-01
2.7117699385e-01
3.0828082561e+00
2.3071224689e+00
7.0690888166e-01
7.4912101030e-01
-4.6322256327e-01
-1.0246386528e+00
-4.3319743872e-01
-2.9657607079e+00
1.0474436283e+00
1.5047774315e+00
-3.7043172121e-01
4.4944223762e-01
-1.7027081251e+00
5.3126174212e-01
9.5720827579e-01
1.9408525527e-01
1.0371674299e+00
1.1825557947e+00
1.5528936386e+00
1.5785440207e+00
9.6481305361e-01
6.9638836384e-01
3.4857411385e+00
1.4994280338e+00
6.3384509087e-01
-2.4282768369e-01
-4.3199629784e+00
-3.6542894840e+00
1.1873238087e+00
2.6711189747e+00
2.2918691635e+00
2.2927062511e+00
-1.3587874174e+00
-1.0772500038e+00
1.9490005970e+00
6.7549794912e-01
-6.5316408873e-01
8.6750715971e-01
-2.2863605618e-01
-9.8493081331e-01
2.8350324631e+00
2.0895431042e+00
-3.0932924747e+00
-3.3857536316e+00
-2.6738116741e+00
-4.6424099803e-01
-1.5445456505e+00
-1.3035596609e+00
-2.6784636974e+00
-1.9847476482e+00
-1.0295141935e+00
-7.6725542545e-01
1.5787062645e+00
2.3193891048e+00
1.7651773691e+00
1.5413930416e+00
1.5459207296e+00
9.5263028145e-01
8.1811583042e-01
1.3022265434e+00
1.0475392342e+00
-2.0999644697e-01
4.6248283386e+00
3.1476912498e+00
8.4634327888e-01
2.0906724930e+00
2.5654506683e+00
2.6664721966e+00
-1.0621529818e-01
-4.6121619642e-02
-2.6404199600e+00
-2.9997556210e+00
6.4860191345e+00
3.8675770760e+00
2.1504023075e+00
1.7477456331e+00
-8.2345980406e-01
2.4320663512e-01
-3.7255928516e+00
-2.4370923042e+00
2.1169340611e+00
1.0194327831e+00
-2.2705383301e+00
-2.4075617790e+00
1.4093376398e+00
9.0691804886e-01
7.8600209951e-01
-1.8376754522e+00
-2.8539795876e+00
-1.0473250151e+00
-2.6736836433e+00
1.9268065691e-02
-1.4184607267e+00
8.7220892310e-02
-1.7800323665e-01
-3.1794041395e-01
4.9827545881e-01
6.6811341047e-01
-1.3268934488e+00
3.4791696072e-01
3.3703868389e+00
2.8487992287e+00
-1.5553023815e+00
-1.4844051600e+00
-2.2331833839e+00
-1.3205490112e+00
5.1889079809e-01
1.8865492344e+00
6.7436714172e+00
5.2786664963e+00
-4.6310055256e-01
4.4589753151e+00
-8.8866055012e-01
-5.6336903572e-01
-1.3889239728e-01
-1.3382218778e-01
-4.8843083382e+00
-4.9392414093e+00
-9.9437326193e-01
-7.3984688520e-01
7.3529183865e-01
2.1192352474e-01
9.9310350418e-01
7.4531418085e-01
-5.2246503830e+00
-3.4608206749e+00
3.1496623158e-01
1.1997916698e+00
-7.2841423750e-01
-6.4324671030e-01
1.3410909176e+00
1.5513988733e+00
-3.1052136421e+00
-7.0628827810e-01
-1.3757849932e+00
5.2798277140e-01
-5.9182566404e-01
1.5864005089e+00
1.1760861874e+00
1.2417216301e+00
-6.3275855780e-01
9.5820921659e-01
1.2881979942e+00
7.4267411232e-01
-2.2192854881e+00
-1.4803209305e+00
-1.3228168488e+00
-1.6147887707e+00
1.5556237698e+00
-1.8308674097e+00
7.6524710655e-01
5.4926550388e-01
1.5333701372e+00
1.5272665024e+00
-8.2166112959e-02
-8.1714850664e-01
-1.6566097736e+00
-1.8363819122e+00
2.9525753856e-01
2.1706419066e-02
-9.8565787077e-01
-1.2091865540e+00
3.1991168857e-01
9.7996717691e-01
-3.4534507990e-01
-5.0742244720e-01
6.4000052214e-01
1.3218843937e+00
7.4525102973e-02
2.7233403921e-01
1.4982414246e+00
1.4862366915e+00
-1.4253836870e+00
-4.1130280495e-01
-1.0881661624e-01
4.2747673392e-01
6.4619034529e-01
6.7102633417e-02
-2.1016783714e+00
-2.3758478165e+00
3.3560028672e-01
3.3972084522e-01
6.3266658783e-01
2.1200654507e+00
-1.5257043839e+00
-2.3229520321e+00
-6.9353431463e-01
1.0136134624e+00
-8.4548294544e-01
-1.6161333323e+00
4.8683422804e-01
4.7127091885e-01
-1.6958992183e-01
5.0133860111e-01
-6.1075305939e-01
-7.3641580343e-01
4.0375119448e-01
1.2183521986e+00
-8.0255961418e-01
-7.3934936523e-01
8.8190960884e-01
8.2536983490e-01
8.6586415768e-01
4.6386113763e-01
3.5645088553e-01
-8.1120908260e-02
-8.8947266340e-01
5.5296367407e-01
-6.8583458662e-02
1.0250028968e-01
2.0264778137e+00
2.2241623402e+00
1.0821182728e+00
1.1784226894e+00
-1.2664422989e+00
-2.5345504284e-02
-3.9151000977e-01
-2.3920322955e-01
-1.2683588266e+00
1.5105694532e-01
-1.0398049355e+00
-3.5882955790e-01
5.6006222963e-01
-7.9231756926e-01
3.4399361610e+00
2.4979445934e+00
2.0662179589e-01
1.9133359194e+00
1.9408319145e-02
-3.9151820540e-01
-8.7597288191e-02
-2.6420971751e-01
5.1443797350e-01
-2.5674864650e-01
3.8771894574e-01
1.3875547647e+00
1.3715491295e+00
2.1189405918e+00
-2.3351011276e+00
-1.5712921619e+00
-3.3739662170e+00
-3.0198938847e+00
6.9975942373e-01
1.4014810324e+00
1.3463494778e+00
4.7820198536e-01
-1.8125383854e+00
-2.7847969532e+00
-1.9479689598e+00
-3.0527973175e+00
-5.1776027679e-01
1.0369779915e-01
-1.9121679068e+00
-2.8864548206e+00
1.4708302915e-01
5.6147336960e-01
-2.5772850513e+00
-1.4825052023e+00
5.8855336159e-02
1.4011973143e+00
-1.8261528015e+00
6.2322944403e-02
-1.9219245911e+00
-1.1588026285e+00
-1.5564380884e+00
-1.2893519402e+00
1.5133057833e+00
1.2830177546e+00
2.9363324642e+00
1.6342270374e+00
-3.5892572999e-01
-2.9793781042e-01
-5.9377306700e-01
-8.0991488695e-01
-8.5468196869e-01
-4.3892237544e-01
-2.2866354883e-01
2.0622203350e+00
-1.0722792149e+00
-1.7267354727e+00
-3.2276049256e-01
5.2180415392e-01
1.6970800161e+00
-7.8525471687e-01
1.3282787800e+00
-2.4001979828e+00
1.4399112463e+00
1.5592734814e+00
-1.1799112558e+00
-1.1224737167e+00
-1.5948545933e+00
-1.6539406776e+00
-9.8142451048e-01
2.1614241600e-01
3.2515156269e+00
1.6943945885e+00
1.5348156691e+00
2.0466291904e+00
-4.9087968469e-01
-5.8529978991e-01
2.9518108368e+00
1.3274273872e+00
4.0653884411e-01
1.1632785797e+00
2.0088329315e+00
-3.1555062532e-01
-8.7208968401e-01
6.0617417097e-01
3.5814337730e+00
1.2498008013e+00
9.3942332268e-01
2.0660653114e+00
8.3417576551e-01
-7.3127293587e-01
2.7894415855e+00
1.7450596094e+00
-4.5651680231e-01
-2.8211810589e+00
2.2303465009e-01
6.1927092075e-01
-7.9501187429e-03
-1.6978615522e+00
2.8232982755e-01
3.5693341494e-01
-2.6529869437e-01
-4.7882947326e-01
-3.4652268887e-01
-1.5889538825e-01
3.7215900421e-01
1.6425006390e+00
1.3160634041e+00
6.5179026127e-01
-2.9404088855e-01
-8.2149904966e-01
-1.2650253773e+00
4.4669052958e-01
-9.0690207481e-01
1.2412484884e+00
-4.1552960873e-01
-3.6275807023e-01
-2.6044109464e-01
-7.4794262648e-02
7.2244691849e-01
-2.2140424252e+00
1.5315237045e+00
-1.6372129321e-01
1.1695128679e+00
-4.6816310287e-01
-1.0739037991e+00
-3.9516699314e+00
-7.5827461481e-01
5.6316065602e-03
-3.5288724899e+00
-2.4984061718e+00
-1.4225598574e+00
-1.6326017380e+00
8.8744682074e-01
7.1809047461e-01
-5.3326935768e+00
-2.3302006721e+00
1.8001741171e+00
2.0255534649e+00
-5.9064645320e-02
-2.7718853951e+00
4.3567019701e-01
1.6588196754e+00
4.7405272722e-01
4.6468961984e-02
-2.9902098179e+00
-1.6954154968e+00
-2.8955338001e+00
-1.1583274603e+00
-1.4911962748e+00
-3.5358810425e-01
-1.1842356920e+00
1.9332371950e+00
-1.1374154091e+00
-1.4211502075e+00
-3.0432250500e+00
-2.1701476574e+00
7.3003590107e-02
-2.2580962181e+00
-6.3136237860e-01
9.5482438803e-01
-6.8151803017e+00
-2.1354146004e+00
-4.4172301888e-01
-2.3114140332e-01
2.9498255253e+00
-1.6233099997e-01
3.9142951965e+00
2.0376796722e+00
-1.7027263641e+00
-1.6575088501e+00
-4.1872149706e-01
1.2238509953e-01
-1.5812187195e+00
-2.2902188301e+00
1.7611898482e-01
1.8012883663e+00
-7.6990461349e-01
-4.8493781686e-01
-3.2636556625e+00
-9.1760778427e-01
-2.0613014698e+00
8.6559867859e-01
-6.8999022245e-01
3.2142421603e-01
4.1799224913e-02
5.3840190172e-01
-1.4945979118e+00
-6.2881189585e-01
2.3883945942e+00
2.5798306465e+00
-2.6299148798e-01
-1.6112799058e-03
-7.1899062395e-01
-6.9669878483e-01
1.7634603977e+00
3.5299658775e-01
-1.8021824360e+00
-7.5237447023e-01
-2.8784361482e-01
6.9095849991e-01
-1.6988480091e+00
-1.3585519791e+00
-3.3928599358e+00
-2.5079116821e+00
-8.3285290003e-01
1.3254250288e+00
4.9151489139e-01
4.0830573440e-01
6.1839151382e-01
9.4854545593e-01
2.1804647446e+00
2.9177026749e+00
1.3172068596e+00
4.2905063629e+00
3.6343175173e-01
4.9348372221e-01
3.8857331872e-01
3.4632537514e-02
-1.1873281002e+00
-9.6093702316e-01
6.0426515341e-01
-4.2107582092e-01
2.3682224751e+00
1.5625100136e+00
1.3837853670e+00
1.0461609811e-02
3.0386993289e-01
7.5127774477e-01
2.3766656220e-01
-1.7976370454e-01
-1.3333564997e+00
-1.2752438784e+00
1.6959458590e+00
1.9279823303e+00
2.4848899841e+00
1.6040806770e+00
-1.4237513542e+00
-1.4371664524e+00
-2.6395404339e+00
-1.2474222183e+00
-1.4031438529e-01
4.7704631090e-01
-3.3721475601e+00
-2.4969215393e+00
2.9121873379e+00
1.2143665552e+00
-2.4624137580e-01
-1.6087170839e+00
-1.6050250530e+00
1.3907916844e-01
-3.1866047382e+00
-1.0259329081e+00
1.5789567232e+00
7.9688405991e-01
-1.0679526329e+00
-4.7771325707e-01
1.5519467592e+00
1.1796669960e+00
2.0363318920e+00
1.7426582575e+00
6.0448592901e-01
1.9776973724e+00
-2.1253285408e+00
-2.3352065086e+00
-2.8317422867e+00
-1.5096992254e+00
1.1401947737e+00
1.6830617189e-01
3.4354610443e+00
2.5580742359e+00
-3.6973756552e-01
7.8576099873e-01
-3.0822732449e+00
-2.9340965748e+00
7.5482863188e-01
-6.4972442389e-01
-3.1424045563e-01
-1.3480077982e+00
-6.1406731606e-01
-1.7189893126e-01
1.8869744539e+00
1.5334193707e+00
-7.5118437409e-02
-2.1208925247e+00
-2.2439744473e+00
-1.8233321905e+00
1.0120357275e+00
1.2051250935e+00
-8.7427598238e-01
-5.4521965981e-01
2.3203575611e-01
2.8656050563e-01
-3.0574624538e+00
-1.0030994415e+00
-1.5477100611e+00
6.5131109953e-01
-3.1766775250e-01
1.2426120043e+00
2.5836350918e+00
2.6963739395e+00
1.9431291819e+00
6.4146566391e-01
-1.7846057191e-02
5.7435494661e-01
-1.2045003176e+00
-5.9951794147e-01
-9.4154578447e-01
-3.3677184582e-01
1.9370104074e+00
-3.5105469823e-01
5.9501314163e-01
1.2866173983e+00
1.1332404613e+00
1.1847665310e+00
8.9101779461e-01
4.9794697762e-01
9.3101507425e-01
-5.5787473917e-01
-4.7644835711e-01
3.2117971778e-01
-1.2771230936e+00
5.7975453138e-01
4.9225282669e-01
8.6540758610e-01
7.1238011122e-01
-1.0876377821e+00
9.5973953605e-02
1.3676328659e+00
1.6078730822e+00
-5.2070915699e-01
3.0982391834e+00
4.4707221985e+00
1.2656831741e+00
8.0491638184e-01
-4.5208975673e-02
1.2940612435e-01
-5.9950571507e-02
9.9375325441e-01
-4.0033011436e+00
-2.5760426521e+00
2.1760575473e-01
1.0092161894e+00
9.4472891092e-01
5.9587186575e-01
-2.4998247623e+00
1.4123493433e-01
2.7565560341e+00
1.7725937068e-01
-6.4632993937e-01
-1.3165698051e+00
1.9834712148e-01
-1.9435484409e+00
1.6614262760e-01
4.1658613086e-01
7.2745144367e-02
2.7684623003e-01
1.6755983829e+00
-4.7332984209e-01
-2.9925642014e+00
-1.0352325439e+00
-2.3889436722e+00
-3.5805192590e-01
2.9927870259e-02
2.1436662972e-01
2.8207089901e+00
1.5240775347e+00
-9.1583275795e-01
4.4084671140e-01
-3.1179895997e-01
-2.3769209385e+00
5.5480613708e+00
5.4456939697e+00
2.4407308102e+00
8.4744796157e-02
-4.9219343066e-01
-4.3619996309e-01
-2.1402901411e-01
-3.1536957622e-01
5.2292692661e-01
1.8552967906e-01
1.5627547503e+00
1.0337778330e+00
1.5279992819e+00
3.8495299220e-01
2.3259475231e+00
-8.8563323021e-02
-6.4040325582e-02
7.2097003460e-01
-2.9230666161e-01
-4.6132925153e-01
-4.5098528266e-01
1.3000845909e-01
7.2634965181e-01
-2.0989463329e+00
1.1529103518e+00
9.1666650772e-01
7.0454633236e-01
-2.4954965711e-01
2.3652009964e+00
1.4159653187e+00
1.1495202780e+00
-4.5595678687e-01
-2.2182080150e-01
-5.1912879944e-01
3.7368059158e-01
-1.4053171873e+00
1.5715453625e+00
1.2829241753e+00
-2.9298205376e+00
-1.1652609110e+00
-1.9800495356e-03
-3.4371507168e-01
6.5805953741e-01
9.5938438177e-01
7.9266995192e-01
1.4405744076e+00
-1.1485410929e+00
-1.3428555727e+00
9.3013489246e-01
1.9587013125e-01
-3.1752724648e+00
-4.8775807023e-01
-1.7308089733e+00
-1.9197651148e+00
-9.8542225361e-01
-2.7116506100e+00
3.5675522685e-01
-3.1553788576e-03
7.1945738792e-01
4.8874238133e-01
-4.9515822530e-01
-7.6178602874e-02
-2.2906911373e+00
-1.8575652838e+00
-7.3499917984e-01
-8.4488081932e-01
-3.1822919846e-01
1.4827866554e+00
-2.0461630821e+00
-1.6221001148e+00
-1.6794108152e+00
-3.7654361725e+00
-1.2141181231e+00
-2.1507880688e+00
2.7755014896e+00
-1.9708824158e-01
1.9284257293e-01
3.6409173012e+00
-8.7707948685e-01
-1.7790504694e+00
5.6036669016e-01
1.1816301346e+00
1.2516843081e+00
-2.7638444901e+00
6.6273790598e-01
-1.8104341030e+00
-2.7655404806e-01
3.2780375481e+00
-1.5775160491e-01
-8.9402608573e-03
1.8919720650e+00
-8.2706582546e-01
2.5696499348e+00
4.6251797676e+00
3.6138522625e+00
1.9445457458e+00
-2.3122456074e+00
-5.7789063454e+00
-9.9847161770e-01
-3.0649235249e+00
4.8911247253e+00
8.3365745544e+00
7.2527921200e-01
-4.3977341652e+00
1.4646608829e+00
1.4121114016e+00
-9.8522162437e-01
-9.7301759720e+00
-3.9541393518e-01
8.4445662796e-03
4.6340293884e+00
1.9136725664e+00
4.5145592690e+00
2.5605463982e+00
2.4512469769e+00
-1.4344111681e+00
-3.9181768894e+00
-4.5290956497e+00
-8.5315167904e-01
6.3561546803e-01
6.4776186943e+00
1.1856993437e+00
9.0196925402e-01
-1.3459839821e+00
-2.2804970741e+00
-3.3630411625e+00
-1.9796563387e+00
-5.0574612617e+00
2.1648626029e-01
1.1327964067e+00
2.5146663189e+00
2.0350944996e+00
9.6316403151e-01
-7.9483966827e+00
2.7943414450e-01
-3.1781202555e-01
2.5173437595e+00
-2.7236506939e+00
1.9088259935e+00
-3.5921111107e+00
-7.9532986879e-01
2.5653994083e-01
1.9832288027e+00
-2.2059793472e+00
-2.1692066193e+00
-2.2662158310e-01
8.2110770047e-02
-5.4627496004e-01
-1.0816386223e+01
-3.7949604988e+00
-5.0524580479e-01
9.3197828531e-01
3.6080546379e+00
2.3392860889e+00
-4.9089121819e-01
1.6176389456e+00
3.1011233330e+00
1.1487780809e+00
4.4985410571e-01
-6.3338804245e-01
-1.8134448528e+00
2.8163950443e+00
-6.9810813665e-01
1.7827177048e+00
-1.0009288788e+00
4.5921988487e+00
-3.0465064049e+00
-1.9777877331e+00
-1.4047396183e+00
9.0981775522e-01
7.3194605112e-01
-2.6364121437e+00
-1.6975035667e+00
6.1871683598e-01
-1.3310027122e+01
-5.2182068825e+00
1.8333472013e+00
1.4312599897e+00
9.0004366636e-01
1.0461168289e+00
-8.9952355623e-01
1.2713356018e+00
-5.2749490738e+00
-3.7489447594e+00
-4.6618690491e+00
-1.3218921423e+00
2.7041540146e+00
2.8368794918e+00
1.5294615924e-01
5.2789945602e+00
-3.4054694176e+00
-3.9688217640e+00
-1.0876243591e+01
-4.8868479729e+00
-1.8004512414e-02
2.9961910844e-01
-3.2215983868e+00
2.8830271959e-01
-7.2128194571e-01
-1.7540329695e-01
7.3629140854e-01
8.6900734901e-01
1.1596530676e-01
1.5225473642e+00
4.5914664865e-01
-1.4429244995e+00
-7.1855145693e-01
8.1978082657e-01
-2.1621282101e+00
-1.1222164147e-02
1.8281731606e+00
1.3020373583e+00
4.4433202744e+00
2.6007063389e+00
5.0308446884e+00
2.9384894371e+00
2.6899309158e+00
3.5715198517e+00
3.4838626385e+00
2.6521670818e+00
1.7926579714e+00
7.0829474926e-01
5.0505638123e-01
1.4859560728e+00
-2.5865485668e+00
-1.5311126709e+00
2.1508491039e+00
3.5497128963e+00
5.1994860172e-01
-5.2151089907e-01
-3.1074390411e+00
-2.7347161770e+00
5.4812440872e+00
4.6593470573e+00
-3.0078477859e+00
-6.9823069572e+00
-1.6369664669e+00
-1.5715806484e+00
-8.3884400129e-01
-1.9790254831e+00
1.2515424490e+00
8.0642801523e-01
1.8070691824e+00
1.5507260561e+00
1.7471888065e+00
1.7069196701e+00
-1.0626629591e+00
-1.1243597269e+00
-2.0252232552e+00
-1.7803732157e+00
1.2927227020e+00
1.1341379881e+00
1.4024872780e+00
7.0792192221e-01
2.2672282159e-01
5.1091635227e-01
2.8143846989e+00
3.5334107876e+00
-6.1236590147e-01
-1.0937190056e+00
-4.1612961888e-01
-4.2335286736e-01
2.8660545349e+00
2.2811212540e+00
1.1193194985e-01
-1.2828675508e+00
-3.5819249153e+00
-3.2305598259e+00
-2.2150046825e+00
3.4203156829e-01
-3.4500291348e+00
-7.1118235588e-01
-8.0559414625e-01
-1.5956342220e+00
-1.3860718012e+00
-1.9834873676e+00
-9.1737055779e-01
-8.7141436338e-01
4.2811794281e+00
3.8808624744e+00
-3.1610569954e+00
-2.5956981182e+00
-1.2095786333e+00
-7.7729171515e-01
-1.1113625765e+00
-2.6632359624e-01
-2.9870481491e+00
-2.0603625774e+00
-2.8178012371e+00
-1.8770534992e+00
-1.2336375713e+00
-5.0431901217e-01
2.1510014534e+00
5.1621828079e+00
-2.6096115112e+00
-1.6147741079e+00
-3.2052147388e+00
-2.2457454205e+00
-1.9730859995e-01
-7.2889256477e-01
-1.2723479271e+00
-1.3868850470e+00
-1.2114145756e+00
-9.9555957317e-01
-7.2270579636e-02
-6.4211374521e-01
5.6584200859e+00
3.7449834347e+00
2.7629268169e+00
2.4278104305e+00
-1.3064414263e+00
-8.6120092869e-01
-9.7532337904e-01
-1.2654874325e+00
-3.3545076847e+00
-2.8061556816e+00
-1.9530863762e+00
-1.5977612734e+00
1.3714288473e+00
1.2803463936e+00
1.2363581657e+00
1.6964027882e+00
-2.3681552410e+00
-1.1470495462e+00
-1.7649734020e+00
-8.7281495333e-01
5.6553626060e-01
-9.3228173256e-01
-1.4888302982e-01
-3.7704065442e-01
-2.4456781149e-01
-1.1147023439e+00
6.0746747255e-01
-4.4545170665e-01
-1.2899998426e+00
-2.7048244476e+00
1.0256457329e+00
1.6350392103e+00
2.6511874795e-01
4.0353581309e-02
2.6676928997e-01
-6.7438077927e-01
-7.5269263983e-01
9.1912043095e-01
7.5627225637e-01
3.0724961758e+00
-1.0310284048e-01
-1.0747715235e+00
-1.4427523315e-01
1.0701621324e-01
-1.0266990960e-01
2.9313480854e-01
-1.2846376896e+00
-2.4561412334e+00
1.0719621181e+00
-7.0153295994e-01
2.3073091507e+00
5.0026235580e+00
-3.1336414814e-01
8.1475102901e-01
1.2622327805e+00
1.6254408360e+00
-2.2467489243e+00
-2.6254150867e+00
1.0197674036e+00
2.9294264317e-01
-3.8304010034e-01
-2.8390461206e-01
6.2338596582e-01
9.0521313250e-02
-8.6913412809e-01
-1.4044865966e-01
-1.0144891739e+00
-1.2826448679e+00
-1.3669393957e-01
-4.6904554963e-01
2.2574295998e+00
3.1312212944e+00
-2.0645000041e-01
-4.1213411093e-01
-4.3595856428e-01
-1.0899362564e+00
-1.5267048776e-01
-9.3789082766e-01
9.3814027309e-01
3.6251604557e+00
1.2621990442e+00
1.6750016212e+00
-1.6271364689e+00
5.2192908525e-01
-6.4954668283e-01
-1.3586298227e+00
-5.0623422861e-01
5.4810249805e-01
8.7304067612e-01
-2.2403109074e-01
9.8523169756e-01
2.8161016107e-01
2.8586176038e-01
-2.2817218304e+00
-1.1876093149e+00
4.7370072454e-02
1.3385011256e-01
4.1888532043e-01
-4.6688905358e-01
-1.3252574205e+00
3.6684235930e-01
-5.0316995382e-01
9.3913984299e-01
1.3289030790e+00
1.0393950939e+00
1.4807143211e+00
3.6059954762e-01
-5.3764390945e-01
-1.2424616516e-01
-3.5046967864e-01
-3.1858882308e-01
1.9880385399e+00
3.2884621620e-01
-4.2745220661e-01
7.1230769157e-01
-1.2796350718e+00
-6.2249314785e-01
3.4156820178e-01
6.4173743129e-02
-4.3822264671e-01
-1.0022639036e+00
-4.0671828389e-01
-7.0915088058e-02
-2.3689664900e-01
1.5314184129e-01
-8.1762313843e-01
1.4127538204e+00
1.2708505392e+00
-8.7022852898e-01
-4.3989937752e-02
8.2864737511e-01
6.4111739397e-01
-1.5368711948e+00
-2.3955898285e+00
4.0512457490e-01
6.5704727173e-01
5.2789014578e-01
-1.3344913721e-01
-5.3965067863e-01
1.1640621424e+00
-1.3748430014e+00
-1.9485951662e+00
-8.9881050587e-01
-1.6810184717e+00
2.5097334385e+00
4.7917985916e+00
-3.8764636964e-02
-8.1058037281e-01
-2.8898978233e+00
-1.1323304176e+00
-1.9104448557e+00
-1.0899738967e-01
2.2297637463e+00
1.7041590214e+00
6.6097950935e-01
1.0662733316e+00
-7.2455382347e-01
-2.9009777308e-01
7.6414787769e-01
2.3962447643e+00
7.0660972595e-01
-8.3459353447e-01
-3.4657284617e-01
-5.7131296396e-01
-8.3261865377e-01
-7.1125555038e-01
-1.6299372911e+00
-1.4686707258e+00
-1.4572581053e+00
-2.1982073784e+00
-1.7855637074e+00
-6.7855960131e-01
-1.4926726818e+00
1.0055515766e+00
-5.6010949612e-01
-1.7582417727e+00
-8.1532466412e-01
-1.9091175497e-01
5.0777506828e-01
6.7791968584e-01
-1.1648340225e+00
-1.3482729197e+00
-5.4482322931e-01
-4.9436363578e-01
-2.5754547119e-01
-1.1559545994e+00
-1.2596681714e-01
2.2261857986e+00
2.4177095890e+00
1.2321617603e+00
-3.7089571953e+00
-2.1315145493e+00
2.4744589329e+00
-3.0186492205e-01
-8.8525235653e-01
-9.8411810398e-01
1.1909485608e-01
-6.7358911037e-01
-1.7343853712e+00
-2.6612865925e-01
-2.1850984097e+00
-1.9915302098e-01
-9.5001429319e-02
-1.9372556210e+00
1.1484102011e+00
-7.3202133179e-01
-1.0547156334e+00
-8.0907481909e-01
1.4978064299e+00
1.5534336567e+00
-2.1660051346e+00
-1.8997639418e+00
-2.8185508251e+00
-1.5770211220e+00
1.3910250664e+00
-7.3320460320e-01
-1.0301340818e+00
1.2176492810e-01
-1.1862702370e+00
1.2485327721e+00
3.8737266064e+00
2.4240295887e+00
5.0502943993e+00
2.0567889214e+00
-6.4991825819e-01
-1.6661990881e+00
9.1194427013e-01
-5.6502029300e-02
-1.5428965092e+00
-2.7481691837e+00
2.1351466179e+00
1.7233568430e-01
1.9942971468e+00
-2.0723190904e-01
2.4439640045e+00
1.8202402592e+00
-1.1580989361e+00
-1.4060515165e+00
3.2056190968e+00
1.2781376839e+00
2.5606817007e-01
1.2982610464e+00
-2.6693207026e-01
3.8577511907e-01
-1.0286822319e+00
-2.9908120632e-01
1.8837804794e+00
1.5208207071e-01
-6.1503839493e-01
-1.0530705452e+00
1.7824552059e+00
2.1614725590e+00
3.3428277969e+00
-3.4882286191e-01
2.9744970798e+00
-2.7175302505e+00
-3.1787769794e+00
-2.4974548817e+00
-5.4867134094e+00
-2.1681797504e+00
1.7243129015e+00
7.0240730047e-01
6.1942858696e+00
4.5414738655e+00
2.0286498070e+00
1.5503824949e+00
3.3282011747e-01
1.1792705059e+00
-5.9131497145e-01
-7.6913964748e-01
1.2567408085e+00
-2.8962424397e-01
1.5917028487e-01
-2.2746014595e+00
2.4723317623e+00
-1.9453798234e-01
3.6936669350e+00
-2.0350936055e-01
-3.3905082941e-01
-7.2980976105e-01
-2.8361387253e+00
-2.1821541786e+00
5.6613230705e-01
-9.7052770853e-01
-1.1299095349e-03
5.0984777510e-02
5.6947433949e-01
6.1764442921e-01
-4.2955179214e+00
-3.5166999698e-01
-1.7279267311e+00
-1.2726523876e+00
-1.3070052862e+00
-2.3281243443e-01
-2.7992660999e+00
-2.7014062405e+00
-1.8414207697e+00
-9.3450266123e-01
1.0278058052e+00
4.1126024723e-01
6.4475417137e-02
-1.6956755519e-01
1.6490963697e+00
1.3507028818e+00
-2.4107584953e+00
-2.8730180264e+00
-9.3970435858e-01
-6.1067712307e-01
-2.1647272110e+00
8.3829677105e-01
-1.0097582340e+00
-5.5843937397e-01
2.4379298687e+00
2.2234690189e+00
-1.4828643762e-02
-1.4189261198e+00
-8.9657910168e-02
-1.4049534798e+00
6.5366527997e-03
-5.6284683943e-01
-1.4200192690e+00
-1.0247204304e+00
5.9969168901e-01
2.6201543212e-01
1.2063218355e+00
6.6702574492e-01
-2.6422026753e-01
6.3198673725e-01
9.9719472229e-02
-6.8848174810e-01
-1.1815185547e+00
2.1185290813e+00
-2.5643056631e-01
-1.4868876934e+00
-2.9365041256e+00
-2.4320302010e+00
1.9815903902e+00
5.0264376402e-01
-5.3498935699e-01
-1.7019637823e+00
-1.6641756520e-02
4.5576220751e-01
-2.8068492413e+00
2.6165658236e-01
2.8561656475e+00
-1.7725603580e+00
-3.7894555926e-01
-2.8851616383e+00
1.4441061020e-01
-8.3312135935e-01
2.3135519028e+00
2.8284869194e+00
-1.1435651779e+00
1.9117758274e+00
1.1359606981e+00
9.5284259319e-01
-1.3363193274e+00
-1.4987642765e+00
2.0885035992e+00
1.7164112329e+00
2.1077311039e-01
2.0993778706e+00
1.8523654938e+00
1.4534195662e+00
-4.9967750907e-01
-3.2231941819e-01
2.4219448864e-01
1.7719681263e+00
3.1180605292e-01
-1.2447199225e-01
-6.9257849455e-01
-2.4138400555e+00
1.3250709772e+00
1.9834694862e+00
3.1728899479e+00
2.2308945656e+00
-1.8474246264e+00
2.0745403767e+00
4.0627971292e-01
-2.2143055499e-01
1.4503551722e+00
1.4146381617e+00
4.6094198227e+00
3.9407470226e+00
-1.7574596405e+00
3.4855058789e-01
-7.8346687555e-01
-1.2345214933e-01
-1.0392609835e+00
-8.8616006076e-02
3.1629321575e+00
1.2359992266e+00
1.4237318039e+00
-1.3389027119e-01
-2.1683373451e+00
-1.4584159851e-01
5.4985070229e-01
5.1742511988e-01
4.7747331858e-01
-8.2108668983e-02
-1.1717060804e+00
9.1760563850e-01
4.7887408733e-01
3.4482735395e-01
1.0484924316e+00
1.2377920151e+00
1.0953082889e-01
3.6337453127e-01
-6.8572652340e-01
-7.4937337637e-01
-2.3960186541e-01
7.3430383205e-01
7.0123708248e-01
2.7198082209e-01
-3.2663592696e-01
3.8652572036e-01
3.1482616067e-01
-8.8860607147e-01
-5.1092153788e-01
1.3319267333e-01
-5.4485833645e-01
-5.2936500311e-01
6.0437531471e+00
2.9274659157e+00
-1.2477011420e-02
9.7248673439e-02
-1.2342329025e+00
-5.3974312544e-01
-1.1693379879e+00
6.7955642939e-01
-2.1312782764e+00
-1.9396139383e+00
-1.1152248830e-01
-9.3943648040e-02
2.1161255240e-01
4.6045708656e-01
-8.9235827327e-02
3.4245455265e-01
1.5443934202e+00
1.1973621845e+00
-1.1437458992e+00
-1.0825915337e+00
2.5402212143e-01
4.0603555739e-02
-1.2237615585e+00
-2.0792426541e-02
2.4193355441e-01
-7.5218915939e-01
6.5526348352e-01
-7.6751190424e-01
-2.1398130059e-01
-2.6574644446e-01
-6.6550111771e-01
-1.2845519781e+00
-3.4204050899e-01
2.7008038759e-01
8.9989221096e-01
5.6591844559e-01
-3.5628300905e-01
-6.0425847769e-01
-6.5041100979e-01
-4.3601447344e-01
6.0713992119e+00
3.9934229851e+00
8.1052348018e-02
3.9624366164e-01
-6.8067324162e-01
3.9103389718e-03
-2.8769254684e-01
-8.0446749926e-01
-3.6246272922e-01
4.2035646737e-02
3.4713026881e-01
1.2473573685e+00
-3.2195106149e-01
-8.6492323875e-01
1.2302786112e+00
8.4782838821e-01
6.0142773390e-01
-3.1384482980e-01
6.7528116703e-01
-4.8689749837e-01
4.7477412224e-01
1.6058090329e-01
-1.1826754808e+00
-1.0354834795e+00
1.1290982962e+00
4.8199072480e-01
3.6245301366e-01
-1.1416679621e+00
2.2863223553e+00
5.1309585571e-01
2.2136755288e-01
3.2145744562e-01
3.2552731037e-01
7.6714999974e-02
-6.6660362482e-01
-9.2372655869e-01
7.9067431390e-02
-4.1334080696e-01
-1.5450723171e+00
-2.0524361134e+00
-8.3919632435e-01
-7.8427851200e-01
4.4712004066e-01
3.2120931894e-02
5.3140729666e-01
1.6841456890e+00
-7.0241314173e-01
-1.2916675806e+00
1.4267233610e+00
2.1126574278e-01
-2.6986484528e+00
-3.6160996556e-01
-2.9706820846e-01
5.1739430428e-01
-1.4171012640e+00
-9.2325305939e-01
-7.2715693712e-01
-4.9083113670e-01
1.2147426605e+00
5.5232089758e-01
-2.8208717704e-01
4.2242716998e-02
3.1942673028e-02
-2.8588190675e-01
-5.7991337776e-01
-5.6869655848e-01
-6.1528873444e-01
-5.9824550152e-01
-1.2653902769e+00
-1.2793620825e+00
-2.6305934787e-01
-3.7523722649e-01
3.6080217361e-01
9.7098600864e-01
1.3538151979e+00
8.7035542727e-01
-5.8611220121e-01
-1.2314163446e+00
-1.1357556581e+00
-1.1272889376e+00
-3.2515791059e-01
-3.5337987542e-01
2.4420511723e-01
-4.3267720938e-01
-3.1177854538e-01
-8.6140918732e-01
-7.7899789810e-01
-5.5253032595e-02
8.9260089397e-01
1.7195092440e+00
9.1001145542e-02
-1.6739641130e-01
2.9215008020e-01
1.6170373559e-01
1.2391200662e-01
2.1871946752e-01
-1.2099266052e+00
-1.4936856031e+00
5.7384806871e-01
5.7130861282e-01
8.0638861656e-01
1.2109820843e+00
3.0196291208e-01
-2.2220407426e-01
-1.6134962440e-01
-4.8248937726e-01
-1.2339274883e+00
-4.1346154213e+00
9.4765596092e-02
-2.5457435846e-01
5.7352668047e-01
-1.1897282600e+00
2.3764930665e-01
-1.0948342085e-01
3.7095818669e-02
2.8087201715e-01
-2.6210978627e-01
-2.1489840001e-02
-2.1355564594e+00
-1.0709418058e+00
-2.6879099011e-01
3.4798166156e-01
-8.0557137728e-01
-9.2704516649e-01
-2.9414130375e-02
8.9072749019e-02
-4.9508747458e-01
-4.3913587928e-01
1.2611531019e+00
1.8591189384e+00
3.5718369484e-01
9.0052413940e-01
5.1800382137e-01
5.4698544741e-01
8.4302324057e-01
2.1195250750e-01
2.4431629479e-01
-8.7355434895e-01
2.7932110429e-01
1.9034463167e-01
-9.0619993210e-01
-4.9493223429e-01
2.6433333755e-01
-2.7314388752e-01
-1.4602747560e-01
-8.8277734816e-02
3.4621846676e-01
-2.2548946738e-01
-1.0045169294e-01
-2.3720607162e-01
-2.4059090018e-01
-3.4064456820e-01
4.1928914189e-01
1.6557004303e-02
-3.4635531902e-01
6.5707212687e-01
4.7637355328e-01
-9.3686109781e-01
-7.6749801636e-01
-8.5939675570e-01
1.4374670386e-01
-1.4323040843e-01
3.3947139978e-01
1.4548470974e+00
1.4537683129e-01
5.7281076908e-01
-6.3287246227e-01
-5.3200191259e-01
1.8020568788e-01
-3.2939815521e-01
-9.7908973694e-01
-5.8310687542e-01
5.8354395628e-01
3.8147738576e-01
-9.4784602523e-02
4.0310573578e-01
-9.5111137629e-01
5.6546974182e-01
-3.0813443661e-01
-7.9861491919e-01
8.9018809795e-01
7.6085466146e-01
-1.8480074406e+00
-2.0842773914e+00
9.3369573355e-01
6.6903501749e-02
7.3506158590e-01
-6.1042183079e-03
2.8179433197e-02
-3.7566930056e-02
-1.7355713248e-01
-4.1152843833e-01
1.7959515750e-01
3.1559041142e-01
-7.6355002820e-02
8.4249562025e-01
3.3061382174e-01
3.4547492862e-02
-7.2007668018e-01
-7.9343736172e-01
2.5614469051e+00
1.5326586962e+00
-1.8324633837e+00
-3.1882119179e+00
1.3008900881e+00
1.7993961275e-01
2.4397578239e+00
5.1786535978e-01
-1.0556973219e+00
-4.7960215807e-01
-1.2299770117e+00
9.4953346252e-01
-2.6052105427e-01
8.2838714123e-01
-5.3586584330e-01
3.3224168420e-01
-1.5658965111e+00
-1.2563974857e+00
7.1111589670e-01
3.2014758587e+00
-2.8587176800e+00
-4.4197969437e+00
3.1967840195e+00
2.3251576424e+00
2.9908595085e+00
2.9281072617e+00
1.0620516539e+00
1.2111234665e+00
-8.8764435053e-01
1.9130909443e+00
1.5247330666e+00
1.3132946491e+00
-6.9631409645e-01
1.0471354723e+00
-5.0046116114e-01
3.7211814523e-01
5.8421208523e-03
2.3795126379e-01
-2.2728211880e+00
-7.1556293964e-01
1.0109907389e+00
-9.1980797052e-01
-8.3455902338e-01
-9.5580615103e-02
1.7342602015e+00
1.8421100378e+00
1.4887823164e-01
8.0871850252e-01
1.3156178594e-01
-7.5223308802e-01
-5.0043404102e-01
-1.3921400309e+00
-7.0400822163e-01
4.9705326557e-01
1.5287215710e+00
1.9994671345e+00
-2.3821113110e+00
-1.7863496542e+00
-1.9051311016e+00
-1.5491737127e+00
3.1664609909e-01
3.2064101100e-01
1.5363950729e+00
2.3903799057e+00
-8.3021372557e-01
6.5974980593e-01
2.0460176468e+00
1.0454425812e+00
-5.9938442707e-01
-1.1070171595e+00
-1.6159808636e-01
-7.0327192545e-01
-3.5540241003e-01
-1.0676261187e+00
1.5657122433e-01
1.8390536308e-01
-1.9719082117e+00
-2.2653496265e+00
-3.2308709621e+00
-2.2257540226e+00
1.0417072773e+00
-2.5470154285e+00
-2.4761364460e+00
-2.3116445541e+00
3.8825613260e-01
1.9275546074e-01
1.1488344669e+00
1.6338183880e+00
-4.8528838158e-01
3.1018993258e-01
7.7604216337e-01
-2.1906673908e+00
1.0040061474e+00
1.8354455233e+00
2.5353846550e+00
2.6983366013e+00
-1.1492568254e+00
-2.7518477440e+00
9.0234333277e-01
-7.2055000067e-01
4.0846928954e-01
8.9426636696e-01
-2.0564792156e+00
-3.2142186165e-01
-1.5763776302e+00
-3.1002333164e+00
1.8099946976e+00
9.4461232424e-01
-9.2716640234e-01
-5.3161787987e-01
2.2582368851e+00
1.1148580313e+00
-2.4294736385e+00
-1.1602377892e+00
1.8745075166e-01
-2.4902575016e+00
1.9494715929e+00
5.7543367147e-02
1.3962422609e+00
1.2936275005e+00
-1.0522673130e+00
8.6130845547e-01
-1.1744716167e+00
-1.3500697613e+00
6.2208890915e-01
6.0294026136e-01
-1.9636193514e+00
1.2864409685e+00
1.7571777105e+00
1.4781445265e+00
-1.5146449804e+00
-7.1599292755e-01
5.3107768297e-01
-9.1754391789e-02
2.4420413971e+00
2.7366707325e+00
-2.9618227482e+00
-5.3272652626e+00
2.3977231979e+00
2.9785730839e+00
8.1339484453e-01
7.3367220163e-01
1.3112202883e+00
1.6454858780e+00
1.3669379950e+00
1.1335796118e+00
1.6208875179e+00
1.9012591839e+00
1.3204133511e+00
-2.7039828897e-01
-9.6961814165e-01
-7.1806353331e-01
2.4334053993e+00
2.6805405617e+00
-1.5467642546e+00
-2.0169937611e+00
-2.0544519424e+00
-2.7784242630e+00
-3.2726619244e+00
-2.0521335602e+00
1.5680487156e+00
7.7717185020e-01
-3.5623309016e-01
2.5214290619e-01
-4.0580844879e+00
-4.3646121025e+00
-4.9781361222e-01
5.6743973494e-01
1.9954009354e-01
5.1059293747e-01
2.2940053940e+00
4.0705604553e+00
2.2115468979e+00
1.8021889925e+00
1.9929651022e+00
1.7949478626e+00
-2.8239243031e+00
-2.7873725891e+00
-8.6092066765e-01
-1.4938454628e+00
2.8862826824e+00
4.3112258911e+00
2.1779241562e+00
1.0858993530e+00
-1.7630176246e-01
-5.5004024506e-01
-2.9732244015e+00
-3.3467788696e+00
3.8087427616e+00
2.8332357407e+00
2.1366047859e+00
1.7892309427e+00
6.0237997770e-01
1.8359822035e+00
5.4513287544e+00
3.8860056400e+00
-3.4070291519e+00
-4.9686045647e+00
-9.3017178774e-01
-5.5896306038e-01
-1.0253696442e+00
-1.3537962437e+00
-5.3930252790e-01
-3.8313305378e-01
3.9425146580e+00
4.8883519173e+00
9.4861787558e-01
2.2393822670e+00
-3.0539948940e+00
-3.4109289646e+00
-6.1030417681e-01
-3.1557760667e-03
1.2431315184e+00
1.6942552328e+00
-3.2949712873e-01
9.2045080662e-01
2.8051984310e-01
1.8264032602e+00
1.4491804838e+00
3.1331622601e-01
3.1087033749e+00
2.8119869232e+00
-8.6871665716e-01
-2.1826467514e+00
8.0516733229e-02
-5.7193684578e-01
3.2776668072e+00
3.1544318199e+00
-1.7012826204e+00
-1.1533470452e-01
2.8494908810e+00
3.2700197697e+00
3.2227785587e+00
3.3602035046e+00
-9.9642533064e-01
-1.3337647915e+00
-7.2650104761e-01
-9.7035968304e-01
2.1153092384e+00
2.3741815090e+00
-1.0891002417e+00
-1.5923497677e+00
-2.0700211525e+00
-1.3574724197e+00
-3.3652989864e+00
-4.2262802124e+00
2.3732273579e+00
2.2148737907e+00
2.5210118294e+00
2.4132239819e+00
-1.4988932610e+00
-1.3934684992e+00
1.0764459372e+00
2.3462104797e+00
6.5899312496e-01
1.0369592905e+00
-1.4126726389e+00
6.5328341722e-01
-9.4814807177e-01
1.6115350723e+00
-1.7678620815e+00
-8.0290693045e-01
-2.9885375500e+00
-2.2970652580e+00
-2.0637636185e+00
6.5697634220e-01
1.6483440399e+00
3.7723845243e-01
-1.4083187580e+00
-2.2818298340e+00
1.4996614456e+00
2.1699995995e+00
2.2530617714e+00
1.8403551579e+00
1.0768896341e+00
1.9445676804e+00
-2.1669247150e+00
-1.5879831314e+00
9.0703147650e-01
1.8922213316e+00
-3.2200801373e+00
-3.9360795021e+00
-8.2491278648e-01
-1.6939724982e-01
2.8077845573e+00
2.8420939445e+00
1.0205796957e+00
-1.3815712929e+00
3.5280534625e-01
2.2620391846e+00
-2.5603766441e+00
-3.4163923264e+00
1.1604487896e+00
4.7528794408e-01
2.4328608811e-01
3.8216349483e-01
-1.7367838621e+00
-6.1585837975e-03
1.5417573452e+00
2.5006430149e+00
-1.0571367741e+00
-3.0774023533e+00
-1.8899422884e+00
-1.0024226457e-01
1.2823659182e+00
1.3177460432e+00
1.4871478081e+00
4.2217063904e+00
1.6126533747e+00
-8.4475032985e-02
-1.4379513264e+00
-1.2120885849e+00
6.0918169022e+00
4.1011009216e+00
1.9068969488e+00
6.6931190491e+00
-2.1040072441e+00
-2.6975169182e+00
-1.4297168255e+00
9.4197201729e-01
1.9839965105e+00
4.4266643524e+00
1.2405978143e-01
8.4016054869e-01
3.2421734929e-01
-9.5725141466e-02
-4.0236983448e-02
1.4028533697e+00
-1.0911415815e+00
4.2769944668e-01
-3.6028903723e-01
7.3709332943e-01
-6.7902356386e-01
-1.5978634357e+00
-1.3909294605e+00
-3.6722567677e-01
-5.9766316414e-01
1.0406818390e+00
1.5230057240e+00
2.5265870094e+00
5.2417957783e-01
1.5772818327e+00
-1.3278793097e+00
1.8318802118e+00
1.0020644665e+00
1.1615664959e+00
9.8265200853e-02
7.4364554882e-01
-6.8951529264e-01
2.5940982625e-02
-3.5111927986e+00
-2.2610697150e-01
-2.5019690990e+00
7.1074336767e-01
-2.9337066412e-01
7.4251711369e-01
1.6711307764e+00
1.2158808708e+00
1.3161858916e-01
-5.0179189444e-01
-6.6687899828e-01
1.8319014311e+00
-2.0837614536e+00
-3.1840460300e+00
-1.7827612162e+00
-6.0679179430e-01
-2.7386035919e+00
-2.6078939438e+00
1.9433600903e+00
1.5772162676e+00
2.0898413658e-01
1.0590742826e+00
1.1378164291e+00
1.6916046143e+00
-1.2222967148e+00
-3.0728533268e+00
-7.7134233713e-01
-8.3282220364e-01
3.3863136768e+00
1.5812087059e+00
-1.6225194931e+00
-2.4863998890e+00
3.5086864233e-01
-5.6521636248e-01
1.9661124051e-01
1.6954398155e+00
-9.4914895296e-01
-1.5791960955e+00
7.3096370697e-01
-1.8330351114e+00
1.0050667524e+00
1.5913827419e+00
-1.0524241626e-01
-1.2946214676e+00
-2.7217719555e+00
1.2365500927e+00
5.4183441401e-01
2.2391102314e+00
7.3178422451e-01
-2.1396400034e-01
2.9188079759e-02
-3.5232651979e-02
1.0838991404e-01
4.6961504221e-01
-1.1896851659e-01
2.4432595074e-01
-8.8332295418e-01
-2.3537216187e+00
-1.2140889168e+00
1.0268573761e+00
-1.0230631381e-01
1.9366664886e+00
-6.0226404667e-01
-2.8609540462e+00
8.7972795963e-01
-2.4927069247e-01
1.6679071188e+00
-2.6134783030e-01
1.7162125111e+00
2.7140753269e+00
1.6318002939e+00
3.4575644881e-02
1.2124313116e+00
-2.9999637604e+00
-6.5487068892e-01
-9.5356279612e-01
-4.3353471160e-01
3.7994608283e-01
-1.0216493160e-02
1.4897996187e+00
3.0266070366e-01
3.7162625790e-01
1.1584289074e+00
1.5450302362e+00
4.5648508072e+00
2.4186115265e+00
-9.5639431477e-01
1.4562822580e+00
2.1650478840e+00
1.8478106260e+00
3.7063306570e-01
-3.3833640814e-01
-1.3349134922e+00
-6.4076346159e-01
7.5194275379e-01
1.9401487112e+00
6.7853683233e-01
8.2676374912e-01
-1.5921307802e+00
-2.3971192837e+00
7.7502027154e-02
-1.9480466843e+00
1.4700446129e+00
3.3244562149e+00
-2.5633711815e+00
-5.9605610371e-01
-1.7929030657e+00
-1.3115371466e+00
-8.8060939312e-01
-1.7759354115e+00
-6.9152468443e-01
-1.7968809232e-02
-1.0652279854e+00
-2.2185013294e+00
-1.3758766651e-01
-8.4960162640e-01
-3.8877370954e-01
4.2665131390e-02
-1.0532549620e+00
-1.0294641256e+00
-2.3867659569e+00
-2.7959229946e+00
-9.3504881859e-01
-3.7387180328e+00
-1.9692873955e+00
-1.1841068268e+00
-2.7826666832e-01
5.8720761538e-01
-2.2421540320e-01
-1.4876537323e+00
-1.3024815321e+00
-3.1343874931e+00
-1.6799272299e+00
-1.3837514818e-01
2.2903982550e-02
-8.9584656060e-02
-3.4061720371e+00
-1.0574061871e+00
-3.7467262745e+00
-1.0989054441e+00
5.2063260227e-02
1.6846027374e+00
-1.1376888752e+00
-2.9679930210e+00
-1.6708168983e+00
-7.7033400536e-01
-2.5014640763e-02
2.2172319889e-01
1.8787412345e-01
-1.5413503647e+00
1.4588981867e+00
-1.6100265980e+00
7.1406356990e-02
1.0914384127e+00
-4.6612045169e-01
4.0852713585e-01
-3.2515792847e+00
-2.4182851315e+00
-5.1220793724e+00
-3.7165696621e+00
-2.4694881439e+00
-6.2826514244e-01
2.0865991712e-01
5.8704829216e-01
3.6066663265e-01
4.8296961188e-01
5.6217503548e-01
3.5096201301e-01
1.7491088808e-01
8.8638478518e-01
3.8498359919e-01
1.0538413525e+00
1.0592062473e+00
1.6425676644e-02
2.2322258353e-01
2.2553996742e-01
8.1295162439e-02
-6.4287655056e-02
1.2582321167e+00
1.6194587946e+00
-1.6484209895e-01
-8.7077856064e-01
-5.2595939487e-02
-8.5041499138e-01
-3.2418549061e-01
7.5779026747e-01
-1.5331068039e+00
-1.6525554657e+00
-6.8032294512e-01
-6.6593581438e-01
3.4229088575e-02
1.5957210958e-01
4.3341913819e-01
6.5042679198e-03
6.1646831036e-01
9.1867172718e-01
-9.1877430677e-01
-9.9738723040e-01
4.4225570560e-01
1.1254560947e-01
2.4040615559e-01
1.7978014052e-01
-1.1397321522e-01
-5.9504330158e-01
-3.8374200463e-01
7.4007011950e-02
-1.7688733339e-01
-1.4466936886e-01
-3.1049057841e-01
-1.1574944258e+00
-6.3847941160e-01
-1.7864426970e-01
-1.3650700450e-01
2.7577212453e-01
-1.8600635231e-01
-5.6500211358e-02
-2.1242262423e-01
5.3368508816e-02
1.5288645029e+00
1.3839715719e+00
-1.8366757035e-01
-5.8429145813e-01
3.5418942571e-01
5.3180402517e-01
2.6858022809e-01
-3.4071582556e-01
8.4861528873e-01
-6.1615949869e-01
5.2708709240e-01
6.7700219154e-01
9.6653872728e-01
-7.8736025095e-01
9.0396636724e-01
1.5771765709e+00
-1.3856920004e+00
-4.8683077097e-01
9.1761493683e-01
4.0628102422e-01
6.0213810205e-01
-3.7590715289e-01
8.4232437611e-01
1.8858784437e-01
-3.2468202710e-01
7.3609632254e-01
1.8864595890e-01
-8.0274581909e-01
9.8616868258e-01
3.7389975786e-01
-4.4017374516e-01
3.6051797867e-01
2.8287974000e-01
1.0870491266e+00
-1.9529107213e-01
1.2617808580e-01
-1.3245184422e+00
-7.5634884834e-01
-2.0680753887e-01
-6.5432965755e-01
-9.0585702658e-01
8.4766767919e-02
-2.4534212425e-03
-1.8788979948e-01
-4.5231959224e-01
-6.1880111694e-01
2.1535432339e-01
-7.7611720562e-01
3.8954356313e-01
-2.5393494964e-01
-1.5412768722e-01
1.4297920465e-01
-1.0539985895e+00
-4.0364474058e-01
-1.0848078728e+00
-7.1332526207e-01
-7.8865414858e-01
3.3890658617e-01
-7.3982769251e-01
4.7669354081e-01
4.7402137518e-01
3.0959188938e-01
8.9048877358e-02
2.5031450391e-01
7.3830020428e-01
-2.7053165250e-03
-5.2119499445e-01
-1.9520984590e-01
-3.5965916514e-01
-5.9589439631e-01
-1.2734931707e+00
-1.1986742020e+00
-6.8059331179e-01
-1.1480306089e-01
1.0717740059e+00
4.2510408163e-01
-3.1474063396e+00
-2.7941842079e+00
-2.8798477650e+00
-3.1904375553e+00
-1.5514190197e+00
-7.4811905622e-01
-7.6953478158e-02
-1.0859506130e+00
2.2379536629e+00
1.3552626371e+00
-6.7731988430e-01
-9.9540674686e-01
3.7687273026e+00
1.6427451372e+00
-4.4702154398e-01
1.7832871675e+00
-1.3809533119e+00
-1.0791828632e+00
2.0875334740e-01
1.6658339500e+00
-2.1892046928e+00
-2.8179633617e+00
1.3964793086e-01
4.4633862376e-01
1.5552155972e+00
1.8710699081e+00
2.9918930531e+00
-1.2483989000e+00
4.8426523805e-01
-1.1447319984e+00
-1.5548934937e+00
-3.1448286772e-01
1.5458137989e+00
1.2113251686e+00
1.7943928242e+00
4.5787391067e-01
-2.0792710781e+00
-1.9057376385e+00
-1.0818231851e-01
-3.2617169619e-01
-1.7196297646e+00
-1.3434990644e+00
-2.2792203426e+00
-1.9532694817e+00
2.1328916550e+00
1.4296779633e+00
-3.2747915387e-01
1.4665232897e+00
4.0774363279e-01
1.1045056581e+00
-2.9093995690e-01
-1.1627367735e+00
5.9948039055e+00
4.7823948860e+00
2.5674402714e+00
3.4983668327e+00
1.9462707043e+00
3.3708795905e-01
-2.4268283844e+00
-1.6571266651e+00
-1.0146744251e+00
-2.3581447601e+00
-1.2461438179e+00
-2.0171391964e-01
-2.3092517257e-01
-6.6143852472e-01
-1.8452028036e+00
4.7462636232e-01
-1.6543384790e+00
-1.2117542028e+00
-9.4995832443e-01
-1.4838519096e+00
9.4878464937e-02
-1.4671759307e-01
-4.9363568425e-01
-2.8410345316e-01
7.6162010431e-01
-1.5587772131e+00
1.0367739201e+00
1.8026416302e+00
-1.4645372629e+00
2.7325737476e-01
-8.3109158278e-01
-6.2740433216e-01
2.4796612263e+00
1.5477855206e+00
-2.0749492645e+00
-2.8209000826e-01
3.8537114859e-01
1.7874544859e+00
-3.2920879126e-01
-2.6008656025e+00
-1.0261081457e+00
-1.2147762775e+00
-2.2211608887e+00
-3.8666353226e+00
7.4826824665e-01
3.0035853386e+00
2.9391998425e-02
-2.7682003379e-01
-1.2239331007e+00
-1.0237224102e+00
6.7875421047e-01
-1.1677063704e+00
2.6541495696e-02
-1.1183702201e-01
-2.8492624760e+00
-3.8387780190e+00
6.1068552732e-01
1.8489984274e+00
1.7535665035e+00
1.6685061455e+00
-9.7942250967e-01
-1.1704044342e+00
-1.7963465452e+00
-2.4269568920e+00
-9.9483168125e-01
-5.7908505201e-01
1.9922102690e+00
2.9778000712e-01
3.2266241033e-03
-1.5893975496e+00
-2.5351660252e+00
-1.7141789198e+00
-6.3463389874e-01
-2.0051470399e-01
2.4834905565e-01
-5.0885331631e-01
1.1655132771e+00
-2.5757223368e-01
2.0170314312e+00
-1.5843782425e+00
6.6969835758e-01
5.3606694937e-01
-1.0123379230e+00
7.4469321966e-01
1.0973501205e+00
-4.5209774375e-01
-2.6912656426e-01
-7.4795818329e-01
3.7060561776e-01
3.2892775536e-01
-1.0364354849e+00
2.5462365150e+00
6.6588771343e-01
1.7087775469e+00
1.0478658676e+00
-1.7927531004e+00
-3.6996755600e+00
-3.7008566856e+00
-4.5749989152e-01
-6.0683399439e-01
1.2863665819e+00
7.1640625000e+00
4.8337634653e-02
2.1561937034e-01
3.7882745266e-01
2.2408106327e+00
-1.8822333217e-01
-1.5037713051e+00
4.1573837399e-01
3.1641983986e+00
3.0861178041e-01
2.8492085934e+00
2.5869185925e+00
1.8291920424e+00
6.8593895435e-01
3.5071390867e-01
-2.0857455730e+00
-2.2343337536e+00
-7.7222871780e-01
-1.4098294973e+00
3.1504683495e+00
1.0951980203e-01
-1.4483041763e+00
-7.0245605707e-01
-2.6135625839e+00
-4.5034873486e-01
4.2422547936e-02
8.4759902954e-01
7.2515934706e-01
8.4399980307e-01
1.1656718701e-01
7.7824783325e-01
-4.0553656220e-01
2.5973489881e-01
-1.5136562586e+00
1.8176115751e+00
-1.1609237194e+00
1.5147001743e+00
-4.5354735851e-01
2.3143312931e+00
1.2696191072e+00
-3.0610445142e-01
3.0338364840e-01
-8.0321967602e-01
-1.7694749832e+00
-2.0973217487e+00
-1.1323385239e+00
1.3157919645e+00
-2.8923153877e+00
-4.8987932205e+00
-8.7238758802e-01
6.4781814814e-01
3.2233746052e+00
8.8445550203e-01
-3.6099767685e-01
-3.5682910681e-01
-1.9122381210e+00
2.9675984383e+00
-4.8812606931e-01
2.2214898467e-01
-8.5245496035e-01
1.6313241720e+00
2.5655227900e-01
-1.7592145205e+00
1.4169367552e+00
-6.2096858025e-01
-1.7571489811e+00
-3.1472506523e+00
-6.3412439823e-01
-8.7187808752e-01
-6.4147895575e-01
-2.9609582424e+00
-1.6709284782e+00
-9.0348702669e-01
-6.3231301308e+00
-2.1378548145e+00
1.4211322069e+00
5.0346434116e-01
-9.5300793648e-01
-1.3499727249e+00
-9.7399705648e-01
1.7621158361e+00
-1.9365323782e+00
-1.5674017668e+00
-2.5178172588e+00
1.3965855837e+00
1.0114488602e+00
9.6515077353e-01
1.8266286701e-02
9.2020165920e-01
-1.6545685530e+00
-1.7770224810e+00
-4.6232080460e+00
-1.5389720201e+00
-8.7708240747e-01
6.0070985556e-01
8.8171750307e-01
-1.5235546231e-01
-4.0181317329e+00
-1.0097675323e+00
1.7325095832e-01
2.1357650757e+00
1.0482088327e+00
3.2546392083e-01
2.9327273369e-01
1.2251193523e+00
-2.7243769169e+00
-1.2827621698e+00
-3.2529194355e+00
-1.6126115322e+00
2.2887337208e-01
5.7478767633e-01
5.5537796021e-01
2.6078698635e+00
1.3840528727e+00
1.9711488485e+00
-6.9964176416e-01
-1.5062073469e+00
9.5186568797e-02
3.9628043175e+00
4.4410651922e-01
-4.0322489738e+00
-3.5594277382e+00
9.3846434355e-01
2.0547010899e+00
2.1744954586e+00
4.4155058861e+00
3.4816243649e+00
-3.4350457788e-01
5.9099072218e-01
1.1247832775e+00
4.8163038492e-01
1.9926072657e-01
2.4801580906e+00
5.2128398418e-01
-1.6871989965e+00
2.8486788273e+00
1.1672787666e+00
3.1278065871e-03
-9.1205853224e-01
3.5757284164e+00
3.6122660637e+00
-2.0574423671e-01
1.6141931713e-01
7.1771931648e-01
6.2313348055e-01
4.8577360809e-02
9.1099584103e-01
5.1659411192e-01
-3.2964333892e-01
9.5121800900e-01
1.3914244175e+00
-8.0091916025e-02
-9.8006683588e-01
2.6050682068e+00
2.7221713066e+00
-1.1941130459e-01
-1.7186715603e+00
-1.6759444773e-01
-7.7497661114e-01
2.2380892932e-01
-1.2653195858e+00
7.5099989772e-02
2.3573689461e+00
-1.2730571032e+00
9.5134541392e-02
-1.0319451094e+00
-1.6262972355e+00
2.8987877369e+00
4.4787916541e-01
-1.4317922592e+00
-2.2318892479e+00
-1.6562201977e+00
-2.2638401985e+00
-1.4302822351e+00
1.3596620560e+00
-1.4313052893e+00
-5.9621982574e+00
-2.3550225794e-01
1.0257304907e+00
-9.5127940178e-01
-1.4358882904e+00
9.3511974812e-01
3.0482156202e-02
2.7848210335e+00
1.4202471972e+00
-3.5058622360e+00
-2.1807882786e+00
-3.3927557468e+00
-3.2292385101e+00
-1.7289118767e+00
-2.4144942760e+00
-9.5203235745e-02
1.8791756630e+00
-1.7974931002e+00
-2.6089352369e-01
-2.7570154667e+00
-4.3989143372e+00
-1.6430981159e+00
-2.3644304276e+00
8.5737621784e-01
-1.5491153300e-01
-9.9560314417e-01
-4.9622254372e+00
-2.2728981972e+00
-1.0324476957e+00
1.9861775637e+00
2.0291574001e+00
3.0663700104e+00
2.5221502781e+00
2.0725561678e-01
-4.8379099369e-01
-4.0263792872e-01
-1.5108821392e+00
-5.9952712059e-01
-1.3772953749e+00
-4.0216267109e-01
3.5929903388e-01
1.6184720397e-01
4.5606410503e-01
9.2563253641e-01
-1.5867537260e+00
-2.3973605633e+00
-2.5875561237e+00
-1.0010200739e+00
-7.0622813702e-01
-1.6085727215e+00
5.5467224121e-01
1.3978840113e+00
9.3194943666e-01
1.8291875124e+00
1.6418737173e+00
2.7921709418e-01
9.1249585152e-01
1.3908332586e+00
-8.6109768599e-03
6.9415265322e-01
-4.8652174883e-03
-1.3120874166e+00
6.7575871944e-01
2.0859198570e+00
7.1288478374e-01
-1.6179654598e+00
-8.9758932590e-01
-1.5751627684e+00
-1.3549916744e+00
-9.7593361139e-01
-2.4287095666e-01
-7.1718037128e-01
-1.1931746006e+00
5.4587703943e-01
9.7843140364e-01
1.3132071495e+00
1.8938258886e+00
-6.0729998350e-01
-4.0020668507e-01
-1.0820846558e+00
-2.8404057026e-01
1.4122997224e-01
5.4750686884e-01
-2.8354400396e-01
6.9268330932e-02
1.4131410122e+00
-2.4380797148e-01
1.4757034779e+00
5.9844017029e-01
1.2779564857e+00
1.5841528177e+00
5.2344232798e-01
4.3465483934e-02
6.3067890704e-02
1.3280055523e+00
4.5474290848e-01
1.5525433421e-01
1.9566677511e-01
-6.0639832169e-02
-1.2275917530e+00
-2.2339208126e+00
-1.4824390411e+00
-2.3656792641e+00
-4.2678856850e-01
1.0977164507e+00
-3.0356615782e-01
1.0375537872e+00
-2.4203915596e+00
-2.4611709118e+00
-4.2525646091e-01
-1.2654008865e+00
1.5752031803e+00
-1.1519575119e+00
-7.3720782995e-01
-3.1109216809e-01
-2.1228504181e+00
-8.0407273769e-01
4.0755124092e+00
2.1339359879e-01
-6.3622707129e-01
-1.3761410713e+00
9.3901199102e-01
-4.1719368100e-01
-3.1713056564e-01
-2.7769857645e-01
-2.7164747715e+00
-7.5348538160e-01
1.9753643274e+00
1.8372731209e+00
-2.6995470524e+00
-7.7044293284e-02
1.0107336193e-01
-1.4106369019e+00
-8.8714413345e-02
1.2869373560e+00
1.3742753863e-01
6.2833696604e-02
-1.1171222925e+00
2.1898758411e-01
4.9448171258e-01
1.6632004976e+00
-9.1781127453e-01
-3.8212454319e-01
9.8233371973e-01
1.9863592386e+00
1.0690072775e+00
2.3331212997e+00
3.2136636972e-01
-9.4430536032e-02
-2.2541348636e-01
-9.4278573990e-01
-1.9563370943e-01
6.7144292593e-01
1.7273408175e+00
2.0294814110e+00
-4.7810459137e-01
-1.1895904541e+00
-7.1897447109e-01
-2.6104586124e+00
-1.7398116589e+00
-9.5399820805e-01
-2.9527759552e-01
4.4018930197e-01
1.9430489540e+00
3.3195707798e+00
8.2651950419e-02
1.6622910500e+00
-1.1578263044e+00
4.5278578997e-01
4.9229174852e-01
7.8657537699e-01
6.2060391903e-01
1.3547879457e+00
5.0483429432e-01
3.2083722949e-01
1.8241640329e+00
2.3316056728e+00
-3.4753257036e-01
9.5293605328e-01
-2.1149580479e+00
-2.4604969025e+00
1.7264325619e+00
2.2245769501e+00
-6.2112915516e-01
1.3910965919e+00
-2.3047692776e+00
-1.4012163877e+00
-1.2046408653e+00
1.4147974551e-01
6.8869209290e-01
1.3481291533e+00
-1.5765867233e+00
-2.9739263058e+00
4.0162515640e+00
2.9116086960e+00
-3.6736267805e-01
-1.3043620586e+00
5.2014636993e-01
8.8388830423e-01
5.1851463318e-01
-2.3244602680e+00
5.5871062279e+00
3.5728423595e+00
5.9732198715e-01
1.3936694860e+00
8.1373429298e-01
3.1457173824e+00
-3.3576000482e-02
4.3713694811e-01
-5.6488960981e-01
1.6031416655e+00
1.3375877142e+00
9.0341943502e-01
-7.0118016005e-01
-1.2832750082e+00
-1.0526026487e+00
1.3214698434e-01
1.1173632741e-01
3.8372427225e-01
3.1716959476e+00
2.7730822563e+00
5.5066716671e-01
1.9683913887e-01
-1.8827695847e+00
-3.5444719791e+00
5.5866589546e+00
5.7396297455e+00
1.3641581535e+00
1.9451073408e+00
2.8759243488e+00
2.2058730125e+00
1.2625113130e-01
-7.7276223898e-01
-2.3038206100e+00
-1.2321264744e+00
1.2563078403e+00
7.1200662851e-01
2.0236923695e+00
2.2753133774e+00
-9.5229136944e-01
-3.0190334320e+00
-1.0205467790e-01
1.9630505145e-01
1.2732789516e+00
1.6462210417e+00
1.5398151875e+00
-2.3946699500e-01
7.3222106695e-01
1.6884522438e+00
1.6643882990e+00
2.4794468880e+00
-3.7812331319e-01
1.5637239218e+00
3.3965790272e+00
3.4275763035e+00
-2.3867936134e+00
-1.4955761433e+00
-8.7666773796e-01
-1.0693525076e+00
-6.3566774130e-01
1.2251774073e+00
3.3867394924e+00
4.8300809860e+00
1.5726067126e-01
3.5691423416e+00
-1.5110354125e-01
1.7356063128e+00
-7.2374504805e-01
-6.0778373480e-01
-6.1624211073e-01
-1.9724335670e+00
2.9540902376e-01
7.4205100536e-02
1.3701461554e+00
2.7611074448e+00
1.0369110107e+00
8.3046138287e-01
-4.0627729148e-02
-2.1659753323e+00
8.8474339247e-01
1.9990063906e+00
-2.1430890560e+00
-3.4834942222e-01
1.5432953835e+00
1.3013888597e+00
4.2083409429e-01
-1.5878787041e+00
-1.1701117754e+00
-1.2650876045e+00
3.1424519420e-01
1.7844922543e+00
-2.4401197433e+00
6.5548473597e-01
-1.6909658909e+00
2.4908813834e-01
3.0330542475e-02
5.2518957853e-01
-1.8126815557e+00
-2.2563228607e+00
-2.0786280632e+00
-2.2385394573e+00
3.6550176144e-01
2.0658574998e-01
-1.9776111841e+00
-1.1144139767e+00
3.3552803993e+00
2.6391417980e+00
-5.0963991880e-01
-4.9272224307e-01
1.4981701374e+00
8.2074713707e-01
2.1455988884e+00
4.0653362274e+00
4.0827333927e-01
-1.1436263323e+00
-1.6214857996e-01
9.5001053810e-01
-8.8103079796e-01
-1.5690177679e+00
-2.4888329208e-01
-6.2841498852e-01
2.3340559006e+00
9.4560486078e-01
9.8670892417e-02
2.3436522484e+00
-8.6236499250e-02
1.4910064638e-01
-1.4269083738e+00
-2.6341152191e-01
-2.6797080040e-01
-2.5211675167e+00
-2.2174611092e+00
-1.0193966627e+00
2.3149685860e+00
1.0588940382e+00
8.2904022932e-01
3.3494424820e-01
1.6974714994e+00
-1.3638797998e+00
3.0022394657e+00
2.8521592617e+00
1.8424463272e-01
-1.5842493773e+00
-1.8007129431e+00
-7.9814970493e-01
1.3311309814e+00
1.9247633219e-01
1.5814883709e+00
1.7224762440e+00
-2.6983076334e-01
-1.1741458178e+00
-3.1526441574e+00
-1.2831517458e+00
4.1677224636e-01
1.7047429085e+00
2.1457481384e+00
-2.5125962496e-01
1.6575113535e+00
1.4351847172e+00
-5.1777625084e-01
-2.4592609406e+00
-2.1216919422e+00
-1.5258039534e-01
3.0303702354e+00
3.7119922638e+00
1.4678357840e+00
-7.7879004180e-02
1.0888036489e+00
-9.9930047989e-01
8.4095036983e-01
1.9583862275e-02
7.7372479439e-01
1.0369498730e+00
-9.1878467798e-01
7.0536375046e-01
9.1997492313e-01
1.6037496328e+00
-3.2023853064e-01
6.5514588356e-01
-5.5407333374e-01
-1.5699068308e+00
1.7314758301e+00
1.2695074081e+00
-1.9901163578e+00
-1.3739176989e+00
-1.2339429855e+00
7.8697770834e-01
1.4059956074e+00
4.4072592258e-01
1.7790949345e+00
1.6925245523e+00
1.7660531998e+00
2.6093666553e+00
2.5084560737e-02
-3.8945829868e-01
-1.3745381832e+00
-1.5545830727e+00
-3.5432438850e+00
-2.0566713810e+00
-3.5142371058e-01
1.3211923838e+00
-3.5204425454e-01
1.7641319335e-01
6.6950923204e-01
9.1677218676e-01
2.9805326834e-02
-1.7099328041e+00
5.1990395784e-01
-2.9993540049e-01
-2.6792676449e+00
-1.9819771051e+00
1.0145111084e+00
1.2250179052e+00
-2.2520892322e-01
-5.3067249060e-01
-7.1373683214e-01
-1.3304890692e-01
-3.2586739063e+00
-1.1417713165e+00
-1.0532653332e+00
-3.2702857256e-01
-6.2408041954e-01
-9.2285615206e-01
1.2452099323e+00
9.3795138597e-01
-2.5043175220e+00
-1.6562123299e+00
-2.9885153770e+00
-3.9777919650e-02
-3.5398602486e-01
-1.2103157043e+00
-2.0554215908e+00
-4.0140259266e-01
-1.3149530888e+00
-1.1368268728e+00
-3.1393091194e-03
6.7922228575e-01
-1.3698420487e-02
-1.7007244825e+00
-4.9791041017e-01
4.5910949707e+00
-1.8178503513e+00
-1.0685536861e+00
8.4830963612e-01
1.2836174965e+00
1.0126629472e-01
1.0155194998e+00
-4.3982785940e-01
-1.8224803209e+00
1.2596550584e-01
1.6599072218e+00
3.0812770128e-01
1.8631763458e+00
-4.7535997629e-01
-1.0956332684e+00
-1.3859260082e-01
1.3422548771e-02
3.1556063890e-01
6.6512346268e-01
-1.6540571451e+00
-2.2128989697e+00
1.3939030170e+00
1.0325620174e+00
2.2142565250e+00
7.0227394104e+00
-1.7576016188e+00
-5.9695106745e-01
1.3200315237e+00
1.2905455828e+00
-6.4041571617e+00
-5.8852877617e+00
2.0298287868e+00
5.8309845626e-02
-1.0211818218e+00
-2.1872284412e+00
-8.8341093063e-01
1.6934159994e+00
1.5985441208e-01
-5.3296393156e-01
-1.3885546923e+00
-1.3563611507e+00
-1.4865335226e+00
1.3546240330e+00
3.9834985137e-01
1.6479718685e+00
6.9615912437e-01
2.8512743115e-01
5.4864698648e-01
-2.4820690155e+00
-2.3269796371e-01
-1.0801011324e+00
1.4784858227e+00
1.7761695385e+00
1.1880880594e+00
2.6818808913e-01
-3.3668804169e+00
-4.0206046104e+00
-5.7266479731e-01
-1.0100769997e+00
-7.1401774883e-01
-6.8508481979e-01
-3.8838496804e-01
-1.5097126961e+00
7.1490269899e-01
1.7730050087e+00
1.6135026515e-01
-1.9826853275e+00
-1.2665935755e+00
1.5293614864e+00
-1.4342292547e+00
2.4178849161e-01
-6.2611734867e-01
-2.3515660763e+00
-2.2053888068e-02
-7.1983438730e-01
3.3552712202e-01
1.9982522726e+00
-9.9990852177e-02
4.8704493791e-02
2.0173768997e+00
7.9932451248e-01
1.5364934206e+00
3.0772373676e+00
4.8379459977e-01
-1.2904121876e+00
7.9800170660e-01
1.3761026859e+00
3.5028364658e+00
7.2425104678e-02
-1.1284457445e+00
-1.2238904834e-01
1.9469702244e-01
5.0352078676e-01
-1.0962954760e+00
8.7664347887e-01
8.7691789865e-01
6.1628818512e-01
-2.3587855697e-01
-8.4445786476e-01
-1.1828497052e-01
8.8950812817e-01
-1.1446535587e+00
1.5652655363e+00
3.9307120442e-01
1.3643188477e+00
-1.6073060036e+00
-1.4463398457e+00
6.1455160379e-01
2.4085070938e-02
-5.4494196177e-01
7.6553642750e-02
2.4664595127e+00
2.0816800594e+00
-1.3797396421e+00
-2.0738625526e+00
-4.5029249787e-01
-1.9392969608e+00
2.1526486874e+00
5.8288049698e+00
-7.9375743866e-01
-1.0321079493e+00
-1.4886574745e+00
-1.4030379057e+00
-5.0261896849e-01
-4.9744477868e-01
-5.4833632708e-01
4.5255705714e-01
1.3965014219e+00
-1.7546248436e-01
3.2992196083e-01
-1.1015928984e+00
9.6586987376e-02
2.6283198968e-02
-6.2237763405e-01
3.9066755772e-01
1.6591341496e+00
7.1198540926e-01
-7.7490592003e-01
-6.3492774963e-01
-4.6407636255e-03
-4.4399762154e-01
5.7776623964e-01
9.6314716339e-01
4.7663379461e-02
1.4445813894e+00
-5.0632441044e-01
-1.0724991560e+00
-7.9222822189e-01
-6.6902166605e-01
-7.9617154598e-01
1.4245004952e-01
-1.6557158530e-01
1.5131058693e+00
-9.9029046297e-01
-1.4072946310e+00
5.4487794638e-01
1.3592019081e+00
4.5752984285e-01
-3.9368176460e-01
8.3986006677e-02
9.3126195669e-01
-3.6947801709e-01
6.9693553448e-01
-6.3811248541e-01
9.5604509115e-01
-9.3297964334e-01
3.4381499887e-01
-1.7660608888e-01
-3.6696144938e-01
4.6305033565e-01
-1.4930802584e-01
-3.6774992943e-02
7.3302829266e-01
-1.2713805437e+00
-4.5370429754e-01
-6.0259795189e-01
5.4490994662e-02
8.2117265463e-01
9.0860420465e-01
-3.5916534066e-01
-6.2494951487e-01
-5.4973280430e-01
1.1798884869e+00
-9.6087145805e-01
6.6645926237e-01
-4.2198225856e-01
1.0726925135e+00
-5.3417938948e-01
-1.7837302387e-01
-2.7724412084e-01
2.1471524239e+00
4.5809149742e-02
-7.1838907897e-02
9.5773696899e-01
-1.0774089396e-01
-1.7221378088e+00
-4.3911960721e-01
-1.3507866859e-01
1.2414414436e-01
-6.6599452496e-01
-2.2244670391e+00
-3.0860000849e-01
-5.6534236670e-01
7.9742176458e-03
-1.0374065489e-01
3.9997476339e-01
7.5513517857e-01
-1.9216104746e+00
1.1024054289e+00
-1.1788419485e+00
-5.7609432936e-01
1.7159202099e+00
1.0232088566e+00
-1.1913684011e-01
-1.1195409298e+00
3.8320124149e-01
-7.2395944595e-01
-1.4553288221e+00
-1.9796268940e+00
9.8729012534e-03
-7.0100390911e-01
-1.8117289543e+00
-1.2554960251e+00
-3.0409115553e-01
-6.6735094786e-01
-1.7739070654e+00
-5.0022095442e-01
2.8251442313e-01
1.9398154020e+00
-1.0119395256e+00
-2.6440975070e-01
-1.6938455105e+00
7.7672280371e-02
2.1689644456e-01
-9.5390301943e-01
6.0424727201e-01
1.1959278584e+00
4.2298796773e-01
1.0892344713e+00
1.4824561775e-01
-3.4353843331e-01
1.1202246696e-01
-3.9745146036e-01
-1.6751801968e-01
2.9658488929e-02
-8.6202494800e-02
1.3136938810e+00
9.9335384369e-01
-1.2206161022e+00
-2.1029036045e+00
-1.1160861254e+00
