# Shape: [64, 64, 5]
# Original tensor was reshaped from [64, 64, 5] to 1D array
-2.5122255087e-01
7.4996221066e-01
1.0124733448e+00
2.8094120026e+00
1.8082487583e+00
2.0755729079e-01
8.0448031425e-01
-4.7829356790e-01
-1.3296573162e+00
-1.1402144432e+00
-2.8046381474e-01
-2.6380205154e+00
6.4207410812e-01
1.2944033146e+00
9.2602527142e-01
5.4365986586e-01
1.2672442943e-02
-2.7176487446e-01
2.9257509708e+00
1.7725208998e+00
-2.5947010517e-01
-1.5020626783e+00
-4.8316422105e-01
1.3663686514e+00
3.2064574957e-01
-7.5145855546e-02
1.1713615656e+00
-4.6586516500e-01
3.6319112778e-01
3.9811769128e-01
2.0408148766e+00
1.1073726416e+00
1.3319699764e+00
1.1084873676e+00
-5.1511114836e-01
1.4771386981e-01
-8.4411352873e-01
-4.5703426003e-02
3.5782939196e-01
7.8044241667e-01
8.1458735466e-01
9.0296767652e-02
-2.6774530411e+00
-3.4397968650e-01
5.2351325750e-01
-3.1274461746e+00
5.5258339643e-01
3.6523893476e-01
2.0880799294e+00
1.1766668558e+00
-6.1843979359e-01
-6.9160896540e-01
-8.2708716393e-01
-7.5700569153e-01
4.1748389602e-01
-1.4826887846e-01
-1.2913774252e+00
-5.9071427584e-01
-1.3824113607e+00
-6.9959443808e-01
-1.8061029911e-01
1.7158284783e-01
5.1478636265e-01
-5.1428820938e-02
2.0291070640e-01
1.9114412367e-01
8.4473955631e-01
1.3060323000e+00
-1.2436805964e+00
-1.6282442808e+00
-2.6026546955e+00
2.2660763562e-01
9.2753207684e-01
5.2017110586e-01
7.1354740858e-01
1.9116290808e+00
1.0579766035e+00
-1.8156836033e+00
-1.4086239338e+00
-3.0543668270e+00
-4.3490001559e-01
8.4003722668e-01
1.6876266897e-01
8.0310696363e-01
1.9304577112e+00
6.2771654129e+00
4.1126656532e+00
6.2334960699e-01
-8.8598501682e-01
-1.0842609406e+00
-5.3750932217e-01
-2.1525196731e-01
-5.0018508919e-03
-2.5347981453e+00
-2.3737919331e+00
1.5422421694e+00
1.8055195808e+00
1.9484919310e+00
-1.5871400833e+00
-6.6443109512e-01
-3.9762911797e+00
-2.0006034374e+00
-7.4467407539e-03
-8.9676010609e-01
-2.3791077137e+00
-2.1996028721e-01
1.0438380241e+00
1.9919294119e-01
7.0644414425e-01
3.6205714941e-01
3.5430524498e-02
1.7356568575e-01
5.0248157978e-01
1.8541891575e+00
1.6792846918e+00
-1.1935536861e+00
-2.6269471645e+00
-2.9800872803e+00
-2.7139708996e+00
-2.1432881355e+00
5.0804931670e-02
-1.8112517893e-01
6.5281659365e-01
3.0385002494e-01
-1.5856268406e+00
1.1502860785e+00
6.5142202377e-01
2.2660847008e-01
-8.3132255077e-01
-4.4798994064e+00
4.0493756533e-01
2.1655781269e+00
-1.0324640274e+00
-1.0737972260e+00
-7.2550410032e-01
-9.1933029890e-01
8.7882286310e-01
-3.0709111691e-01
6.4263862371e-01
-1.2814704180e+00
6.4760255814e-01
-9.6984922886e-02
-2.2991349697e+00
-1.9896205664e+00
-5.6127041578e-01
3.6021590233e-01
-7.8467166424e-01
-1.3793522120e+00
-1.2640670538e+00
-1.9743899107e+00
8.1415921450e-01
2.4724640846e+00
9.6560317278e-01
8.9278316498e-01
-7.5583577156e-01
-3.6763770580e+00
-8.3581870794e-01
2.1620349586e-01
1.7190204859e+00
1.1452194452e+00
2.4455434084e-01
1.7985248566e+00
-6.7493122816e-01
-1.0767291784e+00
-2.1435269713e-01
-2.9440522194e-01
-1.9448456168e-01
-7.9456336796e-02
-1.0019935668e-01
1.5143072605e-01
6.5302580595e-01
-6.6272860765e-01
3.4599825740e-01
-7.6916307211e-01
-2.0128798485e+00
-1.1035962105e+00
2.5548118353e-01
-4.5699793100e-01
-2.1706452370e+00
-2.1456544399e+00
-7.3770588636e-01
-9.2584824562e-01
-1.1033987999e+00
4.2780441046e-01
1.9068206549e+00
-4.1598725319e+00
-1.4249320030e+00
-1.5060242414e+00
-5.1005190611e-01
-9.1430747509e-01
7.4368257523e+00
9.5618301630e-01
2.8868857026e-01
-8.9084696770e-01
-8.0096900463e-01
8.0897182226e-01
1.4958835840e+00
9.0456557274e-01
7.7884083986e-01
1.2805444002e+00
5.5279102176e-02
2.4406009912e-01
-9.5629519224e-01
6.6323518753e-01
1.8355693817e+00
-1.3413436413e+00
-1.9131022692e+00
-1.7226542234e+00
-1.5590956211e+00
-6.8662601709e-01
-3.3942407370e-01
-4.1891017556e-01
-2.3990788460e+00
-7.9500389099e-01
5.4108107090e-01
-1.1361338198e-01
7.9818509519e-02
-1.3529351950e+00
-8.2839030027e-01
8.2207876444e-01
-1.0491226912e+00
-7.4230158329e-01
-1.3340634108e+00
-1.1668840647e+00
-2.9773178697e-01
-1.7426021099e+00
-1.1268963814e+00
-9.7837913036e-01
-4.6185266972e-01
-3.5818126798e-01
-2.0749821663e+00
1.0493189096e+00
2.0767383575e+00
1.2843343019e+00
6.7596197128e-01
-7.6133334637e-01
-1.6885938644e+00
-7.7698528767e-01
7.9730069637e-01
5.7068741322e-01
3.0032286048e-01
-1.0324116945e+00
-1.2048649788e+00
-1.5609924793e+00
7.9884415865e-01
6.0600566864e-01
1.1362216473e+00
-8.7169393897e-02
1.0472630262e+00
4.0336108208e-01
7.7962791920e-01
-7.0781975985e-01
-1.1127316952e+00
-3.6886327267e+00
-2.1514990330e+00
2.0786402225e+00
4.8338893056e-01
-5.4601278156e-02
-1.1928507090e+00
-1.0517435074e+00
-1.6766382456e+00
-9.2137020826e-01
-1.2914316356e-01
4.6841612458e-01
1.8204509020e+00
1.1939661503e+00
-7.5277738273e-02
1.4037414789e+00
7.2191417217e-01
1.7783938646e+00
-2.8317683935e-01
7.5499862432e-01
1.7439135313e+00
1.2150141001e+00
2.9507515430e+00
-1.4804111719e+00
-8.0320185423e-01
-1.9200117886e-01
-1.6295506954e+00
-1.3568955660e-01
-8.9912867546e-01
-1.9380520582e+00
-5.5886787176e-01
-2.0619907975e-01
8.6741143465e-01
-2.3104069233e+00
-7.4445664883e-01
-1.9877299070e+00
8.0915041268e-02
-6.8090498447e-01
-4.0838732719e+00
-5.8830529451e-01
-8.7351113558e-01
-4.0031000972e-01
6.3313198090e-01
-4.6958577633e-01
8.6305387318e-02
5.1349103451e-01
1.6124269962e+00
1.8082182407e+00
1.0883718729e+00
7.1664698422e-02
-1.1522543617e-02
-5.7634800673e-01
-2.7899155021e-01
-4.3365144730e+00
-1.2916774750e+00
-2.2565627098e+00
2.1990428865e-01
-9.7594571114e-01
-4.1958922148e-01
-5.2820855379e-01
-7.8898501396e-01
-2.4583849311e-01
2.1543464661e+00
-1.6516293287e+00
-3.4876102209e-01
9.5720194280e-02
-2.4676124752e-01
5.9916257858e-01
-1.4397630692e+00
2.6834177971e-01
9.2212200165e-01
-4.0117493272e-01
-3.4919643402e-01
1.2145550251e+00
5.8093541861e-01
-5.5575489998e-01
-1.4639873505e+00
1.8359582424e+00
-2.1424713135e+00
-2.1324496269e+00
-8.2330179214e-01
-1.7865374088e+00
2.6345411316e-02
-2.5538437366e+00
-3.9552995563e-01
-6.3054788113e-01
-1.7450028658e-01
1.3346379995e-01
-6.3396090269e-01
-5.1992452145e-01
-1.3539962769e+00
-9.5775723457e-01
1.7417628318e-02
6.9879037142e-01
-6.2735052779e-04
4.9164640903e-01
3.1936398149e-01
-9.7071665525e-01
1.6889189482e+00
1.6004922390e+00
8.1809782982e-01
-4.3943411112e-01
-2.4693655968e+00
1.8840550184e+00
1.4144834280e+00
8.2303059101e-01
9.1864898801e-02
8.0418956280e-01
-2.0136585236e+00
-1.3402225971e+00
-7.7752739191e-01
-4.3849274516e-01
-7.5140392780e-01
-1.8305683136e+00
2.8539130092e-01
6.7390936613e-01
4.7385990620e-01
-3.0712914467e+00
1.5822237730e-01
-9.7292125225e-01
-9.0293484926e-01
-4.8202224076e-02
-7.3630952835e-01
3.2996383309e-01
1.0948425531e+00
8.6275684834e-01
-1.5106850863e+00
5.6073516607e-01
5.7509377599e-02
5.3719890118e-01
7.4274903536e-01
6.9173055887e-01
-1.6366125643e-01
-2.1140606403e+00
-8.4338200092e-01
-1.8100659847e+00
-2.0608415604e+00
-5.8550214767e-01
6.3745826483e-01
1.1924993992e+00
1.4301602840e+00
6.6511744261e-01
-2.5716471672e-01
1.4257122278e+00
1.5152572393e+00
1.9738947153e+00
5.8686709404e-01
-3.3832538128e-01
-2.9724827409e-01
2.7779325843e-01
1.1934250593e-01
-8.3646312356e-02
1.3773276806e+00
3.7216513157e+00
2.6919395924e+00
1.3748780489e+00
1.2472653389e+00
1.4727035761e+00
-1.0188784599e+00
-3.3352077007e-01
-4.6460616589e-01
-1.1632268429e+00
-1.6632572412e+00
2.4729335308e+00
2.0700137615e+00
1.4750488997e+00
2.3527870178e+00
3.1298777461e-01
2.9021954536e+00
3.5252721310e+00
4.0222029686e+00
1.9371443987e+00
1.8186125755e+00
1.5518233776e+00
2.4148511887e+00
5.4240196943e-01
1.5154625177e+00
-4.8061332107e-01
-1.7439697981e+00
-8.2902824879e-01
-1.5229672194e+00
-3.3289328218e-01
-1.0392661095e+00
-1.2962632179e+00
-1.2124081850e+00
-6.2050575018e-01
-1.5920922756e+00
-1.6458034515e-02
2.4804172516e+00
1.3609974384e+00
-4.7186663747e-01
-1.5424172878e+00
-8.9466929436e-01
-1.3032510281e+00
-1.4692678452e+00
-1.0447410345e+00
-8.5109126568e-01
-6.9538998604e-01
2.5139067173e+00
1.7211238146e+00
1.3606942892e+00
2.1111929417e+00
-2.4850746617e-02
-1.7160661221e+00
-1.5038770437e+00
-1.0836277008e+00
1.9116061926e-01
-7.4807363749e-01
-1.1572145224e+00
-9.8268276453e-01
-4.1321489215e-01
9.6933856606e-02
4.6971079707e-01
2.5902478695e+00
2.1068847179e+00
4.3372225761e-01
3.6100611091e-01
7.2404646873e-01
2.0028328896e+00
1.8663201332e+00
1.5581154823e+00
2.0976881497e-03
-1.4656622410e+00
-1.6901972294e+00
-2.8079729527e-02
-9.1833686829e-01
-1.6468769312e+00
-5.3040409088e+00
2.4737088680e+00
1.9665771723e+00
1.4162620306e+00
1.4138727188e+00
2.6932373643e-01
1.3252948523e+00
2.3348772526e+00
1.6374529600e+00
3.4993883967e-01
2.0506119728e-01
-7.9153645039e-01
-1.8026735783e+00
-9.5616787672e-01
-2.4671070576e+00
-8.2196170092e-01
-1.5428719521e+00
-7.2350358963e-01
1.0644735396e-01
1.8482701778e+00
2.7380518913e+00
6.9172942638e-01
5.5795335770e-01
1.4266283512e+00
5.3154945374e-01
2.1352291107e+00
5.3479725122e-01
1.0821643472e-01
9.5243519545e-01
-2.7837073803e-01
-1.8525294065e+00
3.6567523479e+00
1.4625232220e+00
6.7994880676e-01
3.2349936962e+00
3.1072044373e+00
1.5854741335e+00
1.3419121504e-01
-1.3109108210e+00
-8.9645957947e-01
-1.0903072357e+00
1.6028054953e+00
5.8623951674e-01
-2.2742997855e-02
-5.7305157185e-01
2.3222332001e+00
2.0253543854e+00
5.9150105715e-01
-1.2238515168e-01
5.3675651550e-01
7.9030817747e-01
-1.7045156956e+00
-1.4354368448e+00
-1.6828579903e+00
-2.9266867042e-01
1.8089013100e+00
-6.8624275923e-01
-1.8427630663e+00
-1.6543809175e+00
-2.9339087009e+00
-4.1739410162e-01
-1.4478155375e+00
-1.0779206753e+00
-1.0606142879e-01
1.8493949175e+00
1.2601231337e+00
-2.3445975780e-01
-2.6858597994e-01
-3.1730812788e-01
-8.0764889717e-01
-5.5090761185e-01
-4.1866259575e+00
-2.8962843418e+00
-1.2433953285e+00
-3.9783382416e-01
1.2382150888e+00
-1.4190918207e-01
2.1665148437e-02
-6.4913205802e-02
1.3380797207e-01
2.0442360640e-01
1.9625074863e+00
1.7175899446e-01
-2.0264828205e+00
-7.8915596008e-01
9.1734820604e-01
2.0359730721e+00
1.7926689386e+00
3.9841908216e-01
-4.0382128954e-01
-5.9015619755e-01
-2.6337523460e+00
-1.1225483418e+00
-6.7976695299e-01
-7.8075580299e-02
1.1078596115e+00
2.3559420109e+00
5.6923067570e-01
3.1699588895e-01
2.4721906185e+00
3.2275838852e+00
3.1026058197e+00
2.9854297638e+00
2.3586099148e+00
2.0839350224e+00
4.0043883324e+00
1.0776351690e+00
-7.1705591679e-01
-2.1039118767e+00
-4.0936203003e+00
-5.4325895309e+00
-6.8869090080e-01
-2.7887675166e-01
-1.5890265703e+00
-1.6264570951e+00
-1.4681552649e+00
-1.6727484465e+00
-1.6143373251e+00
-7.2891956568e-01
-1.9989016652e-01
2.1102173254e-02
-2.6096686721e-01
-7.9673290253e-01
-2.7784130573e+00
-1.5987434387e+00
6.1792016029e-01
3.0456278324e+00
1.6671650410e+00
-1.2380777597e+00
-1.3851734400e+00
-2.2044634819e+00
-3.7439599037e+00
-2.9397172928e+00
-1.2787940502e+00
-1.2296706438e+00
-7.3735415936e-01
-1.1482145786e+00
-8.9588254690e-01
-1.2316271067e+00
-3.1890714169e-01
-1.0486061573e+00
-1.9478383064e+00
-2.0260090828e+00
-2.3276133537e+00
4.7964090109e-01
-3.3089199569e-03
1.8660194874e+00
2.0117600262e-01
-7.3615103960e-01
-9.7742164135e-01
-1.8765616417e+00
4.7231143713e-01
7.1449095011e-01
1.2719807625e+00
1.7126338482e+00
1.5185664892e+00
1.1838775873e+00
1.1600173712e+00
2.4935967922e+00
3.0602898598e+00
3.7000963688e+00
4.6649426222e-01
-1.1336483955e+00
-3.6796605587e+00
-1.8894485235e+00
-4.5360630751e-01
1.1616480350e+00
-5.8338254690e-01
-3.6932258606e+00
-2.8820347786e+00
-2.0126621723e+00
-3.8305737972e+00
-1.7795054913e+00
-1.1726403236e+00
-2.3402731419e+00
-6.3899958134e-01
4.7756525874e-01
4.7593298554e-01
1.8580960035e+00
-8.0275636911e-01
-1.9109474421e+00
-5.4819834232e-01
-5.4426509142e-01
-3.3577582240e-01
-8.8050955534e-01
1.2877726555e-01
-8.3997666836e-01
2.5547620654e-01
-3.4828609228e-01
1.2863379717e+00
1.3532283306e+00
2.0357806683e+00
1.3747613430e+00
-8.7579321861e-01
-1.1103179455e+00
8.2613372803e-01
-2.2692298889e+00
-8.7125837803e-01
7.5046944618e-01
8.5867100954e-01
5.4645842314e-01
-3.1166076660e+00
-1.7423955202e+00
6.3902151585e-01
9.1291749477e-01
1.0918009281e+00
2.1826674938e+00
1.9903113842e+00
2.6754074097e+00
1.2700327635e+00
-8.0380666256e-01
1.2279062271e+00
-6.6325342655e-01
-5.9890490770e-01
1.0255243778e+00
1.5069118738e+00
1.6247259378e+00
2.4228098392e+00
-8.1989711523e-01
-1.0644633770e+00
-2.0254757404e+00
-1.1633868515e-01
-6.5207439661e-01
-3.7445273995e-01
-9.7549629211e-01
-6.7652118206e-01
1.7685667276e+00
9.7645705938e-01
-6.0789746046e-01
2.3906391859e-01
5.9560364485e-01
-4.5489189029e-01
4.7437363863e-01
9.6443814039e-01
7.8582274914e-01
7.9346096516e-01
2.6485660672e-01
5.7862555981e-01
-8.0355834961e-01
-1.9763406515e+00
-1.4356783628e+00
5.9176874161e-01
1.0125513077e+00
1.0757757425e+00
1.9780274630e+00
1.0969148874e+00
1.3078730106e+00
-8.2814037800e-01
-1.5089348555e+00
-9.6582788229e-01
-7.2088634968e-01
2.9522818327e-01
1.0852143168e-02
-1.6332348585e+00
-2.5766441822e+00
-2.2160952091e+00
2.1411442757e-01
1.1792205572e+00
-1.7437125444e+00
-2.0722723007e+00
-1.4456739426e+00
1.9183987379e+00
1.5004302263e+00
-7.2028887272e-01
4.5143505931e-01
5.3876228631e-02
6.1830490828e-01
1.8918190897e-01
3.5686358809e-01
2.3791755736e-01
4.7242385149e-01
1.7133134604e+00
1.9722456932e+00
2.9099481106e+00
8.5159587860e-01
3.2194916159e-02
-2.6225817204e+00
-2.0447549820e+00
-2.6590241119e-02
-2.5835767388e-01
-1.0216960311e-01
-3.8366734982e-01
-4.9620484933e-03
8.4156835079e-01
-1.9369055331e-01
-2.0993242264e+00
2.8093019128e-01
-7.7456563711e-02
-3.0369608402e+00
-3.4812278748e+00
-1.7043619156e+00
1.6898347139e+00
1.6208201647e+00
4.8310092092e-01
1.2421871424e+00
1.9079619646e+00
-1.0687337816e-01
-1.1011099815e+00
6.9074314833e-01
2.4151802063e-01
4.2277026176e-01
-2.6291198730e+00
-3.5048193932e+00
-8.8579750061e-01
6.8788558245e-01
4.7232428193e-01
-1.3094906807e+00
-2.0940165520e+00
-1.2762296200e+00
1.3654911518e-01
5.0144326687e-01
2.6218500137e+00
-1.7590543628e-01
-5.7519543171e-01
6.2116390467e-01
6.6904187202e-02
1.3161250353e+00
3.0953097343e+00
2.8629570007e+00
1.3766175508e-01
-1.2303315401e+00
-1.0986738205e+00
1.2053683996e+00
-3.3867098391e-02
1.7619701624e+00
1.3943327963e-01
1.1472309828e+00
-1.5474795103e+00
-1.4604409933e+00
-8.8917911053e-01
-1.7980177402e+00
-7.1113502979e-01
-2.3771090508e+00
-1.6851257086e+00
2.0870251954e-01
-2.4756611884e-01
7.5389403105e-01
-6.6445797682e-01
-2.1379849911e+00
-7.0250874758e-01
-1.0851132870e+00
-3.9809129238e+00
-2.5593945980e+00
-1.9380345345e+00
-2.2500526905e+00
-1.2987558842e+00
-6.1225450039e-01
3.1516534090e-01
1.5073766708e+00
4.9507814646e-01
-5.1173638552e-02
-1.5014164150e-01
-2.9342868924e-01
-1.0482312441e+00
7.6809328794e-01
3.4100227356e+00
1.5155189037e+00
1.6667001247e+00
2.0302052498e+00
2.7640872002e+00
4.6510167122e+00
-8.3398139477e-01
-1.5425449610e+00
-2.0433132648e+00
-1.7970178127e+00
-1.0348442793e+00
-9.3672925234e-01
-1.0608757734e+00
-2.9743161798e-01
-6.7419940233e-01
-5.8643645048e-01
-1.3041624427e-01
-1.4099975824e+00
-1.2592185736e+00
1.1261790991e+00
6.2970066071e-01
-1.7892971039e+00
-2.2510299087e-01
-3.1568905711e-01
6.0087382793e-01
8.7552469969e-01
2.3653167486e-01
9.6853667498e-01
2.9549109936e+00
1.2356564999e+00
4.1238892078e-01
-9.3611717224e-02
-1.1125311852e+00
4.8843580484e-01
3.4540316463e-01
-9.0323746204e-01
2.3367593288e+00
9.7668725252e-01
1.9055303335e+00
1.6629315615e+00
9.0706789494e-01
-1.9745984077e+00
2.1467043459e-01
3.2974144816e-01
-1.7945374250e+00
-1.4335417747e+00
-1.8913999796e+00
-1.6556191444e+00
-1.2021700144e+00
9.6128654480e-01
9.8841077089e-01
2.5698196888e-01
2.3733285069e-01
6.4274239540e-01
6.0445797443e-01
-5.6177759171e-01
-7.0545357466e-01
-1.5307223797e+00
-4.0830898285e+00
-2.1292927265e+00
-2.1052055359e+00
3.0440734699e-02
-1.0654525459e-01
-8.0718293786e-02
8.4941035509e-01
5.6471018791e+00
1.7177999020e-02
-7.9175388813e-01
1.2464655936e-01
9.0052342415e-01
2.7950081229e-01
7.6790213585e-01
3.5659701824e+00
-8.9821153879e-01
-3.4218946099e-01
7.4007618427e-01
-1.0232536793e+00
2.3756868839e+00
2.4973371029e+00
2.6203124523e+00
3.7272133827e+00
-1.2539526224e+00
-1.0598880053e+00
-4.0400397778e-01
-7.5827169418e-01
2.6213532686e-01
-1.9254219532e+00
-1.0965158939e+00
-2.2350587845e+00
-2.5230865479e+00
-9.7883716226e-02
-1.9784964621e-01
-1.2213377953e+00
-6.8172699213e-01
-2.3674020767e+00
-2.3386206627e+00
-3.2241232395e+00
-6.3118922710e-01
4.9846935272e-01
-1.1429994106e+00
-1.1666612625e+00
1.8213995695e+00
2.3185594082e+00
2.7269563675e+00
5.1388347149e-01
1.4498461783e-01
-1.5094830096e-01
-2.4301756918e-01
5.1613068581e-01
1.5101355314e+00
3.6308226585e+00
-1.9113775492e+00
-1.0564677715e+00
7.7151650190e-01
1.2699040771e-01
1.2347224951e+00
-1.3135825098e-01
-1.3799174130e-01
1.9250272512e+00
3.7155210972e+00
2.7638792992e+00
-2.0014674664e+00
-1.9285910130e+00
-9.5650249720e-01
-7.3574090004e-01
-4.0928396583e-01
-6.4910650253e-01
1.9910694659e-01
-1.3793833256e+00
-1.8948700428e+00
-3.0332357883e+00
1.8855264187e+00
1.9246197939e+00
1.5357617140e+00
-5.1203715801e-01
4.4922718406e-01
-1.9113858938e+00
-1.1782885790e+00
1.2435217947e-01
-7.9841852188e-01
-7.2377306223e-01
-1.6613093019e-01
-9.8438012600e-01
-4.9657043815e-01
-5.9535419941e-01
-1.8160467148e+00
4.9750763178e-01
5.3250845522e-02
-2.9388549924e-01
1.8288515508e-02
-9.8029839993e-01
1.9958627224e-01
1.1344418526e+00
-3.6505135894e-01
-3.0523684621e-01
9.5053780079e-01
2.0759825706e+00
3.9928063750e-01
4.3771892786e-01
-4.7422298789e-01
2.3457965255e-01
1.1282901764e+00
1.6194363832e+00
2.0060498714e+00
7.0161312819e-01
7.2171789408e-01
-4.2185444832e+00
-1.8518093824e+00
-5.8280676603e-01
-4.3179559708e-01
-3.9319634438e-01
-5.7730817795e-01
-5.9617060423e-01
-1.3129802942e+00
1.5435626507e+00
6.2888771296e-01
2.4807040691e+00
2.5852515697e+00
5.1673215628e-01
1.3422620296e+00
5.7202941179e-01
-3.6591288447e-01
-6.1429971457e-01
2.5518584251e-01
-2.6301972866e+00
-3.0255584717e+00
-8.3550918102e-01
-3.0695185065e-01
6.6302485764e-02
9.0481871367e-01
8.9798259735e-01
-4.3534774780e+00
-3.7728466988e+00
-2.1073038578e+00
-2.5816347599e+00
-8.6198717356e-01
7.4808180332e-01
-8.2989388704e-01
-1.2829774618e+00
-1.3166369200e+00
-9.6357709169e-01
7.8046739101e-01
7.0042002201e-01
1.3085970879e+00
1.3878482580e+00
8.7082934380e-01
1.8004488945e+00
1.8479971886e+00
1.6145203114e+00
7.1176326275e-01
-5.3462539800e-03
1.7072896957e+00
9.5378899574e-01
6.6314518452e-01
5.5150675774e-01
5.3285574913e-01
-1.4084601402e-01
-4.7585639358e-01
-9.6735298634e-01
3.7919160724e-01
1.6916805506e+00
1.9405128956e+00
1.7518659830e+00
1.6635015011e+00
1.1388231516e+00
8.3999313414e-02
-2.3799303174e-01
1.8326591253e+00
1.6108219624e+00
2.2783832550e+00
2.6491749287e+00
1.1058164835e+00
9.8744004965e-01
-1.8246854842e-01
7.9622888565e-01
2.2434282303e-01
-1.7807949781e+00
-8.6899852753e-01
-1.0642775297e+00
2.3752655089e-01
-3.5049510002e-01
-5.6799069047e-02
1.2992264032e+00
3.0090079308e+00
4.1774153709e+00
4.5760116577e+00
2.3838720322e+00
-4.1588181257e-01
7.5219042599e-02
-5.2978312969e-01
-4.9031141400e-01
-3.2223492861e-01
-9.0617334843e-01
-2.6247184277e+00
-1.7801212072e+00
8.5274505615e-01
3.1862607002e+00
1.9782445431e+00
1.5779384375e+00
1.1973973513e+00
2.2070930004e+00
-3.0196601152e-01
2.7003046870e-01
-3.4141179174e-02
3.5107674599e+00
3.4905745983e+00
-3.5585231781e+00
-3.1685700417e+00
-1.3182115555e+00
-5.4395866394e-01
-6.9031137228e-01
1.7790811062e+00
-1.5793304145e-01
4.0630543232e-01
-6.9516599178e-01
8.6230659485e-01
1.3547729254e+00
9.0840417147e-01
8.7648564577e-01
1.4100419283e+00
6.9108046591e-02
7.1243995428e-01
-1.2790550292e-01
7.7088338137e-01
7.4771803617e-01
2.0817221701e-01
1.7513711452e+00
7.5348889828e-01
7.8456389904e-01
4.7673735768e-02
-1.0277478695e+00
-6.8987649679e-01
6.7934417725e-01
-5.4630219936e-01
-8.9318192005e-01
-1.5256999731e+00
-3.1833002567e+00
-6.7214655876e-01
-8.4260278940e-01
2.3248589039e-01
5.7657122612e-02
-3.2886891365e+00
-1.6467832327e+00
-2.8370583057e+00
-5.8924067020e-01
-6.0135388374e-01
-3.9592990279e-01
8.8771992922e-01
-3.9804134518e-02
-1.2334645987e+00
-5.3972667456e-01
3.3250078559e-01
1.8036225811e-02
6.6381001472e-01
1.1907714605e+00
-7.5720943511e-02
2.1578528881e+00
3.1025969982e+00
2.4363811016e+00
2.2101743221e+00
5.2867593765e+00
7.3916822672e-01
7.3203605413e-01
1.6141451895e-01
9.2808002234e-01
7.1498149633e-01
4.9378010631e-01
-2.5939267874e-01
-1.4838374853e+00
-3.1924669743e+00
-2.4287400246e+00
3.8034501076e+00
3.0177810192e+00
3.0470356941e+00
3.2625420094e+00
3.6661303043e+00
-8.3554685116e-01
-4.2339724302e-01
-3.0324742198e-02
-2.3483731747e+00
6.1572492123e-01
-3.6235392094e+00
-8.5421943665e-01
-4.3247137070e+00
-3.3417906761e+00
-5.3407292366e+00
1.6277232170e+00
-6.8399071693e-01
3.3060681820e-01
4.3531659245e-01
5.2517277002e-01
-1.1028113365e+00
-2.4075463414e-01
-1.8789883852e+00
-1.8286567926e+00
-2.4932780266e+00
-4.8078235984e-01
-1.4861943722e+00
1.6167090833e-01
-7.7973562479e-01
-8.7740468979e-01
-2.6243501902e-01
-4.2199254036e-01
5.9343552589e-01
-4.9414291978e-01
-4.8801711202e-01
-1.7864225432e-02
1.9646297395e-01
-1.0788519382e+00
-1.1035088301e+00
-2.1799826622e+00
-5.9211957455e-01
-1.7076390982e-01
-1.1949261427e+00
-3.8319456577e+00
-2.9309957027e+00
-1.6601961851e+00
-2.8403470516e+00
-8.4679752588e-01
-2.7075018883e+00
-8.8725346327e-01
1.0713311434e+00
1.9984276295e+00
9.6703016758e-01
1.8116434813e+00
4.0549736023e+00
2.7896680832e+00
2.8618729115e+00
2.4690780640e+00
3.3901519775e+00
2.8969750404e+00
-1.2575138807e+00
-3.6989054084e-01
8.8377600908e-01
3.1143379211e-01
-2.0755250454e+00
-2.3631496429e+00
-1.6312177181e+00
-2.8354707360e-01
-1.5938481092e+00
-1.9763928652e+00
-1.9834287167e+00
-3.7681415677e-01
-3.1775820255e-01
-1.9333079457e-01
8.9108943939e-01
3.9309239388e+00
-4.4758170843e-01
1.6605732441e+00
-3.6074131727e-01
1.1199741364e+00
-3.0080699921e-01
-2.2265094519e-01
-7.8534525633e-01
-1.2108726501e+00
-4.9275425076e-01
-1.2893687487e+00
-1.9007972479e+00
-2.2591741085e+00
-2.7243330479e+00
-2.8735058308e+00
-4.8826366663e-01
1.1674987152e-02
-2.4524123967e-01
5.5040365458e-01
5.3959864378e-01
-1.0331164598e+00
9.7719842196e-01
-2.2165569663e-01
1.2951365709e+00
1.0994782448e+00
2.1805651188e+00
1.4531049728e+00
-9.3416059017e-01
3.8580685854e-01
-6.2116390467e-01
1.5951938927e-01
5.2482217550e-01
1.6593695879e+00
1.5149842501e+00
8.3633208275e-01
-3.4950840473e-01
7.2869968414e-01
1.8148117065e+00
2.1282010078e+00
2.4294326305e+00
3.8722338676e+00
3.9028093219e-01
-1.7455177009e-01
-1.1897972822e+00
-2.0235605240e+00
-2.5481371880e+00
-2.6867494583e+00
-2.7673616409e+00
-1.5917180777e+00
-7.1154093742e-01
-2.3089497089e+00
-9.0312230587e-01
1.5844151378e-01
7.3719903827e-02
-6.4282000065e-01
3.1952958107e+00
1.2436125278e+00
-5.8324098587e-01
-1.4535155296e+00
-8.3159911633e-01
-3.5322856903e-01
1.1418687105e+00
-1.3347911835e+00
-1.5710313320e+00
-4.3832354546e+00
3.8553744555e-01
-1.1494277716e+00
1.5161836147e-01
1.3785728216e+00
2.6011922359e+00
2.1857471466e+00
1.1726312637e+00
-5.5605441332e-01
-7.6380914450e-01
-2.1224493980e+00
-4.2020082474e+00
-2.1816263199e+00
-1.0388770103e+00
-2.7147305012e-01
-4.2014756799e-01
-1.0722222328e+00
7.4173755944e-02
1.6462001801e+00
1.4247516394e+00
1.2440245152e+00
4.4529652596e+00
2.6572649479e+00
5.3253617138e-02
-3.1161358356e+00
-2.5610313416e+00
-3.3348169327e+00
-2.1965425014e+00
-9.5711982250e-01
2.7268680930e-01
-5.1757967472e-01
6.6381120682e-01
6.1325293779e-01
9.6527498960e-01
-2.6294436455e+00
-1.3583632708e+00
3.9642769098e-01
-2.5639870763e-01
2.9987353086e-01
4.0059781075e-01
-6.7999772727e-02
-5.4913014174e-01
1.1279319525e+00
-1.6473259926e+00
3.7791135907e-01
6.1861658096e-01
6.9163525105e-01
1.1328483820e+00
3.7146264315e-01
1.9739323854e-01
-1.7381371260e+00
-1.0389018059e-01
-1.4069546461e+00
-5.5810827017e-01
4.8430985212e-01
-3.3273836970e-01
-8.5489624739e-01
-2.0183588564e-01
-1.7298094034e+00
-2.3833739758e+00
-1.4007415771e+00
-7.2550308704e-01
-1.0729768276e+00
-1.4104582071e+00
-1.1573662758e+00
-4.1368925571e-01
-2.0814497471e+00
-1.0484019518e+00
-3.4835094213e-01
8.3083415031e-01
-1.1972030997e-01
-2.8359857202e-01
-7.7696287632e-01
-1.7689324915e-01
-3.9333373308e-01
-1.0721132755e+00
-1.2106993198e+00
-1.2038472891e+00
-2.2438077927e+00
-7.5879472494e-01
1.1785128117e+00
1.6309899092e+00
5.8715397120e-01
4.3476244807e-01
2.2410748899e-01
-5.1349407434e-01
1.5331132412e+00
7.0314323902e-01
9.5542326570e-02
2.3580937088e-01
-2.7678145096e-02
-2.3831405640e+00
-8.2516068220e-01
6.7540019751e-01
-4.9258753657e-02
-3.1013396382e-01
1.9321701527e+00
8.7414473295e-01
-1.6105318069e+00
-2.7572650909e+00
4.9622300267e-01
-3.8495454788e+00
-3.9481492043e+00
-1.5245143175e+00
5.8610077947e-02
9.0507680178e-01
1.5726799965e+00
1.5583316088e+00
1.4544957876e-01
1.1824535131e+00
1.8743813038e+00
-2.7513393760e-01
7.9299665987e-02
-4.4744336605e-01
1.2877535820e+00
3.0909314752e-01
-1.6911120415e+00
-4.6230143309e-01
1.0400940180e+00
1.0988843441e+00
7.2530150414e-01
3.8441082835e-01
1.9516457617e-01
-1.9764319658e+00
3.6013206840e-01
9.3655788898e-01
7.9618692398e-01
1.8549153209e-01
-1.8221225590e-02
4.4929516315e-01
1.7553498745e+00
3.1757159233e+00
3.3008086681e+00
1.3257783651e-01
-1.9053879976e+00
-3.7999818325e+00
1.0207551718e+00
-6.7975163460e-02
2.5367276669e+00
7.7372038364e-01
1.8906369209e+00
1.9433996677e+00
1.9494663477e+00
1.8920854330e+00
2.3996181786e-01
1.0159955025e+00
-2.0444486141e+00
-1.1145379543e+00
-6.8162119389e-01
-4.4378739595e-01
-2.7392096519e+00
1.0323225260e+00
5.8951747417e-01
1.0164985061e-01
-1.0904453695e-01
9.2030835152e-01
-2.0666437149e+00
7.0612125099e-02
2.0267127454e-01
3.0253624916e-01
1.2783672810e+00
1.7831746340e+00
1.8744707108e+00
-3.2913675904e-01
-1.2076975107e+00
-2.5441815853e+00
-1.9598968029e+00
-1.3983724117e+00
1.0217982531e+00
4.3353157043e+00
3.4796113968e+00
-6.7023605108e-01
-2.0185711384e+00
-2.9667434096e-01
-1.1199687719e+00
1.3617673516e-01
-7.8895884752e-01
-4.4832515717e-01
-1.6207314730e+00
-7.4907052517e-01
1.3288240433e+00
-1.6782362759e-01
-1.3673479557e+00
-1.3300780058e+00
7.3359334469e-01
7.8611835837e-02
6.2278553843e-02
-6.0645979643e-01
-6.4521521330e-01
1.7117609978e+00
3.7287952900e+00
-1.8789317608e+00
5.7565158606e-01
4.7133257985e-01
1.7778062820e+00
7.7011597157e-01
2.8528282642e+00
1.2867714167e+00
2.3427810669e+00
2.1264040843e-02
-1.9086819887e+00
1.7666581869e+00
3.5536089540e-01
6.0043883324e-01
-1.9278544188e-01
1.4663473368e+00
2.1667120457e+00
1.5686811209e+00
3.8968154788e-01
-1.0511326790e+00
-2.9493951797e+00
7.7573908493e-03
-8.3219431341e-02
-8.3244425058e-01
-1.1073207855e+00
-2.0237679482e+00
-3.6091022491e+00
-8.8776910305e-01
-2.4370688200e-01
1.2239634991e+00
1.9328752756e+00
2.5268878937e+00
5.8732432127e-01
9.0241485834e-01
6.9561159611e-01
3.7199816704e+00
-1.9719740152e+00
-5.7567912340e-01
7.3205763102e-01
3.5914304852e-01
1.5926061869e+00
-2.0211692154e-01
-1.5088129044e-01
1.8008680344e+00
5.4922580719e+00
3.7481319904e+00
1.4105989039e-01
3.6231973767e-01
3.5207816958e-01
-4.3559807539e-01
3.8771431446e+00
-4.5804128647e+00
-1.9494445324e+00
-1.5939060450e+00
-5.9825825691e-01
1.2878111005e-01
-1.0744621754e+00
-1.6628037691e+00
-3.7000334263e-01
5.7215398550e-01
6.0191959143e-01
-9.8029559851e-01
3.3343756199e-01
1.5810644627e-01
1.4237929881e-01
-2.6060335338e-02
-1.5048778057e+00
9.0459603071e-01
5.5551809072e-01
1.3657704592e+00
1.7616882920e-01
1.2256180048e+00
6.6125714779e-01
8.2531797886e-01
5.3877139091e-01
1.3191256523e+00
7.3445761204e-01
1.5848108530e+00
3.0561181903e-01
-1.3109718263e-01
-2.9619610310e+00
2.1542365551e+00
1.1111483574e+00
5.0511602312e-02
5.0315743685e-01
6.1754453927e-02
7.8437410295e-02
2.0303845406e-01
1.7981475592e+00
4.1381726265e+00
1.2928720713e+00
1.2046401501e+00
3.8725000620e-01
1.1772059202e+00
2.4967710972e+00
2.8909358978e+00
9.2771589756e-01
2.5314157009e+00
3.0610871315e+00
7.2749453783e-01
-6.9207465649e-01
-2.3140785694e+00
-1.1268935204e+00
3.1939029694e-01
-7.1753218770e-02
8.2437539101e-01
-1.6673457623e+00
-1.6600852013e+00
-2.8347322941e+00
-5.3231066465e-01
-8.1016123295e-01
-7.1249701083e-02
-1.1753352880e+00
-1.6476914883e+00
-1.4124610424e+00
-1.1128906012e+00
-2.8231531382e-01
-3.7296310067e-01
-8.1320273876e-01
-1.9324361086e+00
-1.5699421167e+00
3.0728745461e+00
1.2634921074e+00
-4.1590896249e-01
1.3229373693e+00
7.2470098734e-01
-1.4379866123e+00
-3.7979667187e+00
-5.7910525799e-01
-1.1946610212e+00
-2.1448822320e-01
-1.5659060478e+00
-8.7848061323e-01
-2.3634865284e+00
2.4750366807e-01
2.7437674999e-01
3.6801928282e-01
-2.2275254130e-01
-4.5158049464e-01
-3.9284759760e-01
-9.7920167446e-01
1.2100847065e-01
-8.2356380299e-03
-1.7097266912e+00
-2.3720996380e+00
-2.4765942991e-01
1.5784105062e+00
1.7252050638e+00
1.1964362860e+00
9.0536177158e-01
1.3178696632e+00
-1.0768257780e-03
-3.6507329345e-01
8.1394445896e-01
2.9060285091e+00
7.6258814335e-01
2.6373630762e-01
-2.8068652749e-01
-2.2351660728e+00
-1.2673881054e+00
-1.3241266012e+00
-4.5451104641e-02
1.3071541488e-01
-2.2460821271e-01
-7.2728216648e-01
-7.7833181620e-01
5.3868067265e-01
7.2537428141e-01
2.5161030293e+00
1.2277228832e+00
6.1289769411e-01
-3.9052132517e-02
1.5345637798e+00
2.7039735317e+00
1.1015198231e+00
9.9222958088e-01
-3.2505328655e+00
-2.2012152672e+00
-8.2267379761e-01
-1.4608184099e+00
-2.0581960678e+00
7.6225465536e-01
1.0626229048e+00
-1.6629628837e-01
-2.1605347097e-01
7.1760666370e-01
3.5524803400e-01
-1.6099224091e+00
-1.3222490549e+00
-3.0499303713e-02
8.6024379730e-01
-1.9555418491e+00
-1.6516177654e+00
-1.0162672997e+00
-1.0168147087e+00
-1.1480866671e+00
-1.0216360092e+00
-2.7795866132e-01
-5.2929639816e-01
-3.8294284344e+00
-3.8144609928e+00
1.4481949806e-01
3.6114087701e-01
1.4138682745e-02
-2.9308748245e+00
-3.4035656452e+00
-7.7957487106e-01
-6.2681663036e-01
-5.1256370544e-01
-7.0931917429e-01
1.0298067331e+00
6.5577805042e-01
1.1578905582e+00
-7.1073997021e-01
1.1024365425e+00
2.3341463506e-01
2.3013913631e+00
2.1649954319e+00
2.6966779232e+00
2.5313179493e+00
1.9184490442e+00
4.2804592848e-01
6.3765615225e-01
-1.3264225423e-01
-6.0046291351e-01
-5.8656573296e-01
-1.1041465998e+00
-8.0598819256e-01
-7.6757289469e-02
1.3275974989e+00
8.5322582722e-01
2.2614266872e+00
2.2459187508e+00
2.8369863033e+00
1.2058031559e+00
1.5309335664e-02
7.2890222073e-02
7.2770571709e-01
-1.7461347580e+00
1.9158210754e+00
7.2276407480e-01
1.7009825706e+00
-1.0316001177e+00
3.8580983877e-01
-5.4540836811e-01
-4.0783032775e-01
4.2772251368e-01
5.3110063076e-01
2.3639756441e-01
3.5365227610e-02
6.2348020077e-01
-2.1757068634e+00
-4.1337919235e+00
8.9083009958e-01
-3.5624563694e-01
1.1362582445e+00
3.0517880917e+00
2.0293388367e+00
1.5675259829e+00
3.5670274496e-01
4.6454966068e-01
2.3101108074e+00
1.1390388012e+00
1.9131872654e+00
2.2089872360e+00
1.3366085291e+00
-4.1259989738e+00
-1.8192670345e+00
-8.5023713112e-01
6.0114258528e-01
-3.7714740634e-01
4.1868904233e-01
-2.5120930672e+00
-8.3522987366e-01
-2.2644972801e+00
-1.2756756544e+00
4.4466337562e-01
-1.7165789604e+00
-1.8223809078e-02
-1.5704071522e+00
-1.1084550619e+00
9.9647903442e-01
2.0805573463e-01
2.7410411835e+00
-5.2542507648e-01
-2.3699851036e+00
-2.7075216770e+00
-2.1883585453e+00
-2.5819950104e+00
-9.4706647098e-02
1.1668043137e+00
-1.4730703831e+00
-9.6521592140e-01
-5.4165005684e-01
5.5863016844e-01
-1.7930817604e-01
-1.7331750393e+00
-4.7827225924e-01
-2.2923171520e+00
-1.8922470808e+00
-1.5551415682e+00
1.4251490831e+00
1.1377073526e+00
1.4430629015e+00
1.9889619350e+00
1.1265295744e+00
-3.4026229382e+00
-1.1685067415e+00
3.1343731284e-01
-6.7143368721e-01
-1.8566912413e-01
-3.8555520773e-01
-4.5983538032e-01
-9.9051350355e-01
-1.7562576532e+00
-1.2892624140e+00
-1.9298727512e+00
-1.6588925123e+00
-1.2109661102e+00
5.1218122244e-01
3.0922874808e-01
1.2046234310e-01
-6.0222107172e-01
1.8263776600e-01
7.6922506094e-01
2.6955943108e+00
2.0180506706e+00
2.7346427441e+00
1.6080209017e+00
2.6212129593e+00
-1.1643725634e-01
2.8639729023e+00
1.0632144213e+00
-6.2844073772e-01
2.6273140907e+00
1.8181720972e+00
1.8296282291e+00
-7.5205934048e-01
-2.2016339302e+00
2.8020501137e-01
-4.1187325120e-01
-2.5182585716e+00
-2.8376660347e+00
-1.7973932028e+00
-1.1673786640e+00
-7.4237072468e-01
3.5540309548e-01
2.5030821562e-01
9.8511618376e-01
-4.5262971520e-01
4.4131776690e-01
-7.7151024342e-01
1.8736307621e+00
-1.5703558922e+00
2.3661990166e+00
1.3112424612e+00
-5.0817435980e-01
4.4996497035e-01
-6.1593198776e-01
-1.6339982748e+00
-2.1175420284e+00
-1.5804963112e+00
-1.1244363785e+00
-1.6562330723e+00
-9.1019701958e-01
-7.0853012800e-01
-4.5472030640e+00
-3.1682286263e+00
-1.4063217640e+00
1.1582794040e-01
4.5782085508e-02
-5.8743697405e-01
-1.8540758640e-02
1.4424602985e+00
-1.4821858704e-01
1.6147092581e+00
-1.5164377689e+00
-8.0842301250e-02
2.4790978432e+00
2.1506631374e+00
5.1395573616e+00
1.5191563368e+00
1.2515441179e+00
2.9147750139e-01
7.9110908508e-01
9.1592203826e-03
-9.6912431717e-01
-2.4464597702e+00
-1.2920351028e+00
-1.0246684551e+00
6.0719531775e-01
4.8560482264e-01
9.6605807543e-01
1.0933171511e+00
1.0058494806e+00
1.2001309395e+00
-2.3328826427e+00
-1.9906644821e+00
-1.2465188503e+00
-8.2934975624e-01
-2.0460946560e+00
2.1445653439e+00
1.9327142239e+00
3.0231461525e+00
2.4282515049e+00
1.3946727514e+00
1.3828357458e+00
5.0643670559e-01
-3.7397488952e-01
2.2852046788e-01
9.0034908056e-01
3.5456416607e+00
2.5667040348e+00
1.1213220656e-01
5.8649146557e-01
-3.8286125660e-01
-2.0695571899e+00
-1.6073603630e+00
-2.3409781456e+00
-1.2797147036e+00
2.5499325991e-01
-3.1321470737e+00
-1.8251501322e+00
7.9979258776e-01
1.3838405907e-01
7.1216814220e-02
5.6135451794e-01
3.5690614581e-01
3.5707047582e-01
2.6667840481e+00
3.9617505074e+00
-2.5419342518e-01
-1.9992040396e+00
-3.4069011211e+00
-2.8769903183e+00
-2.8439476490e+00
6.8313199282e-01
-6.9998919964e-01
-3.1031525135e+00
-5.0318008661e-01
4.7023415565e-01
1.1161973476e+00
1.5984671116e+00
2.3866875172e+00
1.6453572512e+00
5.2725319862e+00
-4.9848368764e-01
5.2618604898e-01
-8.5934919119e-01
1.0920848846e+00
-7.1329069138e-01
-1.4759718180e+00
-1.0680761337e+00
5.8293229342e-01
4.4229519367e-01
8.2747137547e-01
9.8144680262e-01
6.4545035362e-01
4.3878248334e-01
-8.3607189357e-02
-8.1463915110e-01
1.6833356023e-01
1.8485674262e-01
-1.0910968781e+00
-1.3240773678e+00
-2.2851245403e+00
1.9789117575e+00
1.5343461037e+00
-5.2273762226e-01
-3.8171020150e-01
8.5031050444e-01
-4.1201949120e+00
-4.3643376231e-01
1.1080180407e+00
1.1652998924e+00
1.5478082895e+00
-8.6430770159e-01
-1.6088662148e+00
-1.3018617630e+00
-9.2263191938e-02
-1.9945899248e+00
-2.3382422924e+00
-4.5865714550e-01
-1.7173720598e+00
-2.0052001476e+00
-2.0161061287e+00
-3.1492421031e-01
-1.9969002903e-01
6.4580202103e-01
9.6428883076e-01
3.8705536723e-01
-1.3029928207e+00
-1.2044588476e-01
3.7676990032e-01
1.0474191904e+00
-1.8675707579e+00
-4.3087344170e+00
-2.6620774269e+00
-8.6077249050e-01
3.6932781339e-01
8.7690228224e-01
1.0996767879e-01
3.7391012907e-01
-7.3929214478e-01
-2.1376085281e+00
4.1106799245e-01
7.8155434132e-01
1.2442821264e+00
-3.7054020166e-01
-4.6593642235e-01
1.4602028131e+00
1.2382631302e+00
4.7552881241e+00
1.6323362589e+00
-1.2475192547e+00
-1.5282516479e+00
-7.7944648266e-01
-1.0311455727e+00
-1.4105347395e+00
-7.8694134951e-01
-9.6710401773e-01
6.3713002205e-01
2.3813219368e-01
3.3396968246e-01
-4.0542583466e+00
-3.7906479836e+00
-2.0031962395e+00
-1.8585332632e+00
-1.8771977425e+00
-5.8735173941e-01
-1.7576031387e-01
1.2187019736e-01
6.7700868845e-01
2.8575634956e+00
8.0702507496e-01
-1.2176767588e+00
4.0542834997e-01
8.4656506777e-01
1.9773942232e+00
2.1156620979e+00
3.9850769043e+00
5.6094586849e-01
2.5922736153e-02
-1.7602162361e+00
-6.9486409426e-01
-1.7592090368e+00
-8.0318289995e-01
-8.1036722660e-01
8.1000483036e-01
4.8334273696e-01
-5.8877229691e-01
1.3401370049e+00
1.1946544647e+00
1.3529292345e+00
5.4512059689e-01
-1.0577983856e+00
9.9055387080e-02
5.4137688875e-01
3.7771818638e+00
-6.1928242445e-01
3.6448019743e-01
5.3578329086e-01
6.3231319189e-01
1.1966383457e+00
2.0131673813e+00
1.1729358435e+00
1.9219355583e+00
1.4075863361e+00
-3.1140127778e-01
-1.3803420067e+00
-5.7037305832e-01
-1.6425099373e+00
-1.1332156658e+00
2.6171073318e-01
-1.3481729031e+00
-4.0473361015e+00
-1.2412220240e-01
1.9885329008e+00
1.4355460405e+00
2.5777766705e+00
1.7132943869e+00
-3.6044046879e+00
-1.0593174696e+00
2.5928623676e+00
3.3009831905e+00
3.8434441090e+00
-4.8845139146e-01
7.1270596981e-01
1.3489183187e+00
-1.0764760971e+00
-9.9344134331e-01
-1.2959088087e+00
1.6734681129e+00
8.5016477108e-01
2.2352592945e+00
2.8908714652e-01
-1.7141066492e-01
-1.1769869328e+00
-1.6518678665e+00
1.1543604732e-01
-1.9768959284e+00
-1.8161028624e+00
-1.0187284946e+00
7.6327443123e-01
-2.7627423406e-01
-1.4979729652e+00
-2.5005610660e-02
1.1868681908e+00
1.6621867195e-02
-4.4499284029e-01
-1.0152717829e+00
-3.6761372089e+00
-2.5768303871e+00
-3.4202864766e-01
-1.6455747187e-01
2.2896893322e-01
9.8090963364e+00
2.7177057266e+00
6.9295668602e-01
-1.6123278141e+00
-2.0363211632e+00
1.8769162893e+00
-6.2869489193e-02
4.0555158257e-01
1.8379972875e-01
5.4233783484e-01
-2.0762681961e+00
-4.0383639932e-01
1.3875226676e-01
-2.0863622427e-02
2.1727979183e+00
-9.7522348166e-01
-1.5771516562e+00
-1.2023854256e+00
-1.9643491507e+00
-1.8301081657e+00
-3.3711705208e+00
-2.8251669407e+00
-1.8730982542e+00
-1.8329054117e+00
2.3244545460e+00
4.7001406550e-01
3.1245645881e-01
-1.4927150309e-01
4.9816572666e-01
1.8936165571e+00
-5.5529147387e-02
-8.1156427041e-03
-3.5993319750e-01
-1.4233942032e+00
1.1333510876e+00
4.8628985882e-02
-1.6352723837e+00
-8.7812578678e-01
1.2290890217e+00
9.8095953465e-01
2.0433101654e+00
5.3672641516e-01
4.3500640988e-01
2.9534983635e+00
6.9136309624e-01
3.2560095191e-01
-1.1611074209e-01
-9.0798133612e-01
-3.6567863822e-01
-1.0772206783e+00
5.9334039688e-01
-1.8458236754e-01
-1.0430588722e+00
-3.0810341239e-01
8.9385844767e-02
-8.1159852445e-02
1.3488633931e-01
2.4697039127e+00
-1.1712240428e-01
3.5837039351e-01
1.2199717760e+00
-1.6336946189e-01
-7.3157233000e-01
-1.7709628344e+00
-8.1082409620e-01
8.4135025740e-01
2.1870018542e-01
-1.2150248289e+00
-1.5104382038e+00
-1.6134307384e+00
-1.7318952084e+00
-1.2306162119e+00
-3.1576341391e-01
1.5122302771e+00
2.3352565765e+00
3.4137126803e-01
1.2655990124e+00
2.0021241903e-01
-1.2114556134e-01
-2.1359095573e+00
-1.3692920208e+00
-1.0182132572e-01
2.5095912814e-01
7.1730768681e-01
1.0933235884e+00
6.1089843512e-01
1.1280676126e+00
1.3663239479e+00
2.9432788491e-01
1.0142135620e+00
3.8967090845e-01
3.0347320437e-01
-6.0331958532e-01
-5.3748077154e-01
1.4197572470e+00
-3.1631250381e+00
-2.6083498001e+00
3.6528471112e-01
9.7159427404e-01
3.1397564411e+00
-3.0508384705e+00
-3.7710676193e+00
-1.7714540958e+00
1.4490158856e-01
1.5153374672e+00
-3.1150259078e-02
3.8346710801e-01
1.9915416241e+00
1.9080717564e+00
3.9347984791e+00
1.5103491545e+00
1.0136150122e+00
-3.2723420858e-01
-1.6995838284e-01
-2.6107999682e-01
-2.1619148254e+00
-3.2871503830e+00
-2.5788056850e+00
-9.1564190388e-01
-6.8359273672e-01
-8.1559294462e-01
-1.1636041403e+00
-1.7652167082e+00
-1.0663161278e+00
3.2621052861e-01
-1.1240427494e+00
-6.2296658754e-01
-3.2440945506e-01
4.3581057340e-02
-1.5609937906e+00
-1.2404372692e+00
-1.2978199124e-01
2.4757514000e+00
9.8535072803e-01
-1.4706258476e-01
6.6474467516e-01
6.7244029045e-01
-9.5809668303e-01
-1.0035976171e+00
-7.1353507042e-01
-3.3619046211e+00
-1.5043988228e+00
9.3522632122e-01
-1.2206481397e-01
1.0402964354e+00
-6.6503804922e-01
-1.0045354366e+00
1.5058979988e+00
2.1954176426e+00
4.7350299358e-01
-1.5234025717e+00
1.0501099825e+00
1.0016597509e+00
6.7029559612e-01
4.3633887172e-01
6.8334996700e-01
1.4016985893e+00
2.8249928355e-01
-1.9220783710e+00
-1.6906319559e-01
1.5328733623e-01
7.3660260439e-01
5.3152376413e-01
8.3481460810e-01
5.5359852314e-01
-1.0999121666e+00
-6.7352664471e-01
-5.0869262218e-01
3.6618044972e-01
-9.6606236696e-01
-2.3406857252e-01
-3.7349846363e+00
-1.9684569836e+00
-2.6892829686e-02
5.7237952948e-01
-6.5147197247e-01
7.0067413151e-02
6.9818842411e-01
1.6849195957e+00
-9.7298181057e-01
-5.4703748226e-01
-8.0782586336e-01
-4.4728130102e-01
-1.5313009024e+00
-1.4034245908e-01
-1.0763034821e+00
-7.3032921553e-01
-4.5535668731e-01
4.4542941451e-01
-3.4451379776e+00
7.0069503784e-01
-3.7081378698e-01
1.9232042134e-01
-1.1061393023e+00
1.5165954828e-01
1.0319952965e+00
2.3109523579e-02
-5.7244563103e-01
-3.5285225511e-01
-2.1165941656e-01
-6.0757756233e-01
6.9025295973e-01
3.0557787418e-01
1.9839453697e-01
3.3600631356e-01
4.8211593628e+00
-7.5333505869e-02
-2.0382983685e+00
-1.7888346910e+00
-1.2192918062e+00
4.2992478609e-01
6.1776906252e-01
4.3860203028e-01
1.0951459408e+00
1.6085952520e+00
8.7156057358e+00
1.3047319651e+00
-6.0349935293e-01
-1.4629960060e-01
-5.0805044174e-01
2.2324955463e+00
1.5932987928e+00
-2.1648540497e+00
-1.2968573570e+00
9.3828928471e-01
1.4271743298e+00
2.3075408936e+00
-9.8991870880e-01
-3.4546345472e-01
-3.0595484376e-01
-6.0189509392e-01
-7.9934012890e-01
-2.2639012337e+00
-2.1312074661e+00
-2.1017088890e+00
-3.5414347053e-01
9.8042625189e-01
9.4283574820e-01
-5.9636223316e-01
-1.3294156790e+00
9.4779908657e-01
-2.9376661777e-01
1.1204146147e+00
1.1131358147e-01
8.2498311996e-01
-2.0038213730e+00
-3.4594876766e+00
-2.5433645248e+00
-1.0798753500e+00
-1.4451198578e+00
3.2761174440e-01
7.3217988014e-01
1.3387484550e+00
6.7596483231e-01
-1.9756262302e+00
8.9392042160e-01
-1.8916028738e-01
-2.0244326591e+00
-4.2077298164e+00
-4.3935918808e+00
1.6763647795e+00
8.1447625160e-01
8.1166177988e-01
-2.9759302735e-01
-5.6512176991e-01
1.4004391432e+00
1.4361156523e-01
-3.7404575944e-01
-1.4945670366e+00
-1.3181178272e-01
-4.1369947791e-01
-2.1571226120e+00
-4.3037252426e+00
-1.0938056707e+00
3.0022236705e-01
-1.7214216292e-01
-4.6261250973e-01
-1.6890099645e-01
4.8586636782e-02
-1.4905543327e+00
3.8306765556e+00
1.8659523129e-01
-4.5064938068e-01
1.0155233145e+00
-1.2952369452e+00
-1.1342651844e+00
3.2641622424e-01
1.3513790369e+00
2.5625625253e-01
-1.1845929623e+00
3.4320604801e+00
1.3681365252e+00
1.7216172218e+00
1.6335934401e-01
1.2113799155e-01
6.3507395983e-01
-4.5020553470e-01
-3.2096269727e-01
1.0585641861e+00
-1.2825591564e+00
6.5665853024e-01
-1.8087013066e-01
2.9359906912e-01
-1.3588503003e-02
4.2939880490e-01
1.8289520741e+00
4.7475555539e-01
-1.4850516319e+00
-1.8914738894e+00
-1.6555986404e+00
-9.0800970793e-01
-1.4979007244e+00
-5.8837574720e-01
-6.4433999360e-02
5.8206850290e-01
-1.7278113365e+00
-3.5634723306e-01
2.6886171103e-01
1.7295226455e-01
-5.4174816608e-01
1.6573754549e+00
6.8135596812e-03
-5.6362175941e-01
-6.5077066422e-01
2.3593726158e+00
9.8922735453e-01
3.6536235809e+00
2.8647675514e+00
2.2598032951e+00
2.0716166496e+00
9.6524810791e-01
-1.0298459977e-01
-7.7280408144e-01
9.7231394053e-01
1.7986433506e+00
-6.6257095337e-01
-1.5452766418e+00
-1.0527395010e+00
-1.2250143290e+00
-5.1696932316e-01
1.6210703850e+00
-2.5204777718e+00
-1.7455624342e+00
-1.2490859032e+00
1.0940614939e+00
-4.6430966258e-01
-8.6885887384e-01
-1.0260825157e+00
-1.0738457441e+00
-3.6109462380e-01
-8.8513273001e-01
1.4474571943e+00
4.0156579018e-01
1.7462977767e-01
1.5140705109e+00
-1.3793574572e+00
-5.9190356731e-01
7.9895222187e-01
-1.2890352011e+00
-1.0822452307e+00
-4.5714898109e+00
-1.4306497574e-01
2.1013658047e+00
1.2401636839e+00
4.2544540018e-02
-2.3750009537e+00
-1.0346827507e+00
1.2226498127e+00
-1.5684358776e-01
-6.6949236393e-01
-9.6851670742e-01
-1.2157897949e+00
-8.5736584663e-01
-5.4354941845e-01
2.2593631744e+00
-3.6212339997e-01
-1.2553113699e+00
1.9990406036e+00
-5.6059509516e-01
-2.2799856663e+00
-2.5631374121e-01
-1.1235195398e+00
-4.8322234154e+00
-1.1440150738e+00
5.6846338511e-01
1.5200709105e+00
-1.7353159189e-01
-5.3273642063e-01
-4.8818904161e-01
1.6439683437e+00
4.3275594711e-01
-2.1855351329e-01
-2.9964423180e-01
1.8846442699e+00
1.5431057215e+00
-2.5318002701e-01
1.3342509270e+00
-3.1478816271e-01
6.6108417511e-01
7.0034541190e-02
-2.9174456000e-01
9.8115360737e-01
1.2514731884e+00
-4.3395036459e-01
1.1567941904e+00
-5.9711247683e-01
2.5475358590e-02
-6.5694713593e-01
-1.5571060181e+00
1.2209144831e+00
-9.8903447390e-01
-6.3467705250e-01
3.0329540372e-01
-1.3151463270e+00
2.3170876503e+00
4.8350006342e-02
-2.0653035641e+00
-1.2389261723e+00
-5.5234920979e-01
-1.8528954685e-01
-3.7586162090e+00
1.4545987546e-01
4.0204459429e-01
-5.7938635349e-01
-5.3008931875e-01
1.0838277340e+00
4.4728943706e-01
1.3439261913e+00
-4.6805527806e-01
1.2530432940e+00
3.3302998543e-01
-1.8596996367e-01
9.0522058308e-02
-4.9476689100e-01
8.6093240976e-01
-7.8442722559e-01
1.1811623722e-01
-7.4043489993e-02
3.1882140040e-01
2.1166767180e-01
-6.1858665943e-01
-5.3206992149e-01
8.4236212075e-02
1.9920696020e+00
7.2271809578e+00
-1.6036970615e+00
-9.9150103331e-01
-6.2180995941e-01
-4.1148704290e-01
-3.9409506321e-01
6.3760584593e-01
1.3122082949e+00
2.0193610191e+00
-8.9455592632e-01
-5.7582682371e-01
-2.0253484249e+00
-3.0940642953e-01
-2.3864433765e+00
-2.4374744892e+00
-1.6231842041e+00
-1.2507145405e+00
-2.4983668327e+00
-3.2886545658e+00
-1.4869056940e+00
-6.0589965433e-02
-2.4723038673e+00
7.4119544029e-01
-1.1773943901e+00
2.2860395908e+00
2.8670842648e+00
9.0645253658e-01
-1.8297873735e+00
2.2897103429e-01
4.3166092038e-01
-4.3188688159e-01
-1.2263954878e+00
4.1973897815e-01
-3.4549820423e+00
-1.7533141375e+00
-3.8268394470e+00
3.4318074584e-01
-2.0697097778e+00
1.3993468881e-01
-2.8496339917e-01
-2.4129518867e-01
3.1210827827e-01
5.2094149590e-01
1.0442836285e+00
7.8419357538e-02
2.8669399023e-01
9.1995877028e-01
3.7203800678e-01
-1.2456243038e+00
-2.0850477219e+00
-2.1285085380e-01
-7.3781948090e+00
-3.1242499352e+00
1.6921070218e-01
1.5821397305e+00
1.5893794298e+00
3.8187372684e+00
9.7683465481e-01
1.9170384407e+00
-2.3424816132e+00
-1.2152346373e+00
-6.1021310091e-01
4.5917665958e-01
5.3507822752e-01
9.9074262381e-01
-1.9395975769e-01
-1.9250778854e-01
4.0698191524e-01
-7.2446244955e-01
-2.8577083349e-01
-5.7688331604e-01
-5.3282151222e+00
-3.6824817657e+00
-1.1696184427e-01
-1.2173138857e+00
-2.1236774325e-01
1.7260041833e-01
-1.5978713334e-01
1.1320608854e+00
1.2220385671e-01
6.9565439224e-01
3.8606113195e-01
3.6607949734e+00
-9.9497979879e-01
-5.8223742247e-01
6.3248026371e-01
-2.0891003609e+00
-1.9096027613e+00
3.3682060242e-01
3.4103763103e-01
-3.0691528320e-01
-1.8226650357e-01
4.6129012108e+00
1.6157566309e+00
1.2832815945e-01
-1.0567930527e-02
1.1673150063e+00
-1.8628277779e+00
-9.8788416386e-01
-2.9956064224e+00
-1.7358286381e+00
2.6290750504e+00
1.1844481230e+00
1.0590184927e+00
-1.0779637098e+00
-1.1413057148e-01
-2.5303225517e+00
-1.7280049324e+00
-3.7538831234e+00
-3.4827153683e+00
-4.4825387001e+00
-2.3781256676e+00
6.3763731718e-01
-2.3918497562e+00
-2.4075615406e+00
-2.5725386143e+00
-1.0564444065e+00
-2.5650390983e-01
-6.0284036398e-01
-7.9673960805e-02
2.9515430331e-01
-5.3573548794e-01
-4.5967835188e-01
-2.3861896992e+00
-1.5998430252e+00
-9.7131198645e-01
7.0159786940e-01
1.2822442055e+00
1.5297052860e+00
2.6569104195e-01
-6.3364249468e-01
1.1896686554e+00
6.6874408722e-01
6.5321469307e-01
1.4671917260e-01
-6.8894290924e-01
5.3920400143e-01
2.0792319775e+00
-7.0597451925e-01
1.3079144955e+00
5.7708120346e-01
5.2606172860e-02
-1.6128244400e+00
-7.1088933945e-01
-1.4784958363e+00
-8.3216536045e-01
1.2484781742e+00
4.9727836251e-01
8.4667906165e-02
-4.2151525617e-01
-6.3498908281e-01
5.5759763718e-01
4.6399703622e-01
2.2366521358e+00
1.3155099750e-01
-6.6001999378e-01
1.7855807543e+00
1.7567465305e+00
6.6956973076e-01
1.1493567228e+00
-3.9084274322e-03
-4.7333335876e+00
-2.1639232635e+00
7.5669920444e-01
2.5395658016e+00
3.1645636559e+00
-2.0612406731e+00
1.4018994570e+00
-6.7040038109e-01
7.7360242605e-01
2.6160529256e-01
7.3073881865e-01
1.9529090822e-01
2.4819085598e+00
2.8582695872e-02
-8.8470119238e-01
1.6114149988e-01
-1.8755340576e+00
2.6408186555e-01
-2.0634272099e+00
1.0852499008e+00
-1.4412994385e+00
3.3006101847e-01
-8.0801457167e-01
-1.2749173641e+00
-8.5324138403e-02
-1.4643648863e+00
-2.4984207749e-01
1.0263296366e+00
7.1209862828e-02
-7.4923300743e-01
-4.6059112549e+00
-8.8838958740e-01
2.3120813072e-01
1.6462727785e+00
1.3366453350e-01
4.3334369659e+00
1.0593397617e+00
-1.9087734222e+00
-1.6240603924e+00
-6.5082919598e-01
1.9844253063e+00
1.5236814022e+00
-6.8101185560e-01
-2.5779798627e-01
1.6057571396e-02
5.5083084106e-01
7.3433816433e-01
1.9308481216e+00
1.3381350040e-01
8.4505140781e-01
6.0729589313e-02
6.3087314367e-01
8.8113671541e-01
-8.4118610620e-01
-4.5910230279e-01
-3.8725023270e+00
-1.5494401455e+00
-1.3897776604e+00
4.3675714731e-01
1.5973722935e+00
6.6316670179e-01
2.8852279186e+00
-2.1341378689e+00
-3.5678994656e-01
-2.3428688943e-01
-1.9692585468e+00
5.6358677149e-01
-1.8510984182e+00
1.3093737364e+00
1.2770069838e+00
2.6149213314e+00
2.4854166508e+00
2.9154422879e-01
-2.0247147083e+00
-2.7819328308e+00
-1.9537849426e+00
-1.8243814707e+00
-1.6833828688e+00
-1.2666938305e+00
-9.6952095628e-02
-4.4496871531e-02
-4.7945690155e-01
5.4947316647e-01
7.9586398602e-01
1.2997719049e+00
2.3608300686e+00
-7.0424079895e-01
-5.7178604603e-01
2.3364615440e+00
2.7430746555e+00
-5.9336578846e-01
2.8277802467e+00
7.9162001610e-02
7.7752852440e-01
1.6265625954e+00
-4.1646525264e-01
-2.8996324539e-01
-1.6086894274e+00
-7.6581972837e-01
2.4131250381e-01
1.3757078648e+00
-6.0529625416e-01
-1.6198796034e+00
-1.4030789137e+00
-3.7146627903e-01
-1.8981244564e+00
-6.9937622547e-01
7.3594474792e-01
-3.6127641797e-01
-3.9356499910e-01
4.3639559746e+00
-6.2304705381e-01
3.7925868034e+00
1.1233177185e+00
1.5333949327e+00
1.8301315308e+00
9.6184760332e-01
2.6506567001e+00
2.3636782169e+00
2.0348374546e-01
-1.4123003483e+00
-1.0149904490e+00
-1.2257896364e-01
-7.6437473297e-01
-5.0409473479e-02
4.8533388972e-01
-2.8754508495e+00
-4.4516190886e-01
2.2555524483e-02
-1.7860132456e+00
-1.6001658440e+00
-8.2789647579e-01
-3.0655112267e+00
-1.3853211403e+00
-3.0748968124e+00
-1.2237269431e-01
-1.8244143724e+00
1.0611950606e-01
-5.7635176927e-02
2.6656380296e-01
-7.0269316435e-01
-2.6269173622e-01
-5.0951600075e-01
-5.4358188063e-02
1.4174772799e-01
3.2619094849e-01
-5.1595574617e-01
-6.6838288307e-01
-7.7147066593e-01
-9.8971441388e-02
1.4401776791e+00
2.5255901814e+00
-8.2422095537e-01
9.7760605812e-01
8.5538285971e-01
-1.8631442785e+00
-1.2353839874e+00
-1.7456030846e+00
-4.6260967851e-01
2.9992869496e-01
-1.7651554346e+00
-1.9306144714e+00
-8.1475955248e-01
-1.3987075090e+00
-1.7900321484e+00
1.8935416639e-01
3.8056385517e+00
1.6502764225e+00
4.6063065529e+00
1.8690876961e+00
1.3512625694e+00
1.8268274069e+00
6.4046430588e-01
7.5690621138e-01
1.2013255358e+00
-1.5876005888e+00
5.3039711714e-01
5.0715148449e-01
1.5363648534e-01
1.8382157087e+00
-1.7911761999e+00
6.5619748831e-01
-2.5332498550e+00
1.1481733322e+00
-3.8408453465e+00
1.0440520048e+00
-1.1698452234e+00
1.0473771095e+00
-2.7184972763e+00
2.0500116348e+00
-5.4788720608e-01
2.9112114906e+00
9.2942816019e-01
2.8917379379e+00
1.0540783405e+00
1.1094876528e+00
9.8440551758e-01
5.6789934635e-01
1.9486861229e+00
5.1515251398e-01
1.3275471330e-01
1.4912238717e-01
1.3458892703e-01
-1.1514616013e-01
2.4010217190e-01
-3.5587444305e+00
-1.1520347595e+00
2.7747732401e-01
-4.5155487955e-02
4.2941233516e-01
-1.2781302929e+00
5.7344239950e-01
2.6587691158e-02
1.5769301653e+00
1.8736847639e+00
1.4257593453e-01
-2.7972972393e+00
2.9483795166e-01
-9.8304843903e-01
1.1938416958e+00
-7.9586282372e-03
1.3750791550e+00
9.2976534367e-01
1.0593185425e+00
-3.0290112495e+00
1.2981146574e+00
9.5344376564e-01
1.9585046768e+00
2.2592353821e+00
1.3124451637e+00
9.5977115631e-01
3.8214609027e-01
-3.9200913906e-01
-3.8348025084e-01
3.9220955968e-01
8.8258022070e-01
8.4472620487e-01
5.4449188709e-01
2.8236222267e-01
1.6728270054e+00
-1.0374822617e+00
7.3576092720e-01
-1.9389820099e+00
8.9122867584e-01
-3.7798814774e+00
6.4443278313e-01
1.8322298527e+00
7.4416285753e-01
-7.6770591736e-01
1.2783149481e+00
1.4791701734e-01
1.4716270566e-01
-1.2590831518e-01
-1.6673397273e-02
-1.1957942247e+00
2.8207640648e+00
-1.9701875746e-02
5.6183862686e-01
-1.0969654471e-01
3.8499979973e+00
-1.3712953329e+00
-8.8005954027e-01
-3.6012488604e-01
-1.6598116159e+00
-3.7082269788e-01
-1.1626546383e+00
-1.2117689103e-01
-1.9659649134e+00
-5.7116228342e-01
1.8632915616e-01
-5.0902926922e-01
3.5077023506e+00
7.0877492428e-01
3.5142455101e+00
8.8129617274e-02
3.3945423365e-01
5.6649129838e-02
1.0745941401e+00
1.5735561848e+00
-5.1578694582e-01
1.6172908247e-01
-8.7047396228e-03
7.2326266766e-01
1.6936193407e-01
1.9779460430e+00
4.7109904885e-01
-6.0617035627e-01
-5.2797871828e-01
-1.4477344751e+00
-3.5145597458e+00
3.2225459814e-02
5.0859701633e-01
-2.0112252235e+00
-3.5696103573e+00
-1.1070376635e-01
-8.4041625261e-01
1.6274760962e+00
-1.5403406620e+00
1.1066520214e+00
-3.5382707119e+00
5.6175076962e-01
-1.3217276335e+00
1.9416419268e+00
6.0966157913e-01
5.1825313568e+00
-2.4255645275e+00
-2.4366333485e+00
-4.3539637327e-01
-4.3806570768e-01
-3.6660644412e-01
1.7530399561e+00
5.4846420884e-02
2.5749248266e-01
-1.1144545078e+00
5.4161465168e-01
-1.0117044449e+00
-1.8162980080e+00
-6.1732780188e-02
1.7262233794e-01
-4.8461118340e-01
-1.4125856161e+00
-1.9725811481e+00
-4.2067557573e-01
-6.6713386774e-01
4.2701283097e-01
-1.5044703484e+00
2.0883753300e+00
1.9322030246e-01
1.4635940790e+00
5.1578164101e-01
1.6586747169e+00
5.9984016418e-01
3.0600998402e+00
1.2991250753e+00
4.3297705650e+00
1.2634111643e+00
-2.3652849197e+00
-8.3254285157e-02
-2.1727368832e+00
1.3611940145e+00
1.9952024519e-01
4.4410571456e-01
-1.2814522982e+00
1.0396575928e+00
6.6742146015e-01
1.2026829720e+00
1.0073851347e+00
2.5717334747e+00
1.1377074718e+00
2.9389843941e+00
-7.3043185472e-01
1.8399178982e-01
-1.0774294138e+00
-4.6582356095e-02
-1.2407494783e+00
-1.5788803101e+00
-1.9903911352e+00
-1.0650343895e+00
-4.6228829026e-01
-5.2909129858e-01
-1.9841183424e+00
1.1691532135e+00
-1.7973193526e-01
-1.2939538956e+00
1.2898185253e+00
1.6875671223e-02
1.5221056342e-01
-1.3363296986e+00
-2.0971486568e+00
-4.7955757380e-01
9.8169571161e-01
-1.8417499065e+00
-2.9352563620e-01
-9.4013029337e-01
5.7056850195e-01
-1.7504887581e+00
1.6689195633e+00
-1.3530986309e+00
-1.8158575296e+00
-2.0775187016e-01
-2.4687657356e+00
1.0852519274e+00
-2.0007750988e+00
-2.2749567032e+00
-8.5840833187e-01
-6.8972414732e-01
1.2847067118e+00
-4.2421361804e-01
4.9010232091e-01
-1.2805011272e+00
5.3736126423e-01
-1.4607412815e+00
3.7139118649e-03
6.5879786015e-01
-9.1099433601e-02
9.7979134321e-01
4.1796520352e-01
1.4693840742e+00
2.2867429256e+00
1.6283282042e+00
-9.5996356010e-01
-2.4836859107e-01
3.2480151653e+00
-5.5457544327e-01
2.2863478959e-01
-3.4833207130e+00
-3.6845211983e+00
-3.4952664375e+00
-4.3290262222e+00
-3.6939010620e+00
-2.8513863087e+00
1.1486039162e+00
-2.0100910664e+00
1.6352301836e+00
-3.2928435802e+00
-3.7142699957e-01
2.7559311390e+00
-9.6798563004e-01
3.9213266969e-01
-1.0382407904e+00
6.5924894810e-01
4.7099348903e-01
4.3221706152e-01
-5.5699855089e-01
1.2319376469e+00
9.6928469837e-02
2.9719045758e-01
2.8806620836e-01
2.1385676861e+00
3.1657004356e+00
-4.8185363412e-01
-6.7986601591e-01
4.5720234630e-04
-1.5866246223e+00
-2.0383756161e+00
-3.5569331646e+00
2.6758112907e+00
-1.9667830467e+00
-1.5273324251e+00
-9.1220718622e-01
1.8260313570e-01
-3.5470324755e-01
1.8128994703e+00
2.5119922161e+00
2.7089107037e+00
1.9611250162e+00
-1.2314978838e+00
3.4167907238e+00
2.0303685218e-02
3.5402483940e+00
-1.1669632196e+00
1.0746852160e+00
-1.8870357275e+00
5.0387769938e-02
4.9173659086e-01
1.8132479191e+00
2.2288134098e+00
1.0601052046e+00
8.3958691359e-01
1.4544674158e+00
-3.2850918174e-01
-5.7142680883e-01
4.7925165296e-01
9.9767386913e-01
-1.7896690965e-01
-3.4823834896e-01
-9.7339797020e-01
8.5452675819e-02
-1.8279444426e-02
1.7964071035e+00
-2.9624981880e+00
-1.7854450941e+00
-3.7316756248e+00
-4.0160551667e-01
-3.4453070164e+00
2.1743676066e-01
-6.1542010307e-01
9.9399572611e-01
4.5412020683e+00
1.2977117300e+00
1.9638669491e+00
2.1986570358e+00
2.9533381462e+00
2.7034075260e+00
3.6385331154e+00
-2.2419865429e-01
-8.4680795670e-01
-6.2461686134e-01
-1.4867217541e+00
-1.0088068247e+00
3.9696478844e-01
1.3102418184e+00
1.5870769024e+00
1.4834930897e+00
1.3209706545e+00
1.9085880518e+00
1.4085550308e+00
-5.3295236826e-01
5.8717745543e-01
-2.1378426254e-01
2.3643746376e+00
2.2932100296e+00
4.8110157251e-01
1.7256786823e+00
3.5312278271e+00
-2.9099625349e-01
8.8172900677e-01
-2.4757213891e-01
6.2598973513e-01
5.9058207273e-01
-7.3917895555e-01
-4.9171033502e-01
6.8653427064e-02
-1.9894213676e+00
-1.8973504305e+00
-1.4247080088e+00
-1.1946239471e+00
-1.5014983416e+00
-2.2218439579e+00
-1.2979060411e+00
8.0857646465e-01
1.2188652754e+00
9.7625702620e-02
-1.7137549818e-01
-2.5065689087e+00
3.7426343560e-01
1.6304959357e-01
-1.3520261049e+00
-2.8291282654e+00
-3.6564266682e+00
-3.0752706528e+00
-2.0546302795e+00
-3.9210584760e-01
-7.4803137779e-01
-5.4086887836e-01
1.1325402260e+00
1.0831260681e+00
1.6882165670e+00
1.9208518267e+00
-2.6266360283e+00
-1.9129301310e+00
-3.2852739096e-01
2.1956403553e-01
1.3048790693e+00
2.8200662136e-01
4.4001165032e-01
-4.3528359383e-02
-1.1063361168e-01
-3.4118005633e-01
1.1548238993e-01
-1.6422444582e+00
9.5441210270e-01
-6.3177809119e-02
3.5925657749e+00
3.6145069599e+00
-2.0789537430e+00
-1.3671383858e+00
-1.1651582718e+00
-7.4231570959e-01
-3.7614968419e-01
-1.2768251896e+00
-6.9347405434e-01
-1.2589664459e+00
-3.4208926558e-01
6.6677385569e-01
-2.0472057164e-01
-8.9923179150e-01
1.2320015430e+00
9.1792154312e-01
9.9516850710e-01
-1.1694117785e+00
3.5346372128e+00
4.7426896095e+00
2.7559318542e+00
3.2533664703e+00
-2.3925380707e+00
-2.4950437546e+00
-7.1770417690e-01
-4.5190685987e-01
2.1975402832e+00
3.9365163445e-01
-1.5655835867e+00
1.2070991993e+00
1.6213653982e-01
-2.4298778176e-01
1.3542739153e+00
2.4758152962e+00
1.1610300541e+00
1.0032190084e+00
1.2426122427e+00
1.0754508525e-01
8.4901350737e-01
5.5745154619e-01
-7.9587328434e-01
-2.7529706955e+00
-6.3851422071e-01
-8.8092207909e-01
-5.0138682127e-01
-1.2634419203e+00
-2.6605793834e-01
1.0214872360e+00
1.2869114876e+00
8.5854344070e-02
3.0585050583e-01
-1.2534064054e+00
-1.9039983749e+00
-7.5010287762e-01
-9.6282511950e-02
1.3181345165e-01
2.5573339462e+00
-3.1352978945e-01
-3.4804105759e-01
1.8771435320e-01
5.9206366539e-01
4.0786233544e-01
-6.9662678242e-01
-1.3596876860e+00
-4.7209218144e-01
-9.2280775309e-01
-3.5884219408e-01
-9.0113323927e-01
-1.0218758881e-01
-1.7686932087e+00
-1.3077754974e+00
-2.1362633705e+00
3.1641861796e-01
-4.2101472616e-02
-6.0999768972e-01
-1.4387550354e+00
-3.9608547688e+00
-1.1016235352e+00
-9.0654052794e-02
4.1730132699e-01
-1.5515857935e-01
2.6669830084e-01
-1.9202370644e+00
-1.7332495451e+00
-1.5906394720e+00
-2.6794693470e+00
-2.3660669327e+00
-3.0395066738e+00
-1.8157068491e+00
-3.4362757206e-01
-2.8786090016e-01
1.3221862316e+00
5.4263120890e-01
-4.4623535872e-01
1.9554265738e+00
-1.3047013283e+00
-1.3203992844e+00
-3.7097465992e-01
-1.3860044479e+00
1.8436201811e+00
2.6245501041e+00
3.7591654062e-01
-1.2935377359e+00
1.4637715816e+00
1.2294927835e+00
2.6427123547e+00
4.3092079163e+00
8.6914598942e-01
1.9236356020e+00
2.5361328125e+00
1.5256642103e+00
5.6417495012e-01
-1.0942709446e+00
2.8056854010e-01
1.1741193533e+00
3.0954626203e-01
-4.1195535660e-01
-5.3565168381e-01
-6.0864156485e-01
-1.9263225794e-01
-7.2425568104e-01
-9.6343114972e-02
5.3809003830e+00
2.7308623791e+00
1.7411437035e+00
9.4980078936e-01
8.1488616765e-02
1.6892511845e+00
-2.2022494674e-01
-3.6012583971e-01
-8.3989793062e-01
-2.2419689596e-01
-1.2002692223e+00
1.1606916189e+00
1.3684929609e+00
1.8250743151e+00
2.0789306164e+00
9.5367246866e-01
2.2420516014e+00
3.9918756485e-01
4.8097506166e-01
-4.1848483682e-01
-8.6178660393e-01
-3.2825958729e-01
1.5346235037e+00
2.7252297401e+00
5.9507288933e+00
-3.8413286209e+00
-5.1930218935e-01
-1.2875398397e+00
-1.1880277395e+00
-1.7523832321e+00
4.1683769226e-01
-1.1340943575e+00
9.5963221788e-01
2.3640084267e+00
5.0148706436e+00
1.2560881376e+00
1.2366365194e+00
5.2361673117e-01
-1.4082069397e+00
-1.6975364685e+00
-3.4463497996e-01
2.7818766236e-01
4.9155968428e-01
2.3402607441e+00
2.0306882858e+00
4.3616116047e-01
4.6640306711e-01
-7.5870543718e-02
-1.1455323547e-01
-2.9127761722e-01
-1.0268194675e+00
7.9112887383e-02
-4.2442250252e-01
1.4431215525e+00
-7.2557896376e-01
1.8952382803e+00
2.6363987923e+00
2.1323001385e+00
6.3239073753e-01
3.0744684860e-02
6.1180019379e-01
1.7536446452e-01
3.7651979923e-01
1.5151934624e+00
1.5643011332e+00
1.0367618799e+00
2.2389929295e+00
1.3788112402e+00
7.9314416647e-01
1.0899129324e-02
1.3506363332e-01
1.7604812384e+00
1.5964663029e+00
-2.5368756056e-01
-1.5091507435e+00
-1.5099908113e+00
-2.9899709225e+00
-1.7939996719e+00
-2.5315723419e+00
-2.9781246185e+00
-4.5286402106e-02
-1.0386126041e+00
-2.3148293495e+00
-1.4551033974e+00
-1.5809284449e+00
-1.3800340891e+00
-8.6488884687e-01
2.1186339855e-01
-6.7488092184e-01
-1.5975519419e+00
-2.2488183975e+00
-7.5024753809e-01
-5.6716489792e-01
3.4940836430e+00
3.3787579536e+00
-3.0257718563e+00
-3.4743371010e+00
4.1147944331e-01
1.5739770234e-01
2.7844653130e+00
2.4259229004e-01
-6.4644944668e-01
-5.0404822826e-01
-5.0688572228e-02
-6.0111218691e-01
2.4362449348e-01
-7.3679375648e-01
-5.7790100574e-01
-1.0717600584e+00
-2.8363171220e-01
3.8824132085e-01
1.0985869169e-01
-1.0974963754e-01
-8.3226931095e-01
-1.2705987692e+00
-3.3951783180e+00
-2.3641498089e+00
-2.7824172974e+00
-3.1591501236e+00
-3.9661841393e+00
5.8195043355e-02
5.3692317009e-01
8.2639761968e-04
-3.0942091346e-01
-9.8649239540e-01
-7.9978859425e-01
-1.7581064701e+00
-5.2645421028e-01
-7.5650662184e-01
-2.9373056889e+00
-6.9839328527e-01
1.0566936731e+00
-1.2396316528e+00
-1.2659578323e+00
-3.5918757915e+00
-1.9933991432e+00
1.6187753677e+00
-2.7416017652e-01
1.9553576708e+00
1.9690905809e+00
5.9542936087e-01
-9.8565775156e-01
-2.9538765550e-01
-2.3190416396e-01
7.2518551350e-01
1.0993649960e+00
1.1336261034e+00
-1.0699793100e+00
9.4578546286e-01
-2.1246898174e-01
-4.7130802274e-01
-1.5524699688e+00
-5.9807859361e-02
-5.9589123726e-01
1.6256386042e+00
-8.9915466309e-01
2.5688021183e+00
-1.6945898533e-01
1.7324985266e+00
-4.7188371420e-01
2.3551471233e+00
1.8867650032e+00
8.2749372721e-01
1.2942649126e+00
-7.5251770020e-01
-1.8154662102e-02
6.8584084511e-01
7.8390407562e-01
6.9497507811e-01
9.3970179558e-01
-6.2715119123e-01
-1.4768571854e+00
-3.3946239948e+00
-2.5842685699e+00
-2.0130994320e+00
-1.8386334181e+00
1.5224092007e+00
1.7795250416e+00
4.9468418956e-01
-1.3949233294e+00
-2.8858396411e-01
1.4413586855e+00
-4.9400857091e-01
-1.1638232321e-01
-2.2065463066e+00
-1.1422345638e+00
1.4777148962e+00
9.5534491539e-01
5.3716623783e-01
5.7927960157e-01
1.7845890522e+00
-6.6393223824e-04
6.9794946909e-01
1.9551853836e-01
-6.4983600378e-01
-1.7402094603e+00
1.6525216103e+00
-5.0589573383e-01
2.7520744801e+00
6.8798780441e-02
-2.7483870983e+00
-1.7982079983e+00
-1.7028056383e+00
-1.5805363655e+00
4.1715437174e-01
-2.1710131168e+00
-6.2869268656e-01
-1.8965461254e+00
-6.9384831190e-01
-6.7939162254e-01
-1.6496458054e+00
3.0690881610e-01
6.5814119577e-01
1.4845211506e+00
7.8499436378e-01
2.0482192039e+00
4.2559189796e+00
1.6006596088e+00
2.8638690710e-01
2.0079834461e+00
-7.2794628143e-01
-2.2775652409e+00
-2.2880904377e-01
-5.0700938702e-01
1.3538625240e+00
1.4858912230e+00
-3.0709082261e-02
1.3152374029e+00
-3.5031005740e-01
2.8204271793e+00
-5.6690996885e-01
-4.3748670816e-01
-2.5196564198e+00
-8.1257534027e-01
-1.7829512358e+00
2.8383401036e-01
3.2999958992e+00
7.3136228323e-01
1.3943067789e+00
8.1984585524e-01
1.3542453051e+00
-5.5376976728e-01
3.5581016541e-01
-5.0919729471e-01
-1.6520655155e+00
1.8892234564e+00
1.2267915010e+00
3.9043763280e-01
-2.4087643251e-02
2.4359586239e+00
6.6385823488e-01
9.4851362705e-01
2.0854811370e-01
-2.9381325841e-01
6.8022850901e-03
3.6118097603e-02
-1.4603090286e-01
-3.8874778152e-01
-2.3479761183e-01
-1.3132758141e+00
1.8029938638e-01
8.4787136316e-01
-6.1335414648e-02
3.2065421343e-01
-1.6584219933e+00
6.6953253746e-01
-1.1579574347e+00
-1.0707173496e-01
-1.4527779818e-01
-2.3776006699e-01
-4.4834360480e-01
-1.1360170841e+00
-1.6929980516e+00
-1.1964310408e+00
-2.2475006580e+00
2.0135088265e-01
3.0827346444e-01
1.7669326067e+00
-7.9686611891e-02
4.7284361720e-01
2.2587988377e+00
-2.7742484212e-01
5.5115795135e-01
-8.5013306141e-01
-1.8774557114e+00
-1.9273405075e+00
1.6093343496e+00
1.5878410339e+00
1.0469291210e+00
-1.5375026464e+00
-3.4814841747e+00
7.7528113127e-01
8.4283649921e-02
4.5709479600e-02
-9.3331378698e-01
2.2044283152e-01
2.8502759337e-01
1.4747588634e+00
-4.6557992697e-02
8.9291226864e-01
-1.3875982761e+00
-2.3536779881e+00
-2.0785982609e+00
-4.6216210723e-01
-2.0183429122e-02
-8.4554952383e-01
7.9572194815e-01
2.3802667856e-01
-4.4560924172e-02
1.0490642786e+00
-8.2648329437e-02
2.4039690495e+00
2.8148899078e+00
1.3099162579e+00
1.8232185841e+00
-1.4361798763e+00
2.2295329571e+00
8.2956904173e-01
3.1462061405e-01
6.3002723455e-01
4.1794228554e+00
1.7820035219e+00
1.5781655312e+00
3.1843428612e+00
2.3143928051e+00
-8.0352562666e-01
-8.1913042068e-01
-1.2602335215e+00
-1.3683455065e-02
-2.3256123066e+00
-3.2717506886e+00
-4.1302388906e-01
-1.9652554989e+00
-1.0541522503e+00
1.3067530096e-01
3.5727992654e-01
3.0876553059e+00
1.1185178757e+00
1.2101963758e+00
3.9264166355e+00
-4.8644847870e+00
2.5997146964e-01
-2.3420977592e+00
1.1965978146e+00
1.0669144392e+00
-2.7958247662e+00
-4.6305799484e+00
-3.0296323299e+00
-4.8582410812e+00
-2.9691059589e+00
-1.1012541056e+00
-2.4133419991e-01
6.2561434507e-01
7.2303754091e-01
1.7270926237e+00
7.1728307009e-01
-5.4457718134e-01
7.6559019089e-01
-4.5534944534e-01
-1.1657977104e+00
-5.2392435074e-01
-1.3931359053e+00
-8.6536251009e-02
2.7598839998e-01
-9.7016829252e-01
-6.3272035122e-01
4.3762239814e-01
8.8919520378e-01
7.7073383331e-01
1.0470002890e+00
1.3520174026e+00
-3.6355016232e+00
4.2426392436e-01
-1.9450961351e+00
1.1034854650e+00
-7.5345569849e-01
1.6640665531e+00
-4.1670835018e-01
2.1961420774e-01
-1.7220672369e+00
-1.6889793873e+00
-8.4625464678e-01
-3.9530128241e-01
4.7839009762e-01
5.0347447395e-01
3.4641952515e+00
1.2048844099e+00
2.4020009041e+00
2.7773840427e+00
2.1488215923e+00
1.5155438185e+00
3.2425820827e+00
2.6610763073e+00
1.2651215792e+00
1.7075906992e+00
6.8405330181e-01
-4.8785474896e-01
3.7988796830e-01
-1.6313925982e+00
-2.5540916920e+00
-4.0790581703e-01
4.9709019065e-01
-1.7696530819e+00
-1.2587686777e+00
-5.4276638031e+00
-9.4951814413e-01
-3.0167691410e-02
8.7659209967e-01
5.8993446827e-01
1.3319437206e-01
6.6677069664e-01
2.5962454081e-01
2.5667243004e+00
2.5232770443e+00
3.2466256618e+00
-1.4468523264e+00
-1.1208958626e+00
-2.2323291302e+00
-4.6809154749e-01
7.5957995653e-01
-2.9104747772e+00
-1.9218823910e+00
-1.1326017380e+00
-1.4668438435e+00
-2.1098489761e+00
9.4230973721e-01
-1.1797886342e-01
1.8228916824e-01
3.0945727229e-01
-1.4166336060e+00
2.5545010567e+00
2.7308139205e-01
1.8426321745e+00
1.4275060892e+00
1.4517420530e-01
5.9781384468e-01
-1.1600931883e+00
-3.4430998564e-01
-1.1547430754e+00
7.5847566128e-01
-1.2652730942e+00
-1.4685466886e-01
-1.8653567135e-01
2.3888690770e-01
4.7182032466e-01
2.9490234852e+00
2.5942251682e+00
4.9112167358e+00
2.0118067265e+00
2.7794773579e+00
-5.0782248378e-02
-1.4289492369e+00
-1.5484726429e+00
-1.1434573680e-01
-1.0022810698e+00
-5.9037566185e-01
-2.6070034504e+00
-1.8220384121e+00
-2.1533598900e+00
-2.5454564095e+00
-3.1871542931e+00
-4.2086830139e+00
1.7557579279e-01
1.2263290882e+00
1.8464319706e+00
1.4375044107e+00
1.8929864168e+00
-4.3800920248e-01
5.7703489065e-01
8.3124232292e-01
-2.2678897381e+00
-4.6736070514e-01
1.5965003967e+00
-3.7220793962e-01
-2.8773150444e+00
2.7034205198e-01
-1.2146593332e+00
-6.4438736439e-01
7.0111024380e-01
2.2210822105e+00
-1.7127478123e+00
-1.3420429230e+00
-7.2138750553e-01
-1.4370287657e+00
-2.0069267750e+00
-1.1824699640e+00
-9.5172512531e-01
-5.6353890896e-01
4.9673527479e-01
-3.3048993349e-01
-2.8868496418e-01
-3.2222557068e+00
-1.8749346733e+00
1.1782444715e+00
1.2799190283e+00
-1.4385199547e+00
2.3701860905e+00
2.5043702126e+00
1.8625636101e+00
2.0827991962e+00
1.0904164314e+00
-7.6595580578e-01
1.5676587820e+00
2.7840995789e+00
2.3791482449e+00
-1.3533594608e+00
-7.1345961094e-01
-7.9342156649e-01
-1.2066448927e+00
-3.1467628479e+00
1.0981364250e+00
5.7186853886e-01
9.9208396673e-01
5.0978893042e-01
1.2853556871e+00
5.0591027737e-01
5.1145100594e-01
-2.1779391766e+00
-2.0415003300e+00
2.9608961940e-01
-1.3736541271e+00
3.6498370767e-01
1.2583349943e+00
1.3093634844e+00
2.5288462639e-01
2.7419378757e+00
-5.1958388090e-01
-3.8119361401e+00
-2.7025601864e+00
-1.7175915241e+00
-1.8906296492e+00
-1.2074859142e+00
2.0109552145e-01
-7.2725814581e-01
-1.7387406826e+00
7.2470440865e+00
-1.2399834394e-01
-1.1004376411e+00
-2.5163352489e+00
-2.0964469910e+00
5.2187788486e-01
6.8627697229e-01
-2.8620285988e+00
-4.4502806664e+00
-2.2614417076e+00
1.0227142572e+00
-5.0985419750e-01
-1.4176417589e+00
-2.0603078604e-01
3.2028207183e-01
1.1118364334e+00
7.0790737867e-01
-1.1165453196e+00
2.0126146078e-01
1.6688164473e+00
-2.3623216152e-01
-7.4979048967e-01
5.5186522007e-01
4.8358285427e-01
7.4768692255e-01
1.0273962021e+00
6.7179656029e-01
1.0004373789e+00
1.5462874174e+00
2.1435143948e+00
2.7095156908e-01
-1.1872823536e-01
-7.7403175831e-01
1.9955183268e+00
2.5310215950e+00
8.3264690638e-01
1.7790091038e+00
1.8749955893e+00
1.5346912146e+00
-2.6726334095e+00
4.1972920299e-01
8.3197009563e-01
1.0758752823e+00
-2.4624662399e+00
-3.5250318050e+00
5.4867255688e-01
1.4728900194e+00
2.2383363247e+00
4.4299480319e-01
-6.6377662122e-02
1.3326077461e+00
-1.1723455191e+00
-1.1506761312e+00
5.0755721331e-01
3.9096136093e+00
-7.7880728245e-01
-2.1856746674e+00
-3.7863612175e+00
-1.1958324164e-01
3.7962874770e-01
-8.5294091702e-01
1.0379916430e+00
2.1321728230e+00
-1.9190784544e-02
-2.2758343220e+00
4.8923916817e+00
4.1889807582e-01
-2.3703722954e+00
-1.0885018110e+00
-5.8048492670e-01
-9.3703502417e-01
3.2647335529e+00
2.7957038879e+00
3.4463016987e+00
3.3510394096e+00
-5.9235560894e-01
-1.8669655323e+00
1.1732866764e+00
-4.5861294866e-01
9.1607713699e-01
5.1594978571e-01
9.8727059364e-01
5.1818972826e-01
7.0519769192e-01
4.8443424702e-01
3.8617283106e-01
2.2192772478e-02
-3.1051056385e+00
-1.8671927452e+00
-1.1766721010e+00
2.3634061217e-01
8.5314184427e-01
1.8531801701e+00
-2.5472801924e-01
9.0474694967e-01
-1.5475018322e-01
1.2402619421e-01
6.2480974197e-01
7.6912534237e-01
-2.7465859056e-01
-7.7433788776e-01
2.0925085545e+00
2.5622384548e+00
2.7640888691e+00
2.7706353664e+00
-1.0604456663e+00
-2.0905165672e+00
-1.8916734457e+00
-2.2641568184e+00
7.5356858969e-01
-4.8157364130e-01
-3.9167904854e-01
-5.9903705120e-01
-2.8673776984e-01
1.2642104626e+00
1.8965527415e-02
8.2757699490e-01
-2.0420184731e-01
-1.4857860804e+00
-3.6457753181e+00
1.1251155287e-01
6.0284376144e-02
7.1093243361e-01
6.3018089533e-01
2.5824570656e-01
5.5548352003e-01
1.6937637329e+00
1.6002390385e+00
1.7749483585e+00
1.4207279682e+00
-3.8569289446e-01
4.6727091074e-01
-6.2185776234e-01
-2.6491111517e-01
-7.4526083469e-01
-8.0641394854e-01
4.0042135119e-01
2.7192542553e+00
-2.9762566090e-01
-7.9084986448e-01
1.8182367086e+00
-3.0296495184e-02
-1.5099723637e-01
-1.1794213057e+00
-1.4607097208e-01
-9.3807649612e-01
-3.2215517014e-02
-8.9676946402e-01
2.6973640919e+00
1.3798153400e+00
-4.8997387290e-01
-4.3939760327e-01
3.2714521885e+00
2.0407204628e+00
-4.0081503987e-01
1.8699592352e+00
1.9655337334e+00
1.5370435715e+00
2.5531765819e-01
-5.7913833857e-01
6.8636035919e-01
-1.8940173090e-01
8.3031046391e-01
1.1551632881e+00
-1.1899757385e+00
-4.3331241608e-01
7.8745841980e-01
-1.1232249737e+00
-9.4870984554e-01
-1.2858455181e+00
1.9936057925e-01
-1.0854829550e+00
-1.2561678886e+00
-2.0742578506e+00
-2.3617064953e-01
-1.0249756575e+00
-2.0399454236e-01
1.0885316133e+00
1.3675748110e+00
2.2744636536e+00
-6.6024416685e-01
-1.8613470793e+00
-3.0115377903e-01
9.9608910084e-01
1.3689769506e+00
-1.3795113564e-01
1.3471502066e+00
2.0729963779e+00
7.3883169889e-01
1.3093183041e+00
2.0060198382e-02
-2.0177070796e-01
-1.4224974811e-01
5.8350026608e-01
3.7711110115e+00
-3.4344926476e-01
-9.0840363503e-01
-2.1183843613e+00
-3.0291309357e+00
-3.7517240047e+00
-4.5498153567e-01
1.6090580225e+00
-1.2949088812e+00
-1.0243856907e+00
-2.0297105312e+00
-4.3003425598e+00
-1.6494148970e+00
7.9070734978e-01
1.3732780218e+00
-9.3714213371e-01
7.1984213591e-01
6.1264753342e-01
1.5349072218e+00
1.2548547983e+00
2.6128594875e+00
-2.2486235201e-01
-1.1410139799e+00
-9.7139090300e-01
-1.0431777686e-01
2.4202950001e+00
5.1213872433e-01
-1.1094551086e+00
4.6592622995e-01
1.5098570585e+00
-1.7824286222e+00
-1.1406813860e+00
-1.1554983854e+00
-1.0825257301e+00
3.5567629337e-01
7.7181234360e+00
8.6791850626e-02
-8.8161462918e-03
3.1923487782e-01
-1.9374862313e-01
4.1749247909e-01
-6.0159295797e-01
1.2273302078e+00
1.2626539469e+00
-9.8774409294e-01
-5.5165761709e-01
2.6246047020e+00
1.5196570158e+00
-3.4263449907e-01
-5.1368588209e-01
2.1542613506e+00
-5.9325704575e+00
-1.4999929667e+00
6.7324358225e-01
9.0153080225e-01
1.7445322275e+00
2.7883255482e+00
1.5375657082e+00
2.7738201618e+00
1.4302910566e+00
2.2418375313e-01
-8.7055844069e-01
-2.7812165022e-01
3.7799540162e-01
-2.2749334574e-01
-4.2596557736e-01
-2.9226126149e-02
-7.9038906097e-01
-9.6468013525e-01
-1.4505840540e+00
-2.9070067406e-01
7.9473799467e-01
1.2411588430e+00
-5.9479057789e-01
3.4693032503e-01
-1.2816425562e+00
-1.2207864523e+00
-1.2502166033e+00
-9.7510135174e-01
-3.2154911757e-01
-8.0817657709e-01
-9.5604586601e-01
-2.1125638485e+00
5.3242874146e-01
1.4672158957e+00
2.0090031624e+00
-3.4316182137e-01
1.2097686529e+00
4.5449690819e+00
2.0396392345e+00
-1.8076010048e-01
-4.2484268546e-01
-1.0027432442e+00
1.5995827913e+00
-3.7851530313e-01
-1.8496906757e-01
-1.4954129457e+00
-9.6578371525e-01
-2.2768425941e-01
-2.0688173771e+00
-1.8843148947e+00
4.8816275597e-01
-2.0335515961e-02
-4.0831327438e-02
4.4209784269e-01
1.4257487655e-01
-1.5210336447e+00
-5.1821738482e-01
-7.2695243359e-01
6.1634665728e-01
1.4933524132e+00
-8.5851448774e-01
2.3694689572e-01
-1.8380175531e-01
3.3262699842e-01
-5.0394797325e-01
3.0479381084e+00
3.9553153515e-01
-1.6165946722e+00
-7.7305334806e-01
9.4893115759e-01
3.7883928418e-01
-2.9950591922e-01
-5.6938976049e-01
-1.9087012857e-02
1.0303976536e+00
2.4502315521e+00
-4.1602626443e-01
-1.8611657619e+00
-1.9299533367e+00
-2.4357199669e+00
3.8719078898e-01
-1.9245010614e-01
-4.4431281090e+00
-1.1901885271e+00
1.4495016336e+00
1.3054574728e+00
1.2656233311e+00
-5.6120771170e-01
-1.2472411394e+00
-1.4707295895e+00
-2.4029946327e+00
-1.4757927656e+00
-4.0457415581e+00
-2.3157012463e+00
-2.1654970646e+00
3.7967345119e-01
1.1841945648e+00
-8.1197279692e-01
-1.5558093786e+00
-1.7084176540e+00
1.0362951756e+00
1.0165468454e+00
1.5394446850e+00
1.5881561041e+00
6.6036564112e-01
-3.0604231358e+00
-2.1484551430e+00
-1.3717141151e+00
-2.5446817279e-01
-8.0865693092e-01
1.7060381174e+00
1.0956212282e+00
1.1969008446e+00
-1.0374546051e+00
-2.9490633011e+00
1.1439763308e+00
5.7972264290e-01
-1.9058343172e+00
-4.1920547485e+00
-2.1459510326e+00
3.8351929188e+00
6.5300500393e-01
1.7548897862e-01
-3.4018743038e-01
8.1829987466e-03
7.2290086746e-01
-1.1354211569e+00
-1.5148733854e+00
-9.0317046642e-01
1.3093438148e+00
-9.8019087315e-01
-3.3052432537e+00
-1.0693579912e+00
7.9308533669e-01
1.1700804234e+00
-1.1583378166e-01
-1.8773227930e-01
-7.3189854622e-02
-4.5160126686e-01
-1.5789028406e+00
3.9834890366e+00
1.9782141447e+00
1.2004640102e+00
7.0440417528e-01
-8.8616150618e-01
-1.1785170436e-01
2.1390194893e+00
4.2371201515e+00
1.6552453041e+00
-1.5411850810e-01
1.1235333681e+00
1.0172824860e+00
-1.8334937096e-01
7.8410416842e-01
-5.1529955864e-01
2.2182729244e+00
1.3572169840e-01
1.7476146221e+00
8.3755445480e-01
-8.2825028896e-01
-5.2951508760e-01
-2.3498055935e+00
-1.3753814697e+00
1.0371676683e+00
8.9194631577e-01
8.8233679533e-01
-3.4741431475e-01
-6.7497724295e-01
-1.7464025021e+00
-1.4155657291e+00
-2.3674175739e+00
-6.8635839224e-01
-9.5509815216e-01
-1.2756940722e-01
6.5022116899e-01
-1.6611900330e+00
2.2022868693e-01
1.1131798029e+00
7.3045295477e-01
-4.3232226372e-01
1.1418760568e-01
-7.2598576546e-01
-1.7136901617e+00
-3.7545636296e-01
1.1858755350e+00
-1.7657954991e-01
1.3339992762e+00
1.7386069298e+00
8.3554267883e-01
1.3119499683e+00
6.9542860985e-01
1.1824074984e+00
1.7170771956e-01
5.9740442038e-01
2.0281693935e+00
1.2872933149e+00
-1.3517294824e-01
2.1134017408e-01
-1.4417380095e-01
1.1525681019e+00
1.4870418310e+00
-9.5340335369e-01
9.9078685045e-01
1.2935544252e+00
1.6150364876e+00
3.7467557937e-02
4.4303545356e-01
-9.5945554972e-01
6.9499343634e-01
1.5219484568e+00
-5.4157269001e-01
6.4151978493e-01
1.8425861001e-01
7.0931509137e-02
1.5832052231e+00
-7.9125577211e-01
8.5818785429e-01
1.9088776112e+00
2.0028622150e+00
8.0439466238e-01
-2.6092016697e-01
1.7836914957e-01
3.1418976784e+00
1.1360459328e+00
6.2498921156e-01
-1.4093105793e+00
-1.2205327749e+00
1.4723739624e+00
-1.1806517839e+00
-1.3958117962e+00
9.3664354086e-01
2.9517558217e-01
-2.5722205639e+00
1.7942672968e+00
2.0112659931e+00
1.7913697660e-01
5.3164899349e-01
1.8961186409e+00
3.4783196449e-01
-1.0616699457e+00
-1.6282382011e+00
-2.3123979568e+00
-2.6271259785e+00
-6.8855404854e-01
6.7640393972e-01
-4.7466021776e-01
-8.0323660374e-01
-1.1156772375e+00
-2.6349768043e-01
1.6510061026e+00
-9.6183645725e-01
4.2205095291e-01
2.1089766920e-01
6.4713311195e-01
1.4065849781e+00
-1.5175033808e+00
-1.8308486938e+00
-6.9529557228e-01
-2.0012836456e+00
5.3765851259e-01
-1.2474309206e+00
1.4995445013e+00
2.1435093880e+00
6.4411127567e-01
1.9237946272e+00
-4.0886804461e-01
-1.3524264097e+00
-1.7111896276e+00
-3.4751245379e-01
3.1076548100e+00
-1.3721630573e+00
-1.6271165609e+00
-1.8153694868e+00
1.1192550659e+00
1.2766888142e+00
-5.9356522560e-01
2.2889961302e-01
3.3238798380e-01
2.3847165704e-01
2.0064504147e+00
-3.1405766010e+00
-8.6451363564e-01
5.8602070808e-01
6.1549282074e-01
2.0535124838e-01
1.7590035200e+00
1.8593685627e+00
2.4420874119e+00
1.5303785801e+00
1.3294205666e+00
-1.6106837988e-01
-5.4390408099e-02
-2.3364809155e-01
8.2543337345e-01
3.1973164082e+00
1.0393804312e+00
-1.0555080175e+00
-1.3396742754e-02
2.0585073531e-01
1.9559228420e+00
-1.5908415318e+00
-1.5202327967e+00
6.2529122829e-01
1.8482874632e+00
5.6369366646e+00
-2.0982894897e+00
-1.4244410992e+00
-4.0786483884e-01
2.6283890009e-01
-8.6264455318e-01
9.9289703369e-01
7.4390959740e-01
9.0884423256e-01
1.4381901026e+00
1.4190740585e+00
9.2512267828e-01
-9.7144663334e-01
-2.0487570763e+00
-3.4235115051e+00
-2.4060401917e+00
1.0027681589e+00
-4.9388363957e-01
-4.3720993996e+00
6.0138320923e-01
1.6569952965e+00
2.9878630638e+00
3.0957098007e+00
3.8867008686e+00
2.4523887634e+00
3.4131476879e+00
-3.5696837306e-01
-2.6022183895e-01
-3.9727109671e-01
-3.4220895171e-01
1.2157447338e+00
-1.3128927946e+00
-7.8864288330e-01
1.0170392990e+00
2.7068573236e-01
-1.7982903123e-01
-1.0459362268e+00
-1.1456761360e+00
-5.4461789131e-01
2.2608117759e-01
8.5420590639e-01
-3.0827862024e-01
-8.7431591749e-01
-1.2774643898e+00
-1.6787146330e+00
-2.1685137749e+00
1.3830280304e+00
6.3876271248e-01
-6.8411046267e-01
-1.5453422070e+00
5.2345347404e-01
-7.5966815948e+00
-2.6472729445e-01
2.9120063782e+00
1.8045091629e+00
7.0257389545e-01
-8.4882490337e-02
-1.7589983940e+00
-1.2836503983e+00
-1.0419222116e+00
-1.3136085272e+00
-1.1159859896e+00
-1.2898849249e+00
-1.1370884180e+00
-1.2957773209e+00
-2.5099773407e+00
-4.0831539035e-01
-1.1805193126e-01
2.6305750012e-02
-4.5473098755e-02
-2.1438167989e-01
-1.8827544451e+00
-1.1673916578e+00
-2.6772019267e-01
8.0804717541e-01
3.0826523900e-01
-4.4404668808e+00
-2.3540582657e+00
-1.0230915248e-01
2.3382923007e-01
8.4109938145e-01
-3.1036832929e-01
3.4536477923e-01
-4.7521275282e-01
-2.8031938076e+00
-1.3384268284e+00
5.2441561222e-01
8.6094874144e-01
8.8027530909e-01
-5.1455903053e-01
8.6734786630e-02
1.3754448891e+00
6.5727529526e+00
9.0655350685e-01
-1.1274123192e+00
-1.0391106606e+00
-5.9610766172e-01
-5.5815148354e-01
-7.0807403326e-01
-7.4885499477e-01
-1.1924540997e+00
5.1020175219e-01
-4.1670185328e-01
-3.9212292433e-01
-7.4956327677e-01
-1.0786545277e+00
-1.3840051889e+00
-2.4370069802e-01
-1.8939645290e+00
-8.4423702955e-01
-3.6205777526e-01
2.6025912166e-01
1.0820192844e-01
8.0602955818e-01
2.4877744913e-01
-1.0272247791e+00
-4.9933689833e-01
8.3390581608e-01
9.7786468267e-01
5.4575139284e-01
8.8519179821e-01
7.2757101059e-01
1.1510211229e+00
-4.9246147275e-01
3.3843120933e-01
2.3511773348e-01
-2.7329423428e+00
-8.1013107300e-01
-7.8662149608e-02
-1.0626969337e+00
-1.1467579603e+00
2.0663201809e+00
1.7975709438e+00
1.2382822037e+00
-4.5403474569e-01
-1.9708696604e+00
-3.7686228752e-01
-7.2304952145e-01
2.3931436539e+00
-1.0628760606e-01
-1.0049028397e+00
-6.6825121641e-01
1.3143148422e+00
9.8968100548e-01
1.7211012840e+00
2.0294878483e+00
1.6768026352e+00
2.4908161163e-01
-5.7090783119e-01
-1.0205951929e+00
-9.4798547029e-01
-1.9542837143e+00
-1.0785577297e+00
-2.3606003821e-01
-1.7264996767e+00
-2.6352682114e+00
-5.1819634438e-01
2.0251860619e+00
9.9291908741e-01
1.8234735727e+00
4.2717099190e-01
-5.0915465355e+00
-1.7238977551e-01
4.4166412354e+00
4.1478352547e+00
3.3452546597e+00
-1.7122287750e+00
-9.7881180048e-01
9.0777719021e-01
2.5333654881e-01
-9.5173066854e-01
-4.7091621161e-01
1.9463368654e+00
2.1072669029e+00
2.2599534988e+00
1.0097525120e+00
-6.1406576633e-01
-8.9531666040e-01
-2.8546233177e+00
-1.2524703741e+00
-1.8722290993e+00
-1.1552915573e+00
-4.1793006659e-01
2.5838112459e-02
1.9181489944e-01
1.2140785456e+00
-1.8133322895e-01
1.0527216196e+00
7.8833216429e-01
-3.0576384068e-01
-1.6234098375e-01
-4.4945163727e+00
-1.2498759031e+00
1.2286870480e+00
1.1740698814e+00
1.1216605902e+00
8.9313478470e+00
-2.4881257117e-01
-1.1347846985e+00
-9.9120724201e-01
-1.0616487265e+00
3.3244426250e+00
7.8283011913e-01
-1.2052195072e+00
-3.0084562302e-01
1.0276988745e+00
-2.6704648137e-01
4.1877341270e-01
3.5561680794e-02
2.9923364520e-01
1.3866552114e+00
-2.5054352283e+00
-5.8898597956e-01
7.2586780787e-01
-2.1541910172e+00
-1.8269590139e+00
-2.4651603699e+00
-1.8223892450e+00
4.7392266989e-01
-9.7098875046e-01
9.8892927170e-01
2.4866457283e-01
4.9808955193e-01
1.8596687913e-01
-1.7923444510e-01
1.7666848898e+00
1.0765471458e+00
9.9877357483e-02
-4.3550121784e-01
-3.8284322619e-01
1.0061001778e+00
2.7734470367e-01
-5.0141550601e-02
-4.1210711002e-01
7.7185350657e-01
-5.0574207306e-01
-1.9121357799e-01
-1.5560804605e+00
-2.7333191037e-01
1.3461167812e+00
2.8649431467e-01
-1.3868011236e+00
-7.5379401445e-01
-6.4737743139e-01
-8.2172995806e-01
1.3483124971e-01
1.3793851137e+00
4.5799785852e-01
-4.6258988976e-01
4.0773627162e-01
2.0901877880e+00
-2.2552916408e-01
-2.7426889539e-01
2.2352952957e+00
9.1749012470e-01
-1.2586642802e-01
1.6324050426e+00
-1.3971689939e+00
-5.5843526125e-01
-6.1490416527e-01
-1.1084554195e+00
7.2050857544e-01
-9.1831797361e-01
-1.7660382986e+00
-9.8535847664e-01
-9.0920394659e-01
-1.2329622507e+00
4.9317193031e-01
-7.5301980972e-01
1.0739603043e+00
2.3467423916e+00
7.4028402567e-01
2.3864999413e-01
-4.8179695010e-01
-8.4879118204e-01
-1.4781148434e+00
1.9136790037e+00
1.3237135410e+00
7.1003651619e-01
-6.5971869230e-01
1.3724049330e+00
-7.6709407568e-01
4.3220695108e-02
3.3152848482e-01
8.2466971874e-01
6.9212913513e-01
6.8918163888e-03
-2.8140766546e-02
-3.4120079875e-01
-4.6557688713e-01
1.4210751057e+00
-1.3059382439e+00
-3.8390159607e-02
1.9176030159e-01
2.1154473722e-01
9.6023750305e-01
-2.8306515217e+00
-5.0535044670e+00
-1.0641242377e-02
9.6131926775e-01
8.8560509682e-01
-2.0878906548e-01
4.1856330633e-01
1.4792689085e+00
1.4044013023e+00
1.1943347454e+00
3.7028872967e-01
-1.2429883704e-02
-1.0046093464e+00
-4.7818812728e-01
-1.8729841709e-01
-2.0422782898e+00
-2.2292225361e+00
-9.8679697514e-01
1.0746715069e+00
4.7379371524e-01
-2.0385632515e+00
-1.8940488100e+00
-1.8718672991e+00
-7.2237461805e-02
9.8569601774e-01
6.7565637827e-01
-1.0705585778e-01
-5.4793953896e-01
-3.1989976764e-01
-4.5300915837e-01
4.8468682170e-01
-1.9596107006e+00
4.6551725268e-01
-1.0047515482e-01
7.3960304260e-01
1.4446638823e+00
7.3925465345e-01
-2.9564481974e-01
-1.0153930187e+00
-7.0109039545e-01
-1.1513649225e+00
-4.4317417145e+00
-9.0053683519e-01
5.4383581877e-01
6.1492413282e-01
1.8393101692e+00
5.4603964090e-01
2.0065798759e+00
9.9507415295e-01
3.1629352570e+00
-3.0614464283e+00
-3.5728618503e-01
-4.6720143408e-02
2.5730643272e+00
6.0858413577e-02
1.2691957951e+00
-1.6458619833e+00
6.5948903561e-02
-2.1806597710e+00
-1.6613228247e-02
4.2598089576e-01
1.3767766953e+00
5.8598853648e-02
9.7201347351e-01
-3.2908138633e-01
-6.0319334269e-01
-6.0653251410e-01
-1.7225103080e-01
1.4616833627e-01
-1.4990501404e+00
5.6055301428e-01
-2.1141221523e+00
-3.8296480179e+00
-6.4558118582e-01
2.5945190340e-02
-2.1175205708e+00
3.9409354329e-01
1.8305833340e+00
1.0815837383e+00
1.5213499069e+00
-2.8986102343e-01
-1.3712930679e+00
-1.2179095745e+00
1.4696558714e+00
-3.5683968663e-01
-2.3875360489e+00
-9.2534291744e-01
2.2826905549e-01
-3.6391863227e-01
-1.6735268831e+00
4.4008532166e-01
-9.3006849289e-02
2.3281283677e-01
5.3535636514e-02
1.3959842920e+00
-3.7315165997e-01
1.0581250191e+00
3.9348435402e-01
5.1229797304e-02
1.3676364422e+00
-2.9248783588e+00
2.3606643081e-01
-2.6930996776e-01
-6.9459471852e-03
-2.5055551529e-01
2.6313824654e+00
-4.8473224044e-01
-3.2170397043e-01
-1.1874791384e+00
1.2095016241e+00
-3.3478203416e-01
6.9060778618e-01
-9.3541838229e-02
-9.6862919629e-02
-9.7979497910e-01
8.2063331604e+00
2.2870128155e+00
1.5003880858e-01
-4.9705135822e-01
-7.6848882437e-01
-3.1679821014e-01
1.7143045664e+00
-1.2194381952e+00
8.2526081800e-01
-4.6575307846e-01
4.7825214267e-01
6.3212382793e-01
-2.9375404119e-01
3.7166860700e-01
-2.2911477089e+00
4.5342919230e-01
-1.0283337831e+00
-2.0216393471e+00
-7.8197801113e-01
-4.2723038793e-01
-1.1362121999e-01
-9.9471187592e-01
1.1430610418e+00
-2.1904942989e+00
-9.6149617434e-01
1.0498781204e+00
8.5033053160e-01
4.2176580429e-01
5.8193916082e-01
2.7134423256e+00
5.7964521646e-01
-2.1206857264e-01
-1.2266590595e+00
1.6080062091e-01
4.8141613603e-02
1.0888639838e-01
1.4618964493e-01
1.1265699863e+00
4.6706989408e-01
-6.2096410990e-01
1.3826961517e+00
8.6429727077e-01
5.5684334040e-01
-1.2599668503e+00
-5.8598361015e+00
1.2980949879e+00
-7.1998053789e-01
9.5202273130e-01
-2.0646896362e+00
7.6332002878e-01
-4.3822455406e-01
7.3000586033e-01
-1.3354707956e+00
-3.4244170785e-01
1.9591121376e-01
1.7369024456e-01
-1.3868651390e+00
-4.9176197052e+00
-1.7965941429e+00
-1.0891075134e+00
-1.6630398035e+00
-1.4073424041e-01
-4.7498318553e-01
2.4078734219e-01
-4.1778492928e+00
1.1053959131e+00
3.7428472042e+00
-6.9803500175e-01
1.0290842056e+00
-1.0036619902e+00
-1.8410099745e+00
1.2052752972e+00
2.5059859753e+00
4.0462889671e+00
2.0279357433e+00
-1.0940645933e+00
-9.3603163958e-01
2.1844241023e-01
-1.2535977364e+00
-2.1849188805e+00
-1.4136482477e+00
1.6957242489e+00
-4.0868407488e-01
1.1277498007e+00
-2.8481009007e+00
1.6201376915e-01
6.4645409584e-01
-1.1573270559e+00
2.2462126613e-01
6.0414284468e-01
5.6312292814e-01
4.3691128492e-01
3.0973380804e-01
-1.8056029081e+00
-1.2825103998e+00
-1.3443756104e+00
-1.1816680431e+00
1.2454915047e-01
-8.2887607813e-01
-9.9821054935e-01
-1.2973399162e+00
-9.7496998310e-01
1.6372536421e+00
1.6964764595e+00
1.2652661800e+00
1.3420978785e+00
-8.1138336658e-01
-9.5483863354e-01
-1.4849525690e+00
-5.4148310423e-01
6.6879117489e-01
3.3128947020e-01
1.3520635366e+00
-7.7306908369e-01
1.9332436323e+00
-2.5085070729e-01
-5.1773577929e-02
6.1912155151e-01
7.1566683054e-01
2.3334960639e-01
7.1666598320e-02
-8.8964265585e-01
1.9577026367e-01
4.9906229973e-01
-6.5238219500e-01
6.8434789777e-02
-1.6761411726e-01
1.1627277732e-01
-5.5017858744e-01
2.4608242512e-01
1.8473592401e-01
1.9490294158e-01
-2.6972773671e-01
-5.2076566219e-01
2.7000886202e-01
3.1892529130e-01
8.3933228254e-01
1.3554819822e+00
-7.6760202646e-01
3.1646823883e-01
1.5581850708e-01
-1.9193894863e+00
4.4238898158e-01
7.3502713442e-01
6.1234956980e-01
-6.6832339764e-01
-7.6041108370e-01
8.6703944206e-01
1.2993570566e+00
2.1154601872e-01
-1.7490700483e+00
-9.5239919424e-01
1.1082763970e-01
2.1389455795e+00
5.9661316872e-01
-1.0491359048e-02
1.6886687279e+00
-9.0232872963e-01
7.0832425356e-01
4.2090967298e-01
-1.4506317675e-01
-1.5125726461e+00
1.0143581629e+00
-1.4515562356e-01
5.3946137428e-01
1.3667888641e+00
1.1304886639e-01
-1.1238634586e-01
-3.7253026962e+00
-5.9791315347e-02
2.9168760777e-01
-6.6393893957e-01
-7.9984432459e-01
-8.6089175940e-01
-2.9185578227e-01
-6.7384713888e-01
-5.2157908678e-01
-6.1246806383e-01
-1.0968029499e+00
-1.4217120409e+00
-7.3177039623e-01
-6.3151127100e-01
-1.7975437641e+00
-4.6138134599e-01
-1.0177328587e+00
-1.5120712519e+00
-4.9749055505e-01
1.1703743935e+00
-4.4329461455e-01
1.8863333464e+00
-4.0576823056e-02
1.2907876074e-01
-6.8648755550e-01
-1.7589440346e+00
1.5983014107e+00
3.5851860046e-01
1.4947713614e+00
-5.8210581541e-01
8.9217197895e-01
3.6574685574e-01
-1.9751249254e-01
6.7701679468e-01
1.7089928687e-01
7.4234879017e-01
7.2332739830e-01
-4.7177805901e+00
-5.2670288086e-01
3.4053024650e-01
4.9072408676e-01
4.6205368638e-01
5.8214277029e-01
9.0289443731e-01
1.1546584368e+00
1.1336028576e+00
3.1166489124e+00
3.2417732477e-01
-3.9003533125e-01
-4.6327775717e-01
-5.3306263685e-01
6.7246329784e-01
1.0021007061e+00
1.1677014083e-01
1.3342694938e-01
-4.4875681400e-01
4.5730972290e-01
-1.4518879652e+00
-1.0669955015e+00
-7.0303088427e-01
-3.0854607001e-02
4.8963065147e+00
-1.2544682026e+00
-3.0292338133e-01
5.2756011486e-02
-2.1803934872e-01
-3.4975433350e-01
-1.4107276499e-01
-5.8457082510e-01
6.0182797909e-01
-1.5529283285e+00
-1.3809224963e-01
1.4414120913e+00
-3.5517370701e-01
-1.8286163807e+00
-3.0413074493e+00
-1.3472670317e+00
-5.2161806822e-01
-1.5933806896e+00
-3.7375789881e-01
-2.8892630339e-01
1.9458386302e-01
7.4559807777e-01
-7.9468064010e-02
5.2594095469e-01
5.1983356476e-01
1.7350598574e+00
-2.5109150410e+00
-1.2332381010e+00
-4.9278733134e-01
7.5443422794e-01
8.7764626741e-01
-4.7795137763e-01
-9.7907483578e-01
-4.5614108443e-01
6.1865818501e-01
2.4406332970e+00
2.2604413033e+00
1.2606174946e+00
1.2569767237e+00
-6.1876285821e-02
1.1952587217e-01
-6.6726422310e-01
-7.1896034479e-01
-3.6847391725e-01
-5.0187432766e-01
1.1305477619e+00
6.2398642302e-01
1.3928790390e-01
-1.2068964243e+00
-9.2630249262e-01
7.1212023497e-01
-1.3295469284e+00
3.4231364727e-01
1.0337307453e+00
7.5977468491e-01
1.7079503536e+00
5.3610581160e-01
8.3274507523e-01
-7.6172965765e-01
-1.9144877195e+00
-4.1726207733e-01
2.1734454632e+00
-5.7776743174e-01
-5.6946599483e-01
-2.6127281189e+00
-3.1920349598e+00
4.3170806020e-02
-5.0412338972e-01
-5.6440943480e-01
-2.4005816877e-01
-6.7700308561e-01
4.7972116470e+00
4.5617508888e+00
1.9290233850e+00
1.2624791861e+00
-1.0029981136e+00
-5.6273365021e+00
-1.0259156227e+00
-4.3530461192e-01
5.2924400568e-01
1.1934509277e+00
-1.3612694740e+00
-1.5460683405e-01
-5.8883920312e-02
-6.1931204796e-01
-1.3133677244e+00
-5.9210717678e-01
5.3316092491e-01
1.7916455269e+00
1.7095471621e+00
2.4610891342e+00
5.6415452957e+00
5.4187555313e+00
1.0940711498e+00
-9.4481730461e-01
-8.7754017115e-01
-8.0424213409e-01
-5.0941031426e-02
4.6118772030e-01
-2.9389497638e-01
-2.2170290947e+00
-5.5565255880e-01
-5.9570604563e-01
-6.8998467922e-01
-3.2384958267e+00
-9.5235592127e-01
1.7006349564e+00
2.4366285801e+00
2.3912591934e+00
1.1475801468e+00
-8.4708911180e-01
2.4267467856e-01
-2.3817481101e-01
-2.6972603798e-01
2.3794453591e-02
2.4358391762e+00
3.3218884468e-01
7.8817206621e-01
1.8764169216e+00
2.8378787041e+00
1.4551451206e+00
5.0539022684e-01
-5.3601312637e-01
-3.0875855684e-01
-5.2494114637e-01
-7.1558427811e-01
-6.6655564308e-01
-2.0481779575e+00
-1.4326175451e+00
3.2940112054e-02
-8.3242940903e-01
1.3294821978e+00
8.4260970354e-01
6.2586981058e-01
-6.5122687817e-01
-2.7282707691e+00
-3.9145210385e-01
1.2385914475e-01
-7.3151685297e-02
2.6972019672e-01
-1.5950295329e-01
-9.3957686424e-01
1.1195409298e+00
4.3206918240e-01
1.9883222580e+00
1.9734553099e+00
7.8356134892e-01
-1.4826549217e-02
-8.5526710749e-01
-8.5031986237e-01
-5.3857105970e-01
-8.1746059656e-01
-1.5486810207e+00
-3.4372980595e+00
-1.8519126177e+00
-1.7854852676e+00
3.9221394062e-01
1.4510940313e+00
6.4118731022e-01
1.7715631723e+00
5.7451993227e-01
-3.7324714661e+00
6.7243021727e-01
2.3729703426e+00
3.0567400455e+00
2.1998941898e+00
-1.3414914608e+00
-4.0840885043e-01
-5.4396784306e-01
-5.8128112555e-01
-4.1451236606e-01
-4.2612719536e-01
-5.8029383421e-01
1.8254086971e+00
-1.4250277281e+00
-7.0300424099e-01
2.0069239140e+00
9.1357380152e-01
-1.0450015068e+00
-1.9968050718e+00
-1.2862315178e+00
2.0155470371e+00
1.6171294451e+00
-1.0814719200e+00
-2.8335082531e+00
-1.4707297087e+00
-1.2554659843e+00
-8.2010436058e-01
-1.1616028547e+00
-6.0302186012e-01
4.5103144646e-01
-1.5156208277e+00
1.0207435489e-01
1.0395581722e+00
1.9889793396e+00
1.2931920290e+00
5.7449398041e+00
5.6794285774e-01
-2.1637368202e-01
-1.0955773592e+00
-4.2014041543e-01
1.4764026403e+00
8.3805412054e-01
5.7674312592e-01
9.3783843517e-01
1.6164076328e+00
-1.3484371901e+00
-9.9613815546e-01
-2.2414994240e+00
-8.3350765705e-01
-4.7796022892e-01
-1.7966281176e+00
-1.2052731514e+00
-5.9678065777e-01
-8.6879074574e-02
1.0755593777e+00
8.0729871988e-02
2.3840349913e-01
-5.7955873013e-01
-3.9053320885e-01
-7.6118677855e-01
-2.6910312474e-02
3.6650747061e-01
9.5175333321e-02
-3.9403352141e-01
1.2971869707e+00
-2.7851774693e+00
-1.1407858133e+00
-2.7709183097e-01
6.9937147200e-02
-5.9016710520e-01
-1.5949660540e+00
-2.3268954456e-01
2.0966230333e-01
-1.4637513161e+00
-2.3981936276e-01
3.3135659695e+00
2.3783388138e+00
1.7559748888e+00
-4.7204387188e-01
-4.1017994285e-01
-1.1413565874e+00
-1.0262347460e+00
-5.5563753843e-01
1.0556118488e+00
8.5976713896e-01
-1.6286420822e+00
-1.2149930000e+00
-1.1050838232e+00
-9.1675645113e-01
4.1323047876e-01
6.3058805466e-01
2.1508046985e-01
-3.5495802760e-01
-2.1967671812e-01
5.9093087912e-01
1.3397504091e+00
2.1478094161e-02
-3.1242823601e-01
-2.5763845444e+00
-3.4665133953e+00
1.6996319294e+00
8.1594683230e-02
-5.3028774261e-01
-6.7969572544e-01
-2.9800072312e-01
-6.3750970364e-01
5.1642905921e-02
-4.4698959589e-01
-1.8676722050e-01
3.2582312822e-01
4.9969726801e-01
-9.4225248322e-03
1.1268301010e+00
2.1658871174e+00
1.1919173002e+00
5.0699752569e-01
1.4564579725e+00
1.1673295498e+00
2.1011786461e+00
1.7660846710e+00
-6.2888479233e-01
3.0279663205e-01
2.2178213298e-01
1.0088455677e-01
1.0605398417e+00
-1.7936152220e+00
-1.1167753935e+00
1.3888995349e-01
6.2905853987e-01
2.7480783463e+00
-4.2944869995e+00
-7.5844359398e-01
-1.8659639359e+00
-2.0727300644e+00
-2.2377762794e+00
-4.3091526031e+00
-6.4647281170e-01
-9.9120885134e-01
-7.9965978861e-02
8.8735646009e-01
6.7504167557e-02
7.7830725908e-01
2.3525202274e+00
2.9012093544e+00
1.6910635233e+00
6.9199675322e-01
2.5710150599e-01
-4.4078928232e-01
7.2615480423e-01
1.0666042566e+00
-7.1707310677e+00
-3.6644787788e+00
-2.3567540646e+00
-1.5358567238e-01
4.1977205873e-01
-1.1756880283e+00
-9.2385709286e-01
-1.0447494984e+00
6.9759381004e-03
1.6595836878e+00
-4.2276021838e-01
-6.3315868378e-01
-4.5423331857e-01
-4.8776370287e-01
7.2402678430e-02
2.7815465927e+00
2.5457856655e+00
1.5956457853e+00
2.2015741467e-01
-8.1307226419e-01
-2.8604516983e+00
-1.7639446259e+00
-1.8355183601e+00
-1.7440749407e+00
-1.2177599669e+00
-2.8749151230e+00
-1.2338213921e+00
6.0770399868e-02
1.3497130573e-01
-6.7578518391e-01
1.2978140116e+00
1.9139169455e+00
-2.2764031589e-01
-9.1951245070e-01
-1.5296671391e+00
-1.2109273672e+00
-1.4853945971e+00
-3.6303341389e-01
-4.6591854095e-01
-7.4576461315e-01
-1.5301998854e+00
7.7215355635e-01
1.4168913364e+00
3.0052008629e+00
4.9912581444e+00
1.4683929682e+00
1.0798395425e-01
-3.1007039547e-01
-1.0770999193e+00
-1.2846598625e+00
-4.7327268124e-01
-6.2951904535e-01
-2.3798750341e-01
-2.4054984748e-01
5.1269197464e-01
-3.9307606220e-01
9.4712698460e-01
1.6101446152e+00
1.4547170401e+00
1.3265116215e+00
2.8690245152e+00
2.7191622257e+00
1.0310872793e+00
-5.3240382671e-01
-2.5046596527e+00
-5.4315960407e-01
-1.8905136585e+00
-6.4978861809e-01
-7.3556393385e-01
-2.6143485308e-01
2.1280210018e+00
2.0071682930e+00
1.0724099874e+00
-1.6475962400e+00
-1.0590014458e+00
6.3743245602e-01
-5.0056833029e-01
4.0002202988e-01
-7.7230341733e-02
7.3659993708e-02
-9.7680819035e-01
3.5631501675e-01
-2.1569741890e-02
-2.0467266440e-02
3.2626137137e-01
8.3908671141e-01
5.8039987087e-01
2.4507735670e-01
5.8019036055e-01
-6.1521416903e-01
1.4625359774e+00
2.4166683853e-01
-3.6654990911e-01
5.2933271974e-02
-9.5275735855e-01
-8.3101511002e-01
-1.0301671177e-01
-4.3489208817e-01
-9.8050051928e-01
-8.4061866999e-01
-1.7299338579e+00
-1.7722196579e+00
-1.7441003323e+00
-1.3661448956e+00
-8.2231843472e-01
-1.2532029152e+00
-1.5193107128e+00
-2.8582748771e-01
6.8613183498e-01
-1.0384191573e-01
2.5922286510e-01
-3.0095726252e-01
-1.9444783926e+00
-3.4892463684e-01
-1.1494133621e-01
-9.3113726377e-01
-3.0512818694e-01
-6.1906963587e-01
-3.1117465347e-02
-4.2583116889e-01
2.1538922787e+00
2.2643890381e+00
2.1316578388e+00
1.4878125191e+00
3.1547441483e+00
2.7211198807e+00
1.4920446873e+00
1.1190160513e+00
1.4959321916e-01
-1.8641056493e-02
-2.5951645374e+00
-6.5994924307e-01
2.8933390975e-01
5.7876503468e-01
1.0150201619e-01
9.0208756924e-01
6.7138403654e-01
-1.7709826231e+00
-4.3551530838e+00
-3.1894105673e-01
-2.1848723888e+00
-3.4596052170e+00
-2.2922487259e+00
-3.4451535344e-01
1.2313483953e+00
3.3526682854e+00
2.7549154758e+00
-4.5172291994e-01
7.7321392298e-01
2.4979124069e+00
2.1386294365e+00
5.8936271816e-02
9.0847671032e-01
5.5623477697e-01
1.1542727053e-01
-1.1358147860e+00
2.7702668309e-01
1.3957623243e+00
1.4202133417e+00
1.3432874680e+00
5.5634689331e-01
-1.4718077183e+00
-5.2264970541e-01
-3.4583246708e-01
1.1231859922e+00
1.3046791553e+00
-7.7705121040e-01
1.2097070217e+00
-5.5559515953e-01
-1.6092473269e-01
3.2636644840e+00
2.4164834023e+00
1.1369304657e+00
-1.2194666862e+00
-2.8152246475e+00
-1.2000490427e+00
1.4330713749e+00
6.6631942987e-01
2.2579050064e+00
1.7676916122e+00
1.0813415051e+00
-7.3168300092e-02
1.5568779707e+00
9.4409827143e-03
1.0234218836e+00
-2.5478844643e+00
-1.1380910873e+00
-1.1166673154e-02
-1.8858735561e+00
-2.0266251564e+00
6.7799367011e-02
5.9220463037e-01
-4.0257737041e-01
-1.3375209272e-01
2.7931606770e-01
-1.0246479511e+00
-4.2187133431e-01
8.1832915545e-01
1.5109696984e-01
1.0027754307e+00
-7.0475125313e-01
-2.9120590538e-02
4.8919293284e-01
1.1948019266e+00
-1.9158695936e+00
-2.0375397205e+00
-1.0280632973e+00
8.6733758450e-02
2.7888689041e+00
3.3948335648e+00
-9.0583521128e-01
-1.1152285337e+00
-8.6491517723e-02
1.1019287109e+00
1.0962226391e+00
-3.0040128231e+00
-1.7941960096e+00
-1.7586064339e+00
-1.1557550430e+00
-1.8182936311e-01
1.5340483189e+00
-3.0385902524e-01
-1.3795677423e+00
1.3951040804e-01
-5.9995150566e-01
-3.2779405117e+00
-1.8200691938e+00
-2.1834428310e+00
1.2437437773e+00
2.7436127663e+00
-1.7208653688e+00
-1.2267426252e+00
5.0752907991e-01
1.2862747908e+00
2.4696781635e+00
-8.4882080555e-01
-7.5720477104e-01
-9.8543241620e-02
-6.4522558823e-03
-2.1640942097e+00
2.8853049278e+00
1.9328860044e+00
1.1220054626e+00
-7.0818203688e-01
-3.3916771412e-01
4.0309877396e+00
1.7079249620e+00
9.4211727381e-01
3.3824357390e-01
-3.6317366362e-01
8.7457191944e-01
1.1616627872e-01
-3.7529781461e-02
-6.6084128618e-01
-9.1413044930e-01
-3.8230497837e+00
-2.9167602062e+00
-1.1707128286e+00
-1.7170585692e-01
5.2120625973e-01
1.3752881289e+00
2.9028007984e+00
-5.8303810656e-02
-3.7430879474e-01
1.9861302376e+00
-3.5817983150e+00
-1.9356429577e-01
-4.1980913281e-01
4.7918307781e-01
3.7765803933e-01
-4.6537461877e-01
-4.1660852730e-02
2.0240449905e+00
5.8891024590e+00
5.1151914597e+00
-1.6862908602e+00
-1.3161532879e+00
-4.8365402222e-01
8.1417030096e-01
2.8622393608e+00
-1.9639827013e+00
-1.5692551136e+00
6.8737429380e-01
-9.4195950031e-01
7.4765831232e-01
-1.8262186050e+00
-1.0266765356e+00
3.5545232892e-01
1.9261244535e+00
3.0711963177e+00
-3.8090124726e-02
1.1801915169e+00
6.3912647963e-01
2.2913935781e-01
2.3789557815e-01
1.4639340639e+00
-6.7539036274e-01
1.7404695749e+00
-3.5210391879e-01
1.5211875737e-01
-5.3593730927e-01
-2.3859259486e-01
-1.0879712105e+00
-1.3479660749e+00
-2.6401007175e+00
-5.4040747881e-01
1.1304159164e+00
-2.4487482384e-02
-4.9357259274e-01
-1.5122996569e+00
3.1385717392e+00
1.6045274734e+00
8.5877799988e-01
3.5956621170e-02
-1.6707544029e-01
5.0711995363e-01
2.0671119690e+00
3.0114600658e+00
3.7457115650e+00
1.6977750063e+00
1.1074128151e+00
1.7463589907e+00
5.2958780527e-01
1.9667496681e+00
6.9530677795e-01
4.4804605842e-01
2.1783244610e+00
3.7599992752e+00
1.3653936386e+00
-4.6728914976e-01
-2.5398669243e+00
-1.9959087372e+00
-6.3956357539e-02
1.0037617683e+00
1.3638107777e+00
-6.5695923567e-01
9.5564115047e-01
1.4774224758e+00
-2.2433567047e+00
-1.0444669724e+00
2.2250347137e+00
1.2636915445e+00
-6.2510770559e-01
-1.7274479568e-01
2.4813833237e+00
-7.0053634644e+00
-1.3589545488e+00
1.4276638031e+00
1.4645619392e+00
2.7363023758e+00
1.6342195272e+00
4.5938730240e-01
2.9924368858e+00
1.1169594526e+00
-5.3827893734e-01
-9.5771241188e-01
2.6899471879e-01
6.3195139170e-01
2.2310110927e-01
-6.5616333485e-01
4.5925560594e-01
-1.5142583847e-01
-9.0486425161e-01
-1.6651464701e+00
-7.0635288954e-01
8.2999742031e-01
1.4307477474e+00
-2.3527273536e-01
1.6005129814e+00
-3.9632588625e-01
-2.5456929207e+00
-1.4144635201e+00
-9.2925220728e-01
-7.5721502304e-01
-1.0010171682e-01
-1.1595356464e+00
-2.5223989487e+00
4.5201047324e-03
8.9991414547e-01
1.9582339525e+00
7.5174801052e-02
1.1546610594e+00
3.2774357796e+00
1.3606394529e+00
-1.0287691355e+00
-1.7884619236e+00
-7.3776572943e-01
2.1697158813e+00
5.4838883877e-01
4.2195186019e-01
-1.5470277071e+00
-1.7934013605e+00
-1.9550191239e-02
-1.4116948843e+00
-3.6477081776e+00
8.6453169584e-01
6.5323121846e-02
3.5348108411e-01
7.3661762476e-01
3.7162920833e-01
-2.5770533085e-01
-5.2725619078e-01
-9.7571933270e-01
6.8841807544e-02
1.0551406145e+00
-4.9905604124e-01
3.2314922661e-02
-4.4449985027e-01
2.0785825327e-02
-5.4189050198e-01
3.9978499413e+00
-2.4302335083e-01
-1.9723328352e+00
8.8687521219e-01
2.8381991386e+00
6.1550337076e-01
-1.4262120426e-01
-7.8510755301e-01
2.5159570575e-01
1.4059035778e+00
2.8451578617e+00
-1.7830556631e-01
-1.2476710081e+00
-1.4452157021e+00
-2.1452667713e+00
7.8011316061e-01
-2.9200705886e-01
-3.5612752438e+00
2.7428284287e-01
2.1954751015e+00
1.4205117226e+00
1.3576430082e+00
-6.6641527414e-01
-8.3628565073e-01
-9.8225158453e-01
-2.9835407734e+00
-2.9845683575e+00
-4.4495372772e+00
-2.4453470707e+00
-2.1894440651e+00
7.0750433207e-01
1.1879382133e+00
-7.5358504057e-01
-2.5285775661e+00
-1.7922550440e+00
1.3252989054e+00
9.4014024734e-01
1.2984243631e+00
1.4864370823e+00
6.4159041643e-01
-2.4992532730e+00
-1.4687675238e+00
-1.0878782272e+00
-4.8696765304e-01
-5.0326657295e-01
1.8541190624e+00
6.4990103245e-01
1.4160439968e+00
-5.3802996874e-01
-2.9809670448e+00
1.2023396492e+00
3.9179286361e-01
-1.4486056566e+00
-4.2159981728e+00
-1.7967389822e+00
3.9400999546e+00
-4.4817239046e-01
-5.3916513920e-01
-9.2687898874e-01
-1.0901746750e+00
1.5624226332e+00
-5.7131731510e-01
-2.0209667683e+00
-7.3874461651e-01
1.3248857260e+00
-1.1943204403e+00
-3.9160120487e+00
-1.6713098288e+00
1.8871806562e-01
8.0762940645e-01
7.8941382468e-02
8.2933461666e-01
-5.7033324242e-01
-4.1082492471e-01
-1.3625420332e+00
5.4016194344e+00
1.4776725769e+00
-1.6363345087e-01
1.1214088202e+00
-1.3884226084e+00
5.2767509222e-01
1.7375261784e+00
3.2967982292e+00
9.3211114407e-01
-9.3321216106e-01
1.0579562187e+00
9.7761386633e-01
-5.0700623542e-02
3.9163446426e-01
-1.7481350899e-01
3.9707748890e+00
1.4903780222e+00
2.5996708870e+00
2.0668870211e-01
-7.4357563257e-01
4.1343221068e-01
-1.0503000021e+00
3.9532041550e-01
2.1642489433e+00
2.2232143879e+00
2.3418738842e+00
1.6690216064e+00
6.9588100910e-01
-1.1955742836e+00
-1.5633735657e+00
-1.5147681236e+00
-1.7422527075e+00
-1.3541591167e+00
-6.7094230652e-01
1.2603317499e+00
-5.8756405115e-01
1.5249034166e+00
1.3280910254e+00
1.1571429968e+00
-2.5630421638e+00
-5.0523030758e-01
-7.4899750948e-01
-1.5272650719e+00
-6.3754123449e-01
1.1199193001e+00
-5.9747868776e-01
1.9832772017e+00
1.3714628220e+00
1.0125471354e+00
2.8682488203e-01
2.2281947732e-01
8.4476584196e-01
-1.2279190123e-01
1.3393844366e+00
1.9923559427e+00
8.6749690771e-01
-2.9148030281e-01
-1.0911183357e+00
1.6090463102e-01
1.6830004454e+00
-4.0344595909e-01
-8.9717984200e-01
4.0789070725e-01
-3.4856301546e-01
-4.3003371358e-01
2.6084300876e-01
8.9977294207e-01
-2.8362646699e-02
1.1912121773e+00
8.2450038195e-01
4.6921870112e-01
3.9705815911e-01
-4.0521582961e-01
3.2041957974e-01
9.6297985315e-01
-1.1830065250e+00
4.0796095133e-01
1.3758338690e+00
1.9487366080e-01
-1.1821034551e-01
-1.9061770439e+00
6.4150464535e-01
2.2465198040e+00
-2.8174597025e-01
-9.2731392384e-01
-1.5854010582e+00
-7.6042473316e-01
1.3160076141e+00
-7.3390543461e-01
-1.1560165882e+00
6.9081521034e-01
1.1285116673e+00
-8.7832421064e-01
3.8086738586e+00
2.0858063698e+00
2.0889945328e-01
-3.6623761058e-01
2.2236506939e+00
5.0204449892e-01
-9.4796109200e-01
-1.7336026430e+00
-3.9695689678e+00
-2.8056442738e+00
-1.5652611256e+00
5.4597187042e-01
-5.1140373945e-01
-5.3860497475e-01
-6.3724929094e-01
-2.0052069426e-01
1.6837903261e+00
-6.5983462334e-01
1.4614041150e-01
4.6048662066e-01
1.6201217175e+00
2.2951889038e+00
-3.2618505955e+00
-4.0539021492e+00
-2.8327567577e+00
-2.3680629730e+00
3.8393430412e-02
-1.4644939899e+00
3.1611329317e-01
1.1046518087e+00
-1.2428363562e+00
2.5586417317e-01
6.6097378731e-01
-8.1060802937e-01
-1.3109799623e+00
1.9557302818e-02
2.9601688385e+00
3.6220636964e-01
-1.3629500866e+00
-8.0977922678e-01
1.2057522535e+00
2.5456671715e+00
-6.1666244268e-01
-1.5500876307e-01
-5.8027637005e-01
4.5430186391e-01
1.8339438438e+00
-1.8365269899e+00
9.2268466949e-02
1.5879336596e+00
6.4338326454e-01
4.2614945769e-01
2.0522389412e+00
1.9612835646e+00
2.2189114094e+00
1.3960548639e+00
1.4975794554e+00
-4.5271921158e-01
4.4085901976e-01
-1.2331242114e-01
3.4756854177e-01
3.1448504925e+00
1.8715074062e+00
-4.0732172132e-01
4.8879155517e-01
5.4416048527e-01
7.1057689190e-01
-1.7000597715e+00
-1.4728864431e+00
2.1474964917e-01
1.8920248747e+00
4.7011027336e+00
-1.2711204290e+00
-1.4031761885e+00
-9.2462098598e-01
2.4293126166e-01
-8.3285915852e-01
2.3192744255e+00
1.5119258165e+00
-7.2917795181e-01
5.1954305172e-01
1.4913346767e+00
6.6531867981e+00
2.4018385410e+00
-1.1935341358e+00
-1.3574075699e-01
-1.3840842247e-01
1.2224634886e+00
7.4715174735e-02
6.1754429340e-01
9.9518579245e-01
1.7126477957e+00
2.6595077515e+00
1.3802995682e+00
3.4299007058e-01
-6.5007901192e-01
-8.1227833033e-01
3.4204563498e-01
3.1480365992e-01
1.1206659675e-01
1.0141568184e+00
-9.5333844423e-02
-1.7601765394e+00
2.7292678133e-02
1.2319830656e+00
6.7205470800e-01
2.4491541386e+00
2.1074545383e+00
1.7496715486e-01
1.4439982176e-01
8.4833137691e-02
1.2396080047e-01
-2.0496386290e-01
-2.7926537395e-01
-4.3271651864e-01
3.7714317441e-01
9.9644833803e-01
9.0078026056e-01
9.6292638779e-01
1.0338597298e+00
1.6440373659e+00
2.3080773354e+00
-1.0394406319e+00
2.5541609526e-01
6.0271018744e-01
9.0205490589e-01
2.0896627903e+00
-2.8939566612e+00
-8.3112192154e-01
-9.8793780804e-01
-1.9304415584e-01
1.7628026009e+00
2.7461614609e+00
-1.8064628541e-01
-1.0031750202e+00
-3.3973151445e-01
-3.3941951394e-01
-3.6717761308e-02
-1.2989104725e-02
8.7472909689e-01
1.2001332045e+00
-6.5957432985e-01
4.0565576553e+00
1.6008005142e+00
1.4787440300e+00
-3.7731964141e-02
-2.1113288403e+00
-7.2295222282e+00
-2.9802122116e+00
9.2994622886e-02
2.1764783561e-01
2.0055167377e-01
-1.6217522621e+00
-1.1814272404e+00
-1.9195893407e-01
-1.0535691977e+00
-1.6583836079e+00
7.4939483404e-01
9.4601386786e-01
5.1790988445e-01
1.2089140415e+00
6.0142779350e-01
2.7461678982e+00
3.0873593688e-01
-7.8561538458e-01
-1.4599846601e+00
-1.1304901838e+00
-6.6869664192e-01
5.2882879972e-01
2.7338027954e-01
4.6625178307e-02
-1.3456704617e+00
1.7872370481e+00
8.7738895416e-01
-1.1090192795e+00
-7.0813435316e-01
-2.4922585487e-01
-1.2087675333e+00
6.5523743629e-01
1.6355511546e-01
4.1525793076e-01
7.3601388931e-01
2.3664887249e-01
-4.5648199320e-01
-1.3137099743e+00
-1.1961936951e+00
-8.8099396229e-01
3.8676911592e-01
1.8808878660e+00
2.7282445431e+00
1.6222975254e+00
-5.4594820738e-01
1.8729500771e+00
9.4022549689e-02
-6.6515631974e-02
1.0882982016e+00
3.1175467968e+00
-5.2655553818e+00
-1.4966937304e+00
-3.8569897413e-01
5.9158656746e-02
-1.3477814198e+00
1.2225835323e+00
8.5066926479e-01
1.4645223320e-01
2.6851832867e-01
2.7247813344e-01
-1.6865767241e+00
-5.5138391256e-01
-7.5895860791e-02
-1.2364429235e+00
-1.6593697667e-01
-8.1010270119e-01
5.2893751860e-01
9.0710306168e-01
1.1934338808e+00
6.8370187283e-01
8.2987070084e-01
2.6705592871e-01
1.3289456069e-01
8.1542342901e-01
1.7326054573e+00
-1.2747956514e+00
-1.1748340130e+00
-3.9177930355e+00
-4.8426198959e-01
1.4564301074e-01
-9.5610886812e-01
2.6416627690e-02
-7.6065802574e-01
4.5634526014e-01
-7.9182362556e-01
-2.4139471352e-01
1.7983822823e+00
1.3229571581e+00
1.4530016184e+00
1.1175078154e+00
-9.6904563904e-01
-1.0632441044e+00
-9.9992409348e-02
1.0689610243e+00
1.2486199141e+00
3.8166110516e+00
1.9314566851e+00
-2.9852291942e-01
-6.3389348984e-01
1.2911981344e+00
5.4612392187e-01
1.1966242790e+00
1.4686832428e+00
1.4897445440e+00
5.1193368435e-01
1.6782963276e+00
6.6209101677e-01
1.5562686324e-01
8.2038223743e-01
-4.6353676915e-01
1.5135231018e+00
-5.0944155455e-01
-1.0295763016e+00
-1.4201889038e+00
1.9036403894e+00
-3.0559222698e+00
-1.2547471523e+00
3.8774374127e-01
2.0882647038e+00
2.8332483768e+00
4.6178412437e+00
6.0685795546e-01
-1.3498717546e-01
-7.4855220318e-01
5.7301282883e-01
-2.8528088331e-01
-4.5793408155e-01
-9.0714693069e-01
-1.6552843153e-01
-4.8790210485e-01
-1.8673862219e+00
-1.9130620956e+00
-3.5580623150e-01
-2.3367156088e-01
-1.8480820656e+00
-1.6978998184e+00
-3.5658261180e-01
6.8208891153e-01
1.1475207657e-01
2.6413074136e-01
-2.5265663862e-01
7.5031703711e-01
2.0609822273e+00
-2.8050634265e-01
3.3423465490e-01
-1.1507644653e+00
-1.2458267212e+00
-1.6325747967e+00
-2.3072533309e-01
5.8355373144e-01
-6.9399380684e-01
-1.7094700336e+00
-1.0271394253e+00
-5.0157177448e-01
-1.4987810850e+00
-1.5880277157e+00
-6.7689996958e-01
-4.9623876810e-01
-7.1319591999e-01
2.3391099274e-01
4.3446426392e+00
1.9268178940e+00
1.9287084043e-01
9.1478145123e-01
-2.1666260064e-01
2.6234753132e+00
1.2184007168e+00
4.3989756703e-01
7.2869402170e-01
6.0883317143e-02
-4.0068131685e-01
-1.2614307404e+00
-9.1972529888e-01
-9.8459565639e-01
-6.4134341478e-01
-1.1776621342e+00
-6.0605406761e-01
9.5344585180e-01
9.6224534512e-01
6.8981081247e-01
1.9755020142e+00
-3.1376990676e-01
-1.6623351574e+00
-1.6713175774e+00
-2.0411839485e+00
1.6413007975e+00
3.4562382102e-01
6.6129684448e-01
5.4115903378e-01
8.3590245247e-01
-4.5012030005e-01
-4.5666596293e-01
8.8692599535e-01
1.2991018295e+00
2.7231836319e+00
1.7961634398e+00
7.7933281660e-02
-7.8381484747e-01
-2.9941985011e-01
6.4059805870e-01
5.4641395807e-01
6.5245097876e-01
-1.9624980688e+00
-4.9466770887e-01
-1.7890770435e+00
1.0342632532e+00
-8.2743242383e-02
1.1377987862e+00
1.6088625193e+00
1.4715124369e+00
-5.2991908789e-01
-1.3880014420e+00
-9.6173733473e-02
-1.4773383141e+00
9.6761769056e-01
-3.1051084995e+00
-8.8880622387e-01
-7.0555585623e-01
-9.8247522116e-01
-1.0186654329e+00
-3.3247516155e+00
-2.0112261772e+00
1.4421596527e+00
1.2398294210e+00
9.0319120884e-01
4.8066133261e-01
1.3718386889e+00
2.9295599461e+00
1.9615076780e+00
-5.1648035645e-02
1.6003679037e+00
1.7248606682e+00
1.6145185232e+00
1.7658770084e+00
7.6491802931e-01
-1.2720880508e+01
-3.4422335625e+00
2.5552728772e-01
-9.0234738588e-01
-1.2819666862e+00
-2.2810868919e-01
-5.0954878330e-01
2.0201096777e-03
9.7573906183e-02
5.5915403366e-01
1.8604633808e+00
-5.2462619543e-01
1.1891814321e-01
1.5018393993e+00
2.0343849659e+00
-1.9510464668e+00
-1.9783779383e+00
-2.5092339516e+00
-2.7555339336e+00
-4.2089014053e+00
4.1478848457e+00
1.5324747562e+00
-1.1023563147e+00
-1.5125592947e+00
-2.4455602169e+00
-9.6598899364e-01
-1.2991564274e+00
-1.1952804327e+00
-2.5621042252e+00
-2.2232947350e+00
2.1965868473e+00
7.6226705313e-01
1.1658415794e+00
-5.1375657320e-01
-2.3990547657e+00
8.8090097904e-01
5.1476699114e-01
-9.2318803072e-01
-1.6999095678e+00
-1.0114399195e+00
-2.0933642387e+00
-8.6891537905e-01
-1.2588964701e+00
1.6793752909e+00
1.4463243484e+00
-1.3641439378e-01
-4.3672746420e-01
-1.2528350353e+00
-1.1296855211e+00
-9.2784339190e-01
-8.1518864632e-01
-9.6569806337e-01
-8.7771737576e-01
-2.1277804673e-01
5.7406342030e-01
1.7732162476e+00
9.7996330261e-01
1.6570346355e+00
2.3496797085e+00
2.1267473698e+00
2.1857264042e+00
3.2438478470e+00
3.0274841785e+00
3.3149428368e+00
3.9238390923e+00
9.8029869795e-01
7.3705828190e-01
-1.2394922972e+00
1.4793777466e+00
3.7813079357e+00
6.4316761494e-01
-5.1251059771e-01
-1.6805814505e+00
-2.3530018330e+00
3.0761092901e-01
-1.0370405763e-01
2.4312901497e-01
4.9258413911e-01
2.3465169966e-01
1.0741954297e-01
4.0295621753e-01
6.3526374102e-01
-6.0807549953e-01
-1.9652643204e+00
-2.3716750145e+00
-2.1776983738e+00
-1.0999115705e+00
-2.0398016274e-01
-5.7336229831e-02
-3.2218420506e-01
2.3276969790e-01
5.6428749114e-02
2.1646828651e+00
1.3881767988e+00
-3.6119410992e+00
-8.4053307772e-01
-2.1981649101e-01
-1.2106067687e-01
-4.3254512548e-01
-1.4855576754e+00
8.5215561092e-02
-1.2838336229e+00
-1.8875749111e+00
-2.4799177647e+00
-2.3527715206e+00
-7.6370519400e-01
-4.8709079623e-01
-1.6048419476e+00
-3.3072431087e+00
-6.1472530365e+00
1.4308120012e+00
1.4217374325e+00
-4.6137306094e-01
-8.0413639545e-01
1.0047306120e-01
9.9078488350e-01
1.1170077324e+00
7.8729027510e-01
1.8071238995e+00
1.4403091669e+00
-8.4489732981e-01
-5.4550254345e-01
-1.3975081444e+00
-1.7527714372e-01
6.7311596870e-01
-2.0839068294e-01
1.0806877613e+00
2.0427453518e+00
9.2309427261e-01
1.4696192741e-01
1.9576896429e+00
-1.6206356883e-01
-1.2949486077e-01
8.0118119717e-01
1.1112174988e+00
2.9694107175e-01
4.0681514144e-01
-1.4614034444e-02
-1.5933716297e-01
1.2450009584e+00
1.8004889488e+00
1.1979925632e+00
5.2973788977e-01
8.3681184053e-01
1.6484757662e+00
-8.9059136808e-03
6.9811165333e-01
3.3185166121e-01
1.2486875057e+00
3.8508417606e+00
-8.9754414558e-01
4.3538790941e-01
9.7792202234e-01
2.2457955405e-02
-1.0084344149e+00
1.8540538549e+00
7.1430504322e-01
8.9346516132e-01
1.5592875481e+00
2.5229737759e+00
7.2338658571e-01
-1.2481683493e+00
-2.4610252380e+00
-7.1861153841e-01
1.2979081869e+00
-5.0983175635e-02
5.7165652514e-02
1.0046640635e+00
2.6802637577e+00
1.8364517689e+00
1.8485277891e+00
3.0341565609e+00
2.2275178432e+00
2.4341979027e+00
2.0964136124e+00
-3.1913399696e+00
-2.0503511429e+00
-1.6097371578e+00
7.6899296045e-01
2.2021803856e+00
1.3556355610e-02
-3.5683351755e-01
-2.3943431377e+00
-3.0971453190e+00
-1.4167634249e+00
-8.0598080158e-01
1.6249825060e-01
1.2889386415e+00
2.9043116570e+00
-1.2263232470e+00
1.5136134624e+00
5.9490150213e-01
-6.8780606985e-01
-5.5319315195e-01
7.1218228340e-01
-9.1128814220e-01
-1.2485682964e+00
-2.3093719482e+00
-1.5046602488e+00
2.3996964097e-01
3.2505157590e-01
-3.3185657859e-01
-8.8042908907e-01
9.7985929251e-01
1.5645388365e+00
2.3116297722e+00
1.1020023823e+00
8.0800241232e-01
1.2895603180e+00
2.2357881069e+00
-2.0846907794e-01
8.6118757725e-01
7.4391394854e-01
4.1333751678e+00
5.9675869942e+00
-1.8477572203e+00
-1.2340714931e+00
-3.5089957714e-01
-1.5172853470e+00
-2.9201004505e+00
1.4839872718e-01
-9.3569523096e-01
-1.5597636700e+00
-1.3356146812e+00
-4.2244845629e-01
-1.9652800262e-01
9.5939487219e-01
9.3219757080e-01
1.1083801985e+00
2.5519147515e-01
7.3536443710e-01
1.0132223368e+00
6.6009461880e-01
2.0146396160e+00
2.1902213097e+00
3.0772941113e+00
9.7393494844e-01
1.9343366623e+00
1.2677077055e+00
3.8176643848e-01
-2.8438005447e+00
-1.0735863447e+00
4.8611536622e-01
6.1057382822e-01
-1.6739931107e+00
5.6004600525e+00
4.0053043365e+00
4.6772888303e-01
8.2656472921e-01
-1.2695560455e+00
1.4409890175e+00
3.2000854611e-01
-8.0195993185e-01
-1.0747464895e+00
-7.6420676708e-01
2.1698968112e-01
-3.8753318787e-01
-4.8933446407e-01
3.7190598249e-01
6.0412818193e-01
-2.8703422546e+00
-1.2601113319e+00
4.0386465192e-01
9.8564720154e-01
2.5754725933e-01
1.2849650383e+00
-6.9750410318e-01
-8.8674730062e-01
-1.4169944525e+00
-9.3970549107e-01
-1.2930116057e-01
4.9442790449e-02
-2.1007388830e-01
5.3710907698e-01
1.4624425173e+00
1.2460707426e+00
5.7972538471e-01
4.6477577090e-01
2.0561180115e+00
4.3245511055e+00
1.8978174925e+00
1.1373115778e+00
1.9224481285e-01
2.4186859131e+00
5.9304599762e+00
1.2283484936e+00
1.8148087263e+00
-2.6570099592e-01
-1.0659934580e-01
2.5430848598e+00
3.5016998649e-01
4.8401069641e-01
8.5449349880e-01
7.6907753944e-01
7.8302375972e-02
-2.8021619320e+00
-2.3327732086e+00
-2.6606168747e+00
-3.8590738773e+00
-4.5830912590e+00
-2.0022244453e+00
-9.7692805529e-01
-2.2219701111e-01
-1.9067550898e+00
-3.8368911743e+00
-2.8190870285e+00
-2.0993151665e+00
-1.6664479971e+00
-1.9950449467e+00
-2.9542038441e+00
-6.5073794127e-01
7.9471236467e-01
1.6135823727e+00
1.2472828627e+00
2.5410780311e-01
4.1217869520e-01
5.4854202271e-01
5.5267512798e-01
1.1868048906e+00
1.2002933025e+00
-2.8571536541e+00
-9.9946707487e-02
8.0543380976e-01
1.2515233755e+00
1.7994537950e-01
-8.1420457363e-01
-7.9317456484e-01
-1.7234812677e-01
-6.1327362061e-01
-9.1280764341e-01
-6.7707216740e-01
-6.1797863245e-01
-2.7694109082e-01
-1.5595787764e-01
1.5486360788e+00
1.5592615604e+00
1.2327916622e+00
1.6070313454e+00
3.6665973663e+00
1.8175048828e+00
9.2022353411e-01
-5.1096427441e-01
-6.5286111832e-01
-2.0923938751e+00
-2.6706206799e+00
-4.7104466707e-02
-1.5819215775e+00
-1.2897896767e+00
1.1563135386e+00
1.0616040230e+00
-2.2421120107e-01
-3.7656289339e-01
1.6285306215e+00
1.5961953402e+00
3.3354477882e+00
-4.6090817451e-01
-8.5899990797e-01
-1.0316060781e+00
1.6141544580e+00
2.0872271061e+00
-8.0176883936e-01
-8.0926410854e-02
-1.0429750681e+00
-1.8368339539e+00
-1.2974104881e+00
1.1241431236e+00
1.2826142311e+00
4.6595576406e-01
1.3020422459e+00
-7.6905679703e-01
-7.9531095922e-02
-2.2785268724e-01
-9.0709947050e-02
-7.6525807381e-01
4.1469156742e-01
5.8273977041e-01
1.3435769081e-01
-3.1619505882e+00
-1.6282286644e+00
-6.1367875338e-01
-2.9831612110e+00
7.4438084848e-03
1.1093047857e+00
1.6208369732e+00
7.6404803991e-01
-7.5093203783e-01
-9.6197324991e-01
-5.2915883064e-01
-1.3909066916e+00
2.2177165747e-01
-9.1876047850e-01
-1.9133943319e+00
-2.7652890682e+00
-2.1178312302e+00
-9.4080215693e-01
-5.5091506243e-01
1.5421231091e-01
-1.1805450544e-02
8.8658377528e-02
1.6759941354e-02
-5.0465619564e-01
1.4032758474e+00
9.4999706745e-01
-7.3066800833e-01
-1.3946087360e+00
-2.4168446064e+00
-6.7190951109e-01
2.0047694445e-01
3.8412570953e-01
9.1644304991e-01
1.7890081406e+00
1.5712083578e+00
-7.3832386732e-01
-1.8759040833e+00
-3.0592358112e-01
-5.9266781807e-01
9.3030118942e-01
7.5600367785e-01
1.2685515881e+00
1.4491616488e+00
3.3501391411e+00
4.6639747620e+00
1.6606442928e+00
8.1412814558e-02
-5.5864530802e-01
3.2462246716e-02
1.6394229233e-01
1.6051054001e-01
-4.0353366733e-01
-2.2558403015e+00
1.3275191784e+00
1.5091329813e+00
2.6941936016e+00
-1.3536893129e+00
-1.7556439638e+00
-3.7405776978e+00
-1.9483014345e+00
3.5736724734e-01
-1.0635180473e+00
-4.0934934616e+00
-1.1326037645e+00
-1.9166277722e-02
5.9756577015e-01
-3.0542483926e-01
-1.5297986269e+00
-3.9829787612e-01
7.1791738272e-01
1.5477926470e-02
1.0732797384e+00
1.7085977793e+00
-1.0717768669e+00
-1.2677752972e+00
-2.6829907894e+00
-3.5625219345e+00
-2.4826519489e+00
-1.2028862238e+00
-8.4865051508e-01
-8.2165703177e-02
1.3883087039e-01
4.3087908998e-03
6.3916969299e-01
1.0085523129e+00
1.0973246098e+00
3.5418346524e-01
-3.8779511452e+00
2.3723125458e-01
4.0293470025e-01
1.3108376265e+00
-1.0092287511e-01
-3.2955986261e-01
-1.6310001910e-01
9.8400735855e-01
1.3092327118e+00
9.2010602355e-02
-8.3735817671e-01
6.2389236689e-01
3.7165161222e-02
-2.1816236973e+00
-3.2880349159e+00
-1.8373036385e+00
7.9163219780e-03
-8.3049410582e-01
4.6012666076e-02
-1.2244129181e+00
-1.6910895109e+00
4.3962478638e-01
3.1751277447e+00
1.8608838320e+00
1.1894746684e-02
-1.1566065550e+00
-3.3594887257e+00
-1.2640501261e+00
1.0489826202e+00
2.7799370289e+00
1.5262656212e+00
9.2811101675e-01
2.7983007431e+00
2.5566780567e-01
-4.6912601590e-01
7.4108445644e-01
-1.6971729994e+00
-1.9966311753e-02
1.9871008396e+00
-2.3860470951e-01
-4.5165714622e-01
9.5886915922e-01
4.1286498308e-01
1.7279274762e-01
-1.1276867390e+00
-1.3649424314e+00
-1.8069909811e+00
-5.4570347071e-01
8.7453848124e-01
-9.7851920128e-01
-3.0197768211e+00
-4.6779298782e-01
-4.7114330530e-01
-1.3456116915e+00
-1.5368410349e+00
-5.3629517555e-01
-2.8324670792e+00
-2.1285388470e+00
-1.1579492092e+00
7.0423126221e-02
-4.8820257187e-02
9.4421091080e+00
2.1808481216e+00
4.5109102130e-01
-1.0528545380e+00
-7.6806682348e-01
1.5124615431e+00
2.4170424044e-01
1.4186953306e+00
6.1498391628e-01
2.6581227779e+00
3.7765011191e-01
1.2192447186e+00
7.2938752174e-01
1.3240897655e+00
2.1324088573e+00
-1.5000338554e+00
-1.4139801264e+00
-1.8828411102e+00
-2.0642266273e+00
-1.2032513618e+00
-2.6568162441e+00
6.8667024374e-01
5.0348436832e-01
1.3474864960e+00
1.7394785881e+00
3.1745865941e-01
6.8064850569e-01
6.5186768770e-02
2.4539114535e-01
1.4545367956e+00
-1.4555959702e+00
-7.9081487656e-01
-1.8277570009e+00
-8.1213060766e-03
3.7630837411e-02
1.0040767491e-01
-2.0476102829e+00
-1.7881052494e+00
-1.5128480196e+00
-7.1706074476e-01
-4.6446138620e-01
-2.4226856232e-01
5.4961365461e-01
1.2416795492e+00
1.0034624338e+00
2.3928874731e-01
-1.8189338446e+00
-1.7366455793e+00
8.3268314600e-01
1.0992505550e+00
4.7078102827e-01
5.9220004082e-01
-7.1301236749e-02
1.0374554247e-01
1.1898769140e+00
6.1973166466e-01
3.7216144800e-01
-2.1220324934e-01
2.9540914297e-01
1.8233436346e+00
8.5095655918e-01
1.8937958777e-01
-4.7977782786e-02
-3.0517535210e+00
-1.4624396563e+00
2.2051155567e+00
8.1529104710e-01
-3.2624447346e-01
-8.8431948423e-01
-5.9229356050e-01
-2.1215410233e+00
-7.6599639654e-01
6.6203474998e-01
5.6334018707e-01
1.6581884623e+00
-6.1500322819e-01
-4.1856658459e-01
6.8692272902e-01
1.7616010904e+00
1.7882055044e+00
-5.9512245655e-01
-6.4286273718e-01
1.2363459170e-01
9.6879255772e-01
2.8908126354e+00
-1.1821513176e+00
-2.7330866456e-01
-4.2883804440e-01
-1.2216383219e+00
-5.4684525728e-01
-1.1038206816e+00
-1.3015073538e+00
-8.5793548822e-01
3.5512512922e-01
2.0987510681e-01
-3.1486303806e+00
-1.8419829607e+00
-1.1478389502e+00
-1.4421830177e+00
-1.1333484650e+00
-2.0043985844e+00
-1.5572280884e+00
-1.0373764038e+00
-4.8735511303e-01
1.2243671417e+00
-5.3411746025e-01
-7.2311662138e-02
6.1037576199e-01
1.0715626478e+00
1.7690923214e+00
1.4513936043e+00
5.0161916018e-01
-3.5954844952e-01
-9.4976514578e-01
-4.8405238986e-01
-2.0246384144e+00
-6.5847992897e-01
-2.9071741104e+00
-2.0582875609e-01
-1.2470204830e+00
-5.5556535721e-02
-8.6158502102e-01
-1.2351746559e+00
-3.0590844154e-01
2.0705831051e+00
-2.3023860455e+00
-1.6286795139e+00
-9.7329485416e-01
-1.1278243065e+00
-1.5493634939e+00
7.5308084488e-01
1.1116055250e+00
-7.2739952803e-01
2.9221229553e+00
3.4427120686e+00
4.5459895134e+00
3.7704472542e+00
-1.5194239616e+00
-7.4750274420e-01
-4.0977849960e+00
1.1886203289e+00
4.7919243574e-01
6.9150990248e-01
3.2820591331e-01
8.3883821964e-02
2.6931097507e+00
-1.2395202182e-02
6.8501847982e-01
6.3064938784e-01
2.7984402180e+00
1.9252294302e-01
-9.8449695110e-01
5.1646566391e-01
-9.2060154676e-01
-1.7348304391e-01
-9.7198230028e-01
-7.3682266474e-01
-1.2908618450e+00
-7.2389185429e-01
-2.1909952164e+00
5.3986203671e-01
-8.5574239492e-01
7.7080518007e-01
5.6759303808e-01
-4.8182597756e-01
3.4110233188e-01
-7.7955502272e-01
-1.9187778234e+00
-3.0905807018e+00
-4.8186650276e+00
1.2640711069e+00
4.7979030013e-01
2.6388302445e-01
-2.7933686972e-01
-3.4167319536e-01
-3.0004706383e+00
-1.6684161425e+00
-7.5436586142e-01
4.6666730195e-02
2.2172420025e+00
4.9431398511e-01
1.1681237221e+00
9.6843242645e-01
6.4086276293e-01
6.3167631626e-01
6.1799389124e-01
4.3129149079e-01
-1.2904430628e+00
-9.1154426336e-01
-2.6278119087e+00
-6.2884157896e-01
-1.7798092216e-02
4.8424348235e-01
7.7666038275e-01
4.8327657580e-01
-1.1706229448e+00
-4.0661981702e-01
1.3969218731e+00
3.7744271755e-01
-7.1645098925e-01
-2.6665382385e+00
-2.9077546597e+00
-1.6807125807e+00
-1.1655308008e+00
-2.0833806992e+00
5.5892068148e-01
8.9726746082e-01
-1.0805281401e+00
1.2068722248e+00
-1.1554766893e+00
1.2205678225e+00
3.7564486265e-01
-1.1014273167e+00
-1.1132618189e+00
-1.3486360312e+00
1.9836461544e-01
-1.2107679248e-01
1.3700308800e+00
1.5493118763e+00
3.2544252872e+00
-9.9700272083e-01
1.8111637235e-01
1.2011387348e+00
1.4291710854e+00
2.5063791275e+00
2.8320701122e+00
2.9516434669e+00
1.9088696241e+00
7.5769841671e-01
-6.0112154484e-01
-6.4608085155e-01
9.4037252665e-01
3.1099743843e+00
1.8668735027e+00
4.8533282280e+00
1.4993698597e+00
3.4438121319e-01
-8.8213920593e-01
-1.1063052416e+00
-5.0483002663e+00
-6.4235144854e-01
-3.7042421103e-01
7.2490006685e-01
6.6891455650e-01
1.4310796261e+00
1.5129595995e+00
5.5380123854e-01
7.9034668207e-01
-1.5016177297e-01
1.7467001677e+00
-3.4234206676e+00
-1.3360766172e+00
1.9341139495e-01
2.1263024807e+00
3.1169492006e-01
3.8589823991e-02
3.9481985569e-01
1.9657944143e-01
5.8355069160e-01
1.1736799479e+00
-1.0450088978e+00
3.7543660402e-01
-2.3176875710e-01
1.1435538530e-01
-1.2213002443e+00
-1.2386585474e+00
-8.0463838577e-01
1.5554021597e+00
4.4119963050e-01
2.7718696594e+00
5.1810950041e-01
-3.1494599581e-01
-4.4031187892e-01
-4.4806802273e-01
-8.4525489807e-01
-9.7796821594e-01
-5.5076658726e-01
-1.1389445066e+00
-8.0785673857e-01
-9.9602681398e-01
-9.5910869539e-02
-8.9984118938e-01
6.5585720539e-01
6.1655914783e-01
2.1347153187e+00
-1.1435025185e-01
-9.4609022141e-01
4.2159646749e-01
4.3669532984e-02
3.0992138386e+00
-7.8403460979e-01
4.5137619972e-01
-3.1786999702e+00
1.1320011616e+00
-3.3411760330e+00
1.2964514494e+00
1.5593788624e+00
1.8758425713e+00
2.1283962727e+00
5.9732751846e+00
-8.1853985786e-01
7.4808055162e-01
2.4611985683e+00
4.0437207222e+00
4.0505414009e+00
-1.8839015961e+00
1.5389136076e+00
1.2203294039e+00
2.5894908905e+00
4.6116077900e-01
5.1052194834e-01
-8.5698717833e-01
-1.8008304834e+00
-2.1161954403e+00
4.8401024938e-01
-2.1481223106e+00
-5.6498730183e-01
-5.8326607943e-01
3.7021443248e-01
7.0926040411e-01
3.5096037388e+00
3.7609457970e+00
3.0371279716e+00
1.7861266434e-01
-1.6559102535e+00
-3.8132038713e-01
6.0322052240e-01
-1.6513082981e+00
-1.5695917606e+00
-3.6144111156e+00
-5.6286913157e-01
-4.3648469448e-01
9.2152518034e-01
2.1428387165e+00
2.2963135242e+00
-2.7849534154e-01
4.8715999722e-01
-1.2723298073e+00
-1.9208540916e+00
-3.9786930084e+00
-1.4364724159e+00
2.6295670867e-01
1.6059680283e-01
1.0404095650e+00
5.9768837690e-01
1.2158042192e+00
1.5904861689e+00
7.5043037534e-02
-2.5444033742e-01
-1.0976842642e+00
1.5564266443e+00
-6.4634424448e-01
-1.2787671089e+00
-3.0156773329e-01
-2.6535346508e+00
3.4867048264e-01
1.5447613001e+00
-3.7993094325e-01
8.7670046091e-01
-3.0197808519e-03
5.9252583981e-01
1.6671911478e+00
-7.2262686491e-01
-8.2408696413e-01
-5.7329392433e-01
7.3963326216e-01
6.3586652279e-02
1.3991373591e-02
-5.0823801756e-01
-8.8365900517e-01
1.9294457436e+00
7.3617494106e-01
1.6544789076e+00
-1.1648391485e+00
-2.5756818056e-01
1.3800228834e+00
4.7928592563e-01
-6.4054369926e-01
3.0046403408e+00
5.6366229057e-01
1.2952818871e+00
1.0119391680e+00
-9.9181759357e-01
-7.3545444012e-01
-1.1866778135e+00
1.4293423891e+00
1.2496401072e+00
3.3311667442e+00
6.1055880785e-01
-1.4158056974e+00
3.0084317923e-01
-1.0751117468e+00
-7.7501481771e-01
-6.4858615398e-01
-2.7965691686e-01
-1.2320393324e+00
-3.4127109051e+00
2.1977522969e-01
-2.1678700447e+00
-3.0613273382e-01
-6.9533467293e-01
-2.2224607468e+00
-1.5343306065e+00
-3.1708979607e+00
-1.3536599874e+00
1.8092821538e-01
1.6660206020e-01
3.7099790573e-01
1.0118255615e+00
1.2821950912e+00
2.1003751755e+00
-1.4959037304e-01
-1.1966170371e-01
-1.2211890221e+00
-1.1798280478e+00
-9.5984357595e-01
-5.1113136113e-02
-1.7246958017e+00
1.0189275742e+00
3.8372929096e+00
-9.6769958735e-02
2.1484686434e-01
-6.5929591656e-01
1.2369810343e+00
-1.0615367889e+00
-7.1031141281e-01
-1.7958974838e-01
1.1776945591e+00
9.8158448935e-01
1.3913974762e+00
6.6810035706e-01
8.0304080248e-01
2.3164675236e+00
-6.5737634897e-01
-3.4262228012e-01
-1.7534644604e+00
-1.9412051141e-01
4.3770828843e-01
-1.2836472690e-01
-5.0173230171e+00
4.2527112365e-01
5.5731749535e-01
7.1986719966e-02
-1.1550533772e+00
-1.7293536663e+00
-2.5356566906e-01
-6.5571343899e-01
-1.3828423023e+00
-1.1426862478e+00
-2.1872069836e+00
1.7003074288e-01
1.1926681995e+00
1.0177341700e+00
4.3435519934e-01
1.0036090761e-01
1.3636810780e+00
-8.7317347527e-02
-4.9696761370e-01
-1.4770152569e+00
-6.9748228788e-01
1.2652368546e+00
-8.9923456311e-02
-8.7988865376e-01
1.2073130608e+00
1.3501595259e+00
2.5013375282e+00
4.4996767044e+00
2.4543731213e+00
3.8189222813e+00
1.7133175135e+00
2.0348677039e-01
-1.1790995598e+00
-3.7184113264e-01
-5.3544634581e-01
1.1440293789e+00
-9.7186553478e-01
2.2514238954e-01
-5.9683686495e-01
1.0895810127e+00
2.1114892960e+00
1.7165188789e+00
-6.6186852753e-02
9.4195473194e-01
1.1907916069e+00
1.4573059082e+00
-3.6393195391e-01
-4.7086387873e-01
4.0576401353e-01
-1.1870775223e+00
-8.6475265026e-01
1.5680651665e+00
1.2219071388e+00
1.1928945780e-01
8.5560786724e-01
8.9898437262e-01
-4.5124063492e+00
-1.1616847515e+00
1.9268614054e+00
5.5347371101e-01
1.9177523255e-01
7.6625335217e-01
-1.6928523779e+00
-7.4034321308e-01
-1.7577849627e+00
-1.7094917297e+00
1.3002421856e+00
3.0487177372e+00
1.8284595013e+00
-9.7489565611e-01
-3.1378979683e+00
-3.4173238277e-01
-2.2837430239e-01
-2.5181314349e-01
7.1368318796e-01
5.4780155420e-01
-1.2724764347e+00
-1.3355129957e+00
-2.3561362922e-01
-8.1438893080e-01
4.7703921795e-01
-4.0366234779e+00
-3.1960577965e+00
-6.3378685713e-01
-5.1294547319e-01
8.8528168201e-01
-2.5951879025e+00
-1.5546733141e+00
-3.0465216637e+00
-2.2838733196e+00
-3.2827265263e+00
7.1326076984e-01
1.4009616375e+00
1.7645143270e+00
-2.5994747877e-01
1.4721198380e-01
1.3156898022e+00
5.4346089363e+00
-5.8097571135e-02
-1.7341610193e+00
-1.3891619444e+00
-4.4904854894e-01
-1.9309598207e+00
-1.8370988369e+00
-2.3006596565e+00
-2.1780321598e+00
-1.3804051876e+00
-1.4377826452e+00
6.8242794275e-01
-4.3138530850e-01
3.3559447527e-01
-1.3855965137e+00
-2.8507361412e+00
-1.2875951529e+00
1.1222508550e-01
1.5481802225e+00
1.0585212708e-01
4.4444176555e-01
4.9393710494e-01
1.4082201719e+00
1.2931745052e+00
5.6936234236e-01
1.0867903233e+00
1.2740806341e+00
2.9092366695e+00
2.1061990261e+00
1.9000934362e+00
1.1678066254e+00
7.1133744717e-01
1.2837661505e+00
-4.2499965429e-01
-3.1319465637e+00
-1.6918274164e+00
-2.4657073021e+00
-2.6354601383e+00
-2.9488151073e+00
1.5001910925e+00
1.1160801649e+00
1.1462641954e+00
5.9429579973e-01
2.6575520635e-01
-9.1177541018e-01
7.3953670263e-01
6.2464520335e-02
9.8575180769e-01
3.1129485369e-01
3.3508783579e-01
-8.8207280636e-01
1.4030841589e+00
2.2087173462e+00
2.4738512039e+00
1.3984515667e+00
7.7076327801e-01
4.7166424990e-01
3.8798856735e-01
-3.8672503829e-01
-5.4291045666e-01
-1.2471896410e+00
-1.4798519611e+00
-3.0814909935e+00
-1.8491003513e+00
-1.1097220704e-02
4.9461346865e-01
1.8090435863e-01
-1.3961106539e-01
1.2282201052e+00
-2.7772898674e+00
-5.7704474777e-02
2.7918989658e+00
1.6465466022e+00
1.6396099329e+00
-3.5344722271e+00
-1.0688689947e+00
1.2578552961e+00
-2.9591016471e-02
1.1186451912e+00
3.2919567823e-01
1.4622927904e+00
3.1085507870e+00
7.4082517624e-01
6.5103423595e-01
-1.0784947127e-01
-2.1074326038e+00
-2.0341386795e+00
-1.8376474380e+00
-2.7323853970e-01
-2.8275718912e-02
8.0753171444e-01
2.6282277703e-01
1.3410867453e+00
3.8509716988e+00
-1.0271078348e+00
-7.2801834345e-01
-3.7258404493e-01
-1.1672139168e+00
-1.6635683179e-01
-3.1009645462e+00
-7.2215205431e-01
2.2788023949e+00
5.7340079546e-01
7.5219678879e-01
6.3994584084e+00
2.0637607574e+00
-5.7194072008e-01
-1.4483338594e+00
-2.6613560319e-01
1.4449906349e+00
1.3683508635e+00
-2.7137577534e-01
4.2661738396e-01
1.7147297859e+00
-4.1205051541e-01
-5.5356353521e-01
-1.4883725643e+00
-2.2554745674e+00
-2.4002093077e-01
-3.3093545437e+00
-3.0912835598e+00
-3.3262223005e-01
-1.9564211369e+00
-2.4141976833e+00
-5.9144937992e-01
-5.3706818819e-01
6.1287963390e-01
-1.3207267523e+00
-4.1034045815e-01
-2.7674555779e-01
2.7271351814e+00
8.5567869246e-03
2.6353106499e+00
3.6531531811e+00
2.6659789085e+00
3.6620121002e+00
8.4717291594e-01
7.2318637371e-01
-7.1233254671e-01
-4.8713576794e-01
-3.5909008980e-01
-1.0497041047e-01
4.3346509337e-01
-6.7003089190e-01
8.4491938353e-01
1.4562383890e+00
-9.3499101698e-02
7.2747170925e-01
-2.2197329998e+00
-1.8230335712e+00
-1.0565124750e+00
-4.1030606627e-01
-1.1802387238e+00
1.1228665113e+00
3.6301195621e-01
3.2858410478e-01
-5.0488299131e-01
9.3277990818e-01
2.7428114414e+00
-1.1511640549e+00
8.2094013691e-01
1.6596081257e+00
5.2118211985e-01
-1.2326171398e+00
-1.4654457569e-01
5.9419810772e-01
3.1528055668e-01
7.1213620901e-01
-9.5490050316e-01
1.1323289871e+00
-5.7688516378e-01
-1.1796129942e+00
-2.9247206450e-01
-4.3861332536e-01
-2.8233471513e-01
-1.5598169528e-02
4.6747460961e-02
6.2452554703e-01
3.4087646008e+00
3.7394518852e+00
2.1102542877e+00
1.6066215038e+00
4.9996468425e-01
-4.0313836932e-01
5.4083514214e-01
1.4850767851e+00
-4.5971333981e-01
-2.6275737286e+00
-1.3766204119e+00
-1.6086195707e+00
1.5801969171e-01
1.1482950449e+00
2.3012068272e+00
2.3379197121e+00
7.4804878235e-01
1.8559254706e-01
8.7925219536e-01
-3.3293727040e-01
7.4862831831e-01
-2.0729610920e+00
7.8731998801e-02
-1.1749150753e+00
6.4023274183e-01
-5.0535708666e-01
-1.7062107325e+00
-3.5210328102e+00
4.9499589205e-01
9.6662366390e-01
9.4424682856e-01
3.1711116433e-01
5.9433186054e-01
1.5584292412e+00
3.2122571468e+00
2.3524563313e+00
1.5091800690e+00
4.5485699177e-01
3.8248986006e-01
1.3018891811e+00
5.6977599859e-01
-1.1217494011e+00
-9.5168220997e-01
-9.0763318539e-01
4.7228059769e+00
1.5642930269e+00
-1.4198899269e+00
-1.1888704300e+00
-1.2009459734e+00
-1.3118381798e-01
-6.0925054550e-01
-5.8956497908e-01
-6.5100592375e-01
-6.8100631237e-01
-1.3155971766e+00
-1.7494279146e-01
5.5937945843e-01
-9.9522411823e-01
-1.7348825932e+00
-1.2176032066e+00
-4.0841407776e+00
2.9164116383e+00
-1.8608623743e+00
7.8953200579e-01
-1.1103359461e+00
-1.5391130447e+00
-5.8558773994e-01
1.2486288697e-01
-4.2275218964e+00
1.1403985023e+00
2.3014390469e+00
-1.0589895248e+00
-7.6395082474e-01
7.0442147553e-02
-9.0445113182e-01
-1.3629438356e-02
-2.3299262524e+00
-1.7888866365e-01
-2.2153942287e-01
9.0718734264e-01
2.4226489067e+00
2.4946376681e-02
-1.7234079838e+00
1.9398297369e-01
-1.3940759897e+00
-1.1957938671e+00
-2.1746304035e+00
-5.4925870150e-02
-2.0930275917e+00
-3.8836032152e-01
2.5043186545e-01
2.4852782488e-01
-2.2762340307e-01
-4.0315708518e-01
-7.8834128380e-01
-9.5976191759e-01
1.0960080624e+00
3.7589308619e-01
-7.2454285622e-01
-1.8527382612e+00
1.8400032818e-01
-7.0153074265e+00
3.4798049927e-01
1.7966473103e+00
1.3772634268e+00
2.7720241547e+00
-2.5269978046e+00
1.7517302036e+00
-6.9770328701e-02
1.1612734795e+00
-2.0730361938e+00
4.4426155090e+00
5.0644059181e+00
3.2744626999e+00
3.2072401047e+00
1.4636210203e+00
-2.7091214433e-02
1.3793975115e-01
5.1562213898e-01
4.8583203554e-01
1.3007436693e-01
-1.0766460896e+00
-1.6035120487e+00
-5.1066309214e-01
-9.3534052372e-01
2.3979773521e+00
-2.7424340248e+00
-9.2235714197e-01
-3.8562071323e-01
2.3160716891e-01
1.4453918934e+00
1.5780057907e+00
-8.8933300972e-01
1.6794217825e+00
-3.0939334631e-01
-3.9391298294e+00
-1.4030082226e+00
-7.0915049314e-01
-1.2159128189e+00
-1.4010885954e+00
-9.6297305822e-01
3.7092199922e-01
5.0117774010e+00
1.0581827164e+00
-2.9573586583e-01
-1.2853108644e+00
-9.0402489901e-01
-2.2672057152e+00
-1.2730051279e+00
-2.0821058750e+00
-4.4106397033e-01
1.2335748672e+00
1.9688204527e+00
2.2397930622e+00
1.6828212738e+00
2.2953987122e+00
-5.5039789528e-02
-2.5475962162e+00
-1.4655803442e+00
-2.8320815563e+00
-2.9643557072e+00
2.7578749657e+00
-1.9528576732e-01
1.2243207693e+00
-1.7160788774e+00
-1.2213708162e+00
-1.7491135597e+00
3.2765284181e-01
-5.9161446989e-02
-2.3558512330e-01
-1.5678125620e-01
9.6674984694e-01
1.2632929087e+00
-2.5583550334e-01
-5.4065561295e-01
-5.1251429319e-01
1.5460072756e+00
1.6017708778e+00
1.0115505457e+00
3.1363910437e-01
9.4265079498e-01
2.5147271156e+00
1.1241753101e+00
2.6859810948e-01
-1.9782055914e-01
-7.7413141727e-02
2.3331441879e+00
7.9496198893e-01
4.1308503151e+00
5.8381742239e-01
-4.8738369346e-01
-5.0750408173e+00
-8.0768281221e-01
-3.2508249283e+00
-6.6361641884e-01
-1.7520161867e+00
1.6715723276e+00
3.3310195804e-01
-1.1856164783e-01
-6.8431496620e-01
-7.9799413681e-01
5.5403101444e-01
3.2566618919e+00
6.9633412361e-01
1.4229720831e+00
6.2755882740e-01
4.7196531296e-01
1.3180935383e-01
2.5370659828e+00
-1.1284512281e+00
-7.1464258432e-01
-6.8880434036e+00
-5.3113001585e-01
5.4666733742e-01
1.9368498325e+00
3.0623409748e+00
2.0117464662e-01
6.6172115505e-02
1.4386298656e+00
4.2730009556e-01
1.6120532751e+00
-3.3377878666e+00
2.1073412895e+00
-1.9362936020e+00
1.2412983179e+00
-4.6315202117e-01
-2.0453486443e+00
-3.4239380360e+00
-1.6606107950e+00
-1.0484549999e+00
1.7635320127e-01
-4.3359699845e-01
-6.7258429527e-01
-1.0131053925e+00
5.0077611208e-01
2.6787799597e-01
6.5571665764e-01
9.7860491276e-01
1.0480259657e+00
3.7447908521e-01
-5.3335535526e-01
-2.5523071289e+00
3.0604515076e+00
2.1517658234e+00
3.2711040974e+00
3.0269198418e+00
2.3076953888e+00
-1.3679262400e+00
-7.1720802784e-01
-6.0907900333e-01
-7.7258110046e-01
2.9839570522e+00
4.6713748574e-01
-4.2052224278e-01
-1.0532273054e+00
-4.3958634138e-01
-6.7799854279e-01
-8.8244986534e-01
-1.1015527248e+00
1.1077095270e+00
2.8844735026e-01
-7.6725590229e-01
1.0654699802e-01
6.3172721863e-01
-1.5453197062e-01
1.0275043249e+00
4.3102166057e-01
-5.2780175209e-01
-8.1684362888e-01
-5.6046420336e-01
6.1275309324e-01
4.3217415810e+00
2.8390556574e-01
1.8741372824e+00
-7.5531065464e-01
-4.6277441084e-02
1.8642888069e+00
-1.0970363617e+00
1.1578357220e+00
-2.2848099470e-01
-6.4685638063e-03
3.2182833552e-01
1.8205413818e+00
1.0557892323e+00
1.3012188673e+00
-3.6144292355e+00
-9.6169191599e-01
-1.1741647720e+00
-7.6324450970e-01
-3.1579628587e-01
3.5123723745e-01
-1.8947862387e+00
2.5923258066e-01
-2.6691403985e-01
1.6575187445e+00
1.9561187029e+00
-2.7249643579e-02
1.0527724028e+00
-1.6464861631e+00
1.4050116539e+00
2.0441894531e+00
1.6445502043e+00
2.0845577717e+00
2.0219199657e+00
8.8186335564e-01
-1.2830938101e+00
4.0504121780e+00
6.1320286989e-01
-9.6745121479e-01
-5.5892354250e-01
-2.9750330448e+00
-1.3806277514e+00
-1.6065222025e+00
-2.7332618833e-01
3.8004910946e-01
2.8139820695e-01
-1.4384211302e+00
9.5025891066e-01
-1.2104749680e+00
4.5291060209e-01
-5.0571298599e-01
8.5229331255e-01
2.4712057114e+00
1.3885865211e+00
1.3730525970e+00
6.8851852417e-01
3.6275904179e+00
2.4191865921e+00
3.3549153805e+00
-3.6047974229e-01
3.6055779457e+00
-1.0401294231e+00
4.2415130138e-01
-9.4951085746e-02
2.4094590545e-01
-4.6013706923e-01
-1.6526676416e+00
1.6252372265e+00
-2.2354793549e+00
-7.8865635395e-01
1.7254379392e-01
1.2728149891e+00
6.0276001692e-01
-5.4343771935e-01
-4.7283634543e-01
-1.8922729492e+00
-1.7563630342e+00
-3.1929650307e+00
-5.5782312155e-01
1.0575603247e+00
1.9016448259e+00
-1.4158455133e+00
-3.0128273368e-01
-2.5195777416e-02
-7.5871169567e-02
-8.1412233412e-02
-1.1459861994e+00
-1.5553288162e-02
2.9720813036e-01
4.4939458370e-01
-1.5964250267e-01
1.8886101246e+00
2.3439525068e-01
2.6130290031e+00
1.3472043276e+00
1.6422972679e+00
-2.7089197636e+00
-1.1644924879e+00
-6.9892179966e-01
1.8270124495e-01
2.5331782177e-02
1.1392385960e+00
-2.3084485531e-01
1.0975397378e-01
1.6069335863e-02
-3.7361875176e-01
4.9732798338e-01
2.5864770412e+00
3.0866658688e+00
2.6678377390e-01
-1.8962243199e-01
3.0539402962e+00
1.8044083118e+00
-9.3591368198e-01
3.8863149285e-01
-1.3510210514e+00
-4.1762952805e+00
3.2755106688e-01
2.6873137951e+00
1.1268118620e+00
1.5024124384e+00
-9.7496545315e-01
7.3812824488e-01
3.5078969002e+00
1.1381468773e+00
-5.3001993895e-01
4.6305161715e-01
1.8592646122e+00
1.9928604364e+00
1.0589567423e+00
-1.4768570662e-01
1.3245324790e-01
1.0943498611e+00
-2.0633578300e+00
-1.0267018080e+00
-5.0820094347e-01
1.7114667594e-01
5.0066071749e-01
2.4817024171e-01
1.2370408773e+00
-7.3198193312e-01
-2.0858659744e+00
-1.3927236199e-01
-3.2120805979e-01
-9.4675105810e-01
-9.7586202621e-01
-4.0415081978e+00
-2.2438623905e+00
-5.8959841728e-01
5.6589794159e-01
5.5308246613e-01
2.1489131451e+00
9.5343947411e-01
1.6714068651e+00
5.4978942871e-01
-2.0182156563e+00
-9.2733347416e-01
1.2741678953e+00
7.6904785633e-01
-3.3703899384e-01
1.3978385925e+00
-1.7586932182e+00
-3.2003375888e-01
8.2985597849e-01
-1.2665234804e+00
-4.7021574974e+00
1.1707689762e+00
-3.5909906030e-01
-3.2545074821e-01
-5.0034219027e-01
-4.5111939311e-01
-2.0971357822e+00
-1.5552202463e+00
6.3610625267e-01
-8.7205481529e-01
-8.6161184311e-01
2.2856123745e-01
-4.1204039007e-02
1.8114639819e-01
3.2842049003e-01
1.3026078045e-01
1.7466030121e+00
-7.6463991404e-01
-1.1205240488e+00
-9.3711838126e-02
5.2445912361e-01
-5.4734468460e-01
-9.7953581810e-01
7.4814277887e-01
1.7614877224e+00
2.8569683433e-01
2.7959918976e+00
3.0511456728e-01
-7.0869207382e-01
-2.1803006530e-01
5.3758759052e-02
1.5835642815e+00
-2.6397401094e-01
-1.3565475941e+00
6.2091881037e-01
4.0941061974e+00
3.4821407795e+00
1.0564709902e+00
-1.2741565704e+00
-2.2079923153e+00
-1.5529497862e+00
4.0335786343e-01
-2.1924781799e+00
-2.2453036308e+00
-1.6875736713e+00
-1.6607364416e+00
1.1491171122e+00
9.1404289007e-01
-1.0444945097e+00
-1.0838580132e+00
-1.7450305820e-01
-2.7630347013e-01
-1.1695059538e+00
8.5459899902e-01
-2.0620290935e-01
1.2171590328e-01
-4.0045690536e+00
-2.4537518024e+00
-6.5547972918e-01
-5.6894189119e-01
-7.5554341078e-01
1.7272228003e+00
5.8430129290e-01
1.0564785004e+00
-3.0934873223e-01
-2.8202171326e+00
-3.2828250527e-01
-1.4824326038e+00
-4.2715258598e+00
-4.0066866875e+00
-1.0840973854e+00
1.8974659443e+00
-2.0804740489e-01
-1.1755993366e+00
-7.5370210409e-01
1.0460606813e+00
-1.0270534456e-01
1.1968700588e-01
-6.0593616962e-01
9.9965643883e-01
2.0853760242e+00
-3.3253130913e+00
-3.3450512886e+00
-2.0318114758e+00
-1.6513797641e-01
4.9662515521e-01
1.1776540279e+00
4.1585877538e-01
-1.0638581514e+00
-1.2025262117e+00
-9.7732585669e-01
4.2983126640e+00
-1.1967501640e+00
-2.9708382487e-01
8.4587979317e-01
-1.1388385296e+00
4.9640536308e-01
4.5144653320e-01
1.2544934750e+00
-4.4420534372e-01
-1.6266127825e+00
4.6648731232e+00
2.2263813019e+00
8.2063859701e-01
1.1449138820e-01
5.8263909817e-01
2.3092851639e+00
-2.8740936518e-01
1.7313514948e+00
6.7922443151e-01
-1.1449900866e+00
-1.6453372240e+00
-1.4527961016e+00
2.9310011864e-01
1.0863666534e+00
1.4720207453e+00
1.7206150293e+00
9.1289766133e-02
-2.2421236038e+00
-1.4832153320e+00
-1.8153990507e+00
-2.7110013962e+00
-7.8164142370e-01
-2.5008949637e-01
8.8799422979e-01
5.1325851679e-01
1.1765345335e+00
-3.0696712434e-02
-1.6593153775e-01
-8.8275468349e-01
-1.8425486088e+00
2.7379545569e-01
2.0062147081e-01
-4.4771367311e-01
1.1415343285e+00
5.0746665001e+00
6.2865376472e-01
1.9653930664e+00
2.6560261250e+00
1.3312121630e+00
5.7456439734e-01
6.6780233383e-01
2.1476887167e-01
1.0659147501e+00
1.0375620127e+00
1.4281745255e-01
-1.0895279646e+00
8.9441370964e-01
-1.0388531685e+00
-1.0514097214e+00
3.1107544899e-01
9.6119391918e-01
-2.4835314751e+00
-1.2137215137e+00
-4.5170611143e-01
1.3097181320e+00
-1.0392305851e+00
2.4129861593e-01
2.6455682516e-01
-4.1574907303e-01
-5.1479939371e-02
1.5966612101e+00
1.9783388078e-01
5.9363961220e-01
1.9489033222e+00
2.0235075951e+00
-1.9551227093e+00
-1.1100035906e-01
9.5722573996e-01
-1.4190289974e+00
-2.1699106693e+00
-1.9843096733e+00
2.9732925892e+00
2.5380334854e+00
1.6623964310e+00
4.7045367956e-01
-1.1333099604e+00
4.0933868289e-01
8.1375432014e-01
-6.7507612705e-01
-3.5311150551e-01
-1.6524046659e+00
-8.9601564407e-01
-3.8052526116e-01
4.7331365943e-01
1.7099909484e-01
-7.1915346384e-01
1.8480296135e+00
1.2490749359e+00
-1.5292507410e+00
-2.6193547249e+00
-1.4805105925e+00
-3.1483414173e+00
-3.9500484467e+00
-1.1920814514e+00
6.4930307865e-01
1.0331895351e+00
2.9592186213e-01
-4.5208707452e-01
6.7136472464e-01
6.3133831024e+00
2.2153763473e-01
-2.5631853938e-01
6.7503505945e-01
1.6804794073e+00
6.2441819906e-01
-1.9207791090e+00
-1.7545056343e+00
7.2969949245e-01
8.3572971821e-01
-1.8400001526e+00
-8.8892257214e-01
1.0557355881e+00
2.1009011269e+00
-3.1379914284e-01
3.5766458511e-01
-1.1504638195e+00
-1.7753958702e+00
-1.1012609005e+00
3.8778367639e-01
4.9582579732e-01
5.1646190882e-01
-3.4334602952e-01
-8.4141963720e-01
1.5432347059e+00
3.2938652039e+00
-1.1035133898e-01
-6.6676162183e-02
-6.7066663504e-01
-8.5214155912e-01
-1.2516522408e+00
-5.8779317141e-01
9.1828054190e-01
6.5221923590e-01
-8.4796518087e-02
-8.6437207460e-01
4.3988165259e-01
-7.8402142972e-03
4.4456717372e-01
3.8058508653e-03
1.6054277122e-01
-2.6813763380e-01
7.7499523759e-02
4.6300575137e-02
8.5717476904e-02
3.5576670170e+00
-2.0343134403e+00
-8.4204596281e-01
3.6057382822e-01
1.2975281477e+00
1.8868523836e+00
6.6147828102e-01
1.0847434998e+00
1.6182240248e+00
5.1366691589e+00
1.9937405586e+00
-1.0677480698e+00
-8.5659646988e-01
-1.6707897186e+00
4.8062771559e-01
1.0813699104e-02
1.5918139219e+00
1.9672211409e+00
9.0261417627e-01
2.0603373051e+00
8.3155643940e-01
2.0758240223e+00
4.8045399785e-01
-2.1016670763e-01
-1.2086317539e+00
4.9747854471e-01
-1.2206830978e+00
-7.8298437595e-01
1.9472640753e-01
-1.6559901237e+00
-1.2969837189e+00
-5.7339972258e-01
-1.1818919182e+00
-1.4629417658e+00
-6.4920628071e-01
-4.3131089211e+00
-2.2357015312e-01
5.5859696865e-01
5.3419519216e-02
-4.4012504816e-01
-3.2724180222e+00
-5.2261322737e-01
-8.4044480324e-01
-5.5617237091e-01
3.9073410034e+00
7.2248015404e+00
1.6940737963e+00
-7.9552400112e-01
-8.5514754057e-02
6.3274405897e-02
5.8616185188e-01
1.4191222191e-01
-2.4566027522e-01
-1.1042665243e+00
-1.0298643112e+00
1.1958979368e+00
3.3748352528e-01
6.6109710932e-01
1.1636093855e+00
1.9492495060e+00
2.4053070545e+00
1.1768339872e+00
1.8273413181e-01
1.6243581772e+00
1.2425000668e+00
2.2246997058e-01
-2.4130768776e+00
-6.1194926500e-01
-6.3819742203e-01
-4.6943500638e-01
5.1733613014e-01
1.4673161507e+00
9.4149208069e-01
-2.0674686879e-02
5.6311446428e-01
1.8354963064e+00
-4.6990200877e-01
4.4336792827e-01
1.3614797592e+00
1.0648115873e+00
1.1316571385e-01
-8.1734055281e-01
-7.0017725229e-01
9.5024394989e-01
-3.9293020964e-01
-8.6151260138e-01
-1.7200695276e+00
-9.3469536304e-01
-1.2331759930e-01
-2.4101771414e-01
-4.6134227514e-01
-2.8502008319e-01
5.2239590883e-01
2.4741005898e+00
1.4466029406e+00
-1.2662601471e+00
-1.0410592556e+00
-1.8649163842e-01
1.6468590498e-01
1.1629863977e+00
-1.6537880525e-02
2.9986315966e-01
-5.9918975830e-01
-1.6448653936e+00
-1.7093561888e+00
-1.5951173306e+00
-1.1603724957e+00
-7.8085601330e-01
-7.6093083620e-01
-2.9300143719e+00
-4.2398858070e+00
2.3335468769e+00
1.1901577711e+00
1.5441329777e-01
-8.3034878969e-01
8.7338662148e-01
-2.0060830116e+00
-2.0445728302e+00
-1.9177534580e+00
-7.4941104650e-01
-7.4756658077e-01
1.2180293798e+00
1.4735990763e-01
-3.1143307686e-01
3.6980822086e+00
5.4169301987e+00
-1.0112882853e+00
9.2471289635e-01
2.3811407089e+00
1.7443990707e+00
-6.7791588604e-02
-1.9483095407e-01
-1.1817988157e+00
-3.0663517118e-01
9.6622347832e-02
2.6417341232e+00
-5.5264055729e-01
1.1367168427e+00
1.1166470051e+00
2.9010432959e-01
-1.0289828777e+00
2.3191714287e-01
3.5892617702e-01
-3.2464760542e-01
-9.6159440279e-01
-7.0774370432e-01
1.1204458475e+00
2.1600766182e+00
9.8417896032e-01
2.0279979706e+00
4.6118350029e+00
-1.3828572035e+00
-1.1960365772e+00
3.3250489831e-01
6.6810309887e-02
-3.8501906395e-01
7.4126309156e-01
3.4462535381e-01
3.6615562439e-01
1.0210659504e+00
2.3700988293e+00
1.8402991295e+00
1.1791807413e+00
-4.2246377468e-01
4.4631716609e-01
1.9589182138e+00
-1.8261031806e-01
5.3573739529e-01
-5.2009677887e-01
1.4079660177e+00
9.1953498125e-01
6.8398261070e-01
1.5952385664e+00
1.2821022272e+00
7.4007004499e-01
-1.0299741030e+00
-1.3089432716e+00
-1.7035957575e+00
6.3227039576e-01
2.6355841160e+00
4.8276481628e+00
7.8416895866e-01
1.1902766228e+00
-1.0885406733e+00
-6.0268932581e-01
1.8433171511e+00
-1.7800128460e+00
-8.6695790291e-01
1.0666427612e+00
4.4087129831e-01
-1.9858096838e+00
2.7090662718e-01
-2.7552738786e-01
-1.4743279219e+00
-3.6044946313e-01
-7.4816489220e-01
5.5419051647e-01
-5.6907904148e-01
-8.8404214382e-01
1.7082166672e-01
2.2483963966e+00
5.1884883642e-01
-4.0528577566e-01
-3.8057410717e-01
3.4408733249e-01
5.4080817848e-02
-2.2554984689e-01
-7.9934298992e-01
-5.2149260044e-01
2.3059774935e-01
3.1100249290e+00
-1.7986608744e+00
-1.2738177776e+00
-6.5423411131e-01
6.8278044462e-01
1.5301445723e+00
-2.4191882610e+00
-3.5872576237e+00
-1.9749492407e+00
-2.8880729675e+00
-3.5956106186e+00
3.7956139445e-01
1.5073164701e+00
1.8199509382e+00
-5.9783548117e-02
-5.6538635492e-01
-2.4072170258e+00
-1.0645933151e+00
-8.6669474840e-01
-9.0963035822e-01
-1.4810440540e+00
-1.7882293463e-01
-1.8461409807e+00
-1.6808822155e+00
-1.8263269961e-01
1.1832290888e+00
1.3001282215e+00
1.8660965562e-01
-9.4339609146e-01
-5.5796915293e-01
-2.6391682625e+00
-3.3113843203e-01
5.6343340874e-01
7.3740929365e-01
1.1589825153e+00
9.1648912430e-01
1.3826684952e+00
-2.7654510736e-01
-9.8428791761e-01
-1.0764049292e+00
-2.5791859627e+00
2.5035018921e+00
1.6214475632e+00
6.6669040918e-01
1.6821673512e-01
-2.9240271449e-01
-1.3933765888e-01
-1.9266589880e+00
-2.5807909966e+00
-3.5157761574e+00
-2.3464186192e+00
-1.8751640320e+00
-8.5058468580e-01
1.0520980358e+00
1.7568727732e+00
3.0554988384e+00
4.0725913644e-01
-9.5014417171e-01
-2.0326080322e+00
-1.4705067873e+00
-5.3473645449e-01
1.8924076110e-02
3.7682998180e-01
6.4685606956e-01
3.5036835670e+00
6.0113768578e+00
6.8911069632e-01
-7.2345721722e-01
3.2493889332e-01
1.5291668177e+00
4.1607804298e+00
-7.8696715832e-01
-2.1819508076e+00
-1.2074763775e+00
-9.0309369564e-01
3.6055915356e+00
-5.2350538969e-01
2.5827586651e-01
-8.2468980551e-01
-3.2644349337e-01
3.2313930988e-01
-1.5450147390e+00
-1.6121100187e+00
9.8410630226e-01
6.0595029593e-01
6.6813731194e-01
1.0474396944e+00
1.3193982840e+00
1.4041565657e+00
-9.9887216091e-01
-3.8426882029e-01
-2.3454637527e+00
-5.6494373083e-01
-9.6222037077e-01
-1.5735938549e+00
-3.8064095974e+00
-1.9026921690e-01
8.3762295544e-02
1.7762662172e+00
2.7554553747e-01
-8.9195126295e-01
-1.2212852240e+00
1.3546697795e-01
1.7755072117e+00
1.6035346985e+00
-1.4312697947e-01
1.5345356427e-02
9.6922945976e-01
2.9325454235e+00
3.1962714195e+00
3.0031702518e+00
-3.7017071247e+00
-8.1368386745e-01
1.1026070118e+00
2.0717341900e+00
7.5781852007e-01
-5.2137717605e-02
-3.2794600725e-01
5.7833105326e-01
1.2556451559e+00
1.6546982527e+00
1.2102236748e+00
4.0214022994e-01
2.7513340116e-01
1.0793591738e+00
4.2040271759e+00
-1.0984587669e+00
-1.2023484707e+00
-2.5949096680e+00
-2.5765140057e+00
-1.0035604239e+00
8.6405009031e-01
-1.0561227798e+00
-2.5395545959e+00
-2.5875821114e+00
-2.3958067894e+00
-9.1356652975e-01
-1.3210157156e+00
-1.0046885014e+00
-1.5941768885e+00
2.5782442093e-01
1.7172642052e-01
1.0929518938e+00
-9.8153489828e-01
8.5521513224e-01
7.2427791357e-01
-1.6815681458e+00
-1.3855612278e+00
2.6212283969e-01
-1.0303460807e-01
6.6730636358e-01
-2.2972230613e-01
-6.4120870829e-01
-1.1307686567e+00
1.7931519076e-02
1.0010576248e+00
1.8635122776e+00
1.4251748323e+00
5.6036233902e-01
-6.8572318554e-01
-2.4544271827e-01
8.7807990611e-02
2.7218940854e-01
2.0568419993e-01
6.8062752485e-01
1.6268039942e+00
4.8347967863e-01
-2.1257114410e+00
-1.5061191320e+00
1.1239206046e-01
3.6317411065e-01
5.0577288866e-01
-1.4299580455e-01
1.9797585011e+00
1.0155957937e+00
1.0327546597e+00
1.4515439272e+00
1.3014560938e+00
-1.1752197742e+00
5.8588129282e-01
1.5950647593e+00
4.7734740376e-01
-7.9496759176e-01
-3.6752688885e-01
-2.9368727207e+00
-3.9129867554e+00
1.8589285016e-01
-5.4416275024e-01
-4.6306198835e-01
-1.0380001068e+00
-1.1056134701e+00
6.7599744797e+00
3.3285651207e+00
2.8316137195e-01
-1.3979753256e+00
-1.6018760204e+00
-3.2126832008e+00
-8.4519875050e-01
2.8757241368e-01
6.1573201418e-01
1.2580362558e+00
-2.2036238015e-01
-6.6491506994e-02
-8.0443394184e-01
-4.2063812725e-03
-3.2780823708e+00
-4.9359506369e-01
9.5295882225e-01
1.3366695642e+00
1.5152195692e+00
1.3401967287e+00
7.2963805199e+00
1.3976863623e+00
-3.2565295696e-01
-8.0529969931e-01
-7.9490476847e-01
2.5625407696e-01
8.9719611406e-01
-9.1916486621e-02
-1.7767746449e+00
-2.0462753773e+00
-1.0120196342e+00
2.3901745677e-01
-4.5093399286e-01
-1.4581950903e+00
-7.3996287584e-01
1.5630995035e+00
2.8236126900e+00
4.3228855729e-01
-1.4434346557e-01
-2.7728176117e-01
-4.4241940975e-01
4.7137936950e-01
-7.7288138866e-01
1.3544956446e+00
1.3710660934e+00
1.2202690840e+00
1.5832641125e+00
3.1423420906e+00
2.1149094105e+00
1.3706537485e+00
1.0788183212e+00
1.7771364748e-01
-6.1109125614e-01
5.5070388317e-01
1.3022596017e-02
-7.2556674480e-01
-2.1324660778e+00
-3.4153965116e-01
9.9758195877e-01
4.2205579579e-02
1.4316442013e+00
1.2017885447e+00
9.3731015921e-01
-2.3915245533e+00
-4.1532168388e+00
-3.3721413463e-02
3.9818069339e-01
1.4384536743e+00
3.7167468667e-01
7.0890098810e-01
5.7216924429e-01
2.5830706954e-01
-6.6816598177e-01
1.5945057869e+00
1.2144916058e+00
2.8056502342e-01
-8.9448708296e-01
-3.7022221088e+00
-8.0753725767e-01
1.9127950072e-02
-1.4344656467e+00
-2.9790501595e+00
-2.5824663639e+00
-6.6393828392e-01
-7.3291975260e-01
1.2256730795e+00
5.7775896788e-01
-3.7832602859e-01
1.7842260599e+00
-2.6467832923e-01
-6.4781081676e-01
1.3477954865e+00
4.7179431915e+00
2.2782855034e+00
1.2505491972e+00
-2.3068654537e-01
-7.0850503445e-01
9.1819590330e-01
8.0284810066e-01
1.1658489704e+00
-4.9208238721e-01
6.7894834280e-01
-2.1764674783e-01
-1.5891686678e+00
-1.6944350004e+00
2.5708386898e+00
1.1874661446e+00
-2.2881901264e+00
-1.7476998568e+00
3.6682128906e-02
3.0960881710e+00
2.5178417563e-01
-7.7039897442e-01
-3.2099964619e+00
-1.0291022062e+00
-1.4352933168e+00
-1.8987005949e+00
-2.5267858505e+00
-1.7289329767e+00
-2.1611058712e+00
-8.5487693548e-01
-5.4334264994e-01
1.7937889099e+00
1.8792395592e+00
9.5367121696e-01
2.4437365532e+00
8.0633586645e-01
-9.5108896494e-01
-4.9035465717e-01
1.1800031662e+00
1.3250396252e+00
1.8047165871e+00
1.4963384867e+00
2.4248597622e+00
2.2359542847e+00
-1.7239990234e+00
-5.3014934063e-01
-1.6291717291e+00
-1.4176802635e+00
-7.3532587290e-01
-1.1719744205e+00
-1.0979428291e+00
-6.7574691772e-01
-2.0495854318e-01
2.2789041698e-01
1.6475126743e+00
2.3432217538e-02
1.0891721398e-01
-1.6880626976e-01
-1.5931636095e-02
-5.5330353975e-01
-2.5945031643e-01
2.9177665710e-01
5.4462260008e-01
1.0655245781e+00
-1.7802052498e+00
-1.0291746855e+00
2.0012111664e+00
1.6677423716e+00
-6.9166678190e-01
-1.1593546867e+00
-3.2004892826e-02
-5.8214622736e-01
-4.3860358000e-01
-3.5161739588e-01
3.1644618511e+00
8.9774459600e-01
-8.3912529051e-02
-6.3697272539e-01
5.3176563978e-01
-1.2034350634e+00
-1.6257437468e+00
4.1213953495e-01
3.6157888174e-01
-5.4847466946e-01
-1.3483053446e+00
8.9685857296e-02
-9.9672150612e-01
1.2123967409e+00
1.7508888245e+00
1.0170714855e+00
5.5970984697e-01
5.5029410124e-01
1.6361631155e+00
1.3213920593e+00
6.9799166918e-01
3.4959205985e-01
-1.1936432123e+00
-3.8669772148e+00
-3.7155749798e+00
1.4884805679e+00
-3.1435143948e-01
-1.0507005453e+00
-3.5867723823e-01
6.4205050468e-01
-6.7534071207e-01
-7.7474290133e-01
-4.2418658733e-01
-9.7227888182e-03
1.2724062800e-01
-1.4515078068e+00
1.5660664439e-01
2.5341289043e+00
1.6588063240e+00
6.3761705160e-01
-7.0800137520e-01
8.6030822992e-01
1.6394644976e+00
2.6917331219e+00
1.7456425428e+00
3.7963211536e-01
6.4769220352e-01
-1.7331723869e-01
-6.1645757407e-02
5.4976266623e-01
-2.5070350170e+00
7.6403921843e-01
2.5566823781e-02
-1.4512126446e+00
3.6592442542e-02
-2.6604807377e+00
-8.0222415924e-01
-2.4063122272e+00
-1.5666232109e+00
-3.3917071819e+00
-3.0762052536e+00
-1.7339442968e+00
4.7743320465e-02
-9.2374563217e-01
7.2008085251e-01
7.0859354734e-01
1.6242671013e+00
3.4588789940e+00
2.3764803410e+00
1.7244215012e+00
6.8286383152e-01
-1.2283628434e-01
-7.4477130175e-01
7.8135430813e-02
8.6065483093e-01
-3.8042607307e+00
-2.2706370354e+00
-1.3318144083e+00
3.6081755161e-01
8.7603533268e-01
-1.4913333654e+00
-1.5612663031e+00
-1.0631661415e+00
1.2804329395e+00
4.5104303360e+00
-9.6158593893e-01
-1.6889004707e+00
-1.0859460831e+00
-8.2850974798e-01
-1.1497098207e+00
4.6090517044e+00
2.3183031082e+00
8.3919875324e-02
3.1061899662e-01
1.1021491289e+00
1.1787721887e-02
5.7420068979e-01
-4.5733398199e-01
-1.7514681816e+00
6.9829338789e-01
2.7309565544e+00
-5.5508798361e-01
2.9495292902e-01
2.9881858826e-01
1.2732018530e-01
3.2423689365e+00
2.2812356949e+00
-3.8624426723e-01
5.3228479624e-01
2.1877317429e+00
3.4876456857e-01
4.8108699918e-01
4.9330779910e-01
7.3836706579e-02
4.1064551473e-01
7.8984349966e-02
-1.0733783245e-01
2.1481460333e-01
-2.8495514393e-01
2.4368510246e+00
2.6213591099e+00
1.4851117134e+00
1.2381613255e+00
-3.8973176479e-01
9.8424583673e-01
1.4641116858e+00
1.5734627843e-01
-2.4061281681e+00
-2.6040301323e+00
-8.7777030468e-01
4.9859136343e-01
-2.2007571161e-01
-3.7569944859e+00
-6.9733947515e-01
3.4337595105e-01
-1.5417917967e+00
-9.3516212702e-01
7.0148330927e-01
1.6374901533e+00
4.7991791368e-01
1.4885859489e+00
1.0004257411e-01
-1.1448181868e+00
-2.4335405231e-01
7.1500653028e-01
-6.4198410511e-01
-1.8182561398e+00
-2.0863616467e+00
-3.1133415699e+00
-3.7041482925e+00
1.2809650507e-03
2.8852137923e-01
1.4470382929e+00
2.5354011059e+00
1.2852497101e+00
-7.9930889606e-01
-7.8794085979e-01
1.0426644087e+00
1.1443397403e-01
3.4200689793e+00
-5.8168735504e+00
-1.7789968252e+00
-2.9828798771e+00
-2.0151193142e+00
7.7082514763e-02
-6.8299374580e+00
-2.7757396698e+00
-2.7984440327e+00
-2.4386579990e+00
-1.9159261882e-01
1.1066005230e+00
1.1309162378e+00
-2.9019927979e-01
-7.6846277714e-01
4.4574901462e-02
1.9705911875e+00
2.5400130749e+00
6.0639733076e-01
-6.0578602552e-01
-1.2210624218e+00
-3.4040744305e+00
-6.5762531757e-01
6.1627531052e-01
-1.5486528873e+00
-2.0984170437e+00
-1.1010257006e+00
-9.8552489281e-01
-5.1206308603e-01
-1.7943464518e+00
-3.2497050762e+00
-2.9400997162e+00
-2.0476562977e+00
-3.0588155985e-01
-6.9689646363e-02
1.8093562126e+00
4.5813760161e-01
1.0121271610e+00
1.3344845772e+00
6.6579622030e-01
1.4681270123e+00
1.2576386929e+00
1.3813084364e+00
3.0418276787e-01
2.3798258305e+00
3.1949677467e+00
1.3106780052e+00
8.1124651432e-01
-4.2407694459e-01
-1.4765176177e-01
-3.6473470926e-01
-3.8654246330e+00
-1.9927654266e+00
-2.5137927532e+00
-5.3740870953e-01
-8.9147293568e-01
-3.5106298327e-01
-1.1660411954e-01
9.9098837376e-01
-2.5905633345e-02
-4.3573102951e+00
-1.4809964895e+00
1.7251757383e+00
-1.1398409307e-01
2.0811793804e+00
1.5287728310e+00
5.6997460127e-01
1.9393118098e-02
2.0150303841e+00
3.5598430634e+00
3.1583836079e+00
1.0262636840e-01
-2.6576772332e-01
-3.2030773163e+00
-2.2693512440e+00
-4.8336338997e-01
-3.5339853764e+00
-3.6960928440e+00
-1.2039812803e+00
-9.2797243595e-01
-1.6294232607e+00
-1.0485559702e+00
3.5085492134e+00
2.8471682072e+00
2.5187301636e+00
3.5357375145e+00
-9.5028966665e-02
1.6174750030e-01
1.1580704451e+00
2.4236466885e+00
2.1197497845e+00
-3.6034095287e+00
-1.6371389627e+00
-7.5543814898e-01
-6.9967126846e-01
8.1096303463e-01
2.1776500344e-01
9.5122212172e-01
1.4282544851e+00
2.3133053780e+00
1.1735643148e+00
-7.8519171476e-01
-1.3472314179e-01
-1.5824866295e+00
-2.5162065029e+00
-1.0763084888e+00
-1.9467382431e+00
-6.6571068764e-01
2.1873106956e+00
1.1672469378e+00
2.1353547275e-01
-1.7966876924e-01
7.5162154436e-01
1.0425976515e+00
3.7627282739e-01
-5.8467781544e-01
-2.2280464172e+00
-3.0919692516e+00
-1.2363374233e+00
-5.9938406944e-01
-1.1984052658e+00
3.8651497364e+00
1.9495692253e+00
3.8519185781e-01
5.1690334082e-01
1.4695199728e+00
1.7497977018e+00
2.5713667274e-01
-1.0032766312e-01
5.2037698030e-01
1.0195046663e+00
-3.7501068115e+00
1.8585578203e+00
1.6510910988e+00
-8.1811654568e-01
-8.3526694775e-01
-1.9502334595e+00
-1.2388266325e+00
-7.3285347223e-01
-1.4148678780e+00
-1.1595246792e+00
-1.9803793430e+00
-7.3536646366e-01
-3.0590951443e-01
-8.4546875954e-01
7.8143912554e-01
-7.4428868294e-01
1.5521126986e+00
5.5264556408e-01
-4.7093719244e-01
-1.5689954162e-01
1.1380144209e-01
2.2531197071e+00
5.0493729115e-01
9.1970473528e-01
2.9579067230e-01
1.6708455086e+00
4.2033058405e-01
-4.1719329357e-01
9.3849849701e-01
-1.2454540730e+00
4.8358697891e+00
1.2499474287e+00
-8.7207216024e-01
7.2823518515e-01
8.1849880517e-02
-4.4514775276e-01
-1.0086152554e+00
-1.5008951724e-01
2.6923437119e+00
7.6984077692e-01
3.7908717990e-01
2.9797902107e+00
2.5741605759e+00
7.0913022757e-01
-3.2535392046e-01
6.0301595926e-01
2.9012447596e-01
-2.0456204414e+00
-1.7695540190e+00
-4.7196698189e-01
-1.8568903208e+00
1.0805436224e-01
8.6537289619e-01
-1.3717535734e+00
-2.3280506134e+00
3.1965959817e-02
-1.7381197214e+00
-2.1361629963e+00
-2.4937982857e-01
-2.5550460815e-01
-2.4705576897e+00
-4.7378325462e-01
6.1594009399e-01
1.2022026777e+00
1.0640076399e+00
3.3820872307e+00
1.1647217721e-01
-8.9782193303e-02
2.1236586571e-01
1.6843676567e+00
2.6794350147e+00
-1.2854260206e+00
-1.0028020144e+00
-1.7696182430e-01
1.2257751226e+00
3.9026114345e-01
1.1969695091e+00
1.9928942919e+00
1.1524698734e+00
2.3063898087e+00
1.1154395342e+00
2.4149301052e+00
3.5719472170e-01
1.0794570446e+00
-7.4675780535e-01
-3.4538888931e+00
-1.4990352392e+00
-1.3448461890e-01
-1.8913729191e+00
-3.5665850639e+00
-3.2369799614e+00
-1.2992326021e+00
-1.5705754757e+00
-1.0035204887e+00
-1.5887222290e+00
6.3542991877e-01
1.8366820812e+00
1.5604132414e+00
2.9737825394e+00
3.8495264053e+00
3.5572862625e+00
6.4651346207e-01
7.5090593100e-01
1.4523934126e+00
2.7387037277e+00
-1.7217301130e+00
-5.3022599220e-01
-3.6881387234e+00
-6.3622128963e-01
-1.3871291280e-01
8.2741845399e-03
-8.4875082970e-01
-8.1479305029e-01
-9.1717785597e-01
9.3171697855e-01
-9.1648989916e-01
-5.3425961733e-01
4.4785523415e-01
7.7757465839e-01
-8.8150620461e-01
3.4199535847e+00
5.9217828512e-01
1.4552818537e+00
2.7426338196e-01
1.0013855696e+00
6.4675444365e-01
2.1362497807e+00
6.1469668150e-01
-1.1207283735e+00
-3.5201829672e-01
-4.2871465683e+00
-2.1025590897e+00
-9.0852534771e-01
-3.7623178959e-01
1.6966986656e+00
7.5541961193e-01
1.6189913750e+00
2.5936601162e+00
1.9663226604e-01
-2.4654541016e+00
-1.7034331560e+00
-1.7242047936e-02
-8.3200228214e-01
-5.7373058796e-01
-1.0425071716e+00
2.3202004433e+00
3.3810224533e+00
2.1576910019e+00
1.2000044584e+00
2.9967467785e+00
1.9794383049e+00
9.9590826035e-01
1.6015025377e+00
1.5437967777e+00
1.7257845402e+00
-3.1898027658e-01
3.2841378450e-01
1.5202149749e-01
7.8729605675e-01
-2.7717977762e-01
-3.8170120716e+00
-1.1258816719e+00
4.8932555318e-01
4.6607744694e-01
1.1856149435e+00
3.0758287907e+00
4.3173870444e-01
3.1805512309e-01
9.9951964617e-01
1.1644342542e-01
-2.6268346310e+00
-1.5141991377e+00
-1.0784906149e+00
-4.5745158195e-01
1.4366949797e+00
-4.2703050375e-01
-3.7354204059e-01
-3.7650030851e-01
-3.6394838244e-02
-2.7479405403e+00
2.4382431507e+00
2.1435675621e+00
1.3694558144e+00
1.0551514626e+00
1.1013714075e+00
1.8716734648e+00
1.7927967310e+00
1.5590785742e+00
-3.4361031651e-01
3.5004129410e+00
1.2120847702e+00
-8.4872233868e-01
-5.4078620672e-01
9.9314713478e-01
-9.3942405656e-03
-1.4661563933e-01
-1.0320028067e+00
-2.8218188882e-01
-9.3263798952e-01
-1.9527977705e+00
9.3145531416e-01
6.7518156767e-01
-2.0851002634e-01
1.9359266758e-01
1.9712373614e-01
-1.2881402969e+00
7.4933491647e-02
-5.4508203268e-01
-9.5765876770e-01
-1.0354495049e+00
-2.5252814293e+00
-4.7887263298e+00
-3.3801724911e+00
-1.7669478655e+00
-4.4988679886e-01
-1.3294399977e+00
-2.5692660809e+00
-1.5960810184e+00
1.0925227404e+00
-2.9421179295e+00
1.5076811612e-01
-4.1496893764e-01
-2.3581581116e+00
-7.3992228508e-01
-6.9505862892e-02
4.5584616661e+00
3.9865050316e+00
2.8453474045e+00
1.4525572062e+00
2.5961670876e+00
2.2848577499e+00
8.4620624781e-01
1.9373835325e+00
2.2069106102e+00
1.4766935110e+00
-4.1513519287e+00
-1.3418300152e+00
-1.3312462568e+00
-1.3451204300e+00
-6.2787401676e-01
1.5933904648e+00
-1.7092271149e-01
-1.6953368187e+00
-1.0116842985e+00
-2.6955766678e+00
-3.8033783436e-01
6.7914521694e-01
-2.8992071152e+00
-2.5513312817e+00
-3.2510855794e-01
3.4616742134e+00
1.7856129408e+00
1.0860924721e+00
1.6526466608e+00
-1.2669253349e-01
1.1414518356e+00
-4.1874590516e-01
1.8503580242e-02
-2.9503628612e-01
2.6703164577e+00
-2.4258813858e+00
-2.3248753548e+00
6.5178789198e-02
1.6985529661e-01
5.0467646122e-01
-1.1311528683e+00
4.8897460103e-01
-4.1477522254e-01
9.5229238272e-01
-2.1823133528e-01
6.8920435905e+00
5.5178818703e+00
6.1861567497e+00
1.8698624372e+00
7.4102580547e-01
2.2640910149e+00
-2.4721519649e-01
1.5689641237e+00
1.3721469641e+00
-5.5977290869e-01
1.3652592897e+00
1.5461922884e+00
1.2290366888e+00
6.4657557011e-01
7.3355317116e-02
1.3453062773e+00
2.7180761099e-01
1.2078586817e+00
2.3338799477e+00
-7.7423435450e-01
-2.4444344044e+00
-3.9274189472e+00
-4.2386317253e+00
-5.0786042213e+00
-1.5697535276e+00
2.3476977348e+00
9.0750598907e-01
1.6581618786e-01
7.3657876253e-01
-4.9998432398e-01
-2.9123146534e+00
1.3161554337e+00
9.8166787624e-01
-6.7232251167e-01
6.5917176008e-01
-1.5304481983e+00
-1.4619994164e+00
-6.3849473000e-01
-1.9277261496e+00
-3.1261541843e+00
5.3506825119e-02
1.3727654219e+00
3.1862634420e-01
5.9274244308e-01
3.5718641281e+00
2.8578574657e+00
1.3322267532e+00
1.5943309069e+00
9.5840811729e-01
2.9231660366e+00
-9.1459918022e-01
5.2013829350e-02
-1.4114703238e-01
-2.8128061295e+00
-3.0884709358e+00
9.9645793438e-02
-6.7196911573e-01
-1.8614666462e+00
-2.4625837803e+00
-1.6760095358e+00
-2.6239414215e+00
-1.8013164997e+00
-3.1114885807e+00
-1.1543766260e+00
1.4489549398e+00
-1.7917704582e+00
-4.4994446635e-01
-1.5389167070e+00
3.9845493436e-01
-1.3896615505e+00
-2.3176431656e+00
-7.4410820007e-01
-6.5802317858e-01
-5.9433782101e-01
-7.1358972788e-01
2.5026912689e+00
1.1480886936e+00
1.2347706556e+00
8.0906814337e-01
6.9337350130e-01
1.6353639960e-01
-2.1060719490e+00
-6.1695909500e-01
6.2232404947e-01
-6.9250041246e-01
-2.4614694118e+00
1.4898629487e-01
1.0211639404e+00
-8.0700016022e-01
-1.1024136543e+00
-3.4632928371e+00
-8.2892674208e-01
-1.4779043198e+00
-7.3122173548e-01
-9.9953454733e-01
-2.1040214226e-02
-1.0185991526e+00
-2.2185821533e+00
-1.8975261450e+00
-1.2226186991e+00
-2.2948567867e+00
-1.1302387714e+00
-7.7932767570e-02
1.7619396746e-01
-6.0883241892e-01
-2.1734094620e+00
-1.6149147749e+00
-1.8913528919e+00
-6.7814522982e-01
3.4275028706e+00
-5.4408735037e-01
1.4950373173e+00
1.4541488886e+00
1.9089941978e+00
1.1367954016e+00
-1.1985334754e-01
9.5183932781e-01
2.1148304939e+00
7.9690808058e-01
8.7689214945e-01
-2.3156464100e+00
-5.1900571585e-01
-3.9451280609e-03
1.8768911064e-01
2.5917234421e+00
2.3398516178e+00
1.6339708567e+00
1.7862823009e+00
9.8918133974e-01
2.2331800461e+00
-6.1756086349e-01
4.7491779923e-01
5.0120627880e-01
-5.0594413280e-01
-1.4201688766e+00
-3.0353438854e+00
-3.5961854458e+00
-1.6526666880e+00
-1.7483327389e+00
-1.4495009184e+00
-2.3886883259e+00
-2.5126016140e+00
-2.4865840375e-01
1.4190644026e+00
-5.0526863337e-01
3.4486153126e+00
2.5005660057e+00
3.3961892128e+00
1.3146146536e+00
9.2501509190e-01
2.9033930302e+00
1.9036589861e+00
2.4094319344e+00
4.4043741226e+00
6.9416079521e+00
1.6078729630e+00
1.4479585886e+00
1.3245384693e+00
3.6784842610e-01
-6.6620576382e-01
-1.3199282885e+00
-1.6075265408e+00
1.6365497112e+00
3.0771865845e+00
4.4638532400e-01
-1.1129472256e+00
4.2631801963e-01
-3.6298429966e-01
-5.7105487585e-01
8.6943101883e-01
8.2898044586e-01
8.5740327835e-01
6.9795364141e-01
1.7270314693e-01
-3.1271764636e-01
2.0173623562e+00
2.2695615292e+00
-1.6560095549e+00
-5.4385000467e-01
-2.3420565128e+00
-3.0741653442e+00
2.1775983274e-01
1.4984316826e+00
-9.7601726651e-02
-6.8531006575e-02
1.8072624505e-01
1.9510595500e-01
2.7254338264e+00
-1.0052044690e-01
-2.1831982136e+00
7.3157864809e-01
7.9197621346e-01
1.2195809186e-01
-1.1218476295e+00
-5.0537735224e-01
-1.2539154291e+00
-4.9614143372e-01
-1.2552532554e-01
3.3921021223e-01
2.0256733894e+00
2.6523503661e-01
6.3864433765e-01
-2.1776098013e-01
3.3293288946e-01
2.1685561538e-01
-1.4251853228e+00
-2.3721866310e-02
8.8809525967e-01
1.1756882668e+00
3.7287297845e-01
-3.8660006523e+00
-1.9221509695e+00
9.7389087081e-02
8.1648313999e-01
9.6177816391e-01
9.6021413803e-01
-4.7677025199e-02
1.9463701248e+00
7.9349303246e-01
-1.2716492414e+00
-7.7985227108e-01
1.3156191111e+00
1.7727304995e-01
1.2417994440e-01
-7.0403569937e-01
9.1569620371e-01
1.7349550724e+00
-1.1958929896e-01
-9.8575645685e-01
-2.4392566681e+00
6.0990995169e-01
4.0149402618e-01
1.2189359218e-01
-3.5641521215e-01
8.6320303380e-02
2.5334531069e-01
1.2508623302e-01
-7.4216246605e-01
-4.6669033170e-01
-3.9091695100e-02
-1.6562774777e-01
-6.9906800985e-02
3.7354069948e-01
3.5342118144e-01
3.8185027242e-01
3.3823141456e-01
-8.9438688755e-01
-2.3349144459e+00
-1.7440811396e+00
-1.0663015842e+00
1.1980868578e+00
1.5908512473e-01
3.5002258420e-01
2.0297925472e+00
7.7637976408e-01
2.0757732391e+00
3.1544592232e-02
-1.5658798218e+00
-1.1550579071e+00
-1.0126880407e+00
1.5157167614e-01
-8.4528815746e-01
-2.2131605148e+00
-7.7246612310e-01
1.3801642656e+00
3.2380869389e+00
1.4733409882e+00
-3.6436009407e-01
-1.0088869333e+00
-7.8666508198e-01
-1.3378536701e+00
-2.7574763298e+00
-2.0449173450e+00
-8.2425040007e-01
-2.9585947990e+00
-1.5293729305e+00
-6.7452210188e-01
1.3306573033e-01
2.0799371600e-01
-2.9161408544e-01
7.4314224720e-01
8.3785945177e-01
1.8309016228e+00
7.5759977102e-01
3.7591117620e-01
-5.6688413620e+00
-3.6604399681e+00
-1.6207555532e+00
-1.5094560385e+00
-1.8641242981e+00
2.0998993888e-02
2.2987842560e-01
9.9850255251e-01
-6.8562376499e-01
-3.2908568382e+00
3.9451858401e-01
-5.7114279270e-01
-3.4968385696e+00
-4.6008677483e+00
-1.1918181181e+00
2.0507946014e+00
1.4683623314e+00
6.6809393466e-02
8.5504271090e-02
8.2653999329e-01
-7.4647033215e-01
-6.9007897377e-01
4.2156946659e-01
6.0473400354e-01
1.0590755939e+00
-3.0112559795e+00
-3.3818888664e+00
-1.0250061750e+00
6.9886797667e-01
8.9998048544e-01
5.9614199400e-01
-8.1409394741e-01
-8.5806941986e-01
-1.0437659025e+00
-2.1581296623e-01
1.6475446224e+00
-1.2036881447e+00
-8.6407470703e-01
2.1812060475e-01
-1.3088763952e+00
2.2973184288e-01
9.2757984996e-02
1.6481565237e+00
-4.9035623670e-01
-1.8806843758e+00
1.9590166807e+00
2.4044673443e+00
1.4927785397e+00
1.3904259205e+00
1.9241247177e+00
2.4752202034e+00
5.7635378838e-01
1.0786740780e+00
3.6953786016e-01
-8.5649120808e-01
6.0278385878e-01
-7.2647303343e-01
-5.2721017599e-01
-4.8261612654e-01
-3.9764946699e-01
1.6854789257e+00
1.6979074478e-01
-1.9158875942e+00
-7.5606697798e-01
-1.1214540005e+00
-3.4919400215e+00
-1.6252702475e+00
-9.4876527786e-01
-1.1649417877e+00
-1.4555265009e-01
-1.5778437853e+00
-1.5760376453e+00
-1.2312810421e+00
-1.4731410146e-01
-1.1249603033e+00
3.7445801497e-01
3.4981042147e-01
-5.7526886463e-01
3.2915112376e-01
4.0677928925e+00
1.4564503431e+00
1.4310152531e+00
1.7685207129e+00
2.8138036728e+00
2.0498867035e+00
9.5747321844e-01
-5.2029287815e-01
2.9091805220e-01
1.0533553362e+00
5.1275479794e-01
-1.7211024761e+00
-1.1543436050e+00
-1.8496168852e+00
-7.1700078249e-01
-3.1994543970e-02
1.4859620333e+00
-9.3122258782e-02
3.2087951899e-01
8.3034920692e-01
2.2174074650e+00
-2.0128624141e-01
-7.3432117701e-01
-1.0679464340e+00
-9.2172348499e-01
3.0063292384e-01
-1.0360478610e-01
1.9753029943e-01
-6.2645636499e-02
3.3399966359e-01
-4.1123834252e-01
-8.9462667704e-01
-5.5766844749e-01
8.7244816124e-02
-1.3602765799e+00
-1.7857867479e+00
-6.9032055140e-01
2.4661769867e+00
2.4250791073e+00
9.5659309626e-01
7.0019945502e-02
-1.2820794582e+00
9.7375184298e-01
6.5638822317e-01
-1.2820172310e+00
-5.2465784550e-01
-2.4211756885e-01
-7.2495085001e-01
-5.9527963400e-01
4.9577906728e-01
1.1661822796e+00
-1.3121002913e-01
1.6296250820e+00
1.7659807205e+00
4.2456406355e-01
-1.4202353954e+00
1.6256876290e-01
-2.0978629589e+00
-2.7545416355e+00
-1.1858856678e+00
4.8963040113e-01
5.3636878729e-01
4.3091762066e-01
-9.2079594731e-02
5.0704568624e-01
5.9274530411e+00
-1.0427621007e-01
-2.1969766617e+00
-2.4387346208e-01
1.4268881083e+00
1.0551265478e+00
5.8451730013e-01
2.7929824591e-01
1.9520845413e+00
6.3728690147e-01
1.9142081738e+00
-9.1974866390e-01
2.1982400417e+00
2.3369846344e+00
2.2592287064e+00
3.7440328598e+00
-8.5872811079e-01
-1.0448944569e+00
1.2319585681e-01
-1.8377922475e-01
6.8379360437e-01
-1.7165451050e+00
1.0048118234e-01
-4.8392400146e-01
-1.0201839209e+00
4.1731929779e-01
-6.3325548172e-01
-1.8612548113e+00
-1.0204787254e+00
-3.1930940151e+00
-2.4915297031e+00
-2.4210839272e+00
3.5935238004e-02
9.9752193689e-01
1.7554758489e-01
-5.6595063210e-01
1.3324476480e+00
7.2321259975e-01
1.2968207598e+00
5.0037121773e-01
5.5519288778e-01
2.1264635026e-01
3.6012980342e-01
7.6609683037e-01
5.4431837797e-01
4.6390776634e+00
-2.5472469330e+00
-8.8332831860e-01
1.2913172245e+00
4.1154423356e-01
1.0568200350e+00
2.0635427907e-02
8.1245344877e-01
1.7818518877e+00
5.6709375381e+00
2.6577384472e+00
-2.4464035034e+00
-1.2602066994e+00
-1.6019625664e+00
-8.5133588314e-01
3.9640659094e-01
2.1022510529e+00
1.5734306574e+00
2.0419566333e-01
-1.2846369743e+00
-1.0500844717e+00
1.4147245884e+00
6.6230142117e-01
3.9811518788e-01
-1.6713230312e-01
-2.6275627315e-02
-3.6758272648e+00
-6.0763949156e-01
1.2547731400e+00
7.5857704878e-01
1.0589920282e+00
1.5090290308e+00
2.5539226532e+00
1.9766463041e+00
5.4546535015e-01
-8.4048932791e-01
9.1689413786e-01
2.0731515884e+00
4.8813667893e-01
6.3937954605e-02
-3.4854998589e+00
2.2886076570e-01
-9.4486850500e-01
-2.0112025738e+00
-4.9612656236e-01
5.1948964596e-01
4.0727204084e-01
1.1006944180e+00
-3.1642043591e-01
-6.0990750790e-01
-1.4718635082e+00
-2.2250673771e+00
-1.7301635742e+00
-1.4270700216e+00
-8.0129694939e-01
-6.6057044268e-01
-2.6978819370e+00
-3.3018249273e-01
5.7719653845e-01
9.3083125353e-01
9.5549929142e-01
2.2182469368e+00
3.2012152672e+00
7.5594782829e-01
-6.5759509802e-01
-4.7555761337e+00
-1.2810035944e+00
-6.2980771065e-02
-6.6626435518e-01
1.3037277758e-01
-2.6293622330e-02
-1.1774954796e+00
1.4089264870e+00
1.5755516291e+00
-3.4999301434e+00
-5.0216455460e+00
7.9339087009e-01
-1.0318072885e-01
3.9152333140e-01
5.3805589676e-01
2.6043453813e-01
-2.0114791393e+00
-1.7216539383e-01
1.5917454958e+00
2.3173480034e+00
1.3555647135e+00
9.9366223812e-01
4.6751242876e-01
3.6974981427e-01
-2.5090512633e-01
-1.5604606867e+00
1.0280977488e+00
8.3095663786e-01
-7.4145215750e-01
5.3574010730e-02
4.0783989429e-01
-6.0799151659e-01
-2.9788911343e-01
-5.6342440844e-01
-1.1919324398e+00
2.1688821912e-01
1.1807486415e-01
-5.8131366968e-01
-8.7354362011e-01
-5.9596097469e-01
5.2709754556e-02
-1.9378541708e+00
-2.0599241257e+00
-1.1040070057e+00
1.7806541920e+00
3.0669851303e+00
2.5151891708e+00
1.0430227518e+00
-3.0623835325e-01
-1.3759682178e+00
-1.2238770723e+00
-1.3051527739e+00
-2.1547777653e+00
-3.1509532928e+00
-3.1454401016e+00
-5.8885410428e-02
1.2831660509e+00
1.0151624680e+00
5.5320185423e-01
2.1895521879e-01
2.1521056071e-02
4.0771663189e-01
-1.4438712597e-01
-1.4748398960e-01
3.6620389670e-02
6.6529911757e-01
-4.2429261208e+00
-1.8197693825e+00
-5.5681449175e-01
-4.3191793561e-01
-5.7751423120e-01
2.1114606857e+00
2.0832042694e+00
3.1677031517e-01
-1.6897042990e+00
-1.3317761421e+00
-2.0623052120e+00
-2.9449930191e+00
-2.3976609707e+00
-7.7780401707e-01
1.8276482821e-01
1.9820878506e+00
1.2446000576e+00
-5.8074146509e-01
-1.3013602495e+00
7.1709734201e-01
-2.5397905707e-01
-1.6728402376e+00
-2.2655956745e+00
4.7242870927e-01
2.8619129658e+00
-2.4801840782e+00
-9.9352169037e-01
2.4447295070e-01
8.9373528957e-01
5.0948810577e-01
9.5149070024e-01
1.2774692476e-01
-1.0955624580e+00
-6.0243564844e-01
-2.1651548147e-01
2.2151072025e+00
9.0765559673e-01
2.5046044588e-01
1.1900287867e-01
1.6872450113e+00
2.3098919392e+00
1.9145601988e+00
8.2629346848e-01
-9.6124809980e-01
-3.2095558643e+00
9.2988538742e-01
1.2219603062e+00
2.6268070936e-01
9.1751104593e-01
-5.7235226035e-02
1.4134594202e+00
7.1042305231e-01
1.4235824347e+00
3.3127146959e-01
5.8196169138e-01
-1.1267837286e+00
-1.5435218811e+00
6.0201853514e-01
2.9973154068e+00
-1.1071159840e+00
1.1602305174e+00
7.8352844715e-01
5.5929917097e-01
-5.9356951714e-01
-4.3381843716e-03
-2.2063927650e+00
-1.9333288670e+00
-4.8732650280e-01
1.9677327573e-01
1.6302663088e+00
3.3871510029e+00
3.4344093800e+00
1.2106101513e+00
6.7552030087e-02
-3.6216225624e+00
-1.3041458130e+00
-8.1219387054e-01
-5.2806213498e-02
2.3762052059e+00
3.9243006706e+00
5.0573110580e-01
-5.0076144934e-01
1.3547637463e+00
9.0833723545e-02
-2.6642221212e-01
5.3262525797e-01
4.3927779794e-01
-1.3271589577e-01
5.0288289785e-01
1.6554135084e+00
1.9417239428e+00
8.6805051565e-01
-1.0699939728e+00
3.4160158038e-01
2.4218509197e+00
-2.0354631543e-01
-9.5870298147e-01
-1.2405844927e+00
1.4880634546e+00
4.0894093513e+00
-8.9667075872e-01
7.9263305664e-01
6.5367120504e-01
1.2219969034e+00
2.0565257072e+00
1.3795331717e+00
3.8587802649e-01
8.7716215849e-01
8.6899840832e-01
-1.2415374517e+00
1.0320003033e+00
5.0405776501e-01
2.9815801978e-01
-2.4738189578e-01
-3.2445421815e-01
1.6151884794e+00
1.5624784231e+00
1.6323146820e+00
6.2427425385e-01
-1.5219892263e+00
4.5407709479e-01
6.1098212004e-01
-5.0306564569e-01
-5.2632820606e-01
-8.4734022617e-01
-1.4610592127e+00
-5.9819042683e-01
3.8849624991e-01
1.4554697275e+00
3.4318867326e-01
1.1577039957e+00
2.5248079300e+00
-2.9380600899e-02
-1.1528974771e+00
-2.6253649592e-01
-3.7602305412e+00
-2.9632322788e+00
-8.9302927256e-01
5.2997112274e-01
1.9797701836e+00
-5.3578160703e-02
-5.4887616634e-01
4.3479603529e-01
3.9525892735e+00
4.4895000458e+00
4.8319026828e-01
-4.0395829082e-01
2.0836727619e+00
-2.4279308319e-01
3.6482667923e+00
-4.5153813362e+00
-3.0699262619e+00
-1.8970495462e+00
-1.4705017805e+00
-2.3500683308e+00
-1.5932856798e+00
8.8672228158e-02
-5.6642609835e-01
9.6091490984e-01
4.8084218055e-02
3.3350113779e-02
-8.2721471786e-01
5.0856727362e-01
1.1563565582e-01
7.3288702965e-01
-3.3250898123e-01
-1.7672795057e+00
7.2437010705e-02
1.3027112484e+00
3.4896690845e+00
2.1278694272e-01
-1.4155932702e-02
3.0314528942e-01
-7.9967468977e-02
1.2996916771e+00
5.5573379993e-01
5.1837021112e-01
2.0919187367e-01
2.8130105138e-01
-1.6217437983e+00
2.0128901005e+00
4.2460834980e-01
9.5282055438e-02
3.7216153741e-01
9.7415238619e-01
7.8496627510e-02
-7.0181161165e-01
5.8465683460e-01
2.6180994511e+00
2.9415395260e+00
1.3117076159e+00
6.9042879343e-01
7.0242202282e-01
1.3795681000e+00
2.7766098976e+00
4.5069462061e-01
1.5571393967e+00
4.0193986893e+00
2.0031757355e+00
6.3038504124e-01
-1.8568159342e+00
-2.5998098850e+00
-1.5523074567e-01
-2.0527689159e-01
5.0894415379e-01
-1.7386192083e+00
-2.7832111716e-01
1.3367871940e-01
6.3390105963e-01
-3.2354900241e-01
7.4137443304e-01
-2.0726506710e+00
-2.4261953831e+00
-1.5103158951e+00
-2.0517687798e+00
1.7583401203e+00
-1.5986517668e+00
-9.5505404472e-01
1.6201831102e+00
2.2614223957e+00
9.2077964544e-01
-1.0346317291e+00
-1.6697760820e+00
4.1360270977e-01
2.5817770958e+00
-3.9339289069e-01
-1.0238121748e+00
1.7985608578e+00
2.7646517754e+00
1.6612101793e+00
-9.8000138998e-01
-1.3992587328e+00
-2.1470944881e+00
-1.3155989647e+00
-2.4317605495e+00
-2.8682076931e+00
-5.6381464005e-01
-1.2018625736e+00
-2.7376842499e-01
5.7110130787e-01
-7.0021711290e-02
-7.4132680893e-01
-1.6897435486e-01
1.9327963889e-01
4.2628976703e-01
1.5976507664e+00
-1.1669818163e+00
-3.8986384869e+00
1.5141500626e-03
1.5083875656e+00
-2.3610188961e+00
2.2672996521e+00
1.4171593189e+00
1.1868174076e+00
1.9839708805e+00
-2.3860108852e-01
-5.2240824699e-01
1.5048551559e-01
-6.2337923050e-01
-2.3965574801e-01
-1.3422261477e+00
1.7645499706e+00
1.3124638796e+00
1.7687008381e+00
5.7699298859e-01
3.5694327950e-01
8.9260840416e-01
5.0727856159e-01
-1.5382716060e-01
-7.7183520794e-01
1.5772753954e+00
1.2541458607e+00
-3.9926659316e-02
-2.5394427776e-01
6.8525707722e-01
-2.3281946182e+00
-7.9280060530e-01
9.4338601828e-01
8.1764048338e-01
1.0870041847e+00
1.4011456966e+00
-1.2731454372e+00
-3.4147794247e+00
-3.3686242104e+00
-7.9385900497e-01
-7.9670357704e-01
-8.7049961090e-01
4.4570204616e-01
-6.0651504993e-01
4.6935176849e-01
2.7184059620e+00
4.2551512718e+00
-4.9989897013e-01
-5.0303387642e-01
-7.5920957327e-01
-1.3748909235e+00
-1.2631969452e+00
-1.5572494268e+00
-3.1937601566e+00
-1.1083128452e+00
4.3118149042e-01
1.3516677618e+00
-6.8698078394e-02
-1.3424668312e+00
3.1050094962e-01
2.9459557533e+00
9.6509903669e-01
-1.1850625277e+00
-2.2668170929e+00
-9.8913776875e-01
-1.1797502041e+00
2.2270745039e-01
-1.1658630371e+00
-1.0033397675e+00
-2.4379329681e+00
-6.0550093651e-01
1.7523525283e-02
3.0707812309e-01
5.2647274733e-01
-3.0168628693e-01
3.9128954411e+00
1.3608396053e+00
-1.1968621016e+00
1.3807429932e-02
2.1833684444e+00
1.7179377377e-01
6.9680267572e-01
1.8449249864e-01
8.1286317110e-01
-3.4616929479e-03
1.2472006679e-01
-2.1081854403e-01
1.8342658877e-01
-7.7054142952e-01
-4.3020019531e+00
-1.8777502775e+00
-4.0592807531e-01
2.1370012313e-02
-3.0682399869e-01
-3.0532550812e+00
-1.1718730927e+00
-1.1360471249e+00
-1.9291511774e+00
-1.1569842100e+00
3.5726669431e-01
8.5555881262e-01
-2.1836908162e-01
-2.1997838020e+00
-1.2048257589e+00
1.4232211113e+00
-1.0161250830e+00
3.1806626916e-01
9.3436092138e-01
-1.0800168514e+00
-1.5577106476e+00
-1.4309631586e+00
1.8846232891e+00
-1.1481637955e+00
-2.0649671555e+00
-1.8225526810e+00
-3.5837752819e+00
3.8118572235e+00
2.9478974342e+00
2.9783241749e+00
2.5102131367e+00
4.5659720898e-01
3.7427020073e-01
1.7317984104e+00
1.0265890360e+00
6.1394470930e-01
-4.3804949522e-01
2.2901628017e+00
2.9220468998e+00
-1.2295752764e+00
2.9376092553e-01
-7.5554454327e-01
-3.1023807526e+00
-2.0731272697e+00
-8.6810141802e-01
7.1855431795e-01
1.7221620679e-01
-7.9021596909e-01
-9.7528976202e-01
-9.8892217875e-01
-1.3013007641e+00
-8.9900642633e-01
5.6966328621e-01
1.0186198950e+00
1.0052794218e+00
8.3693641424e-01
3.8937744498e-01
1.5666462183e+00
3.3016133308e+00
1.6794445515e+00
2.1691021919e+00
2.6370317936e+00
1.0720720142e-01
-3.7860032916e-01
-9.7371160984e-01
-1.3003101349e+00
-7.2701525688e-01
-6.0973149538e-01
5.7531166077e-01
6.2329894304e-01
1.4666508138e-01
1.7107427120e+00
5.2538925409e-01
-2.7843633294e-01
4.2238917947e-01
1.4557493925e+00
1.0945446491e+00
-3.3300423622e-01
2.0593294501e-01
-6.4342880249e-01
4.9909971654e-02
3.1353464127e+00
1.4978369474e+00
1.4263811111e+00
5.5227547884e-01
-1.4814527035e+00
-6.1662454158e-02
-2.1004703045e+00
-1.0867594481e+00
1.3914567232e+00
2.8227305412e+00
-8.9386649430e-02
-6.8995945156e-02
3.7244626880e-01
-1.5059114993e-01
-1.0533028841e+00
-7.5049757957e-01
-9.8230797052e-01
-8.3508238196e-02
1.3504602909e+00
1.0350488871e-01
1.9929432869e+00
-1.0794920921e+00
3.2823395729e+00
2.8102695942e+00
2.5695056915e+00
-4.7066056728e-01
-2.3227825761e-02
2.2753551006e+00
2.3960173130e+00
1.4013533592e+00
1.8245213032e+00
7.2426646948e-01
5.7243192196e-01
1.4289631844e+00
3.0337269306e+00
-5.7704037428e-01
-3.6976146698e-01
1.6842262745e+00
2.3384592533e+00
5.4607158899e-01
8.5864192247e-01
1.0691531897e+00
-1.5166455507e+00
-1.2583180666e+00
2.1143676713e-02
1.9374046326e+00
-2.3054634035e-01
-6.0345923901e-01
-1.1579122543e+00
-2.1057596207e+00
1.8705023527e+00
1.9223289490e+00
1.8019832373e+00
1.4892756939e+00
2.0738172531e+00
-1.0830320120e+00
1.8987039328e+00
-8.3246654272e-01
1.8842149973e+00
1.4390541315e+00
1.8095806837e+00
3.5685980320e+00
3.2596199512e+00
3.3681628704e+00
2.1403856277e+00
-6.3331997395e-01
1.5625287592e-01
-2.5016573071e-01
5.2595961094e-01
1.9942893982e+00
-2.8745734692e+00
-1.5653562546e+00
-4.3693760037e-01
-2.0037057400e+00
-8.9593881369e-01
4.6501502395e-02
-1.1881533861e+00
-7.3409301043e-01
-1.4809769392e+00
7.2995412350e-01
-2.0961418152e+00
-2.3600497246e+00
1.2688109875e+00
1.8946055174e+00
1.9772256613e+00
-1.1131148338e+00
-5.8077979088e-01
5.7651698589e-01
6.9462871552e-01
-2.5108721852e-01
3.9905130863e-01
-4.5065036416e-01
-4.4487199187e-01
-1.0364015102e+00
-1.8399226665e+00
3.0166468024e-01
-3.5583722591e+00
-2.0059082508e+00
2.1824304760e-01
1.0908432007e+00
2.7961760759e-01
-4.5330241323e-02
-4.0074679255e-01
-1.0933698416e+00
3.3554871082e+00
-6.1951065063e-01
1.9679356813e+00
1.4811253548e+00
2.7229362726e-01
-1.2858155966e+00
-1.4590591192e+00
-1.3853707910e-01
2.5856349468e+00
1.5979129076e-01
-2.4181292057e+00
2.1786849499e+00
1.8088428974e+00
8.7195229530e-01
8.4941834211e-01
-8.5933780670e-01
-3.1269483566e+00
-1.3937218189e+00
1.5782338381e+00
2.1237864494e+00
2.6553416252e+00
-4.6326631308e-01
1.9501905441e+00
2.4450726509e+00
2.6698093414e+00
-4.1306894273e-02
-1.3187775612e+00
1.1828417778e+00
1.9949533939e+00
8.2705354691e-01
-1.4586554468e-01
3.5812705755e-01
-2.7835106850e-01
-1.5827264786e+00
-1.0969076157e+00
-2.1197028458e-01
6.2900060415e-01
9.1323918104e-01
8.2920897007e-01
1.2408093214e+00
1.2897965908e+00
-2.3920893669e+00
-1.0435025692e+00
-1.7636175454e-01
1.2090040836e-03
-8.5958874226e-01
-2.7126173973e+00
-3.4076712132e+00
-9.0368527174e-01
5.5378204584e-01
1.4108529091e+00
1.5676200390e+00
2.1132369041e+00
2.9044170380e+00
2.6872768998e-01
-2.0436558723e+00
-1.9763365984e+00
-1.1689669639e-01
1.9801625013e+00
9.5092636347e-01
-7.8149026632e-01
-2.1440587044e+00
-1.4246733189e+00
2.1599531174e+00
4.8590210080e-01
-4.1897630692e+00
-2.2497729957e-01
-8.7234354019e-01
-7.2752010822e-01
-3.7579801679e-01
4.8971945047e-01
6.7212927341e-01
-1.0833253860e+00
4.1183009744e-01
1.1302260160e+00
1.4011889696e+00
-4.8621842265e-01
-1.2856604159e-01
2.0161636174e-01
-6.6259302199e-02
2.9604238272e-01
3.8718075752e+00
-1.8763723373e+00
-1.6530109644e+00
-5.8601796627e-01
1.1898441315e+00
-1.6783522069e-01
-3.0078101158e-01
4.1868984699e-02
-3.4398928285e-01
-9.2058169842e-01
5.9461045265e+00
4.2729404569e-01
-5.1894867420e-01
-4.8563113809e-01
-8.0126851797e-01
1.9347499609e+00
-1.3479924202e+00
-1.8194251060e+00
-5.8157801628e-01
3.5049011707e+00
3.4270124435e+00
7.0328468084e-01
-1.5955570936e+00
2.5068354607e-01
6.6839313507e-01
1.1335632801e+00
-2.2506380081e+00
-2.8670125008e+00
-2.9712727070e+00
-2.0802891254e+00
5.6007367373e-01
7.6378650963e-02
-8.1416809559e-01
-5.6388473511e-01
-2.8326051235e+00
-1.2772743404e-01
-1.0344538838e-01
1.9638395309e-01
-2.7264010906e-01
9.9582886696e-01
-2.1303100586e+00
-2.3051648140e+00
-5.5962812901e-01
9.0788245201e-01
5.9936547279e-01
1.4654152393e+00
7.7534186840e-01
2.7475154400e-01
4.0722882748e-01
-2.6325008869e+00
2.5409793854e-01
-4.5288565755e-01
-1.5081015825e+00
-4.1151280403e+00
-1.9393554926e+00
1.1607823372e+00
4.7329416871e-01
3.2465183735e-01
-1.8563312292e-01
-2.1454246044e+00
-6.0338109732e-02
-1.4742712975e+00
-1.3511338234e+00
-2.0560412407e+00
1.0562777519e+00
-2.3128252029e+00
-3.4722411633e+00
-3.2968513966e+00
-3.3907639980e-01
6.6833996773e-01
1.3196099997e+00
7.6459246874e-01
2.3280088603e-01
-2.7759057283e-01
-2.0276842117e+00
7.8611278534e+00
7.6494872570e-01
-4.0712633729e-01
-3.6744248122e-02
2.9604563117e-01
1.5032681227e+00
2.5185267925e+00
2.5202441216e+00
1.2887413502e+00
-8.1627100706e-01
2.1432354450e+00
-4.6536454558e-01
1.2953864336e+00
-2.2798714042e-01
-8.1152623892e-01
3.2881352901e+00
6.0072660446e-01
1.4344654083e+00
2.0438557863e-01
-9.6499383450e-01
1.1661674976e+00
1.9462606311e-01
-2.9099592939e-02
3.0105239153e-01
1.4956412315e+00
2.5220205784e+00
8.1381189823e-01
-7.4493199587e-01
4.2037859559e-01
-8.2647576928e-02
-2.0454936028e+00
-1.1237094402e+00
-1.0284119844e-01
-2.1707598865e-01
-7.3306053877e-01
1.0820897818e+00
3.4558782578e+00
4.1318917274e+00
3.3421354294e+00
1.8172074854e-01
6.0427397490e-02
1.1582884192e-01
-7.7487921715e-01
-3.1967851520e-01
3.4261572361e+00
-5.7989996672e-01
2.6632860303e-01
-2.6274970174e-01
-3.8161841035e-01
-6.1739432812e-01
1.6571439505e+00
1.2650520802e+00
1.0243185759e+00
1.9017068148e+00
1.1265517473e+00
-4.1903248429e-01
1.0171952248e+00
-1.8237125874e-01
-1.5503558517e-01
2.6258360595e-02
-2.3233411312e+00
-1.7829341888e+00
-1.3731657267e+00
-2.0755984783e+00
-8.6725753546e-01
6.2561434507e-01
-4.9172165990e-01
1.1332763433e+00
-1.6278089955e-02
9.2053043842e-01
-1.9688576460e-02
-2.7453923598e-02
-1.0618669987e+00
-3.8703486323e-01
4.1724056005e-01
-1.2483949661e+00
-6.1812836677e-02
1.7461080551e+00
-6.0566401482e-01
-7.4236470461e-01
-4.6864767075e+00
6.3187831640e-01
6.7771488428e-01
-1.9478099048e-01
-1.0532969236e+00
-1.5633293390e+00
4.6147143841e-01
8.3259832859e-01
6.1972528696e-01
-4.5767092705e-01
2.6021933556e+00
3.4600508213e-01
2.1708195210e+00
2.0717809200e+00
3.8338875771e+00
-9.7639471292e-01
5.6908404827e-01
2.4870798588e+00
8.7214493752e-01
-3.3108458519e+00
-2.1672253609e+00
-2.9444756508e+00
-2.7961721420e+00
-6.6035932302e-01
7.6157802343e-01
6.5279728174e-01
-5.8314815164e-02
-5.2668970823e-01
-2.8393179178e-01
3.8355095387e+00
8.0815541744e-01
2.3218792677e-01
1.1184281111e+00
2.2054324150e+00
2.8954705596e-01
-1.8377437592e+00
-2.7817764282e+00
-4.2957276106e-01
-1.5436547995e-01
-1.2262835503e+00
-9.2622119188e-01
-3.3832278848e-01
4.5608147979e-01
-3.3244084567e-02
-4.7581562400e-01
7.7749639750e-02
-7.4790591002e-01
-5.4038729519e-02
-6.4425635338e-01
6.8040889502e-01
1.1312084198e+00
-8.8961380720e-01
-3.5168942809e-01
-5.8499789238e-01
2.8121700287e+00
-8.7398266792e-01
-1.2053074837e+00
-8.2043886185e-01
-1.5582813323e-01
2.7430614829e-01
-1.9342863560e+00
1.0582870245e+00
6.9765985012e-01
9.0366601944e-01
7.9980880022e-01
1.2663933039e+00
1.0660854578e+00
5.9456181526e-01
-1.5051053464e-01
1.4402991533e+00
-4.5111950487e-02
2.0802080631e-01
1.2660850585e-01
-7.8831091523e-02
2.7247526646e+00
1.6269929409e+00
-6.3985511661e-02
1.3131518364e+00
6.7908799648e-01
8.4033602476e-01
-6.7145991325e-01
-2.2395451367e-01
8.7451845407e-01
3.9932694435e+00
3.8598842621e+00
-8.1436198950e-01
-1.6480501890e+00
-2.4693593979e+00
-1.5613832474e+00
-7.9228794575e-01
-7.5976449251e-01
5.4247629642e-01
1.2796050310e+00
-6.9706082344e-01
-1.5300486088e+00
2.0695035458e+00
1.7378731966e+00
-3.6447545886e-01
-1.9602903724e-01
-5.5591380596e-01
-7.2780160904e+00
-1.1317758560e+00
7.5102049112e-01
1.2348777056e+00
1.2429795265e+00
1.9796952009e+00
1.4593343735e+00
6.1773014069e-01
9.1252607107e-01
-7.4095630646e-01
-4.9823728204e-01
-2.7174171805e-01
2.9577258229e-01
-9.0366792679e-01
-4.1185075045e-01
-1.7658355832e-01
-3.7734072655e-02
-8.3092457056e-01
-1.5153051615e+00
-1.1108709574e+00
1.3215653896e+00
4.9659463763e-01
2.2858747840e-01
5.4731118679e-01
2.5350460783e-02
-2.4295501709e+00
-1.8979253769e+00
-1.2365757227e+00
-3.0441358685e-01
-3.4852427244e-01
-8.3990556002e-01
-2.7994039059e+00
5.0718677044e-01
1.3932443857e+00
1.9364722967e+00
-8.8631838560e-02
1.5394669771e+00
3.2020003796e+00
8.0938033760e-02
-4.4375056028e-01
-5.4931104183e-01
-2.7618578076e-01
1.9606847763e+00
1.8588128090e+00
-5.3369474411e-01
-9.5316570997e-01
-1.1720899343e+00
6.1355358362e-01
-1.9728742838e+00
-2.6183755398e+00
1.0995447636e+00
4.2114362121e-01
6.8115323782e-01
6.9061952829e-01
9.9849319458e-01
-2.0651087761e+00
-1.2669102848e-01
-9.4334793091e-01
1.5152661502e-01
4.2187398672e-01
-2.5538325310e-01
9.4148531556e-02
-2.1861462295e-01
-1.2221265584e-01
-2.5965254754e-02
4.1189546585e+00
9.9695312977e-01
-1.8869456053e+00
3.5031390190e-01
1.1760338545e+00
8.1557053328e-01
6.7015357316e-02
-1.4024174213e+00
-8.7110668421e-02
6.6440975666e-01
2.7450301647e+00
-1.3939446211e-01
-1.7466769218e+00
-2.1109321117e+00
-2.6121325493e+00
1.1861059666e+00
4.7334790230e-01
-1.9184019566e+00
-7.5968712568e-01
3.0702269077e+00
1.8180879354e+00
2.6285970211e+00
-6.4447712898e-01
-8.7463396788e-01
-1.5515019894e+00
-9.3899327517e-01
-1.6076676846e+00
-2.8441779613e+00
-1.0713256598e+00
-1.9985146523e+00
-5.7645922899e-01
-8.6033254862e-01
-1.5382364988e+00
-1.8982378244e+00
-3.9931285381e+00
2.0723226070e+00
1.1590859890e+00
1.3837584257e+00
1.5064115524e+00
1.1021291018e+00
-1.8839801550e+00
-1.1357361078e+00
-6.0010766983e-01
-3.1949982047e-01
-1.0208214521e+00
1.9748598337e+00
2.1212923527e+00
2.8190028667e-01
3.3576261997e-01
-2.4112472534e+00
1.4192062616e+00
4.6020245552e-01
-1.9436149597e+00
-4.5769724846e+00
-1.6771177053e+00
2.2166702747e+00
-9.3542449176e-02
5.0620615482e-01
4.6387055516e-01
-9.0232282877e-01
1.2291812897e+00
-1.2951134443e+00
-1.5775222778e+00
-6.9891858101e-01
3.5740969181e+00
-1.2484420538e+00
-3.2867996693e+00
-1.1295974255e+00
8.9471971989e-01
9.3410307169e-01
-2.0371317863e-02
-2.1709908545e-01
7.6417773962e-02
-7.9224675894e-01
-5.4550999403e-01
7.0817580223e+00
1.0223914385e+00
5.6312191486e-01
5.0812554359e-01
2.1777440608e-01
2.6315343380e-01
2.6068933010e+00
1.9857488871e+00
3.4402519464e-01
-4.3355718255e-01
1.9231412411e+00
1.6883744001e+00
5.3317618370e-01
6.0618793964e-01
-1.4987054467e-01
2.9269683361e+00
2.7269775867e+00
1.4404515028e+00
3.8388636708e-01
-2.4045260251e-01
3.5582229495e-01
-1.2776921690e-01
2.9294499755e-01
2.3909964561e+00
1.6657634974e+00
1.1182373762e+00
1.3292471170e+00
-1.4571851492e-01
-1.1109604836e+00
-1.9633721113e+00
-2.0275411606e+00
-1.5103497505e+00
-1.2197580338e+00
-4.6199896932e-01
-1.8009772897e-01
-1.2533571720e+00
3.6621168256e-01
1.0123062134e+00
-3.0670288950e-02
-1.4544565678e+00
-6.8016999960e-01
-1.3158986568e+00
-2.3167788982e+00
-8.4936165810e-01
3.2356116176e-01
-3.0704730749e-01
2.0083951950e+00
1.4483920336e+00
2.0065021515e+00
1.3907250166e+00
2.2660130262e-01
4.4081565738e-01
-3.7676051259e-01
7.4210119247e-01
4.4087278843e-01
1.4761983156e+00
3.0455648899e-01
-1.3076579571e+00
4.3564081192e-01
-7.0946276188e-02
-3.5722765326e-01
-2.2111980915e+00
4.2343857884e-01
-3.6036968231e-01
-1.0443152189e+00
-6.6645918414e-03
3.7296000123e-01
-3.2010495663e-01
2.4811007082e-01
1.3711235523e+00
8.7902414799e-01
7.3493081331e-01
-1.1294312030e-01
6.6171592474e-01
1.0105004311e+00
-7.7083003521e-01
1.8939320743e-01
1.1795978546e+00
-2.9532524943e-01
-8.9499908686e-01
-1.6776094437e+00
9.2987638712e-01
2.2747311592e+00
-2.6120536029e-02
2.0456138253e-01
-1.7551567554e+00
-8.6434829235e-01
2.1060864925e+00
-1.0638738871e+00
-1.0714044571e+00
1.8382493258e+00
-1.2617492676e+00
-8.8611789048e-02
1.1143386364e+00
3.0071291924e+00
1.0466148853e+00
1.5924148262e-01
1.3994212151e+00
1.6368583441e+00
-1.7613056898e+00
-1.8111847639e+00
-2.0577483177e+00
-4.2971954346e+00
-3.6002987623e-01
2.0320449769e-01
-7.6061475277e-01
-1.0290765762e+00
-8.7969321012e-01
-3.3940985799e-01
1.2101778984e+00
-8.2357084751e-01
-7.3920613527e-01
-4.0701493621e-01
1.3399561644e+00
1.3422651291e+00
-3.2953794003e+00
-2.6978266239e+00
-3.0871446133e+00
-1.0519653559e+00
-8.4910428524e-01
-2.9050071239e+00
-1.5266862512e-01
2.1910853684e-01
1.1685947180e+00
1.2016649246e+00
8.7336003780e-01
-2.8678277135e-01
-9.8098540306e-01
3.9314413071e-01
2.4887669086e+00
6.4602935314e-01
-1.7914377451e+00
-5.0769740343e-01
-1.4928948879e-01
2.8150005341e+00
3.4844091535e-01
-1.2522187829e-01
-1.3015676737e+00
6.0608094931e-01
1.3372005224e+00
-2.7864599228e+00
-5.2406334877e-01
1.1305813789e+00
1.0044692755e+00
7.4204929173e-02
2.1203248501e+00
1.9312616587e+00
1.7261631489e+00
1.4793735743e+00
1.5101249218e+00
-5.7180875540e-01
-3.3185100555e-01
-1.5782371163e-01
3.7322178483e-01
2.8305280209e+00
2.5262298584e+00
9.0648151934e-02
-1.1561864614e+00
5.9115719795e-01
2.6517233253e-01
-2.2786705494e+00
-1.5926165581e+00
3.1141290069e-01
2.0680229664e+00
4.4641094208e+00
-1.9620862007e+00
-1.0617953539e+00
-3.6431017518e-01
1.2988197803e-01
-4.2786198854e-01
-8.5088771582e-01
2.0968520641e+00
3.7155780792e+00
3.1839456558e+00
5.5747175217e-01
2.9523625374e+00
3.4902071953e+00
3.4224057198e+00
1.9436663389e+00
2.9747673869e-01
3.4792351723e+00
1.6294280291e+00
3.8315948844e-01
1.5683616400e+00
1.5808026791e+00
4.3664592505e-01
1.9500162601e+00
-1.0102837086e+00
4.7237208486e-01
-3.1865775585e-01
2.2427773476e+00
1.7265446186e+00
3.7526994944e-01
1.4400882721e+00
-4.4842652977e-02
9.6557462215e-01
1.1256918907e+00
1.5087395906e-01
-1.4412877560e+00
-1.0395739079e+00
-1.7264485359e+00
-1.1591949463e+00
1.7157992721e-01
4.9171513319e-01
-8.1930689514e-02
2.2279014587e+00
1.9362195730e+00
2.7567093372e+00
2.3552916050e+00
9.7282516956e-01
8.7052941322e-01
1.6538517177e-01
4.0683484077e-01
1.6120731831e+00
2.3581202030e+00
1.2670418024e+00
6.7685151100e-01
-5.6538905948e-02
4.7840937972e-01
-4.3499541283e-01
1.2363767019e-03
-1.7381169796e+00
1.5777465105e+00
3.6669152975e-01
6.1442470551e-01
4.9276947975e-01
3.0546820164e+00
3.6342041492e+00
1.9530349970e+00
-6.8109728396e-02
-1.9241629839e+00
-1.0178846121e+00
-1.1922911406e+00
-2.3759481907e+00
-2.2201015949e+00
1.5105077028e+00
4.1862329841e-01
-4.5301169157e-01
-5.6187367439e-01
-3.0817972496e-02
1.0757865906e+00
3.2884377241e-01
-1.3636552030e-03
-2.0484748483e-01
-2.9735368490e-01
-5.5707460642e-01
-8.4892082214e-01
1.5621298552e-01
-7.9453551769e-01
3.4577006102e-01
8.1651777029e-01
4.0209650993e-01
2.2354221344e+00
1.7637153864e+00
4.1006681323e-01
-4.5966753960e+00
-4.5378952026e+00
-4.4596881866e+00
-2.1322875023e+00
-6.4337831736e-01
8.6570857093e-03
-2.0050029755e+00
-1.7116558552e+00
-1.7289557457e+00
2.7863609791e-01
-2.4586541951e-01
-1.8930704892e-01
-5.8319133520e-01
-1.3494342566e+00
8.0617153645e-01
2.4151990414e+00
1.5273381472e+00
1.7091082335e+00
-4.4966581464e-01
-1.2761402130e+00
1.9120720625e+00
2.6156787872e+00
-4.8646947742e-01
-1.3472378254e+00
-3.8547055721e+00
-5.7106900215e-01
-4.7707822919e-01
-8.6585503817e-01
-1.1223294735e+00
-7.8324355185e-02
2.8248476982e+00
2.4391736984e+00
1.1177167892e+00
2.2147824764e+00
2.2464478016e+00
1.5487941504e+00
4.9422121048e-01
5.5549138784e-01
6.0703706741e-01
-4.6701917052e-01
3.3504459858e+00
2.6721384525e+00
2.5288743973e+00
2.7411489487e+00
2.0230941772e+00
-3.3534789085e+00
-2.6236047745e+00
-9.4137048721e-01
-1.3583689928e+00
-2.5885316730e-01
-1.1203050613e+00
-2.1489188671e+00
-3.0134205818e+00
-2.4204854965e+00
-1.1671561003e+00
2.5908582211e+00
8.4973186255e-01
1.3274557590e+00
3.0416963100e+00
2.7465674877e+00
1.8143965304e-01
-2.5585943460e-01
1.0070178509e+00
6.2189054489e-01
-3.7502223253e-01
-3.8278653622e+00
-2.8881380558e+00
-2.3132646084e+00
-2.1225280762e+00
-1.2198317051e+00
1.0649968386e+00
1.7020864487e+00
8.5324418545e-01
3.0332374573e-01
-8.7049327791e-02
2.9348094463e+00
3.7635941505e+00
3.4255754948e+00
9.7012871504e-01
8.5716706514e-01
1.6028194427e+00
1.2869926691e+00
1.4171704054e+00
-1.4854253531e+00
-1.1471922398e+00
1.1924356222e+00
6.0594808310e-02
-1.0374709368e+00
2.5325733423e-01
1.7071154118e+00
1.7319793701e+00
8.5721504688e-01
-4.2178407311e-01
-8.7763470411e-01
4.5802092552e-01
1.0602996349e+00
1.6076066494e+00
1.8739621341e-01
-4.9649283290e-01
-2.1311900616e+00
4.1009325981e+00
3.6668350697e+00
2.2638931274e+00
1.4708594084e+00
3.0854266882e-01
-3.1974976063e+00
-3.5786960125e+00
-2.4295830727e+00
-1.4350125790e+00
3.7412104011e-01
-2.8103384972e+00
-2.7446699142e+00
-1.2445663214e+00
2.8233855963e-01
9.1334795952e-01
1.8007916212e+00
5.2856850624e-01
-7.2016143799e-01
-1.6881730556e+00
-1.3538541794e+00
1.7449531555e+00
1.8770515919e-02
-8.1462955475e-01
-5.0776422024e-01
-2.3823550344e-01
-2.2892066836e-01
5.8174300194e-01
-2.3522630334e-01
1.8925772607e-01
1.1634775400e+00
-8.8896447420e-01
-2.9600554705e-01
-6.0797142982e-01
4.6538105607e-01
1.0109142065e+00
-1.7616686821e+00
-1.0860036612e+00
-8.0084300041e-01
1.5655938387e+00
1.3481106758e+00
-3.6121410131e-01
2.7107205987e-01
2.0330698490e+00
-1.2048979104e-01
-9.9111877382e-02
-1.5827447176e+00
-8.1509095430e-01
-4.0824857354e-01
1.5677008629e+00
1.6434445381e+00
2.5777349472e+00
2.7160241604e+00
1.4328687191e+00
1.4099403620e+00
4.5790338516e-01
8.2307469845e-01
-4.5076575875e-01
-5.6851798296e-01
5.1844191551e-01
3.4287154675e+00
-8.6063814163e-01
5.1320624352e-01
5.4341208935e-01
4.8498001695e-01
-1.3440510035e+00
-4.6799257398e-02
3.5010978580e-01
7.1094250679e-01
8.3800458908e-01
8.7247145176e-01
-2.9794087410e+00
-3.1695740223e+00
-3.9847314358e+00
-3.3672559261e+00
-6.7893445492e-01
2.5891313553e+00
1.2540370226e+00
1.5788165331e+00
1.0051153898e+00
2.3239622116e+00
-8.5895127058e-01
5.4024457932e-01
3.8514227867e+00
2.9750325680e+00
1.0224057436e+00
-9.4557738304e-01
-4.2761707306e-01
2.7456757426e-01
1.4456158876e+00
7.1174848080e-01
5.2864059806e-02
-8.7476782501e-02
-8.3936339617e-01
-7.5455170870e-01
2.0252625644e-01
-1.2809083462e+00
-1.5332386494e+00
-2.2509741783e+00
-5.8188426495e-01
-9.8805058002e-01
-4.3018981814e-02
-1.8114128113e+00
-2.9214220047e+00
-3.5182063580e+00
-1.5361075401e+00
3.1550891399e+00
2.6284236908e+00
1.1742513180e+00
5.6166988611e-01
5.0157088041e-01
-5.6033718586e-01
-3.2262948155e-01
-1.8308722973e+00
-1.7170643806e+00
-4.0280708671e-01
-9.3884050846e-01
-7.4655592442e-01
-1.6891751289e+00
-1.9775784016e+00
-6.1428850889e-01
-1.8765974045e-01
-1.8936274946e-01
-8.3851224184e-01
5.2599406242e-01
1.0266239643e+00
-3.2364923954e+00
-2.3533356190e+00
-2.9959764481e+00
-1.6798503399e+00
-1.3188271523e+00
4.3562370539e-01
1.0536813736e+00
9.5394933224e-01
-8.7297821045e-01
-1.2232145071e+00
-4.8754411936e-01
-8.7554150820e-01
1.4008836746e+00
-5.3577673435e-01
-8.1852823496e-01
4.1486716270e+00
-1.7549905181e-01
-1.2455639988e-01
-6.0008585453e-01
2.2450216115e-01
4.7451776266e-01
-2.5586023927e-01
-3.0019304752e+00
1.6783773899e+00
7.4234062433e-01
1.9608495235e+00
2.4852712452e-01
2.8433153629e+00
-6.9846564531e-01
2.7097196579e+00
-2.0049419403e+00
1.2048786879e+00
-2.2646695375e-01
2.5975227356e+00
3.4314990044e-01
6.8907320499e-01
-2.1861574650e+00
2.1617430449e-01
-1.2828485966e+00
-2.2347694635e-01
-8.7688732147e-01
-1.1040350199e+00
-5.7103121281e-01
1.1188768148e+00
3.9589190483e-01
-1.1979082823e+00
-7.2283643484e-01
-9.5326276496e-03
-1.5613248944e-01
3.7945017219e-01
8.4117734432e-01
3.8699653745e-01
-1.6175016165e+00
-1.4229212999e+00
8.9746385813e-01
-5.0000257492e+00
-2.4424943924e+00
2.5587456226e+00
1.5860724449e+00
1.8561005592e+00
-3.3120615482e+00
9.4405514002e-01
2.0517896116e-01
-7.9865574837e-02
-1.1528946459e-01
3.2132294774e-01
4.0586799383e-01
2.3674407601e-01
3.6188490689e-02
-1.9385898113e+00
6.9859194756e-01
3.1092664599e-01
1.4464581013e-01
3.1939345598e-01
5.8888703585e-02
1.8721786141e-01
-1.5888759494e-01
-1.3198376894e+00
1.2308379412e+00
6.5631824732e-01
-4.2708721161e+00
-1.2574555874e+00
-2.8394807130e-02
5.6468170881e-01
1.0273202658e+00
2.6095778942e+00
-4.7209921479e-01
2.9488080740e-01
-3.3140361309e+00
2.1090519428e-01
-1.7097263336e+00
-6.2790054083e-01
-1.2228930742e-01
5.1247107983e-01
-5.2708029747e-01
1.8738573790e+00
5.9746847153e+00
5.1206803322e-01
-1.7717686892e+00
-1.3142255545e+00
1.2336370945e+00
7.4684703350e-01
5.6193268299e-01
-1.7522053421e-01
-1.3078131676e+00
1.6456347704e+00
7.9555076361e-01
3.3251819015e-01
-2.0382285118e+00
-2.5475281477e-01
1.4487365484e+00
7.1073919535e-01
-1.5723513365e+00
-1.9589369297e+00
-6.1089360714e-01
1.1594877243e+00
-1.8821086884e+00
5.0516760349e-01
-7.5006735325e-01
1.2907493114e+00
2.2552035749e-01
2.7136290073e-01
8.7660127878e-01
8.1146317720e-01
6.7561584711e-01
1.5080770254e+00
4.7962847352e-01
-1.1915304661e+00
-6.1467611790e-01
1.6063623428e+00
-2.5287773609e+00
9.6750274301e-02
3.8916286826e-01
1.9681061804e-01
1.2367880344e-01
7.8867852688e-01
6.4852386713e-01
6.6743755341e-01
2.7003204823e-01
-6.0139584541e-01
-6.5889763832e-01
-2.4500963688e+00
1.5998200178e+00
-1.1742920876e+00
-3.3335813880e-01
-1.6193103790e+00
3.1241655350e+00
-2.6574001312e+00
8.4988969564e-01
-7.4279350042e-01
4.8406907916e-01
-5.3949803114e-02
-9.7676378489e-01
-1.5001381636e+00
-4.8474633694e-01
-4.0509023666e+00
7.9306101799e-01
-6.4022588730e-01
-1.4734046161e-01
-2.1689114571e+00
-1.8423298597e+00
1.9477714300e+00
-6.3962435722e-01
-1.0727163553e+00
-2.5259683132e+00
-4.7473940849e+00
-2.0122332573e+00
2.4256525040e+00
2.6186945438e+00
1.4815193415e+00
-1.5029871464e+00
-3.1949284077e+00
6.7305512726e-02
-6.2488627434e-01
-8.9057725668e-01
-3.7876176834e+00
1.5256308317e+00
1.5143586397e+00
-1.0206656903e-01
-3.3570268154e+00
5.4123550653e-01
1.3316804171e+00
-2.5041847229e+00
-3.6990129948e-01
1.3377074897e-01
2.5320477486e+00
7.6323193312e-01
4.6217325330e-01
-1.9373921156e+00
-1.8197909594e+00
-6.5058290958e-01
1.3337303400e+00
1.3013583422e+00
5.8698254824e-01
8.6621230841e-01
-2.5151364803e+00
-2.7308170795e+00
2.5496749878e+00
1.4519498348e+00
2.1581108570e+00
5.1334257126e+00
-1.9708123207e+00
-1.3996070623e+00
-1.8532580137e+00
-1.5602842569e+00
6.2533652782e-01
-6.4714044333e-01
-1.7931762338e-01
1.2951751053e-01
7.4688422680e-01
1.1360323429e+00
4.8708212376e-01
1.1774296314e-01
-5.9715652466e-01
-3.8553640246e-02
-2.7926173210e+00
-9.1433954239e-01
3.6914384365e-01
1.1463892460e-01
1.5443587303e+00
1.2670603991e+00
-2.0343253613e+00
4.2676109076e-01
-1.1366404295e+00
4.2715913057e-01
3.5281536579e+00
-8.3734786510e-01
-2.6279890537e-01
-6.5728271008e-01
1.5149084330e+00
1.0841873884e+00
-1.6199381351e+00
2.4945051670e+00
9.8130369186e-01
2.2181913853e+00
-5.0294256210e-01
1.5148982406e-01
-4.8865478486e-02
1.0175700188e+00
4.8068121076e-01
-4.9168378115e-01
-8.3535879850e-01
-5.6827366352e-01
2.0908744335e+00
8.1914424896e-01
-1.2315293550e+00
-2.5696200132e-01
-1.6500809789e-01
1.5574706793e+00
1.5879591703e+00
-2.7764451504e-01
1.4436477423e+00
-6.5770858526e-01
8.9361274242e-01
-6.5848149359e-02
-2.9148566723e-01
-2.3408837318e+00
1.6398338079e+00
-5.8895272017e-01
9.1841793060e-01
3.0783779621e+00
-9.2304986715e-01
4.2227625847e-01
-2.2594048977e+00
-2.3824369907e-01
1.6938289404e+00
-7.5912725925e-01
-1.0314387083e+00
-1.3488749266e+00
-1.3356894255e+00
-1.1392006874e+00
-6.7802476883e-01
-9.6471365541e-03
-4.3873295188e-01
-6.3054281473e-01
-7.7404117584e-01
7.2792124748e-01
-1.0897045135e+00
2.9740518332e-01
-2.6300792694e+00
-2.1112720668e-01
7.8809924424e-02
-1.0308221579e+00
-2.1649928391e-01
2.6847215369e-02
2.3008763790e-01
8.4087955952e-01
-4.5352593064e-01
8.8205158710e-01
1.5961582959e-01
-1.8195368052e+00
1.1450347900e+00
4.9080595374e-01
3.0039362907e+00
1.3048355579e+00
3.3096568584e+00
1.9857051969e-01
1.7173875570e+00
1.1093761921e+00
2.7309103012e+00
-1.1554746628e+00
-2.6896171570e+00
1.6570880413e+00
1.3261284828e+00
2.0787999630e+00
9.3567864969e-03
4.2216917872e-01
6.8860542774e-01
1.1859453917e+00
3.9920768142e-01
9.9350750446e-01
-5.9823560715e-01
-7.7485704422e-01
-5.9012639523e-01
-4.7608953714e-01
-7.5462430716e-01
-1.7310929298e+00
-2.7648892999e-01
2.9353895187e+00
2.5524308681e+00
-1.0038076639e+00
-1.0617666245e+00
-1.2892960310e+00
-2.0772910118e-01
1.4167164266e-01
3.9711818099e-01
1.1660885811e+00
8.4635637701e-02
-1.7622710764e-01
-3.5871675611e-01
1.5120552778e+00
1.5759315491e+00
-6.8958151340e-01
1.0164045095e+00
1.3201293945e+00
8.1200176477e-01
1.7862518132e-01
-1.9359837770e+00
-1.7407555580e+00
1.1619527340e+00
-4.1017451286e+00
-1.8028279543e+00
-1.0275526345e-01
-1.6054950953e+00
-6.4125090837e-01
1.5044131279e+00
1.0381766558e+00
2.7214202881e+00
1.2731391191e+00
-9.5642141998e-02
-2.2337260246e+00
-2.5773990154e+00
-7.5924426317e-01
-1.6081404686e-01
9.6965700388e-01
5.3318727016e-01
-8.0095219612e-01
-7.7257317305e-01
4.7693604231e-01
3.8871014118e+00
2.8362703323e+00
1.9044950008e+00
1.3056556880e-01
-1.1092145443e+00
4.2545849085e-01
-1.2581897974e+00
-2.1536178887e-01
7.1020525694e-01
1.8683106899e+00
1.4461619854e+00
9.9726444483e-01
4.5876091719e-01
1.6036564112e+00
1.9110226631e+00
1.7022100687e+00
2.1958704293e-01
7.3377424479e-01
2.1911289692e+00
1.5742310286e+00
2.0557699203e+00
-1.2243894339e+00
-2.3189718723e+00
-2.6114094257e+00
3.7939754128e-01
5.7216477394e-01
2.0137050152e+00
2.4175703526e+00
6.6183686256e-01
3.6875239015e-01
-6.8401467800e-01
1.8751035929e+00
8.1772401929e-02
8.9066904783e-01
-2.2742292285e-01
-3.5415384173e-01
2.8113501072e+00
1.7228076458e+00
-4.9819927663e-02
-4.2860734463e-01
-1.1943782568e+00
-3.5770943165e+00
-1.4168012142e+00
-2.7837997675e-01
2.2724404931e-01
1.9504029304e-02
3.5042259693e+00
2.7332036495e+00
1.5219211578e+00
1.0183603764e+00
-1.4772493839e+00
-2.0386962891e+00
-1.9757972658e-01
8.0741941929e-01
2.7000069618e+00
2.0943470001e+00
1.5634831190e+00
-4.1700062156e-01
-1.8150138855e+00
-1.4789047241e+00
-1.7425323725e+00
2.1075630188e+00
1.8190824986e+00
-1.1977673769e+00
-2.1240510941e+00
-1.9103116989e+00
-1.2230818272e+00
5.1818702370e-02
-3.7663519382e+00
-3.5492253304e+00
-3.0737273693e+00
1.9016640186e+00
1.5361417532e+00
-2.7947685122e-01
1.9212359190e+00
1.9881998301e+00
4.7082558274e-02
2.0640809834e-01
-1.1989156008e+00
-1.1699343920e+00
-5.3502476215e-01
2.3800914288e+00
2.6055703163e+00
3.7960243225e+00
2.5019817352e+00
2.0113793015e-01
3.9219075441e-01
6.1127740145e-01
7.6991522312e-01
1.3197672367e+00
8.7342917919e-01
-1.6863362491e-01
-1.0279502869e+00
-5.3239458799e-01
-2.0446297526e-01
-2.3045430183e+00
1.7086973190e+00
1.0716894865e+00
1.7607133090e-01
-2.0561835766e+00
-1.0548442602e+00
4.5244889259e+00
1.2534868717e+00
5.0294816494e-01
5.8123314381e-01
1.6031596661e+00
5.8319038153e-01
-5.5310398340e-01
6.3836473227e-01
6.0309749842e-01
5.5909991264e-01
5.1641815901e-01
-4.5468020439e-01
1.8525773659e-02
1.6235942841e+00
1.2603825331e+00
-7.1129417419e-01
-2.0146350861e+00
-1.9992554188e+00
-5.5624967813e-01
1.9088543952e-01
3.1487674713e+00
1.2409530878e+00
-4.4455930591e-01
1.1378288269e+00
-6.0706311464e-01
-4.7869417071e-01
1.0705987215e+00
4.0373549461e+00
1.9253846407e+00
9.5644301176e-01
-2.0885720253e+00
-1.2833853960e+00
-4.4361302257e-01
3.8902452588e-01
1.1268140078e+00
1.2016139030e+00
8.1588053703e-01
-5.3773307800e-01
2.8438606858e-01
-1.7192759514e+00
1.3999325037e+00
-1.1829348803e+00
-2.2913126945e+00
-8.3044141531e-01
-5.5440026522e-01
1.8212780952e+00
2.7948424220e-01
-1.6279903650e+00
-2.8376419544e+00
-1.7163577080e+00
-3.3188934326e+00
-1.8727476597e+00
-8.2950288057e-01
1.2076799870e+00
2.3157966137e+00
-1.7486289740e+00
-8.4069037437e-01
2.1890487671e+00
1.8036266565e+00
3.0913155079e+00
1.1944342852e+00
-7.5574809313e-01
-1.8552873135e+00
-1.0758039951e+00
1.2199597359e+00
-3.1861917973e+00
-1.4059449434e+00
1.3053084910e-01
-1.9535852969e-01
6.0564875603e-01
-2.6192758083e+00
-1.4813997746e+00
-2.1429622173e+00
-2.0780968666e+00
-1.2106932402e+00
-1.2272158861e+00
-2.1117281914e-01
-9.6275255084e-02
1.4065200090e+00
1.0232490301e+00
-1.5011221170e+00
-8.8523465395e-01
-1.4556653500e+00
-7.4228501320e-01
-6.2216269970e-01
-1.5018160455e-02
1.6699609160e-01
6.3548773527e-01
9.3332654238e-01
2.5657718182e+00
-3.1799650192e+00
-1.4668936729e+00
4.6102252603e-01
-1.4862756729e+00
-1.9810407162e+00
4.5833441615e-01
-2.2755979002e-01
5.8976489305e-01
-6.3174359500e-02
-3.0534294248e-01
3.4620401859e+00
2.3508548737e+00
1.0395965576e+00
8.1209868193e-01
2.6407584548e-01
-5.1422011852e-01
-5.6632804871e-01
1.2189545631e+00
4.9449035525e-01
4.2457517982e-01
-1.8782643080e+00
-1.1982212067e+00
-1.0465977192e+00
-9.4288325310e-01
1.4250041246e+00
9.3429952860e-02
-9.6793514490e-01
7.6363813877e-01
1.1740922928e+00
8.5539472103e-01
9.9478745461e-01
1.4077289104e+00
-6.8246817589e-01
-9.4801032543e-01
-1.0304586887e+00
1.1020507812e+00
-5.2011752129e-01
-1.2548930645e+00
-1.3146522641e-01
2.1417083740e+00
-2.6383776665e+00
-7.6055824757e-01
6.0528033972e-01
2.0607554913e+00
3.3002710342e+00
-2.5172886848e+00
-1.0600391626e+00
-9.9279755354e-01
4.8564031720e-01
1.9833112955e+00
-3.7715690136e+00
-8.7369042635e-01
9.1071295738e-01
-2.4381679296e-01
3.9554819465e-01
-1.8999229372e-01
-6.9206017256e-01
3.5673493147e-01
1.3924250603e+00
2.9748451710e+00
-6.1526525021e-01
-6.5176087618e-01
4.1447684169e-01
-7.5868564844e-01
1.0971865654e+00
-2.6805374622e+00
-1.5237165689e+00
-1.8232002258e+00
-2.7424535751e+00
-2.9031374454e+00
-1.7827737331e+00
-4.7916361690e-01
1.1300841570e+00
-4.7353246808e-01
2.8467530012e-01
1.7874459028e+00
2.4656848907e+00
5.1038160324e+00
1.7524228096e+00
4.0384423733e-01
8.9216321707e-01
4.1124030948e-01
-3.4186282754e-01
1.8972848654e+00
2.4453771114e+00
-2.7344961166e+00
-1.7180875540e+00
-6.2548452616e-01
1.6041767597e+00
1.2758889198e+00
-1.6746106148e+00
-1.4137725830e+00
-2.5558418036e-01
1.2589870691e+00
3.8554129601e+00
-2.2792477608e+00
-1.6669756174e+00
7.9261910915e-01
6.7847287655e-01
2.3438322544e-01
1.3180373907e+00
-6.0915297270e-01
-5.8184748888e-01
4.9649900198e-01
-8.8685470819e-01
-1.8064316511e+00
-2.8955230713e+00
-1.4260777235e+00
-4.2993870378e-01
-4.6697679162e-01
-7.1576625109e-01
-7.9277700186e-01
-6.7948043346e-01
-8.4180420637e-01
-5.1866430044e-01
4.2078503966e-01
-8.6272358894e-01
1.6696469858e-02
-1.2351646423e+00
-1.7580844164e+00
-4.9422711134e-01
-6.3836133480e-01
1.0961180925e-01
7.8501380980e-02
-9.3560701609e-01
4.2252397537e-01
7.4829483032e-01
1.1115988493e+00
3.2618935108e+00
4.7036271095e+00
1.9679714441e+00
-3.4269716591e-02
-9.8637735844e-01
1.3926886320e+00
7.4253737926e-01
-3.7503936887e-01
1.6189229488e+00
1.6656569242e+00
6.8997967243e-01
1.1207282543e+00
-1.5215651989e+00
5.8696293831e-01
1.3800736666e+00
6.0012865067e-01
6.9815492630e-01
3.2174019814e+00
1.9957666397e+00
1.0652018785e+00
1.1216980219e+00
-1.2425915003e+00
-1.5889089108e+00
4.0983866900e-02
-3.7893091794e-03
6.2016052008e-01
1.8197331429e+00
1.1603943110e+00
1.2479698658e+00
2.1300877631e-01
1.7146503925e-01
-1.0059355497e+00
1.6946333647e+00
-2.5225812197e-01
-4.6055380255e-02
-9.2520129681e-01
-8.0578964949e-01
3.3102914691e-01
1.3742243052e+00
1.6963373125e-01
5.8463495970e-01
-1.4252979755e+00
1.3861268759e+00
4.0675359964e-01
4.0754550695e-01
3.5349646211e-01
2.5212880969e-01
2.4461209774e+00
4.8437511921e-01
-5.9911710024e-01
-1.0205298662e+00
-2.3150153160e+00
-3.7729009986e-02
6.1200785637e-01
2.6462268829e+00
2.6163761616e+00
1.1948102713e+00
-1.9166927338e+00
-1.7414337397e+00
-1.0893727541e+00
-3.6209249496e-01
-9.0974383056e-03
2.5710339546e+00
6.6598808765e-01
-1.0325593948e+00
-8.8644015789e-01
-1.4140673876e+00
4.8212721944e-01
-8.4471940994e-01
-2.8994357586e+00
-5.6105172634e-01
1.2695622444e+00
1.8171346188e+00
5.8791357279e-01
1.1673603058e+00
-2.3601807654e-01
3.3021527529e-01
1.2257081270e+00
1.4680165052e+00
7.5757628679e-01
2.1748976707e+00
7.9085451365e-01
3.2490084171e+00
2.0946536064e+00
1.4762781858e+00
1.5152792633e-01
-5.6500548124e-01
-1.4968624115e+00
1.0241451263e+00
9.3881213665e-01
4.0195417404e-01
9.1375601292e-01
-1.0261726379e+00
9.3096131086e-01
-3.3118191361e-01
-1.1934355497e+00
-1.6795423031e+00
-1.3230977952e-01
-8.5272932053e-01
-3.9344563484e+00
-1.9587737322e+00
8.0775491893e-02
6.2680721283e-01
1.9888579845e-01
-3.4001353383e-01
3.7722188234e-01
1.9084705114e+00
3.6320726871e+00
1.3021224737e+00
1.7360323668e+00
1.7910709381e+00
7.6615673304e-01
-3.6466548443e+00
-7.1127164364e-01
4.6183967590e-01
3.0446690321e-01
4.9245500565e-01
-2.8563709259e+00
-1.1897273064e+00
-1.3474113941e+00
8.1042677164e-02
1.1193562746e+00
7.2418522835e-01
-1.0666453838e+00
-5.1265990734e-01
-8.9193716645e-02
4.0912431479e-01
3.6957120895e+00
2.2695410252e+00
6.2738317251e-01
-7.2573548555e-01
-2.3960955143e+00
5.5486541986e-01
-6.1345630884e-01
-1.3518068194e-01
9.4206696749e-01
9.5367276669e-01
3.7594277859e+00
-1.7864315212e-01
2.9180347919e-01
7.3054659367e-01
8.5114675760e-01
-3.1508734226e+00
-2.6370828152e+00
-9.3154676259e-02
-1.5225476027e+00
-7.7574485540e-01
1.6880559921e+00
6.0206180811e-01
-1.6651805639e+00
-7.3302608728e-01
-1.9756757021e+00
-3.5241174698e+00
-2.2730698586e+00
-8.6553621292e-01
-8.3703649044e-01
1.3375291824e+00
1.0021336079e+00
8.6192034185e-02
8.5799425840e-01
1.8517258763e-01
-1.3804795742e+00
-1.3588593006e+00
-5.8086746931e-01
2.9254034162e-01
1.1343668699e+00
6.7436003685e+00
-1.7517759800e+00
6.9581341743e-01
1.9596704245e+00
2.1536412239e+00
1.6978471279e+00
-1.7957227230e+00
-1.5004447699e+00
-1.5265361071e+00
-2.6510465145e-01
-9.6457731724e-01
-7.6041114330e-01
1.4972428083e+00
3.8313049078e-01
5.4579913616e-01
5.2955720574e-02
-1.1745679379e+00
-1.4889647961e+00
-4.1650623083e-01
-1.8304015696e-01
4.8997764587e+00
6.7110252380e-01
1.6556289196e+00
9.4924861193e-01
1.7636839151e+00
3.2170104980e+00
-6.3486248255e-01
-1.4138877392e+00
3.8992011547e-01
5.8204185963e-01
-1.4656877518e+00
4.9763858318e-01
3.0766969919e-01
1.0254994631e+00
-4.9857452512e-01
-1.3334181309e+00
3.3542730808e+00
2.8010723591e+00
1.4784606695e+00
2.6178150177e+00
7.7604824305e-01
5.5964869261e-01
3.5772529244e-01
-2.4507130682e-01
-4.5272701979e-01
-8.9256221056e-01
-3.2340450287e+00
-1.8347913027e+00
5.7031708956e-01
1.3662028313e+00
2.1093499660e+00
5.5205821991e-01
-6.7171466351e-01
6.2337571383e-01
-4.0563380718e-01
6.6247552633e-01
-1.0869371891e+00
-2.3102929592e+00
-1.2551529408e+00
-3.8027229905e-01
7.3241275549e-01
8.0798849463e-02
-2.7446359396e-02
1.1144034863e+00
1.7771316767e+00
6.3493895531e+00
-1.9707655907e+00
-1.1937241554e+00
3.5501500964e-01
1.8934745789e+00
1.0928789377e+00
-2.4686200619e+00
-1.6619931459e+00
3.9575079083e-01
8.1227815151e-01
1.6130884886e+00
-1.8157780170e+00
9.9530893564e-01
1.1462191343e+00
5.4876446724e-01
1.0301568508e+00
8.9940679073e-01
1.4867475629e-01
2.4491646290e+00
1.5670330524e+00
3.0902615190e-01
-1.3011966944e+00
-1.2985520363e+00
-1.4295034111e-01
1.5674096346e-01
2.3500072956e-01
6.6960263252e-01
-1.4097449780e+00
-1.6745370626e+00
-2.8271477222e+00
-2.2711246014e+00
1.6878398657e+00
5.3292244673e-01
-2.5386950001e-02
-1.0794888735e+00
-2.0372579098e+00
4.7870359421e+00
2.8990061283e+00
1.8268537521e+00
1.9259481132e-01
-4.9220135808e-01
3.5000395775e-01
5.2144682407e-01
1.7640631199e+00
1.6425418854e+00
1.8536343575e+00
1.6248086095e-01
3.8902157545e-01
2.1121315956e+00
1.3053160906e+00
2.1115980148e+00
4.1563099623e-01
3.1505787373e-01
3.0192193985e+00
3.1766207218e+00
6.2688177824e-01
-1.9197665453e+00
-1.1201593876e+00
-1.0482857376e-01
-1.1536204815e+00
-2.7081871033e-01
3.7042098045e+00
1.0249219090e-01
1.3574398756e+00
-1.4473465681e+00
7.1846169233e-01
1.2738192081e-01
-1.8202620745e+00
-1.5645538568e+00
-2.2674105167e+00
1.0974935293e+00
-5.0844678879e+00
1.0646057129e+00
4.8431038857e-01
1.6026075184e-01
-3.8536289334e-01
3.6686182022e+00
1.2195928097e+00
1.4357370138e+00
-1.4791011810e+00
-1.7618904114e+00
-1.7448757887e+00
-5.5629807711e-01
-1.5200918913e+00
-5.1798200607e-01
-2.7025282383e+00
1.4577594995e+00
-7.1770626307e-01
8.3289742470e-01
8.0650979280e-01
4.1645011902e+00
1.0855826139e+00
1.2042734623e+00
-1.3343064785e+00
6.0004544258e-01
2.1756415069e-01
-2.1285455227e+00
-3.1966021061e+00
-1.1378607750e+00
-1.0420606136e+00
-2.8446078300e-01
3.6042526364e-01
-1.2680586576e+00
1.6460055113e+00
1.8564846516e+00
2.1550951004e+00
1.0209801197e+00
1.5924599171e+00
2.3129086494e+00
1.8159710169e+00
-1.1686624289e+00
-1.2550519705e+00
-8.7794196606e-01
-9.7947007418e-01
1.2857198715e+00
6.7288243771e-01
-1.4110748768e+00
-5.1494479179e-01
-1.8323160410e+00
-5.0052654743e-01
-1.1695350409e+00
3.2919007540e-01
8.2297885418e-01
1.3270289637e-02
7.0085579157e-01
1.2916588783e-01
1.1285669804e+00
5.5513983965e-01
-5.8077353239e-01
2.0924102515e-02
4.1093122959e-01
9.1311909258e-02
3.2782486081e-01
-5.4147824645e-02
1.9901661575e-01
-6.6678203642e-02
7.0477503538e-01
-6.2684261799e-01
2.6347942352e+00
1.1943298578e-01
3.0464782715e+00
6.8614423275e-01
-3.3118349314e-01
-7.2199529409e-01
-6.6537958384e-01
2.2088357806e-01
-1.2921814919e+00
-1.4905929565e+00
-1.8908474445e+00
-1.6532559395e+00
-2.3940424919e+00
1.0148942471e+00
1.5379369259e+00
-1.8284431696e+00
-1.5968056396e-03
1.3982846737e+00
-1.2378770113e+00
-9.9857985973e-01
-6.4842683077e-01
-1.5644778013e+00
-2.0432586670e+00
-2.4869089127e+00
-8.0549907684e-01
-1.3560484648e+00
-8.0854356289e-01
2.1734268665e+00
2.1024196148e+00
1.8133872747e-01
1.6185089350e+00
-1.7511348426e-01
1.5953240395e+00
1.7422149181e+00
1.5823853016e+00
1.7080676556e+00
1.5942095518e+00
2.3755186796e-01
-1.7817465961e-01
7.2785902023e-01
1.1051648110e-01
1.2153307199e+00
6.4495491982e-01
1.0895963013e-01
4.1069364548e-01
-1.0864139348e-01
-1.6204805374e+00
-2.6810827255e+00
1.1376687288e+00
1.8222804070e+00
2.0826721191e-01
-2.1031415462e+00
-7.1015805006e-01
3.0212795734e+00
-3.1444248557e-01
6.4886564016e-01
-3.7732174993e-01
1.0364265442e+00
5.2495878935e-01
1.7260438204e+00
5.5582028627e-01
1.8504202366e+00
1.9205814600e+00
-3.7966135889e-02
-3.1161186695e+00
7.6789200306e-02
1.1709706783e+00
1.1698203087e+00
-3.7223625183e+00
-1.5972340107e+00
-2.0089681149e+00
4.5024117827e-01
-5.9066510201e-01
1.2795633078e+00
2.6661353111e+00
4.7989416122e-01
1.6885784864e+00
2.3848661780e-01
2.2648088932e+00
3.8183255196e+00
2.8406844139e+00
8.6676739156e-02
-1.4552526474e+00
-1.3281186819e+00
-9.9742782116e-01
1.5044964552e+00
1.8509514332e+00
3.3735842705e+00
-2.2984468937e+00
-4.1248908639e-01
-1.5007853508e+00
7.2412991524e-01
-1.4332022667e+00
3.7223305553e-02
-1.7570484877e+00
-3.0389039516e+00
-1.9490639865e-01
-9.9124032259e-01
-1.5053734779e+00
1.4589817822e-01
-1.0008589029e+00
-5.1221746206e-01
-6.8392908573e-01
-2.0262613297e+00
-1.4717100859e+00
-1.0696980953e+00
-1.3025190830e+00
-1.0072891712e+00
-5.0579136610e-01
1.2285552174e-01
2.0983316898e+00
-1.0998823643e+00
-1.8939636946e+00
-1.4405235052e+00
-1.9390882254e+00
-1.9226692915e+00
-1.6267613173e+00
-2.4319761992e-01
1.5426936150e+00
1.2739334106e+00
2.7096397877e+00
2.4057789147e-01
3.4691777229e+00
-1.5355145931e+00
2.4042761326e-01
-5.3288120031e-01
-6.1619466543e-01
3.5713076591e-01
-1.7490704060e+00
-6.9457203150e-01
-1.4810886979e-01
5.9770733118e-01
8.1104016304e-01
-1.9019399881e+00
-2.5426831245e+00
5.1247811317e-01
-3.4475061297e-01
1.5897892714e+00
7.5129084289e-02
2.2467849255e+00
1.9292927980e+00
1.0642651320e+00
2.1513445377e+00
3.3412346840e+00
4.9119061232e-01
9.6471381187e-01
-1.5994809866e+00
1.5651185811e-01
1.6310513020e+00
1.5218614340e+00
2.7823128700e+00
2.0466277599e+00
2.7398247719e+00
1.8488023281e+00
-5.5515038967e-01
-1.3714456558e+00
-2.5677762032e+00
-1.9815779924e+00
-2.4132950306e+00
-1.3868198395e+00
8.0594891310e-01
-3.3725237846e-01
-2.3469629288e+00
-2.3678452969e+00
8.9877986908e-01
-3.0799400806e+00
1.0605947971e+00
1.3819888830e+00
5.5267614126e-01
-1.1465042830e+00
1.5926657915e+00
1.7826938629e-01
1.5982663631e+00
-5.3205829859e-01
-1.6941611469e-01
5.2005463839e-01
-1.1440371275e+00
1.1956526041e+00
-1.0929895639e+00
-1.4392482042e+00
-1.5309122801e+00
-1.0306142569e+00
-1.2047561258e-01
-3.5807840824e+00
-2.0251753330e+00
-2.3430340290e+00
-1.7370679379e+00
-1.5362061262e+00
-9.6955728531e-01
-1.2597913742e+00
-1.8275948763e+00
-5.8220195770e-01
-1.5242609978e+00
4.4491987675e-02
-5.4750308394e-02
1.9421914816e+00
1.5342947841e-01
1.6059237719e+00
9.5250475407e-01
9.4052845240e-01
6.0396677256e-01
1.6369775534e+00
3.5234980583e+00
1.0278019905e+00
1.2326035500e+00
8.2622778416e-01
2.7009708881e+00
2.0371840894e-01
1.0355688334e+00
1.4000854492e+00
2.6533064842e+00
1.1917547137e-01
2.8926417828e+00
1.7242863178e+00
9.1890424490e-01
1.6496663094e+00
4.8390448093e-01
8.6972415447e-01
1.7656766176e+00
2.3418080807e+00
2.4587657452e+00
1.2090786695e+00
7.3683625460e-01
-3.2763216645e-02
-6.6126918793e-01
-2.3059935868e-01
5.6329160929e-01
3.0580337048e+00
3.4070420265e+00
2.7234048843e+00
1.3955029249e+00
7.3143351078e-01
9.8360818624e-01
-1.6411877871e+00
-1.5392915010e+00
-9.0672689676e-01
1.6184060574e+00
3.3483269215e+00
-1.6289663315e+00
-1.4208269119e+00
-5.0092363358e-01
-2.7012422681e-01
-1.4929594994e+00
-2.2541730106e-01
1.5992257595e+00
1.9755513668e+00
7.4445366859e-01
-1.9265078306e+00
2.5602421761e+00
1.0568622351e+00
-2.1722974777e+00
-2.2204544544e+00
-2.0774247646e+00
-3.2876455784e-01
-2.5101854801e+00
-1.3697055578e+00
1.6008522511e+00
4.1588237882e-01
2.5610048771e+00
3.9192650318e+00
1.0860656500e+00
3.3841726780e+00
1.3960102797e+00
-3.4768319130e-01
-2.1130714417e+00
1.2213823795e+00
3.3222904801e-01
1.6000510454e+00
-9.9181312323e-01
-1.7897157371e-01
-1.8515893221e+00
6.6407769918e-01
3.9732091129e-02
-1.0416054726e-01
-1.8906203508e+00
-1.4750167727e-01
-4.6196001768e-01
1.5549700260e+00
-1.6056830883e+00
-9.3003189564e-01
-1.5695482492e-01
-6.8445599079e-01
-1.6562145948e+00
7.4997967482e-01
-6.2002837658e-01
-1.8220862150e+00
-1.0334597826e+00
2.9781854153e-01
-4.7906618118e+00
8.6189800501e-01
2.1641764641e+00
2.8459124565e+00
2.0921804905e+00
9.9439024925e-02
-1.5596821308e+00
5.8758819103e-01
-3.0231291056e-01
-1.1726621538e-01
-1.7626898289e+00
-7.3321133852e-01
2.2221679986e-01
-2.3175306618e-02
1.0658912361e-01
1.2872610986e-01
4.6228912473e-01
-2.0083862543e-01
-4.7324984334e-03
-3.7460669875e-01
3.9041042328e-01
7.4242705107e-01
1.6998263597e+00
3.6137801409e-01
1.3875148296e+00
-4.2765698433e+00
-1.7481895685e+00
4.3420144916e-01
2.6262649894e-01
9.3427741528e-01
9.1722893715e-01
2.6332018375e+00
-8.7153172493e-01
-4.6662443876e-01
-1.9285914898e+00
1.3033752143e-01
-3.0741348863e-01
-1.0906341672e-01
-2.6148986816e-01
-4.4218900800e-01
2.9812176228e+00
5.2791938782e+00
-3.2088312507e-01
-1.5883204937e+00
-1.3621989489e+00
1.5743116140e+00
1.5757705271e-01
5.7374501228e-01
-1.0959167480e+00
7.5783628225e-01
2.3167325556e-01
1.8932923675e-02
-2.0853989124e+00
-2.6851775646e+00
-2.1737666130e+00
-3.9436078072e-01
4.8904359341e-02
-2.0376126766e+00
-1.9390053749e+00
-2.9523715973e+00
-2.3762153089e-01
2.0043945312e+00
-1.1523371935e+00
1.0774452686e+00
-7.8517311811e-01
4.9452003837e-01
8.0941104889e-01
4.2097041011e-01
5.8218169212e-01
1.1200597137e-01
9.6488606930e-01
-6.5784788132e-01
-5.5241394043e-01
3.9940339327e-01
8.4235620499e-01
3.1306433678e-01
6.0752713680e-01
1.7194343805e+00
-2.9037272930e-01
-8.3410954475e-01
1.3320031166e+00
8.6846607924e-01
3.5113337636e-01
-1.3457673788e+00
-3.1141874790e+00
-8.0950403214e-01
1.6718058586e+00
-1.5280752182e+00
8.1084862351e-02
-1.5879447460e+00
1.2838563919e+00
1.2933352590e-01
1.1529111862e+00
2.6765227318e-01
5.9393280745e-01
3.5109183192e-01
-9.8069173098e-01
-1.3922004700e+00
-1.3798376322e+00
-9.6602612734e-01
-1.7807717323e+00
-2.1199116707e+00
4.0773859620e-01
-2.2389492989e+00
-3.2410201430e-01
2.4530785084e+00
1.5746858120e+00
1.0891999006e+00
-9.4129467010e-01
5.5114740133e-01
-3.1971838474e+00
1.9317730665e+00
4.9796733856e+00
4.1240010262e+00
2.7585659027e+00
-7.4420938492e+00
-1.4561856985e+00
-1.0191600323e+00
1.6072653234e-01
4.2664292455e-01
6.6131359339e-01
-1.5011392832e+00
1.9752283096e+00
-1.2574555874e+00
7.8853338957e-01
1.5105335712e+00
-9.9935090542e-01
-2.4638423696e-02
-1.9148085117e+00
-9.3342763186e-01
-1.0418437421e-01
5.3776496649e-01
-1.3725744486e+00
-7.5145351887e-01
3.2304859161e-01
-2.6238710880e+00
-9.3599456549e-01
-6.7291152477e-01
-5.1311647892e-01
-1.4570035934e+00
-3.3875606060e+00
4.9752593040e-01
1.4868346453e+00
2.8054261208e+00
1.2319494486e+00
1.6031843424e+00
-1.0874328613e+00
-2.4452493191e+00
-1.5045909882e+00
-1.7863855362e+00
-3.2279038429e-01
1.1515156031e+00
-4.4934654236e-01
8.9423954487e-01
1.6402466297e+00
9.8870390654e-01
1.6186201572e-01
9.2816609144e-01
2.2883762419e-01
2.2736988068e+00
-1.1469428539e+00
8.2175090909e-02
4.6157410741e-01
-7.1399934590e-02
-1.6139774024e-01
-1.3858141899e+00
-8.4747113287e-02
-7.4430376291e-01
-2.9785099626e-01
1.4915835857e-01
2.6549441740e-02
1.1753520966e+00
-1.7622666359e+00
1.0190734863e+00
5.1716727018e-01
-8.9008408785e-01
1.3388074636e+00
-1.2208132744e+00
1.3601436615e+00
-7.7085262537e-01
9.8699122667e-01
1.5321352482e+00
2.9910180569e+00
1.7726782560e+00
1.5239779949e+00
-1.4762499928e-01
3.4741982818e-01
1.7677456141e+00
-4.0729510784e-01
-1.6293116808e+00
-2.6450338364e+00
-1.3051884174e+00
-4.8321166635e-01
1.0258582979e-01
4.0760630369e-01
1.0410972834e+00
-3.8790354729e+00
-1.9669604301e+00
-2.2080276012e+00
1.9993122816e+00
-1.8634399176e+00
3.9643105865e-01
9.2310088873e-01
1.1393495798e+00
4.3331956863e-01
-1.0666468143e+00
-3.3950787783e-01
-4.1470317841e+00
-5.1680612564e-01
-2.1828405857e+00
3.7601527572e-01
-1.3011692762e+00
-1.7064331770e+00
-1.3321536779e+00
-8.4487354755e-01
-2.1526846886e+00
-3.2020990849e+00
-2.1011972427e+00
-2.7705368996e+00
-1.5371383429e+00
6.9122183323e-01
-1.8707180023e+00
5.9184491634e-01
-1.2864074707e+00
1.1872423887e+00
-3.8516983390e-01
9.4434899092e-01
1.3360069990e+00
2.1454501152e+00
2.2058200836e+00
-8.1313788891e-01
-3.5240766406e-01
1.0868516564e-01
-3.3565279096e-02
1.2770093977e-01
4.6897625923e-01
-3.1478273869e-01
9.4968742132e-01
1.4728187025e-01
1.9391150475e+00
-9.3220002949e-02
8.1941300631e-01
-4.9376875162e-01
6.9540017843e-01
7.3693168163e-01
-2.4584701061e+00
-1.8508440256e+00
1.7268533707e+00
1.7615268230e+00
1.3050358295e+00
6.9134253263e-01
1.5135176182e+00
1.4378005266e+00
1.1111111641e+00
4.0526860952e-01
7.8231149912e-01
-6.5754985809e-01
-6.8202054501e-01
-3.3725222945e-01
2.5434773415e-03
-1.6114262342e+00
-4.3929207325e-01
-5.8216765523e-02
1.7765061855e+00
4.3414416909e-01
-1.6897512674e+00
-1.6438512802e+00
-1.3535728455e+00
-2.6417484879e-01
1.0477832556e+00
-1.2403032780e+00
-2.7585750818e-01
-1.1912842989e+00
-3.8580116630e-01
-1.0842076540e+00
9.4444429874e-01
5.7009750605e-01
1.6843696833e+00
-2.5024702549e+00
-4.1729640961e-01
2.0804244280e-01
-1.1374431849e+00
-2.3904728889e+00
-2.9075949192e+00
-1.8660738468e+00
-7.0902962685e+00
-8.1779384613e-01
4.7155061364e-01
6.5582048893e-01
9.7809916735e-01
2.5378384590e+00
1.9991549850e-01
1.6887426376e+00
4.0965086222e-01
-6.6619968414e-01
-9.5849317312e-01
-3.9263343811e-01
-9.5070578158e-02
5.0904953480e-01
-3.6182045937e-01
2.2744208574e-01
-1.8517761230e+00
-5.6936919689e-02
-1.3637839556e+00
1.1315084696e+00
1.4702452421e+00
1.2051588297e+00
-1.1297558546e+00
1.1614679098e+00
-1.2638134956e+00
-2.5896840096e+00
-2.5497803688e+00
-2.2499117851e+00
-1.0348911285e+00
-3.4426414967e-01
-7.1937572956e-01
-3.1607995033e+00
7.8866231441e-01
1.4100428820e+00
2.2145259380e+00
-3.9347079396e-01
1.6625494957e+00
2.4249491692e+00
1.2553704977e+00
4.1243448853e-02
-1.7057023048e+00
-1.9051779509e+00
5.3335577250e-01
1.7123490572e+00
-4.8714259267e-01
-1.9572266340e+00
-1.0138158798e+00
-7.5569850206e-01
-1.7770471573e+00
-2.7096750736e+00
4.3518078327e-01
3.5975417495e-01
3.5059341788e-01
8.2520562410e-01
1.9115805626e-01
3.9006516337e-01
1.6576792002e+00
4.4851490855e-01
1.4205864668e+00
1.3257006407e+00
-4.5475530624e-01
8.3627313375e-02
-4.1568467021e-01
2.8068485856e-01
2.9305118322e-01
2.6395294666e+00
-5.9705764055e-01
-7.1262931824e-01
-6.0813260078e-01
1.4400573969e+00
3.1642550230e-01
-3.6216396093e-01
-1.4562762976e+00
-7.6095950603e-01
5.7616978884e-01
8.5281294584e-01
-8.2297134399e-01
-1.7009791136e+00
-1.8330746889e+00
-2.2627418041e+00
1.3138139248e+00
1.5547137260e+00
-3.9240884781e+00
3.5881909728e-01
1.0630275011e+00
5.6052821875e-01
2.9144674540e-01
-2.4373283386e+00
-2.2840216160e+00
-2.5369031429e+00
-2.5984346867e+00
-2.2141480446e+00
-2.4488554001e+00
-2.1193470955e+00
-8.7659031153e-01
1.1834851503e+00
-8.3583939075e-01
1.8518067896e-01
-2.9249975681e+00
-1.7396236956e-01
1.0433822870e+00
1.1089400053e+00
1.3476107121e+00
2.3142561913e+00
1.0209279060e+00
-1.7301514149e+00
-5.2796041965e-01
-4.2965397239e-01
-2.7980126441e-02
-5.2914935350e-01
1.1725236177e+00
1.1980870962e+00
1.5401780605e+00
-9.9920228124e-02
-2.1196246147e+00
1.5105755329e+00
9.1091281176e-01
-2.1614727378e-01
-4.1571803093e+00
-1.4907542467e+00
3.4108922482e+00
-1.7532725632e-01
6.6751784086e-01
-1.3007043600e+00
-3.3600196242e-01
8.3039838076e-01
-5.1488929987e-01
-4.7904920578e-01
2.9041585326e-01
1.7559032440e+00
-9.7066515684e-01
-4.1843352318e+00
-9.1815352440e-01
6.1495542526e-01
1.0860395432e+00
-1.2002062798e+00
-1.2169328332e-01
-6.1111879349e-01
2.0689858496e-01
-1.7705655098e+00
3.1558563709e+00
1.4369949102e+00
4.5808577538e-01
1.1840304136e+00
2.0426057279e-01
8.9556413889e-01
3.9588756561e+00
3.3101844788e+00
2.0832464695e+00
5.4672203958e-02
-8.0522853136e-01
-1.8006302118e+00
-1.4942523837e-01
-8.3549386263e-01
4.0607452393e-01
7.1384072304e-02
-5.7213734835e-02
-1.4314467907e+00
5.3088825941e-01
-2.0803866386e+00
1.3088021278e+00
-1.0325162411e+00
-1.9120562077e+00
-7.3603820801e-01
-1.5197757483e+00
3.6001333594e-01
1.1985045671e+00
5.0048559904e-01
-7.0364332199e-01
-5.7312738895e-01
-2.0383393764e+00
-1.6309623718e+00
-5.9590685368e-01
-1.1836284399e+00
-6.8616038561e-01
-7.6393640041e-01
1.5497457981e+00
2.5384240150e+00
1.1368452311e+00
1.3511304557e-01
-1.0280778408e+00
-1.5816072226e+00
-1.7593628168e+00
-1.5525707006e+00
-7.2278505564e-01
5.5641923100e-02
9.5080250502e-01
1.2214220762e+00
-5.7637709379e-01
2.8294906616e+00
-1.0715217590e+00
6.7522007227e-01
8.0420225859e-02
7.7195835114e-01
1.5498192310e+00
9.7152173519e-01
5.6427079439e-01
8.5492050648e-01
8.0101227760e-01
-1.8440625072e-01
-2.8368389606e+00
-2.0470464230e+00
-3.6631837487e-01
-2.0066244602e+00
1.0560001135e+00
-1.7566013336e+00
-6.1361640692e-01
-9.3754279613e-01
-4.0378275514e-01
6.2367171049e-01
1.2653921843e+00
-4.7725620866e-01
-6.2726670504e-01
-1.3013707399e+00
1.6682801247e+00
-1.4011776447e-01
1.1882233620e+00
2.5754654408e+00
1.5641027689e+00
1.3426562548e+00
-2.8394079208e-01
-1.1684464663e-01
-8.6984789371e-01
-2.9251363277e+00
-3.0028517246e+00
-1.7322549820e+00
-1.0195190907e+00
2.2428379059e+00
-5.1281249523e-01
-1.5398271084e+00
-1.6332370043e+00
2.7012130618e-01
-2.9695773125e+00
2.2122812271e+00
8.0851340294e-01
-5.1775670052e-01
-7.3731124401e-01
2.6828763485e+00
4.9059525132e-01
1.0496444702e+00
-1.0288802385e+00
-1.7163463831e+00
-1.3475732803e+00
-1.9128954411e+00
-4.5340720564e-02
-1.0477043390e+00
-1.0628888607e+00
-1.0588266850e+00
-7.8840225935e-01
-1.8651109934e-01
-3.1778919697e+00
-9.1287755966e-01
-2.6710942388e-01
8.1737506390e-01
-1.1040832996e+00
-1.8085016012e+00
-1.2099690437e+00
-2.5448372364e+00
4.0955474973e-01
-1.0426771641e+00
-1.4082791805e+00
1.0612745583e-01
9.4285464287e-01
9.1237771511e-01
2.1247961521e+00
3.3718463778e-01
-6.6086214781e-01
-1.1384146214e+00
-2.5585305691e-01
3.5417642593e+00
1.4258102179e+00
-1.0966913700e+00
-6.0738247633e-01
1.2729458809e+00
1.0594488382e+00
1.2715850770e-01
8.4150332212e-01
2.7096015215e-01
8.4629386663e-01
2.9965014458e+00
-1.3105704784e+00
7.3435223103e-01
6.6892540455e-01
8.7587565184e-01
4.7627320886e-01
1.1492888927e+00
1.6874756813e+00
1.9885797501e+00
1.8420772552e+00
1.5506663322e+00
-4.0823870897e-01
1.9928810652e-03
-4.1242653131e-01
2.0716039836e-01
1.9177252054e+00
2.2785050869e+00
-1.8784628808e-01
1.0085822344e+00
3.3348745108e-01
-3.5336293280e-02
-2.0563800335e+00
-1.6671404839e+00
-7.3386508226e-01
8.9846366644e-01
4.9452176094e+00
-1.5039592981e+00
-9.9981147051e-01
-2.5932449102e-01
-2.2017312050e-01
-8.4505242109e-01
-2.0755984783e+00
-7.1470510960e-01
-1.3178342581e+00
-1.0131858587e+00
-2.1897619963e-01
2.9837131500e+00
1.8371066451e-01
2.5029091835e+00
1.1420198679e+00
3.9704926014e+00
1.3348091841e+00
9.5762372017e-01
1.6188876331e-01
1.1948572397e+00
2.8106138110e-01
1.8921620846e+00
-5.3107690811e-01
9.3593537807e-01
3.4989619255e-01
7.3278218508e-01
1.4429095984e+00
1.2933605909e+00
2.2371156141e-02
-5.4061448574e-01
-1.3936649561e+00
-7.1180802584e-01
-1.7668973207e+00
-5.2052080631e-01
-3.9170241356e+00
-2.7493977547e+00
-1.7628195286e+00
-1.0070921183e+00
-1.5964152813e+00
-1.9834468365e+00
-2.3374919891e+00
4.0440472960e-01
-3.9210626483e-01
-1.7645540237e+00
-3.2667151093e-01
1.0223566294e+00
5.4971897602e-01
-2.6154699922e-01
-2.7482435107e-01
-7.0758682489e-01
-1.8692927361e+00
-2.9369556904e-01
-4.0008826256e+00
-4.0415964127e+00
-3.0176444054e+00
-1.4839009047e+00
-3.2538461685e+00
1.7382295430e-01
-1.0156455040e+00
1.7438879013e+00
-1.8718912601e+00
2.2922778130e+00
-2.3706285954e+00
-8.4916716814e-01
-2.7404937148e-01
2.8722262383e+00
-6.2722361088e-01
-9.6404325962e-01
5.3803938627e-01
5.0433558226e-01
-6.5063494444e-01
-2.1209189892e+00
-2.9590408802e+00
-1.2318923473e+00
1.6688871384e-01
-1.0698264837e+00
1.7158494890e-01
1.8671928346e-01
-1.1497842073e+00
-1.0311347246e+00
-8.3664208651e-01
-1.9760109186e+00
-1.5744645596e+00
8.4035658836e-01
-5.0042080879e-01
1.3804988861e+00
1.1738889217e+00
-7.4670928717e-01
-2.1876730919e+00
-1.1793880463e+00
1.5025719404e+00
-1.4706882238e+00
-7.4589294195e-01
5.6115318090e-02
1.5793691874e+00
2.8008525372e+00
-1.6978111267e+00
-1.7898434401e+00
-1.6429059505e+00
-8.3462458849e-01
-9.8363399506e-01
3.6041944027e+00
6.0092291832e+00
5.0031247139e+00
3.6556005478e+00
2.7947139740e+00
-3.3774750233e+00
-1.8047477007e+00
8.8786818087e-02
-1.3598173857e+00
-3.5005703568e-01
-3.0283427238e-01
-2.5162699223e+00
-2.7997568250e-02
-1.8311259747e+00
-2.3888466358e+00
-1.0148557425e+00
-1.4950380325e+00
-6.3464897871e-01
-7.6550024748e-01
-1.4883115292e+00
9.6939724684e-01
-1.7118689418e-01
-1.7021875083e-01
4.7534754872e-01
1.3820342720e-01
-2.8356344700e+00
-2.1303877831e+00
1.2852460146e+00
3.1539875269e-01
8.5053277016e-01
4.2445257306e-02
6.8969905376e-01
1.1617498398e+00
6.5859079361e-01
1.0258883238e+00
-1.3659429550e-01
-6.7027086020e-01
8.9225411415e-01
-7.3209565878e-01
1.1255277395e+00
-3.1406257153e+00
4.2805409431e-01
-2.6216061115e+00
-6.0854136944e-01
-3.0703830719e+00
5.0920671225e-01
-3.6489400268e-01
-4.7362115979e-01
-1.7731475830e-01
3.1525683403e-01
-2.0597918034e+00
1.3554995060e+00
1.5533708036e-01
1.1905102730e+00
1.0024425983e+00
-1.5243968964e+00
-4.2500463128e-01
9.3309961259e-02
-5.4276108742e-01
-1.5820617676e+00
3.1722354889e-01
-1.6188735962e+00
-2.8636929989e+00
-3.0067673326e-01
-2.1671059728e-01
3.3016781807e+00
-8.2154655457e-01
1.6724449396e+00
-5.6706950068e-02
1.3350620270e+00
2.9220561981e+00
1.2679582834e+00
-3.0393865705e-01
1.4857916832e+00
9.3023616076e-01
-1.6717343330e+00
7.1316200495e-01
-9.9961929023e-02
2.3422187567e-01
-1.8073565960e+00
6.9766610861e-01
4.8431470990e-01
2.4100508690e+00
1.0223033428e+00
-1.5379948616e+00
-5.0472624600e-02
-6.6699439287e-01
-2.2955702245e-01
1.2578859329e+00
1.5337568521e+00
1.1654820442e+00
-9.8940692842e-03
-6.6457760334e-01
-5.2476352453e-01
-7.0644336939e-01
1.3952622414e+00
4.7412853241e+00
3.8931455612e+00
2.5615203381e-01
6.3273447752e-01
1.0077421665e+00
8.5944736004e-01
1.1205809116e+00
-3.3921426535e-01
4.2480719090e-01
1.8863494694e-01
1.7386883497e+00
2.2028913498e+00
4.2260103226e+00
2.0326874256e+00
-7.2944879532e-01
1.9451509714e+00
9.2929393053e-01
5.1169830561e-01
-3.0199638009e-01
1.5515247583e+00
3.2058420777e-01
2.2220940590e+00
7.7327692509e-01
2.8344223499e+00
3.6172273159e+00
-7.7139273286e-02
1.3984168768e+00
-1.5458518267e+00
1.5978809595e+00
3.7719905376e+00
1.0026514530e+00
9.3702667952e-01
-1.0744684935e+00
2.3924021721e+00
-2.3972723484e+00
-1.4768768549e+00
-8.7029892206e-01
6.6738045216e-01
-1.0410289764e+00
1.2403671741e+00
1.8132993579e-01
-1.3882855177e+00
-3.0149579048e-01
4.2181405425e-01
1.2482796907e+00
5.9644240141e-01
-2.3738791049e-01
3.5433018208e-01
-3.6313366890e-01
5.1008143425e+00
7.9839801788e+00
5.0085711479e+00
4.4655690193e+00
3.5447797775e+00
4.8798775673e-01
-5.7663118839e-01
1.5656015873e+00
7.0185941458e-01
7.6780712605e-01
5.1254141331e-01
-5.6258010864e-01
-6.2276786566e-01
-5.9410345554e-01
3.6265664101e+00
-1.0831200331e-01
3.4051868916e+00
2.5155804157e+00
8.0764573812e-01
5.4855275154e-01
6.4155453444e-01
-3.1736215949e-01
1.5950058699e+00
2.3487248421e+00
7.6891976595e-01
7.8525978327e-01
-8.7052947283e-01
-1.0450983047e+00
-2.4709641933e+00
1.5990488231e-02
2.1280021667e+00
-3.9424997568e-01
-6.6717261076e-01
-6.6608583927e-01
2.2582702637e+00
4.6537542343e-01
-1.4880014658e+00
-9.0850871801e-01
-6.0550731421e-01
-1.9492779970e+00
-1.5432347059e+00
1.7365517616e+00
-1.0798789263e+00
1.2939816713e+00
-2.0403504372e-01
-2.2976787388e-01
-2.5832159519e+00
-8.1081497669e-01
-1.5443748236e+00
-1.1716065407e+00
9.5932453871e-01
1.1345430613e+00
-1.5705716610e+00
-1.1566792727e+00
-1.3078097105e+00
-6.7802459002e-01
-3.7050595880e-01
1.4220452309e-01
-2.1670818329e-01
-1.4357204437e+00
-3.4939265251e-01
1.6162177324e+00
-9.2627018690e-01
-5.8080106974e-01
-1.6685818434e+00
5.9310323000e-01
1.0278656483e+00
7.7253603935e-01
1.0341744870e-01
-7.9908114672e-01
1.6740689278e+00
-6.4169865847e-01
-1.1988824606e+00
-4.8098948598e-01
-2.4706032127e-02
9.7051066160e-01
-2.5799152255e-01
-5.9744358063e-01
-7.7975243330e-01
3.1350266933e-01
7.2348433733e-01
7.8726500273e-01
2.1263392270e-01
5.8472953737e-02
-1.1586216688e+00
-9.7517806292e-01
-2.3543043137e+00
-2.6049685478e+00
-1.3792562485e+00
-2.3608146608e-01
-1.3881868124e-01
4.8585098237e-02
1.8729180098e+00
1.7247644663e+00
1.6763005257e+00
4.4634933472e+00
4.6782207489e+00
2.2089710236e+00
5.6811623573e+00
2.2786362171e+00
-1.4240865409e-01
-6.1197918653e-01
8.7801009417e-01
3.8557493687e-01
-9.6195465326e-01
-1.4800711870e+00
-2.2870051861e+00
-3.9104107767e-02
3.9603626728e-01
1.4954913855e+00
2.2036199272e-01
3.1279325485e-01
1.3658459485e-01
-2.3945036530e-01
1.2879353762e-01
8.9900799096e-02
1.4302326441e+00
1.7710629702e+00
3.1927457452e-01
-9.8621994257e-02
1.4156645536e+00
-1.1025606394e+00
-6.2129533291e-01
1.6664925814e+00
8.6993259192e-01
-9.3182343245e-01
2.0203099251e+00
1.6512427330e+00
1.1599142551e+00
9.2842179537e-01
6.7594492435e-01
-1.4122099876e+00
1.3206676245e+00
-8.4328067303e-01
1.3754552603e+00
-1.5451680422e+00
2.6556590199e-01
-1.2498712540e+00
-1.3276655674e+00
-2.0073463917e+00
2.1797931194e-01
2.4565605819e-01
5.9863626957e-01
4.3699094653e-01
1.1097594500e+00
-3.0833446980e-01
-3.9063560963e-01
-1.8384130001e+00
-1.7570255995e+00
-6.0070484877e-01
-2.2345454693e+00
-8.5432684422e-01
3.4372827411e-01
3.7643589079e-02
-1.1443277448e-01
-5.8999216557e-01
-2.1919772625e+00
-3.8618202209e+00
7.2767668962e-01
-5.5944595486e-02
-3.0682939291e-01
4.1408586502e-01
1.3733172091e-03
-3.3729147911e-01
-1.3306732178e+00
4.6330566406e+00
-8.5402524471e-01
-1.5298990011e+00
-1.5711706877e+00
-1.3455513716e+00
-2.2489364445e-01
-6.2984436750e-01
-1.9781252146e+00
-1.8123189211e+00
1.6499850750e+00
-2.6783534884e-01
-1.8616101742e+00
-4.5332220197e-01
-3.1114554405e-01
-6.5936946869e-01
-8.3384281397e-01
-3.7384011745e+00
-3.0751883984e+00
-2.4426865578e+00
-4.7283299267e-02
-3.3742359281e-01
5.4978692532e-01
1.9135197401e+00
8.7873119116e-01
5.7135087252e-01
1.2510572672e+00
1.6072626114e+00
1.6986274719e+00
2.3166637421e+00
1.6801583767e+00
9.8591625690e-02
2.1199806035e-01
-6.5536201000e-01
5.9588509798e-01
6.4491498470e-01
-4.8506420851e-01
-2.8012630343e-01
-7.1788769960e-01
4.5556306839e-01
-2.5824203491e+00
1.4135320187e+00
1.5454310179e+00
1.8864952326e+00
-1.2222764492e+00
-3.3768639565e+00
-3.5966396332e-01
1.3491171598e-01
-6.0763490200e-01
-1.4361630678e+00
-1.1465656757e+00
-8.4526187181e-01
4.5773142576e-01
2.6656475067e+00
4.9048695564e+00
4.4354763031e+00
7.9567241669e-01
-4.3923443556e-01
-2.3302879333e+00
4.1987982392e-01
2.4436768889e-01
-2.1734297276e+00
-4.4318490028e+00
-1.7613172531e+00
-3.5218019485e+00
-1.8902699947e+00
2.3975801468e+00
-1.1251705885e+00
8.5330057144e-01
1.7983986139e+00
-6.9669067860e-01
-8.6623537540e-01
1.9722219706e+00
2.5749375820e+00
2.9390342236e+00
5.5656188726e-01
-4.1090307236e+00
-2.9282121658e+00
-1.6397715807e+00
-1.2035850286e+00
1.1156567335e+00
1.5016984940e+00
6.7496353388e-01
5.7152754068e-01
3.0723491311e-01
-3.4311330318e-01
2.8073241711e+00
-8.7118446827e-01
-4.6795290709e-01
-2.7856993675e-01
2.6385123730e+00
-1.0207090527e-01
-5.9639686346e-01
1.0674313307e+00
-2.4240724742e-01
1.7008355260e-01
-2.1486291885e+00
-8.2127153873e-01
-1.4071004391e+00
-9.2407256365e-01
-1.4333548546e+00
-6.9275218248e-01
-2.9967269301e-01
9.4536131620e-01
7.6388180256e-02
5.7405638695e-01
1.9375028610e+00
1.0252838135e+00
-1.6855445504e-01
-2.0753233433e+00
-2.1428227425e+00
-6.1345940828e-01
2.5437465310e-01
1.4163560867e+00
1.6621410847e+00
2.3291156292e+00
3.0173778534e-01
-2.4858063459e-01
-6.5116226673e-01
1.6092750430e-01
2.5144892931e-01
-1.8047322035e+00
-2.7515282631e+00
-1.8060700893e+00
-1.7400872707e+00
2.1728493273e-01
5.1591420174e-01
-1.0052750111e+00
-6.3981592655e-01
-1.0905255564e-02
1.4347066879e+00
2.8948116302e+00
1.1707135439e+00
1.3194773197e+00
2.8039562702e+00
1.8741559982e+00
-5.0536650419e-01
3.3996551037e+00
2.8136346340e+00
7.5699675083e-01
4.1097119451e-01
9.7286504507e-01
1.2932993472e-01
8.1386756897e-01
1.5562503338e+00
1.6924388409e+00
1.8641594648e+00
2.4775123596e+00
-9.1078692675e-01
-1.3228368759e+00
-2.2517495155e+00
-1.5025392771e+00
-1.2436358929e+00
1.1737692356e+00
1.2593923807e+00
-5.9313267469e-01
3.2729923725e+00
1.3804863691e+00
4.0291354060e-02
1.2827898264e+00
6.4231467247e-01
9.4688320160e-01
6.0681545734e-01
2.9968461394e-01
2.1292877197e+00
-3.3078634739e-01
1.4282603264e+00
5.5513817072e-01
-1.8515496254e+00
-7.1610105038e-01
-8.5198384523e-01
2.0286994055e-02
-1.5926237106e+00
-1.5457291603e+00
-1.2993376255e+00
-7.2921937704e-01
-1.6504764557e+00
-7.1215784550e-01
-7.3309177160e-01
-5.4163318872e-01
6.8708799779e-02
2.0410676003e+00
4.0767404437e-01
-1.7814920843e-01
-1.0603765249e+00
-2.0338392258e+00
-6.8738895655e-01
-2.4294531345e+00
-1.3211451769e+00
-1.3358608484e+00
-1.2225301266e+00
-2.0912124217e-01
9.5888632536e-01
6.7185610533e-01
2.3813190460e+00
4.2726879120e+00
-1.5110340118e+00
-1.1175001860e+00
7.1227335930e-01
-6.9365108013e-01
1.6400501132e-01
-6.6623115540e-01
1.9482183456e+00
1.1701665074e-01
2.6192929745e+00
1.5366626978e+00
-1.9613603354e+00
4.4369241595e-01
1.6792382002e+00
1.5606803894e+00
1.9651610851e+00
8.4063667059e-01
1.4664262533e+00
2.9217541218e+00
1.8752446175e+00
2.3051223755e+00
3.4274333715e-01
-7.6406711340e-01
-1.3412222862e+00
-2.5017303228e-01
8.3988690376e-01
-1.5266109705e+00
-6.0036882758e-02
9.2904955149e-01
2.2300786972e+00
8.3102363348e-01
-1.8455163240e+00
-1.3591357470e+00
-1.7305018902e+00
5.1278454065e-01
6.8346915245e+00
-1.4580955505e+00
-1.2776297331e+00
-5.5334705114e-01
-1.8441855907e+00
-8.6891144514e-01
1.8780884743e+00
1.6830306053e+00
-6.7533314228e-02
1.9930492640e+00
4.4397804141e-01
-2.0331278443e-01
7.0991468430e-01
-1.0360668898e+00
1.2424596548e+00
-1.0311594009e+00
-5.0234971046e+00
-2.5446655750e+00
-1.4506890774e+00
-6.6025149822e-01
-8.6741656065e-02
1.0468152761e+00
1.7456277609e+00
-4.3949118257e-01
1.3951557875e+00
-2.3409652710e+00
-1.7036881447e+00
-1.8337316513e+00
-2.6857379824e-02
-2.6815156937e+00
-1.3953585625e+00
-1.4815051556e+00
3.7709540129e-01
1.0617314577e+00
2.0588738918e+00
1.4533962011e+00
1.2769483328e+00
1.3941222429e-01
3.9745253325e-01
1.5431467295e+00
2.4847695827e+00
-3.9951350689e+00
-2.1072747707e+00
2.3793898523e-01
1.6818484068e+00
9.6437323093e-01
-3.6759033203e+00
-3.8355031610e-01
9.9808847904e-01
1.4757120609e+00
1.5824977160e+00
1.1235622168e+00
7.7049863338e-01
-2.7621319890e-01
3.9755138755e-01
1.3769075871e+00
-2.3660368919e+00
-1.8672069311e+00
-8.4099620581e-02
-1.2058235407e+00
1.0512061417e-02
-2.3484110832e+00
-2.3076939583e+00
-7.4840205908e-01
-2.1626752615e-01
4.0591323376e-01
9.5450383425e-01
2.0184312761e-01
2.6503059268e-01
-6.4292132854e-01
5.5305683613e-01
-2.4971996248e-01
2.1794272959e-01
-3.0091780424e-01
-2.4236559868e-01
8.1953549385e-01
-8.0541956425e-01
-2.2539865971e-01
3.1762081385e-01
4.5333185792e-01
3.5548496246e-01
2.5652089119e+00
1.9333566427e+00
3.2162198424e-01
3.3029696941e+00
1.1092485189e+00
3.8995477557e-01
1.4441316128e+00
1.1399976015e+00
1.0205104351e+00
9.6950435638e-01
-3.4918957390e-03
-1.7585390806e+00
-1.2923592329e+00
-9.8442542553e-01
-1.4185080528e+00
1.4888230562e+00
-2.3224642277e+00
-3.3599452972e+00
-2.0616428852e+00
1.6432430744e+00
-4.0735149384e-01
-2.9253573418e+00
-8.8669395447e-01
5.5223399401e-01
1.6491358280e+00
6.0852283239e-01
1.0476249456e+00
-1.8097158670e+00
2.2635218501e-01
1.2133505195e-01
-3.8675913215e-01
2.5635075569e+00
2.9279005527e-01
3.0131909847e+00
2.5800466537e+00
3.5810813904e+00
3.3169674873e+00
3.0579235554e+00
1.5937987566e+00
7.0322942734e-01
-2.7024490833e+00
-5.8251076937e-01
-1.6230033636e+00
1.8012574315e-01
-9.9489919841e-02
4.6704068780e-01
-1.0600392818e+00
-6.8742394447e-01
-1.0891875029e+00
-2.4058003426e+00
8.4328651428e-01
1.4418389797e+00
-1.1125409603e+00
-2.0951557159e+00
8.9989584684e-01
6.9592267275e-01
2.8295800686e+00
8.6572116613e-01
1.2687954903e+00
7.2179555893e-01
4.0369266272e-01
9.0653103590e-01
7.8217998147e-02
-2.5812602043e-01
2.1924719810e+00
-2.8775691986e+00
-2.0608334541e+00
3.4527011216e-02
1.2487480640e+00
8.9985048771e-01
-1.5462840796e+00
-1.5046283007e+00
7.6110327244e-01
-1.1476415396e+00
2.9769340530e-02
7.2297124863e+00
3.2402124405e+00
4.3138966560e+00
2.8612160683e+00
2.8109934926e-01
2.1371808052e+00
3.3345916867e-01
-5.8850175142e-01
-2.1477508545e-01
-1.2785556316e+00
-3.2002422810e+00
-1.6551592350e+00
-4.6524071693e-01
4.9889475107e-01
1.1286098957e+00
-3.2497096062e-01
-2.2516274452e+00
4.6749669313e-01
3.4599089622e-01
-2.7128210664e-01
-6.2543588877e-01
-2.0423045158e+00
-2.3591625690e+00
-1.7801170349e+00
-5.3655385971e-01
1.1010689735e+00
-8.8405299187e-01
-2.5341598988e+00
-2.3723826408e+00
-2.7360980511e+00
-3.8307616711e+00
-1.5601315498e+00
-3.3588898182e-01
-7.7303385735e-01
-4.1773092747e-01
-2.4179825783e+00
-9.4101257622e-02
-1.3867994547e+00
-1.2848135233e+00
-3.6603708267e+00
-1.1656997204e+00
-4.2735087872e-01
-1.6535596848e+00
-1.3084050417e+00
1.9455339015e-01
8.7325304747e-01
1.3160291910e+00
2.7970176935e-01
3.5402661562e-01
3.3868309855e-01
-4.4681978226e-01
-1.2843347788e+00
-8.7139558792e-01
-1.1779593229e+00
-3.7582530975e+00
-3.1688580513e+00
-1.0378102064e+00
-6.1819922924e-01
8.0464762449e-01
4.6655392647e-01
-3.3159940243e+00
-1.2567310333e+00
-2.0049273968e+00
-2.3070435226e-01
1.2926954031e+00
5.6808716059e-01
5.1521122456e-01
1.1056929827e+00
1.3837153912e+00
5.6944745779e-01
1.2356290817e+00
2.3086166382e+00
4.3477669358e-02
3.9728495479e-01
-7.9580217600e-01
1.9430867434e+00
2.7325997353e+00
1.5459973812e+00
1.1654908657e+00
-1.0943900049e-01
-5.8770942688e-01
-1.0881886482e+00
-1.2725238800e+00
-2.8121175244e-02
2.6056653261e-01
-2.9156920910e+00
-9.3157410622e-01
7.9095482826e-01
-1.7522406578e+00
-1.1519438028e+00
6.9633460045e-01
-1.9077262878e+00
-5.4869955778e-01
-1.9810956717e+00
-1.8994879723e+00
4.8651099205e-02
1.0817167759e+00
6.4802420139e-01
2.8234434128e+00
2.1059085429e-01
-1.9725314379e+00
-1.1015304327e+00
-1.3870030642e+00
-9.1090552509e-02
1.6208314896e+00
-1.7466211319e+00
-2.2462971210e+00
-2.1322820187e+00
-2.1203610897e+00
1.8962583542e+00
-3.2241942883e+00
-1.4102418423e+00
4.0684586763e-01
-4.4438558817e-01
-1.0510505438e+00
-1.6342699528e-01
-1.3882460594e+00
1.8468943834e+00
5.8892005682e-01
1.2319751978e+00
-1.2829215825e-01
1.2977167368e+00
2.2519762516e+00
5.4665857553e-01
1.0173451900e+00
7.2496551275e-01
1.5776935816e+00
1.3963315487e+00
2.4332528114e+00
1.9924710989e+00
1.5259293318e+00
2.2262883186e+00
3.3033781052e+00
-3.7972444296e-01
1.9270218611e+00
1.4378325939e+00
2.6856267452e+00
4.9177125096e-01
1.2162300348e+00
9.8251163960e-01
-1.9558837414e+00
-1.6937290430e+00
4.3068623543e-01
2.0049345493e-01
9.5356768370e-01
3.7695410252e+00
3.7979438305e+00
2.6279022694e+00
1.0881621838e+00
7.4229294062e-01
-1.5125080943e-01
1.3168394566e+00
6.8657517433e-02
1.3834592104e+00
5.0894894600e+00
1.8241642714e+00
2.7119264603e+00
1.6157052517e+00
1.4987460375e+00
2.0081269741e-01
-1.3990334272e+00
-1.8677606583e+00
-7.6526546478e-01
4.9952607155e+00
8.8167810440e-01
-1.3599705696e+00
-1.3405923843e+00
-5.8796334267e-01
-1.9417078495e+00
-1.3852918148e-01
1.9256703854e+00
-1.1746791601e+00
-5.3726047277e-01
-1.9698730707e+00
1.6697433591e-01
1.9728614092e+00
-1.6719619036e+00
-1.7244588137e+00
-1.8356614113e+00
-1.3386263847e+00
-1.0477213860e+00
7.6346069574e-01
1.0565119237e-01
1.1994224787e-01
-7.2323471308e-01
4.0711455345e+00
1.1542981863e+00
-2.4119213223e-01
-2.0766873360e+00
-1.5262062550e+00
5.7709801197e-01
2.6525601745e-01
6.5486925840e-01
-2.6362115145e-01
-1.4493252039e+00
1.6655695438e+00
-1.6814281940e+00
8.0095773935e-01
5.4944026470e-01
2.1027057171e+00
1.2641019821e+00
7.9944890738e-01
-5.3068995476e-01
1.5851897001e-01
-1.7576777935e+00
-1.6951239109e+00
-1.4749851823e-01
-9.0291088820e-01
5.1155783236e-02
2.3383307457e-01
-3.5277411938e+00
5.3764367104e-01
7.6777589321e-01
1.3048495054e+00
1.5873340368e+00
3.6465132236e+00
1.6778995991e+00
2.4300177097e+00
-7.2125518322e-01
-2.0849649906e+00
-1.2500518560e+00
3.5310027003e-01
1.4440624714e+00
8.9282381535e-01
1.4263111353e+00
-7.5932896137e-01
-1.0388083011e-01
-9.2067766190e-01
-9.6588939428e-01
-1.1795984507e+00
6.5113371611e-01
-3.6911985278e-01
1.1741142273e+00
5.3774052858e-01
-4.5265279710e-02
9.5839387178e-01
1.3723248243e+00
-1.6357374191e+00
3.4811091423e-01
-3.4038245678e-01
3.9903414249e-01
6.9525855780e-01
3.9517337084e-01
4.6091684699e-01
-1.6405303478e+00
1.9669227302e-01
-8.0041021109e-01
-3.2727178931e-01
1.3037136793e+00
3.4556737542e-01
-1.1867737025e-01
-1.0025955439e+00
-1.4256495237e+00
-8.0322825909e-01
-1.2053493261e+00
-1.3254202604e+00
-1.6509487629e+00
-1.2696298361e+00
-1.8156586885e+00
-9.2515259981e-01
-4.1538047791e-01
-6.5800827742e-01
-6.4483565092e-01
1.8391820192e+00
8.0116772652e-01
-1.5492010862e-02
-4.1665434837e-01
-2.1199977398e+00
-1.8044359684e+00
-2.7801685333e+00
5.1220041513e-01
-1.1446428299e+00
-3.1817870140e+00
-6.6348302364e-01
1.9567314386e+00
1.8273628950e+00
-1.1896531582e+00
-7.8017270565e-01
-1.7484774590e+00
-7.8415256739e-01
6.9849497080e-01
4.3613800406e-01
1.1665862799e+00
7.7078066766e-02
-2.3021101952e-01
-2.4012567997e+00
-2.3922847211e-01
6.4416944981e-01
-5.2909892052e-02
9.6028333902e-01
1.4124100208e+00
4.2755040526e-01
3.5354298353e-01
-2.3194365501e+00
-4.1926693916e-01
-8.4562677145e-01
-2.0718653202e+00
-6.0374937057e+00
-1.9341977835e+00
5.1497006416e-01
9.6721452475e-01
-8.3394664526e-01
9.6638101339e-01
-7.1502751112e-01
1.0080875158e+00
6.2491661310e-01
-7.4990361929e-01
-5.9022468328e-01
3.0685470104e+00
1.2831581831e+00
-5.3806791306e+00
-7.4067026377e-01
-1.0074392706e-01
8.2761615515e-01
9.2316550016e-01
-1.3600456715e+00
-1.0896068811e+00
-9.5664054155e-01
7.8690463305e-01
1.0747919083e+00
1.6594269276e+00
-1.6136179864e-01
-4.2600157857e-01
6.6369122267e-01
6.6283190250e-01
5.5892724991e+00
3.5512456894e+00
1.2741993666e+00
-3.8679581881e-01
-2.2829935551e+00
9.6643930674e-01
-1.0916805267e+00
1.1443247795e+00
6.8781870604e-01
8.8399165869e-01
1.3046315312e-01
-9.1495744884e-02
8.6339183152e-02
1.2734204531e+00
-1.1683374643e+00
-2.8783359528e+00
-1.5948783159e+00
-2.8596560955e+00
9.9048292637e-01
-6.1778062582e-01
1.5475983620e+00
-1.2499710321e+00
3.5270801187e-01
5.3024464846e-01
7.7741748095e-01
-2.1634747982e+00
-1.5744719505e+00
1.1318667978e-01
-9.1258519888e-01
1.1956938505e+00
2.0745112896e+00
9.8011004925e-01
-2.3840408772e-02
1.2703186274e-01
-2.4806313515e+00
-1.9627014399e+00
-1.1877431870e+00
-7.3953342438e-01
-1.2149544954e+00
4.0024108887e+00
4.1003937721e+00
1.2737354040e+00
1.2427967787e+00
2.8593564034e-01
1.4566608667e+00
4.8462221026e-01
1.1866781712e+00
-1.2980489433e-01
8.7395149469e-01
-1.2449670583e-01
6.9465303421e-01
1.7852903903e-01
9.9640345573e-01
3.9222323895e-01
7.7925831079e-01
-7.4882090092e-01
-1.7483879328e+00
6.1471974850e-01
-8.1219136715e-01
2.6212167740e+00
7.8289484978e-01
-8.2884442806e-01
4.2530041933e-01
6.6777181625e-01
1.9387193918e+00
9.6791791916e-01
-2.9571086168e-01
1.3403046131e+00
-7.9500102997e-01
-5.8241403103e-01
1.2446032763e+00
7.8145992756e-01
1.2589057684e+00
7.6595252752e-01
1.1216205359e+00
4.8731815815e-01
2.5001192093e+00
-1.5521852672e-01
-1.8815394640e+00
-1.4551893473e+00
-3.3817406744e-02
1.6711928844e+00
6.8804609776e-01
-6.5199866891e-02
-1.0292885303e+00
-1.8650310040e+00
1.6193072498e-01
1.0454297811e-01
1.3382748365e+00
-5.7084992528e-02
8.4683513641e-01
1.0260494798e-01
1.4058929682e+00
2.0531152189e-01
7.3473834991e-01
-2.2885754108e+00
-3.2928926945e+00
-4.3205079436e-01
-1.4791055918e+00
1.1778457165e+00
-1.0088127851e+00
-5.7765471935e-01
-2.7062368393e-01
3.5190308094e-01
3.6491129398e+00
-1.2239309549e+00
-4.2818397284e-01
-7.7137850225e-02
7.2246283293e-01
8.2702028751e-01
-8.9167946577e-01
1.3592233658e+00
-3.3754283190e-01
1.3158134222e+00
-1.0588141680e+00
5.0146329403e-01
1.9458215237e+00
1.1663749218e+00
5.1259326935e-01
1.2329988480e+00
-9.9821880460e-02
-4.0625515580e-01
1.6692943573e+00
2.0165138245e+00
5.1425188780e-01
-2.6331135631e-01
1.3048505783e+00
8.6741417646e-01
1.5082563162e+00
2.9474690557e-01
7.0135796070e-01
-3.8960555196e-01
5.1375848055e-01
1.0754241943e+00
1.1649885178e+00
1.0056198388e-01
1.2732609510e+00
7.4026489258e-01
1.3040783405e+00
1.5678612888e-01
2.5702323914e+00
1.3514122963e+00
1.0616797209e+00
7.4410378933e-01
-1.3441196084e-01
-3.6586299539e-01
-4.3930724263e-01
4.5863080025e-01
1.6689194441e+00
1.5736074448e+00
2.7519781590e+00
2.5357174873e-01
1.6815553904e+00
-4.4974107295e-02
1.1627396345e+00
-9.1558796167e-01
6.6074490547e-01
3.5569162369e+00
3.7754468918e+00
5.4668569565e-01
-6.9110268354e-01
-5.3011131287e-01
-9.8324790597e-02
-6.2181091309e-01
-3.9588218927e-01
-2.0057473183e+00
-2.0024728775e+00
-5.8407151699e-01
-1.5125497580e+00
-2.2478227615e+00
-1.5828073025e+00
-5.7054722309e-01
5.3712534904e-01
-5.6319236755e-01
-2.1059851348e-01
1.7615391016e+00
1.1779036522e+00
7.4660396576e-01
2.0075185597e-01
-7.2317785025e-01
1.4609421790e-01
-1.9085812569e+00
-8.0258387327e-01
-1.9391797781e+00
-4.2116168141e-01
1.3892711401e+00
7.8063452244e-01
5.3037302569e-03
5.2886033058e-01
-2.6005642414e+00
9.7455126047e-01
-3.4120723605e-02
1.3946627080e-01
-1.2784104347e+00
1.1366119385e+00
-1.3166103363e+00
-1.2198573351e+00
-1.8136672974e+00
-1.6323831081e+00
-3.0075454712e+00
2.4488475323e+00
1.9494900703e+00
6.2751764059e-01
-7.2946608067e-01
-9.5010977983e-01
-6.3538515568e-01
-2.1424870193e-01
3.8317227364e-01
1.0102628730e-02
7.0323508978e-01
-1.1163406074e-01
-2.1195092201e+00
-3.0325129032e+00
-2.7046527863e+00
-2.4482553005e+00
1.4803670645e+00
1.8945094347e+00
1.0149129629e+00
-9.4748860598e-01
-2.2773959637e+00
4.0057024956e+00
2.0100150108e+00
3.2280232906e+00
1.7798326910e-01
-8.2682508230e-01
-7.3826983571e-02
-8.1357020140e-01
1.9778275490e-01
5.3181481361e-01
9.5422202349e-01
-1.9903127849e-01
-4.5272725821e-01
-2.7174420357e+00
1.3517883420e-01
2.4362710118e-01
2.3203706741e+00
1.9146975279e+00
-8.6426222324e-01
5.1529276371e-01
-1.6615306139e+00
-7.0027005672e-01
-2.0793294907e+00
-1.9188929796e+00
-7.9839444160e-01
-7.7134901285e-01
5.2856707573e-01
1.0000013560e-01
-4.9697387218e-01
-2.3180253506e+00
-2.0752656460e+00
-2.2856187820e+00
-9.8442003131e-02
4.8096436262e-01
2.9817044735e-01
-5.8708661795e-01
-2.4596922398e+00
-1.4089666307e-01
-3.5999174118e+00
-1.0862971544e+00
-2.9128241539e+00
1.0595961809e+00
1.1598986387e+00
2.4800453186e+00
1.4062576294e+00
8.3807665110e-01
2.7141954899e+00
-1.2654482126e+00
-4.8353075981e-01
-1.6702634096e-01
2.9671342373e+00
-3.6586795002e-02
-1.7782998085e-01
1.5523951054e+00
-5.0302183628e-01
-1.8527263403e+00
-7.0491373539e-01
-1.4879157543e+00
-5.1192766428e-01
-1.9728319347e-01
3.3822518587e-01
1.7374029160e+00
1.2463407516e+00
1.0576927662e+00
1.2203135528e-02
-6.4017236233e-01
4.1331940889e-01
8.5836380720e-01
-1.1167224646e+00
5.0036418438e-01
1.2576484680e+00
-2.3268837929e+00
-1.6574620008e+00
-2.0214787126e-01
9.0986990929e-01
1.3305172920e+00
-8.0520707369e-01
6.3129685819e-02
7.0683580637e-01
-4.4835478067e-01
1.8615276814e+00
-9.2384421825e-01
-1.4446734190e+00
-2.6367437840e+00
-3.1144046783e-01
-1.0373079777e+00
-9.1581112146e-01
3.7713050842e-02
1.6437675059e-01
1.8807190657e-01
1.8908251822e-01
3.8114154339e-01
1.5929186344e+00
-9.8585492373e-01
2.3472149372e+00
6.9972521067e-01
-1.2717506886e+00
-1.6424233913e+00
-1.1712975502e+00
-6.3561481237e-01
2.7436950803e-01
4.5438620448e-01
-6.9516956806e-01
-2.5443553925e+00
-1.1369162798e+00
-1.4804298878e+00
6.7451906204e+00
3.0745666027e+00
4.2522482872e+00
9.6812093258e-01
1.5897030830e+00
3.6795909405e+00
1.3693492413e+00
2.3013536930e+00
1.0413327217e+00
1.4853312075e-01
-6.2764537334e-01
-5.1838701963e-01
-2.1528551579e+00
-1.1426659822e+00
-1.7908704281e+00
6.8166607618e-01
3.6656722426e-01
4.8585142940e-02
3.8564240932e-01
1.3602851629e+00
-4.7733440995e-01
-4.9324992299e-01
1.3314374685e+00
1.1779611111e+00
1.4233272076e+00
1.1217069626e+00
1.2908836603e+00
2.5175127387e-01
-7.9303078353e-02
-1.3531485796e+00
4.7959592938e-01
2.7163441181e+00
5.3321418762e+00
3.2164301872e+00
3.8414738178e+00
2.0240028203e-01
8.3422094584e-01
1.3590943813e+00
-2.7870792150e-01
7.5224637985e-01
1.5911279917e+00
1.5080579519e+00
4.4063341618e-01
5.3724157810e-01
1.7358554602e+00
1.8563547730e-01
1.5385718346e+00
-4.2646330595e-01
2.3822997510e-01
2.3822266608e-02
1.5609898567e+00
1.0351679325e+00
-1.5466250479e-01
-3.3528167009e-01
1.2083874941e+00
4.0127997398e+00
8.6928939819e-01
2.1218719482e+00
1.5136450529e-01
4.1795784235e-01
-5.9498095512e-01
1.8991376162e+00
1.3585317135e+00
1.1657099724e+00
-6.3455444574e-01
-6.6412800550e-01
-1.2733925581e+00
-9.3306475878e-01
-8.8226342201e-01
-9.9592261016e-02
9.3402290344e-01
-1.1216471195e+00
-2.1686592698e-01
-2.8078315258e+00
-4.8896202445e-01
6.4631915092e-01
1.6565909609e-02
4.0635526180e-01
3.5974514484e-01
-7.6622694731e-01
4.2242259979e+00
1.5370291471e+00
3.9340023994e+00
1.0013791323e+00
3.0722444057e+00
3.9979414940e+00
1.3337438107e+00
2.4677996635e+00
4.0563751012e-02
3.3607599735e+00
-7.0400363207e-01
9.6246063709e-01
1.0103609562e+00
4.2350232601e-01
3.2550516725e-01
1.8569235802e+00
1.5764375925e+00
1.9884282351e+00
3.3826029301e+00
3.1248805523e+00
2.0944778919e+00
2.9123950005e+00
1.7967988253e+00
1.3195692301e+00
3.9858663082e+00
5.2052263170e-02
-1.0878533125e+00
2.3763110638e+00
-1.5289586782e-01
8.5798511282e-03
-3.2432180643e-01
-1.5066603422e+00
2.2366321087e+00
9.3252199888e-01
1.8452259302e+00
2.1131641865e+00
4.4302123785e-01
1.2701760530e+00
-4.7497659922e-01
5.9371750802e-02
-1.1036044359e+00
-9.2972628772e-02
-1.5750520229e+00
-8.5371333361e-01
-3.0285434723e+00
5.8856391907e-01
-6.9129598141e-01
4.9202862382e-01
-1.1856742203e-01
1.4379556179e+00
1.9938321114e+00
5.8548033237e-01
-2.2899596691e+00
-6.3815248013e-01
-3.7916874886e+00
-1.0015030950e-01
-1.1757018566e+00
-4.2211291194e-01
-2.5530600548e-01
4.2614531517e-01
-7.3001034558e-02
-7.0519632101e-01
2.6132592559e-01
1.0019220114e+00
7.2277128696e-01
4.6390676498e+00
3.2362020016e+00
2.0774192810e+00
2.3240802288e+00
2.2920343876e+00
2.1319012642e+00
1.8083389997e+00
1.6722176075e+00
-5.4856091738e-01
-1.3395161629e+00
-9.6489304304e-01
-6.7429339886e-01
5.9938567877e-01
8.6689434946e-02
1.5350367129e-01
2.5661487579e+00
1.4495079517e+00
1.1996140480e+00
8.5863411427e-01
1.0305705667e-01
2.4238462448e+00
-2.4482809007e-01
-1.4353852272e+00
-7.0861804485e-01
-1.1773620844e+00
-3.2192935944e+00
-1.2406146526e+00
1.8207958341e-01
3.3917975426e-01
-1.5754425526e-01
8.7413221598e-01
-1.1722242832e-01
4.1890916228e-01
-8.6379271746e-01
-6.7897814512e-01
-3.4018668532e-01
-5.6902116537e-01
-5.1049727201e-01
-1.5935739279e+00
-1.4058102369e+00
-4.8699936271e-01
-5.4767704010e-01
-8.7816202641e-01
-1.3914656639e-01
2.3555083275e+00
4.9338558316e-01
-8.1158792973e-01
-1.4309701920e+00
-9.4821876287e-01
-2.6369662285e+00
-3.7376596928e+00
-8.7162840366e-01
-1.5129401684e+00
-5.6816923618e-01
-1.8832121789e-01
-2.9118607044e+00
7.7294713259e-01
1.0995199680e+00
1.3453974724e+00
2.1992545128e+00
2.1762902737e+00
8.0162048340e-01
1.2382160425e+00
6.3883537054e-01
-2.8551492691e+00
-1.3729109764e+00
4.1216146946e-01
-1.1035876721e-01
-1.8611289263e+00
-8.0966138840e-01
1.1716037989e+00
1.3192157745e+00
3.6849188805e-01
-1.0060507059e+00
-3.3515615463e+00
8.8432389498e-01
-1.5476672351e-01
8.4489709139e-01
3.4485936165e-01
-2.1062631905e-01
-1.4342901707e+00
-8.7992548943e-01
1.5898065269e-01
1.5048345327e+00
4.4672447443e-01
2.4270361662e-01
6.9372110069e-02
1.6824029386e-01
1.1014170200e-01
-4.4235050678e-01
2.5267171860e+00
1.1006278992e+00
-1.4286067486e+00
1.0731932521e-01
1.1729762554e+00
-3.5832306743e-01
-7.0600157976e-01
-6.3521641493e-01
5.0922751427e-01
1.2090156972e-01
-3.0179709196e-01
-1.3096534014e+00
-1.8141616583e+00
-1.8662245274e+00
-1.6528385878e+00
-9.3588316441e-01
-2.7273795605e+00
-2.2908813953e+00
7.7555304766e-01
2.0598618984e+00
3.2596030235e+00
1.9682233334e+00
-1.6774226427e+00
-2.8407866955e+00
-1.7725659609e+00
2.7701663971e-01
-1.9219257832e+00
-2.7493181229e+00
-4.3409511447e-01
-1.0922019482e+00
1.2449195385e+00
7.2126048803e-01
-2.6993227005e-01
1.3587584496e+00
-4.9907979369e-01
7.0753669739e-01
8.7002468109e-01
1.4368735552e+00
7.2426688671e-01
4.9500212073e-01
-4.7538790703e+00
-1.8636202812e+00
-7.1484245360e-02
-4.4966551661e-01
-7.0915234089e-01
2.1824972630e+00
1.1476913691e+00
1.2254661322e-01
-1.0691045523e+00
-1.8334665298e+00
-5.2439838648e-01
-1.7149196863e+00
-5.0787143707e+00
-1.7739857435e+00
-7.5370591879e-01
2.8335881233e+00
1.3208737373e+00
9.6418631077e-01
6.7257308960e-01
1.7860733271e+00
-1.2746694684e-01
-9.2481297255e-01
-5.0540894270e-01
2.3084294796e+00
2.2650687695e+00
-4.2744841576e+00
-5.1807010174e-01
4.7389757633e-01
8.0773377419e-01
1.3188114166e+00
1.6028054059e-01
-2.7221915126e-01
-8.9746648073e-01
-2.5842253119e-02
5.7500176132e-02
2.3970782757e+00
1.0874006748e+00
-1.9555285573e-01
1.4541435987e-02
1.5580551624e+00
1.8989615440e+00
1.8967670202e+00
1.4204722643e+00
4.1210195422e-01
-1.3587619066e+00
1.6329591274e+00
3.9719414711e-01
1.0399060324e-02
2.1794693470e+00
5.0049000978e-01
2.6315028667e+00
8.6237764359e-01
1.7450513840e+00
2.7523922920e-01
4.8062604666e-01
-2.5913980007e+00
-1.2590407133e+00
1.8206222057e+00
-7.1520954370e-02
-1.5011954308e+00
2.5393998623e+00
8.2171058655e-01
-3.5845395923e-01
-5.3313237429e-01
-1.0930547714e+00
-3.2166345119e+00
-2.4525713921e+00
-1.1341093481e-01
-4.2667832971e-01
1.8776068687e+00
-3.0853831768e-01
-1.5623396635e+00
9.3427598476e-02
4.3020337820e-01
-1.8008219004e+00
-1.5825781822e+00
-1.6343146563e+00
-3.3224812150e-01
-4.6658597887e-02
5.0899672508e+00
-8.8398134708e-01
-4.1410359740e-01
-4.7646030784e-01
3.1658586860e-01
-3.5783287883e-01
4.8373642564e-01
1.2989450246e-02
-6.6283899546e-01
-3.9250433445e-02
9.9020227790e-02
1.4855313301e-01
-5.3221029043e-01
-6.9611299038e-01
1.9018700719e-01
4.3986567855e-01
8.7607234716e-02
-2.8960797191e-01
-5.3844249249e-01
8.4584623575e-01
4.1915202141e+00
-6.1816871166e-01
4.3651673198e-01
-5.8867609501e-01
-5.4562687874e-01
5.9492915869e-01
1.1296448708e+00
-1.2488030642e-01
5.9237056971e-01
-4.8651841283e-01
-9.1587466002e-01
2.2520692348e+00
2.1542863846e+00
2.6397271156e+00
-7.2180151939e-01
-9.8960798979e-01
5.5288052559e-01
1.8315178156e+00
1.7199951410e+00
6.5327179432e-01
-8.5078918934e-01
-9.2555725574e-01
1.0881671906e+00
-3.3408600092e-01
-3.6571529508e-01
-1.1265631914e+00
-1.9274365902e+00
-1.4209311008e+00
-8.9673876762e-01
-1.3743710518e+00
-7.6486325264e-01
1.2772369385e+00
2.1539068222e+00
1.8383321762e+00
-7.3720067739e-02
-9.5229291916e-01
-1.4347095490e+00
-3.5125749111e+00
2.0854800940e-01
3.8572877645e-01
1.1381545067e+00
-1.0173711777e+00
-1.1389048100e+00
2.5875556469e-01
1.0690417290e+00
7.0077257156e+00
-6.9962966442e-01
-1.2317419052e+00
-2.8905832767e-01
1.6438395977e+00
2.4318215847e+00
-2.1461462975e+00
-2.2366869450e+00
-5.3922064602e-02
2.2605810165e+00
1.2578621507e-01
-1.8976203203e+00
1.0348764658e+00
2.0557036996e-01
1.9846519232e+00
2.3682062626e+00
-8.8617789745e-01
-1.7275731564e+00
8.6536699533e-01
1.3497403860e+00
1.6780276597e-01
-1.3029761314e+00
-3.1726977229e-01
4.6323260665e-01
4.9471086264e-01
2.6977226734e+00
8.6299848557e-01
-2.7169209719e-01
5.5485314131e-01
-8.8208037615e-01
-1.9086118937e+00
-2.0845599174e+00
8.9815711975e-01
8.7938785553e-01
-6.8228656054e-01
-1.4499557018e+00
2.1139376163e+00
1.1618692875e+00
1.2966428995e+00
7.0298016071e-01
3.9688214660e-01
-6.8581306934e-01
-9.8855108023e-02
1.4658204317e+00
1.5466603041e+00
3.0749049187e+00
1.2637352943e+00
-6.7100918293e-01
9.0718668699e-01
-3.8614910841e-01
1.5073142052e+00
-8.4881508350e-01
-5.6615177542e-02
2.8605794907e+00
3.8311309814e+00
1.3023669720e+00
-2.1417982578e+00
-1.3525674343e+00
-1.7693740129e-01
-7.3092514277e-01
3.8122785091e-01
2.6338775158e+00
1.6873124838e+00
2.2466974258e+00
1.6036015749e+00
-2.9348993301e-01
-3.6089408398e-01
-7.0242553949e-01
-1.9185916185e+00
-1.4278923273e+00
-1.9828815758e-01
-2.7231745720e+00
-1.2600834370e+00
3.2643139362e-01
-7.6190203428e-01
-1.7805919647e+00
1.4464104176e+00
1.6106690168e+00
-1.2127272040e-01
-1.0233166218e+00
-2.5734519958e+00
-5.0237005949e-01
3.8394269347e-01
-3.6239620298e-02
-2.7109199762e-01
-1.3736678362e+00
-9.0697330236e-01
-8.5632359982e-01
3.2829990983e-01
4.2702102661e+00
5.7272701263e+00
4.5283786952e-02
2.8346258402e-01
-1.2994804382e+00
3.7931862473e-01
1.0198063403e-01
-1.1793478727e+00
-1.0333919525e+00
-6.6713112593e-01
7.4488806725e-01
1.1815384626e+00
-9.2130887508e-01
5.2395325899e-01
1.3727581501e+00
1.4253349304e+00
8.5309630632e-01
1.9204226732e+00
2.1712951660e+00
7.2605177760e-02
1.2657135725e+00
-1.3252798319e+00
-1.3611609936e+00
-1.0683695078e+00
-1.2139705420e+00
-7.1577739716e-01
1.2038481236e+00
2.4753010273e+00
1.7732303143e+00
9.9854391813e-01
1.5164785087e-01
6.7684680223e-01
5.5977571011e-01
3.8056960702e-01
5.8054977655e-01
-8.1218317151e-02
3.5406600684e-02
-7.0129513741e-01
4.0092459321e-01
4.1877639294e-01
9.5950138569e-01
5.7029426098e-01
3.2547816634e-01
1.9747547805e-01
3.2354006171e-01
5.8740711212e-01
-5.4285299778e-01
2.2510268688e+00
9.1917836666e-01
7.3048669100e-01
-5.5771636963e-01
-2.8171606064e+00
-1.1134284735e+00
-4.1246145964e-01
9.0940468013e-02
8.3687668666e-03
8.1360256672e-01
-8.6729454994e-01
-1.4832938910e+00
-1.0639469624e+00
-5.0879377127e-01
5.3127080202e-01
6.7597341537e-01
4.2252743244e-01
-2.3529312015e-01
-1.9214917421e+00
-2.1868407726e+00
-8.6218841374e-02
1.7774321139e-01
-1.4065622091e+00
-1.0486583710e+00
-7.3491781950e-01
-9.3226718903e-01
3.6992067099e-01
3.6546632648e-01
6.6775161028e-01
1.2981249094e+00
3.7272250652e-01
1.2225613594e+00
1.4279488325e+00
1.6498259306e+00
2.4939453602e+00
1.3379632235e+00
8.7468248606e-01
1.2678753138e+00
1.1653090268e-01
1.1615046859e-01
-2.1178510189e+00
-6.7115479708e-01
8.4423027933e-02
7.7403508127e-02
1.2381328344e+00
9.9300783873e-01
7.9343515635e-01
-7.3584042490e-02
-3.8744461536e+00
5.4625934362e-01
-1.1018763781e+00
-2.0345387459e+00
-1.7237880230e+00
-7.6612450182e-02
8.2607358694e-01
2.3861756325e+00
9.2126983404e-01
-1.4324254990e+00
3.8257056475e-01
3.0644235611e+00
-2.5544694066e-01
1.4908692241e-01
5.9541088343e-01
6.7601424456e-01
-3.4994062781e-01
-1.1668510437e+00
-1.7544257641e-01
1.0761023760e+00
1.3740279675e+00
9.4775164127e-01
2.9347258806e-01
-7.5295442343e-01
-9.6510720253e-01
5.6202873588e-02
1.4419583082e+00
9.6489918232e-01
-6.9306677580e-01
-7.7924184501e-02
-4.9233728647e-01
6.8354058266e-01
1.3925688267e+00
2.4339904785e+00
2.5286245346e-01
-8.9917784929e-01
-2.5935044289e+00
-2.3610424995e+00
-1.2446505576e-01
1.0775469244e-01
2.3978955746e+00
2.8932113647e+00
1.2502666712e+00
4.7517856956e-01
-2.6651880145e-01
-9.7639662027e-01
5.2479261160e-01
-1.8212262392e+00
-1.4665243626e+00
-2.8781527653e-02
-2.5179195404e-01
-1.6589426994e+00
2.5300520658e-01
-2.5418716669e-01
-4.5840117335e-01
-8.8082927465e-01
-5.4783987999e-01
-1.3931628466e+00
-5.9851723909e-01
-5.0684940815e-01
-5.0790435076e-01
1.4787104130e+00
4.5721969008e-01
8.9023143053e-01
9.9325531721e-01
1.2129501104e+00
-1.2504984140e+00
-1.5325592756e+00
3.7661898881e-02
4.5571586490e-01
2.8937625885e+00
3.8548154831e+00
-1.7418137789e+00
-1.0806616545e+00
1.4882257581e-01
2.5875236988e+00
3.3066003323e+00
-2.1250941753e+00
-2.4363477230e+00
-2.4916558266e+00
-2.3458328247e+00
-1.5286656618e+00
9.0350365639e-01
4.6353629231e-01
-1.4597268403e-01
-4.8048276454e-02
5.2121323347e-01
-2.1580801010e+00
-1.4181678295e+00
-7.0317822695e-01
1.2048788071e+00
2.8628423214e+00
-7.3807704449e-01
-1.0944920778e+00
-4.3630337715e-01
1.2719866037e+00
1.5375757217e+00
1.7818360329e+00
7.0389026403e-01
7.3288157582e-02
-1.5652911663e+00
-2.9563007355e+00
1.7777767181e+00
7.8712981939e-01
2.5535970926e-01
-2.3525418341e-01
-5.2392405272e-01
2.9798812866e+00
9.5981967449e-01
7.7660053968e-01
3.2446631789e-01
-1.6163363457e+00
1.9134684801e+00
1.6219968796e+00
1.2394368649e+00
2.9484182596e-01
-2.7547770739e-01
-2.5002067089e+00
-2.3417778015e+00
-3.0918464661e+00
-1.8505533934e+00
-2.1926973760e-01
-4.2048069835e-01
2.1987715364e-01
5.3768908978e-01
1.7681474686e+00
2.8404667377e+00
-2.4657021463e-01
-1.0968956947e+00
-6.2759763002e-01
-6.1538600922e-01
-4.9443927407e-01
-1.1110418290e-01
7.5807595253e-01
1.3489114046e+00
4.8953194618e+00
6.1152987480e+00
-3.4693577886e-01
-5.9122526646e-01
-5.3615957499e-01
1.0209361315e+00
4.4233174324e+00
-2.9058175087e+00
-3.1501424313e+00
-2.1616253853e+00
4.7788095474e-01
3.7000379562e+00
-8.7866461277e-01
-4.4544395059e-02
1.3360167742e+00
2.4825239182e+00
3.3413383961e+00
-1.3927232027e+00
-1.0640278459e-01
-7.5847737491e-02
2.6003301144e-01
3.0949771404e-01
4.0157929063e-01
6.4031028748e-01
3.3257347345e-01
-1.4755803347e+00
-1.0858792067e-01
-9.9072521925e-01
-6.3933610916e-01
-1.7656208277e+00
-2.8569307327e+00
-3.7954087257e+00
-4.1093915701e-01
1.3962938786e+00
1.6330419481e-01
-1.0867942572e+00
-2.2423865795e+00
1.2413297892e+00
9.7794806957e-01
5.9918701649e-01
1.0822194815e-01
-4.0449753404e-01
-8.9441336691e-02
8.5884451866e-01
2.2046051025e+00
3.6413626671e+00
1.8990424871e+00
-6.7042201757e-01
-1.8513217568e-01
2.9374766350e-01
3.0862898827e+00
2.1720998287e+00
-3.2468713820e-02
1.4035466909e+00
2.5308284760e+00
7.7065223455e-01
-2.6865342259e-01
-1.7012859583e+00
-1.3765614033e+00
6.1377215385e-01
3.1963706017e-01
2.6439244747e+00
-1.1059558392e+00
-5.2867686749e-01
1.2893010862e-02
1.0972715616e+00
7.4411356449e-01
-2.8448492289e-01
3.0427992344e+00
3.8862451911e-01
-6.9431293011e-01
-5.1856356859e-01
-1.3358851671e+00
-1.4484460354e+00
-5.0367695093e-01
1.5979938507e+00
2.2155807018e+00
2.2280395031e+00
1.0056607723e+00
4.2602273822e-01
2.9444799423e+00
2.0319039822e+00
-8.5171073675e-01
-7.8687882423e-01
2.4713701010e-01
1.7478486300e+00
6.9194072485e-01
7.1401965618e-01
1.8022933006e+00
-5.9716480970e-01
-1.0934660435e+00
-1.4124903679e+00
3.8389503956e-01
8.4008246660e-01
2.3891356587e-01
5.9712678194e-01
8.9502537251e-01
-1.5851958990e+00
-1.3335584402e+00
-9.0988051891e-01
-2.4455004930e-01
-6.1409868300e-02
6.0017019510e-01
-2.0570988655e+00
-3.6636717319e+00
-2.6370480657e-01
9.5394593477e-01
-2.9371201992e+00
1.6618654728e+00
1.3516662121e+00
1.6255412102e+00
-5.5940300226e-01
-1.6497364044e+00
-8.3893632889e-01
6.0246998072e-01
1.8935929537e+00
1.6476180553e+00
-2.6604683399e+00
-1.9599034786e+00
-4.0612754226e-01
-1.8715356588e+00
-1.8799220324e+00
3.7011390924e-01
4.5013584197e-02
2.1157625318e-01
-5.6446093321e-01
-1.5109731257e-01
-9.8312819004e-01
1.2704752684e+00
5.9188479185e-01
-2.1170749664e+00
1.4661631584e+00
-2.3223540783e+00
1.4204221964e-01
2.0633777976e-01
6.7741894722e-01
6.0438460112e-01
3.8574650288e+00
2.8020739555e+00
-1.6906172037e+00
-1.6990216970e+00
-1.1082527786e-01
-3.7717020512e-01
4.2992490530e-01
3.4332621098e-01
-1.8161030114e-01
-2.2513864934e-01
7.0431642532e+00
3.3093481064e+00
3.7727990746e-01
-4.9634328485e-01
-9.2400276661e-01
8.0830276012e-01
9.1172176600e-01
-1.3374370337e+00
-1.3589221239e+00
-4.8052364588e-01
1.3933905959e-01
2.4050102234e+00
2.0392684937e+00
-2.4372961521e+00
-7.0545965433e-01
-1.7628175020e+00
1.3791403770e+00
-1.1267393827e+00
-1.7240536213e+00
-1.4426264763e+00
1.0659706593e+00
1.5023299456e+00
2.2151222825e-01
-1.9713572264e+00
-2.4916362762e+00
6.7065638304e-01
-6.4384467900e-02
6.5943777561e-01
4.4965925813e-01
4.0335199237e-01
-4.2025160789e-01
-1.4240115881e+00
-2.9563908577e+00
-1.4189941883e+00
3.6158788204e-01
5.0002199411e-01
1.5806684494e+00
1.4799265862e+00
1.2920981646e+00
-5.4936194420e-01
1.0456925631e+00
5.8291882277e-01
4.9204263091e-01
-1.7298971415e+00
-6.5817418098e+00
2.9833713174e-01
9.5518755913e-01
2.0089283586e-01
-8.6092397571e-02
-1.0994069576e+00
1.2739871740e+00
1.9666494429e-01
-6.9711852074e-01
-6.0977387428e-01
2.5104457140e-01
1.0962963104e-01
-9.1932725906e-01
-4.0827260017e+00
-1.6420012712e+00
9.6188141033e-03
-6.2393389642e-02
-4.6296340227e-01
6.3595896959e-01
-4.6657371521e-01
-1.9269833565e+00
3.8491122723e+00
4.5068030357e+00
1.5036121607e+00
5.6138008833e-01
1.4395897090e-01
-3.5320429802e+00
9.1889452934e-01
1.3463261127e+00
1.3262352943e+00
6.9452708960e-01
-8.7652719021e-01
2.5629339218e+00
2.3685855865e+00
-8.0714821815e-01
-1.0610860586e+00
6.2529307604e-01
1.8604449034e+00
3.4558217525e+00
1.0543723106e+00
-2.8107154369e-01
5.5522590876e-01
1.4112092555e-01
1.6747332811e+00
2.5832289457e-01
-8.9802080393e-01
1.2429547310e+00
1.7547153234e+00
-8.3270275593e-01
-3.7740918994e-01
-1.1328272820e+00
-4.7026854753e-01
-5.8503377438e-01
3.5439744592e-01
-9.4625815749e-02
-3.2226267457e-01
-1.9203727245e+00
1.3963742256e+00
5.2998107672e-01
2.7791066170e+00
9.0492641926e-01
4.9070243835e+00
-2.6517221332e-01
-2.2564648092e-01
-7.6473736763e-01
-1.2521117926e-01
-2.1983592510e+00
6.9389246404e-02
1.5744862556e+00
6.1458158493e-01
6.8151098490e-01
1.8588845730e+00
1.5511752367e+00
6.9820213318e-01
1.6309942007e+00
2.4338002205e+00
-9.0368622541e-01
2.3717451096e-01
-1.5647933483e+00
1.3952995837e-01
5.7236492634e-01
-2.1483221054e+00
-7.6739901304e-01
-1.9427582026e+00
8.0157583952e-01
-2.2815591097e-01
1.1338506937e+00
1.5150179863e+00
6.9037640095e-01
-8.4393925965e-02
5.7999253273e-01
1.0894140005e+00
1.1020236015e+00
-8.8178569078e-01
-5.1777523756e-01
4.3305641413e-01
-1.4640958309e+00
-1.1678028107e+00
-8.2196652889e-01
5.2135229111e-01
-7.4293148518e-01
-2.5940899849e+00
-6.5385127068e-01
2.1303784847e+00
9.6179395914e-01
-7.7765208483e-01
-1.7667143345e+00
-1.8510985374e+00
8.7673294544e-01
4.5460462570e-01
8.6918795109e-01
2.0151042938e+00
2.0628777146e-01
-1.2198449671e-01
1.0991507769e+00
1.8391996622e+00
4.8141509295e-02
1.9731143117e-01
4.8319149017e-01
1.3639099598e+00
4.1852274537e-01
-1.4397455752e-01
-1.0253607035e+00
-2.7638697624e+00
-1.7450850010e+00
-1.5239928663e-01
2.9722962379e+00
-4.3377220631e-01
-3.6159405112e-01
-9.6955072880e-01
-5.3609031439e-01
1.2939250469e+00
-2.6163312793e-01
2.9250493646e-01
1.2982463837e+00
1.5966193676e+00
-2.7640802860e+00
-2.7068364620e+00
-1.8885074854e+00
-1.6702370644e+00
-1.5715293586e-01
-2.5834503174e+00
-5.9680455923e-01
-5.5826234818e-01
-2.0437315106e-01
7.7227585018e-02
-4.9872478843e-01
1.7062380910e-01
-6.4923876524e-01
-7.3258543015e-01
1.1763279438e+00
9.9455915391e-02
-2.4985582829e+00
-9.1500049829e-01
-8.5755956173e-01
1.1124809831e-01
-7.3282688856e-01
-1.6512257978e-02
-8.2407337427e-01
-9.5299351215e-01
1.0065398216e+00
-4.0492506027e+00
-2.3678006232e-01
4.1210550815e-02
2.7694848180e-01
2.3454867303e-01
5.1073837280e-01
4.2416363955e-01
1.1762109995e+00
5.6473195553e-01
5.6304126978e-01
6.7252534628e-01
-4.0322309732e-01
-3.2560420036e-01
-6.2540906668e-01
3.2167336345e-01
2.2207038403e+00
1.9815068245e+00
-1.1160416603e+00
6.5542459488e-01
1.1437611580e+00
-7.4173098803e-01
-7.2474181652e-01
-1.2010971308e+00
5.8049136400e-01
5.4778084755e+00
-2.5686547756e+00
-1.5400299430e-01
6.6787070036e-01
-1.1288188696e+00
-2.0683736801e+00
-2.0561246574e-01
-3.8439099789e+00
1.3249033689e-01
-1.3365293741e+00
-2.5345323086e+00
-9.4991534948e-01
-3.5314648151e+00
3.0315859318e+00
4.9349990487e-01
1.1706799269e+00
-5.0585791469e-02
1.7454603314e-01
-1.1821947098e+00
-3.2789366245e+00
-1.7138041258e+00
1.9785116911e+00
-2.3811919689e+00
2.1882879734e+00
4.8350706697e-01
4.9342012405e-01
-1.2428289652e+00
1.6930818558e+00
-1.3970850706e+00
1.4368082285e+00
9.4419348240e-01
1.4139847755e+00
1.3766472042e-01
1.0597065687e+00
-1.6914049387e+00
-1.4922167063e+00
-3.7132835388e-01
8.1056660414e-01
-1.3740301132e-01
1.7568144202e-01
1.1115578413e+00
1.0438002646e-01
-1.1630773544e+00
4.4074967504e-02
5.4589051008e-01
2.6383125782e-01
1.1393525600e+00
2.0169976354e-01
9.8079763353e-02
-1.2097734213e+00
-1.2619181871e+00
-2.8100869656e+00
-2.2145731449e+00
9.7354674339e-01
-3.1448492408e-01
1.1084095240e+00
-2.1855585575e+00
5.3531074524e-01
1.2186758518e+00
2.7616400719e+00
9.5694482327e-01
-9.0110498667e-01
3.0773442984e-01
3.9802253246e+00
3.6240646839e+00
3.2544064522e+00
-4.4371448457e-02
1.3878339529e+00
-1.5988324583e-01
-7.1947932243e-01
-6.6908556223e-01
-1.1135476828e+00
-3.8358044624e-01
-5.4823156446e-02
-1.2634580135e+00
-1.0708564520e+00
-7.4941259623e-01
-5.8302128315e-01
-5.0684642792e-01
-6.6572266817e-01
-2.1866235137e-01
1.8443558216e+00
-1.3660010099e+00
4.3163814545e+00
2.9155230522e-01
1.5269210339e+00
-1.6306340694e+00
-1.3311678171e+00
8.4071904421e-01
-4.2755147815e-01
-3.2880795002e-01
-9.7767877579e-01
-6.2035679817e-01
2.2707612514e+00
6.2210875750e-01
6.1132508516e-01
-5.0468146801e-01
3.8718037605e+00
-2.0756237507e+00
-2.2316396236e+00
-2.0120446682e+00
8.4022635221e-01
3.0320835114e+00
3.6426663399e+00
1.4047491550e+00
2.1492896080e+00
-2.3427116871e+00
-3.2108385563e+00
2.0903248787e+00
-3.0414950848e+00
-1.5433434248e+00
1.2352740765e+00
9.0790074319e-03
2.3411798477e+00
-1.7867963016e-01
-8.1327819824e-01
-4.8451099545e-02
1.4192512035e+00
1.5594145656e-01
-7.3027020693e-01
-1.0723221302e+00
9.9567651749e-01
-9.7709044814e-02
4.6861091256e-01
-2.1560616791e-01
6.5278506279e-01
-5.9754514694e+00
3.1023451686e-01
4.2723253369e-01
9.1320925951e-01
5.2894628048e-01
1.7927861214e+00
6.9679468870e-01
3.2675102353e-02
5.2733546495e-01
4.5912328362e-01
1.2385853529e+00
-1.5276296437e-01
2.1597306728e+00
1.9034309387e+00
-2.4874424562e-02
-1.5465257168e+00
1.7405879498e+00
-3.6511998177e+00
-9.5275175571e-01
-2.0727581978e+00
6.8268895149e-01
-5.2403861284e-01
-6.0709786415e-01
-5.6794941425e-01
-6.1618638039e-01
-5.5596070290e+00
2.2322094440e+00
4.9805957079e-01
1.6876697540e+00
1.0305631161e+00
-7.4712741375e-01
3.9031434059e-01
1.9024165869e+00
-1.7075988054e+00
-3.4894723892e+00
-3.4985001087e+00
-1.9546029568e+00
2.8599616885e-01
1.0526897907e+00
7.5309425592e-01
-1.3070433140e+00
-1.8417360783e+00
1.2690299749e+00
1.0857329369e+00
2.3904697895e+00
-3.0284903049e+00
6.5154093318e-03
2.1000973880e-01
2.8698712587e-01
-1.4802274704e+00
-1.6434637308e+00
-1.8516883254e-01
-8.8254976273e-01
-8.2969343662e-01
-5.2770215273e-01
-8.9987361431e-01
-5.8277845383e-01
-4.3640622497e-01
-1.5417732000e+00
1.0158960819e+00
-5.6162303686e-01
-2.0179846287e+00
1.5823564529e+00
1.3533388078e-01
-7.7885502577e-01
-1.5005277395e+00
-1.3435742259e-01
1.2708098888e+00
2.5538866520e+00
2.7995643616e+00
2.2306895256e+00
8.6522233486e-01
-7.6907914877e-01
-2.5131690502e-01
5.8590542525e-02
8.4815526009e-01
-6.5255141258e-01
-1.4680269957e+00
-2.3471262455e+00
-1.1534581184e+00
-2.4738624096e+00
8.2179331779e-01
2.9453010559e+00
7.9998397827e-01
-1.3414646685e-01
-5.9054827690e-01
1.1242140532e+00
8.9864647388e-01
8.5114169121e-01
4.1829031706e-01
1.3769629598e-01
6.4608082175e-02
2.2152910233e+00
1.0246474296e-01
2.3640044034e-01
2.6048574448e+00
-7.6937013865e-01
2.2508373260e+00
1.3827335835e+00
2.1198439598e+00
2.5371756554e+00
6.0412859917e-01
-1.9949874878e+00
3.3495822549e-01
-4.8481804132e-01
-1.8764696121e+00
-1.1875023842e+00
6.9799266756e-02
8.0966621637e-01
-1.7269749641e+00
2.0458040237e+00
4.1287600994e-01
-3.4676895142e+00
-2.6215630770e-01
-2.6449063420e-01
-4.5616206527e-01
3.7890729308e-01
-1.0970203876e+00
2.6877212524e-01
8.7916880846e-01
5.3148287535e-01
1.4813973904e+00
9.1548047960e-02
2.0649147034e+00
1.4955602884e+00
-1.0191097260e+00
-7.6973837614e-01
4.2165546417e+00
1.9357202053e+00
3.8494580984e-01
3.1498856544e+00
-3.5999432206e-01
4.1742837057e-03
1.1146231890e+00
1.9010211229e+00
1.8412028551e+00
2.4843213558e+00
2.8820581734e-02
1.1538156867e-01
-5.1232624799e-02
-3.0489077568e+00
1.7239353657e+00
3.6088416576e+00
-2.7141082287e-01
-2.0730459690e+00
-7.7861100435e-01
-4.9704891443e-01
1.3080338240e+00
3.4281754494e+00
2.3939766884e+00
8.1363612413e-01
-8.4658128023e-01
1.9375437498e-01
-9.1452789307e-01
-4.2580190301e-01
-3.5048609972e-01
4.0296706557e-01
-1.4206781983e-01
-9.2482000589e-01
-1.1956501007e+00
-8.9617919922e-01
1.1507889032e+00
-1.3348702192e+00
-2.2822797298e+00
-3.4608778954e+00
1.6803666353e+00
-4.1922810674e-01
8.2645410299e-01
-2.0132228732e-01
-2.9671034813e+00
-3.2795530558e-01
5.1079893112e-01
-3.4759180546e+00
4.8149549961e-01
8.3265322447e-01
2.7392439544e-02
1.2007945776e+00
5.9113067389e-01
-5.9034913778e-01
-1.0824952126e+00
2.8907592297e+00
1.9411004782e+00
-1.0141209513e-01
-1.5784409642e-01
-5.3324943781e-01
3.2415275574e+00
1.0471559763e+00
1.4053232670e+00
1.0692006350e+00
-1.7731417716e-01
-3.2737785578e-01
-3.1687021255e-01
-2.9755589366e-01
-4.3689167500e-01
-3.6080211401e-01
-1.1837116629e-01
1.9605854154e-01
-1.1737977266e+00
-1.6242690086e+00
-3.6340215802e-01
5.3664898872e-01
2.2186400890e+00
-8.9529705048e-01
-2.6689594984e-01
-1.6564024687e+00
-2.2211942673e+00
2.2425951958e+00
5.4496788979e-01
1.3046473265e+00
-1.1186573505e+00
-2.2971572876e+00
4.9957770854e-02
9.5905400813e-02
5.0037205219e-01
1.7106629610e+00
-1.8128458261e+00
1.0664048195e+00
-8.5417425632e-01
1.7739189863e+00
-2.7329671383e+00
7.9972487688e-01
1.4936161041e-01
2.5279414654e+00
-5.9160900116e-01
7.1803522110e-01
-1.1884734631e+00
1.5008391142e+00
-1.8930535316e+00
9.5462030172e-01
8.6607593298e-01
7.8616273403e-01
-1.3800593615e+00
5.0439941883e-01
-3.6141413450e-01
2.9767870903e-01
-7.4181145430e-01
-3.7158417702e-01
-3.1562721729e-01
-4.7555887699e-01
-3.1108519435e-01
-4.5296311378e+00
-1.8068637848e+00
-3.6367006600e-02
1.0793111324e+00
1.1977385283e+00
2.1483097076e+00
8.5503327847e-01
1.0667110682e+00
1.8712469339e+00
-2.2732903957e+00
1.7822381258e+00
-8.3658623695e-01
3.1799368858e+00
4.5451417565e-01
1.2666991949e+00
-6.3852173090e-01
-2.8079575300e-01
1.0550873280e+00
-1.2890220881e+00
-1.9487006664e+00
3.4170913696e-01
4.2201903462e-01
5.0854653120e-01
2.0994496346e-01
8.3444714546e-01
1.9542608261e+00
-1.3473482132e+00
8.1229573116e-03
-1.5762362480e+00
2.2079782486e+00
8.3748733997e-01
1.3114222884e-01
5.4235315323e-01
5.4107111692e-01
5.1734739542e-01
-3.6203760654e-02
2.0300583839e+00
-1.4704142809e+00
1.4973564148e+00
-8.9115428925e-01
-8.5126501322e-01
-1.7947095633e-01
-3.3793124557e-01
-1.5290836096e+00
-3.5900136828e-01
-3.7102204561e-01
-3.0160042644e-01
-1.2175779343e+00
-9.1806346178e-01
-1.5900833607e+00
2.2010948658e+00
-2.0591197014e+00
-1.4101300240e+00
4.2415997386e-01
2.7762532234e+00
4.4427785277e-01
4.4797173142e-01
7.5307953358e-01
6.4991956949e-01
-2.3092696667e+00
3.1298938394e-01
1.1874902993e-01
-1.3602539301e+00
-1.5301093459e-01
-2.2653271258e-01
-2.1474511623e+00
1.8976099491e+00
-1.0095915794e+00
6.8740391731e-01
-2.2607715130e+00
6.7712879181e-01
1.2762298584e+00
8.5454952717e-01
7.1415162086e-01
3.8047391176e-01
-3.9405975342e+00
-1.0277669430e+00
-8.2125371695e-01
1.3847273588e-01
-6.1197292805e-01
2.0559763908e+00
7.3147398233e-01
8.5872545838e-02
-1.8580452204e+00
-1.8864920139e+00
7.4822157621e-01
7.0645862818e-01
-2.7640147209e+00
-3.3881669044e+00
6.3592922688e-01
7.0526206493e-01
1.0944938660e+00
-6.8476754427e-01
-5.0210547447e-01
-2.3662583828e+00
3.8836381435e+00
-1.3814753294e+00
5.9834122658e-01
-7.0963925123e-01
2.9176940918e+00
-3.3939263821e+00
-4.0431880951e+00
-1.0929188728e+00
4.8255431652e-01
5.6096041203e-01
2.1468238831e+00
-1.5191398859e+00
1.4095981121e+00
-3.5143439770e+00
3.9012575150e-01
3.0715324879e+00
-1.1575158834e+00
4.7708922625e-01
-1.2402989864e+00
-1.7502200603e+00
1.1368614435e+00
-3.3122163266e-02
2.3396325111e+00
7.9349941015e-01
-1.9147810936e+00
-2.0221002102e+00
1.7846503258e+00
-6.5582156181e-01
1.4032460749e-01
-6.1355006695e-01
1.6161355972e+00
-2.1465501785e+00
2.8936951160e+00
-6.7014223337e-01
3.1090676785e-01
2.2169852257e+00
-2.0115795135e+00
-1.0301332474e+00
-2.0041971207e+00
1.3970341682e+00
7.0647764206e-01
2.0453038216e+00
3.6297276616e-01
-3.7021860480e-01
7.0365339518e-01
-2.5222656727e+00
-1.9489029050e-01
8.4326535463e-01
-6.7925298214e-01
1.1766755581e-01
3.6258602142e-01
1.0342146158e+00
6.8713569641e-01
7.2383797169e-01
-2.0886187553e+00
-2.1115260124e+00
-1.4476492405e+00
-1.7881785631e+00
-1.3715310097e+00
5.4996818304e-01
4.9962306023e-01
2.7075581551e+00
-2.0690336227e+00
1.0428202152e+00
1.2118753195e+00
3.1595039368e-01
1.2203752249e-01
7.1944034100e-01
7.5739644468e-02
9.2670863867e-01
1.4222116768e-01
1.2935933471e-01
-4.6040657163e-01
1.9764573872e-01
-2.3481623828e-01
-1.7105809450e+00
6.3008052111e-01
-1.4711067677e+00
-3.4148317575e-01
2.9770636559e+00
-2.1773831844e+00
1.1768759489e+00
-1.8116557598e+00
-4.0732711554e-01
-1.5776774883e+00
-2.7179734707e+00
1.9871861935e+00
-8.3069276810e-01
3.2210450172e+00
-6.8367868662e-01
6.3988834620e-01
1.2035439014e+00
-6.3913416862e-01
-1.7020381987e-01
-3.9738172293e-01
2.3660238087e-01
-1.8636456728e+00
7.9179155827e-01
8.9887988567e-01
-2.2291278839e+00
-6.4047729969e-01
1.6625586748e+00
3.4877579212e+00
-4.4731754065e-01
-1.5952008963e-01
-1.6523308754e+00
-1.2493550777e+00
-3.8493743539e-01
-1.3658633232e+00
-7.9443889856e-01
-1.4185642004e+00
2.1291818619e+00
-2.7545180917e-01
6.8949383497e-01
-1.9197006226e+00
-2.2159948349e+00
-9.6932828426e-01
-2.1753199100e+00
1.6161413491e-01
-1.8447637558e+00
-1.4673742056e+00
-1.2105299234e+00
-1.2480313778e+00
-9.8305284977e-01
3.4564094543e+00
-2.0930683613e+00
-1.4577511549e+00
1.5045282245e-01
-9.0715199709e-01
1.1974996328e+00
4.8929259181e-01
-3.8335416317e+00
2.8603255749e+00
-1.7552927732e+00
5.2067881823e-01
-1.7866624594e+00
-1.3074389696e+00
3.0674904585e-01
4.4597318769e-01
1.5478181839e+00
-6.8895876408e-02
-4.8383522034e-01
1.7134878635e+00
1.6690849066e+00
2.0632047653e+00
7.2650521994e-01
-8.6673337221e-01
1.9572080374e+00
-1.1505966187e+00
9.6041274071e-01
-5.7124817371e-01
1.5590525866e+00
-6.1192941666e-01
1.9208093882e+00
2.0419402421e-01
1.0978385210e+00
4.5001423359e-01
1.7420603037e+00
1.6554985046e+00
1.9734325409e+00
1.4379454851e+00
9.3488264084e-01
1.1561722755e+00
5.2903342247e-01
1.1334067583e+00
-1.1088263988e+00
-5.3060925007e-01
-2.7939575911e-01
6.3423939049e-02
3.9549853802e+00
-1.1768203974e+00
3.6872085929e-01
5.0800478458e-01
7.3798906803e-01
-4.8764508963e-01
-1.4498790503e+00
-1.1628402472e+00
1.3487051725e+00
6.5325837135e+00
1.2184349298e+00
-1.2597270012e+00
-9.2069534585e-03
-3.9059057832e-01
-1.0788041353e+00
1.5521928072e+00
8.7895894051e-01
9.5259523392e-01
1.2048822641e+00
1.2907449007e+00
8.8018614054e-01
2.1000256538e+00
-3.8025426865e-01
-9.2417776585e-01
-1.2716721296e+00
-1.5197129250e+00
3.0532449484e-01
-5.1519434899e-02
-1.1925879866e-01
6.9723737240e-01
1.5757205486e+00
3.1763586998e+00
9.5165038109e-01
1.8210182190e+00
1.8976364136e+00
1.7501844168e+00
-1.0358479023e+00
-4.7474426031e-01
4.2156988382e-01
-9.3286842108e-01
1.4533457160e-01
-1.9582337141e+00
-2.4973317981e-01
2.1326487064e+00
2.0734798908e+00
2.2976992130e+00
4.2036169767e-01
9.9309965968e-02
-1.1195282936e+00
-5.6329488754e-01
-4.3616390228e-01
-1.0574410111e-01
-5.3096824884e-01
6.9445049763e-01
9.6168911457e-01
6.7024904490e-01
1.5277078152e+00
1.0946611166e+00
9.1915911436e-01
2.0152113438e+00
1.6117949486e+00
-2.4354016781e+00
4.9119910598e-01
1.6711585522e+00
1.4116281271e+00
9.2938226461e-01
-1.9694743156e+00
-7.6544523239e-01
1.0971745253e+00
-1.4442117885e-02
-2.8049454093e-01
9.4043350220e-01
-1.0283613205e+00
-1.6807113886e+00
-1.8018745184e+00
-2.8420453072e+00
-1.4615593851e-01
2.2230616212e-01
-1.7791390419e-01
-1.4418135583e-01
-3.7522956729e-01
2.9529368877e+00
8.6883437634e-01
-1.0332498550e+00
-1.4156802893e+00
-1.8636796474e+00
-6.9342160225e+00
-1.2758738995e+00
2.4625425041e-01
1.7506258190e-01
6.1285763979e-01
6.3680477440e-02
-4.8951223493e-01
-1.0192852020e+00
-1.7633874416e+00
-1.4785906076e+00
2.8987500072e-01
4.9024522305e-03
-4.7809669375e-01
-5.0055766106e-01
-8.1045919657e-01
3.1838536263e+00
3.7947831154e+00
2.1782413125e-01
-1.4540320635e+00
-1.5584294796e+00
-1.4617782831e-01
8.0149418116e-01
-2.1402504444e+00
-1.3897520304e+00
-1.5281940699e+00
-1.3945518732e+00
-2.1290357113e+00
-1.5371522903e+00
-1.4885445833e+00
-1.2982885838e+00
1.2858810425e+00
5.8613634109e-01
3.8547131419e-01
1.5778197050e+00
1.2473791838e+00
-1.5049384832e+00
-5.6738756597e-02
9.0455341339e-01
6.0739094019e-01
7.5402683020e-01
7.1336460114e-01
1.4015429020e+00
1.5480613708e+00
1.0554088354e+00
5.9187287092e-01
1.5915840864e+00
-1.0691846162e-01
-5.6242334843e-01
4.1047602892e-01
8.2242166996e-01
-3.2345368862e+00
-9.4209736586e-01
-5.4258823395e-02
-1.1974431276e+00
-2.4254939556e+00
1.6879935265e+00
1.0583426952e+00
4.2496255040e-01
-5.7591205835e-01
-7.9623776674e-01
8.1664107740e-02
3.4757912159e-01
1.9971828461e+00
5.3433328867e-01
1.0756047964e+00
-1.1541061401e+00
1.1420732737e+00
1.4739614725e+00
1.7822773457e+00
1.8279855251e+00
1.8528327942e+00
9.3317240477e-01
7.1196115017e-01
1.6481727362e+00
1.7558510303e+00
-1.7183678150e+00
-1.4737943411e+00
-1.5918451548e+00
-1.3606032133e+00
-2.0380241871e+00
2.8313729167e-01
1.6947056055e+00
-3.5632589459e-01
1.7167359591e+00
-1.8432833254e-01
-3.2464237213e+00
8.7878894806e-01
2.6649258137e+00
2.7987451553e+00
1.1392704248e+00
-5.8002811670e-01
4.6562948823e-01
1.1464706659e+00
-3.8738191128e-01
-2.6429456472e-01
1.3106361628e+00
1.2758713961e+00
1.4956115186e-01
2.3170886934e-01
-5.7933127880e-01
1.0563725233e+00
1.2349333763e+00
3.1023856997e-01
5.3211164474e-01
7.4745006859e-02
6.0400944948e-01
9.7441190481e-01
3.5471528769e-01
-2.0420934260e-01
1.6973166466e+00
-5.4956066608e-01
-3.8592034578e-01
1.1784377098e+00
1.6113616228e+00
8.3975821733e-01
-2.6127519608e+00
-1.1124891043e+00
5.9909212589e-01
7.2382992506e-01
7.1881914139e-01
9.0937261581e+00
6.5292161703e-01
-7.0925140381e-01
-1.0259337425e+00
9.2372559011e-02
1.1976907253e+00
4.5631811023e-01
4.6984675527e-01
2.8570270538e-01
7.7318274975e-01
-1.3494707346e+00
-8.9284527302e-01
-1.9511978626e+00
-3.2566124201e-01
1.7659085989e-01
-7.4234771729e-01
-1.6882338524e+00
5.4941397905e-01
-1.8157486916e+00
3.5206940770e-01
1.2338075638e+00
-4.5978736877e-01
-1.3768635690e-02
-9.9541473389e-01
-1.5526707172e+00
-2.3478159904e+00
-6.2165641785e-01
-1.4744365215e+00
-7.3949319124e-01
-3.4627935290e-01
-1.5611985922e+00
2.2197592258e-01
-1.3564769030e+00
-1.1362438202e+00
-7.1775704622e-01
-1.3625782728e+00
2.2377279401e-01
1.0737903118e+00
1.1218951941e+00
2.1703010798e-01
3.0507397652e+00
-9.0631797910e-02
-4.8673722148e-01
-4.7992283106e-01
-5.3181457520e-01
1.0149489343e-01
3.2479879260e-01
1.0078776628e-01
-3.9123949409e-01
-2.0024280250e-01
-7.4451965094e-01
-1.4535319805e+00
-2.1677560806e+00
-6.8788760900e-01
3.8368451595e-01
-1.1749725044e-01
7.4450445175e-01
2.1464455128e+00
6.4958894253e-01
-5.9946352243e-01
1.7652646303e+00
-4.9059641361e-01
-2.4027991295e+00
-2.1751062870e+00
-2.4000010490e+00
2.3832845688e+00
-2.0243203267e-02
-6.2331378460e-01
-8.0306664109e-02
4.9472069740e-01
-1.0020698309e+00
4.9592027068e-01
-1.7731478810e-01
1.3290715218e+00
1.9419102669e+00
2.2010908127e+00
4.7872060537e-01
2.6448535919e-01
2.6348456740e-01
-4.1107881069e-01
3.2250463963e-01
9.3846136332e-01
1.3282934427e+00
-2.6543903351e-01
-1.6447776556e+00
5.2218116820e-02
9.4527482986e-01
9.0449148417e-01
1.0747495890e+00
1.2557129860e+00
1.0977150872e-02
2.0187802613e-02
-2.9674496502e-02
1.4848086834e+00
1.5777989626e+00
-3.6765978336e+00
-8.1525528431e-01
1.6347302496e-01
8.7143015862e-01
-3.3995872736e-01
-5.3692178726e+00
-2.3172123432e+00
-2.4047337472e-02
3.2758054137e-01
7.3856794834e-01
6.9517272711e-01
1.2464059591e+00
1.8177968264e+00
1.1159648895e+00
7.5462359190e-01
7.9306590557e-01
1.2518276274e-01
3.0654028058e-01
1.0407996178e+00
9.2200088501e-01
-9.7412958145e+00
-5.9751543999e+00
-1.4002950191e+00
-2.8937813640e-01
-3.0105748773e-01
-1.1328481436e+00
-1.1012402773e+00
-8.2933801413e-01
1.0138127208e-01
1.1516752243e+00
-3.2034248114e-02
8.5285210609e-01
1.5478712320e+00
2.5766787529e+00
3.2871248722e+00
1.6030596495e+00
-3.3871749043e-01
1.4197180271e+00
3.4625840187e-01
1.0548481941e+00
7.1248477697e-01
-3.1241598129e+00
-6.9525009394e-01
-1.4002516270e+00
4.9374312162e-01
-1.7499176264e+00
-4.8996253014e+00
-3.4797409177e-01
7.3236055672e-02
2.1099770069e+00
4.2017631531e+00
5.3553438187e-01
1.4423124790e+00
-3.6004986614e-02
5.4497164488e-01
-1.6947331429e+00
-5.1480793953e-01
9.0860593319e-01
3.6060351878e-02
2.7322718501e-01
-1.3765703440e+00
-1.2768570185e+00
-1.8672226369e-01
1.6019088030e+00
3.1792974472e+00
-5.4202252626e-01
-2.3088654876e-01
-2.7776354551e-01
-6.9786109030e-02
-1.0232845694e-01
7.8141011298e-02
1.0422515869e-01
-2.1963500977e-01
-2.7199989557e-01
-4.2222324014e-01
1.0287420750e+00
-2.4167275429e+00
-8.6509639025e-01
1.1050252914e+00
1.2069425583e+00
-1.8128672242e-01
3.1945247650e+00
2.1212162971e+00
1.3050367832e+00
2.9833779335e+00
-2.4218127728e+00
-1.0584797859e+00
-2.4712116718e+00
3.3949807286e-01
-1.1607332230e+00
-1.4618250132e+00
-5.1142263412e-01
-1.2168364525e+00
-1.1280136108e+00
-1.8005728722e+00
1.1772016287e+00
5.2019394934e-02
4.5656159520e-01
8.5857784748e-01
7.9168653488e-01
-1.0119447112e-01
7.9168421030e-01
-1.2480065823e+00
8.2738888264e-01
1.2492699623e+00
-2.1089737415e+00
1.0968179703e+00
1.2531058788e+00
4.1382148862e-01
1.5471323729e+00
3.7371776104e+00
-2.9947953299e-02
1.7303458452e+00
1.4157893658e+00
2.6561625004e+00
-6.1067831516e-01
6.3950514793e-01
1.0787605047e+00
-6.7587059736e-01
-1.1299142838e+00
4.5282416344e+00
-1.3950929642e+00
-1.8899341822e+00
-1.4472438097e+00
-1.9472260475e+00
4.7697871923e-02
1.3774620295e+00
-2.9970896244e+00
-2.4599914551e+00
7.0683389902e-01
-7.7655339241e-01
-2.6128921509e+00
-1.3662714958e+00
-2.9773902893e+00
-1.5318967402e-01
-9.6279346943e-01
-6.7982202768e-01
-1.5362876654e+00
-4.4456988573e-01
1.5336946249e+00
-2.3636811972e-01
8.6592477560e-01
1.2500065565e+00
2.7499287128e+00
2.3489603996e+00
1.4312940836e+00
7.2572761774e-01
2.1392102242e+00
2.6005418301e+00
1.0308636427e+00
2.9517942667e-01
-7.7355813980e-01
-1.3224930763e+00
-1.2616115808e-01
9.3568362296e-02
7.0403498411e-01
1.1171690226e+00
1.2676062584e+00
8.9419740438e-01
-9.9166607857e-01
1.6775137186e+00
1.8451431990e+00
1.8956352472e+00
-3.2072165608e-01
-1.8443431854e+00
8.0913448334e-01
2.1737034321e+00
3.1236183643e+00
9.5475226641e-01
-3.1909540296e-01
-1.7972716093e+00
-8.6063867807e-01
-1.1386711597e+00
1.6229164600e+00
2.4781482220e+00
4.9311432242e-01
-9.1067993641e-01
-2.3965516090e+00
2.4676485360e-01
5.6955212355e-01
-1.7131222486e+00
8.4853154421e-01
-2.6070496440e-01
-1.3166444004e-01
-2.4173071384e+00
5.1042280197e+00
3.4208202362e+00
1.9105877876e+00
4.6315035820e+00
3.0758773908e-02
-1.3420621157e+00
2.9457070827e+00
2.7099246979e+00
3.0106079578e+00
1.4732353687e+00
-3.8477523327e+00
-2.9418978691e+00
-1.4542825222e+00
5.8759249747e-02
1.7431210279e+00
-1.4223335981e+00
6.3379031420e-01
-1.7185570002e+00
2.2393785417e-01
-1.4421931505e+00
5.0193923712e-01
-2.2629415989e-01
-3.5591330528e+00
4.1663238406e-01
3.2003655434e+00
-9.0890669823e-01
-1.2330883741e-01
-6.1639732122e-01
-7.6924914122e-01
3.8956484199e-01
-5.5914193392e-01
-1.0079469681e+00
7.8847199678e-02
-6.5144652128e-01
-8.4080386162e-01
-2.8496654034e+00
-8.7228417397e-01
2.1650245190e+00
1.1237429380e+00
2.4393849373e+00
-6.3788151741e-01
-2.5624856949e+00
-1.5903972387e+00
-2.2628645897e+00
-2.9753274918e+00
-9.2688643932e-01
8.9818008244e-02
7.1791809797e-01
-4.1601277888e-02
1.5384839773e+00
-6.4706403017e-01
1.8078349531e-03
-1.3958858252e+00
-1.9557572603e+00
-1.1466575861e+00
-1.9802150726e+00
1.6153971851e-01
1.3266034424e-01
-1.1891576648e-01
-3.1330448389e-01
-2.9606614113e+00
-1.0086898804e+00
-1.9478868246e+00
-4.4124490023e-01
1.0832593441e+00
4.0050280094e-01
2.9151546955e+00
2.2425320148e+00
1.8535171747e+00
3.7370872498e+00
1.8159554005e+00
6.4260578156e-01
3.4476509094e+00
-1.4120018482e+00
-3.2581624985e+00
2.4890980721e+00
5.5179888010e-01
1.2510037422e+00
2.1864690781e+00
1.7137229443e+00
2.0633730888e+00
1.2424569130e+00
-4.7751519084e-01
1.0527970791e+00
5.4303604364e-01
-1.6346293688e+00
-1.3336480856e+00
2.0538611412e+00
2.3198480606e+00
1.4771594107e-01
3.0783075094e-01
1.5232243538e+00
2.3790952563e-01
-5.3230202198e-01
-1.8690980971e-01
4.3760839105e-01
-1.9003656507e-01
1.8665143251e+00
1.1397452354e+00
1.1956956387e+00
-1.1304787397e+00
-8.2171404362e-01
-2.1552219391e+00
-3.2117371559e+00
-1.5429209471e+00
-9.5516771078e-01
-2.3803336620e+00
-2.7218585014e+00
-2.4079854488e+00
-3.3868784904e+00
-3.4838850498e+00
-4.9386921525e-01
-1.6289967299e+00
-1.0361512899e+00
-2.1210060120e+00
-3.8278284669e-01
-6.0602273792e-02
4.0057641268e-01
-2.7795037627e-01
-6.0328108072e-01
-5.3393441439e-01
-6.9744086266e-01
6.6713333130e-01
3.9467850327e-01
6.4731281996e-01
-2.8380605578e-01
1.0106126964e-01
2.2685292363e-01
1.3887047768e+00
3.8715949059e+00
1.5232229233e+00
6.8549227715e-01
2.0503118038e+00
8.5143756866e-01
-1.1281802654e+00
3.9761415124e-01
2.0517292023e+00
7.5277030468e-01
1.7892317474e-01
1.3770018518e-01
-4.7168812752e+00
-7.9841673374e-01
5.9127730131e-01
1.9302724600e+00
3.1064541340e+00
6.9938760996e-01
6.6217440367e-01
2.7846572399e+00
2.1660015583e+00
1.4576421976e+00
-8.3549576998e-01
-5.3721225262e-01
-2.5243780017e-01
1.9988988638e+00
-7.2653680108e-03
2.1082556248e+00
3.9500010014e+00
2.7425634861e+00
1.4489758015e+00
1.9616076946e+00
-2.4171640873e+00
-1.5309482813e+00
-1.9095716476e+00
-1.0644642115e+00
5.1023912430e+00
2.2705832124e-01
-1.2106937170e+00
-7.6247650385e-01
-9.5929676294e-01
-1.6333982944e+00
-1.4663158655e+00
4.2102348804e-01
2.6986012459e+00
-8.9808773994e-01
-2.6655793190e+00
8.5169482231e-01
1.2944418192e+00
2.8418287635e-01
1.1295950413e+00
2.4586495757e-01
-3.8582704067e+00
-1.1503199339e+00
1.8219010830e+00
2.2541518211e+00
2.9745109081e+00
6.0126447678e-01
1.3682967424e+00
3.1015386581e+00
2.4811398983e+00
-2.3844802380e-01
-1.4309350252e+00
1.2661254406e+00
2.9867045879e+00
8.0974757671e-01
-9.0688729286e-01
8.9666235447e-01
4.8123714514e-03
-4.7419425845e-01
-6.4924907684e-01
-1.4831997156e+00
-6.0054093599e-01
4.8342710733e-01
1.2102032900e+00
6.7485451698e-01
7.3125129938e-01
-2.0942327976e+00
-1.2629631758e+00
-1.0841081142e+00
6.1873620749e-01
-4.5280295610e-01
-2.0831058025e+00
-3.9384660721e+00
-1.0733946562e+00
9.0228754282e-01
1.2426605225e+00
1.4285151958e+00
2.0354070663e+00
2.6844668388e+00
3.0171498656e-01
-2.3624198437e+00
-1.5084025860e+00
7.7479749918e-01
2.0060832500e+00
4.1498360038e-01
-1.4525446296e-01
-1.9226982594e+00
-1.8202571869e+00
3.5455355048e-01
-1.2499874830e+00
-5.6531896591e+00
-1.3759128749e-02
-6.2742507458e-01
-3.5880655050e-01
-5.3777378798e-01
-1.6787234694e-02
-1.2363447994e-01
3.8308596611e-01
5.5346783251e-02
4.5015013218e-01
1.9953788817e-01
-7.7413409948e-01
2.7899071574e-01
7.0259940624e-01
-8.7094746530e-02
2.9463163018e-01
3.3560209274e+00
-2.7644400597e+00
-2.9395625591e+00
-1.4960858822e+00
2.5241496563e+00
-3.1536847353e-01
-8.6866021156e-02
-2.5241604447e-01
-8.1207260489e-02
-4.3798092008e-01
6.5431804657e+00
4.2621418834e-01
-9.5150744915e-01
-6.3647741079e-01
-6.3330978155e-01
1.1948478222e+00
-1.1537679434e+00
-2.4055585861e+00
1.5776339918e-02
3.0847675800e+00
2.8723988533e+00
5.3807872534e-01
-2.1203336716e+00
7.0225799084e-01
1.1918770075e+00
-1.4973261356e+00
-1.5856733322e+00
-3.1018493176e+00
-2.1895363331e+00
-2.2668466568e+00
8.8371831179e-01
1.4648263454e+00
-8.7158173323e-01
-2.8566861153e-01
-2.7021372318e+00
1.7897626758e-01
1.8662552536e-01
9.4984191656e-01
-1.5133261681e-01
1.0205460787e+00
-2.6250438690e+00
-2.5521907806e+00
-1.0691568851e+00
5.0622236729e-01
4.0541994572e-01
1.5473395586e+00
4.5509839058e-01
7.6874953508e-01
3.3516061306e-01
-3.3174793720e+00
7.3588722944e-01
1.6443712637e-02
-1.2599052191e+00
-3.3035571575e+00
-2.0409715176e+00
1.2923480272e+00
8.4439730644e-01
1.0114505142e-01
-1.1716318130e+00
-1.9137941599e+00
7.6439744234e-01
-6.8011748791e-01
-5.2731829882e-01
-3.4178593755e-01
2.7245252132e+00
-1.5287814140e+00
-2.1349546909e+00
-2.6055321693e+00
2.1678535640e-01
6.5955948830e-01
6.3755756617e-01
-7.9535149038e-02
-7.8831636906e-01
-1.1810687780e+00
-2.4740197659e+00
8.3186092377e+00
9.9154287577e-01
1.1585413665e-01
-5.9018876404e-02
-5.6338834763e-01
4.3135282397e-01
2.8940842152e+00
2.3113276958e+00
7.3044413328e-01
-1.5277452469e+00
1.6340976954e+00
3.8257947564e-01
7.4750065804e-01
4.4276362658e-01
-4.1224396229e-01
3.1491041183e+00
5.4141920805e-01
1.9797266722e+00
6.7888009548e-01
-9.7598856688e-01
3.1745624542e-01
2.8498488665e-01
-1.7133145034e-01
7.5818943977e-01
1.9492887259e+00
2.6059060097e+00
1.1421823502e+00
-5.2840185165e-01
-3.7781432271e-02
-9.2732989788e-01
-2.7394697666e+00
-1.1088079214e+00
-8.0654680729e-01
-5.3099161386e-01
-3.1218388677e-01
9.3506759405e-01
3.5780031681e+00
2.3762998581e+00
2.1903586388e+00
-1.6363257170e+00
-5.4974287748e-02
1.2535275519e-01
-7.4269682169e-01
-9.3441888690e-02
2.8474602699e+00
-3.4740918875e-01
8.5050243139e-01
1.7406670749e-01
8.5633194447e-01
-5.4207128286e-01
1.1593681574e+00
7.7284198999e-01
8.5133826733e-01
7.5803917646e-01
3.8272637129e-01
-6.0601603985e-01
1.0457909107e+00
-1.1804040670e+00
-2.1086546779e-01
6.5229660273e-01
-3.9724031091e-01
-6.8977099657e-01
-1.7824182510e+00
-1.2883433104e+00
-6.2597411871e-01
-5.8171552420e-01
1.5306629241e-02
9.0505659580e-01
1.2801412344e+00
7.2589904070e-01
5.7626211643e-01
5.2231383324e-01
-9.7321712971e-01
7.7349615097e-01
9.4787019491e-01
-1.0768723488e+00
1.2702788413e-01
8.4295743704e-01
-6.0181075335e-01
-1.8995797634e+00
-5.3279943466e+00
4.3848365545e-01
1.3219788074e+00
1.7088454962e-01
-9.7301065922e-01
-1.6801233292e+00
3.1655842066e-01
1.3246581554e+00
5.3674560785e-01
-6.2620943785e-01
1.9988781214e+00
6.8924909830e-01
8.7308800220e-01
2.9492447376e+00
2.4103519917e+00
4.6913811564e-01
8.7929844856e-01
2.2923784256e+00
2.0086684823e-01
-2.7777616978e+00
-1.9268666506e+00
-2.8091921806e+00
-3.1339917183e+00
-4.2623004317e-01
1.4878951311e+00
6.2537312508e-01
-1.2593594193e-01
-1.9348308444e-01
1.2273225933e-01
3.2430157661e+00
5.3968602419e-01
5.7344877720e-01
5.5801486969e-01
1.5619963408e+00
-3.1736376882e-01
-2.7973968983e+00
-3.3694558144e+00
-1.5764788389e+00
-2.5451593399e+00
-9.0934753418e-01
-1.6645680666e+00
2.1414645016e-01
5.6086301804e-01
-3.9522718638e-02
-1.1363897324e+00
-4.0588650107e-01
-8.7815231085e-01
6.9659787416e-01
1.0537532568e+00
1.2211760283e+00
5.9861403704e-01
-6.7118698359e-01
-1.1523727179e+00
8.4196817875e-01
2.6427090168e+00
1.2613099813e-01
-6.9539755583e-01
3.8902619481e-01
7.2306357324e-02
9.4577419758e-01
-2.8583774567e+00
1.3895288706e+00
1.0096139908e+00
6.6220873594e-01
7.7014249563e-01
1.1018635035e+00
1.0897486210e+00
1.0880881548e+00
1.5553168952e-01
1.4248634577e+00
1.2429738045e-01
8.5463628173e-02
9.8889581859e-02
1.4840854704e-01
4.0130648613e+00
1.1874926090e+00
3.6643922329e-01
1.8969477415e+00
1.4781008959e+00
1.1145395041e+00
-1.1774698496e+00
-4.3531075120e-01
2.5820067525e-01
4.7969212532e+00
3.6722502708e+00
-5.6178879738e-01
-1.2540472746e+00
-2.6383447647e+00
-1.3967807293e+00
-4.9765318632e-01
-3.8086310029e-01
9.0863621235e-01
-3.0176606774e-01
1.1857671738e+00
-2.5424292088e+00
-3.0762526989e+00
-1.9145394564e+00
-2.9771890640e+00
3.7309190631e-01
-1.7273200750e+00
-7.9955995083e-01
2.2473379970e-02
6.4655385911e-02
-2.0750486851e-01
-5.5043224245e-02
1.5680561066e+00
4.6768422127e+00
2.1640092134e-01
2.4171411991e-01
-3.3557348251e+00
1.3717396259e+00
3.4119972587e-01
1.3090637922e+00
-1.0493172407e+00
-3.9570245147e-01
-2.5918672085e+00
-8.2352626324e-01
2.1431675553e-01
2.8601546288e+00
2.4726750851e+00
2.4471602440e+00
3.2084876299e-01
2.1682796478e+00
-1.1569061279e+00
-1.3643546104e+00
-2.7100121975e-01
3.9797416329e-01
-1.0564669035e-02
-3.0488890409e-01
-1.5644344687e-01
-5.7231128216e-01
1.1703807116e+00
9.5079553127e-01
1.3078141212e+00
7.4384248257e-01
2.9983081818e+00
2.0599923134e+00
3.2484092712e+00
-4.7473472357e-01
-3.0647091866e+00
-1.8531296253e+00
-3.2552883625e+00
-1.4569523335e+00
-8.6798912287e-01
2.1286611557e+00
-8.7593954802e-01
-1.4789233208e+00
-1.0979586840e-01
-2.5040104389e+00
1.6152099371e+00
6.3543683290e-01
-2.7516758442e-01
3.8923665881e-01
9.2152893543e-01
9.4874882698e-01
6.7714416981e-01
1.2793073654e+00
-8.0609041452e-01
-1.4353302717e+00
1.9636685848e+00
5.9151124954e-01
5.8946037292e-01
8.5676485300e-01
-1.2107989788e+00
-2.3460056782e+00
7.8551423550e-01
1.1884123087e+00
4.8330935836e-01
2.9843618870e+00
6.2851095200e-01
6.3726687431e-01
-3.9072883129e-01
1.6220182180e-02
-1.2726002932e+00
-7.6312261820e-01
-9.9406588078e-01
-1.2620105743e+00
-1.3135670424e+00
-3.9222046733e-01
-6.7202091217e-01
9.6934527159e-01
-1.2093200684e+00
1.2871164083e+00
-4.5784029365e-01
1.6607512236e+00
-1.8301804066e+00
-3.3345620632e+00
-2.2764551640e+00
-1.3259515762e+00
-3.7993225455e-01
-2.6864380836e+00
-2.0243797302e+00
-3.9393632412e+00
-1.6853423417e-01
8.9310723543e-01
-1.3032041788e+00
2.5209480524e-01
6.3120216131e-01
3.5817992687e+00
-1.8664924800e-01
1.3761676550e+00
3.4258094430e-01
1.9010299444e-01
7.2260135412e-01
2.9182480648e-02
-1.8019952774e+00
-6.1181074381e-01
-1.0040084124e+00
-4.7590950131e-01
1.2717866898e-01
8.4744137526e-01
1.2183634043e+00
-1.1503738165e+00
-3.9091613293e+00
1.7775215209e-02
-6.1333782971e-02
1.9518542103e-03
6.3350015879e-01
7.2939181328e-01
9.4064462185e-01
-9.4891273975e-01
-2.5382690132e-02
-2.0014069080e+00
6.7735856771e-01
8.6215060949e-01
8.0674469471e-01
-1.4520368576e+00
8.0299943686e-01
-7.6911920309e-01
6.4435553551e-01
-1.1374156475e+00
2.7732646465e-01
6.5857696533e-01
8.4284478426e-01
5.6100928783e-01
-7.2989684343e-01
-2.2345290184e+00
-7.2867226601e-01
-7.2221547365e-01
1.3635504246e+00
1.2103825808e+00
-1.2746155262e+00
6.0212165117e-01
8.3585214615e-01
8.0020111799e-01
2.1592109203e+00
6.7503494024e-01
1.4870507717e+00
-2.3455586433e+00
-3.7292947769e+00
-1.1036263704e+00
4.6022534370e-01
9.2634868622e-01
1.4925186634e+00
6.6596829891e-01
1.7959175110e+00
-2.2416012287e+00
3.8522782922e-01
-1.5970460176e+00
2.6976549625e-01
2.8756245971e-01
-3.5794970393e-01
-9.3027329445e-01
-2.3471465111e+00
-2.1837420762e-02
-2.0444829464e+00
-8.0373501778e-01
-2.0829119682e+00
2.5267606974e-01
-3.0052080750e-01
-1.3516697884e+00
1.6427305341e-01
-3.8228830695e-01
3.4462362528e-01
-5.8585512638e-01
2.0320749283e+00
1.3127306700e+00
1.9591969252e+00
-5.5014652014e-01
-3.8198480606e+00
-2.1458163261e+00
-1.4341430664e+00
-1.6015415192e+00
2.3193254471e+00
2.4097754955e+00
-1.7122159004e+00
-1.9420489073e+00
-7.2633671761e-01
1.4665954113e+00
-1.2444518805e+00
2.1053092182e-01
9.8554700613e-01
-7.5542300940e-01
-1.0700722933e+00
9.7331452370e-01
4.7164651752e-01
9.5696123317e-03
-1.7777413130e+00
-5.6005241349e-03
4.0303474665e-01
-3.3795268536e+00
-8.2453608513e-01
-1.1187560558e+00
2.7354574203e+00
3.3269534111e+00
-1.6872367859e+00
2.1080489159e+00
1.3379772902e+00
2.0938882828e+00
8.4539300203e-01
-5.2670251578e-02
1.8156380653e+00
5.2346020937e-01
2.2021005154e+00
-3.4630281925e+00
-1.4950758219e+00
-3.9510616660e-01
-3.6279952526e-01
1.1600054502e+00
9.1648775339e-01
2.5909662247e+00
1.3552531004e+00
9.1223132610e-01
-6.2460827827e-01
-8.7056100368e-01
1.0088826418e+00
7.9297488928e-01
-3.3958086371e-01
-1.3149632215e+00
-1.0882605314e+00
-2.4821417332e+00
-3.5093259811e+00
-1.2497265339e+00
-1.7292367220e+00
-3.5850789398e-02
1.5072577633e-02
2.8490655422e+00
-3.5608196259e-01
1.9295611382e+00
3.6743062735e-01
-3.4673204422e+00
-6.9234478474e-01
-1.6085687876e+00
1.1547871828e+00
6.9769930840e-01
-5.5220478773e-01
-5.2950894833e-01
-7.0808511972e-01
3.1234343052e+00
3.0438792706e+00
-7.8582715988e-01
-1.7227138281e+00
-8.7273138762e-01
-6.0443288088e-01
5.4215604067e-01
-2.7939033508e-01
-3.3844356537e+00
-8.1729793549e-01
-2.0754899979e+00
-8.4366641939e-02
-1.8965572119e+00
7.0833319426e-01
-1.0594215989e-01
1.6061720848e+00
3.8054385781e-01
4.0193754435e-01
3.4975433350e-01
1.7254471779e+00
5.7543486357e-01
3.8316330314e-01
-8.7194412947e-01
-9.7511214018e-01
1.5302118063e+00
-5.8887392282e-01
1.1259630919e+00
-4.9561515450e-02
1.9559804201e+00
2.3902562261e-01
1.6884438992e+00
-4.3731713295e-01
8.6737418175e-01
1.2166993618e+00
1.9503346682e+00
-1.9923833609e+00
1.0970319062e-01
1.6923093796e+00
2.3566582799e-01
3.4022369981e-01
7.4271333218e-01
1.6815906763e-01
-1.2627144158e-01
-2.3811407387e-01
5.2236914635e-01
3.9447143078e+00
1.4801839590e+00
8.6316013336e-01
1.7880239487e+00
5.8119142056e-01
1.4401519299e+00
9.0553569794e-01
2.2716978565e-02
2.0706300437e-01
2.1828932762e+00
7.7708888054e-01
-6.0020011663e-01
-3.6762869358e-01
-1.2653005123e-01
2.1973758936e-01
8.6829416454e-02
8.1186896563e-01
4.7303777933e-01
1.2610206604e+00
-7.3765778542e-01
-7.7274817228e-01
1.5486212075e-01
1.0319874287e+00
-4.9290966988e-01
-2.4726521969e+00
-2.0662429333e+00
5.9492033720e-01
-6.0426878929e+00
-1.7762551308e+00
1.0806105137e+00
1.8822424114e-01
1.4505335093e+00
2.9263761044e+00
2.2965700626e+00
2.7010381222e+00
8.2213789225e-01
-2.3031346500e-01
-1.4819983244e+00
-6.0933655500e-01
-6.9779604673e-02
-8.6076074839e-01
8.1323200464e-01
6.8587265909e-02
-1.9569018483e-01
3.2172861695e-01
2.6398888230e-01
1.7651591301e+00
3.0398619175e-01
1.0539486408e+00
-5.0428724289e-01
-1.9431661367e+00
-1.6371215582e+00
-1.6224737167e+00
-1.2537083626e+00
-6.4569354057e-01
2.5325027108e-01
-6.1080145836e-01
-2.2865200043e-01
-1.0335361958e+00
1.0915617943e+00
1.6202613115e+00
1.8838191032e+00
5.0588417053e-01
2.4621567726e+00
5.6994695663e+00
2.8345165253e+00
-1.3632547855e-01
3.6407146603e-02
-9.9825406075e-01
-5.4744694382e-02
6.3124227524e-01
1.0601291656e+00
-1.2914233208e+00
-6.5727376938e-01
-1.4608982801e+00
-3.1038630009e+00
-3.0470292568e+00
3.5646280646e-01
5.6707268953e-01
7.6529546641e-03
4.3590456247e-01
-6.6382509470e-01
-8.8893866539e-01
-2.5098857284e-01
-3.6611896753e-01
3.5353106260e-01
4.9936908484e-01
-2.1578342915e+00
-2.0229631662e-01
-8.4704503417e-02
4.6248751879e-01
-1.2382303178e-01
-4.1898402572e-01
2.4781203270e-01
-1.8718829155e+00
-2.7271258831e+00
-1.0005940199e+00
-4.7542783618e-01
-1.7268023491e+00
3.8603523374e-01
9.7214376926e-01
1.9441469908e+00
2.2685110569e+00
-4.9610507488e-01
-2.4399518967e+00
-2.5795731544e+00
-2.2815861702e+00
-5.1874315739e-01
-5.4755758494e-02
-2.8642981052e+00
-1.9271934032e-01
4.1539564729e-01
6.6281974316e-01
6.0180509090e-01
-1.6437778473e+00
-2.8684153557e+00
-2.1693756580e+00
-6.0203548521e-02
-6.6640996933e-01
-3.0439743996e+00
-6.6901028156e-01
-2.8335660696e-01
1.8294941187e+00
2.1819603443e+00
1.1173461676e+00
1.0067839622e+00
-3.4017512202e-01
1.4765471220e+00
1.4700120687e+00
2.7199730873e+00
1.7625936270e+00
3.0740410089e-01
-2.0226504803e+00
-2.5681877136e+00
-1.1333553791e+00
-5.5875229836e-01
-1.9390010834e-01
1.6456778049e+00
7.8344982862e-01
7.2776877880e-01
-8.6178410053e-01
-3.4312808514e+00
1.0655007362e+00
4.6563717723e-01
-1.6164625883e+00
-4.2025198936e+00
-1.9423023462e+00
5.5252041817e+00
1.8782811165e+00
3.4362873435e-01
3.6800539494e-01
5.5450779200e-01
9.1226333380e-01
9.0667934273e-05
2.9294738173e-01
1.1068936586e+00
1.5728158951e+00
-3.7683200836e-01
-2.2373251915e+00
-5.6859046221e-01
9.8427486420e-01
8.2488840818e-01
-1.2853482962e+00
-1.7350600958e+00
-1.0984328985e+00
-8.0588036776e-01
-1.4909163713e+00
4.3111019135e+00
1.7598644495e+00
2.4544904009e-02
4.0847308934e-02
-1.4343950748e+00
9.3482315540e-01
3.0718250275e+00
5.2063117027e+00
1.9179879427e+00
-3.5831786692e-02
-1.3411175013e+00
5.6845021248e-01
1.2594416738e-01
-1.7308287323e-01
-9.1165661812e-01
1.5261602402e+00
1.2949135303e+00
1.2787202001e-01
5.6791651249e-01
-6.7262113094e-01
-1.7044401169e+00
-2.9115154743e+00
-3.5706591606e+00
-1.0127234459e+00
-4.4743165374e-01
-6.6638064384e-01
2.0123390853e-01
-1.8857967854e+00
-2.1076776981e+00
-1.9780099392e+00
-2.5008816719e+00
-1.8776993752e+00
-4.5969331264e-01
-5.1976007223e-01
3.9499905705e-01
-1.5705062151e+00
-6.0721749067e-01
1.2801862955e+00
5.4543018341e-01
-7.5754404068e-02
-2.9543760419e-01
-1.9789025784e+00
-2.9576141834e+00
-1.3377842903e+00
1.2351614237e+00
-1.0892515182e+00
-1.5616174042e-01
2.0991647243e+00
7.3324435949e-01
2.6056098938e+00
-4.7200366855e-01
5.1811760664e-01
-1.2344701290e+00
-6.1658567190e-01
1.1430560350e+00
7.2906672955e-01
-1.0198146105e+00
-5.5847012997e-01
2.2734478116e-01
2.6286512613e-01
6.6419816017e-01
-1.7121189833e+00
-8.6214107275e-01
1.2845681906e+00
9.1530837119e-02
-1.3974691629e+00
7.9201591015e-01
-1.0365365744e+00
-3.4396407008e-01
1.4405705929e+00
-1.1200814247e+00
-4.1662177444e-01
9.5266717672e-01
9.3161210418e-02
9.0565621853e-02
9.1511595249e-01
7.3925423622e-01
1.2110756636e+00
2.3123552799e+00
1.9173519611e+00
2.6990234852e-01
8.0692476034e-01
2.3376104832e+00
3.5902307034e+00
2.8558821678e+00
-2.1845760345e+00
-1.3047653437e+00
-1.3618239760e-01
-1.3278293610e+00
-1.6531872749e+00
-6.8496239185e-01
-5.4523408413e-01
-2.7413525581e+00
-5.6086516380e-01
1.5852252245e+00
-1.4956273139e-01
8.0217468739e-01
8.7831765413e-01
3.0379289389e-01
-9.9535077810e-01
-1.4586856365e+00
-1.8751710653e+00
-3.7408378124e+00
-1.4160137177e+00
-5.9743100405e-01
-1.1052403450e+00
-1.3546078205e+00
-1.8128350973e+00
3.7852773070e-01
1.7853602171e+00
-1.5390450954e+00
4.0537065268e-01
5.3707736731e-01
-8.1870600581e-02
7.5290077925e-01
-1.4343807697e+00
6.2225434929e-02
4.1307422519e-01
-1.3963961601e+00
-2.9674699181e-04
-1.1003701687e+00
1.3644933701e+00
2.6295428276e+00
1.1982427835e+00
1.7761310339e+00
-1.8683644533e+00
-1.1812274456e+00
-5.4642069340e-01
-7.2535164654e-03
2.3366107941e+00
-1.1509029865e+00
-2.6887304783e+00
-1.6526032984e-01
1.3938559294e+00
1.4939705133e+00
-1.0647879839e+00
7.3734110594e-01
1.1261478662e+00
-3.2665318251e-01
-7.7094101906e-01
-3.9013991356e+00
-6.7228180170e-01
6.2035311013e-02
4.9324643612e-01
-6.2891113758e-01
2.0158259869e+00
2.1985719204e+00
3.4616737366e+00
1.6012694836e+00
7.6215142012e-01
-1.2311024219e-01
-1.5191377699e-01
1.6981811821e-01
1.9465994835e+00
3.0227804184e+00
-1.9539606571e+00
-1.6744067669e+00
2.1146128420e-03
3.4880572557e-01
1.9575827122e+00
-2.0719416142e+00
-8.6474561691e-01
5.5524665117e-01
2.2038829327e+00
3.7067694664e+00
-2.5274205208e+00
-1.6773492098e+00
3.9885804057e-01
6.9218569994e-01
-8.5490304232e-01
1.5313414335e+00
-8.5727763176e-01
-6.5957173705e-02
-9.2134904861e-01
9.1307565570e-02
-9.2469239235e-01
-1.3800235987e+00
4.0598478913e-01
-2.0703773499e+00
2.5470666885e+00
2.2432026863e+00
1.1114569753e-01
4.8213571310e-01
3.3771858215e+00
2.0013883114e+00
1.6357790232e+00
4.2665019035e+00
3.6862666607e+00
3.1491773129e+00
4.9206576347e+00
-1.4520873129e-01
-1.8241800070e+00
-1.5340124071e-01
1.9287140667e-01
1.0561362505e+00
-1.1169952154e+00
-1.8394385278e-01
-1.7062017918e+00
-6.6160297394e-01
3.0311446190e+00
1.7575497627e+00
7.4520355463e-01
1.3554521799e+00
6.3468915224e-01
2.0749049187e+00
1.1115181446e+00
3.8627451658e-01
2.1449111402e-01
-1.3729095459e+00
1.5708772466e-02
1.6323540211e+00
5.2229905128e-01
-2.0330131054e+00
-3.3546179533e-01
6.9796091318e-01
-3.6561310291e+00
-1.3699873686e+00
2.2602024078e+00
1.0924516916e+00
-5.5987787247e-01
5.3650063276e-01
-2.0291597843e+00
-2.2059500217e+00
-1.3505949974e+00
-1.7470146418e+00
-5.7506763935e-01
-7.9949033260e-01
-9.6784675121e-01
-2.9104998112e+00
-3.2056670189e+00
-7.3419928551e-02
6.6698330641e-01
5.6022655964e-01
2.0438709259e+00
1.3438402414e+00
6.9734424353e-01
-8.1112164259e-01
1.9919759035e+00
1.4286866412e-02
1.1741836071e+00
-4.8626170158e+00
-2.0879702568e+00
-8.2952302694e-01
6.1971779913e-02
-1.4189362526e+00
-4.3055243492e+00
-2.1286854744e+00
-3.2959687710e+00
-5.1758193970e+00
-2.8471744061e+00
4.0934541821e-01
1.3522160053e+00
9.0339535475e-01
-4.0589150786e-01
-3.0852675438e-01
6.6362106800e-01
4.1423401833e+00
-1.2649139166e+00
-1.7059620619e+00
-1.2164297700e-01
-5.5101245642e-01
2.2619518638e-01
-1.9306847453e-01
-2.5621871948e+00
-2.9441139698e+00
-4.5806620270e-02
1.3076550961e+00
-3.5383611917e-02
-1.1668288708e+00
2.0120036602e+00
-8.0852335691e-01
-9.6138858795e-01
-9.0287172794e-01
-1.0994729996e+00
9.3831646442e-01
-9.1487807035e-01
-1.6223406792e-01
7.9901590943e-02
1.1893465519e+00
2.5380663872e+00
6.9282881916e-02
1.3505439758e+00
1.8287916183e+00
1.7005275488e+00
1.7359303236e+00
2.6038300991e+00
-3.4486681223e-01
-1.3916972876e+00
-5.7471483946e-02
-8.1422165036e-02
-2.0206685066e+00
-2.0698816776e+00
-7.9308289289e-01
-5.1577001810e-01
-2.9533803463e+00
9.7528183460e-01
5.2230614424e-01
1.2644894123e+00
6.2906712294e-01
-1.3309209347e+00
-1.5075551271e+00
5.1603400707e-01
-2.2774887085e+00
4.2142444849e-01
-8.0260932446e-01
-2.8943076730e-01
-1.6957122087e-01
1.4343268871e+00
2.6212933064e+00
1.0716271400e+00
1.0795394182e+00
2.6251202822e-01
-8.2679194212e-01
-2.4911026955e+00
-3.0195522308e-01
-1.5228281021e+00
-2.1814105511e+00
-1.3691518307e+00
-6.2868565321e-01
-2.4112780094e+00
-1.2913855314e+00
-3.1727987528e-01
1.1477282643e-01
-1.1761163473e+00
1.6161063910e+00
-2.1304111481e+00
6.7322677374e-01
2.8262035847e+00
1.0506424904e+00
1.4038935900e+00
-4.7154927254e+00
-2.0796420574e+00
-1.4078590870e+00
-1.1891980171e+00
-2.0492234230e+00
1.0153766870e+00
2.2820215225e+00
2.0916886330e+00
-1.2801752090e+00
-2.0515642166e+00
2.0326664448e+00
1.2287908792e-01
-8.4629416466e-01
-8.6226731539e-01
-1.2925528288e+00
-5.4713910818e-01
1.1606264114e+00
1.6719952822e+00
6.5608751774e-01
1.1452853680e-01
-9.0354406834e-01
-4.1238427162e-01
-3.9192810655e-01
-4.9591138959e-01
4.3850815296e-01
-1.9151489735e+00
-1.0153573751e+00
-5.8524094522e-02
-2.5457372665e+00
-1.3267967701e+00
6.2733602524e+00
-4.1954922676e-01
-3.3135623932e+00
-2.2862689495e+00
4.2539358139e+00
-7.4705421925e-01
-1.4497143030e+00
-1.4026948810e-01
2.3196282387e+00
1.5319995880e+00
-7.5795507431e-01
1.7121356726e-01
6.1033564806e-01
-1.2321373224e+00
-4.7254008055e-01
1.1126060486e+00
-1.4441466331e+00
-3.0533866882e+00
-3.1238005161e+00
-2.1912713051e+00
9.5425534248e-01
2.1345639229e+00
6.2601363659e-01
6.0959416628e-01
-1.8687875271e+00
1.8740904331e+00
2.9595496655e+00
3.7658956647e-01
2.8642158508e+00
9.2267113924e-01
-1.7587556839e+00
1.0644328594e+00
6.9758695364e-01
1.1880521774e+00
1.7211899757e+00
2.4317106605e-01
-2.2775626183e+00
-1.6901547909e+00
6.5401054919e-02
-1.1948025227e+00
3.4049627781e+00
5.2327871323e-01
-1.3285355568e+00
1.7179589272e+00
-2.9091277122e+00
-4.4023421407e-01
-1.0734859705e+00
-8.9647829533e-01
3.7778642774e-01
5.4535335302e-01
1.4916043282e+00
2.1107060909e+00
1.1309980154e+00
2.8547785282e+00
3.2519447803e+00
-6.8526154757e-01
-1.4674477577e+00
-4.6568980813e-01
-1.9240807295e+00
-1.1730724573e+00
7.2534400225e-01
2.3407523632e+00
-2.3797255754e-01
2.7938386798e-01
-2.0983791351e+00
8.6815065145e-01
-8.9444708824e-01
-1.8382616043e+00
-3.5770934820e-01
-6.2217020988e-01
-1.2631592751e+00
-1.7004224062e+00
-2.2381865978e+00
-7.7077025175e-01
1.4690314531e+00
2.4843935966e+00
1.0283249617e+00
4.6251368523e+00
1.9011223316e+00
2.7527711391e+00
-7.0749598742e-01
-8.7737478316e-02
6.7328172922e-01
1.1373847723e+00
1.8225191832e+00
4.3290862441e-01
1.3064396381e+00
1.4210914373e+00
1.4806447029e+00
2.1113715172e+00
-3.4335229397e+00
-1.4046149254e+00
-2.4351973534e+00
1.3275025785e-01
1.8180891275e+00
-1.6459720135e+00
9.5745813847e-01
3.1397143006e-01
-1.5382051468e-02
-7.7101880312e-01
-8.4345781803e-01
-5.8646935225e-01
1.4297912121e+00
1.3687759638e+00
-3.0200390145e-02
-1.6753648221e-01
7.3263561726e-01
2.5833551884e+00
1.8202608824e+00
1.7558797598e+00
1.1861375570e+00
-1.9604051113e-01
-1.0702807903e+00
2.4273146689e-01
1.6192567348e+00
-2.0722479820e+00
-2.4377477169e+00
-4.0161871910e+00
3.4928004742e+00
-5.0654274225e-01
-7.2647416592e-01
-8.6758553982e-01
-8.8177525997e-01
-7.5775370002e-02
-4.0183648467e-02
-1.6964095831e+00
-1.5029715002e-01
8.3460336924e-01
7.6408994198e-01
-3.8226774335e-01
-4.2516615987e-01
-7.6073622704e-01
-1.8061983585e-01
-1.1806818247e+00
-9.5477730036e-01
1.5226696432e-01
4.8316159844e-01
2.0963670313e-01
-9.6178281307e-01
3.4258851409e-01
-1.2522189617e+00
-4.2581596375e+00
-3.7512391806e-01
1.4158940315e+00
1.9283626080e+00
2.7740108967e+00
2.5791487694e+00
2.2922034264e+00
1.9306783676e+00
1.4834311008e+00
-1.1335840225e+00
-3.6942750216e-01
-4.0517453104e-02
-2.0962081850e-01
1.6950884834e-02
-9.8802052438e-02
1.0551532507e+00
1.4095336199e-01
-1.4750180244e+00
-8.9354670048e-01
-4.1963133216e-01
-2.3872482777e-01
2.9846170545e-01
-1.8240426481e-01
-9.8976320028e-01
-1.6736702919e+00
-1.4600690603e+00
-1.8408687115e+00
-1.5718811750e+00
-7.1067661047e-01
1.5495256186e+00
2.1324828267e-01
-2.1642727852e+00
9.3657362461e-01
1.3414881229e+00
-1.9704142809e+00
5.3553628922e-01
3.1945536137e+00
1.1816488504e+00
-2.0505023003e+00
-2.5570735931e+00
-1.6986355782e+00
3.8101259619e-02
1.4959759712e+00
1.9559648037e+00
-2.2673866749e+00
-1.9275189638e+00
-1.4369208813e+00
-2.4012925625e+00
-3.8920128345e+00
-8.4541223943e-02
4.9139159918e-01
6.5484678745e-01
1.0636067390e-01
9.9957120419e-01
-2.3031919003e+00
1.0007048845e+00
1.7725727558e+00
-1.2596559525e+00
-4.5486924052e-01
-4.7986288071e+00
-7.2572672367e-01
5.9042608738e-01
3.2482463121e-01
1.1828962564e+00
2.9377563000e+00
3.9718419313e-01
-3.3415808678e+00
-1.5197048187e+00
-3.1397762895e-01
3.1137937307e-01
4.6094632149e-01
-3.6224734783e-01
1.5236045420e-01
7.2551995516e-01
6.7094340324e+00
9.6291023493e-01
-6.5635567904e-01
-2.1066584587e+00
-2.4941482544e+00
6.8236112595e-02
-9.3453955650e-01
-1.6532499790e+00
-2.3404898643e+00
-1.0221101344e-02
1.0382306576e+00
7.5409948826e-02
1.0497870445e+00
-8.6231482029e-01
-1.3806356192e+00
-2.6675398350e+00
-7.1774828434e-01
-8.6669039726e-01
-1.0783562660e+00
-5.7789564133e-01
1.5234781504e+00
1.8721770048e+00
1.5314359665e+00
-7.9575216770e-01
-2.7833571434e+00
1.4191380739e+00
1.2772334814e+00
1.7973135710e+00
1.8221153021e+00
2.5709424019e+00
-6.1278647184e-01
-7.7013069391e-01
-9.7779488564e-01
-6.4274787903e-01
-3.8836479187e-01
-2.8874596953e-01
1.7173140049e+00
6.2283748388e-01
1.7362052202e-01
-1.5251263380e+00
1.9200774431e+00
1.3536850214e+00
6.9791096449e-01
-6.4002889395e-01
-4.8525776863e+00
5.9787583351e-01
2.3470399380e+00
-5.7337486744e-01
-4.9588671327e-01
-1.1613652706e+00
1.6762516499e+00
8.7567234039e-01
7.5601947308e-01
9.4774860144e-01
9.1571414471e-01
1.0218628645e+00
1.0653845966e-01
-2.9416856766e+00
-3.9578765631e-01
2.8222981095e-01
-1.2070653439e+00
-8.5804051161e-01
-5.6794953346e-01
-1.0332294703e+00
-2.3385617733e+00
3.3291277885e+00
2.0244278908e+00
1.4337965250e+00
1.2067297101e-01
5.4414574057e-02
-1.2586984634e+00
1.2210402489e+00
3.8652274609e+00
1.9364678860e+00
4.0246516466e-01
1.9583263993e-01
2.1510441303e+00
2.1442592144e+00
9.5498926938e-02
-1.6829791069e+00
1.8891907930e+00
1.1774032116e+00
4.1081256866e+00
1.4906108379e+00
-4.8385381699e-01
-1.0776685476e+00
-2.3482298851e-01
-1.5570963919e-01
-1.7446876764e+00
1.0554364920e+00
3.4219512343e-01
1.2319399118e+00
2.0647313595e+00
-9.8388884217e-03
-1.0654894114e+00
-4.6039242297e-02
-4.6494346857e-01
2.2772111697e-04
-8.9185410738e-01
2.6883395389e-02
-2.5111582279e+00
-2.8605300188e-01
9.0967506170e-01
-8.2596689463e-02
-1.2104940414e+00
2.7241923809e+00
-8.1190717220e-01
-2.1431295872e+00
-1.7403117418e+00
-7.6671284437e-01
-2.4158148468e-01
1.6885392666e+00
1.6630427837e+00
1.7944483757e+00
1.2622895241e+00
-1.1676956415e+00
-3.4653750062e-01
-1.5423648059e-01
5.7042944431e-01
2.4240562916e+00
-1.8994757533e-01
-2.3154529929e-01
-1.2186328173e+00
-6.5182250738e-01
3.1327196956e-01
-1.8565392494e+00
-1.3446060419e+00
-5.6530531496e-02
1.4345445633e+00
1.7681274414e+00
4.4422239065e-02
1.8258985281e+00
9.1090607643e-01
7.5972944498e-01
2.5431194305e+00
1.2790615559e+00
-4.1271302849e-02
-9.4553726912e-01
-4.7570618987e-01
-4.7692295909e-01
-9.5397436619e-01
-2.8519532084e-01
4.4733607769e-01
1.6604894400e+00
9.4984161854e-01
-1.8562613726e+00
1.2203875780e+00
4.3551164865e-01
1.1068216562e+00
-6.1834782362e-01
-1.7572107315e+00
-1.5384615660e+00
-4.7235491872e-01
7.2159543633e-02
-7.9515600204e-01
-6.2753158808e-01
1.7457519472e-01
-3.8043314219e-01
1.7121073604e-01
3.8082211018e+00
6.1516261101e-01
1.8988448381e+00
1.6313493252e+00
9.4463139772e-01
-6.1478382349e-01
-7.6451647282e-01
-1.5758590698e+00
-2.0938582420e+00
-1.2285032272e+00
-7.9339766502e-01
1.6779223457e-02
-1.2149378061e+00
-1.9492065907e+00
-1.7189027071e+00
-9.2127084732e-01
-2.4039404392e+00
-7.6739776134e-01
9.1680878401e-01
1.1758701801e+00
2.6000642776e-01
-9.1543549299e-01
-2.7467849255e+00
-2.2797827721e+00
-3.1661808491e+00
-1.8220089674e+00
-8.4890574217e-01
-7.6266914606e-01
8.4297239780e-01
8.6734724045e-01
1.6576495171e+00
5.0354820490e-01
1.4810191393e+00
1.2274622917e+00
3.5111472011e-01
2.8162608147e+00
-2.6307436824e-01
-2.0761024952e+00
-1.2249723673e+00
-3.3778149635e-02
2.0368664265e+00
-1.5459179878e+00
5.4258149862e-01
1.3819537126e-02
1.5270704031e+00
1.1170060635e+00
-5.3267855644e+00
-8.9322513342e-01
2.9151055217e-01
1.3354574442e+00
2.1967239380e+00
1.1743456125e+00
1.4208003283e+00
2.3275380135e+00
2.6050510406e+00
3.2795875072e+00
1.3267338276e+00
-6.0229045153e-01
-4.5558905602e-01
-3.1457674503e-01
6.1047631502e-01
-1.1684147120e+00
-5.5299597979e-01
-2.4015009403e+00
7.7755808830e-01
5.8213371038e-01
-2.1165940762e+00
-1.6684134007e+00
-1.6924518347e+00
2.0718002319e-01
2.5549447536e+00
-1.1324636936e+00
-6.3186496496e-01
1.8644134700e-01
-6.8945628405e-01
-5.4488712549e-01
1.3814002275e+00
2.0778424740e+00
1.4877492189e+00
5.1670547575e-02
1.1607265472e+00
1.8611502647e+00
1.5427393913e+00
-8.3678834140e-02
-1.9978524745e-01
-1.0793384314e+00
-8.8685619831e-01
-1.5854682028e-01
-8.2862818241e-01
5.6374502182e-01
3.2351356745e-01
6.4503651857e-01
1.1166836023e+00
-8.3218276501e-01
3.4648925066e-01
-2.8631086349e+00
-3.3647179604e-01
-1.8434940577e+00
2.9628920555e-01
-2.1875796318e+00
-9.7542381287e-01
-9.9591952562e-01
1.5657702088e-01
-3.6830851436e-01
1.8175294399e+00
1.0417485237e+00
4.9640360475e-01
9.0524977446e-01
1.5994416475e+00
9.9692493677e-01
3.2490646839e-01
1.5462387800e+00
4.3985724449e-02
-2.2809231281e-01
-5.1339840889e-01
8.0502188206e-01
2.5451202393e+00
1.8442882299e+00
2.0337247849e+00
2.5686278343e+00
3.0263955593e+00
-2.1023261547e+00
4.2479160428e-01
8.3682245016e-01
1.5809882879e+00
-8.4796386957e-01
9.8240494728e-01
-1.0271794796e+00
2.9852011204e+00
-1.3825117052e-01
4.5154933929e+00
1.8179023266e-01
1.1769332886e+00
-9.9887067080e-01
-4.0150192380e-01
-8.8896647096e-02
-1.0510913134e+00
3.3321675658e-01
6.6790992022e-01
5.2673292160e-01
2.6431713253e-02
-2.7517209053e+00
-2.0422208309e-01
8.0616790056e-01
8.5368865728e-01
-2.5101307034e-01
-1.9959166050e+00
-2.3103241920e+00
-4.9283200502e-01
-1.3003712893e+00
-4.5419991016e-01
-1.3083311319e+00
-8.4362727404e-01
-2.7009341717e+00
-2.4914462566e+00
-4.1327586174e+00
8.9600080252e-01
-2.7071803808e-01
-6.5029639006e-01
-1.4918904305e+00
-1.7093114853e+00
1.0287536681e-01
-5.2027916908e-01
-8.1917220354e-01
-2.5839269161e+00
-2.5488724709e+00
-1.0543141365e+00
-3.5436084270e+00
-1.4890471697e+00
-3.0911750793e+00
-2.8951921463e+00
2.0026416779e+00
-2.9504641891e-01
6.7976273596e-02
-1.0352612734e+00
1.4545621872e+00
-3.8950893283e-01
-5.3498607874e-01
-1.0771999359e+00
4.0106990933e-01
1.0836489201e+00
4.2393428087e-01
-1.1166622639e+00
9.4704926014e-01
4.5530539751e-01
2.9025080204e+00
1.7970848083e-01
1.6460661888e+00
3.1499545574e+00
1.1046646833e+00
7.3301380873e-01
-4.2256960273e-01
-1.7160180807e+00
-1.1102305651e+00
-4.0803588927e-03
1.9742103294e-02
-2.7812261581e+00
-1.0681929588e+00
-6.6515475512e-01
-1.4502063990e+00
-3.1533274651e+00
2.3010015488e+00
1.3684189320e+00
1.8472111225e+00
1.1612292528e+00
1.7361693382e+00
8.6887705326e-01
2.2449882030e+00
1.4876884222e+00
3.4752564430e+00
1.2031046152e+00
-7.2519659996e-01
-7.4285614491e-01
7.5655275583e-01
3.0114084482e-01
-5.3963667154e-01
2.6550345421e+00
1.6913206577e+00
1.5723323822e+00
2.0196492672e+00
3.0368843079e+00
7.2273808718e-01
-7.9292488098e-01
1.0111762285e+00
5.6164152920e-02
8.5702687502e-01
2.9964452982e-01
-5.4885399342e-01
1.0030717850e+00
-1.4530164003e+00
3.1742382050e-01
1.8485622108e-01
2.5308889151e-01
7.9035425186e-01
1.4488865137e+00
1.5946775675e+00
-1.7093072832e-01
-4.9751665443e-02
-5.7098495960e-01
2.5982159376e-01
1.1711087227e+00
1.2484576702e+00
-2.5213792324e+00
-3.2403659821e-01
-2.4644496441e+00
1.8107753992e+00
-3.7189853191e+00
-1.7040275335e+00
9.0405762196e-01
-8.7598347664e-01
-2.7653894424e+00
-1.6506819725e+00
4.6006730199e-01
3.0554485321e-01
1.9723544121e+00
1.3872491121e+00
3.0468349457e+00
1.3004335165e+00
2.5369861126e+00
2.9796068668e+00
5.2950940132e+00
-2.8687779903e+00
-1.0736429691e+00
-1.9175190926e+00
4.1864818335e-01
-4.8538771272e-01
3.5921046734e+00
2.6675879955e+00
2.4675748348e+00
2.9729127884e+00
3.0511686802e+00
2.4526779354e-01
2.1367561817e+00
1.8193610013e-01
2.2438726425e+00
7.1115523577e-01
-1.7441426516e+00
-3.8910963535e+00
-2.3161926270e+00
-2.7016196251e+00
-1.7733736038e+00
8.0430090427e-01
-3.5252541304e-01
-1.6864395142e-01
-1.2673954964e+00
-1.7990025282e+00
-1.7673761845e+00
-9.2411643267e-01
-1.7178567648e+00
5.1653450727e-01
-2.2435114384e+00
-2.4217178822e+00
-1.2762140036e+00
-3.1811230183e+00
-4.4808253646e-01
-2.4469695091e+00
1.8746930361e+00
1.8612633646e-01
-1.4964216948e-01
2.0792645216e-01
-2.0040278137e-01
-1.7994499207e-01
7.4823486805e-01
1.4078266621e+00
1.7828400135e+00
1.6431697607e+00
5.3234480321e-02
1.0084478855e+00
-1.6235547066e+00
1.2785315514e-01
-3.3702542782e+00
1.0975019932e+00
1.6478860378e-01
-7.5675594807e-01
-9.6875500679e-01
-8.1821662188e-01
5.4742473364e-01
-5.3427433968e-01
4.2042288184e-01
6.3208544254e-01
8.8956080377e-02
-7.7020309865e-02
1.8620296717e+00
4.8512721062e-01
1.8367750645e+00
1.1685446501e+00
4.4631049037e-01
4.4232687354e-01
-1.8770262003e+00
7.9837310314e-01
-5.8994811773e-01
4.1541630030e-01
4.6613281965e-01
1.6440321207e+00
1.6882930994e+00
1.6506832838e+00
1.5878649950e+00
-7.1792244911e-01
3.5660576075e-02
1.6706287861e-01
2.3542809486e+00
1.9186000824e+00
6.9217312336e-01
1.3175122738e+00
1.9722780585e-01
3.2042262554e+00
5.2180105448e-01
4.9835640192e-01
-1.6825468540e+00
-2.1196920872e+00
-4.8818805814e-01
-1.1384127140e+00
1.7069157958e-01
2.3608656228e-01
6.6069310904e-01
-8.5023500025e-02
3.0098602772e+00
1.7092633247e+00
3.2899107933e+00
1.5407681465e+00
1.9365653992e+00
7.0103579760e-01
6.7215591669e-01
-5.5657726526e-01
2.3875715733e+00
-1.3645289838e-01
-1.9701290131e+00
-2.1507041454e+00
-1.0011845827e+00
-1.1769514084e+00
-7.4771809578e-01
-5.1130157709e-01
1.1269915104e+00
1.9129741192e+00
1.4439653158e+00
4.5613247156e-01
8.4691804647e-01
1.1346349716e+00
3.2823336124e+00
1.7747300863e+00
1.9655414820e+00
-3.1716542244e+00
-1.7137467861e+00
7.9384750128e-01
9.5032674074e-01
-8.3650994301e-01
-1.8059928417e+00
-1.1389238834e+00
-1.8522155285e+00
-6.9848084450e-01
-1.2051485777e+00
1.8713914156e+00
1.8639725447e+00
1.2080115080e+00
1.5777113438e+00
2.5122773647e+00
-3.1997033954e-01
-4.0479955077e-01
-9.5841705799e-01
-1.5239509344e+00
2.4367600679e-01
1.1072338820e+00
-1.2339616567e-01
-1.1783946753e+00
-2.1261398792e+00
-1.2689342499e+00
-2.4651172161e+00
-2.1422412395e+00
6.7338085175e-01
-4.9859586358e-01
8.1832977012e-03
1.1438728571e+00
2.3944957554e-01
1.2305104733e+00
6.2293249369e-01
1.7095153034e-01
-1.6522607803e+00
-7.3140203953e-01
7.9427087307e-01
-9.2226767540e-01
-2.7800473571e-01
-3.1623011827e-01
2.0103479922e-01
5.8360093832e-01
4.4271835685e-01
6.2856936455e-01
1.2864427567e+00
2.6228666306e+00
1.0884355307e+00
-3.5781052709e-01
-8.6484983563e-02
-1.1901904345e+00
-1.3887948990e+00
-1.1656255722e+00
1.2408680469e-01
1.0592821836e+00
-1.2391917408e-01
-3.7010376453e+00
-1.6145375967e+00
2.5351452827e-01
6.6828781366e-01
-3.7442722917e-01
2.3728197813e-01
1.8739292622e+00
1.2410480976e+00
-7.8356474638e-02
1.1489086151e+00
5.8965981007e-01
-5.0403493643e-01
-8.8690757751e-02
1.3407881260e+00
-2.0783302784e+00
-6.0406662524e-02
1.5340516344e-02
-1.0613610744e+00
-1.8023507595e+00
-5.7804334164e-01
-2.5553834438e-01
-1.6492269933e-01
-2.6558449864e-01
-1.0110464096e+00
2.9749610424e+00
1.1001625061e+00
6.4973598719e-01
-6.7485910654e-01
6.3538587093e-01
-1.3318363428e+00
4.5339986682e-01
6.9714325666e-01
3.7907510996e-01
4.7763791680e-01
5.8240568638e-01
-5.1927620173e-01
-1.0269305706e+00
-3.0143859386e+00
-3.7125592232e+00
-4.1411408782e-01
4.0243619680e-01
5.5833607912e-01
1.6020119190e+00
2.0580787659e+00
8.5075263977e+00
1.4227992296e+00
-7.8828394413e-01
-8.4798896313e-01
-8.6649155617e-01
7.7408570051e-01
1.0052616596e+00
-2.2669479847e+00
-1.9667572975e+00
-7.8197991848e-01
5.7076388597e-01
8.9537894726e-01
-6.9335997105e-01
-7.1529853344e-01
-1.0114966631e+00
-1.4778228998e+00
4.0854519606e-01
-7.7113515139e-01
-1.2710814476e+00
-1.9418541193e+00
-3.1475344300e-01
-4.3744704127e-01
2.3004172742e-01
-3.1517703086e-02
1.3417398930e+00
3.5764259100e-01
1.0811178684e+00
2.4919970036e+00
1.3989768028e+00
5.7020461559e-01
-2.0336802006e+00
-3.4731371403e+00
-2.8604133129e+00
-1.5456769466e+00
-1.7019629478e+00
-8.7891310453e-01
1.4991556108e-01
1.8526815176e+00
-6.9991812110e-02
-1.6297993660e+00
7.6080465317e-01
4.2634809017e-01
-9.9877685308e-01
-3.5624740124e+00
-5.2885890007e+00
1.1689397097e+00
7.3164272308e-01
5.7887053490e-01
3.4428507090e-01
4.5168161392e-01
1.4455137253e+00
-9.1616696119e-01
-1.3920983672e-01
-3.7384790182e-01
-5.0150978565e-01
-3.5896691680e-01
-2.0392754078e+00
-4.1076483727e+00
-5.1174753904e-01
3.8282874227e-01
-1.3218269348e+00
-8.6182159185e-01
-1.5529776812e+00
-4.2118182778e-01
-1.9997099638e+00
2.6582589149e+00
1.2766157389e+00
-5.0743156672e-01
2.2599013150e-01
-1.0489741564e+00
-1.0350655317e+00
7.2221237421e-01
3.0946824551e+00
4.1202306747e-01
-6.8784886599e-01
-9.5864850283e-01
5.1695477962e-01
1.5539871454e+00
1.2592465878e+00
3.6478033662e-01
1.3963605464e-01
-3.2056629658e-01
-1.3962997198e+00
-4.5944544673e-01
-1.1410300732e+00
8.3787286282e-01
2.0862318575e-01
-2.4920847416e+00
-1.2818729877e+00
-1.0252538919e+00
1.6011645794e+00
1.0744957924e+00
-1.3215012550e+00
-2.0520887375e+00
-1.1366337538e+00
-2.0398364067e+00
-2.8269016743e+00
-1.9712437391e+00
-7.8140848875e-01
3.2219213247e-01
-1.8664532900e+00
-9.4707232714e-01
8.0265009403e-01
-2.2213760018e-01
-1.1713169813e+00
1.7234117985e+00
1.9796311855e-01
-9.1340851784e-01
-3.8542765379e-01
1.6989225149e+00
2.0994765759e+00
1.6760203838e+00
2.9097642899e+00
3.4171755314e+00
4.5930500031e+00
1.1338098049e+00
-3.7482669950e-01
-1.1287280321e+00
1.3313724101e-01
1.4542976618e+00
-1.0084713697e+00
-1.2348771095e+00
-8.4284508228e-01
-8.4323084354e-01
-5.2740953863e-02
2.1347346306e+00
-1.7507394552e+00
-1.9667890072e+00
5.0632640719e-02
1.0143842697e+00
-1.1655198336e+00
-4.6675583720e-01
-1.4542202950e+00
-6.7532408237e-01
-3.0385223031e-01
-1.7856576443e+00
-1.8231160939e-01
1.5184781551e+00
1.2604352236e+00
4.8820242286e-01
-9.3426090479e-01
-7.0113408566e-01
-1.7012201250e-01
-4.1187188029e-01
-8.5395783186e-01
-2.0902252197e+00
-5.2784770727e-01
1.1295076609e+00
2.0750362873e+00
8.9342045784e-01
-2.3043150902e+00
-2.2843332291e+00
8.0119341612e-01
-2.2875422239e-01
-1.6860766411e+00
-1.5159179270e-01
2.1977911890e-01
-2.0394604206e+00
-2.9741764069e-01
6.3173949718e-01
-2.1667826176e-01
2.0840731263e-01
1.4882248640e+00
6.0879588127e-01
-1.7865818739e+00
-3.1626212597e-01
-4.5541962981e-01
-5.0782670975e+00
-2.9306297302e+00
-9.2250478268e-01
1.3416610956e+00
-1.3544076681e-01
-6.7606163025e-01
3.2605680823e-01
1.5942893028e+00
-1.8079221249e-01
5.3316116333e-01
-1.7990794778e-01
1.2450292110e+00
6.6042083502e-01
2.9545782600e-03
2.0404415131e+00
3.4970035553e+00
8.1585466862e-01
2.2964344025e+00
8.1175071001e-01
1.1697572470e+00
2.0859069824e+00
2.0274596214e+00
2.8610250950e+00
-7.9225826263e-01
-4.3104726076e-01
-5.6434267759e-01
-8.8535362482e-01
3.0921652913e-01
-1.9537222385e+00
-1.7322285175e+00
-1.5256556273e+00
-1.6508647203e+00
1.0214499235e+00
-4.9466669559e-01
-9.0935075283e-01
-7.9578447342e-01
-3.6966508627e-01
-1.9064158201e+00
-2.8559370041e+00
-1.5346177816e+00
3.5822430253e-01
-5.9280437231e-01
-9.8415650427e-02
5.6369978189e-01
5.6915992498e-01
2.7107367516e+00
7.1453350782e-01
9.9835747480e-01
2.7288490534e-01
-1.2544441223e-01
-4.4541454315e-01
6.0732561350e-01
1.7010176182e+00
-3.3909184933e+00
-1.0546092987e+00
-7.1056717634e-01
-5.5088627338e-01
4.7203072906e-01
-8.5643243790e-01
-6.1553150415e-01
-1.0530603677e-01
2.0529921055e+00
7.5448431969e+00
-1.6706072092e+00
-1.0204844475e+00
-8.5195285082e-01
3.7691992521e-01
7.4943743646e-02
-1.3809956312e+00
-6.7659787834e-02
-4.4992342591e-02
-1.4076929092e+00
-2.2421979904e+00
3.3965795040e+00
3.4984579086e+00
3.2308084965e+00
2.3157441616e+00
3.6101744175e+00
-2.0681605339e+00
1.3842117786e-01
-1.9808503985e-01
-1.1257168055e+00
3.4815478325e-01
-2.7123699188e+00
-4.8984310031e-01
-1.8110269308e+00
-2.7441585064e+00
-6.3577556610e-01
-7.8876519203e-01
-7.1217590570e-01
-1.6108317375e+00
-1.3047515154e+00
4.7190228105e-01
-1.1575018167e+00
-8.7414789200e-01
-2.3378840089e-01
4.5753398538e-01
-9.8129755259e-01
-1.6966158152e+00
6.2985432148e-01
5.4250770807e-01
-9.4029217958e-01
-2.6186878681e+00
-1.9868059158e+00
-1.6428697109e+00
-8.0423784256e-01
-1.2686438560e+00
-9.9841505289e-01
-6.1235225201e-01
1.1503456533e-01
4.9713283777e-01
1.8445427716e-01
1.0905700922e-01
5.8699136972e-01
2.5087714195e-01
3.9840960503e-01
5.5058282614e-01
-3.7807869911e-01
3.0083377361e+00
1.9077401161e+00
1.5321412086e+00
6.4469647408e-01
1.2865153551e+00
-1.3909076154e-01
7.7057915926e-01
4.9254707992e-02
1.3048180342e+00
3.6887821555e-01
1.6710247993e+00
2.0164496899e+00
1.1966403723e+00
1.9118876457e+00
1.0826048851e+00
1.9715286493e+00
1.7585747242e+00
-6.4380228519e-01
-1.9824901819e+00
-2.3560221195e+00
-2.2907023430e+00
-2.0648093224e+00
-1.5165042877e+00
-2.1011061668e+00
-2.0097293854e+00
5.8349162340e-01
-1.0355021954e+00
-1.0302286148e+00
-1.9831502438e-01
2.7636232972e-01
-8.3618515730e-01
1.0890500247e-01
9.9439805746e-01
1.9310259819e-01
6.8275517225e-01
8.3103114367e-01
3.7968194485e-01
4.1127997637e-01
-1.6453494132e-01
-2.9211959243e-01
1.3946007490e+00
-1.3336803913e+00
-5.4728180170e-01
-3.7770959735e-01
1.0360738039e+00
1.1795190573e+00
8.8539004326e-01
2.1426727772e+00
1.7094833851e+00
1.7500894070e+00
1.7793595791e+00
1.0158874989e+00
5.7971096039e-01
-4.5773810148e-01
-2.2330178320e-01
4.1484434158e-02
-2.6851919293e-01
-7.3297780752e-01
2.4973353371e-02
-1.7747628689e-01
5.4000258446e-02
5.7264959812e-01
-7.1932658553e-02
-2.8512194753e-01
-1.1258023977e-01
2.3817255497e+00
2.9265096784e-01
-4.1128858924e-01
2.8434252739e+00
3.4376888275e+00
3.1111938953e+00
1.0121456385e+00
-1.0425392389e+00
-1.1103141308e+00
1.4687737226e+00
1.3595875353e-02
2.8877744079e-01
6.6136759520e-01
6.4943313599e-01
4.7846531868e-01
6.1298626661e-01
-2.9662895948e-02
3.6666819453e-01
1.4713182449e+00
-6.4957916737e-01
-1.1689671278e+00
-6.4322167635e-01
-1.3665813208e+00
-1.4783090353e+00
-3.7821257114e-01
-1.0706343651e+00
-5.2781033516e-01
-2.3169790208e-01
-6.2429040670e-01
-5.9890335798e-01
2.2866847515e+00
1.2998323441e+00
1.1382185221e+00
1.5006258488e+00
1.0770437717e+00
-8.7234097719e-01
-7.2158282995e-01
-5.2305042744e-01
-2.4040153623e-01
-1.5302367210e+00
1.4783514738e+00
-8.5231864452e-01
-1.0754899979e+00
-2.5752991438e-01
8.4373623133e-01
4.8329362273e-01
7.7231615782e-01
2.0180830956e+00
2.9904322624e+00
8.6047190428e-01
-3.4373751283e-01
-3.0309396982e-01
5.9359288216e-01
6.9837164879e-01
7.4200654030e-01
-3.4424543381e-02
-3.6211252213e-01
2.3187977076e-01
4.3953570724e-01
4.6279534698e-02
-3.0690145493e-01
-1.4651842117e+00
-8.0142229795e-01
8.9334720373e-01
1.3429803848e+00
9.8912687972e-03
-7.2872924805e-01
-2.3660111427e-01
-1.5765391588e+00
-8.7674364448e-02
1.2757588625e+00
-1.0753105879e+00
-6.3404899836e-01
3.3557608724e-01
-4.0706568956e-01
1.4442077875e+00
2.7804458141e+00
2.6642827988e+00
3.7299404144e+00
1.7340085506e+00
1.2776005268e+00
2.3413329124e+00
3.8191969395e+00
4.6951489449e+00
3.2805531025e+00
-3.4189717770e+00
-9.6824181080e-01
8.5944432020e-01
-3.7300558090e+00
-2.4430119991e+00
3.9100799561e+00
5.7935589552e-01
-6.9269692898e-01
1.1263706535e-01
3.4420282841e+00
2.2128601074e+00
7.4538195133e-01
1.8690494299e+00
1.0994187593e+00
1.6036003828e+00
-3.8571329117e+00
-3.0151526928e+00
-2.6881170273e+00
-8.5099804401e-01
-1.6859021783e-01
-2.3151822090e+00
-1.3184269667e+00
-1.5959113836e-01
-1.8430998921e-01
1.0461447239e+00
-5.8414168358e+00
-3.7533845901e+00
1.3175982237e+00
-2.1091760695e-01
-2.3702740669e+00
-6.3704043627e-01
1.6875724494e-01
7.8348428011e-02
-6.7050796747e-01
-5.4933971167e-01
-1.9007959366e+00
-2.4157967567e+00
-2.4720425606e+00
-1.0999839306e+00
-1.6056414843e+00
-2.4075083733e+00
-5.7378870249e-01
1.0273922682e+00
6.3450947404e-02
-9.6163260937e-01
-1.7965446711e+00
-7.0370292664e-01
-1.8148277700e-01
-1.4173520803e+00
-2.3222980499e+00
2.7014768124e-01
3.4347552061e-01
2.2830733657e-01
5.1473027468e-01
-5.4953098297e-02
1.6609230042e+00
2.2569761276e+00
3.0250325203e+00
3.2367331982e+00
1.5107613802e+00
3.6794340611e+00
1.6078263521e+00
3.5706908703e+00
6.4196939468e+00
4.0193214417e+00
5.9263896942e-01
1.3486849070e+00
-6.9288164377e-01
-4.4054162502e-01
-1.1877346039e+00
2.4103572369e+00
4.9274773598e+00
6.2797129154e-01
-4.5576611161e-01
7.9277467728e-01
-1.3300156593e+00
-7.1730875969e-01
2.7336010709e-02
2.3150317371e-01
-1.9824956357e-01
2.0767010748e-01
1.1535749435e+00
7.0236343145e-01
1.0882980824e+00
6.1857473850e-01
1.8641704321e+00
7.6322466135e-01
1.3500708342e+00
-5.4867118597e-01
8.9443725348e-01
-2.9876763821e+00
-3.1832883358e+00
-1.5697690248e+00
-1.9201992750e+00
-3.1349527836e+00
3.2078805566e-01
8.0493366718e-01
7.4089288712e-01
5.0759154558e-01
-7.7736958861e-02
1.1163176298e+00
1.4839017391e+00
1.3296201229e+00
5.4146593809e-01
-4.3665997684e-02
-7.0781719685e-01
-2.6865372658e+00
-1.3411442935e-01
-9.6970397234e-01
-4.5938178897e-01
1.1927161217e+00
6.8961268663e-01
-5.1858514547e-01
5.4197227955e-01
1.4029996395e+00
-5.8655905724e-01
1.4203710556e+00
2.3294117451e+00
1.6792383194e+00
1.0376644135e+00
2.4947457314e+00
1.4627163410e+00
-5.0687037408e-02
-2.5366744399e-01
7.2028136253e-01
6.8005704880e-01
4.4686812162e-01
-1.6929965019e+00
3.4778714180e-01
4.3642967939e-01
1.6086481810e+00
4.5346932411e+00
3.5925424099e+00
3.4138512611e+00
3.1726524830e+00
1.8917295933e+00
1.7250614166e+00
-8.9150946587e-03
-1.4164917469e+00
-2.8973991871e+00
-7.9829865694e-01
9.0677702427e-01
1.3331280947e+00
-1.0570353270e+00
-1.6353927851e+00
-2.7819523811e+00
-1.2882604599e+00
1.8254220486e-01
1.5671201944e+00
1.6353023052e+00
1.0010094643e+00
4.5629999042e-01
-5.8713853359e-01
1.7950893380e-03
-6.7340868711e-01
2.0599877834e+00
9.6524578333e-01
1.0543943644e+00
2.2402832508e+00
2.3951151371e+00
-4.2901878357e+00
-1.7049422264e+00
-2.2566196322e-01
6.4902770519e-01
7.9944425821e-01
1.9061284065e+00
2.0582478046e+00
-2.4298906326e-01
-6.1475855112e-01
-1.9710220098e+00
-1.8264995813e+00
-2.3248624802e+00
-1.7016160488e+00
-1.0236380100e+00
-2.4738059938e-01
-1.0125795603e+00
-3.1183600426e+00
-2.9051735401e+00
-3.0090887547e+00
-2.3636574745e+00
7.1664887667e-01
4.4380858541e-01
1.1025654078e+00
9.9636293948e-02
5.0548571348e-01
3.5214962959e+00
2.8863906860e+00
2.4988882542e+00
1.4134533405e+00
2.0886929035e+00
-4.3847513199e+00
-1.2258183956e+00
2.6330003142e-01
7.5221866369e-01
4.1062925011e-03
-6.5906047821e-01
-1.8634670973e+00
-1.6670445204e+00
-6.3248670101e-01
-6.8502199650e-01
4.0153077245e-01
1.1491893530e+00
-4.0890660882e-01
6.8661183119e-01
8.9783543348e-01
-1.3882651925e-01
-1.1589550972e+00
-1.0566579103e+00
-1.3513337374e+00
-1.2554768324e+00
-1.9592556953e+00
-3.1147763729e+00
-2.5934002399e+00
-1.8807467222e+00
2.8310716152e-01
-4.4226232171e-01
-2.3210825026e-01
-1.5312330723e+00
7.8867942095e-02
-3.1539720297e-01
-1.5424169302e+00
-2.5449697971e+00
-2.8454463482e+00
-6.4833492041e-01
1.7937968969e+00
-2.6204025745e+00
-3.3437130451e+00
-2.6580450535e+00
-1.5371452570e+00
1.5454421043e+00
1.2758330107e+00
8.9740669727e-01
2.7440145016e+00
-1.1545855552e-01
-7.2666460276e-01
-2.3559405804e+00
-2.3545610905e-01
3.7661362439e-02
1.3470095396e+00
2.7485830784e+00
-3.9317125082e-01
-1.4973919392e+00
7.0437771082e-01
-6.0096544027e-01
-2.2535524368e+00
2.1917998791e+00
-4.8518010974e-01
-3.7750251293e+00
-1.7452117205e+00
1.3573027849e+00
1.2210519314e+00
1.1291273832e+00
1.7514380813e-01
3.0328211188e-01
-8.9551925659e-01
-3.4060817957e-01
-5.1673448086e-01
9.2654898763e-02
-2.4557350576e-01
3.9643890858e+00
-3.0507128239e+00
-3.6034150124e+00
-8.5313957930e-01
8.0572545528e-01
3.7198957801e-01
-1.1926774979e+00
-5.7646995783e-01
-2.0321035385e+00
-8.2879674435e-01
-2.1625638008e-01
2.9683640003e+00
6.6456282511e-03
1.0745940208e+00
7.7423179150e-01
1.0627368689e+00
3.1705067158e+00
2.2939441204e+00
1.0677670240e+00
-1.4172818661e+00
-8.3992201090e-01
2.4406929314e-01
-2.2298839688e-01
9.1689145565e-01
1.2004204988e+00
1.3947948217e+00
2.4392356873e+00
1.3311158419e+00
-4.7716861963e-01
5.4672902822e-01
1.4652408659e-01
-6.2402462959e-01
-2.1245994568e+00
-2.6396393776e+00
5.7923346758e-02
-2.8825145960e-01
4.6046435833e-01
-6.3637167215e-01
-2.4224811792e-01
-4.3224743009e-01
-5.6302011013e-01
-2.5496945381e+00
2.3979368806e-01
6.4416694641e-01
-2.3815055192e-01
1.4951763675e-02
3.2930853367e+00
2.4071538448e+00
3.6280376911e+00
6.7614799738e-01
-1.1692094058e-01
1.3038574159e-01
-1.0661075115e+00
-1.7793198824e+00
1.8288506567e-01
1.9436361790e+00
2.5502452850e+00
1.5094857216e+00
4.5265504718e-01
1.1231061220e+00
1.6809914112e+00
-1.3657549620e+00
5.7159221172e-01
-8.6191916466e-01
-9.2231196165e-01
-1.5971572399e+00
7.9750329256e-01
6.4980399609e-01
8.9329439402e-01
1.0295380354e+00
1.9623477459e+00
1.4377076626e+00
2.8751003742e+00
1.6999317408e+00
1.7678248882e+00
3.1784439087e+00
-8.2200038433e-01
-7.3558241129e-01
-1.0481736660e+00
-7.2844320536e-01
-6.7278176546e-01
-1.7816212177e+00
-1.4813092947e+00
-7.5499868393e-01
-2.5734236240e+00
-2.4481606483e+00
-7.6378291845e-01
-9.6739083529e-01
-1.2555855513e+00
-7.4837535620e-01
-1.2332224846e+00
7.4307852983e-01
1.0471808910e+00
6.4986956120e-01
-1.6355613470e+00
-2.4412906170e+00
-4.7705188394e-01
1.7811509371e+00
1.9991300106e+00
-6.3449382782e-01
-5.0159227848e-01
-6.1288815737e-01
2.3323929310e-01
2.2449094057e-01
2.3507565260e-01
-9.7090536356e-01
2.6889684200e+00
-3.4490790963e-01
1.8039867282e-01
-6.2913864851e-01
6.6371965408e-01
-2.5983231068e+00
-1.3874398470e+00
-2.1066622734e+00
4.5921900868e-01
-4.6483039856e-01
-9.2635318637e-02
6.9089430571e-01
7.4256533384e-01
8.5338395834e-01
4.8833098412e+00
4.6787377447e-02
1.6558245420e+00
9.0297383070e-01
3.3363568783e+00
1.0508863926e+00
-2.7605468035e-01
1.4845632017e-01
-1.8431925774e-01
3.0897542834e-01
8.1725370884e-01
8.0729651451e-01
8.3415979147e-01
5.5678212643e-01
-6.2923616171e-01
-6.7624598742e-02
4.3460065126e-01
1.2066524029e+00
1.3281846046e+00
1.5153822899e+00
2.5920071602e+00
-1.3151234388e+00
-2.6982138157e+00
-3.8076272011e+00
-2.8093760014e+00
-1.1377304792e+00
-4.0969753265e+00
-2.9251027107e+00
-1.7123833895e+00
-1.5709694624e+00
-6.3139468431e-02
1.5990561247e-01
1.2392185926e+00
1.9525521994e+00
1.1739459038e+00
2.5900285244e+00
3.8182125092e+00
1.3366781473e+00
1.8041498661e+00
-3.4464663267e-01
1.8273721635e-01
1.3049637079e+00
1.0877482891e+00
1.1863067150e+00
1.8528549671e+00
5.9214801788e+00
-2.0691080093e+00
-1.8322604895e+00
6.5208017826e-01
5.9795516729e-01
-7.0820194483e-01
-1.8064812422e+00
2.8576084971e-01
2.9129471779e+00
4.9390754700e+00
-7.2878070176e-02
-6.3028985262e-01
-5.1709485054e-01
1.5108889341e+00
-1.4430406690e-01
1.0704048872e+00
1.4632480145e+00
6.9925540686e-01
-5.2868562937e-01
1.1052442789e+00
-2.8009998798e-01
4.6164016724e+00
9.5434403419e-01
-2.6708021164e+00
-1.3804564476e+00
-8.7494766712e-01
-5.2673321962e-01
-6.7918568850e-01
1.5892966986e+00
1.1857302189e+00
1.1014915705e+00
1.5230529308e+00
-4.4962939620e-01
1.1730403900e+00
1.7897257209e-01
-3.2328791618e+00
-4.5722252131e-01
1.4409025908e+00
1.8939423561e+00
9.4200670719e-01
-1.8518216610e+00
-1.4515058994e+00
-1.0528749228e+00
-8.4688127041e-01
2.1389770508e+00
4.4046697617e+00
9.7566503286e-01
-7.1990084648e-01
-7.3258256912e-01
-5.1715899259e-02
6.0303956270e-01
2.6841089129e-01
-1.3915297985e+00
-1.6790091991e+00
-5.6535351276e-01
1.2768433094e+00
2.7117392421e-01
-3.6582180858e-01
1.1566945165e-01
1.0455266237e+00
1.7818245888e+00
-9.9414479733e-01
-3.6575666070e-01
-1.5245637298e-01
1.1496278048e+00
3.7110012770e-01
-1.0314507484e+00
5.9493136406e-01
-7.6954364777e-01
1.3404679298e-01
1.5651530027e+00
2.2646880150e+00
-6.3423562050e-01
-2.7521674633e+00
-1.0185810328e+00
-8.1216907501e-01
2.0951914787e-01
7.4756872654e-01
2.1613132954e+00
1.4469009638e+00
-9.1878339648e-02
2.5600051880e+00
7.9813498259e-01
3.2056510448e-02
-1.6060326099e+00
-1.5582010746e+00
-5.7221264839e+00
-1.4663183689e+00
-3.3129584789e-01
-1.5334208310e-01
1.7844136059e-01
-1.3143591583e-01
3.1979814172e-01
1.7691348791e+00
3.6119490862e-01
-1.4306410551e+00
-2.2494918108e-01
4.5049745589e-02
6.5725535154e-01
1.1617829800e+00
8.0806189775e-01
2.6902196407e+00
7.3108953238e-01
-7.9379910231e-01
-9.7337108850e-01
-1.2560805082e+00
-2.7928721905e-01
7.4278110266e-01
-1.1982116699e+00
-2.5669727325e+00
-2.3517274857e+00
1.8463821411e+00
1.0707942247e+00
-9.6141242981e-01
-1.7809751034e+00
-4.4420602918e-01
-1.1208778620e+00
-5.2731019258e-01
-2.7886778116e-03
1.1689528227e+00
8.1596404314e-02
-1.2095658779e+00
-1.5417928696e+00
-2.6525893211e+00
5.8062499762e-01
1.7677406073e+00
-6.2601590157e-01
9.1501402855e-01
3.1317527294e+00
1.7251454592e+00
-8.2973754406e-01
1.2735694647e+00
-7.7869701385e-01
-7.3929595947e-01
5.9457480907e-01
3.0377502441e+00
-3.4351048470e+00
-1.0134424083e-03
1.7781931162e+00
9.8421686888e-01
-1.4020185471e+00
4.5075532794e-01
1.1753641069e-01
-7.7004539967e-01
-1.7899826765e+00
-1.1516504288e+00
-6.6468447447e-01
3.9978438616e-01
-9.5191188157e-02
-8.4261816740e-01
2.0652179718e+00
-1.7488651276e+00
-3.0024403334e-01
3.7206593156e-01
1.0401663780e+00
7.8996425867e-01
2.2296531498e-01
-6.4783447981e-01
-8.9352113008e-01
2.4530376494e-01
1.4833630323e+00
2.0075678825e-01
-1.0120972246e-01
-2.2410235405e+00
-9.4085174799e-01
8.8168197870e-01
-1.8495975435e-01
3.6942389607e-01
-1.2374755144e+00
2.2511281967e+00
5.0072050095e-01
2.8029584885e-01
1.9071028233e+00
2.1706576347e+00
2.1945190430e+00
-5.4697793722e-01
-1.7069000006e+00
-8.5607230663e-01
6.4821708947e-03
1.7265375853e+00
2.5971486568e+00
2.5891046524e+00
2.6069073677e+00
-1.2660331726e+00
-1.2059112787e+00
5.7353466749e-01
1.1210927963e+00
4.4311699271e-01
1.7793250084e+00
9.8808750510e-02
3.6286190152e-01
1.6226863861e+00
1.0174880028e+00
-6.7220741510e-01
-6.8126237392e-01
-3.2617726922e-01
3.2470375299e-01
-1.6129139662e+00
-1.7119379044e+00
1.1746684462e-01
1.6765435934e+00
-9.1532588005e-01
-5.1552325487e-01
7.7645236254e-01
2.1468956470e+00
2.4447879791e+00
4.1003904343e+00
1.1454679966e+00
-2.1426984668e-01
-3.6880409718e-01
2.6090707779e+00
7.2569198906e-02
-1.1151582003e-02
3.4295383096e-01
6.4375114441e-01
1.4782059193e+00
-2.0241749287e+00
-2.5072190762e+00
6.9200769067e-02
-4.0569302440e-01
-1.6019008160e+00
9.2158496380e-02
6.4281582832e-01
1.6302790642e+00
8.6839389801e-01
1.0214056969e+00
1.0693614483e+00
1.1202546358e+00
1.0829457045e+00
-5.9864604473e-01
2.0274838805e-01
-1.8386904001e+00
-2.7851521969e+00
-2.0437378883e+00
-9.6675860882e-01
1.0308001041e+00
-5.0793612003e-01
-1.2152013183e-01
-3.2002207637e-01
-4.9295356870e-01
-1.9225622416e+00
-2.8678586483e+00
-2.4303317070e+00
-1.1813379526e+00
-8.7350338697e-01
-9.8373794556e-01
4.6491045952e+00
1.5818605423e+00
8.7465876341e-01
-1.5292150974e+00
-1.7848209143e+00
1.9443695545e+00
1.0804345608e+00
6.4273148775e-01
1.9601678848e-01
-6.6683590412e-01
-2.8144481778e-01
-1.6912593842e+00
1.3067306578e-01
-1.7889678478e+00
-6.1980247498e-01
-2.7497432232e+00
-1.5467413664e+00
7.9683488607e-01
1.0050671101e+00
2.4420057237e-01
1.5762788057e+00
-1.6689189672e+00
-4.0518655777e+00
-3.9772930145e+00
-6.4413416386e-01
1.4582825899e+00
9.5797711611e-01
3.7175762653e-01
1.2327013016e+00
4.2009263039e+00
-3.2852637768e-01
-1.3882817030e+00
4.6003326774e-01
2.0871772766e+00
4.1386828423e+00
1.0810261965e+00
-1.5826876163e+00
-1.3036872149e+00
-6.0765212774e-01
1.8603659868e+00
6.9204196334e-02
1.0028702021e+00
-3.6403250694e-01
-2.4763743579e-01
-4.2609772086e-01
-1.1564636230e+00
-1.5852626562e+00
-7.7388328314e-01
4.7320801020e-01
1.0093840361e+00
-1.6112875938e+00
-1.3657710552e+00
-1.1581351757e+00
-2.3914663792e+00
-4.4354715943e-01
-2.7558143139e+00
-1.4410276413e+00
-8.7244790792e-01
-1.9534225464e+00
-2.1107571125e+00
-3.5286653042e+00
7.7793762088e-02
2.1493217945e+00
2.2370107174e+00
1.1098302603e+00
-3.5380584002e-01
3.6354371905e-01
2.4996767044e+00
2.0795366764e+00
1.3087725267e-02
8.3286505938e-01
8.7948554754e-01
1.5993294716e+00
1.1781511307e+00
2.1079189777e+00
-9.5683631897e+00
-3.3756754398e+00
9.6662953496e-02
2.5120884180e-01
2.1128144860e-01
-9.4988755882e-02
8.3118550479e-02
-2.0680239797e-01
1.6017080545e+00
2.2801883221e+00
1.7503412962e+00
4.7120121121e-01
7.5817668438e-01
1.8692628145e+00
4.1841692924e+00
